accepted,actor_loss,alpha,critic_loss_1,critic_loss_2,elapsed_seconds,energy,entropy,environment_step,episode_id,episode_step,fallback,fallback_reason,gradient_norm,mission_phase,q_value_exec,reward,zonotope_volume
1,,,,,0.0021068089990876615,29.98797044224193,,1,0,1,0,,,OUTBOUND,,0.019918987147018074,
1,,,,,0.003952617000322789,29.975894944801027,,2,0,2,0,,,OUTBOUND,,0.025800119613240323,
1,,,,,0.0057423080143053085,29.96381401608431,,3,0,3,0,,,OUTBOUND,,-0.013055333719081741,
1,,,,,0.007197767001343891,29.951695373278415,,4,0,4,0,,,OUTBOUND,,0.001297772986796097,
1,,,,,0.00824271302553825,29.939615476738037,,5,0,5,0,,,OUTBOUND,,0.05415182138456839,
1,,,,,0.00922542400076054,29.927518427963186,,6,0,6,0,,,OUTBOUND,,0.0544415181344977,
1,,,,,0.010227402002783492,29.91544552997418,,7,0,7,0,,,OUTBOUND,,0.022926603569104306,
1,,,,,0.011447616008808836,29.903398785592973,,8,0,8,0,,,OUTBOUND,,0.01966907512597267,
1,,,,,0.01259332601330243,29.89132473256009,,9,0,9,0,,,OUTBOUND,,0.027500371359029958,
1,,,,,0.013491807010723278,29.879267193878885,,10,0,10,0,,,OUTBOUND,,0.01367271607862058,
1,,,,,0.014420645020436496,29.86721405474334,,11,0,11,0,,,OUTBOUND,,-0.029399077107123923,
1,,,,,0.01565470002242364,29.85513397651385,,12,0,12,0,,,OUTBOUND,,-0.0552781664775846,
1,,,,,0.016505359002621844,29.843040581998785,,13,0,13,0,,,OUTBOUND,,-0.04114717351311234,
1,,,,,0.017801654001232237,29.83093085699208,,14,0,14,0,,,OUTBOUND,,-0.006798734848106334,
1,,,,,0.018944570008898154,29.81880757210008,,15,0,15,0,,,OUTBOUND,,-0.005293482232838989,
1,,,,,0.019814348022919148,29.806672699380716,,16,0,16,0,,,OUTBOUND,,-0.02435924195718722,
1,,,,,0.02167910902062431,29.79450269829436,,17,0,17,0,,,OUTBOUND,,0.005304934540579533,
1,,,,,0.02253248300985433,29.782329312994584,,18,0,18,0,,,OUTBOUND,,0.006099878566935499,
1,,,,,0.023410246009007096,29.770131795610602,,19,0,19,0,,,OUTBOUND,,-0.04464116625013189,
1,,,,,0.024204391025705263,29.757873518525606,,20,0,20,0,,,OUTBOUND,,-0.05094831441545252,
1,,,,,0.025211530999513343,29.74566592682567,,21,0,21,0,,,OUTBOUND,,-0.06414004280094736,
1,,,,,0.026175011007580906,29.733418482510032,,22,0,22,0,,,OUTBOUND,,-0.07651435407187854,
1,,,,,0.027215803012950346,29.72122468294236,,23,0,23,0,,,OUTBOUND,,-0.04471070846370595,
1,,,,,0.028437997010769323,29.70898235877375,,24,0,24,0,,,OUTBOUND,,-0.06552762320013983,
1,,,,,0.03017981900484301,29.69677135432414,,25,0,25,0,,,OUTBOUND,,-0.11585236559527158,
1,,,,,0.03191862101084553,29.684563812405713,,26,0,26,0,,,OUTBOUND,,-0.11024375798148842,
1,,,,,0.03368306401534937,29.67232504815873,,27,0,27,0,,,OUTBOUND,,-0.07209545962030423,
1,,,,,0.03549103802652098,29.66014634152734,,28,0,28,0,,,OUTBOUND,,-0.030676748021617416,
1,,,,,0.03733097302028909,29.64795569566309,,29,0,29,0,,,FAILURE,,-0.04595120364884886,
1,,,,,0.03994148000492714,29.987982532809955,,30,1,1,0,,,OUTBOUND,,-0.010014755334787406,
1,,,,,0.04118622001260519,29.975925113614498,,31,1,2,0,,,OUTBOUND,,-0.03648969028304408,
1,,,,,0.04203859402332455,29.963834298870164,,32,1,3,0,,,OUTBOUND,,-0.06670283896736001,
1,,,,,0.04375979202450253,29.951704609589996,,33,1,4,0,,,OUTBOUND,,-0.05200083635163286,
1,,,,,0.04560882202349603,29.939565330928193,,34,1,5,0,,,OUTBOUND,,-0.029212538473420625,
1,,,,,0.047336577001260594,29.927438705033296,,35,1,6,0,,,OUTBOUND,,-0.024836157899712535,
1,,,,,0.04913003501133062,29.915374330085324,,36,1,7,0,,,OUTBOUND,,-0.0182711267683203,
1,,,,,0.05053568902076222,29.9032558814371,,37,1,8,0,,,OUTBOUND,,-0.04115713436686028,
1,,,,,0.051499475026503205,29.89115586344932,,38,1,9,0,,,OUTBOUND,,-0.0769352489784568,
1,,,,,0.05242979500326328,29.879025743394195,,39,1,10,0,,,OUTBOUND,,-0.11354762288326264,
1,,,,,0.05331388101330958,29.866898125130454,,40,1,11,0,,,OUTBOUND,,-0.13082438403788638,
1,,,,,0.05430187500314787,29.854762432531942,,41,1,12,0,,,OUTBOUND,,-0.09686713623888073,
1,,,,,0.055274575017392635,29.8426787559096,,42,1,13,0,,,OUTBOUND,,-0.07633890297111844,
1,,,,,0.056275390001246706,29.830548216815487,,43,1,14,0,,,OUTBOUND,,-0.08877877408857267,
1,,,,,0.05751568402047269,29.818384485188883,,44,1,15,0,,,OUTBOUND,,-0.10987123319681548,
1,,,,,0.05842457400285639,29.806164740698335,,45,1,16,0,,,OUTBOUND,,-0.11094721855972418,
1,,,,,0.05944175602053292,29.79403443460305,,46,1,17,0,,,OUTBOUND,,-0.10144343013626127,
1,,,,,0.0605067610158585,29.781948303141757,,47,1,18,0,,,OUTBOUND,,-0.10460658788669511,
1,,,,,0.06138009301503189,29.769857397906964,,48,1,19,0,,,OUTBOUND,,-0.12874126495084345,
1,,,,,0.06222848600009456,29.757735776165696,,49,1,20,0,,,OUTBOUND,,-0.12931808540724088,
1,,,,,0.06310344202211127,29.745627570755605,,50,1,21,0,,,OUTBOUND,,-0.11432157186398562,
1,,,,,0.06450961701921187,29.733490070227514,,51,1,22,0,,,OUTBOUND,,-0.13541985827284725,
1,,,,,0.06539016400347464,29.721300524312674,,52,1,23,0,,,OUTBOUND,,-0.1854409717136871,
1,,,,,0.06638501500128768,29.709085741811244,,53,1,24,0,,,OUTBOUND,,-0.21982340258163002,
1,,,,,0.06747105502290651,29.696870659336806,,54,1,25,0,,,OUTBOUND,,-0.2355046609781179,
1,,,,,0.06840284902136773,29.68465380470676,,55,1,26,0,,,OUTBOUND,,-0.23952611735726498,
1,,,,,0.06946407302166335,29.672438344442025,,56,1,27,0,,,OUTBOUND,,-0.23176535905508924,
1,,,,,0.07054106000578031,29.660210179034493,,57,1,28,0,,,OUTBOUND,,-0.19410224701248263,
1,,,,,0.07171518000541255,29.64808560849614,,58,1,29,0,,,OUTBOUND,,-0.1412498881366521,
1,,,,,0.07350368000334129,29.635975218578913,,59,1,30,0,,,OUTBOUND,,-0.12648290664058376,
1,,,,,0.07491046300856397,29.623835963838893,,60,1,31,0,,,OUTBOUND,,-0.09227303117354912,
1,,,,,0.07599868101533502,29.61174369643706,,61,1,32,0,,,OUTBOUND,,-0.07025845682853903,
1,,,,,0.07734814801369794,29.59957820573966,,62,1,33,0,,,OUTBOUND,,-0.12294862458403627,
1,,,,,0.07827842701226473,29.587352256094174,,63,1,34,0,,,OUTBOUND,,-0.19293690136485112,
1,,,,,0.07926177102490328,29.575113125058575,,64,1,35,0,,,OUTBOUND,,-0.20218014480762164,
1,,,,,0.08098946799873374,29.562889612494292,,65,1,36,0,,,OUTBOUND,,-0.16469238589031523,
1,,,,,0.08201316400663927,29.550694099173903,,66,1,37,0,,,OUTBOUND,,-0.153420347739694,
1,,,,,0.08308292800211348,29.53846691424253,,67,1,38,0,,,OUTBOUND,,-0.1717492216533927,
1,,,,,0.08418193002580665,29.526263656416806,,68,1,39,0,,,OUTBOUND,,-0.159472938497636,
1,,,,,0.0850418160262052,29.514081605136308,,69,1,40,0,,,OUTBOUND,,-0.13035294675837406,
1,,,,,0.08595106200664304,29.501899916605346,,70,1,41,0,,,OUTBOUND,,-0.10047812789992179,
1,,,,,0.08677413000259548,29.48971251803347,,71,1,42,0,,,OUTBOUND,,-0.03580426662196471,
1,,,,,0.08760976401390508,29.477569545394037,,72,1,43,0,,,OUTBOUND,,0.000592758280311964,
1,,,,,0.08849975501652807,29.465376819434194,,73,1,44,0,,,OUTBOUND,,-0.013594541540244703,
1,,,,,0.08936784599791281,29.45326645977029,,74,1,45,0,,,OUTBOUND,,-0.046115164292786344,
1,,,,,0.0902215050009545,29.44116405708569,,75,1,46,0,,,OUTBOUND,,-0.061165400111906985,
1,,,,,0.09100597302312963,29.429078597435087,,76,1,47,0,,,OUTBOUND,,-0.07436075050587199,
1,,,,,0.09176567001850344,29.416922860223362,,77,1,48,0,,,OUTBOUND,,-0.10717092743332574,
1,,,,,0.09256001701578498,29.404798318413466,,78,1,49,0,,,OUTBOUND,,-0.1212887930180386,
1,,,,,0.09342272600042634,29.39265440962548,,79,1,50,0,,,OUTBOUND,,-0.11576087769171495,
1,,,,,0.09424105600919574,29.3804973150082,,80,1,51,0,,,OUTBOUND,,-0.0885063168181794,
1,,,,,0.09503259201301262,29.368352242504727,,81,1,52,0,,,OUTBOUND,,-0.0709766226726794,
1,,,,,0.09592850200715475,29.356227112785206,,82,1,53,0,,,FAILURE,,-10.091720479643984,
1,,,,,0.0978984700050205,29.987971733561587,,83,2,1,0,,,OUTBOUND,,-0.03185038838290233,
1,,,,,0.09877237002365291,29.975909847993904,,84,2,2,0,,,OUTBOUND,,-0.05026720390754691,
1,,,,,0.09969840201665647,29.963868846388138,,85,2,3,0,,,OUTBOUND,,-0.032662365615324415,
1,,,,,0.10065762701560743,29.951797166519363,,86,2,4,0,,,OUTBOUND,,-0.048003360277755744,
1,,,,,0.10148819300229661,29.939693954057734,,87,2,5,0,,,OUTBOUND,,-0.0764747562339189,
1,,,,,0.10232045300654136,29.927545022126434,,88,2,6,0,,,OUTBOUND,,-0.09764908655175929,
1,,,,,0.1032098060240969,29.915381729556362,,89,2,7,0,,,OUTBOUND,,-0.15793891358364992,
1,,,,,0.10422671801643446,29.9031773603408,,90,2,8,0,,,OUTBOUND,,-0.19058410465864206,
1,,,,,0.10519921701052226,29.89096963369298,,91,2,9,0,,,OUTBOUND,,-0.1841953120986354,
1,,,,,0.1063007379998453,29.878771449441818,,92,2,10,0,,,OUTBOUND,,-0.19859937684688994,
1,,,,,0.1076972880109679,29.866521271175035,,93,2,11,0,,,OUTBOUND,,-0.21717975559884198,
1,,,,,0.10862956801429391,29.85424240969038,,94,2,12,0,,,OUTBOUND,,-0.21433096177812713,
1,,,,,0.10962344901054166,29.84199008612808,,95,2,13,0,,,FAILURE,,-0.2051431951970663,
1,,,,,0.11227039300138131,29.98797267639132,,96,3,1,0,,,OUTBOUND,,0.0013674864730654733,
1,,,,,0.11330841900780797,29.975905128734805,,97,3,2,0,,,OUTBOUND,,0.02137526070997341,
1,,,,,0.11426534201018512,29.963774306698152,,98,3,3,0,,,OUTBOUND,,0.01282444618443076,
1,,,,,0.1159750220249407,29.95172432478308,,99,3,4,0,,,OUTBOUND,,0.022089502998341344,
1,,,,,0.11768718401435763,29.939629937726604,,100,3,5,0,,,OUTBOUND,,0.012529103646833782,
1,,,,,0.11937193301855586,29.92758807055681,,101,3,6,0,,,OUTBOUND,,-0.014173849143380116,
1,,,,,0.12111250302405097,29.91556275315309,,102,3,7,0,,,OUTBOUND,,-0.010098604998713729,
1,,,,,0.1227855020260904,29.903510044361834,,103,3,8,0,,,OUTBOUND,,-0.030271575442041496,
1,,,,,0.12447324700769968,29.89141858380228,,104,3,9,0,,,OUTBOUND,,-0.04154161950447681,
1,,,,,0.1261549280025065,29.879366045932912,,105,3,10,0,,,OUTBOUND,,-0.05750748376412285,
1,,,,,0.1279971559997648,29.867271351407197,,106,3,11,0,,,OUTBOUND,,-0.07937608786500774,
1,,,,,0.1293002120219171,29.855128810122057,,107,3,12,0,,,OUTBOUND,,-0.09978972142374326,
1,,,,,0.13062159100081772,29.84299351416702,,108,3,13,0,,,OUTBOUND,,-0.07595144257198347,
1,,,,,0.13199143399833702,29.83094297892887,,109,3,14,0,,,OUTBOUND,,-0.05980831500437632,
1,,,,,0.1333398910064716,29.818828268724356,,110,3,15,0,,,OUTBOUND,,-0.10271700220709612,
1,,,,,0.13463621100527234,29.806681806267918,,111,3,16,0,,,OUTBOUND,,-0.10909378326590599,
1,,,,,0.13597574600134976,29.79452826560354,,112,3,17,0,,,OUTBOUND,,-0.10769233348158785,
1,,,,,0.13736151802004315,29.782331394065807,,113,3,18,0,,,OUTBOUND,,-0.14917693519156153,
1,,,,,0.13844075400265865,29.770115764261863,,114,3,19,0,,,OUTBOUND,,-0.21194580827288342,
1,,,,,0.1393647740187589,29.757904364200854,,115,3,20,0,,,OUTBOUND,,-0.2529771621454889,
1,,,,,0.1402028349984903,29.745673135353055,,116,3,21,0,,,OUTBOUND,,-0.2663720362039518,
1,,,,,0.1412668870179914,29.733418860496,,117,3,22,0,,,OUTBOUND,,-0.2441204632845127,
1,,,,,0.14216659200610593,29.721169995931135,,118,3,23,0,,,OUTBOUND,,-0.22840927533767214,
1,,,,,0.14331861201208085,29.708967145034688,,119,3,24,0,,,OUTBOUND,,-0.23158086969404712,
1,,,,,0.14530461802496575,29.696750451193815,,120,3,25,0,,,OUTBOUND,,-0.22929034514780333,
1,,,,,0.14706862001912668,29.684496112403558,,121,3,26,0,,,OUTBOUND,,-0.27137808205535124,
1,,,,,0.1480539470212534,29.67225047036828,,122,3,27,0,,,OUTBOUND,,-0.2880113033663301,
1,,,,,0.14887838100548834,29.660078344908666,,123,3,28,0,,,OUTBOUND,,-0.2629204369705212,
1,,,,,0.149692960025277,29.647890108550303,,124,3,29,0,,,OUTBOUND,,-0.2714889139139139,
1,,,,,0.15058869399945252,29.635687913696934,,125,3,30,0,,,OUTBOUND,,-0.2873355711854702,
1,,,,,0.1515828290139325,29.623441952978318,,126,3,31,0,,,FAILURE,,-10.31741064717476,
1,,,,,0.1534060510166455,29.987980363057872,,127,4,1,0,,,OUTBOUND,,0.00744298027052851,
1,,,,,0.15434061200357974,29.975893859894693,,128,4,2,0,,,OUTBOUND,,0.03458491668117423,
1,,,,,0.15518028402584605,29.963778527825372,,129,4,3,0,,,OUTBOUND,,0.050124042569580675,
1,,,,,0.1560133279999718,29.951688695353003,,130,4,4,0,,,OUTBOUND,,0.03642372834752985,
1,,,,,0.15690426400396973,29.939621038958492,,131,4,5,0,,,OUTBOUND,,0.02644144401303882,
1,,,,,0.15812518002348952,29.927511285067983,,132,4,6,0,,,OUTBOUND,,0.016931429564951778,
1,,,,,0.15903815501951613,29.915385532193984,,133,4,7,0,,,OUTBOUND,,-0.013624210338253185,
1,,,,,0.15997913700994104,29.903209270902025,,134,4,8,0,,,OUTBOUND,,0.010202681171490074,
1,,,,,0.16099446601583622,29.891057983467157,,135,4,9,0,,,OUTBOUND,,0.02594320270293552,
1,,,,,0.16196602501440793,29.87891457445226,,136,4,10,0,,,OUTBOUND,,0.0021866833726114244,
1,,,,,0.16281966801034287,29.866810349075013,,137,4,11,0,,,OUTBOUND,,-0.009419841232250096,
1,,,,,0.16363159302272834,29.85469777678249,,138,4,12,0,,,OUTBOUND,,-1.4947179315597924e-05,
1,,,,,0.16450730001088232,29.842598056678273,,139,4,13,0,,,OUTBOUND,,0.00933959468451842,
1,,,,,0.16543139301938936,29.83054217711846,,140,4,14,0,,,OUTBOUND,,0.019663894021966884,
1,,,,,0.1662823130027391,29.818482394792404,,141,4,15,0,,,OUTBOUND,,0.02801974418699275,
1,,,,,0.16724639901076443,29.80640886212707,,142,4,16,0,,,OUTBOUND,,-0.00014791276509192465,
1,,,,,0.16827782601467334,29.79433597748066,,143,4,17,0,,,OUTBOUND,,-0.019245984647134583,
1,,,,,0.16955980102648027,29.78227557631529,,144,4,18,0,,,OUTBOUND,,-0.024054719967516295,
1,,,,,0.17053056100849062,29.770248104732467,,145,4,19,0,,,OUTBOUND,,-0.008142226208532022,
1,,,,,0.17132419801782817,29.758208027830317,,146,4,20,0,,,OUTBOUND,,0.034748877217628475,
1,,,,,0.1721331070002634,29.746127406548325,,147,4,21,0,,,OUTBOUND,,0.06186548061248748,
1,,,,,0.1732005600060802,29.734050431925798,,148,4,22,0,,,OUTBOUND,,0.06970914485469877,
1,,,,,0.17418418201850727,29.72195836514305,,149,4,23,0,,,OUTBOUND,,0.0699753491202117,
1,,,,,0.175081516004866,29.70984094204842,,150,4,24,0,,,OUTBOUND,,0.07781238869778627,
1,,,,,0.1761525100155268,29.6976624040533,,151,4,25,0,,,OUTBOUND,,0.1250804168791059,
1,,,,,0.1776450950128492,29.685493155790216,,152,4,26,0,,,OUTBOUND,,0.1413147588043817,
1,,,,,0.17900964402360842,29.67329783094465,,153,4,27,0,,,OUTBOUND,,0.14601085251219137,
1,,,,,0.18008606400690041,29.661060920481784,,154,4,28,0,,,OUTBOUND,,0.19496265217079314,
1,,,,,0.181212873023469,29.64881541336855,,155,4,29,0,,,OUTBOUND,,0.254512351956023,
1,,,,,0.18206216502585448,29.636519093662297,,156,4,30,0,,,OUTBOUND,,0.31276249698281333,
1,,,,,0.1830325410119258,29.62422805389241,,157,4,31,0,,,OUTBOUND,,0.3422557967258962,
1,,,,,0.18396121202385984,29.61191894574064,,158,4,32,0,,,OUTBOUND,,0.3637664846469545,
1,,,,,0.18482405901886523,29.59959303826049,,159,4,33,0,,,OUTBOUND,,0.39108078437160665,
1,,,,,0.18566187701071613,29.587244927524402,,160,4,34,0,,,OUTBOUND,,0.4071172120649352,
1,,,,,0.18644234302337281,29.574934158188498,,161,4,35,0,,,OUTBOUND,,0.39076756840576027,
1,,,,,0.1873638020188082,29.56257794292232,,162,4,36,0,,,OUTBOUND,,0.37237136724929576,
1,,,,,0.18814451500657015,29.550261548313625,,163,4,37,0,,,OUTBOUND,,0.3697530799228526,
1,,,,,0.18914072401821613,29.53796766376302,,164,4,38,0,,,OUTBOUND,,0.35525480685303024,
1,,,,,0.18990155099891126,29.525690943279592,,165,4,39,0,,,OUTBOUND,,0.3605888651012923,
1,,,,,0.19064223099849187,29.513365773846022,,166,4,40,0,,,OUTBOUND,,0.38124135851650465,
1,,,,,0.19148823301657103,29.50106320295607,,167,4,41,0,,,OUTBOUND,,0.3855623733078946,
1,,,,,0.19235513001331128,29.488736634251175,,168,4,42,0,,,OUTBOUND,,0.3809054905547335,
1,,,,,0.19318198302062228,29.47642433492296,,169,4,43,0,,,OUTBOUND,,0.38100792686784873,
1,,,,,0.19394723500590771,29.464101464141105,,170,4,44,0,,,OUTBOUND,,0.36396610736748647,
1,,,,,0.19473035502596758,29.45180076911175,,171,4,45,0,,,OUTBOUND,,0.3384078130240795,
1,,,,,0.1955643230176065,29.4395083365718,,172,4,46,0,,,OUTBOUND,,0.35115820769923173,
1,,,,,0.19634282399783842,29.427172578687408,,173,4,47,0,,,OUTBOUND,,0.3670968547989584,
1,,,,,0.19721467001363635,29.414868074712977,,174,4,48,0,,,OUTBOUND,,0.36419776449725,
1,,,,,0.19797832000767812,29.402562356359777,,175,4,49,0,,,OUTBOUND,,0.37282760882587307,
1,,,,,0.19877034702221863,29.390253131805032,,176,4,50,0,,,OUTBOUND,,0.389639706632875,
1,,,,,0.19959574501262978,29.377927758824473,,177,4,51,0,,,OUTBOUND,,0.40996062762066476,
1,,,,,0.20043148001423106,29.3655717500978,,178,4,52,0,,,OUTBOUND,,0.42857626272398813,
1,,,,,0.20122335001360625,29.353171813265376,,179,4,53,0,,,OUTBOUND,,0.4682415905139527,
1,,,,,0.20233602399821393,29.34071609473616,,180,4,54,0,,,OUTBOUND,,0.4559655267022615,
1,,,,,0.20323532301699743,29.328353812429647,,181,4,55,0,,,OUTBOUND,,0.414030633437351,
1,,,,,0.2040237570181489,29.31603709264168,,182,4,56,0,,,OUTBOUND,,0.42000679973366534,
1,,,,,0.20502541100722738,29.303717288819815,,183,4,57,0,,,OUTBOUND,,0.4035111318049724,
1,,,,,0.2059450590168126,29.291358112899978,,184,4,58,0,,,FAILURE,,0.4216911116030782,
1,,,,,0.20768880000105128,29.98797200303439,,185,5,1,0,,,OUTBOUND,,0.01980216726956735,
1,,,,,0.20850993299973197,29.975912000346092,,186,5,2,0,,,OUTBOUND,,0.036561733136585055,
1,,,,,0.2094236910052132,29.963828002006533,,187,5,3,0,,,OUTBOUND,,0.00261567410710999,
1,,,,,0.21023198700277135,29.951695273910733,,188,5,4,0,,,OUTBOUND,,-0.035310755065735513,
1,,,,,0.2111585329985246,29.939543463282938,,189,5,5,0,,,OUTBOUND,,-0.07857129375518679,
1,,,,,0.21195566302048974,29.927382485651155,,190,5,6,0,,,OUTBOUND,,-0.10655612820147699,
1,,,,,0.21279710202361457,29.915198653758846,,191,5,7,0,,,OUTBOUND,,-0.08226275855484443,
1,,,,,0.21385001600719988,29.90302598814742,,192,5,8,0,,,OUTBOUND,,-0.02747086013834161,
1,,,,,0.21472256002016366,29.890893117871393,,193,5,9,0,,,OUTBOUND,,-0.005462142597881891,
1,,,,,0.21553347102599218,29.878790026354466,,194,5,10,0,,,OUTBOUND,,-0.006244428674931175,
1,,,,,0.2164321710006334,29.866638774500498,,195,5,11,0,,,OUTBOUND,,0.019290076527455936,
1,,,,,0.2173505240061786,29.854518554881377,,196,5,12,0,,,OUTBOUND,,0.044398256757267995,
1,,,,,0.21822356502525508,29.842433596686824,,197,5,13,0,,,OUTBOUND,,0.025396261627985094,
1,,,,,0.2190165460051503,29.830382657439742,,198,5,14,0,,,OUTBOUND,,0.0031879772295903617,
1,,,,,0.2199404790007975,29.818315993519953,,199,5,15,0,,,OUTBOUND,,-0.013192702352123362,
1,,,,,0.22098120901500806,29.806248258360423,,200,5,16,0,,,OUTBOUND,,-0.035480754754808976,
1,3.9508395195007324,1.0003000497817993,14.584650993347168,15.0355806350708,0.3206046940176748,29.794168077825738,-3.9164881706237793,201,5,17,0,,22.602935791015625,OUTBOUND,-0.003037818009033799,-0.061463519959164166,
1,4.18086051940918,1.0006002187728882,17.20716667175293,17.66028594970703,0.3293107520148624,29.7820770174844,-4.11519718170166,202,5,18,0,,24.02629852294922,OUTBOUND,-0.032832879573106766,-0.050215536312326364,
1,4.0552825927734375,1.0008997917175293,15.580388069152832,16.001407623291016,0.3375867700087838,29.770010976814405,-3.9574687480926514,203,5,19,0,,22.82816505432129,OUTBOUND,-0.06412730365991592,-0.00012926800681818803,
1,4.127065658569336,1.00119948387146,16.23558235168457,16.68779754638672,0.35172654601046816,29.757960940999617,-3.9963436126708984,204,5,20,0,,23.178546905517578,OUTBOUND,-0.09541063010692596,-0.004602776983583866,
1,4.144079685211182,1.0014991760253906,15.624523162841797,16.083166122436523,0.36375330900773406,29.74593584399211,-3.9793496131896973,205,5,21,0,,22.813749313354492,OUTBOUND,-0.12811625003814697,-0.025223645583320114,
1,4.102413177490234,1.0017976760864258,15.302722930908203,15.794835090637207,0.3734703650115989,29.73387707741822,-3.9054386615753174,206,5,22,0,,22.770366668701172,OUTBOUND,-0.15921279788017273,-0.04909262451323217,
1,4.177253246307373,1.0020960569381714,13.282058715820312,13.790925025939941,0.3867775640101172,29.721819760766895,-3.947317361831665,207,5,23,0,,21.87050437927246,OUTBOUND,-0.19167160987854004,-0.07625003971425515,
1,4.222285270690918,1.0023947954177856,15.775189399719238,16.32568359375,0.39904877499793656,29.709723801211176,-3.9629693031311035,208,5,24,0,,22.697372436523438,OUTBOUND,-0.22049394249916077,-0.10068755807473975,
1,4.214443683624268,1.0026930570602417,15.059272766113281,15.641166687011719,0.4076787640224211,29.697613337520345,-3.925224781036377,209,5,25,0,,23.331340789794922,OUTBOUND,-0.25045856833457947,-0.11702286578160816,
1,4.283045768737793,1.0029916763305664,12.568512916564941,13.137059211730957,0.4171349870157428,29.685461699181925,-3.959214687347412,210,5,26,0,,22.120399475097656,OUTBOUND,-0.28408217430114746,-0.10155710596188103,
1,4.3051252365112305,1.0032902956008911,15.806803703308105,16.40567398071289,0.42827995601692237,29.67331458853498,-3.9500370025634766,211,5,27,0,,24.29753875732422,OUTBOUND,-0.31328073143959045,-0.09820983226181237,
1,4.306814670562744,1.0035885572433472,12.452868461608887,13.00600814819336,0.4366598020133097,29.66119115534005,-3.920368194580078,212,5,28,0,,22.800243377685547,OUTBOUND,-0.34266939759254456,-0.13128525912321196,
1,4.351261615753174,1.0038866996765137,12.517339706420898,13.081114768981934,0.44457561601302586,29.64900747964445,-3.931199312210083,213,5,29,0,,23.6304988861084,OUTBOUND,-0.37336045503616333,-0.185044241481938,
1,4.347376346588135,1.0041840076446533,13.34360122680664,13.93260383605957,0.453470450011082,29.636800818669077,-3.892653703689575,214,5,30,0,,24.46343994140625,OUTBOUND,-0.4052615463733673,-0.18885002383665445,
1,4.412697792053223,1.004481315612793,11.547539710998535,12.112709045410156,0.46362288302043453,29.624650098304123,-3.9217400550842285,215,5,31,0,,23.125457763671875,OUTBOUND,-0.43917155265808105,-0.1688825983214501,
1,4.475094795227051,1.0047789812088013,12.057815551757812,12.694504737854004,0.4720635020057671,29.612470190550063,-3.9459335803985596,216,5,32,0,,25.19353485107422,OUTBOUND,-0.47406208515167236,-0.18263747281729323,
1,4.46207332611084,1.0050759315490723,12.601338386535645,13.276933670043945,0.4845320290187374,29.600296521188703,-3.8937575817108154,217,5,33,0,,25.42490005493164,OUTBOUND,-0.510513424873352,-0.1913651786906546,
1,4.504044532775879,1.0053725242614746,11.509658813476562,12.181472778320312,0.49588670700904913,29.588137753114918,-3.8951616287231445,218,5,34,0,,25.484703063964844,OUTBOUND,-0.5485681891441345,-0.18302247229445376,
1,4.623675346374512,1.005670189857483,13.529702186584473,14.316360473632812,0.5071744790184312,29.576006708608045,-3.967670202255249,219,5,35,0,,27.558116912841797,OUTBOUND,-0.592427670955658,-0.18935093884647375,
1,4.63071346282959,1.0059679746627808,12.997434616088867,13.808900833129883,0.5167328740062658,29.563820303613387,-3.9319519996643066,220,5,36,0,,27.587207794189453,OUTBOUND,-0.632941484451294,-0.18729563953408285,
1,4.653358459472656,1.006265640258789,11.845779418945312,12.721158981323242,0.5294485500198789,29.55165344885597,-3.908982753753662,221,5,37,0,,28.295604705810547,OUTBOUND,-0.675887405872345,-0.19148454380747254,
1,4.7606611251831055,1.0065642595291138,10.113151550292969,10.99361801147461,0.5392016030091327,29.539448891232386,-3.966461658477783,222,5,38,0,,27.669164657592773,OUTBOUND,-0.7223312258720398,-0.19906524446061954,
1,4.776584625244141,1.006862998008728,10.054725646972656,10.994501113891602,0.5515312070201617,29.527269868124623,-3.934438705444336,223,5,39,0,,28.538774490356445,OUTBOUND,-0.7676826119422913,-0.1705298757155224,
1,4.8093719482421875,1.0071616172790527,10.942146301269531,11.961821556091309,0.5601073650177568,29.51510707857601,-3.914372444152832,224,5,40,0,,29.72376251220703,OUTBOUND,-0.8171899318695068,-0.13059539624414512,
1,4.824223518371582,1.007459044456482,9.333264350891113,10.358232498168945,0.5687744370079599,29.50293523965841,-3.8753957748413086,225,5,41,0,,29.260169982910156,OUTBOUND,-0.8684419393539429,-0.07094345889846078,
1,4.863631248474121,1.0077552795410156,10.581710815429688,11.717918395996094,0.5825620840187185,29.490820782705388,-3.858645439147949,226,5,42,0,,31.737960815429688,OUTBOUND,-0.9210590124130249,-0.04651830302587073,
1,5.040876388549805,1.0080530643463135,10.140223503112793,11.34249496459961,0.5940166860236786,29.47874707826621,-3.9760355949401855,227,5,43,0,,32.19978332519531,OUTBOUND,-0.9768086671829224,-0.0730065339520353,
1,5.060525417327881,1.0083513259887695,8.897297859191895,10.09527587890625,0.6020709240110591,29.466629419038647,-3.9346747398376465,228,5,44,0,,31.783340454101562,OUTBOUND,-1.0341604948043823,-0.06136546845601466,
1,5.102198123931885,1.008649468421936,9.527459144592285,10.805394172668457,0.610750243999064,29.454568009767094,-3.9139645099639893,229,5,45,0,,33.105865478515625,OUTBOUND,-1.0935194492340088,-0.03851396864109498,
1,5.176954746246338,1.0089478492736816,7.94464635848999,9.20064926147461,0.6207685340195894,29.44253072230805,-3.923924207687378,230,5,46,0,,32.26895523071289,OUTBOUND,-1.1544215679168701,-0.05294037474889457,
1,5.2293782234191895,1.0092459917068481,8.591772079467773,9.946481704711914,0.6310456280189101,29.430460338670606,-3.9061622619628906,231,5,47,0,,33.65703201293945,OUTBOUND,-1.2209851741790771,-0.09124115678273605,
1,5.334953308105469,1.009544849395752,9.49451732635498,10.949859619140625,0.6395482480002102,29.41835480222166,-3.9432904720306396,232,5,48,0,,35.47121047973633,OUTBOUND,-1.2857615947723389,-0.10624727618865366,
1,5.394312858581543,1.0098440647125244,6.892927646636963,8.310807228088379,0.6476075040118303,29.406256217297045,-3.9287967681884766,233,5,49,0,,34.28879165649414,OUTBOUND,-1.3556891679763794,-0.12997905643566002,
1,5.438592433929443,1.0101426839828491,6.6095123291015625,8.056680679321289,0.6560751000070013,29.39409595718483,-3.8955235481262207,234,5,50,0,,34.42953872680664,OUTBOUND,-1.4299252033233643,-0.1531454656156774,
1,5.515491485595703,1.0104408264160156,6.385685920715332,7.816484451293945,0.6651429160265252,29.38192121834062,-3.8954291343688965,235,5,51,0,,34.259944915771484,OUTBOUND,-1.5029338598251343,-0.10313852976383013,
1,5.597465515136719,1.0107386112213135,7.009600639343262,8.633035659790039,0.6728268250008114,29.369839930433212,-3.893432855606079,236,5,52,0,,37.03602981567383,OUTBOUND,-1.583264946937561,-0.07404007518140177,
1,5.693929672241211,1.0110363960266113,7.7355828285217285,9.383393287658691,0.6813409760070499,29.357736405726143,-3.9069719314575195,237,5,53,0,,37.51628875732422,OUTBOUND,-1.661483883857727,-0.0941932424531158,
1,5.791822910308838,1.0113344192504883,5.334615230560303,6.937545299530029,0.6923487950116396,29.34560427084526,-3.9189529418945312,238,5,54,0,,36.641021728515625,OUTBOUND,-1.7437689304351807,-0.10156103756049195,
1,5.851877212524414,1.0116320848464966,4.938736915588379,6.5563788414001465,0.7003002330020536,29.333471987944097,-3.887589693069458,239,5,55,0,,36.682621002197266,OUTBOUND,-1.8318907022476196,-0.10001870396231312,
1,5.967889785766602,1.0119297504425049,5.6048431396484375,7.309581756591797,0.7077516920107882,29.3213168555039,-3.9098007678985596,240,5,56,0,,38.17407989501953,OUTBOUND,-1.9211101531982422,-0.11229892520331755,
1,6.09047269821167,1.01222825050354,5.073977947235107,6.737511157989502,0.7157036810240243,29.309148706810795,-3.934746503829956,241,5,57,0,,37.487220764160156,OUTBOUND,-2.014477014541626,-0.11028054718437497,
1,6.192302703857422,1.012527585029602,5.084306716918945,6.779861927032471,0.725581503007561,29.297032205135405,-3.9418904781341553,242,5,58,0,,37.738643646240234,OUTBOUND,-2.1046178340911865,-0.09387284848868484,
1,6.19423770904541,1.0128251314163208,4.370121479034424,5.963594913482666,0.7341718050010968,29.284907654689313,-3.8410072326660156,243,5,59,0,,35.758949279785156,OUTBOUND,-2.2060465812683105,-0.07033790775432437,
1,6.388229846954346,1.013123631477356,3.282284736633301,4.842674732208252,0.7421414960117545,29.272786130278085,-3.9350876808166504,244,5,60,0,,35.09627914428711,OUTBOUND,-2.301365613937378,-0.04112650541435517,
1,6.420166492462158,1.013420820236206,2.7685115337371826,4.330377578735352,0.7514467690198217,29.260621733112302,-3.860478639602661,245,5,61,0,,34.74957275390625,OUTBOUND,-2.405816078186035,-0.018248091346325674,
1,6.592375755310059,1.013718843460083,2.574613094329834,4.073050498962402,0.7633602390123997,29.248429806453103,-3.9260218143463135,246,5,62,0,,33.25031661987305,OUTBOUND,-2.507685661315918,-0.021708092849376914,
1,6.625833988189697,1.014015555381775,3.274631977081299,4.855318546295166,0.771210177015746,29.23626075393987,-3.851161479949951,247,5,63,0,,35.12922286987305,OUTBOUND,-2.6140530109405518,-0.034491017892791624,
1,6.783729076385498,1.0143122673034668,2.7467896938323975,4.220426082611084,0.7789403019996826,29.224077839898495,-3.8976759910583496,248,5,64,0,,32.790340423583984,OUTBOUND,-2.7228994369506836,-0.05193202847456284,
1,6.937848091125488,1.0146102905273438,1.8885352611541748,3.2452144622802734,0.7876616080175154,29.211925251171927,-3.9401583671569824,249,5,65,0,,30.677160263061523,OUTBOUND,-2.831446647644043,-0.0579837679525165,
1,7.002755641937256,1.0149080753326416,1.4679603576660156,2.818054437637329,0.7996402670105454,29.199776872939008,-3.8928372859954834,250,5,66,0,,31.171707153320312,OUTBOUND,-2.9418833255767822,-0.03830451979976652,
1,7.139299392700195,1.0152065753936768,2.1554417610168457,3.4735946655273438,0.8113748270261567,29.18764711363399,-3.9194202423095703,251,5,67,0,,30.425193786621094,OUTBOUND,-3.051392078399658,-0.010879405727976355,
1,7.193380832672119,1.0155041217803955,1.0396854877471924,2.254340171813965,0.8198426160088275,29.17553568066752,-3.8667244911193848,252,5,68,0,,28.469179153442383,OUTBOUND,-3.1572229862213135,0.030646250266228085,
1,7.3202595710754395,1.0158010721206665,1.4240823984146118,2.59989070892334,0.8301569300238043,29.1634021446357,-3.872016429901123,253,5,69,0,,27.6383056640625,OUTBOUND,-3.2770087718963623,0.04282012535398376,
1,7.467520713806152,1.0160986185073853,0.8269984722137451,1.73427414894104,0.8399181830172893,29.151244101263714,-3.912294864654541,254,5,70,0,,22.362850189208984,OUTBOUND,-3.3837080001831055,0.02936940740508626,
1,7.527688980102539,1.0163954496383667,1.4184043407440186,2.385695219039917,0.8478946810064372,29.13912462291878,-3.869227647781372,255,5,71,0,,24.00448226928711,OUTBOUND,-3.4882559776306152,0.05374000576939892,
1,7.58829402923584,1.0166902542114258,1.243069052696228,2.0745859146118164,0.8570464070071466,29.1269463646469,-3.8168764114379883,256,5,72,0,,21.52606964111328,OUTBOUND,-3.603813886642456,0.1056621325926127,
1,7.789628028869629,1.0169860124588013,0.48927563428878784,1.089775562286377,0.8663125570164993,29.11473854242641,-3.912813901901245,257,5,73,0,,16.71792221069336,OUTBOUND,-3.709540605545044,0.11549945684535223,
1,7.914339542388916,1.017283320426941,0.1963602602481842,0.7895509600639343,0.874912294006208,29.102546497423713,-3.9372153282165527,258,5,74,0,,16.761247634887695,OUTBOUND,-3.812070846557617,0.08080928242849002,
1,8.013998985290527,1.0175820589065552,0.8007289171218872,1.3937842845916748,0.8818421290197875,29.09033787195801,-3.9409656524658203,259,5,75,0,,17.435697555541992,OUTBOUND,-3.9099559783935547,0.04316707686260791,
1,8.035161972045898,1.0178803205490112,0.6437481045722961,0.8567458391189575,0.889555581001332,29.078121258062346,-3.880571126937866,260,5,76,0,,8.458048820495605,OUTBOUND,-3.9987752437591553,0.03252006269872712,
1,8.186309814453125,1.018180251121521,0.4185989797115326,0.6844365000724792,0.8993425530206878,29.0658709566901,-3.9482107162475586,261,5,77,0,,9.876118659973145,OUTBOUND,-4.0854363441467285,0.03533775630197474,
1,8.233991622924805,1.0184807777404785,0.06510363519191742,0.253251850605011,0.9066908180247992,29.05365493941302,-3.9186394214630127,262,5,78,0,,8.406798362731934,OUTBOUND,-4.170716762542725,0.0659717147970806,
1,8.30744457244873,1.0187819004058838,0.05182572454214096,0.22562097012996674,0.9139959650055971,29.041408046335906,-3.9244863986968994,263,5,79,0,,8.267613410949707,OUTBOUND,-4.239785194396973,0.10532445036387503,
1,8.342513084411621,1.019083023071289,0.43853914737701416,0.446844220161438,0.9214554530044552,29.0291521874715,-3.897796630859375,264,5,80,0,,5.521416664123535,OUTBOUND,-4.310631275177002,0.1551447196716197,
1,8.388689994812012,1.0193836688995361,1.2744332551956177,1.2584071159362793,0.9325313930166885,29.016856746094273,-3.8863792419433594,265,5,81,0,,5.570115566253662,OUTBOUND,-4.378190994262695,0.20882659364284054,
1,8.484661102294922,1.0196855068206787,0.7244025468826294,0.6407760381698608,0.9402675140008796,29.004518824769544,-3.939340114593506,266,5,82,0,,6.654289245605469,OUTBOUND,-4.425978660583496,0.22559917305121618,
1,8.541690826416016,1.0199891328811646,0.42495620250701904,0.33727574348449707,0.9478072659985628,28.992175350092843,-3.9664154052734375,267,5,83,0,,6.923071384429932,OUTBOUND,-4.461602210998535,0.2725924104497436,
1,8.527579307556152,1.0202929973602295,0.6474375128746033,0.6528425216674805,0.9556756700039841,28.979815908042703,-3.9155006408691406,268,5,84,0,,3.8272883892059326,OUTBOUND,-4.504537582397461,0.291541749960289,
1,8.56491756439209,1.0205974578857422,0.11076132953166962,0.06474678218364716,0.9649403800140135,28.96745652810755,-3.9308969974517822,269,5,85,0,,5.431877613067627,OUTBOUND,-4.530604839324951,0.23372711254807005,
1,8.53424072265625,1.020901083946228,0.5266041159629822,0.4665418267250061,0.9726819480129052,28.95516329252795,-3.8848791122436523,270,5,86,0,,8.730055809020996,OUTBOUND,-4.553464412689209,0.17430732542973013,
1,8.56358528137207,1.0212047100067139,0.8085362911224365,0.7360204458236694,0.9850350269989576,28.94289516061193,-3.9048376083374023,271,5,87,0,,10.546972274780273,OUTBOUND,-4.56898307800293,0.1366561732600235,
1,8.55731201171875,1.021507740020752,0.20840784907341003,0.16883715987205505,0.9949199359980412,28.93063821221128,-3.8901145458221436,272,5,88,0,,9.737768173217773,OUTBOUND,-4.579789161682129,0.13565114154722754,
1,8.56461238861084,1.0218106508255005,0.5868247747421265,0.5754610300064087,1.0058890530199278,28.91834237165415,-3.897230863571167,273,5,89,0,,13.647382736206055,OUTBOUND,-4.58205509185791,0.12280008528378114,
1,8.602243423461914,1.0221141576766968,0.14150631427764893,0.13684161007404327,1.0137965540052392,28.90606418999107,-3.9267637729644775,274,5,90,0,,7.941943645477295,OUTBOUND,-4.582285404205322,0.10135115838784545,
1,8.597464561462402,1.0224181413650513,1.7368179559707642,1.7693363428115845,1.0237863090005703,28.893755730058796,-3.9190926551818848,275,5,91,0,,6.000405311584473,OUTBOUND,-4.587737083435059,0.12410726272914066,
1,8.504928588867188,1.0227195024490356,0.10538078099489212,0.12335547804832458,1.0332624810107518,28.88138544585468,-3.8201844692230225,276,5,92,0,,7.826998233795166,OUTBOUND,-4.59425163269043,0.15881928669341544,
1,8.624653816223145,1.023021936416626,0.576863169670105,0.6168513894081116,1.0431833660113625,28.869026371528374,-3.931074380874634,277,5,93,0,,4.733917713165283,OUTBOUND,-4.600954532623291,0.14804209861694265,
1,8.597322463989258,1.0233244895935059,0.55281662940979,0.591701328754425,1.0514559849980287,28.856725681618403,-3.90466570854187,278,5,94,0,,2.5173518657684326,OUTBOUND,-4.599912643432617,0.12066745644367617,
1,8.622438430786133,1.023627758026123,1.1853816509246826,1.2710727453231812,1.0626249269989785,28.84443149742397,-3.926751136779785,279,5,95,0,,8.819992065429688,OUTBOUND,-4.606770992279053,0.1457497253752274,
1,8.576025009155273,1.0239306688308716,0.6064699292182922,0.6375673413276672,1.0753816520154942,28.832088102145327,-3.8870933055877686,280,5,96,0,,3.127347230911255,OUTBOUND,-4.6019368171691895,0.14785007999465388,
1,8.584481239318848,1.0242336988449097,0.42249739170074463,0.4837988018989563,1.084275883011287,28.819756614868034,-3.9069712162017822,281,5,97,0,,6.816962242126465,OUTBOUND,-4.594151020050049,0.15131225019925712,
1,8.571249008178711,1.0245367288589478,0.654532790184021,0.6763010621070862,1.0932548310083803,28.807438551782447,-3.897329568862915,282,5,98,0,,2.723355531692505,OUTBOUND,-4.590521812438965,0.16077749355740537,
1,8.600629806518555,1.0248409509658813,0.4437216818332672,0.5115755796432495,1.1056180090236012,28.795133457871007,-3.9423980712890625,283,5,99,0,,7.078406810760498,OUTBOUND,-4.575937271118164,0.14861271738962495,
1,8.546921730041504,1.0251449346542358,0.3381529152393341,0.3785874843597412,1.1143645039992407,28.78280954124697,-3.89538311958313,284,5,100,0,,6.128513336181641,OUTBOUND,-4.57219123840332,0.12971525915382584,
1,8.550567626953125,1.0254496335983276,1.212476372718811,1.2690649032592773,1.1234296360053122,28.770460990626788,-3.922990322113037,285,5,101,0,,3.4711647033691406,OUTBOUND,-4.548686504364014,0.12096072069370997,
1,8.55208683013916,1.0257554054260254,0.5544917583465576,0.5658334493637085,1.1363049850042444,28.758163111478755,-3.945746421813965,286,5,102,0,,2.379132032394409,OUTBOUND,-4.525494575500488,0.15151994064412694,
1,8.479325294494629,1.026060700416565,0.8770173192024231,0.9030392169952393,1.1470232430147007,28.74585464538877,-3.8917322158813477,287,5,103,0,,1.9167507886886597,OUTBOUND,-4.504828453063965,0.15639752116949157,
1,8.47881031036377,1.026365876197815,0.3358098864555359,0.37306785583496094,1.158515190007165,28.73356618503073,-3.9008426666259766,288,5,104,0,,2.975794553756714,OUTBOUND,-4.494752883911133,0.1464834111532555,
1,8.466196060180664,1.026671051979065,0.6099992990493774,0.5836197733879089,1.1687218240112998,28.721272862328075,-3.905944585800171,289,5,105,0,,5.554421901702881,OUTBOUND,-4.470483303070068,0.15997795906446718,
1,8.44039535522461,1.0269758701324463,0.0796595960855484,0.062055446207523346,1.1799540760111995,28.708949503256864,-3.8917205333709717,290,5,106,0,,4.032534599304199,OUTBOUND,-4.455626487731934,0.18278134079128805,
1,8.46212387084961,1.0272811651229858,0.05937836319208145,0.059918373823165894,1.190987441019388,28.696632138629585,-3.917433261871338,291,5,107,0,,1.980679988861084,OUTBOUND,-4.44986629486084,0.1805309281855558,
1,8.46001148223877,1.0275870561599731,0.6930828094482422,0.7327553033828735,1.2036774300213438,28.684301897272693,-3.925325870513916,292,5,108,0,,2.5914158821105957,OUTBOUND,-4.438766956329346,0.1411660501233918,
1,8.449581146240234,1.027893304824829,0.053496889770030975,0.0454959012567997,1.2120171490241773,28.672016404894713,-3.920280694961548,293,5,109,0,,3.818617582321167,OUTBOUND,-4.428001403808594,0.12907318063812837,
1,8.42739200592041,1.0281996726989746,0.9691804647445679,0.9754288196563721,1.219767614005832,28.659720329083065,-3.910554885864258,294,5,110,0,,5.333132266998291,OUTBOUND,-4.410346508026123,0.15397532334604955,
1,8.406888961791992,1.0285053253173828,0.05602018162608147,0.05125977098941803,1.2274496800091583,28.647409187946813,-3.8817145824432373,295,5,111,0,,3.957883596420288,OUTBOUND,-4.415945529937744,0.13571234062892795,
1,8.448315620422363,1.0288114547729492,0.11995291709899902,0.12019530683755875,1.2366694980009925,28.63515121206557,-3.9202840328216553,296,5,112,0,,3.956843137741089,OUTBOUND,-4.412549018859863,0.0981037382741832,
1,8.333266258239746,1.0291146039962769,1.1915901899337769,1.2296335697174072,1.2463215080206282,28.622874313319663,-3.808269739151001,297,5,113,0,,2.3327555656433105,OUTBOUND,-4.412207126617432,0.07841861203564043,
1,8.430879592895508,1.0294172763824463,1.1423879861831665,1.1682932376861572,1.2560032510082237,28.610586143494896,-3.878192901611328,298,5,114,0,,11.017851829528809,OUTBOUND,-4.4289727210998535,0.10010041335769243,
1,8.465498924255371,1.0297200679779053,0.9273244142532349,0.9282881021499634,1.2662517060234677,28.598258203742155,-3.8935935497283936,299,5,115,0,,6.830560207366943,OUTBOUND,-4.441924095153809,0.14709215312199223,
1,8.503334045410156,1.0300238132476807,0.3889237642288208,0.4140097200870514,1.2784188000077847,28.58596293861894,-3.9263617992401123,300,5,116,0,,3.074822187423706,OUTBOUND,-4.445274829864502,0.17716003490433824,
1,8.509610176086426,1.0303281545639038,0.9042869806289673,0.9364016652107239,1.2899286290048622,28.573645578210822,-3.913889169692993,301,5,117,0,,7.325144290924072,OUTBOUND,-4.460748195648193,0.2153784110769215,
1,8.451845169067383,1.0306307077407837,0.4240376353263855,0.43844854831695557,1.3010252960084472,28.561310049907252,-3.8363420963287354,302,5,118,0,,1.8636984825134277,OUTBOUND,-4.481866359710693,0.2252575229066392,
1,8.549501419067383,1.0309339761734009,0.0667775347828865,0.07687597721815109,1.3132088640122674,28.54894169512162,-3.9169981479644775,303,5,119,0,,3.45845365524292,OUTBOUND,-4.492712020874023,0.18504124815741316,
1,8.598888397216797,1.0312387943267822,0.38265326619148254,0.3832986652851105,1.3244947900238913,28.53663142985491,-3.93898344039917,304,5,120,0,,3.340397357940674,OUTBOUND,-4.517560958862305,0.14875519640830673,
1,8.571451187133789,1.031543493270874,0.5934169888496399,0.6213783621788025,1.3361470750242006,28.524316131142925,-3.892371654510498,305,5,121,0,,8.440275192260742,OUTBOUND,-4.532946586608887,0.15784977838661007,
1,8.641664505004883,1.0318495035171509,0.05265682190656662,0.05981086194515228,1.3487899530155119,28.512015442063863,-3.941443920135498,306,5,122,0,,3.2760632038116455,OUTBOUND,-4.554973125457764,0.17895210022782634,
1,8.60006332397461,1.0321550369262695,0.4375531077384949,0.45060575008392334,1.357706622016849,28.499720478494133,-3.883570671081543,307,5,123,0,,2.679142951965332,OUTBOUND,-4.5714592933654785,0.19143139947652338,
1,8.66179370880127,1.0324610471725464,0.5451736450195312,0.5764578580856323,1.366571329999715,28.487432396198756,-3.914522171020508,308,5,124,0,,5.28638219833374,FAILURE,-4.601402282714844,-9.786384159119022,
1,8.598797798156738,1.03276526927948,0.12374100089073181,0.13030275702476501,1.3769864690257236,29.98798331583148,-3.8397886753082275,309,6,1,0,,2.8089261054992676,OUTBOUND,-4.613276481628418,-0.0219292605740408,
1,8.70079231262207,1.0330700874328613,0.5562120079994202,0.5692132115364075,1.3899677080044057,29.975919096008454,-3.9116854667663574,310,6,2,0,,4.526092052459717,OUTBOUND,-4.638769626617432,-0.05645285362427365,
1,8.695914268493652,1.0333749055862427,0.42746710777282715,0.4360214173793793,1.401874626026256,29.963785418321226,-3.896265983581543,311,6,3,0,,1.7361564636230469,OUTBOUND,-4.650704383850098,-0.039164466915394186,
1,8.704771041870117,1.0336792469024658,0.38738685846328735,0.4104437232017517,1.4130606070102658,29.95166348506365,-3.8785579204559326,312,6,4,0,,0.6899390816688538,OUTBOUND,-4.680402755737305,0.006541854238112759,
1,8.704917907714844,1.033982753753662,0.8512499332427979,0.8846641778945923,1.422945285012247,29.939510067193257,-3.863755464553833,313,6,5,0,,2.6657450199127197,OUTBOUND,-4.693968772888184,-0.0189149903705907,
1,8.743043899536133,1.0342864990234375,0.4174475371837616,0.424439013004303,1.4345892290002666,29.92734796529546,-3.8946826457977295,314,6,6,0,,1.246350646018982,OUTBOUND,-4.699314594268799,-0.0424928119535727,
1,8.835212707519531,1.0345923900604248,1.324560284614563,1.358841896057129,1.4464301620027982,29.91521504606224,-3.9572508335113525,315,6,7,0,,5.408327102661133,OUTBOUND,-4.725470542907715,-0.042926589839043294,
1,8.813475608825684,1.0348988771438599,1.3367458581924438,1.3440138101577759,1.4543042099976446,29.903024337600144,-3.9170422554016113,316,6,8,0,,6.804693698883057,OUTBOUND,-4.740340232849121,-0.07467527447591443,
1,8.827414512634277,1.035205602645874,0.5490925312042236,0.5626895427703857,1.4612555790226907,29.89080807475961,-3.906419277191162,317,6,9,0,,3.6811399459838867,OUTBOUND,-4.765276908874512,-0.1019540805909513,
1,8.854185104370117,1.0355132818222046,0.44028839468955994,0.4485642611980438,1.4690867600147612,29.87858046715486,-3.9263081550598145,318,6,10,0,,2.226881265640259,OUTBOUND,-4.7731428146362305,-0.08458931664769165,
1,8.865554809570312,1.0358211994171143,0.39014124870300293,0.40961721539497375,1.4780034160066862,29.866387619752796,-3.9079015254974365,319,6,11,0,,2.4673521518707275,OUTBOUND,-4.805891513824463,-0.03896348537147046,
1,8.90406322479248,1.0361301898956299,0.49650856852531433,0.504112958908081,1.4860767619975377,29.854233497080305,-3.9369194507598877,320,6,12,0,,3.1146609783172607,OUTBOUND,-4.812735080718994,-0.024423224988633013,
1,8.854415893554688,1.0364385843276978,1.2494194507598877,1.2874094247817993,1.4955010170233436,29.842035496948057,-3.885275363922119,321,6,13,0,,0.7645218968391418,OUTBOUND,-4.817325115203857,-0.03588111134004536,
1,8.927691459655762,1.036747932434082,0.03799959272146225,0.04555218666791916,1.5069993160141166,29.8299234976833,-3.930457353591919,322,6,14,0,,0.8996994495391846,OUTBOUND,-4.843843936920166,-0.01862744507929109,
1,8.906872749328613,1.0370569229125977,0.824409008026123,0.8292471170425415,1.5175744490115903,29.81782565094307,-3.893967866897583,323,6,15,0,,2.5822510719299316,OUTBOUND,-4.858441352844238,-0.020143056131404827,
1,8.920960426330566,1.0373657941818237,0.3986795246601105,0.41646841168403625,1.5273464080237318,29.805732993911807,-3.901698112487793,324,6,16,0,,0.8839749097824097,OUTBOUND,-4.863914489746094,-0.04359778554536933,
1,8.924659729003906,1.0376744270324707,0.793950617313385,0.8193633556365967,1.5346013170201331,29.79357689051506,-3.8951494693756104,325,6,17,0,,2.0827670097351074,OUTBOUND,-4.875917434692383,-0.010285072938286094,
1,8.931787490844727,1.037982702255249,0.09025228023529053,0.09886171668767929,1.544500058022095,29.781458028153928,-3.888550281524658,326,6,18,0,,1.1860591173171997,OUTBOUND,-4.888984203338623,0.04027742880656272,
1,8.940160751342773,1.038291573524475,0.9123103618621826,0.9324319362640381,1.552571958018234,29.769332252842453,-3.916445732116699,327,6,19,0,,5.157297134399414,OUTBOUND,-4.862306594848633,0.061209143555827454,
1,8.944363594055176,1.0386004447937012,1.2404872179031372,1.2745954990386963,1.5604664530255832,29.757204030615572,-3.903218984603882,328,6,20,0,,5.363957405090332,OUTBOUND,-4.878849983215332,0.08673411021651722,
1,9.008421897888184,1.0389100313186646,0.39636868238449097,0.4179786145687103,1.5683108500088565,29.745025270059777,-3.9263241291046143,329,6,21,0,,1.185649037361145,OUTBOUND,-4.917890548706055,0.127027243649064,
1,8.984950065612793,1.0392193794250488,0.05076579004526138,0.055618997663259506,1.5765084350132383,29.73280885475921,-3.8918240070343018,330,6,22,0,,1.1408205032348633,OUTBOUND,-4.929112434387207,0.14679450709059974,
1,8.96949291229248,1.0395276546478271,0.8807182908058167,0.910646378993988,1.585977073002141,29.72058537483523,-3.8707852363586426,331,6,23,0,,2.543842077255249,OUTBOUND,-4.936264991760254,0.11261723238825619,
1,9.016186714172363,1.0398361682891846,0.4168471395969391,0.4066597819328308,1.5948982090048958,29.70841582936017,-3.904069185256958,332,6,24,0,,0.7437072992324829,OUTBOUND,-4.946968078613281,0.0904702812994901,
1,9.036080360412598,1.040144920349121,0.8608301877975464,0.8587747812271118,1.6058162020053715,29.696233597776143,-3.90547251701355,333,6,25,0,,2.2283308506011963,OUTBOUND,-4.965417385101318,0.0728371466874281,
1,9.076821327209473,1.0404545068740845,0.41489094495773315,0.43846675753593445,1.6182380140235182,29.684067598037892,-3.924002170562744,334,6,26,0,,0.3709234893321991,OUTBOUND,-4.985803127288818,0.05882729091460642,
1,9.13152027130127,1.0407662391662598,0.06484059989452362,0.0702173039317131,1.6309742130106315,29.671895255622236,-3.9725873470306396,335,6,27,0,,2.373866081237793,OUTBOUND,-4.9871439933776855,0.09602615390535559,
1,9.080402374267578,1.0410785675048828,1.6122055053710938,1.6342425346374512,1.6435997300141025,29.659704530429458,-3.9241766929626465,336,6,28,0,,4.380417346954346,OUTBOUND,-4.988102436065674,0.10153333407504558,
1,9.068038940429688,1.0413905382156372,0.5151204466819763,0.5329608917236328,1.6523855040140916,29.64751992506097,-3.900890350341797,337,6,29,0,,2.3286445140838623,OUTBOUND,-5.001030921936035,0.061770445189358196,
1,9.096029281616211,1.0417026281356812,0.4332980513572693,0.4456789195537567,1.6601966060115956,29.635344629252476,-3.908759355545044,338,6,30,0,,5.570960521697998,OUTBOUND,-5.013521671295166,0.04540119828665479,
1,9.036169052124023,1.042013168334961,0.9053141474723816,0.9191231727600098,1.6722592800215352,29.62312015730682,-3.861452102661133,339,6,31,0,,0.9404628276824951,OUTBOUND,-5.00283670425415,0.06627685366445366,
1,9.138618469238281,1.0423245429992676,0.8760833144187927,0.8979396224021912,1.683936679008184,29.61091928523249,-3.93082857131958,340,6,32,0,,9.25639820098877,OUTBOUND,-5.02691650390625,0.050253279147853755,
1,9.085758209228516,1.0426346063613892,0.8340116739273071,0.8229002356529236,1.6938399570062757,29.59869844957215,-3.861283302307129,341,6,33,0,,2.788137435913086,OUTBOUND,-5.040923595428467,-0.024113048963482358,
1,9.104109764099121,1.0429434776306152,0.8251133561134338,0.8630098700523376,1.7013768440228887,29.58650635395508,-3.864495038986206,342,6,34,0,,0.9169055223464966,OUTBOUND,-5.060500144958496,-0.08506072345636806,
1,9.172395706176758,1.043252944946289,0.059298157691955566,0.06363870203495026,1.7093528960249387,29.574300236631974,-3.9145731925964355,343,6,35,0,,1.1147105693817139,OUTBOUND,-5.073266506195068,-0.12718823975880528,
1,9.226215362548828,1.0435638427734375,0.903950035572052,0.928156316280365,1.7176208020246122,29.562096646866205,-3.940758228302002,344,6,36,0,,0.43314817547798157,OUTBOUND,-5.101946830749512,-0.1647635093977544,
1,9.172115325927734,1.0438743829727173,0.42098912596702576,0.4428403079509735,1.7255354310036637,29.549888132677857,-3.8945560455322266,345,6,37,0,,1.0751190185546875,OUTBOUND,-5.097114086151123,-0.20641073148762043,
1,9.19357681274414,1.0441848039627075,0.5647450685501099,0.5758134126663208,1.7333511800097767,29.53763242190381,-3.8950440883636475,346,6,38,0,,1.7414002418518066,OUTBOUND,-5.120744228363037,-0.26895608041807606,
1,9.192744255065918,1.0444947481155396,0.8789503574371338,0.8734410405158997,1.7463143690256402,29.525355178833866,-3.884322166442871,347,6,39,0,,4.305173873901367,OUTBOUND,-5.134394645690918,-0.3275947698492431,
1,9.222156524658203,1.0448049306869507,0.8207968473434448,0.8404349088668823,1.7550277480040677,29.513054536375762,-3.9063172340393066,348,6,40,0,,2.8137221336364746,OUTBOUND,-5.135325908660889,-0.3299208113723734,
1,9.234626770019531,1.0451151132583618,0.8444391489028931,0.83913654088974,1.7627718760049902,29.500755974681596,-3.8974251747131348,349,6,41,0,,2.5798568725585938,OUTBOUND,-5.1532721519470215,-0.33415875316651256,
1,9.197542190551758,1.0454241037368774,0.0643177255988121,0.06989976018667221,1.7708405420125928,29.488435352502332,-3.863361120223999,350,6,42,0,,4.467685699462891,OUTBOUND,-5.149290084838867,-0.32338652518645983,
1,9.257427215576172,1.0457335710525513,0.8612203001976013,0.8856934905052185,1.7792321529996116,29.476174424754912,-3.907562494277954,351,6,43,0,,1.4440205097198486,OUTBOUND,-5.161603927612305,-0.27289861296994067,
1,9.26333236694336,1.0460435152053833,0.43128126859664917,0.4500115215778351,1.7888214499980677,29.463931649106865,-3.9067342281341553,352,6,44,0,,7.689663410186768,OUTBOUND,-5.159396648406982,-0.23095001947820443,
1,9.298315048217773,1.0463536977767944,1.2633463144302368,1.2728512287139893,1.7986180880106986,29.451700693395072,-3.908397674560547,353,6,45,0,,6.149126052856445,OUTBOUND,-5.191409111022949,-0.18843619005505133,
1,9.323112487792969,1.0466645956039429,0.4120292365550995,0.4304693043231964,1.809876361017814,29.43950690919762,-3.9146671295166016,354,6,46,0,,4.750067234039307,OUTBOUND,-5.207523345947266,-0.1873194742246173,
1,9.31283950805664,1.0469753742218018,0.41406935453414917,0.4167115390300751,1.820363905018894,29.427259915259217,-3.8977057933807373,355,6,47,0,,5.294615745544434,OUTBOUND,-5.2101593017578125,-0.17336963216222998,
1,9.394567489624023,1.0472874641418457,0.06121918186545372,0.07145562022924423,1.8279418070160318,29.415050439065226,-3.937455177307129,356,6,48,0,,0.796546220779419,OUTBOUND,-5.2526984214782715,-0.16800518312663415,
1,9.3536958694458,1.0475990772247314,0.46951618790626526,0.4914628863334656,1.8357918660040013,29.402852018618628,-3.8855361938476562,357,6,49,0,,0.8742640614509583,OUTBOUND,-5.2670793533325195,-0.2141223197144988,
1,9.428716659545898,1.0479114055633545,1.3072741031646729,1.3201848268508911,1.8456517000158783,29.390596237382443,-3.9236414432525635,358,6,50,0,,0.6491006016731262,OUTBOUND,-5.300713062286377,-0.20267672827942487,
1,9.418360710144043,1.0482243299484253,0.40533819794654846,0.4061189889907837,1.8562144500028808,29.378389682094237,-3.917665958404541,359,6,51,0,,4.922774314880371,OUTBOUND,-5.297560214996338,-0.19181695187262968,
1,9.44091796875,1.0485374927520752,0.08240126818418503,0.0824073776602745,1.865589296008693,29.36615962035035,-3.9128448963165283,360,6,52,0,,1.917334794998169,OUTBOUND,-5.320387840270996,-0.23139597207244345,
1,9.41319751739502,1.0488497018814087,0.11548462510108948,0.11971713602542877,1.8747652640158776,29.353924083073824,-3.8744773864746094,361,6,53,0,,0.6228603720664978,OUTBOUND,-5.332735061645508,-0.26895456404357027,
1,9.481513023376465,1.0491623878479004,0.0423935130238533,0.04365680366754532,1.887390679010423,29.341661177991362,-3.914808750152588,362,6,54,0,,0.7519010305404663,OUTBOUND,-5.359874248504639,-0.30335691055337033,
1,9.479992866516113,1.0494753122329712,0.07169556617736816,0.07748521864414215,1.8951988190237898,29.32939608701492,-3.907898187637329,363,6,55,0,,3.4605789184570312,OUTBOUND,-5.3648881912231445,-0.2943264229025326,
1,9.533985137939453,1.0497889518737793,0.4437791407108307,0.4473235607147217,1.9033694009995088,29.317130884558928,-3.924410104751587,364,6,56,0,,3.3099205493927,OUTBOUND,-5.39517068862915,-0.29599719859370693,
1,9.57309627532959,1.0501036643981934,0.03709268569946289,0.039964355528354645,1.911832117009908,29.304839398868893,-3.937893867492676,365,6,57,0,,2.380916118621826,OUTBOUND,-5.41819953918457,-0.2997071487695901,
1,9.476415634155273,1.050416111946106,0.5232075452804565,0.5128650069236755,1.9205464410188142,29.292533343768135,-3.8350493907928467,366,6,58,0,,2.9694864749908447,OUTBOUND,-5.435970306396484,-0.27396949921642805,
1,9.59672737121582,1.0507301092147827,0.054285190999507904,0.05385427549481392,1.9312202300061472,29.280255041095273,-3.951502799987793,367,6,59,0,,1.0880730152130127,OUTBOUND,-5.433061122894287,-0.23205935857238014,
1,9.53181266784668,1.0510430335998535,0.49142441153526306,0.5129446387290955,1.9392971630149987,29.268013529106856,-3.867863893508911,368,6,60,0,,1.6219942569732666,FAILURE,-5.457852840423584,-10.210682910899491,
1,9.582367897033691,1.0513564348220825,0.873428225517273,0.8965827226638794,1.9494493980018888,29.987960170885447,-3.915336847305298,369,7,1,0,,2.268599033355713,OUTBOUND,-5.455185413360596,0.02520928619860996,
1,9.68504810333252,1.051672339439392,0.8165827989578247,0.8441451191902161,1.9567802820238285,29.975886745174368,-3.980754852294922,370,7,2,0,,3.2354485988616943,OUTBOUND,-5.48823881149292,0.07493945335995901,
1,9.61119270324707,1.0519877672195435,0.75653076171875,0.7646931409835815,1.9641697150073014,29.963779937333562,-3.8950283527374268,371,7,3,0,,8.371011734008789,OUTBOUND,-5.495370388031006,0.12506758224445358,
1,9.638531684875488,1.0523033142089844,0.5468515753746033,0.5589737296104431,1.975398551003309,29.95164225319927,-3.909153461456299,372,7,4,0,,2.414013624191284,OUTBOUND,-5.510537624359131,0.16056678145025574,
1,9.665599822998047,1.052619218826294,0.37394487857818604,0.3785328269004822,1.9857817430165596,29.939495235326934,-3.9170546531677246,373,7,5,0,,2.480469226837158,OUTBOUND,-5.525751113891602,0.18753209819927447,
1,9.669594764709473,1.052935242652893,0.047011613845825195,0.04786624014377594,1.994065547012724,29.92730172213047,-3.9145214557647705,374,7,6,0,,1.1669081449508667,OUTBOUND,-5.538255214691162,0.1849560600365931,
1,9.659111022949219,1.0532504320144653,0.5323479175567627,0.5145346522331238,2.001400661014486,29.91512729239561,-3.883293867111206,375,7,7,0,,3.835270404815674,OUTBOUND,-5.5615234375,0.18096068334660517,
1,9.667977333068848,1.053564429283142,1.211073398590088,1.226043701171875,2.0106667960062623,29.90295094042757,-3.871250629425049,376,7,8,0,,2.7590548992156982,OUTBOUND,-5.5788421630859375,0.22732061316622756,
1,9.720945358276367,1.0538793802261353,0.2583869695663452,0.2549803853034973,2.023187044018414,29.890755436800646,-3.9258832931518555,377,7,9,0,,0.9464161992073059,OUTBOUND,-5.576511383056641,0.27792627291070393,
1,9.724724769592285,1.0541948080062866,0.0709109753370285,0.07607084512710571,2.0350541780062485,29.8785139288088,-3.9225564002990723,378,7,10,0,,0.8522908687591553,OUTBOUND,-5.583024501800537,0.301416972567321,
1,9.749966621398926,1.0545117855072021,0.06393709033727646,0.06346122920513153,2.045973265019711,29.86625165265427,-3.949817180633545,379,7,11,0,,2.152193307876587,OUTBOUND,-5.576426982879639,0.3010143614979005,
1,9.704545974731445,1.0548279285430908,1.041267991065979,1.0623502731323242,2.055050248018233,29.854009769763696,-3.884707450866699,380,7,12,0,,4.742153644561768,OUTBOUND,-5.6040825843811035,0.2892077645983253,
1,9.696296691894531,1.0551429986953735,1.0262081623077393,1.040157675743103,2.063282788003562,29.841801486355696,-3.8767647743225098,381,7,13,0,,9.687400817871094,OUTBOUND,-5.596096515655518,0.28870988535794595,
1,9.760108947753906,1.0554583072662354,0.07237240672111511,0.07745736837387085,2.0715712690143846,29.82959583118616,-3.909726619720459,382,7,14,0,,1.0013927221298218,OUTBOUND,-5.623849868774414,0.3387765732411378,
1,9.74896240234375,1.0557730197906494,1.6920074224472046,1.6955626010894775,2.081360730022425,29.81732621198634,-3.886895179748535,383,7,15,0,,0.7077795267105103,OUTBOUND,-5.635916709899902,0.40917853588297964,
1,9.792509078979492,1.0560883283615112,0.054581720381975174,0.05431009456515312,2.092099444998894,29.805025609930137,-3.91745662689209,384,7,16,0,,2.1084258556365967,OUTBOUND,-5.645175457000732,0.45588592094129854,
1,9.78451156616211,1.056403398513794,0.14460378885269165,0.1452011913061142,2.1039609120052774,29.792715735020703,-3.8949668407440186,385,7,17,0,,1.379482626914978,OUTBOUND,-5.657406806945801,0.4571887130060768,
1,9.778827667236328,1.0567177534103394,1.345384955406189,1.362947940826416,2.117521165026119,29.78038260458316,-3.881880283355713,386,7,18,0,,2.3056559562683105,OUTBOUND,-5.668557643890381,0.48904536651584046,
1,9.785806655883789,1.057031273841858,0.5645626783370972,0.5561113953590393,2.126076353015378,29.768023310949403,-3.8750338554382324,387,7,19,0,,0.9988510608673096,OUTBOUND,-5.683104038238525,0.5392860226578965,
1,9.857300758361816,1.057346224784851,0.5721961259841919,0.5849934816360474,2.134675812005298,29.75564836139328,-3.937039852142334,388,7,20,0,,0.9860301613807678,OUTBOUND,-5.690946578979492,0.5530361393548628,
1,9.811308860778809,1.0576611757278442,0.8766857981681824,0.9020914435386658,2.1464197490131482,29.743265124051007,-3.9020915031433105,389,7,21,0,,2.8924198150634766,OUTBOUND,-5.678963661193848,0.5449997460124116,
1,9.76807975769043,1.0579744577407837,0.5650469064712524,0.5771142840385437,2.158772532013245,29.73091312667138,-3.8516836166381836,390,7,22,0,,0.9507619738578796,OUTBOUND,-5.6875834465026855,0.5210506407833766,
1,9.87028694152832,1.0582884550094604,0.3777254819869995,0.3893844187259674,2.170250365015818,29.718583090975706,-3.9141600131988525,391,7,23,0,,7.65868616104126,OUTBOUND,-5.712485313415527,0.4911093496457597,
1,9.823978424072266,1.0586020946502686,0.09574290364980698,0.10059871524572372,2.1818637600226793,29.706277003094655,-3.884131908416748,392,7,24,0,,2.0817203521728516,OUTBOUND,-5.69871711730957,0.49306480774526934,
1,9.916603088378906,1.0589172840118408,0.6845393776893616,0.6841961741447449,2.194050910009537,29.69393283042222,-3.9458351135253906,393,7,25,0,,9.807860374450684,OUTBOUND,-5.714746952056885,0.4928647304426453,
1,9.908686637878418,1.0592323541641235,0.055001892149448395,0.06063831225037575,2.2057992260088213,29.681594723385814,-3.892545700073242,394,7,26,0,,3.1583330631256104,OUTBOUND,-5.761545658111572,0.5106329571728738,
1,9.930607795715332,1.0595471858978271,0.8961214423179626,0.8940556049346924,2.2186370120034553,29.66922878046474,-3.891702651977539,395,7,27,0,,4.0524373054504395,OUTBOUND,-5.780234336853027,0.5156337866637429,
1,9.966367721557617,1.059862494468689,0.3469773232936859,0.3496495187282562,2.226584449002985,29.656913665126183,-3.913273572921753,396,7,28,0,,3.790807008743286,OUTBOUND,-5.795502662658691,0.47485564558035154,
1,10.015263557434082,1.0601780414581299,0.6263775825500488,0.6541613936424255,2.233961606019875,29.644578016975146,-3.906149387359619,397,7,29,0,,5.766279697418213,OUTBOUND,-5.84467887878418,0.48123949788345916,
1,9.996023178100586,1.0604931116104126,0.35283350944519043,0.37270766496658325,2.243267106998246,29.632247222902272,-3.886647939682007,398,7,30,0,,1.579132318496704,OUTBOUND,-5.846818923950195,0.49259711324372396,
1,10.070258140563965,1.0608088970184326,1.1148006916046143,1.1406924724578857,2.253260396013502,29.61993366367376,-3.9175033569335938,399,7,31,0,,2.379135847091675,OUTBOUND,-5.886662006378174,0.45982867182026904,
1,10.04190444946289,1.0611244440078735,1.1353394985198975,1.161932349205017,2.262227053026436,29.60763020161573,-3.8912782669067383,400,7,32,0,,8.492606163024902,OUTBOUND,-5.895295143127441,0.4694410136152607,
1,10.122884750366211,1.06144118309021,0.5982161164283752,0.6095035076141357,2.269551434001187,29.59527988012204,-3.9368739128112793,401,7,33,0,,2.330308198928833,OUTBOUND,-5.926289081573486,0.491193279696728,
1,10.049245834350586,1.0617568492889404,0.605821967124939,0.6195646524429321,2.2778077840048354,29.582956688247748,-3.8671958446502686,402,7,34,0,,4.264962673187256,OUTBOUND,-5.937479496002197,0.49278007507855476,
1,10.082930564880371,1.0620719194412231,0.05427682772278786,0.06254573911428452,2.2869030110014137,29.570593906988947,-3.882063865661621,403,7,35,0,,0.9087863564491272,OUTBOUND,-5.9500956535339355,0.5111819510705409,
1,10.055538177490234,1.0623853206634521,0.05121314525604248,0.05641597509384155,2.2969914240238722,29.558190879850073,-3.8442392349243164,404,7,36,0,,1.5229862928390503,OUTBOUND,-5.965611934661865,0.5485713008581419,
1,10.0775785446167,1.0626988410949707,1.4175162315368652,1.4587959051132202,2.305759647017112,29.54572123372537,-3.8957223892211914,405,7,37,0,,5.594607353210449,OUTBOUND,-5.942687034606934,0.5450749097789039,
1,10.10843563079834,1.0630125999450684,0.584161102771759,0.6087660789489746,2.315156216005562,29.53335410011035,-3.8953588008880615,406,7,38,0,,2.2171943187713623,OUTBOUND,-5.970633029937744,0.5130302585934282,
1,10.1644287109375,1.0633281469345093,0.304179847240448,0.3165436387062073,2.326189088023966,29.52099868810575,-3.9457473754882812,407,7,39,0,,6.6859450340271,OUTBOUND,-5.9647064208984375,0.5003150272817337,
1,10.14934253692627,1.0636452436447144,0.10694777965545654,0.11364484578371048,2.3358064500207547,29.5086318700198,-3.941786289215088,408,7,40,0,,0.8782892823219299,OUTBOUND,-5.953695774078369,0.490017974086345,
1,10.130539894104004,1.0639619827270508,0.055124636739492416,0.05588804557919502,2.3487037169979885,29.496281350241357,-3.889084577560425,409,7,41,0,,2.592149257659912,OUTBOUND,-5.987311363220215,0.49209160294301774,
1,10.169889450073242,1.0642799139022827,0.049265775829553604,0.054885752499103546,2.3602375280170236,29.483939798700437,-3.9378533363342285,410,7,42,0,,3.106559991836548,OUTBOUND,-5.9693498611450195,0.47931643438976185,
1,10.16129207611084,1.0645980834960938,0.34841781854629517,0.3611409664154053,2.3713770340254996,29.47156619795776,-3.907750129699707,411,7,43,0,,4.16928243637085,OUTBOUND,-5.989970684051514,0.4917905607359353,
1,10.127897262573242,1.064915657043457,0.3642425239086151,0.37155312299728394,2.3832820850075223,29.459159889999025,-3.885326862335205,412,7,44,0,,5.87843132019043,FAILURE,-5.974001884460449,0.523217883312046,
1,10.20174503326416,1.0652333498001099,1.1872293949127197,1.1929823160171509,2.3971751049975865,29.98798480807143,-3.9022746086120605,413,8,1,0,,3.4855594635009766,OUTBOUND,-6.034660816192627,-0.022396602956231214,
1,10.221906661987305,1.0655512809753418,0.6487278342247009,0.668877124786377,2.4061324170033913,29.975913538928666,-3.9094748497009277,414,8,2,0,,0.8828446269035339,OUTBOUND,-6.0448503494262695,-0.0009183771273318948,
1,10.209952354431152,1.0658693313598633,0.0676400363445282,0.07485789060592651,2.4196714730060194,29.963806625970104,-3.9066221714019775,415,8,3,0,,3.3737118244171143,OUTBOUND,-6.034212112426758,0.0558560428913795,
1,10.25930404663086,1.0661885738372803,0.8612966537475586,0.8918302059173584,2.432206056022551,29.951683261263266,-3.932912588119507,416,8,4,0,,3.7239348888397217,OUTBOUND,-6.0516157150268555,0.10189423673348254,
1,10.227381706237793,1.0665078163146973,0.8886522650718689,0.9147585034370422,2.444983036024496,29.939540926752883,-3.907573938369751,417,8,5,0,,3.640026569366455,OUTBOUND,-6.045125484466553,0.12169558476091942,
1,10.247468948364258,1.066827654838562,0.39088812470436096,0.40568211674690247,2.457855965010822,29.927370056596665,-3.9204277992248535,418,8,6,0,,2.607682704925537,OUTBOUND,-6.047410011291504,0.12105493672871769,
1,10.30582046508789,1.067147135734558,0.144400954246521,0.14627386629581451,2.4701382520142943,29.915229521758828,-3.896777629852295,419,8,7,0,,1.910370945930481,OUTBOUND,-6.1255574226379395,0.14513756379494092,
1,10.219313621520996,1.0674642324447632,0.31000226736068726,0.31405580043792725,2.4824875790218357,29.903070648996835,-3.8326704502105713,420,8,8,0,,4.75730037689209,OUTBOUND,-6.105778694152832,0.15246519065463668,
1,10.337732315063477,1.0677826404571533,0.6584659814834595,0.6470279693603516,2.4941671050037257,29.890916385921393,-3.9355404376983643,421,8,9,0,,2.2707014083862305,OUTBOUND,-6.116741180419922,0.14496492896181043,
1,10.338373184204102,1.0681012868881226,0.04570246487855911,0.04428127408027649,2.5028605820261873,29.87870412622236,-3.9086179733276367,422,8,10,0,,0.7987674474716187,OUTBOUND,-6.150960922241211,0.135489125148557,
1,10.346882820129395,1.0684200525283813,1.7102174758911133,1.7474687099456787,2.5102364310005214,29.86660399319243,-3.9037692546844482,423,8,11,0,,2.5578176975250244,OUTBOUND,-6.164824962615967,0.1096067480694591,
1,10.342107772827148,1.0687378644943237,0.8729844689369202,0.8860132098197937,2.5215531270077918,29.85450080649325,-3.8727633953094482,424,8,12,0,,0.9650542140007019,OUTBOUND,-6.193478107452393,0.06993036198630581,
1,10.315569877624512,1.0690540075302124,1.4914675951004028,1.5001819133758545,2.53029101100401,29.84240073667963,-3.8477399349212646,425,8,13,0,,5.188413619995117,OUTBOUND,-6.198756217956543,0.06026263878333209,
1,10.435538291931152,1.0693715810775757,0.9147429466247559,0.9234832525253296,2.5379596350248903,29.83027294978827,-3.9325320720672607,426,8,14,0,,1.102517008781433,OUTBOUND,-6.227547645568848,0.09196088177822306,
1,10.483315467834473,1.0696910619735718,0.31979355216026306,0.3387005031108856,2.5470329450035933,29.81809259092579,-3.955993890762329,427,8,15,0,,5.748835563659668,OUTBOUND,-6.243964195251465,0.13405979133647428,
1,10.375048637390137,1.0700081586837769,0.2741866409778595,0.2897680997848511,2.5565004399977624,29.805905633860306,-3.8298532962799072,428,8,16,0,,5.045284271240234,OUTBOUND,-6.266294002532959,0.17754681382598084,
1,10.47409725189209,1.070326566696167,1.4781932830810547,1.496655821800232,2.5643606160010677,29.79368064180835,-3.932957887649536,429,8,17,0,,2.2020654678344727,OUTBOUND,-6.256194591522217,0.17704528856603943,
1,10.43880844116211,1.0706452131271362,0.6187257766723633,0.6300302743911743,2.5722306850075256,29.781414676270312,-3.905949592590332,430,8,18,0,,1.1498275995254517,OUTBOUND,-6.244758605957031,0.18640029791211057,
1,10.418967247009277,1.0709636211395264,1.084423303604126,1.1127854585647583,2.58051616299781,29.769142523133354,-3.8921334743499756,431,8,19,0,,4.698896884918213,OUTBOUND,-6.238593578338623,0.21657121217068834,
1,10.41472339630127,1.0712810754776,0.7381575107574463,0.7612485885620117,2.5900821480026934,29.75685275192859,-3.8665850162506104,432,8,20,0,,0.8517671227455139,OUTBOUND,-6.263481140136719,0.23668940225880788,
1,10.53007698059082,1.0715992450714111,0.30980321764945984,0.31257882714271545,2.5981561960070394,29.744539751623336,-3.9166088104248047,433,8,21,0,,6.79285192489624,OUTBOUND,-6.315657615661621,0.2139372213043854,
1,10.54616641998291,1.0719183683395386,0.7010217308998108,0.6893119812011719,2.6064492750156205,29.73221904590678,-3.9233477115631104,434,8,22,0,,0.7158358097076416,OUTBOUND,-6.327117919921875,0.15232088428508533,
1,10.557570457458496,1.072237491607666,0.3272235691547394,0.3411334156990051,2.618520015006652,29.719953237057982,-3.90032958984375,435,8,23,0,,3.73081111907959,OUTBOUND,-6.356583118438721,0.14760642970581694,
1,10.534758567810059,1.0725572109222412,1.2725942134857178,1.2958401441574097,2.6277098749997094,29.707692234366057,-3.914120674133301,436,8,24,0,,4.490458965301514,OUTBOUND,-6.3274688720703125,0.18900414646781483,
1,10.536827087402344,1.072877287864685,0.0689263641834259,0.06964298337697983,2.6361140200169757,29.695460599747953,-3.9088945388793945,437,8,25,0,,3.776794910430908,OUTBOUND,-6.32905912399292,0.20975806653846193,
1,10.580784797668457,1.0731980800628662,0.8831794261932373,0.9006911516189575,2.6442194000119343,29.68319814543952,-3.9240286350250244,438,8,26,0,,1.7719345092773438,OUTBOUND,-6.352323532104492,0.2426696237533785,
1,10.515588760375977,1.0735177993774414,0.6997579336166382,0.7126923203468323,2.654771355999401,29.670954073178006,-3.8694095611572266,439,8,27,0,,1.3920825719833374,OUTBOUND,-6.352051734924316,0.2544937404918791,
1,10.542664527893066,1.0738368034362793,0.705854058265686,0.7176583409309387,2.6629042090207804,29.658703420279732,-3.878544807434082,440,8,28,0,,1.9880038499832153,OUTBOUND,-6.369386196136475,0.23315702794285587,
1,10.5718994140625,1.0741548538208008,1.7271921634674072,1.7584861516952515,2.670505697024055,29.646409701920295,-3.8667948246002197,441,8,29,0,,0.622662365436554,OUTBOUND,-6.411369800567627,0.24977666129842413,
1,10.660234451293945,1.0744752883911133,0.7782320976257324,0.7974363565444946,2.6775987240253016,29.634142759597616,-3.962108850479126,442,8,30,0,,1.4558314085006714,OUTBOUND,-6.393991947174072,0.24464601006759978,
1,10.586335182189941,1.0747958421707153,1.2878859043121338,1.3102798461914062,2.6885106450063176,29.62190385337889,-3.9069435596466064,443,8,31,0,,2.433779716491699,OUTBOUND,-6.384281158447266,0.19383597975795344,
1,10.598688125610352,1.0751153230667114,0.6866812705993652,0.6950391530990601,2.699323123000795,29.609707484174105,-3.865595817565918,444,8,32,0,,2.12060284614563,OUTBOUND,-6.439773082733154,0.1684250518275289,
1,10.673420906066895,1.0754356384277344,0.6760650873184204,0.6849435567855835,2.709581685019657,29.597474248319905,-3.9223318099975586,445,8,33,0,,0.8267331719398499,OUTBOUND,-6.447635173797607,0.15439356652225952,
1,10.631246566772461,1.0757569074630737,0.07901184260845184,0.08827007561922073,2.721972077997634,29.585303210081772,-3.924614906311035,446,8,34,0,,6.870763778686523,OUTBOUND,-6.398529052734375,0.1465401374854681,
1,10.700971603393555,1.076079249382019,0.25551125407218933,0.26855018734931946,2.7317466080130544,29.573071637199483,-3.9339165687561035,447,8,35,0,,6.795877456665039,OUTBOUND,-6.450347900390625,0.15657476376151594,
1,10.693554878234863,1.076401710510254,0.2783767580986023,0.29610586166381836,2.739098192017991,29.560805048889595,-3.90946102142334,448,8,36,0,,8.69377326965332,OUTBOUND,-6.45809268951416,0.17202854114782615,
1,10.641218185424805,1.0767229795455933,1.241958498954773,1.2630343437194824,2.7487025950104,29.548508043528013,-3.866276979446411,449,8,37,0,,4.242146015167236,OUTBOUND,-6.452639102935791,0.20395987372636548,
1,10.721080780029297,1.0770429372787476,0.7009627819061279,0.7082724571228027,2.7591988920175936,29.536182168335785,-3.8628509044647217,450,8,38,0,,1.5737204551696777,OUTBOUND,-6.528611183166504,0.23067001451825667,
1,10.832820892333984,1.0773637294769287,0.22436268627643585,0.23804764449596405,2.7667912680190057,29.52385181124953,-3.921692371368408,451,8,39,0,,4.601653099060059,OUTBOUND,-6.571915626525879,0.2223780058481772,
1,10.789080619812012,1.0776841640472412,0.27792271971702576,0.280399888753891,2.773959933023434,29.511549329674978,-3.885977029800415,452,8,40,0,,5.175113677978516,OUTBOUND,-6.566247940063477,0.2010071504329916,
1,10.88901424407959,1.0780056715011597,0.9409126043319702,0.963860034942627,2.784162598021794,29.4992644235481,-3.9281177520751953,453,8,41,0,,0.895810067653656,OUTBOUND,-6.62136173248291,0.21066509974369257,
1,10.939577102661133,1.078328251838684,0.7847776412963867,0.7727354764938354,2.795346740022069,29.48696813899331,-3.9308128356933594,454,8,42,0,,2.78256893157959,OUTBOUND,-6.673084259033203,0.18851234592161537,
1,10.965192794799805,1.0786504745483398,0.2567785978317261,0.26971179246902466,2.803237922023982,29.474649923042566,-3.894514799118042,455,8,43,0,,2.7680327892303467,OUTBOUND,-6.734322547912598,0.1209475469689633,
1,10.996025085449219,1.0789738893508911,0.747278094291687,0.755244791507721,2.8108549050230067,29.46231020100915,-3.9336719512939453,456,8,44,0,,3.9443304538726807,OUTBOUND,-6.73183536529541,0.10449187970650964,
1,10.983827590942383,1.0792990922927856,1.3815090656280518,1.4021174907684326,2.8223550590046216,29.449936611643242,-3.9587862491607666,457,8,45,0,,9.980626106262207,OUTBOUND,-6.7125654220581055,0.1311732781776919,
1,10.929481506347656,1.0796239376068115,1.633081316947937,1.6207679510116577,2.8309412090166006,29.437585101857604,-3.8987181186676025,458,8,46,0,,5.128657817840576,OUTBOUND,-6.731728553771973,0.15486512697563057,
1,10.854084014892578,1.079947590827942,0.9141379594802856,0.9127641320228577,2.838797290023649,29.425207913315045,-3.873410940170288,459,8,47,0,,1.0123687982559204,OUTBOUND,-6.673488140106201,0.13440927791039078,
1,10.976557731628418,1.0802714824676514,0.2564699351787567,0.2547922134399414,2.847407690016553,29.412812921467598,-3.9096076488494873,460,8,48,0,,5.4706268310546875,OUTBOUND,-6.74626350402832,0.07557885922671942,
1,10.936630249023438,1.0805954933166504,0.7932959794998169,0.7785975337028503,2.860571624012664,29.400459702975382,-3.912154197692871,461,8,49,0,,3.147369861602783,OUTBOUND,-6.709926605224609,0.05382304443261073,
1,10.951995849609375,1.0809202194213867,0.7904746532440186,0.7710896730422974,2.872537405026378,29.38806421033823,-3.9243228435516357,462,8,50,0,,2.5901718139648438,OUTBOUND,-6.712667465209961,0.04343987122719048,
1,10.971766471862793,1.0812451839447021,0.24357278645038605,0.24491609632968903,2.885371906013461,29.375739760267408,-3.9140474796295166,463,8,51,0,,6.461148738861084,OUTBOUND,-6.7304911613464355,0.0418226869481875,
1,10.935406684875488,1.0815695524215698,0.9580458998680115,0.949548065662384,2.89851554602501,29.363439761663848,-3.8876712322235107,464,8,52,0,,2.704676628112793,OUTBOUND,-6.721022129058838,0.037144107059807446,
1,11.022347450256348,1.0818947553634644,1.673242449760437,1.6760098934173584,2.9074655000003986,29.351125007984933,-3.931457042694092,465,8,53,0,,0.8902055025100708,OUTBOUND,-6.765162467956543,0.02393903799179137,
1,10.975666046142578,1.0822199583053589,0.07189737260341644,0.06649651378393173,2.9162297420261893,29.338794207853077,-3.906710147857666,466,8,54,0,,5.509122848510742,OUTBOUND,-6.735866546630859,0.03352179927957109,
1,11.05539321899414,1.0825462341308594,0.26151373982429504,0.2654278576374054,2.926502687012544,29.326438473328153,-3.9384236335754395,467,8,55,0,,11.528019905090332,OUTBOUND,-6.764579772949219,0.07182236953883686,
1,11.038329124450684,1.0828721523284912,0.7045589089393616,0.7137550115585327,2.9359433040081058,29.314060648187883,-3.8995726108551025,468,8,56,0,,3.445915460586548,OUTBOUND,-6.784066677093506,0.09971381575671043,
1,11.051071166992188,1.0831974744796753,1.5408103466033936,1.5366096496582031,2.9440783390018623,29.301767866928706,-3.8916878700256348,469,8,57,0,,5.47625732421875,OUTBOUND,-6.818222999572754,0.11148005306548989,
1,11.097694396972656,1.0835239887237549,1.0095515251159668,0.9859866499900818,2.9521578650164884,29.289469829463552,-3.940223455429077,470,8,58,0,,1.6156063079833984,OUTBOUND,-6.80222749710083,0.13350088307407815,
1,11.102140426635742,1.0838502645492554,0.2376881241798401,0.23444241285324097,2.961759527999675,29.27715020581541,-3.906642436981201,471,8,59,0,,7.6016693115234375,OUTBOUND,-6.837835788726807,0.14239609105851508,
1,11.108711242675781,1.0841761827468872,0.07518291473388672,0.07589973509311676,2.974146623018896,29.264825974511282,-3.8933887481689453,472,8,60,0,,3.6107470989227295,FAILURE,-6.856213569641113,0.1180982780057729,
1,11.159793853759766,1.0845017433166504,0.942002534866333,0.9205121994018555,2.9858589360082988,29.987973143055026,-3.901154041290283,473,9,1,0,,4.678177356719971,OUTBOUND,-6.908936977386475,-0.034400480787307335,
1,11.237192153930664,1.0848270654678345,0.04807551950216293,0.04380716755986214,2.999326037999708,29.975918729715996,-3.8979694843292236,474,9,2,0,,3.2940454483032227,OUTBOUND,-6.982954502105713,-0.049327183795107754,
1,11.188541412353516,1.0851523876190186,0.7509832978248596,0.7559711337089539,3.011367360013537,29.96384399867143,-3.9045605659484863,475,9,3,0,,3.2655792236328125,OUTBOUND,-6.929170608520508,-0.0005193299067305444,
1,11.223299980163574,1.0854772329330444,0.05370565876364708,0.05443582311272621,3.024462586006848,29.951759978272023,-3.893174886703491,476,9,4,0,,3.591400384902954,OUTBOUND,-6.979238510131836,0.04071577988698749,
1,11.200714111328125,1.0858007669448853,0.3633817434310913,0.3603695333003998,3.035712336015422,29.939696832178885,-3.8624401092529297,477,9,5,0,,7.306830883026123,OUTBOUND,-6.980714321136475,0.017977930544693738,
1,11.301694869995117,1.0861258506774902,0.8379433155059814,0.8335087299346924,3.0448933800216764,29.92762872674948,-3.9432904720306396,478,9,6,0,,3.7647714614868164,OUTBOUND,-6.997211933135986,-0.03117880872616093,
1,11.33595085144043,1.0864509344100952,0.061158329248428345,0.06175173819065094,3.052607348014135,29.915526944578794,-3.9058287143707275,479,9,7,0,,0.5570552945137024,OUTBOUND,-7.079225540161133,-0.06626977135153679,
1,11.398050308227539,1.0867764949798584,0.9568492770195007,0.9505276679992676,3.0611120920220856,29.903377348951437,-3.9173357486724854,480,9,8,0,,1.1998987197875977,OUTBOUND,-7.128224849700928,-0.07238098248778647,
1,11.330739974975586,1.0871022939682007,0.16510406136512756,0.17682962119579315,3.0682586540060584,29.891274884602602,-3.908968448638916,481,9,9,0,,3.573793888092041,OUTBOUND,-7.067091941833496,-0.04300689122468653,
1,11.426656723022461,1.0874296426773071,0.8565757870674133,0.8434867262840271,3.0760961180203594,29.879215536493533,-3.9508934020996094,482,9,10,0,,3.529031753540039,OUTBOUND,-7.117377758026123,-0.03561175719830353,
1,11.392536163330078,1.0877561569213867,0.8679460883140564,0.8532388806343079,3.0847767860104796,29.86710851708686,-3.8852221965789795,483,9,11,0,,3.817007303237915,OUTBOUND,-7.162607192993164,-0.01806917042676427,
1,11.437095642089844,1.0880842208862305,0.10459037870168686,0.10686293989419937,3.094848972017644,29.85497840362782,-3.94685959815979,484,9,12,0,,2.608222484588623,OUTBOUND,-7.1410651206970215,0.03894923319889143,
1,11.35689926147461,1.0884127616882324,0.7826098203659058,0.7821486592292786,3.1046206680184696,29.842871227188414,-3.928194284439087,485,9,13,0,,3.4067981243133545,OUTBOUND,-7.078855037689209,0.02267207389604062,
1,11.353719711303711,1.0887393951416016,0.17737703025341034,0.17849773168563843,3.1126464060216676,29.830797091940987,-3.857250213623047,486,9,14,0,,4.567695140838623,OUTBOUND,-7.143735408782959,-0.044234734716178954,
1,11.402292251586914,1.0890662670135498,0.18547818064689636,0.1932639181613922,3.1248822470079176,29.81869679597972,-3.910600185394287,487,9,15,0,,7.453298091888428,OUTBOUND,-7.123915672302246,-0.08031478370194185,
1,11.348979949951172,1.0893919467926025,1.5609581470489502,1.5920782089233398,3.136930716020288,29.80661994109281,-3.8703691959381104,488,9,16,0,,8.544167518615723,OUTBOUND,-7.132262229919434,-0.10503488664415749,
1,11.447917938232422,1.0897186994552612,0.04254693165421486,0.04336151108145714,3.147835252020741,29.79448067499808,-3.9371259212493896,489,9,17,0,,2.2439892292022705,OUTBOUND,-7.145287990570068,-0.11398833921314301,
1,11.463175773620605,1.0900458097457886,0.33793017268180847,0.3342328667640686,3.157848714006832,29.782311796329758,-3.9135537147521973,490,9,18,0,,8.37833309173584,OUTBOUND,-7.178104400634766,-0.10701605864323377,
1,11.492537498474121,1.0903733968734741,0.05251189321279526,0.05032604560256004,3.168479254003614,29.770192022479844,-3.917654037475586,491,9,19,0,,1.6196274757385254,OUTBOUND,-7.19931173324585,-0.1375395689894727,
1,11.430889129638672,1.0907001495361328,0.979104220867157,0.9635122418403625,3.1809065640263725,29.758059387200337,-3.883087635040283,492,9,20,0,,2.866360664367676,OUTBOUND,-7.183194637298584,-0.18832300229294122,
1,11.550676345825195,1.091027021408081,0.03857167065143585,0.03731412813067436,3.191885282023577,29.745897621865264,-3.911485433578491,493,9,21,0,,2.3857882022857666,OUTBOUND,-7.2678446769714355,-0.20490561284865746,
1,11.541813850402832,1.091355323791504,0.9014654755592346,0.8851037621498108,3.2008622720022686,29.733761480888873,-3.9410953521728516,494,9,22,0,,3.346064567565918,OUTBOUND,-7.2258429527282715,-0.19975914347497234,
1,11.573990821838379,1.091683030128479,0.2169426530599594,0.20779462158679962,3.2083319970115554,29.721600713577004,-3.893228530883789,495,9,23,0,,6.640244960784912,OUTBOUND,-7.305679798126221,-0.17565936143444985,
1,11.559741973876953,1.0920100212097168,1.52613365650177,1.5464322566986084,3.2158666890172753,29.709472941982423,-3.88569712638855,496,9,24,0,,7.0876970291137695,OUTBOUND,-7.31320858001709,-0.16701985934829341,
1,11.616714477539062,1.09233820438385,0.04868714511394501,0.05056306719779968,3.2269220580055844,29.69731945762511,-3.938688278198242,497,9,25,0,,3.2169196605682373,OUTBOUND,-7.30111026763916,-0.18737421044650338,
1,11.563054084777832,1.0926647186279297,0.052426327019929886,0.04994650557637215,3.2357232400099747,29.68516358968311,-3.858149766921997,498,9,26,0,,4.580690383911133,OUTBOUND,-7.3266472816467285,-0.16519091952562281,
1,11.688249588012695,1.0929925441741943,0.036417458206415176,0.039355482906103134,3.2430381960002705,29.673012001197286,-3.9414572715759277,499,9,27,0,,3.6400327682495117,OUTBOUND,-7.357242107391357,-0.12613962702914977,
1,11.696849822998047,1.0933219194412231,0.050808463245630264,0.050487227737903595,3.251127246010583,29.66084171805927,-3.945931911468506,500,9,28,0,,4.932568550109863,OUTBOUND,-7.357979774475098,-0.12899623732208512,
1,11.64808464050293,1.093651294708252,1.6792042255401611,1.688474416732788,3.259346345002996,29.648677564256634,-3.9143073558807373,501,9,29,0,,2.4185707569122314,OUTBOUND,-7.342436790466309,-0.1221114837130151,
1,11.588562965393066,1.093977928161621,0.8343835473060608,0.8385142087936401,3.2682457330229226,29.636537907843326,-3.827688217163086,502,9,30,0,,3.150409698486328,OUTBOUND,-7.395605087280273,-0.09323076618239916,
1,11.677360534667969,1.0943037271499634,0.14221304655075073,0.15032890439033508,3.2770427630166523,29.624416687140968,-3.878981351852417,503,9,31,0,,5.7968902587890625,OUTBOUND,-7.41011381149292,-0.09652111699458324,
1,11.691364288330078,1.0946294069290161,0.9925471544265747,0.9866457581520081,3.2882219059974886,29.612289150330966,-3.8929288387298584,504,9,32,0,,2.1234145164489746,OUTBOUND,-7.412996292114258,-0.13816483270834945,
1,11.774385452270508,1.094955325126648,0.13638567924499512,0.14319607615470886,3.3013532740005758,29.60017712717035,-3.9066333770751953,505,9,33,0,,3.9653687477111816,OUTBOUND,-7.476640224456787,-0.18381146530039716,
1,11.825757026672363,1.095282793045044,1.7506879568099976,1.7576087713241577,3.3093549920013174,29.58803485090563,-3.938685417175293,506,9,34,0,,8.539803504943848,OUTBOUND,-7.50303840637207,-0.21574823260676662,
1,11.707808494567871,1.0956082344055176,0.1564018577337265,0.16541360318660736,3.316962859011255,29.575881895867898,-3.848752498626709,507,9,35,0,,3.7443435192108154,OUTBOUND,-7.483366966247559,-0.21353360869278387,
1,11.75905990600586,1.0959333181381226,0.36611855030059814,0.3727254569530487,3.3260261120158248,29.563735702073178,-3.881380319595337,508,9,36,0,,7.360255718231201,OUTBOUND,-7.490754127502441,-0.18753293033485802,
1,11.851838111877441,1.0962587594985962,0.03727731481194496,0.03956318646669388,3.334369084011996,29.551560048749177,-3.909250259399414,509,9,37,0,,4.171199321746826,OUTBOUND,-7.537273406982422,-0.20018428105731947,
1,11.908843994140625,1.0965862274169922,0.16668696701526642,0.17418724298477173,3.34218002401758,29.539387665079605,-3.9518039226531982,510,9,38,0,,4.415433883666992,OUTBOUND,-7.543908596038818,-0.18999878634304634,
1,11.863399505615234,1.096915602684021,0.09747472405433655,0.09966547787189484,3.3502033020195086,29.527218623444767,-3.9536283016204834,511,9,39,0,,1.189523458480835,OUTBOUND,-7.504176616668701,-0.1271393741820073,
1,11.838508605957031,1.0972440242767334,0.9910807013511658,0.9848418831825256,3.3586524730199017,29.515053612493276,-3.880844831466675,512,9,40,0,,1.583695650100708,OUTBOUND,-7.555541038513184,-0.06622228325806521,
1,11.876485824584961,1.0975730419158936,0.8349254131317139,0.8454082608222961,3.369552439020481,29.50290319028374,-3.91945743560791,513,9,41,0,,3.960031270980835,FAILURE,-7.565896987915039,-10.05357648353104,
1,12.04667854309082,1.097903847694397,0.14204196631908417,0.14772388339042664,3.3803368210210465,29.9879540762771,-3.9559531211853027,514,10,1,0,,2.6144418716430664,OUTBOUND,-7.689066410064697,0.025376723859133376,
1,11.952532768249512,1.0982344150543213,0.15367120504379272,0.15658748149871826,3.3908450830203947,29.97586209873485,-3.9041831493377686,515,10,2,0,,1.3167004585266113,OUTBOUND,-7.655258655548096,0.08252099945368588,
1,11.963773727416992,1.0985634326934814,0.12870264053344727,0.1358019858598709,3.39949151800829,29.96371209689869,-3.863168954849243,516,10,3,0,,4.150842666625977,OUTBOUND,-7.700981616973877,0.13805473610516117,
1,12.022016525268555,1.098893165588379,0.10646981745958328,0.11072272062301636,3.409202984010335,29.95154133260917,-3.923753023147583,517,10,4,0,,1.163370132446289,OUTBOUND,-7.688450336456299,0.16836677662721658,
1,12.03760814666748,1.099224328994751,1.0996942520141602,1.097747802734375,3.4174331780232023,29.939372575638586,-3.9471993446350098,518,10,5,0,,3.6923255920410156,OUTBOUND,-7.690186023712158,0.15096686434627407,
1,12.037518501281738,1.0995560884475708,0.9279767274856567,0.9397721290588379,3.4273963830200955,29.927217196534848,-3.92686128616333,519,10,6,0,,2.445016860961914,OUTBOUND,-7.7196149826049805,0.14340727770952044,
1,11.973472595214844,1.099887728691101,0.898267924785614,0.9104360342025757,3.4377026639995165,29.915041083440624,-3.9092352390289307,520,10,7,0,,3.909337043762207,OUTBOUND,-7.6789727210998535,0.13040999993763852,
1,12.062108039855957,1.1002182960510254,0.0494304783642292,0.051451586186885834,3.4488131150137633,29.902894212558135,-3.878694534301758,521,10,8,0,,2.602757453918457,OUTBOUND,-7.78120756149292,0.13365011949199126,
1,11.991538047790527,1.1005491018295288,0.08781133592128754,0.08594363927841187,3.4593176000053063,29.890686892098724,-3.9126298427581787,522,10,9,0,,2.2787957191467285,OUTBOUND,-7.686028480529785,0.13055595245462584,
1,12.036764144897461,1.1008790731430054,1.0163620710372925,1.0331392288208008,3.4693713760061655,29.87852525567954,-3.886033535003662,523,10,10,0,,2.026236057281494,OUTBOUND,-7.760679244995117,0.08868544431993775,
1,12.141918182373047,1.101210117340088,0.11839868873357773,0.12793803215026855,3.4786835630075075,29.866354839957143,-3.9343788623809814,524,10,11,0,,7.230837821960449,OUTBOUND,-7.790954113006592,0.10625256390329778,
1,12.041170120239258,1.1015400886535645,0.05336940288543701,0.05586344003677368,3.4857605760043953,29.85417000309282,-3.8761677742004395,525,10,12,0,,3.5489659309387207,OUTBOUND,-7.752352237701416,0.1314106179702218,
1,12.158312797546387,1.1018717288970947,0.21599234640598297,0.22160285711288452,3.4949632820207626,29.84199552291009,-3.9496216773986816,526,10,13,0,,0.46910643577575684,OUTBOUND,-7.7881927490234375,0.1342899979235293,
1,12.186738967895508,1.1022032499313354,1.0969350337982178,1.089379072189331,3.5050532270106487,29.829770816483023,-3.9077508449554443,527,10,14,0,,1.075610637664795,OUTBOUND,-7.864574432373047,0.11265010362978747,
1,12.18454647064209,1.1025339365005493,0.04355122148990631,0.04248679056763649,3.513075802999083,29.81757064664099,-3.884557008743286,528,10,15,0,,4.294556140899658,OUTBOUND,-7.870846271514893,0.05424028104704674,
1,12.127727508544922,1.1028649806976318,0.11712667346000671,0.11937035620212555,3.5202859950077254,29.805449360226245,-3.915956735610962,529,10,16,0,,6.203723907470703,OUTBOUND,-7.772493362426758,0.0411318311509552,
1,12.194913864135742,1.103196382522583,0.09513047337532043,0.10005436837673187,3.528616358002182,29.793305357654546,-3.914780378341675,530,10,17,0,,1.5678482055664062,OUTBOUND,-7.854156017303467,0.0514690994997498,
1,12.218575477600098,1.1035280227661133,1.76485276222229,1.7734891176223755,3.538120596000226,29.781155136006326,-3.9146878719329834,531,10,18,0,,8.520831108093262,OUTBOUND,-7.887944221496582,0.05522333285554318,
1,12.20606803894043,1.1038603782653809,0.9478868842124939,0.947441041469574,3.5461974290083162,29.769016150071533,-3.9266698360443115,532,10,19,0,,2.9495785236358643,OUTBOUND,-7.85964822769165,0.060100246062100085,
1,12.224193572998047,1.1041916608810425,1.8766553401947021,1.8659355640411377,3.553581013024086,29.75687565562646,-3.882258415222168,533,10,20,0,,9.070893287658691,OUTBOUND,-7.943087100982666,0.08558962410980657,
1,12.249166488647461,1.1045235395431519,0.9457663297653198,0.9527413845062256,3.5616987160174176,29.744720950768343,-3.919907569885254,534,10,21,0,,2.4275362491607666,OUTBOUND,-7.938407897949219,0.13240187978248594,
1,12.176338195800781,1.1048557758331299,0.896459698677063,0.9008108377456665,3.5717097010056023,29.7325260936845,-3.91632080078125,535,10,22,0,,0.6670776009559631,OUTBOUND,-7.861471176147461,0.11741780532231265,
1,12.270151138305664,1.1051887273788452,0.0751609355211258,0.07905792444944382,3.5810890100256074,29.72037370133937,-3.93037486076355,536,10,23,0,,9.097864151000977,OUTBOUND,-7.917049884796143,0.10117953005727001,
1,12.210482597351074,1.105521559715271,1.0497705936431885,1.0636759996414185,3.591251108009601,29.708202603474096,-3.901930093765259,537,10,24,0,,1.1002446413040161,OUTBOUND,-7.8889007568359375,0.09608548442668846,
1,12.253029823303223,1.105853796005249,0.10063109546899796,0.10568375885486603,3.6028934430214576,29.696050822016012,-3.8954548835754395,538,10,25,0,,4.929376125335693,OUTBOUND,-7.929548263549805,0.05431771135834703,
1,12.353095054626465,1.1061874628067017,0.06549942493438721,0.07128724455833435,3.6130440770066343,29.68395962462732,-3.9479849338531494,539,10,26,0,,7.0073747634887695,OUTBOUND,-7.9565043449401855,0.05791272684373922,
1,12.249725341796875,1.106520414352417,0.12883147597312927,0.13600610196590424,3.621141403011279,29.67182660114975,-3.891463279724121,540,10,27,0,,9.582979202270508,OUTBOUND,-7.902759075164795,0.10564279894433656,
1,12.395167350769043,1.1068549156188965,1.1092145442962646,1.1212923526763916,3.6303861170017626,29.65967226603106,-3.9499130249023438,541,10,28,0,,1.3983725309371948,OUTBOUND,-7.990346908569336,0.1296128601805347,
1,12.42093276977539,1.1071895360946655,0.9139454364776611,0.9071106910705566,3.650529361999361,29.647525195358504,-3.9179458618164062,542,10,29,0,,1.48318612575531,OUTBOUND,-8.045498847961426,0.12279145214420628,
1,12.455188751220703,1.107524037361145,1.0183470249176025,1.0134910345077515,3.667998470016755,29.63537665729952,-3.9093244075775146,543,10,30,0,,0.8645358681678772,OUTBOUND,-8.094738006591797,0.0891960511901279,
1,12.414215087890625,1.1078566312789917,0.06117069721221924,0.060504000633955,3.678511182020884,29.623242896268085,-3.8577656745910645,544,10,31,0,,4.082605838775635,OUTBOUND,-8.101137161254883,0.08236621763000271,
1,12.483874320983887,1.108188271522522,0.16103701293468475,0.15349692106246948,3.690107741014799,29.611129974500525,-3.8807120323181152,545,10,32,0,,5.355587482452393,OUTBOUND,-8.150411605834961,0.09431659729442099,
1,12.562567710876465,1.1085200309753418,0.048232562839984894,0.05019820109009743,3.700946784025291,29.598970296313286,-3.9047608375549316,546,10,33,0,,2.4097115993499756,OUTBOUND,-8.183034896850586,0.1234072236889017,
1,12.526758193969727,1.1088508367538452,0.05575054883956909,0.059296417981386185,3.709988868999062,29.58678274540877,-3.878228187561035,547,10,34,0,,0.8884366750717163,OUTBOUND,-8.186577796936035,0.13333002998950538,
1,12.656707763671875,1.1091833114624023,0.04518212378025055,0.04521840065717697,3.719398555025691,29.57464086742811,-3.948267698287964,548,10,35,0,,1.0405397415161133,OUTBOUND,-8.250642776489258,0.11784124155943372,
1,12.597914695739746,1.1095162630081177,1.0852112770080566,1.0780870914459229,3.731012656004168,29.56245120967623,-3.9162778854370117,549,10,36,0,,7.067691802978516,OUTBOUND,-8.239423751831055,0.1403461572140027,
1,12.653203010559082,1.1098493337631226,0.9928019046783447,0.9988404512405396,3.7398750580032356,29.550277480802798,-3.9108073711395264,550,10,37,0,,10.770035743713379,OUTBOUND,-8.324941635131836,0.1186100253251641,
1,12.6549654006958,1.110182285308838,0.10001525282859802,0.09856722503900528,3.747614093008451,29.538144733483357,-3.9029102325439453,551,10,38,0,,1.7697809934616089,OUTBOUND,-8.33189582824707,0.10134024116533233,
1,12.604610443115234,1.1105152368545532,0.9394427537918091,0.9314293265342712,3.755080192000605,29.526005625824222,-3.901945114135742,552,10,39,0,,5.060796737670898,OUTBOUND,-8.294511795043945,0.13312071469245446,
1,12.600194931030273,1.1108477115631104,1.006028413772583,1.003554105758667,3.7628209090034943,29.513823670623974,-3.8950111865997314,553,10,40,0,,5.94530725479126,OUTBOUND,-8.29671573638916,0.17872896214703674,
1,12.544898986816406,1.1111807823181152,0.08671560138463974,0.08940617740154266,3.7744031920155976,29.50158700132022,-3.9198620319366455,554,10,41,0,,2.998063087463379,OUTBOUND,-8.203777313232422,0.19200935075722927,
1,12.580272674560547,1.1115140914916992,0.06171096861362457,0.06774798035621643,3.7858559350133874,29.48934065160003,-3.910592555999756,555,10,42,0,,6.355162143707275,OUTBOUND,-8.238694190979004,0.1510896096192904,
1,12.565467834472656,1.111847996711731,1.2098853588104248,1.2050573825836182,3.7977986370096914,29.477115792522834,-3.9240269660949707,556,10,43,0,,2.335561990737915,OUTBOUND,-8.211824417114258,0.13674995311420088,
1,12.525883674621582,1.112181544303894,0.08101899176836014,0.08888073265552521,3.807425769016845,29.464864377983112,-3.896343231201172,557,10,44,0,,8.359536170959473,OUTBOUND,-8.186556816101074,0.11462029092663172,
1,12.642857551574707,1.1125152111053467,0.09679087996482849,0.10109345614910126,3.81823140301276,29.452694254037574,-3.9088833332061768,558,10,45,0,,9.289325714111328,OUTBOUND,-8.264351844787598,0.08127735126247279,
1,12.509140014648438,1.1128467321395874,1.1175930500030518,1.110350489616394,3.8274660280148964,29.440526866892647,-3.845153331756592,559,10,46,0,,6.03432035446167,OUTBOUND,-8.194864273071289,0.05190366096116681,
1,12.822513580322266,1.113179087638855,1.2630201578140259,1.2555428743362427,3.8365082980017178,29.428400266689767,-3.9212164878845215,560,10,47,0,,2.7853715419769287,OUTBOUND,-8.42832088470459,-0.009101869970952099,
1,12.690043449401855,1.113511562347412,1.090928316116333,1.0804176330566406,3.8469228809990454,29.416239371810935,-3.903522491455078,561,10,48,0,,4.329834461212158,OUTBOUND,-8.31432819366455,-0.032802761746347324,
1,12.630471229553223,1.1138434410095215,0.10076034069061279,0.10407572239637375,3.8544202800258063,29.404138407909166,-3.8860509395599365,562,10,49,0,,8.93190860748291,OUTBOUND,-8.253639221191406,-0.009235330456992171,
1,12.801016807556152,1.1141754388809204,0.06659271568059921,0.06570018827915192,3.8629992229980417,29.392027597164603,-3.9038639068603516,563,10,50,0,,3.32523512840271,OUTBOUND,-8.405637741088867,0.009609534149482046,
1,12.829922676086426,1.1145073175430298,0.06992053985595703,0.06988037377595901,3.8727602740109432,29.379974320203473,-3.8943188190460205,564,10,51,0,,1.6202476024627686,OUTBOUND,-8.440631866455078,0.012891559447962315,
1,12.79184627532959,1.1148386001586914,2.008622884750366,2.0045745372772217,3.882676261011511,29.367886839855714,-3.8817615509033203,565,10,52,0,,8.826462745666504,OUTBOUND,-8.435837745666504,0.04108792294746143,
1,12.9587984085083,1.1151695251464844,0.06556086987257004,0.06730325520038605,3.890183548006462,29.355821515083164,-3.887453556060791,566,10,53,0,,2.4074559211730957,OUTBOUND,-8.592751502990723,0.06930564555449546,
1,12.96700668334961,1.115500807762146,0.08481753617525101,0.08393165469169617,3.9002020150073804,29.343724710703476,-3.902282238006592,567,10,54,0,,1.079025149345398,OUTBOUND,-8.588979721069336,0.08239075934803168,
1,12.979228973388672,1.1158329248428345,0.10587149858474731,0.1009259968996048,3.9127988860127516,29.33160101980262,-3.9210877418518066,568,10,55,0,,1.7416877746582031,OUTBOUND,-8.58037281036377,0.07312609652408776,
1,13.067495346069336,1.1161651611328125,0.08180377632379532,0.08275806903839111,3.926151777006453,29.319477637742803,-3.903903007507324,569,10,56,0,,2.4174225330352783,OUTBOUND,-8.688220977783203,0.07832803487397222,
1,13.102611541748047,1.1165000200271606,0.13168607652187347,0.13665549457073212,3.939588804001687,29.30736406277746,-3.966740608215332,570,10,57,0,,4.4645280838012695,OUTBOUND,-8.673811912536621,0.12095244380318494,
1,12.940092086791992,1.1168352365493774,1.045630931854248,1.0358688831329346,3.951313500001561,29.29524542158367,-3.9201998710632324,571,10,58,0,,8.767215728759766,OUTBOUND,-8.571245193481445,0.14324761509565612,
1,12.948410034179688,1.1171702146530151,0.09309539198875427,0.0975760668516159,3.964498644025298,29.28311215536854,-3.8970460891723633,572,10,59,0,,5.5672688484191895,FAILURE,-8.592962265014648,-9.871055852537527,
1,12.910569190979004,1.117504596710205,1.154197335243225,1.1371854543685913,3.9757543340092525,29.98796564060963,-3.88879132270813,573,11,1,0,,3.3500454425811768,OUTBOUND,-8.55925178527832,-0.009831853491248065,
1,12.96577262878418,1.1178399324417114,1.0312596559524536,1.0156464576721191,3.9836060480156448,29.975872781701298,-3.927473306655884,574,11,2,0,,3.5163207054138184,OUTBOUND,-8.592918395996094,-0.014262636809187816,
1,12.983659744262695,1.1181747913360596,1.318243384361267,1.3286436796188354,3.9907338920165785,29.963738252668936,-3.8939852714538574,575,11,3,0,,1.8596384525299072,OUTBOUND,-8.65147590637207,0.0046600345207382515,
1,12.862439155578613,1.1185102462768555,1.1434261798858643,1.1393494606018066,4.000346287008142,29.951614023122673,-3.9199929237365723,576,11,4,0,,3.553295135498047,OUTBOUND,-8.481853485107422,0.057964886982914805,
1,12.901761054992676,1.1188431978225708,0.08970904350280762,0.09754220396280289,4.010173455026234,29.939431635346264,-3.8346457481384277,577,11,5,0,,7.9477410316467285,OUTBOUND,-8.594042778015137,0.06257778118721011,
1,12.97209358215332,1.1191755533218384,1.079548954963684,1.0687686204910278,4.01829037402058,29.92728345272362,-3.884171485900879,578,11,6,0,,1.3799067735671997,OUTBOUND,-8.62000846862793,0.0479086487436374,
1,12.986772537231445,1.1195083856582642,1.346919298171997,1.3373390436172485,4.027985393011477,29.915116883516927,-3.9057605266571045,579,11,7,0,,1.2658076286315918,OUTBOUND,-8.596318244934082,0.03618944143447733,
1,12.981486320495605,1.1198420524597168,1.1474621295928955,1.1479105949401855,4.03838914600783,29.902924738450043,-3.9213483333587646,580,11,8,0,,0.811964750289917,OUTBOUND,-8.579839706420898,0.03402131096469017,
1,12.968660354614258,1.120174527168274,0.1382881999015808,0.13693098723888397,4.047063653008081,29.89078163400284,-3.8658607006073,581,11,9,0,,11.059683799743652,OUTBOUND,-8.612950325012207,0.02184452726464493,
1,13.13549518585205,1.1205081939697266,0.15510155260562897,0.14966440200805664,4.0540924170054495,29.878597969421133,-3.9292004108428955,582,11,10,0,,11.507171630859375,OUTBOUND,-8.68032455444336,0.00621360714121738,
1,13.123675346374512,1.1208431720733643,0.05790677294135094,0.05822330713272095,4.061961477011209,29.866467321848404,-3.9350621700286865,583,11,11,0,,3.762612819671631,OUTBOUND,-8.653199195861816,-0.000660941926106762,
1,13.137383460998535,1.1211786270141602,0.15927013754844666,0.1533459722995758,4.0712042009981815,29.85428086406376,-3.9124484062194824,584,11,12,0,,4.241851806640625,OUTBOUND,-8.699507713317871,-0.06390584873433888,
1,13.2106294631958,1.1215128898620605,1.4625673294067383,1.4622530937194824,4.080723928025691,29.842130205294428,-3.8705692291259766,585,11,13,0,,6.572556495666504,OUTBOUND,-8.830144882202148,-0.11903302706708445,
1,13.397451400756836,1.1218485832214355,0.08141336590051651,0.08379258215427399,4.088102973997593,29.82995588524404,-3.938918113708496,586,11,14,0,,1.3483893871307373,OUTBOUND,-8.94197940826416,-0.12769585617627516,
1,13.31899356842041,1.1221829652786255,0.0894758403301239,0.09062322229146957,4.096883391001029,29.81782467763216,-3.8679890632629395,587,11,15,0,,1.7974636554718018,OUTBOUND,-8.946113586425781,-0.1324679611745137,
1,13.41116714477539,1.1225183010101318,1.3884150981903076,1.3862910270690918,4.1090710580174346,29.805686771080264,-3.9249136447906494,588,11,16,0,,8.6036958694458,OUTBOUND,-9.005335807800293,-0.1549355745500029,
1,13.310168266296387,1.1228530406951904,0.05755087360739708,0.05994291603565216,4.119572062016232,29.793504049219457,-3.8836159706115723,589,11,17,0,,1.163455843925476,OUTBOUND,-8.942883491516113,-0.19289890254560665,
1,13.305878639221191,1.1231882572174072,1.1415281295776367,1.1196404695510864,4.127928734000307,29.781286097477636,-3.911661148071289,590,11,18,0,,8.757913589477539,OUTBOUND,-8.927249908447266,-0.2483256112209857,
1,13.330879211425781,1.1235238313674927,1.0867187976837158,1.0762847661972046,4.137913295999169,29.76904600293177,-3.9124808311462402,591,11,19,0,,4.013282299041748,OUTBOUND,-8.960936546325684,-0.2972537847254314,
1,13.329270362854004,1.1238596439361572,1.1700822114944458,1.163825273513794,4.1503607730264775,29.75675120111649,-3.9067227840423584,592,11,20,0,,2.387070417404175,OUTBOUND,-8.96282958984375,-0.35327328054175133,
1,13.277437210083008,1.1241939067840576,1.0619384050369263,1.0466188192367554,4.161428417020943,29.7444270047107,-3.858708143234253,593,11,21,0,,2.5181586742401123,OUTBOUND,-8.961492538452148,-0.3550692731127897,
1,13.305665969848633,1.1245287656784058,0.06901810318231583,0.07545613497495651,4.171376058016904,29.732140556064483,-3.911719799041748,594,11,22,0,,4.6236090660095215,OUTBOUND,-8.91922664642334,-0.3155048470706164,
1,13.352324485778809,1.124865174293518,1.439760684967041,1.4541289806365967,4.18249283102341,29.719824625975406,-3.9448342323303223,595,11,23,0,,1.1162540912628174,FAILURE,-8.922440528869629,-0.3216846311611751,
1,13.31360912322998,1.1252027750015259,0.10615672171115875,0.11562767624855042,4.191796320024878,29.98796739491691,-3.931528091430664,596,12,1,0,,12.271496772766113,OUTBOUND,-8.868730545043945,0.015767041988243857,
1,13.280896186828613,1.1255402565002441,2.2146990299224854,2.1963858604431152,4.200408260017866,29.975900324304188,-3.9021856784820557,597,12,2,0,,2.9767532348632812,OUTBOUND,-8.877497673034668,0.029214289191644923,
1,13.31529426574707,1.1258790493011475,0.08581006526947021,0.09179461002349854,4.210545699024806,29.963869195001312,-3.9440743923187256,598,12,3,0,,10.1320161819458,OUTBOUND,-8.826865196228027,0.030398777699649975,
1,13.360612869262695,1.1262176036834717,0.0817151591181755,0.08290396630764008,4.219530325004598,29.951800497436494,-3.899412155151367,599,12,4,0,,9.663110733032227,OUTBOUND,-8.927793502807617,0.06082877940440877,
1,13.369766235351562,1.1265554428100586,1.224297285079956,1.2120171785354614,4.231349092005985,29.939655769846798,-3.887636423110962,600,12,5,0,,0.837411642074585,OUTBOUND,-8.944961547851562,0.12116536250024633,
1,13.412638664245605,1.12689208984375,0.1633138358592987,0.1651182472705841,4.242495421000058,29.927502755528796,-3.8717703819274902,601,12,6,0,,2.455507516860962,OUTBOUND,-9.010358810424805,0.19577876507072106,
1,13.585539817810059,1.1272279024124146,0.061747025698423386,0.061841804534196854,4.250701768003637,29.91532234442407,-3.8797295093536377,602,12,7,0,,5.609170436859131,OUTBOUND,-9.156996726989746,0.23342559136299684,
1,13.561087608337402,1.1275635957717896,2.5054290294647217,2.486231803894043,4.258316442021169,29.903097955326178,-3.8920350074768066,603,12,8,0,,11.680142402648926,OUTBOUND,-9.151774406433105,0.21664731342021382,
1,13.593612670898438,1.1279008388519287,1.4106229543685913,1.4043837785720825,4.265640844008885,29.890907795172126,-3.944492816925049,604,12,9,0,,8.80431842803955,OUTBOUND,-9.141073226928711,0.1913439928808594,
1,13.538000106811523,1.1282390356063843,2.556248426437378,2.5502803325653076,4.274509016016964,29.8786929348506,-3.923642158508301,605,12,10,0,,12.718046188354492,OUTBOUND,-9.14075756072998,0.206812514160857,
1,13.502250671386719,1.128575086593628,0.09577153623104095,0.09369217604398727,4.283214384020539,29.866460302738368,-3.8494865894317627,606,12,11,0,,6.947917461395264,OUTBOUND,-9.17065715789795,0.2163031380323212,
1,13.488162994384766,1.1289105415344238,0.10867436230182648,0.11054851114749908,4.29088449900155,29.85423227798937,-3.880972385406494,607,12,12,0,,11.098150253295898,OUTBOUND,-9.088109016418457,0.182912327630934,
1,13.72120475769043,1.129247784614563,0.08375806361436844,0.08496470004320145,4.29858173802495,29.84202772200251,-3.94394588470459,608,12,13,0,,6.6995954513549805,OUTBOUND,-9.23736572265625,0.1229454360020129,
1,13.568000793457031,1.1295844316482544,1.422456979751587,1.4162198305130005,4.3065722870233,29.82985705706402,-3.885648488998413,609,12,14,0,,4.5420098304748535,OUTBOUND,-9.161614418029785,0.1049355244220422,
1,13.506081581115723,1.1299203634262085,1.1862590312957764,1.172118067741394,4.315285098011373,29.817673753644225,-3.8753678798675537,610,12,15,0,,2.250974178314209,OUTBOUND,-9.102455139160156,0.13916752703298832,
1,13.63792896270752,1.1302568912506104,1.2332067489624023,1.2246030569076538,4.322783250012435,29.80545077876693,-3.9174211025238037,611,12,16,0,,3.092411756515503,OUTBOUND,-9.188416481018066,0.18080713370678125,
1,13.714670181274414,1.1305948495864868,1.4735187292099,1.4650862216949463,4.330344437010353,29.793180066677202,-3.936805248260498,612,12,17,0,,1.9021775722503662,OUTBOUND,-9.255770683288574,0.1830993206132506,
1,13.6737642288208,1.130933165550232,1.4225667715072632,1.4110321998596191,4.338490035006544,29.780886610517225,-3.911081552505493,613,12,18,0,,0.8786584734916687,OUTBOUND,-9.231887817382812,0.13873673707840503,
1,13.68709945678711,1.1312720775604248,1.4908207654953003,1.4757481813430786,4.348109875019873,29.768601959170525,-3.9180572032928467,614,12,19,0,,2.0875964164733887,OUTBOUND,-9.247130393981934,0.1273606322836687,
1,13.688627243041992,1.1316113471984863,1.204085350036621,1.1889264583587646,4.357767149020219,29.756264817252596,-3.9138457775115967,615,12,20,0,,1.9994584321975708,OUTBOUND,-9.241326332092285,0.0964517913172738,
1,13.663508415222168,1.131951093673706,2.7165536880493164,2.6848978996276855,4.3658031490049325,29.743977175893427,-3.9152979850769043,616,12,21,0,,6.330517292022705,OUTBOUND,-9.234277725219727,0.049683968442455685,
1,13.66862964630127,1.1322907209396362,1.6274179220199585,1.6148113012313843,4.375495504005812,29.731675889772482,-3.9037704467773438,617,12,22,0,,0.8856093883514404,OUTBOUND,-9.248184204101562,0.03731786370334121,
1,13.65330696105957,1.1326299905776978,1.2218965291976929,1.2056670188903809,4.3876340800197795,29.71935963463558,-3.895491123199463,618,12,23,0,,3.5400426387786865,OUTBOUND,-9.240337371826172,0.017677179917959463,
1,13.676309585571289,1.1329689025878906,1.4999618530273438,1.4927181005477905,4.397796297009336,29.70707635483984,-3.8952953815460205,619,12,24,0,,2.152918577194214,OUTBOUND,-9.247732162475586,-0.006775221241069831,
1,13.704216003417969,1.1333080530166626,0.13778768479824066,0.13716493546962738,4.406123980006669,29.694762753852974,-3.904900312423706,620,12,25,0,,13.844803810119629,OUTBOUND,-9.247537612915039,-0.0660185704288908,
1,13.768181800842285,1.1336467266082764,1.4753377437591553,1.4664586782455444,4.415331651020097,29.682486738516346,-3.8937911987304688,621,12,26,0,,1.8947864770889282,OUTBOUND,-9.316762924194336,-0.12261602133222055,
1,13.815661430358887,1.1339856386184692,1.7084242105484009,1.698319435119629,4.424424827011535,29.670208061799034,-3.904775857925415,622,12,27,0,,2.5058140754699707,OUTBOUND,-9.36964225769043,-0.14373332406518544,
1,13.932455062866211,1.134324312210083,0.06564707309007645,0.06591896712779999,4.432017302024178,29.657902806097916,-3.8965811729431152,623,12,28,0,,9.594501495361328,OUTBOUND,-9.469474792480469,-0.15684783195196228,
1,13.915139198303223,1.1346641778945923,1.5359528064727783,1.551693081855774,4.440914838021854,29.645561382817863,-3.930785655975342,624,12,29,0,,1.044979453086853,OUTBOUND,-9.41853141784668,-0.18200857353409763,
1,13.86857795715332,1.1350034475326538,1.2494639158248901,1.233219861984253,4.452012891008053,29.633254461472934,-3.8899002075195312,625,12,30,0,,1.1029279232025146,OUTBOUND,-9.415935516357422,-0.19086314839299146,
1,14.003911018371582,1.1353429555892944,0.07999996840953827,0.07474499195814133,4.46410360300797,29.620931717257836,-3.906757354736328,626,12,31,0,,5.622392654418945,OUTBOUND,-9.514622688293457,-0.18054630198258656,
1,14.000431060791016,1.1356823444366455,1.3114914894104004,1.308237075805664,4.47769327199785,29.60858490751057,-3.897603988647461,627,12,32,0,,6.655453205108643,OUTBOUND,-9.545318603515625,-0.1564409250592369,
1,14.019142150878906,1.1360212564468384,0.04103707894682884,0.04343339428305626,4.489377732999856,29.596267717850317,-3.889240026473999,628,12,33,0,,4.914175987243652,OUTBOUND,-9.564763069152832,-0.13599006568909255,
1,14.107990264892578,1.136359691619873,0.0720275416970253,0.0759185329079628,4.496869191003498,29.58393227484546,-3.8864471912384033,629,12,34,0,,1.8219753503799438,OUTBOUND,-9.65084457397461,-0.1715936733272608,
1,14.134315490722656,1.1366989612579346,1.2893955707550049,1.2808789014816284,4.504380658006994,29.571574571153036,-3.9209234714508057,630,12,35,0,,5.569086074829102,OUTBOUND,-9.658416748046875,-0.17993588373669234,
1,14.097380638122559,1.1370362043380737,0.04698367416858673,0.05209380388259888,4.513164162024623,29.55924406706348,-3.845921754837036,631,12,36,0,,1.2521569728851318,OUTBOUND,-9.700299263000488,-0.18188271355091049,
1,14.195907592773438,1.1373745203018188,0.04199456423521042,0.04418954253196716,4.5213265210040845,29.546914532562976,-3.921175479888916,632,12,37,0,,2.0360352993011475,OUTBOUND,-9.716771125793457,-0.23249081229800658,
1,14.162239074707031,1.137712836265564,0.03680090233683586,0.03969261050224304,4.5289299660071265,29.534574412501414,-3.8981432914733887,633,12,38,0,,1.1166470050811768,OUTBOUND,-9.702951431274414,-0.25553896212651905,
1,14.188011169433594,1.1380515098571777,0.03683508187532425,0.03856324404478073,4.536127283005044,29.522159555844894,-3.90756893157959,634,12,39,0,,0.7562414407730103,OUTBOUND,-9.721169471740723,-0.21197317152579367,
1,14.205119132995605,1.1383899450302124,0.10279477387666702,0.10586893558502197,4.544924699002877,29.509777106395607,-3.8869359493255615,635,12,40,0,,1.035927176475525,OUTBOUND,-9.765142440795898,-0.16632942508726212,
1,14.155182838439941,1.138725996017456,1.5655068159103394,1.5520144701004028,4.555144573008874,29.497374829252983,-3.834062337875366,636,12,41,0,,10.247380256652832,FAILURE,-9.803214073181152,-10.199699291743936,
1,14.247356414794922,1.1390635967254639,1.5845340490341187,1.5703762769699097,4.563241989002563,29.987994149303976,-3.930551528930664,637,13,1,0,,6.636276721954346,OUTBOUND,-9.799006462097168,-0.025113730482394226,
1,14.25798225402832,1.1394037008285522,1.6000009775161743,1.5873979330062866,4.570543719019042,29.97595836608221,-3.9632182121276855,638,13,2,0,,7.153002738952637,OUTBOUND,-9.78767204284668,-0.06127033203215759,
1,14.15091323852539,1.1397435665130615,0.07563607394695282,0.07986011356115341,4.581333424022887,29.963869618220677,-3.891267776489258,639,13,3,0,,3.7320339679718018,OUTBOUND,-9.743371963500977,-0.08253402764234491,
1,14.124401092529297,1.140084147453308,1.583677053451538,1.5713870525360107,4.589293890021509,29.951788675422137,-3.921281337738037,640,13,4,0,,0.9786763191223145,OUTBOUND,-9.68244743347168,-0.09330922342076393,
1,14.162946701049805,1.1404253244400024,0.12698495388031006,0.13555964827537537,4.596583622012986,29.939662413126754,-3.914203405380249,641,13,5,0,,8.076982498168945,OUTBOUND,-9.703115463256836,-0.08145350585820084,
1,14.202144622802734,1.1407676935195923,1.6162937879562378,1.599181056022644,4.603888098004973,29.9275684805532,-3.935643196105957,642,13,6,0,,4.31185245513916,OUTBOUND,-9.69785213470459,-0.06274014682996529,
1,14.18710708618164,1.141110897064209,1.401369333267212,1.398740291595459,4.614526832010597,29.915457768133493,-3.9275434017181396,643,13,7,0,,4.506426811218262,OUTBOUND,-9.686427116394043,-0.09147730586149168,
1,14.136460304260254,1.1414533853530884,3.125676155090332,3.1180684566497803,4.622787437023362,29.90332142136742,-3.88924241065979,644,13,8,0,,6.6660027503967285,OUTBOUND,-9.691174507141113,-0.13270795931332252,
1,14.180063247680664,1.1417967081069946,1.2502264976501465,1.2247830629348755,4.632735542021692,29.891176335179296,-3.9243175983428955,645,13,9,0,,5.092531204223633,OUTBOUND,-9.690949440002441,-0.1479998308580737,
1,14.271089553833008,1.1421401500701904,0.11519742012023926,0.11183051764965057,4.642787860007957,29.87901128660142,-3.9135968685150146,646,13,10,0,,12.995909690856934,OUTBOUND,-9.756523132324219,-0.14922842064507952,
1,14.284215927124023,1.1424846649169922,0.09696982800960541,0.09355428069829941,4.655305203021271,29.866841719014108,-3.93383526802063,647,13,11,0,,13.025622367858887,OUTBOUND,-9.725519180297852,-0.17368554814779275,
1,14.360237121582031,1.1428289413452148,1.6458820104599,1.6577973365783691,4.665663524006959,29.85464095040462,-3.9036977291107178,648,13,12,0,,1.028788447380066,OUTBOUND,-9.842717170715332,-0.1776144034402712,
1,14.49573040008545,1.143173336982727,0.05615971237421036,0.05525144189596176,4.674070679000579,29.842470133736597,-3.9104743003845215,649,13,13,0,,7.622626304626465,OUTBOUND,-9.959223747253418,-0.1263549020011454,
1,14.596805572509766,1.1435192823410034,1.6670390367507935,1.6610084772109985,4.682198541006073,29.83034075400029,-3.9548840522766113,650,13,14,0,,9.494874000549316,OUTBOUND,-10.03943157196045,-0.09432356097325546,
1,14.429723739624023,1.1438637971878052,2.639875650405884,2.6045196056365967,4.6909456770226825,29.81824559578226,-3.869816303253174,651,13,15,0,,11.093111991882324,OUTBOUND,-9.997644424438477,-0.08408049418984254,
1,14.498481750488281,1.1442087888717651,0.04204034060239792,0.045201901346445084,4.699577699997462,29.80614178615942,-3.9230892658233643,652,13,16,0,,2.0876827239990234,OUTBOUND,-9.98708438873291,-0.04301314037050404,
1,14.573914527893066,1.1445536613464355,1.7129464149475098,1.7224425077438354,4.708043796999846,29.794050168271678,-3.908496856689453,653,13,17,0,,9.83117961883545,OUTBOUND,-10.10275936126709,-0.01981559610981351,
1,14.512750625610352,1.1448981761932373,0.04515831172466278,0.04995717108249664,4.71972502200515,29.78197776514045,-3.895798683166504,654,13,18,0,,4.054344654083252,OUTBOUND,-10.045838356018066,-0.008372533581581533,
1,14.633723258972168,1.145243763923645,1.6711244583129883,1.6560969352722168,4.732699200016214,29.769881945771157,-3.940404176712036,655,13,19,0,,4.027031898498535,OUTBOUND,-10.126083374023438,0.01582211647477121,
1,14.426833152770996,1.1455893516540527,0.054943837225437164,0.0625329241156578,4.741453620023094,29.75781498222517,-3.9066786766052246,656,13,20,0,,7.530544281005859,OUTBOUND,-9.949058532714844,0.006298196736694428,
1,14.529157638549805,1.1459357738494873,0.0653543695807457,0.07697814702987671,4.750992197019514,29.745773277201934,-3.9339680671691895,657,13,21,0,,9.794782638549805,OUTBOUND,-9.98328971862793,-0.025232477666210625,
1,14.567198753356934,1.146281361579895,1.738936424255371,1.7478073835372925,4.760868962999666,29.733679178972,-3.89107608795166,658,13,22,0,,5.029798984527588,OUTBOUND,-10.096724510192871,-0.06664734037091383,
1,14.517016410827637,1.1466240882873535,0.10887525975704193,0.11560015380382538,4.767995924019488,29.72155012389399,-3.8304874897003174,659,13,23,0,,8.503775596618652,OUTBOUND,-10.09122085571289,-0.12738475008428327,
1,14.683614730834961,1.146966814994812,0.06855462491512299,0.07000818103551865,4.774972061015433,29.709439675771055,-3.902029275894165,660,13,24,0,,8.899399757385254,OUTBOUND,-10.158550262451172,-0.14939865412204212,
1,14.666712760925293,1.147310495376587,4.392514705657959,4.3655571937561035,4.782658721000189,29.6973274991508,-3.9279897212982178,661,13,25,0,,22.60775375366211,OUTBOUND,-10.162452697753906,-0.16233966304155553,
1,14.657536506652832,1.147654414176941,0.06990435719490051,0.07185376435518265,4.790908953000326,29.685160560178193,-3.9080090522766113,662,13,26,0,,5.765679359436035,OUTBOUND,-10.174504280090332,-0.23145986575815183,
1,14.717958450317383,1.1479978561401367,1.7053745985031128,1.6932260990142822,4.7982753250107635,29.672946695389392,-3.8936057090759277,663,13,27,0,,5.151176452636719,OUTBOUND,-10.250553131103516,-0.3063821623253784,
1,14.714410781860352,1.1483428478240967,0.05492476373910904,0.05189651623368263,4.806122162000975,29.660691925662125,-3.940469980239868,664,13,28,0,,7.139392375946045,OUTBOUND,-10.184014320373535,-0.3300651944750349,
1,14.667327880859375,1.1486893892288208,2.7167601585388184,2.677608013153076,4.814497805025894,29.64846592927784,-3.9503655433654785,665,13,29,0,,8.803586959838867,OUTBOUND,-10.147814750671387,-0.3106738868166059,
1,14.758602142333984,1.1490355730056763,0.08531856536865234,0.08819669485092163,4.82390972902067,29.636220068537636,-3.900620222091675,666,13,30,0,,9.159746170043945,OUTBOUND,-10.271234512329102,-0.3129292671999571,
1,14.588581085205078,1.1493803262710571,1.4457838535308838,1.4261399507522583,4.835590586008038,29.62391833797356,-3.872007369995117,667,13,31,0,,0.9358928799629211,OUTBOUND,-10.131629943847656,-0.3634292927784008,
1,14.784008979797363,1.1497256755828857,1.5050840377807617,1.5026253461837769,4.844255213014549,29.611614216745743,-3.916903018951416,668,13,32,0,,5.096347332000732,OUTBOUND,-10.260741233825684,-0.38818749052219653,
1,14.676031112670898,1.1500685214996338,0.10073927044868469,0.1011623963713646,4.8523356310033705,29.5992503748912,-3.8418967723846436,669,13,33,0,,9.942476272583008,OUTBOUND,-10.21127986907959,-0.4137972148950319,
1,14.836852073669434,1.150412917137146,0.0652967095375061,0.07163175940513611,4.8644448990235105,29.586923383463287,-3.9375791549682617,670,13,34,0,,8.967142105102539,FAILURE,-10.243660926818848,-10.431453682418995,
1,14.864603042602539,1.150757908821106,1.8417062759399414,1.8208626508712769,4.8771373860072345,29.98796577351129,-3.921119213104248,671,14,1,0,,8.307204246520996,OUTBOUND,-10.328853607177734,-0.032264065969186934,
1,14.887174606323242,1.1511024236679077,1.821981430053711,1.8370267152786255,4.889346791023854,29.975883564250786,-3.8930938243865967,672,14,2,0,,3.5707850456237793,OUTBOUND,-10.382427215576172,-0.08798425077416887,
1,14.883914947509766,1.1514474153518677,1.8070013523101807,1.7919988632202148,4.9003779880004,29.963781040382134,-3.9120726585388184,673,14,3,0,,4.829417705535889,OUTBOUND,-10.37464714050293,-0.14139318164343795,
1,14.948031425476074,1.1517932415008545,1.484215259552002,1.457793951034546,4.912861183023779,29.951639904045503,-3.928083896636963,674,14,4,0,,6.15621280670166,OUTBOUND,-10.416685104370117,-0.13198587184657384,
1,14.873151779174805,1.1521389484405518,1.9071229696273804,1.9015666246414185,4.927599031012505,29.93954394926919,-3.9020626544952393,675,14,5,0,,8.46426773071289,OUTBOUND,-10.405706405639648,-0.10300262854122842,
1,14.881744384765625,1.1524858474731445,1.7702471017837524,1.754543423652649,4.94030011902214,29.927421477729705,-3.937866449356079,676,14,6,0,,1.9638124704360962,OUTBOUND,-10.36915111541748,-0.07214776563696852,
1,14.846014022827148,1.152832269668579,0.09336262941360474,0.0968535989522934,4.9513275980134495,29.915333008936724,-3.8946352005004883,677,14,7,0,,11.182730674743652,OUTBOUND,-10.366216659545898,-0.06816342655015639,
1,14.837101936340332,1.1531778573989868,1.432120442390442,1.4099892377853394,4.961297711997759,29.903222940724103,-3.8852391242980957,678,14,8,0,,8.48868179321289,OUTBOUND,-10.33930778503418,-0.08437550201112097,
1,14.813669204711914,1.1535232067108154,0.08562543988227844,0.09127078950405121,4.969696562999161,29.89112057598374,-3.8949058055877686,679,14,9,0,,13.350285530090332,OUTBOUND,-10.265111923217773,-0.06647660920209182,
1,14.988140106201172,1.1538686752319336,1.8424373865127563,1.8219891786575317,4.977871184004471,29.87895377043062,-3.9085896015167236,680,14,10,0,,1.3149127960205078,OUTBOUND,-10.437406539916992,-0.043219990772697836,
1,14.955366134643555,1.1542145013809204,1.519045114517212,1.49436616897583,4.987307539005997,29.866750330656846,-3.9094324111938477,681,14,11,0,,4.4992451667785645,OUTBOUND,-10.382464408874512,-0.04249730704963441,
1,15.122376441955566,1.1545606851577759,0.06269727647304535,0.06409615278244019,4.99713278200943,29.854511509357135,-3.917397975921631,682,14,12,0,,10.186092376708984,OUTBOUND,-10.529644012451172,-0.03368704146789654,
1,15.209970474243164,1.154907464981079,0.0629192516207695,0.05773172155022621,5.00895895602298,29.84226622344439,-3.9187448024749756,683,14,13,0,,5.628703594207764,OUTBOUND,-10.610838890075684,0.007476988047824979,
1,15.26161003112793,1.1552549600601196,0.041715867817401886,0.04803377389907837,5.021063630003482,29.83003464015462,-3.9239892959594727,684,14,14,0,,1.9235814809799194,OUTBOUND,-10.660797119140625,0.039264571758125325,
1,15.237452507019043,1.1556020975112915,3.311155319213867,3.3117268085479736,5.02858991001267,29.817780206576195,-3.8984804153442383,685,14,15,0,,22.470050811767578,OUTBOUND,-10.733318328857422,0.06687532367969169,
1,15.271785736083984,1.1559498310089111,1.6167694330215454,1.6175634860992432,5.035927866003476,29.80549221558999,-3.9240622520446777,686,14,16,0,,13.441006660461426,OUTBOUND,-10.7622652053833,0.11257655035148174,
1,15.274579048156738,1.1562973260879517,0.08338986337184906,0.08444397151470184,5.043319948017597,29.793166786592927,-3.897278308868408,687,14,17,0,,1.0858008861541748,OUTBOUND,-10.784882545471191,0.16331611238200847,
1,15.223365783691406,1.156644582748413,0.04660523682832718,0.05059763416647911,5.051634475006722,29.780810836026422,-3.9030938148498535,688,14,18,0,,8.252167701721191,OUTBOUND,-10.715959548950195,0.1612088116608987,
1,15.219757080078125,1.1569918394088745,0.07128182798624039,0.07478019595146179,5.060727816016879,29.768446727406953,-3.905454158782959,689,14,19,0,,4.385468006134033,OUTBOUND,-10.683176040649414,0.1281150655958909,
1,15.298803329467773,1.157340168952942,0.08479075878858566,0.08747071027755737,5.068263059016317,29.756117643802092,-3.9327406883239746,690,14,20,0,,1.4675709009170532,OUTBOUND,-10.738572120666504,0.09169001015121489,
1,15.207764625549316,1.157687783241272,1.5623369216918945,1.540162205696106,5.075597339018714,29.743768665806726,-3.89021372795105,691,14,21,0,,1.296408772468567,OUTBOUND,-10.698290824890137,0.0492375336141641,
1,15.210938453674316,1.158035159111023,1.554173469543457,1.5258665084838867,5.085047872009454,29.731520674986953,-3.8993709087371826,692,14,22,0,,1.9702352285385132,OUTBOUND,-10.695430755615234,0.04841514188715819,
1,15.199043273925781,1.1583832502365112,1.589813232421875,1.5680508613586426,5.093411203008145,29.719233973042357,-3.923996686935425,693,14,23,0,,1.0228434801101685,OUTBOUND,-10.649496078491211,0.09307197880918984,
1,15.311066627502441,1.1587316989898682,1.8847354650497437,1.8703829050064087,5.103744081017794,29.706966363956454,-3.913240909576416,694,14,24,0,,3.7493953704833984,OUTBOUND,-10.78670883178711,0.15346959827907788,
1,15.244643211364746,1.1590780019760132,0.07905534654855728,0.08498189598321915,5.115218403021572,29.694706136273794,-3.8518121242523193,695,14,25,0,,10.91345500946045,OUTBOUND,-10.749135971069336,0.16259154907405904,
1,15.309076309204102,1.1594241857528687,0.0738353431224823,0.07276984304189682,5.125842939014547,29.68247637792521,-3.8998074531555176,696,14,26,0,,8.720005989074707,FAILURE,-10.744152069091797,0.12499560365086365,
1,15.306327819824219,1.1597697734832764,1.965519905090332,1.9566295146942139,5.135918412997853,29.987983199743542,-3.8827357292175293,697,15,1,0,,2.008143901824951,OUTBOUND,-10.77107048034668,0.007171818416638786,
1,15.255173683166504,1.1601146459579468,3.530806064605713,3.510819911956787,5.1431413360114675,29.97592873156335,-3.880516767501831,698,15,2,0,,10.538768768310547,OUTBOUND,-10.741655349731445,0.0027127335104704837,
1,15.383277893066406,1.1604596376419067,1.597212791442871,1.5623854398727417,5.15134577700519,29.963860394096272,-3.8968560695648193,699,15,3,0,,1.9395476579666138,OUTBOUND,-10.851465225219727,-5.2344883104018635e-05,
1,15.400956153869629,1.160805583000183,0.0757765918970108,0.07419660687446594,5.160522985010175,29.9517485462881,-3.923438310623169,700,15,4,0,,7.5429816246032715,OUTBOUND,-10.834718704223633,-0.005952018842903282,
1,15.386474609375,1.1611535549163818,1.6138285398483276,1.5819534063339233,5.169457914016675,29.939672260865947,-3.9523515701293945,701,15,5,0,,2.162985324859619,OUTBOUND,-10.785948753356934,-0.022185410472194658,
1,15.424551010131836,1.1615017652511597,0.08330873399972916,0.08820629119873047,5.178201497998089,29.927581173031314,-3.911139488220215,702,15,6,0,,12.19499397277832,OUTBOUND,-10.83507251739502,0.0030112393274016507,
1,15.56198501586914,1.1618496179580688,0.10599320381879807,0.10809338092803955,5.189231495023705,29.91547366089272,-3.8950676918029785,703,15,7,0,,4.370765686035156,OUTBOUND,-10.977337837219238,0.011421805587250007,
1,15.474469184875488,1.1621966361999512,2.0086612701416016,1.9971271753311157,5.198827822023304,29.903335924683798,-3.878197193145752,704,15,8,0,,4.288755416870117,OUTBOUND,-10.92565631866455,0.003582785104509795,
1,15.570960998535156,1.1625428199768066,0.09261489659547806,0.09330432116985321,5.207079657004215,29.891204402921492,-3.8816468715667725,705,15,9,0,,5.742645740509033,OUTBOUND,-11.019356727600098,-0.009866947735651999,
1,15.689297676086426,1.1628873348236084,0.059030767530202866,0.05866796895861626,5.216799075016752,29.87903071636397,-3.8495867252349854,706,15,10,0,,3.539287805557251,OUTBOUND,-11.169339179992676,-0.06053062646864376,
1,15.742740631103516,1.163232445716858,1.964993953704834,1.979905128479004,5.228797489020508,29.866822954510734,-3.912721872329712,707,15,11,0,,9.438720703125,OUTBOUND,-11.175848007202148,-0.07702880273300516,
1,15.661643981933594,1.1635782718658447,1.9691839218139648,1.990772008895874,5.238280298013706,29.854604353021138,-3.91125226020813,708,15,12,0,,11.675082206726074,OUTBOUND,-11.11594009399414,-0.08874400077680818,
1,15.657978057861328,1.1639230251312256,1.9684439897537231,1.979479432106018,5.250922974024434,29.84241066565988,-3.8664040565490723,709,15,13,0,,9.364418029785156,OUTBOUND,-11.195679664611816,-0.14315188934116413,
1,15.620906829833984,1.1642693281173706,0.10625187307596207,0.11212734878063202,5.264508204010781,29.830214398335716,-3.93754243850708,710,15,14,0,,5.39669942855835,OUTBOUND,-11.05153751373291,-0.17230428807727388,
1,15.551103591918945,1.1646127700805664,3.9907712936401367,3.9546420574188232,5.274329414009117,29.817987188817547,-3.817838668823242,711,15,15,0,,16.46505355834961,OUTBOUND,-11.16673469543457,-0.2099452414404508,
1,15.538264274597168,1.1649580001831055,2.1086854934692383,2.132479190826416,5.287240272999043,29.80569562647183,-3.9362635612487793,712,15,16,0,,2.806171178817749,OUTBOUND,-11.021332740783691,-0.26246931501357035,
1,15.447196960449219,1.165303349494934,4.056623458862305,4.045498371124268,5.297754149010871,29.793404881832682,-3.8953189849853516,713,15,17,0,,9.623679161071777,OUTBOUND,-10.979158401489258,-0.2536986272990693,
1,15.506402969360352,1.165649175643921,0.12773793935775757,0.14167839288711548,5.305996044015046,29.78115313546281,-3.9089417457580566,714,15,18,0,,18.745506286621094,OUTBOUND,-10.966552734375,-0.20748330117350222,
1,15.429829597473145,1.1659958362579346,2.1128854751586914,2.108454465866089,5.31773351400625,29.768961107878518,-3.913820505142212,715,15,19,0,,11.206727027893066,OUTBOUND,-10.855691909790039,-0.1798795026482214,
1,15.546332359313965,1.166343092918396,0.2558352053165436,0.25492238998413086,5.329129049001494,29.75677884468225,-3.9136717319488525,716,15,20,0,,29.081676483154297,OUTBOUND,-10.888935089111328,-0.16423088947716769,
1,15.461386680603027,1.1666898727416992,1.6097114086151123,1.5736383199691772,5.337396587012336,29.74459373083998,-3.882200241088867,717,15,21,0,,12.23604965209961,OUTBOUND,-10.839693069458008,-0.14716640299006656,
1,15.77536392211914,1.1670383214950562,1.7404043674468994,1.7305771112442017,5.345736849005334,29.732417368132882,-3.9417614936828613,718,15,22,0,,2.8406119346618652,OUTBOUND,-11.083080291748047,-0.09439400172033019,
1,15.803974151611328,1.1673848628997803,1.764272928237915,1.7557724714279175,5.354056524025509,29.72031832564657,-3.8512930870056152,719,15,23,0,,2.637112617492676,OUTBOUND,-11.217230796813965,-0.05436881251561364,
1,15.792634010314941,1.1677320003509521,6.940125465393066,6.884613990783691,5.362363560008816,29.70822240283572,-3.9091010093688965,720,15,24,0,,30.85611343383789,OUTBOUND,-11.22768783569336,-0.03689965116968208,
1,15.901938438415527,1.1680806875228882,0.12654545903205872,0.11912620067596436,5.370783015008783,29.696099232818558,-3.935950756072998,721,15,25,0,,13.299295425415039,OUTBOUND,-11.275931358337402,0.008049300256972966,
1,15.885465621948242,1.1684304475784302,1.7554962635040283,1.7252757549285889,5.379234346997691,29.684001236351797,-3.9308340549468994,722,15,26,0,,6.207181930541992,OUTBOUND,-11.284561157226562,0.008405431584370383,
1,15.797220230102539,1.1687800884246826,4.124875068664551,4.135225772857666,5.388290819013491,29.67190559868222,-3.8964014053344727,723,15,27,0,,18.978679656982422,OUTBOUND,-11.271114349365234,-0.04819716100060051,
1,15.740009307861328,1.169129490852356,1.6428272724151611,1.6068631410598755,5.398630612005945,29.659822440538598,-3.8981261253356934,724,15,28,0,,2.049036741256714,OUTBOUND,-11.20437240600586,-0.054755322166929625,
1,15.807135581970215,1.169477939605713,0.11462482810020447,0.14078351855278015,5.406974915007595,29.64776129807252,-3.8735578060150146,725,15,29,0,,11.59055233001709,OUTBOUND,-11.266948699951172,-0.05855173762210872,
1,15.799398422241211,1.1698256731033325,0.11339312046766281,0.1415720283985138,5.414661922026426,29.6356286140818,-3.878002643585205,726,15,30,0,,16.82184600830078,OUTBOUND,-11.218908309936523,-0.06778486670382858,
1,15.859227180480957,1.170174479484558,0.0949646458029747,0.12313330173492432,5.42328065901529,29.623537779033597,-3.926720142364502,727,15,31,0,,16.427492141723633,OUTBOUND,-11.203006744384766,-0.08093360454930072,
1,16.088756561279297,1.170522928237915,0.1649179309606552,0.16679123044013977,5.4337939220131375,29.61139390956884,-3.886796236038208,728,15,32,0,,4.175218105316162,OUTBOUND,-11.46804428100586,-0.0733279425117779,
1,16.083070755004883,1.1708707809448242,1.7169557809829712,1.6657805442810059,5.442677717015613,29.59933763563909,-3.882303476333618,729,15,33,0,,7.392120838165283,OUTBOUND,-11.473663330078125,-0.05150385640634524,
1,16.12624168395996,1.171217918395996,0.04925937578082085,0.05216297507286072,5.4509309499990195,29.58725142207949,-3.878380298614502,730,15,34,0,,1.2625505924224854,OUTBOUND,-11.514044761657715,-0.0392469870152508,
1,16.258146286010742,1.1715649366378784,0.15885739028453827,0.17076443135738373,5.459604123025201,29.57519999239358,-3.888054609298706,731,15,35,0,,7.982931137084961,OUTBOUND,-11.67918872833252,-0.00120253068003172,
1,16.181598663330078,1.1719118356704712,0.156358003616333,0.1601664423942566,5.470020872016903,29.56310911050062,-3.889592170715332,732,15,36,0,,5.505855083465576,OUTBOUND,-11.604248046875,0.034444795143068835,
1,16.150779724121094,1.1722604036331177,2.19926118850708,2.195988416671753,5.482247910025762,29.550976818977528,-3.93349289894104,733,15,37,0,,12.759278297424316,OUTBOUND,-11.569375038146973,0.05468056127831069,
1,16.07723617553711,1.172608733177185,3.7649199962615967,3.7126078605651855,5.493741212005261,29.5388000504917,-3.891984462738037,734,15,38,0,,18.796361923217773,OUTBOUND,-11.584122657775879,0.0477088220229186,
1,16.05486488342285,1.1729575395584106,2.2741212844848633,2.288268804550171,5.504689282010077,29.526567419282742,-3.908174991607666,735,15,39,0,,4.360584259033203,OUTBOUND,-11.541570663452148,0.08535509422322968,
1,16.032690048217773,1.1733062267303467,2.1792409420013428,2.1602070331573486,5.512194056005683,29.514339008992753,-3.89282488822937,736,15,40,0,,1.3496923446655273,OUTBOUND,-11.535048484802246,0.1445478030890705,
1,16.03574562072754,1.1736547946929932,0.1645154058933258,0.18348664045333862,5.519605108012911,29.502093028803046,-3.8921096324920654,737,15,41,0,,17.54610252380371,OUTBOUND,-11.488701820373535,0.16921563808638485,
1,15.998014450073242,1.1740041971206665,0.15741829574108124,0.18924294412136078,5.528109749022406,29.48982342503344,-3.9156875610351562,738,15,42,0,,19.845243453979492,OUTBOUND,-11.366043090820312,0.17513627654378963,
1,16.181903839111328,1.1743539571762085,2.183412551879883,2.1609368324279785,5.536912764015142,29.477601952037585,-3.904428482055664,739,15,43,0,,6.472031116485596,OUTBOUND,-11.552531242370605,0.17031481653612224,
1,16.144168853759766,1.1747032403945923,0.18250691890716553,0.1908237338066101,5.544883738009958,29.465403462066693,-3.889439344406128,740,15,44,0,,13.500358581542969,OUTBOUND,-11.51480484008789,0.1799476129274338,
1,16.25012969970703,1.175053596496582,1.848875880241394,1.8054759502410889,5.5525863470102195,29.453191537574288,-3.9185006618499756,741,15,45,0,,1.2058626413345337,OUTBOUND,-11.580906867980957,0.18874698205521687,
1,16.328359603881836,1.1754040718078613,4.47320032119751,4.476763725280762,5.56046534300549,29.440991813125887,-3.9069223403930664,742,15,46,0,,15.0494384765625,OUTBOUND,-11.727401733398438,0.18976956053259475,
1,16.307083129882812,1.1757557392120361,0.10673016309738159,0.11761672794818878,5.570666760002496,29.42879159914642,-3.927333354949951,743,15,47,0,,5.601089954376221,OUTBOUND,-11.642549514770508,0.16273442691751183,
1,16.387754440307617,1.1761072874069214,2.326724052429199,2.3435351848602295,5.578716026007896,29.41658673794072,-3.896641731262207,744,15,48,0,,6.264100074768066,OUTBOUND,-11.787036895751953,0.084179716712661,
1,16.40342140197754,1.1764593124389648,0.1045864075422287,0.10205277800559998,5.586773246002849,29.404398525548572,-3.9140164852142334,745,15,49,0,,5.076416015625,OUTBOUND,-11.777379989624023,0.012234541127282672,
1,16.43299102783203,1.176811695098877,2.2621147632598877,2.247248888015747,5.595578393025789,29.39221419150186,-3.9129416942596436,746,15,50,0,,2.766796350479126,OUTBOUND,-11.812479972839355,-0.0037659939637646887,
1,16.41672706604004,1.1771632432937622,1.8395307064056396,1.7986762523651123,5.604993891000049,29.379995983243738,-3.8791654109954834,747,15,51,0,,5.046863079071045,OUTBOUND,-11.839200973510742,0.012800801972770101,
1,16.377344131469727,1.1775152683258057,4.122705936431885,4.083017349243164,5.613314129004721,29.367764885124263,-3.91290020942688,748,15,52,0,,13.474475860595703,OUTBOUND,-11.796472549438477,0.012759648800231945,
1,16.37263298034668,1.177868127822876,1.744936466217041,1.7045750617980957,5.622072659025434,29.35550946717083,-3.921072006225586,749,15,53,0,,1.563929796218872,OUTBOUND,-11.787095069885254,-0.005758512467759137,
1,16.331514358520508,1.1782221794128418,0.1652737408876419,0.1724018156528473,5.631714546005242,29.34322579672155,-3.936270236968994,750,15,54,0,,14.142937660217285,OUTBOUND,-11.682641983032227,-0.014557367795934542,
1,16.39152717590332,1.1785765886306763,1.7134270668029785,1.6796069145202637,5.644648486020742,29.330939296152753,-3.914804458618164,751,15,55,0,,7.523608207702637,OUTBOUND,-11.756606101989746,-0.0007092676373728458,
1,16.240863800048828,1.1789305210113525,2.0071871280670166,2.010366439819336,5.656618238019291,29.318589220239843,-3.8912911415100098,752,15,56,0,,8.205684661865234,OUTBOUND,-11.613809585571289,-0.006006131588351673,
1,16.578500747680664,1.1792851686477661,0.15465494990348816,0.15752187371253967,5.668942338001216,29.30634184507528,-3.9277124404907227,753,15,57,0,,15.798776626586914,OUTBOUND,-11.869633674621582,-0.028794454726961172,
1,16.701263427734375,1.179640769958496,2.3299341201782227,2.3188533782958984,5.681140074011637,29.29408698310892,-3.927839756011963,754,15,58,0,,2.9317786693573,OUTBOUND,-12.006511688232422,-0.01833691267537337,
1,16.540407180786133,1.179996371269226,2.234734296798706,2.2624547481536865,5.690238649025559,29.28177732729544,-3.9096903800964355,755,15,59,0,,4.300987720489502,OUTBOUND,-11.88330078125,0.002062994153468578,
1,16.72770881652832,1.1803526878356934,0.06957760453224182,0.07001174986362457,5.700153294019401,29.269444885708733,-3.9284274578094482,756,15,60,0,,7.456552982330322,OUTBOUND,-12.027261734008789,-0.023557949554235853,
1,16.7455997467041,1.180708646774292,0.12837393581867218,0.1322808712720871,5.708531589014456,29.257141725961326,-3.900027275085449,757,15,61,0,,1.225537896156311,OUTBOUND,-12.084951400756836,-0.05371639813462535,
1,16.725051879882812,1.181065559387207,1.9125192165374756,1.8753225803375244,5.716573669022182,29.244811106141697,-3.9329781532287598,758,15,62,0,,7.833806037902832,OUTBOUND,-12.05992317199707,-0.06201781265410805,
1,16.833965301513672,1.181422233581543,0.07742468267679214,0.08606302738189697,5.72441572000389,29.23249283749417,-3.9041237831115723,759,15,63,0,,1.6446590423583984,FAILURE,-12.197772026062012,-10.071116873294818,
1,16.920333862304688,1.1817797422409058,0.18596380949020386,0.18779399991035461,5.7373559800034855,29.98796579972906,-3.9338724613189697,760,16,1,0,,0.4947136342525482,OUTBOUND,-12.264772415161133,-0.0007307857011804455,
1,16.747554779052734,1.182135820388794,0.09051692485809326,0.0998525470495224,5.749343675997807,29.97588232201622,-3.8749470710754395,761,16,2,0,,0.820138692855835,OUTBOUND,-12.156386375427246,-0.0202862178715599,
1,16.761140823364258,1.1824920177459717,1.8916517496109009,1.8322045803070068,5.757263406005222,29.963785617138644,-3.909980058670044,762,16,3,0,,11.582053184509277,OUTBOUND,-12.155552864074707,-0.011011966023816261,
1,16.583858489990234,1.1828490495681763,4.326593399047852,4.260433673858643,5.768552302004537,29.951738647744754,-3.9286859035491943,763,16,4,0,,21.78369140625,OUTBOUND,-11.99928092956543,0.017619512710714262,
1,16.66218376159668,1.1832044124603271,0.13700748980045319,0.15770012140274048,5.780719321017386,29.939673001857976,-3.8677666187286377,764,16,5,0,,4.847826957702637,OUTBOUND,-12.122268676757812,0.008459311418076057,
1,16.57784080505371,1.1835585832595825,1.811813235282898,1.7564235925674438,5.791118679015199,29.92762479841523,-3.8740694522857666,765,16,6,0,,2.074399948120117,OUTBOUND,-12.04076862335205,-0.0009982616366549125,
1,16.74439811706543,1.183912992477417,0.11844968050718307,0.1321050226688385,5.799487404001411,29.91556660291655,-3.9080212116241455,766,16,7,0,,13.303786277770996,OUTBOUND,-12.127168655395508,-0.03084721923239079,
1,16.428762435913086,1.1842670440673828,3.963456630706787,3.8990249633789062,5.80805665202206,29.903477359635133,-3.8940482139587402,767,16,8,0,,2.8678393363952637,OUTBOUND,-11.832056999206543,-0.05606281352250135,
1,16.55950927734375,1.1846206188201904,2.120671033859253,2.10791015625,5.816686838021269,29.891331036896116,-3.887722969055176,768,16,9,0,,9.451678276062012,OUTBOUND,-11.941301345825195,-0.024704712065961285,
1,16.567646026611328,1.1849746704101562,0.3730428218841553,0.38264837861061096,5.824260084016714,29.87919180076455,-3.910526990890503,769,16,10,0,,20.006961822509766,OUTBOUND,-11.87287712097168,0.022356004472052375,
1,16.796611785888672,1.1853282451629639,0.3545151650905609,0.34828945994377136,5.835013258008985,29.867099725622904,-3.888456344604492,770,16,11,0,,10.923517227172852,OUTBOUND,-12.099181175231934,0.03862641957198199,
1,16.889022827148438,1.1856801509857178,0.28858137130737305,0.286758691072464,5.8429473300057,29.854989887772017,-3.8564648628234863,771,16,12,0,,13.168980598449707,OUTBOUND,-12.221269607543945,0.05023454182438044,
1,16.86615562438965,1.186032772064209,0.1182854175567627,0.11322899162769318,5.8509509499999695,29.842829309459542,-3.911729335784912,772,16,13,0,,11.23967456817627,OUTBOUND,-12.109334945678711,0.0896511073345981,
1,17.139999389648438,1.1863844394683838,0.045216258615255356,0.049438927322626114,5.858272588026011,29.830612119516736,-3.8725268840789795,773,16,14,0,,2.135540246963501,OUTBOUND,-12.451225280761719,0.15441652224207916,
1,17.290176391601562,1.1867374181747437,2.5326781272888184,2.58125901222229,5.8667289720033295,29.818323551194197,-3.925278663635254,774,16,15,0,,20.476795196533203,OUTBOUND,-12.582139015197754,0.14759559766832453,
1,17.157135009765625,1.1870912313461304,2.7870161533355713,2.813364028930664,5.875348886009306,29.80614710790707,-3.919806718826294,775,16,16,0,,24.526458740234375,OUTBOUND,-12.534449577331543,0.12538611450182843,
1,17.028640747070312,1.187445044517517,3.957195281982422,3.833996295928955,5.882986916025402,29.79390687724885,-3.896132230758667,776,16,17,0,,30.776247024536133,OUTBOUND,-12.48968505859375,0.17402086549664514,
1,17.001995086669922,1.1877989768981934,2.7299764156341553,2.713253974914551,5.890461344999494,29.781662941790877,-3.901001214981079,777,16,18,0,,11.55902099609375,OUTBOUND,-12.47485065460205,0.20774039436735817,
1,16.965818405151367,1.1881520748138428,0.11508426070213318,0.13715346157550812,5.899695628002519,29.769404012123672,-3.876667022705078,778,16,19,0,,10.261319160461426,OUTBOUND,-12.429773330688477,0.191576942836212,
1,16.902950286865234,1.1885056495666504,0.11208321899175644,0.15755577385425568,5.910544808022678,29.75717925936512,-3.9091248512268066,779,16,20,0,,17.984943389892578,OUTBOUND,-12.280611038208008,0.1641728504072035,
1,16.946054458618164,1.1888618469238281,4.997221946716309,4.961587905883789,5.918314556009136,29.745007705662328,-3.961782932281494,780,16,21,0,,10.139756202697754,OUTBOUND,-12.2903470993042,0.1304099858787546,
1,16.954662322998047,1.1892173290252686,0.27315813302993774,0.3105763792991638,5.927865263016429,29.732862069282554,-3.8855981826782227,781,16,22,0,,25.58048439025879,OUTBOUND,-12.320446968078613,0.13058881548360404,
1,16.851987838745117,1.1895736455917358,4.9323625564575195,4.965226173400879,5.94173240402597,29.720674588528002,-3.9227612018585205,782,16,23,0,,4.3927531242370605,OUTBOUND,-12.172213554382324,0.18134449160078495,
1,17.02947425842285,1.1899292469024658,0.14384682476520538,0.13707491755485535,5.953415344003588,29.708436447713925,-3.88274884223938,783,16,24,0,,21.34992218017578,OUTBOUND,-12.340092658996582,0.21867743529434217,
1,16.968095779418945,1.19028639793396,4.865281105041504,4.871936798095703,5.962574140023207,29.696183495730143,-3.938948631286621,784,16,25,0,,5.083981037139893,OUTBOUND,-12.220377922058105,0.23546482622350848,
1,17.008079528808594,1.1906414031982422,0.2432471364736557,0.2397468388080597,5.973917322000489,29.683904000776153,-3.8514249324798584,785,16,26,0,,17.602102279663086,OUTBOUND,-12.33885383605957,0.20772969311110148,
1,17.168657302856445,1.1909958124160767,0.12946030497550964,0.1137930378317833,5.985332491021836,29.671677159292546,-3.8830697536468506,786,16,27,0,,16.8830623626709,OUTBOUND,-12.43037223815918,0.19848075220864297,
1,17.19671630859375,1.1913517713546753,3.9326772689819336,3.8378915786743164,5.997004212025786,29.659424399196844,-3.934522867202759,787,16,28,0,,11.690799713134766,OUTBOUND,-12.44446849822998,0.25784117974537996,
1,17.420276641845703,1.1917086839675903,0.09472721070051193,0.08944784104824066,6.009731073019793,29.647105044626073,-3.9252545833587646,788,16,29,0,,6.179802417755127,OUTBOUND,-12.670146942138672,0.2663320032848729,
1,17.295379638671875,1.1920650005340576,4.6067585945129395,4.594891548156738,6.018795026000589,29.634845658781668,-3.8884708881378174,789,16,30,0,,27.01719093322754,OUTBOUND,-12.674886703491211,0.2381385865450155,
1,17.30988311767578,1.1924203634262085,0.06471001356840134,0.07674205303192139,6.027119015023345,29.6225523460635,-3.876697540283203,790,16,31,0,,2.03735613822937,OUTBOUND,-12.682062149047852,0.20910819839927,
1,17.24972915649414,1.1927756071090698,0.06363488733768463,0.08515458554029465,6.036091137997573,29.610294507753068,-3.8930277824401855,791,16,32,0,,6.741474151611328,OUTBOUND,-12.57838249206543,0.17075694031344185,
1,17.260255813598633,1.193131446838379,7.521900653839111,7.496567726135254,6.044800645002397,29.598074965219556,-3.9135398864746094,792,16,33,0,,39.516658782958984,OUTBOUND,-12.663461685180664,0.1701047193214554,
1,17.206865310668945,1.1934877634048462,2.687483310699463,2.707928419113159,6.05281282501528,29.58581912079313,-3.908627986907959,793,16,34,0,,13.165325164794922,OUTBOUND,-12.644732475280762,0.19073908484821164,
1,17.07291030883789,1.1938438415527344,2.058175802230835,2.0187630653381348,6.060551749018487,29.57354786701198,-3.8941988945007324,794,16,35,0,,8.239912033081055,OUTBOUND,-12.49178695678711,0.20994596527452133,
1,17.21178436279297,1.1942013502120972,0.23468250036239624,0.28294020891189575,6.068603250023443,29.561246330199463,-3.9361274242401123,795,16,36,0,,21.3100643157959,OUTBOUND,-12.534334182739258,0.2461585663861156,
1,17.13294219970703,1.1945582628250122,0.15514889359474182,0.2024788111448288,6.0766848850180395,29.5489072813122,-3.885587215423584,796,16,37,0,,24.377052307128906,OUTBOUND,-12.457015037536621,0.26015941375598645,
1,17.313419342041016,1.19491708278656,0.1889648735523224,0.21296289563179016,6.0848761970119085,29.536580617827482,-3.9513094425201416,797,16,38,0,,25.114410400390625,OUTBOUND,-12.496020317077637,0.26188814390147863,
1,17.398103713989258,1.1952767372131348,1.9014549255371094,1.8402142524719238,6.0966142610122915,29.524317210724426,-3.925863742828369,798,16,39,0,,10.796965599060059,OUTBOUND,-12.583755493164062,0.27242556342951,
1,17.525798797607422,1.1956356763839722,0.28674250841140747,0.27972209453582764,6.1076268660253845,29.512047105970957,-3.8855504989624023,799,16,40,0,,7.40480899810791,OUTBOUND,-12.772024154663086,0.2638954874483978,
1,17.675722122192383,1.19599449634552,0.060255009680986404,0.06035006791353226,6.117154153005686,29.499752803228226,-3.9056684970855713,800,16,41,0,,5.764798641204834,OUTBOUND,-12.876442909240723,0.255287450920877,
1,17.583118438720703,1.1963530778884888,2.8405044078826904,2.892160654067993,6.127880295010982,29.48743407885872,-3.8937594890594482,801,16,42,0,,16.591426849365234,OUTBOUND,-12.863527297973633,0.22944585201151682,
1,17.694549560546875,1.1967122554779053,5.0422043800354,5.053713798522949,6.1377887170237955,29.475081287607733,-3.9198827743530273,802,16,43,0,,35.34932327270508,FAILURE,-13.047954559326172,-9.832496132400056,
1,17.560775756835938,1.197068691253662,0.2646385729312897,0.28226062655448914,6.1470849530014675,29.987980590584307,-3.834404468536377,803,17,1,0,,12.35262393951416,OUTBOUND,-13.025463104248047,0.017544576131051707,
1,17.5580997467041,1.197424292564392,2.837810754776001,2.8257839679718018,6.1556038680137135,29.97590048507909,-3.8769240379333496,804,17,2,0,,14.540327072143555,OUTBOUND,-12.99012565612793,0.051685856303328705,
1,17.6107234954834,1.1977806091308594,0.22587844729423523,0.2244836837053299,6.16346109402366,29.96379644119715,-3.9093244075775146,805,17,3,0,,1.5864871740341187,OUTBOUND,-12.975887298583984,0.08258065025321477,
1,17.482454299926758,1.1981371641159058,2.8190982341766357,2.8161587715148926,6.1731923920160625,29.951702231256366,-3.904083728790283,806,17,4,0,,3.6372005939483643,OUTBOUND,-12.87226676940918,0.11652104699881173,
1,17.50098419189453,1.1984957456588745,3.279723882675171,3.2220888137817383,6.181602497003041,29.939605045932513,-3.951012134552002,807,17,5,0,,10.192441940307617,OUTBOUND,-12.862162590026855,0.11529005638710901,
1,17.33875846862793,1.1988548040390015,0.3263554871082306,0.38672131299972534,6.18938408701797,29.92748738642815,-3.9117376804351807,808,17,6,0,,26.165895462036133,OUTBOUND,-12.661797523498535,0.12422327275944293,
1,17.506452560424805,1.1992149353027344,0.5233252048492432,0.5534963607788086,6.1980309810023755,29.915319652426422,-3.927952766418457,809,17,7,0,,24.675077438354492,OUTBOUND,-12.751562118530273,0.17055592582323112,
1,17.50213050842285,1.19957435131073,0.19637329876422882,0.2334146350622177,6.208626875013579,29.903104231679286,-3.8867692947387695,810,17,8,0,,27.568580627441406,OUTBOUND,-12.727834701538086,0.22958078957748046,
1,17.69168472290039,1.1999337673187256,2.8365821838378906,2.8291401863098145,6.218218328023795,29.890847446829905,-3.9058518409729004,811,17,9,0,,3.2939369678497314,OUTBOUND,-12.903512001037598,0.24100583171251316,
1,17.691993713378906,1.2002925872802734,0.24305790662765503,0.25103098154067993,6.228690690011717,29.878632796071436,-3.883620023727417,812,17,10,0,,13.773189544677734,OUTBOUND,-12.901002883911133,0.2175849561644121,
1,17.827329635620117,1.2006511688232422,2.77571177482605,2.760328531265259,6.244088460021885,29.86640412513482,-3.894519567489624,813,17,11,0,,3.458157539367676,OUTBOUND,-13.036266326904297,0.24349258594465378,
1,17.869516372680664,1.2010101079940796,0.1384715437889099,0.14569416642189026,6.251997496001422,29.85414306430094,-3.9097399711608887,814,17,12,0,,2.367379903793335,OUTBOUND,-13.093040466308594,0.2994414937612763,
1,18.11758804321289,1.201369047164917,0.07538051158189774,0.09240958094596863,6.259175025013974,29.841877817342393,-3.902470588684082,815,17,13,0,,6.901692867279053,OUTBOUND,-13.353793144226074,0.3448143202970119,
1,18.044767379760742,1.2017292976379395,3.2359845638275146,3.233675956726074,6.267163470009109,29.82959783933996,-3.9324591159820557,816,17,14,0,,26.419858932495117,OUTBOUND,-13.322074890136719,0.3540780557866832,
1,18.045278549194336,1.2020901441574097,2.0761466026306152,2.024322509765625,6.277619478001725,29.817293607811525,-3.916825294494629,817,17,15,0,,16.802627563476562,OUTBOUND,-13.379651069641113,0.37095178859358524,
1,17.87034034729004,1.2024503946304321,0.07032860815525055,0.08428575843572617,6.287065089010866,29.804930161709652,-3.8915534019470215,818,17,16,0,,0.34737321734428406,OUTBOUND,-13.231532096862793,0.3724047478992889,
1,17.857742309570312,1.202810525894165,2.8255562782287598,2.8011598587036133,6.295222623011796,29.79262902759135,-3.8953051567077637,819,17,17,0,,10.073994636535645,OUTBOUND,-13.215188980102539,0.3528104604363504,
1,17.97349739074707,1.2031725645065308,4.930234909057617,4.867592811584473,6.305265741015319,29.780347085126998,-3.9549965858459473,820,17,18,0,,16.887630462646484,OUTBOUND,-13.293900489807129,0.38916780479751373,
1,17.78972053527832,1.2035335302352905,2.3856282234191895,2.3733646869659424,6.31493171400507,29.768024249614285,-3.8783624172210693,821,17,19,0,,2.6404457092285156,OUTBOUND,-13.204503059387207,0.4196027895116712,
1,17.710773468017578,1.203895092010498,0.38866865634918213,0.41603586077690125,6.323233536997577,29.755728128920584,-3.9168801307678223,822,17,20,0,,12.795044898986816,OUTBOUND,-13.021188735961914,0.43345728834365993,
1,17.61929702758789,1.2042570114135742,8.337615966796875,8.215993881225586,6.332228152023163,29.743385597652058,-3.916898727416992,823,17,21,0,,31.573444366455078,OUTBOUND,-13.018729209899902,0.43098540486771364,
1,17.5715389251709,1.204618215560913,2.315727710723877,2.2751026153564453,6.34404926901334,29.731044408296015,-3.885458469390869,824,17,22,0,,22.045679092407227,OUTBOUND,-12.934610366821289,0.44558274375160317,
1,17.604961395263672,1.2049782276153564,0.397394597530365,0.414719820022583,6.3518138240033295,29.718650538366504,-3.8734285831451416,825,17,23,0,,40.382667541503906,OUTBOUND,-12.897063255310059,0.45743509886133465,
1,17.649246215820312,1.2053368091583252,2.5026299953460693,2.484537124633789,6.359798755001975,29.70626481565309,-3.8639323711395264,826,17,24,0,,23.127155303955078,OUTBOUND,-12.883354187011719,0.4640744094781427,
1,17.670082092285156,1.205693006515503,5.071873188018799,5.018630027770996,6.368313696002588,29.69383578832003,-3.832984685897827,827,17,25,0,,3.099072217941284,OUTBOUND,-12.962790489196777,0.5101131531572051,
1,17.84748649597168,1.2060493230819702,3.2786500453948975,3.253085136413574,6.377313208009582,29.68142125918951,-3.8954625129699707,828,17,26,0,,2.2661890983581543,OUTBOUND,-13.083900451660156,0.5489206177193025,
1,17.91884994506836,1.2064048051834106,0.5136179327964783,0.4837127923965454,6.385250693012495,29.668961847573907,-3.867232322692871,829,17,27,0,,14.205427169799805,OUTBOUND,-13.162927627563477,0.5872986387894046,
1,18.13202476501465,1.206762433052063,0.17709985375404358,0.17277725040912628,6.393295810004929,29.65646762927527,-3.93941593170166,830,17,28,0,,17.176908493041992,OUTBOUND,-13.261358261108398,0.5911239325987726,
1,18.263275146484375,1.2071223258972168,2.9986932277679443,2.979739189147949,6.402034514001571,29.64399745501008,-3.9529201984405518,831,17,29,0,,5.179439544677734,OUTBOUND,-13.398015975952148,0.5693541002945136,
1,18.29831314086914,1.2074817419052124,0.2823184132575989,0.2779729664325714,6.41428960399935,29.631511757781144,-3.8837532997131348,832,17,30,0,,0.9255792498588562,FAILURE,-13.515605926513672,-9.427910721721513,
1,18.29918098449707,1.2078397274017334,0.1348307728767395,0.13809774816036224,6.4229032350122,29.987986395630475,-3.8612513542175293,833,18,1,0,,3.5187997817993164,OUTBOUND,-13.556434631347656,0.010028885318894646,
1,18.407495498657227,1.2081964015960693,0.11304442584514618,0.11002575606107712,6.430635053024162,29.97593295932503,-3.8602991104125977,834,18,2,0,,5.577422618865967,OUTBOUND,-13.67489242553711,0.005025340507151566,
1,18.34154510498047,1.208554744720459,0.29190462827682495,0.30591773986816406,6.440907472016988,29.96386484635396,-3.9293246269226074,835,18,3,0,,8.574405670166016,OUTBOUND,-13.553247451782227,-0.05453120310462647,
1,18.44308853149414,1.208914041519165,3.0482184886932373,3.0060343742370605,6.450454941019416,29.951742077732145,-3.9177956581115723,836,18,4,0,,24.636110305786133,OUTBOUND,-13.731070518493652,-0.08123152966153048,
1,18.399015426635742,1.2092738151550293,0.08483505249023438,0.08806499093770981,6.459736200020416,29.93958636609942,-3.905710458755493,837,18,5,0,,4.032165050506592,OUTBOUND,-13.717995643615723,-0.09411054362357797,
1,18.343994140625,1.209632158279419,3.2679836750030518,3.2552402019500732,6.468194562999997,29.927450190381887,-3.8616435527801514,838,18,6,0,,20.287168502807617,OUTBOUND,-13.748756408691406,-0.09737122159907337,
1,18.304946899414062,1.209991693496704,0.41197893023490906,0.40759211778640747,6.477397783019114,29.915352482985085,-3.9193146228790283,839,18,7,0,,5.941574573516846,OUTBOUND,-13.630435943603516,-0.0547744173775672,
1,18.25144386291504,1.2103509902954102,3.15400767326355,3.1670827865600586,6.4865546240180265,29.903265293564523,-3.8899426460266113,840,18,8,0,,5.135558605194092,OUTBOUND,-13.601775169372559,0.009421381115693152,
1,18.173019409179688,1.210711121559143,0.13471415638923645,0.14775004982948303,6.494267280999338,29.89119679097393,-3.9158384799957275,841,18,9,0,,19.687271118164062,OUTBOUND,-13.440147399902344,0.03587737492099748,
1,18.167850494384766,1.2110720872879028,2.640207529067993,2.6245553493499756,6.501839092001319,29.87914541688858,-3.914980411529541,842,18,10,0,,4.16597843170166,OUTBOUND,-13.423285484313965,0.03460591847637012,
1,18.32080078125,1.2114347219467163,2.8975131511688232,2.909740924835205,6.511417005007388,29.867052325561833,-3.942741632461548,843,18,11,0,,6.996197700500488,OUTBOUND,-13.537034034729004,0.038138560055324344,
1,18.27666473388672,1.211795687675476,0.40559452772140503,0.38693001866340637,6.523546684999019,29.85493004795993,-3.854889154434204,844,18,12,0,,19.175453186035156,OUTBOUND,-13.544719696044922,0.06731958906547474,
1,18.280467987060547,1.2121572494506836,0.1521974802017212,0.15592113137245178,6.53443964701728,29.842775687657724,-3.9165611267089844,845,18,13,0,,17.238309860229492,OUTBOUND,-13.444112777709961,0.07621193950673082,
1,18.379425048828125,1.2125194072723389,5.888195037841797,5.919703006744385,6.545203379006125,29.830673692973754,-3.908757448196411,846,18,14,0,,19.187835693359375,OUTBOUND,-13.602746963500977,0.07400238243817267,
1,18.255849838256836,1.2128815650939941,2.664212226867676,2.6122171878814697,6.553921958024148,29.818511876676656,-3.9021430015563965,847,18,15,0,,1.5855391025543213,OUTBOUND,-13.493193626403809,0.1193117312458719,
1,18.459022521972656,1.2132443189620972,3.2224512100219727,3.2095680236816406,6.565026197000407,29.806357377573406,-3.9125733375549316,848,18,16,0,,3.353424549102783,OUTBOUND,-13.704957962036133,0.16304331995959315,
1,18.533361434936523,1.2136059999465942,0.3743162751197815,0.3820081353187561,6.578207326005213,29.794157549169327,-3.875401020050049,849,18,17,0,,1.7597373723983765,OUTBOUND,-13.802155494689941,0.21958522547342188,
1,18.500913619995117,1.2139674425125122,0.2926505208015442,0.32418495416641235,6.590084227005718,29.781923861706392,-3.890551805496216,850,18,18,0,,7.409154415130615,OUTBOUND,-13.728187561035156,0.2619210814220808,
1,18.633453369140625,1.2143303155899048,0.09274080395698547,0.1050395518541336,6.6016042190021835,29.76968392257981,-3.9327619075775146,851,18,19,0,,11.826952934265137,OUTBOUND,-13.795051574707031,0.25003748049902347,
1,18.576248168945312,1.2146941423416138,3.1529057025909424,3.1254382133483887,6.6142808250151575,29.75745120653702,-3.9222280979156494,852,18,20,0,,5.826323509216309,OUTBOUND,-13.769669532775879,0.20277161543521655,
1,18.63105583190918,1.2150598764419556,2.6641054153442383,2.660726547241211,6.624565539998002,29.745255457780722,-3.951509952545166,853,18,21,0,,4.185801029205322,OUTBOUND,-13.826202392578125,0.17329587632986673,
1,18.651371002197266,1.2154250144958496,0.1976175308227539,0.19450612366199493,6.632596920011565,29.733084611314062,-3.892927646636963,854,18,22,0,,3.744509220123291,OUTBOUND,-13.885576248168945,0.1862170535602769,
1,18.740345001220703,1.2157922983169556,5.553380012512207,5.4417338371276855,6.6416671910264995,29.720946274738758,-3.9579193592071533,855,18,23,0,,30.868406295776367,OUTBOUND,-13.980119705200195,0.19030898205472116,
1,18.699459075927734,1.2161623239517212,0.19652780890464783,0.19671127200126648,6.65095080001629,29.708773540530206,-3.9776113033294678,856,18,24,0,,8.429412841796875,OUTBOUND,-13.895195007324219,0.1375741690277361,
1,18.480606079101562,1.2165321111679077,5.741003513336182,5.738040924072266,6.659412178007187,29.69664348269642,-3.913846492767334,857,18,25,0,,20.95954132080078,OUTBOUND,-13.78739070892334,0.07078962317653766,
1,18.547054290771484,1.2169009447097778,0.1745920181274414,0.188105046749115,6.668209602008574,29.684507590547707,-3.890500068664551,858,18,26,0,,22.937164306640625,OUTBOUND,-13.822183609008789,0.07099719277571638,
1,18.425973892211914,1.2172664403915405,3.4638710021972656,3.486949920654297,6.681898342008935,29.672375422834854,-3.8296384811401367,859,18,27,0,,5.701197147369385,OUTBOUND,-13.784826278686523,0.1161892137256586,
1,18.460693359375,1.217631220817566,0.2832230031490326,0.2900658845901489,6.691447588003939,29.660244524086544,-3.8842594623565674,860,18,28,0,,16.689401626586914,OUTBOUND,-13.708803176879883,0.11992927058202198,
1,18.447416305541992,1.2179980278015137,3.101691484451294,3.131563425064087,6.700303250021534,29.64811349042608,-3.9528682231903076,861,18,29,0,,6.798058032989502,OUTBOUND,-13.612203598022461,0.11670386217363186,
1,18.613304138183594,1.2183645963668823,0.3248918354511261,0.3495095372200012,6.712684330006596,29.635967937822738,-3.9053921699523926,862,18,30,0,,21.07660675048828,OUTBOUND,-13.78376293182373,0.15340541005977676,
1,18.63628387451172,1.2187305688858032,3.738372564315796,3.7719666957855225,6.723800513020251,29.623780191732628,-3.886662721633911,863,18,31,0,,9.859235763549805,OUTBOUND,-13.847558975219727,0.1535688435229945,
1,18.59709358215332,1.2190964221954346,2.372398853302002,2.3195443153381348,6.734299570001895,29.611622539513053,-3.9034316539764404,864,18,32,0,,4.9444427490234375,OUTBOUND,-13.790763854980469,0.1532286227349416,
1,18.85039520263672,1.2194627523422241,3.0498287677764893,3.06614351272583,6.746222623012727,29.599441607243286,-3.916555404663086,865,18,33,0,,4.2071990966796875,OUTBOUND,-14.0407075881958,0.20568794868130424,
1,18.976457595825195,1.2198303937911987,0.10905252397060394,0.11125847697257996,6.755788160022348,29.587204824692055,-3.9380855560302734,866,18,34,0,,15.198179244995117,OUTBOUND,-14.106378555297852,0.23588965896399375,
1,18.87884521484375,1.2201985120773315,6.7238664627075195,6.660988807678223,6.763610071007861,29.574989368936652,-3.9190335273742676,867,18,35,0,,34.02167510986328,OUTBOUND,-14.113164901733398,0.2715760210889091,
1,18.995040893554688,1.2205677032470703,0.11769165098667145,0.1299745738506317,6.771399457007647,29.562721012160377,-3.9354567527770996,868,18,36,0,,14.573987007141113,OUTBOUND,-14.173887252807617,0.296410258013625,
1,18.906734466552734,1.2209371328353882,3.288450241088867,3.2595269680023193,6.781520874006674,29.550421615289718,-3.919281005859375,869,18,37,0,,5.284894943237305,OUTBOUND,-14.11925983428955,0.2781247611674951,
1,18.90223503112793,1.2213066816329956,0.08871577680110931,0.1101691946387291,6.791929384024115,29.538160064495074,-3.9138522148132324,870,18,38,0,,15.549159049987793,OUTBOUND,-14.077634811401367,0.251801107971516,
1,19.023916244506836,1.2216742038726807,0.09114686399698257,0.09161556512117386,6.802726777998032,29.52589177203617,-3.8600220680236816,871,18,39,0,,5.089555263519287,OUTBOUND,-14.257772445678711,0.23060225105432403,
1,19.005958557128906,1.2220426797866821,3.4078612327575684,3.4316790103912354,6.811705770000117,29.51360561190983,-3.9296090602874756,872,18,40,0,,11.023439407348633,OUTBOUND,-14.189208984375,0.26036987193943584,
1,19.129201889038086,1.2224115133285522,0.3038625121116638,0.314849853515625,6.8201533630199265,29.50127046489114,-3.9170632362365723,873,18,41,0,,4.237578868865967,OUTBOUND,-14.310746192932129,0.32085483445310936,
1,19.16136360168457,1.2227789163589478,0.10481094568967819,0.10986600071191788,6.829367097001523,29.488881352365322,-3.8755502700805664,874,18,42,0,,3.120945692062378,OUTBOUND,-14.387269020080566,0.3127751209597846,
1,19.114994049072266,1.2231459617614746,6.908246994018555,6.923646450042725,6.838502070022514,29.476570848745894,-3.8952460289001465,875,18,43,0,,34.974205017089844,OUTBOUND,-14.409150123596191,0.25037278095292836,
1,19.128448486328125,1.2235139608383179,0.059667717665433884,0.06538417190313339,6.849874521023594,29.464312225923862,-3.9256515502929688,876,18,44,0,,12.02265739440918,OUTBOUND,-14.341144561767578,0.22989338683692156,
1,18.965972900390625,1.2238799333572388,0.7446189522743225,0.7411108016967773,6.857703162997495,29.452016018799924,-3.859032154083252,877,18,45,0,,6.644978046417236,OUTBOUND,-14.246587753295898,0.23738943783438782,
1,19.1680908203125,1.224246621131897,0.384349524974823,0.4087788760662079,6.8660086410236545,29.439665609177858,-3.9157297611236572,878,18,46,0,,9.628612518310547,FAILURE,-14.348237037658691,-9.724896361472602,
1,19.107580184936523,1.2246125936508179,0.42197009921073914,0.4528788924217224,6.8753306770231575,29.987988603960154,-3.8834028244018555,879,19,1,0,,15.519299507141113,OUTBOUND,-14.29432201385498,-0.008579469181526073,
1,19.129167556762695,1.2249788045883179,0.11493678390979767,0.1270645558834076,6.884047441009898,29.975953302496336,-3.908745288848877,880,19,2,0,,17.516576766967773,OUTBOUND,-14.241752624511719,-0.015334986983806512,
1,19.158010482788086,1.2253453731536865,6.215721130371094,6.226329803466797,6.892190696002217,29.963899737569495,-3.908689022064209,881,19,3,0,,26.376766204833984,OUTBOUND,-14.349209785461426,5.5469212020254984e-05,
1,19.186397552490234,1.2257121801376343,6.126828193664551,6.039760589599609,6.899859904020559,29.95177587235913,-3.9061295986175537,882,19,4,0,,28.390039443969727,OUTBOUND,-14.452937126159668,-0.01425581373583327,
1,19.167821884155273,1.2260788679122925,0.6426396369934082,0.6335843205451965,6.908102642017184,29.939669247104018,-3.900283098220825,883,19,5,0,,8.370702743530273,OUTBOUND,-14.41458797454834,-0.012479138810355407,
1,19.097742080688477,1.2264447212219238,2.960879325866699,2.899393320083618,6.9190896400250494,29.927572677480054,-3.8762857913970947,884,19,6,0,,3.248690605163574,OUTBOUND,-14.379088401794434,-0.005115899651214497,
1,19.047487258911133,1.2268105745315552,0.343191921710968,0.34692254662513733,6.931876704009483,29.915510340944785,-3.90201997756958,885,19,7,0,,18.794517517089844,OUTBOUND,-14.243626594543457,-0.03901772488743116,
1,19.145721435546875,1.2271778583526611,0.15318357944488525,0.1576438546180725,6.945217890024651,29.903421378599592,-3.9304726123809814,886,19,8,0,,20.995630264282227,OUTBOUND,-14.268122673034668,-0.03507672529893835,
1,19.29999351501465,1.2275464534759521,0.1507357656955719,0.1672252118587494,6.954945128003601,29.89130144441491,-3.9364023208618164,887,19,9,0,,23.321622848510742,OUTBOUND,-14.360919952392578,-0.05996859560291587,
1,19.37071990966797,1.2279162406921387,0.32206404209136963,0.3422541618347168,6.96459318100824,29.879153137436063,-3.933748960494995,888,19,10,0,,7.295261859893799,OUTBOUND,-14.426101684570312,-0.055647760754457244,
1,19.482730865478516,1.2282838821411133,0.09024054557085037,0.10569906234741211,6.974115317018004,29.867091929371817,-3.855060338973999,889,19,11,0,,11.531503677368164,OUTBOUND,-14.622495651245117,-0.024348641813630216,
1,19.608301162719727,1.2286511659622192,0.8131871223449707,0.832344651222229,6.987072022020584,29.854988636937016,-3.8902769088745117,890,19,12,0,,16.33415412902832,OUTBOUND,-14.744132041931152,0.0070154934149261735,
1,19.732751846313477,1.229020595550537,0.09718939661979675,0.11154480278491974,6.996663844009163,29.842840892676776,-3.9550845623016357,891,19,13,0,,7.865993499755859,OUTBOUND,-14.817892074584961,0.06004553315647796,
1,19.6710262298584,1.2293895483016968,1.0001221895217896,0.9906258583068848,7.00450446002651,29.830701391001316,-3.893939971923828,892,19,14,0,,27.82084846496582,OUTBOUND,-14.892420768737793,0.0933096219265327,
1,19.527088165283203,1.2297574281692505,0.07344858348369598,0.08238960057497025,7.013964366022265,29.818561507325928,-3.8768131732940674,893,19,15,0,,2.182347536087036,OUTBOUND,-14.778674125671387,0.09355373519225266,
1,19.467416763305664,1.230125069618225,9.098679542541504,9.022626876831055,7.023174774018116,29.80643152228583,-3.8937478065490723,894,19,16,0,,54.42781066894531,OUTBOUND,-14.818267822265625,0.056960257860263284,
1,19.320987701416016,1.2304918766021729,2.5233640670776367,2.465015172958374,7.031031053018523,29.794318645648158,-3.8802366256713867,895,19,17,0,,5.217195987701416,OUTBOUND,-14.678799629211426,0.009350352882204092,
1,19.01106834411621,1.2308568954467773,2.76501202583313,2.7159311771392822,7.03872408400639,29.782186087886277,-3.8546628952026367,896,19,18,0,,5.535576343536377,OUTBOUND,-14.381443977355957,-0.039046749732633994,
1,19.22867202758789,1.2312231063842773,0.7955484390258789,0.8033477067947388,7.047906760999467,29.770044039474225,-3.9214978218078613,897,19,19,0,,17.621877670288086,OUTBOUND,-14.454903602600098,-0.04682782352838927,
1,19.295732498168945,1.2315897941589355,0.25170326232910156,0.29070180654525757,7.058756170998095,29.75792757957544,-3.9061317443847656,898,19,20,0,,35.814754486083984,OUTBOUND,-14.45756721496582,-0.024015556208340408,
1,19.111326217651367,1.2319551706314087,3.763164520263672,3.7875828742980957,7.066228978015715,29.74576378671272,-3.8660318851470947,899,19,21,0,,20.489408493041992,OUTBOUND,-14.284448623657227,-0.048215849308684756,
1,19.476036071777344,1.2323219776153564,6.446843147277832,6.421232223510742,7.07686323201051,29.733634255072925,-3.9276764392852783,900,19,22,0,,3.420734405517578,OUTBOUND,-14.578767776489258,-0.0726846616285518,
1,19.410348892211914,1.2326894998550415,0.8868441581726074,0.857998788356781,7.086543113022344,29.72152209670578,-3.9121687412261963,901,19,23,0,,15.57011890411377,OUTBOUND,-14.500936508178711,-0.06402798898371789,
1,19.6645565032959,1.2330570220947266,4.32409143447876,4.33277702331543,7.096228996000718,29.709378954102366,-3.901270866394043,902,19,24,0,,5.55299711227417,OUTBOUND,-14.795755386352539,-0.052237100218720176,
1,19.656553268432617,1.233425498008728,0.17558622360229492,0.16262973845005035,7.10463502802304,29.697154154295898,-3.919259548187256,903,19,25,0,,23.858518600463867,OUTBOUND,-14.709400177001953,-0.05944610364967315,
1,19.746986389160156,1.2337942123413086,0.20134387910366058,0.2030915766954422,7.112543679017108,29.68501045635195,-3.905548572540283,904,19,26,0,,14.054070472717285,OUTBOUND,-14.80193042755127,-0.10132218743290124,
1,19.968549728393555,1.2341630458831787,0.12365680932998657,0.12220451235771179,7.122138300008373,29.672832018129903,-3.9016830921173096,905,19,27,0,,4.843873977661133,OUTBOUND,-15.020998001098633,-0.09066729896278604,
1,19.987703323364258,1.2345314025878906,0.4895693063735962,0.4963974058628082,7.130701706017135,29.660727785127474,-3.888207197189331,906,19,28,0,,3.182448387145996,OUTBOUND,-15.078483581542969,-0.060163130687453575,
1,20.158124923706055,1.2349002361297607,0.49830326437950134,0.4992840588092804,7.138462410017382,29.6486228245699,-3.912776470184326,907,19,29,0,,14.960140228271484,OUTBOUND,-15.259725570678711,-0.06105135576245794,
1,20.093982696533203,1.2352708578109741,4.002665042877197,3.978224039077759,7.146700313023757,29.636511772340548,-3.9431843757629395,908,19,30,0,,32.54564666748047,OUTBOUND,-15.228776931762695,-0.0681125797330788,
1,19.961267471313477,1.2356421947479248,0.5903326869010925,0.5880164504051208,7.157839888008311,29.624390878576815,-3.9209673404693604,909,19,31,0,,15.138941764831543,OUTBOUND,-15.163122177124023,-0.07047871377729162,
1,19.98594093322754,1.2360130548477173,3.8761813640594482,3.86332631111145,7.167077815014636,29.612265571908285,-3.8906173706054688,910,19,32,0,,25.958967208862305,OUTBOUND,-15.279576301574707,-0.0762751538466336,
1,19.75437355041504,1.2363840341567993,3.023268938064575,3.002728223800659,7.175608098012162,29.600102934225095,-3.9114909172058105,911,19,33,0,,11.265935897827148,OUTBOUND,-15.039772987365723,-0.05105069840332178,
1,19.71527862548828,1.2367545366287231,0.3144710063934326,0.3214159607887268,7.184770753025077,29.587977329648737,-3.8890864849090576,912,19,34,0,,7.791436672210693,OUTBOUND,-14.988685607910156,-0.03264247749402978,
1,19.759485244750977,1.2371264696121216,0.19238245487213135,0.2286083996295929,7.19887277201633,29.5758463443633,-3.936457872390747,913,19,35,0,,31.615474700927734,OUTBOUND,-14.90264892578125,-0.057266995776363044,
1,19.83599090576172,1.2374991178512573,0.1586281955242157,0.1674908995628357,7.211995015008142,29.563693923503877,-3.926194190979004,914,19,36,0,,27.04296875,OUTBOUND,-14.934432983398438,-0.0257580746620981,
1,19.79765510559082,1.237871766090393,2.59049391746521,2.5453479290008545,7.224823046009988,29.551523462435505,-3.903266668319702,915,19,37,0,,7.002801895141602,OUTBOUND,-14.904361724853516,-0.01164877260394037,
1,19.986295700073242,1.2382436990737915,0.5667867660522461,0.5597406625747681,7.233159872004762,29.53932932534571,-3.8928141593933105,916,19,38,0,,16.755882263183594,OUTBOUND,-15.070699691772461,-0.028442265646706905,
1,20.131175994873047,1.238615870475769,3.8589820861816406,3.865084648132324,7.240518873004476,29.527134939995385,-3.909092664718628,917,19,39,0,,3.88352370262146,OUTBOUND,-15.20659065246582,-0.04840883382387916,
1,20.015636444091797,1.2389875650405884,0.6549295783042908,0.6690915822982788,7.249269614025252,29.514899674608838,-3.8934264183044434,918,19,40,0,,3.360597610473633,OUTBOUND,-15.12335205078125,-0.09630706337409951,
1,20.144020080566406,1.2393594980239868,0.4226449131965637,0.43747571110725403,7.25823053100612,29.502627770180304,-3.9095873832702637,919,19,41,0,,5.131912708282471,OUTBOUND,-15.2300443649292,-0.10801819884968636,
1,20.05666160583496,1.2397302389144897,0.376420795917511,0.4040887951850891,7.267954675015062,29.49045660254348,-3.8732974529266357,920,19,42,0,,1.4436060190200806,OUTBOUND,-15.191347122192383,-0.09947924027953271,
1,20.441253662109375,1.2401020526885986,0.08526158332824707,0.0923975482583046,7.276034725015052,29.478232797342145,-3.9264938831329346,921,19,43,0,,4.207679748535156,OUTBOUND,-15.517454147338867,-0.07141608724820675,
1,20.297101974487305,1.240473747253418,0.12296262383460999,0.1308460533618927,7.286063191015273,29.466061974578583,-3.9016177654266357,922,19,44,0,,2.113048791885376,OUTBOUND,-15.418782234191895,-0.06713807894512872,
1,20.363012313842773,1.2408450841903687,0.7143900990486145,0.695902407169342,7.298730239999713,29.45391927394775,-3.8928191661834717,923,19,45,0,,9.972684860229492,OUTBOUND,-15.516193389892578,-0.10668532347304978,
1,20.40568733215332,1.2412152290344238,3.156726121902466,3.1274681091308594,7.3077730770164635,29.44175064018807,-3.872399091720581,924,19,46,0,,22.147424697875977,OUTBOUND,-15.62824535369873,-0.12988618340766633,
1,20.217124938964844,1.241586446762085,4.181685447692871,4.100105285644531,7.322332214011112,29.429545463894854,-3.923226833343506,925,19,47,0,,40.36280059814453,OUTBOUND,-15.468159675598145,-0.12568116418255085,
1,20.154996871948242,1.2419570684432983,0.12060976028442383,0.1499548852443695,7.333807066024747,29.417296042411248,-3.8861513137817383,926,19,48,0,,18.11099624633789,OUTBOUND,-15.403563499450684,-0.13853055255310126,
1,20.14134979248047,1.2423287630081177,0.1390027105808258,0.1606506109237671,7.343275413004449,29.405087499337196,-3.927023410797119,927,19,49,0,,18.579761505126953,OUTBOUND,-15.29504108428955,-0.14244993207397705,
1,20.078460693359375,1.2427008152008057,3.457824230194092,3.3935585021972656,7.35650421801256,29.392885969114904,-3.9067652225494385,928,19,50,0,,2.4519762992858887,OUTBOUND,-15.259210586547852,-0.13810025249222363,
1,20.142908096313477,1.2430721521377563,3.9669175148010254,3.961118459701538,7.370022067014361,29.380655516519692,-3.8865509033203125,929,19,51,0,,6.0211052894592285,OUTBOUND,-15.315933227539062,-0.1357851312568467,
1,20.006622314453125,1.2434427738189697,1.0850427150726318,1.0817655324935913,7.382529670023359,29.368499307789936,-3.878708839416504,930,19,52,0,,19.078092575073242,OUTBOUND,-15.147226333618164,-0.12376293350059532,
1,20.19357681274414,1.243811011314392,0.24511489272117615,0.23302783071994781,7.397648857004242,29.35633886312638,-3.8396120071411133,931,19,53,0,,33.66864776611328,OUTBOUND,-15.305845260620117,-0.14763741129036215,
1,20.176286697387695,1.2441799640655518,3.9878056049346924,3.976966381072998,7.410728406015551,29.344129994577465,-3.910022497177124,932,19,54,0,,2.9982731342315674,OUTBOUND,-15.20911979675293,-0.18431545007774996,
1,20.437698364257812,1.2445495128631592,0.10838838666677475,0.10252559185028076,7.423508541018236,29.33194183285093,-3.905573606491089,933,19,55,0,,14.107155799865723,OUTBOUND,-15.45909309387207,-0.20709970254690113,
1,20.53932762145996,1.2449191808700562,0.266961932182312,0.2645978033542633,7.434345130022848,29.319737137757066,-3.897488832473755,934,19,56,0,,1.946123719215393,OUTBOUND,-15.573107719421387,-0.2267258684455684,
1,20.641904830932617,1.245287299156189,1.2097625732421875,1.2026859521865845,7.445265067013679,29.3075391197835,-3.857093334197998,935,19,57,0,,21.45661735534668,OUTBOUND,-15.779126167297363,-0.23295129139589513,
1,20.639490127563477,1.2456564903259277,0.9029586911201477,0.8843737840652466,7.457773751026252,29.295325817243615,-3.915648937225342,936,19,58,0,,16.711780548095703,OUTBOUND,-15.753594398498535,-0.2111060749567175,
1,20.701900482177734,1.2460284233093262,4.686469554901123,4.671761512756348,7.468801136012189,29.28313396742805,-3.9594902992248535,937,19,59,0,,37.26192092895508,OUTBOUND,-15.842890739440918,-0.2228389391072235,
1,20.582834243774414,1.2463992834091187,0.10146354883909225,0.11293651163578033,7.477737954002805,29.270901536686118,-3.8723886013031006,938,19,60,0,,7.842471599578857,OUTBOUND,-15.807473182678223,-0.20890235467624074,
1,20.383716583251953,1.2467718124389648,0.1250777691602707,0.14459975063800812,7.486703248025151,29.258686111686522,-3.9361019134521484,939,19,61,0,,9.885046005249023,OUTBOUND,-15.50508975982666,-0.17436980016862969,
1,20.445518493652344,1.2471425533294678,2.9667468070983887,2.8871538639068604,7.498670227010734,29.246434679642732,-3.8543431758880615,940,19,62,0,,2.8091514110565186,OUTBOUND,-15.65667724609375,-0.18436365981062167,
1,20.43795394897461,1.2475157976150513,0.1229795292019844,0.14662882685661316,7.507696074026171,29.23412101254711,-3.9594507217407227,941,19,63,0,,17.504844665527344,OUTBOUND,-15.47274398803711,-0.18657362333312366,
1,20.57999610900879,1.2478872537612915,0.1052352711558342,0.12064450234174728,7.520919625007082,29.22190057673643,-3.8556249141693115,942,19,64,0,,16.87171173095703,OUTBOUND,-15.722915649414062,-0.18710164598088447,
1,20.507354736328125,1.2482590675354004,0.6837596893310547,0.6802648305892944,7.530464544019196,29.209651327798245,-3.9041121006011963,943,19,65,0,,9.210229873657227,OUTBOUND,-15.560236930847168,-0.1827779959373512,
1,20.654150009155273,1.2486299276351929,0.08857595920562744,0.09359103441238403,7.539353811007459,29.197394286861904,-3.87202787399292,944,19,66,0,,8.82477855682373,OUTBOUND,-15.736957550048828,-0.1590124421178675,
1,20.69171142578125,1.249003291130066,2.8445889949798584,2.7831687927246094,7.5474365380068775,29.18520537342112,-3.956059455871582,945,19,67,0,,8.631146430969238,OUTBOUND,-15.698009490966797,-0.1576256118369123,
1,20.866958618164062,1.249377727508545,0.08545343577861786,0.09379349648952484,7.556211857008748,29.172999118637637,-3.9275283813476562,946,19,68,0,,1.5001963376998901,OUTBOUND,-15.912055015563965,-0.1805112561766342,
1,20.78460693359375,1.2497526407241821,0.09536220133304596,0.10874871909618378,7.5654865270189475,29.160745907113288,-3.913867235183716,947,19,69,0,,4.369280815124512,FAILURE,-15.859906196594238,-10.223286657346158,
1,20.731761932373047,1.2501267194747925,7.955444812774658,7.9662184715271,7.575539225013927,29.987974739815684,-3.8822836875915527,948,20,1,0,,48.96781539916992,OUTBOUND,-15.964844703674316,-0.012199539468772662,
1,20.778034210205078,1.2505022287368774,4.218277454376221,4.24156379699707,7.583603961014887,29.975895379721937,-3.9373321533203125,949,20,2,0,,16.353591918945312,OUTBOUND,-15.962174415588379,-0.03290982257642921,
1,20.59552001953125,1.250876784324646,0.7285872101783752,0.7349179983139038,7.594159189000493,29.963825006092705,-3.880136728286743,950,20,3,0,,9.500859260559082,OUTBOUND,-15.824715614318848,-0.029269468428084373,
1,20.69317054748535,1.2512524127960205,0.6538446545600891,0.6588192582130432,7.602438169007655,29.95175635102058,-3.9265546798706055,951,20,4,0,,13.920222282409668,OUTBOUND,-15.81633472442627,-0.0029057262479974173,
1,20.434062957763672,1.2516285181045532,3.873802661895752,3.8572988510131836,7.609884224017151,29.939640192438098,-3.9158120155334473,952,20,5,0,,3.904263734817505,OUTBOUND,-15.549308776855469,-0.02102734007623338,
1,20.502063751220703,1.2520058155059814,0.21693257987499237,0.2586406171321869,7.617912119021639,29.927575203915268,-3.936110496520996,953,20,6,0,,33.31766128540039,OUTBOUND,-15.512317657470703,-0.009552599635674095,
1,20.78900909423828,1.2523835897445679,4.909048557281494,4.918867111206055,7.62826068000868,29.915521801064163,-3.9184768199920654,954,20,7,0,,8.144197463989258,OUTBOUND,-15.851682662963867,0.030414951901984122,
1,20.686140060424805,1.252763271331787,1.6954978704452515,1.6970670223236084,7.636311869020574,29.90345064908805,-3.9542131423950195,955,20,8,0,,4.464758396148682,OUTBOUND,-15.697640419006348,0.05603109601087996,
1,20.773035049438477,1.2531415224075317,4.374630451202393,4.394283294677734,7.643733091012109,29.891361255383245,-3.8787970542907715,956,20,9,0,,3.973133087158203,OUTBOUND,-15.887996673583984,0.07588834747768704,
1,20.6580867767334,1.253519058227539,1.2638219594955444,1.2643662691116333,7.651258960017003,29.879226848169733,-3.8898801803588867,957,20,10,0,,8.95881175994873,OUTBOUND,-15.733575820922852,0.0601214381098644,
1,20.83045768737793,1.2538963556289673,3.815408706665039,3.743029832839966,7.659918348013889,29.86712466867495,-3.903036117553711,958,20,11,0,,1.7392058372497559,OUTBOUND,-15.894062995910645,0.041983710372234084,
1,20.890066146850586,1.2542740106582642,0.7541038393974304,0.7523958086967468,7.671425928012468,29.855025117794426,-3.914198160171509,959,20,12,0,,16.700857162475586,OUTBOUND,-15.912922859191895,0.024599501781775997,
1,20.688793182373047,1.254650354385376,6.159931182861328,6.057675361633301,7.6810784060216974,29.84291794431176,-3.874091625213623,960,20,13,0,,9.421929359436035,OUTBOUND,-15.78341007232666,0.008456678050233677,
1,20.85540008544922,1.255025863647461,2.956458330154419,2.8771519660949707,7.69088794401614,29.830816793761976,-3.883528470993042,961,20,14,0,,4.04456901550293,OUTBOUND,-15.934008598327637,0.005143585213189209,
1,20.90121078491211,1.2554017305374146,3.5647668838500977,3.4707701206207275,7.700047793012345,29.818692213443374,-3.9076998233795166,962,20,15,0,,8.388882637023926,OUTBOUND,-15.984803199768066,-0.0040395520155364776,
1,20.947795867919922,1.255777359008789,4.418511867523193,4.368556976318359,7.708205868024379,29.80657835251013,-3.897347927093506,963,20,16,0,,13.223287582397461,OUTBOUND,-16.056629180908203,-0.013934930295146314,
1,21.054126739501953,1.256155252456665,0.08164374530315399,0.09707055985927582,7.7165970990026835,29.79444531243037,-3.9556095600128174,964,20,17,0,,17.949188232421875,OUTBOUND,-16.058643341064453,-0.002870879262581066,
1,21.035871505737305,1.2565340995788574,0.08159290254116058,0.10550713539123535,7.730287895014044,29.78231496160148,-3.9292845726013184,965,20,18,0,,20.35869598388672,OUTBOUND,-16.02629852294922,0.04207300969495318,
1,21.161970138549805,1.2569130659103394,4.716057777404785,4.691123008728027,7.744121763011208,29.77013021221528,-3.9116289615631104,966,20,19,0,,21.231908798217773,OUTBOUND,-16.22593116760254,0.10903432890858206,
1,21.04409408569336,1.2572922706604004,0.3564237058162689,0.36020490527153015,7.754665690998081,29.757922559290442,-3.911703109741211,967,20,20,0,,13.717698097229004,OUTBOUND,-16.084497451782227,0.13870691945602892,
1,21.096837997436523,1.2576706409454346,0.20487390458583832,0.2292475402355194,7.76517162899836,29.745723559310875,-3.891146183013916,968,20,21,0,,11.231964111328125,OUTBOUND,-16.144845962524414,0.14564778032756293,
1,21.21493911743164,1.2580478191375732,1.253644585609436,1.2747217416763306,7.774306439008797,29.733496033186793,-3.8733198642730713,969,20,22,0,,7.203385829925537,OUTBOUND,-16.300935745239258,0.15042134822600733,
1,21.17877769470215,1.2584245204925537,0.08207444101572037,0.08769488334655762,7.783326404023683,29.721303765024942,-3.892756938934326,970,20,23,0,,9.630425453186035,OUTBOUND,-16.212976455688477,0.14131750365517834,
1,21.275508880615234,1.2588012218475342,3.965651035308838,3.894097328186035,7.7927070099976845,29.70909510822807,-3.9027600288391113,971,20,24,0,,20.456453323364258,OUTBOUND,-16.361398696899414,0.15277810595522115,
1,21.365558624267578,1.2591794729232788,0.945710301399231,0.9402005672454834,7.803926401014905,29.69685536915701,-3.93550705909729,972,20,25,0,,8.635441780090332,OUTBOUND,-16.42458724975586,0.1829393182967908,
1,21.28982162475586,1.2595571279525757,1.8063325881958008,1.7936441898345947,7.81567166102468,29.68462869291115,-3.8927764892578125,973,20,26,0,,13.062152862548828,OUTBOUND,-16.42166519165039,0.19097990394759606,
1,21.274890899658203,1.2599340677261353,0.45432811975479126,0.44295263290405273,7.824134670023341,29.672401006134486,-3.884108781814575,974,20,27,0,,6.922797203063965,OUTBOUND,-16.398181915283203,0.16871600585636973,
1,21.32284164428711,1.2603110074996948,2.975205898284912,2.8837642669677734,7.834266678022686,29.660204964950058,-3.9031155109405518,975,20,28,0,,5.023214340209961,OUTBOUND,-16.418975830078125,0.1780510110181231,
1,21.32259750366211,1.2606884241104126,1.4684474468231201,1.4923018217086792,7.84228377402178,29.64796679504781,-3.9098024368286133,976,20,29,0,,3.256586790084839,OUTBOUND,-16.395503997802734,0.1622536985703383,
1,21.28363609313965,1.2610664367675781,3.0861079692840576,3.004101514816284,7.8525859150104225,29.635794925907067,-3.9161295890808105,977,20,30,0,,6.434754848480225,OUTBOUND,-16.336193084716797,0.11661053124168953,
1,21.12566566467285,1.2614436149597168,9.738361358642578,9.746969223022461,7.861625753022963,29.623656556009156,-3.881875991821289,978,20,31,0,,34.79224395751953,OUTBOUND,-16.301204681396484,0.13385795855927446,
1,21.111919403076172,1.261820912361145,4.246699810028076,4.258007049560547,7.871530445001554,29.611490751838197,-3.9046034812927246,979,20,32,0,,14.149502754211426,OUTBOUND,-16.205625534057617,0.1303913541727575,
1,21.358600616455078,1.262200117111206,0.8647851943969727,0.8605443835258484,7.8804270359978545,29.599368678062216,-3.946882724761963,980,20,33,0,,20.183124542236328,OUTBOUND,-16.37152671813965,0.07557464845660232,
1,21.425437927246094,1.2625815868377686,0.24276673793792725,0.24911576509475708,7.889122224005405,29.587260344892204,-3.9583969116210938,981,20,34,0,,33.24765396118164,OUTBOUND,-16.33942413330078,0.051325971356625984,
1,21.4543399810791,1.2629635334014893,2.379777669906616,2.3459153175354004,7.898596697021276,29.575133983721777,-3.9209372997283936,982,20,35,0,,12.624342918395996,OUTBOUND,-16.439245223999023,0.07480268521760759,
1,21.482357025146484,1.2633461952209473,1.5493085384368896,1.537872552871704,7.9110712820256595,29.562963850466204,-3.930929660797119,983,20,36,0,,4.799967288970947,OUTBOUND,-16.460386276245117,0.058145129743000575,
1,21.486082077026367,1.2637300491333008,3.348522663116455,3.2635719776153564,7.923006876022555,29.55086388442701,-3.940455913543701,984,20,37,0,,4.760143280029297,OUTBOUND,-16.45339584350586,0.023838189423073686,
1,21.580427169799805,1.264115571975708,0.5654913187026978,0.5801332592964172,7.936823899013689,29.538733688041386,-3.9544668197631836,985,20,38,0,,7.222445011138916,OUTBOUND,-16.515914916992188,0.016060419263051517,
1,21.71474266052246,1.2644996643066406,0.7757689356803894,0.7756485342979431,7.949724947015056,29.526573486205052,-3.884669065475464,986,20,39,0,,1.1186500787734985,OUTBOUND,-16.73301887512207,0.004469311753677901,
1,21.76752281188965,1.2648849487304688,0.06820771843194962,0.07907018065452576,7.963682870002231,29.51436332782039,-3.9449102878570557,987,20,40,0,,6.959959983825684,OUTBOUND,-16.701759338378906,-0.029497192777254242,
1,21.537397384643555,1.2652701139450073,8.780656814575195,8.76443862915039,7.976177414006088,29.502121378776707,-3.912574529647827,988,20,41,0,,39.823673248291016,OUTBOUND,-16.608379364013672,-0.09754359006349117,
1,21.67803192138672,1.265653133392334,5.75723123550415,5.763889789581299,7.98498436799855,29.489850468425633,-3.868691921234131,989,20,42,0,,31.475757598876953,OUTBOUND,-16.864748001098633,-0.15825338026046043,
1,21.561172485351562,1.266034722328186,0.09877695143222809,0.10277964919805527,7.994253916025627,29.47754519811384,-3.8754029273986816,990,20,43,0,,17.703105926513672,OUTBOUND,-16.699321746826172,-0.16844211745898313,
1,21.37977409362793,1.2664164304733276,1.8959068059921265,1.8701179027557373,8.003829043998849,29.46522676952196,-3.9096269607543945,991,20,44,0,,7.8074188232421875,OUTBOUND,-16.478227615356445,-0.1241829809339838,
1,21.392913818359375,1.2667964696884155,0.2041497379541397,0.22987093031406403,8.012864651012933,29.452943182127697,-3.867733955383301,992,20,45,0,,32.65291213989258,OUTBOUND,-16.475383758544922,-0.07538535132173078,
1,21.489456176757812,1.267176628112793,1.4448992013931274,1.4609121084213257,8.02103356900625,29.440671588421605,-3.908290386199951,993,20,46,0,,11.351984977722168,OUTBOUND,-16.48439598083496,-0.04061459591364723,
1,21.588581085205078,1.2675566673278809,5.604222297668457,5.595119953155518,8.031568241014611,29.42845817566438,-3.898346424102783,994,20,47,0,,9.991847038269043,OUTBOUND,-16.628711700439453,-0.006251304296991069,
1,21.690223693847656,1.267937421798706,0.8734027743339539,0.861453652381897,8.044742997997673,29.416229256021108,-3.922189235687256,995,20,48,0,,11.486574172973633,OUTBOUND,-16.676990509033203,-0.003632726832301277,
1,21.4267635345459,1.2683175802230835,4.411866664886475,4.430475234985352,8.057557379011996,29.40393567252169,-3.8880038261413574,996,20,49,0,,6.504440784454346,OUTBOUND,-16.444599151611328,-0.018096799690335903,
1,21.760282516479492,1.2686961889266968,1.3023282289505005,1.2845375537872314,8.07142907101661,29.39171285855238,-3.8672354221343994,997,20,50,0,,6.740291595458984,OUTBOUND,-16.786365509033203,-0.02063097833912253,
1,21.808002471923828,1.2690744400024414,4.949272155761719,4.969259262084961,8.08107933201245,29.37946551733733,-3.8880867958068848,998,20,51,0,,14.553155899047852,OUTBOUND,-16.85320472717285,-0.01352035903830125,
1,21.717557907104492,1.2694541215896606,4.319101333618164,4.208907604217529,8.093636352015892,29.367222163181605,-3.9329559803009033,999,20,52,0,,18.963369369506836,OUTBOUND,-16.74063491821289,-0.00901292576212407,
1,21.672260284423828,1.2698315382003784,0.944351077079773,0.9609686732292175,8.106753439002205,29.354973318663877,-3.8474810123443604,1000,20,53,0,,10.81589126586914,OUTBOUND,-16.772640228271484,-0.02448100560567712,
1,21.926918029785156,1.2702102661132812,0.11925667524337769,0.1252388060092926,8.119385867001256,29.342705265204547,-3.9256591796875,1001,20,54,0,,21.17325782775879,OUTBOUND,-16.891817092895508,-0.01565090368802145,
1,21.88184356689453,1.27059006690979,3.2792835235595703,3.2338881492614746,8.130118964007124,29.33042609297288,-3.9227936267852783,1002,20,55,0,,17.53020668029785,OUTBOUND,-16.89160919189453,-0.026416229586730844,
1,21.856014251708984,1.2709702253341675,3.531548261642456,3.447477340698242,8.143382450012723,29.318101709567244,-3.9081006050109863,1003,20,56,0,,4.4647297859191895,OUTBOUND,-16.884592056274414,-0.022378561541559903,
1,21.88764190673828,1.2713507413864136,0.44089460372924805,0.4336200952529907,8.154835677007213,29.305799427679897,-3.911492347717285,1004,20,57,0,,16.92048454284668,OUTBOUND,-16.875690460205078,0.006392188711825329,
1,22.050952911376953,1.2717326879501343,9.485825538635254,9.454327583312988,8.164005088008707,29.293465307886358,-3.9336485862731934,1005,20,58,0,,29.97148323059082,OUTBOUND,-17.075572967529297,0.013092378958761974,
1,22.099693298339844,1.2721151113510132,0.1549127995967865,0.1633436679840088,8.173246987018501,29.28115853497351,-3.91853666305542,1006,20,59,0,,27.05070686340332,OUTBOUND,-17.072397232055664,0.03738326225152259,
1,21.97126007080078,1.272497534751892,4.66533088684082,4.647403240203857,8.181856177019654,29.268796084101915,-3.9045631885528564,1007,20,60,0,,1.7732046842575073,OUTBOUND,-16.95649528503418,0.04667281469562478,
1,22.098941802978516,1.272881031036377,3.929697275161743,3.830599784851074,8.192192237998825,29.25646623174581,-3.9301044940948486,1008,20,61,0,,10.242048263549805,OUTBOUND,-17.09495735168457,0.005967131083510832,
1,22.101470947265625,1.2732648849487305,0.6611894369125366,0.6793362498283386,8.20374659000663,29.244167701626417,-3.9179117679595947,1009,20,62,0,,12.602838516235352,OUTBOUND,-17.07183837890625,-0.022673189395828554,
1,21.94859504699707,1.2736477851867676,0.9551334381103516,0.9678785800933838,8.212382489000447,29.23181872481327,-3.8832669258117676,1010,20,63,0,,11.766793251037598,OUTBOUND,-16.941810607910156,0.002364384470249034,
1,22.280014038085938,1.2740312814712524,0.10971405357122421,0.12304380536079407,8.220446846011328,29.219478661877496,-3.9197371006011963,1011,20,64,0,,12.720088005065918,OUTBOUND,-17.20817756652832,0.045007550184142334,
1,22.0830078125,1.2744160890579224,4.074470043182373,3.991240978240967,8.22971972101368,29.207137696447496,-3.9406754970550537,1012,20,65,0,,12.07427978515625,OUTBOUND,-17.018136978149414,0.06820667801775386,
1,22.179433822631836,1.2748008966445923,4.981959819793701,5.005284309387207,8.240452451020246,29.194785405654493,-3.907637596130371,1013,20,66,0,,12.920412063598633,OUTBOUND,-17.189260482788086,0.09770585512794518,
1,22.207748413085938,1.2751840353012085,4.7829437255859375,4.766808986663818,8.25071476001176,29.182392087721134,-3.8696913719177246,1014,20,67,0,,19.302614212036133,OUTBOUND,-17.2999267578125,0.09311008532114184,
1,21.967132568359375,1.2755677700042725,7.412197113037109,7.252282619476318,8.263708819024032,29.170030791371072,-3.9189000129699707,1015,20,68,0,,27.81039047241211,OUTBOUND,-17.06344223022461,0.08828879386636136,
1,21.952787399291992,1.2759517431259155,0.7442337870597839,0.7801570296287537,8.276879065000685,29.15764103377375,-3.9126319885253906,1016,20,69,0,,13.061500549316406,OUTBOUND,-17.015600204467773,0.13461496391778957,
1,22.078136444091797,1.276337742805481,1.037778615951538,1.054451584815979,8.287544013001025,29.145213217273508,-3.9530751705169678,1017,20,70,0,,23.87325668334961,OUTBOUND,-17.029117584228516,0.1601144827040945,
1,22.089214324951172,1.2767235040664673,0.6017046570777893,0.6120082139968872,8.29598299600184,29.1327636659537,-3.9068450927734375,1018,20,71,0,,34.05126953125,OUTBOUND,-17.018770217895508,0.1435591370444038,
1,22.125991821289062,1.2771074771881104,10.472010612487793,10.507126808166504,8.307817954017082,29.12027926470264,-3.8679966926574707,1019,20,72,0,,32.77492141723633,OUTBOUND,-17.188072204589844,0.1022582151848301,
1,22.161434173583984,1.2774914503097534,0.7279655337333679,0.7451877593994141,8.319043572002556,29.10785873027241,-3.90484619140625,1020,20,73,0,,27.253034591674805,OUTBOUND,-17.10948944091797,0.09203660702001358,
1,22.279579162597656,1.2778748273849487,0.13001732528209686,0.13008664548397064,8.329720278998138,29.095448297223072,-3.8926286697387695,1021,20,74,0,,21.576082229614258,OUTBOUND,-17.203615188598633,0.07002154896667664,
1,22.568330764770508,1.2782584428787231,0.9631474018096924,0.9958065748214722,8.339063060004264,29.08305864395143,-3.90647029876709,1022,20,75,0,,7.189016342163086,OUTBOUND,-17.469642639160156,0.02231958086978755,
1,22.532127380371094,1.2786413431167603,5.97379732131958,6.000429153442383,8.347542924020672,29.070649268415174,-3.8883862495422363,1023,20,76,0,,26.418195724487305,OUTBOUND,-17.526363372802734,0.02150058669494142,
1,22.22002410888672,1.2790244817733765,3.303523063659668,3.2330424785614014,8.358261464018142,29.05823759067474,-3.908987522125244,1024,20,77,0,,5.206972599029541,OUTBOUND,-17.19464874267578,0.004778048186248376,
1,22.57927894592285,1.2794088125228882,0.08728810399770737,0.09877608716487885,8.370382445020368,29.04585852379476,-3.9295296669006348,1025,20,78,0,,12.803497314453125,OUTBOUND,-17.49714469909668,-0.029526040245789455,
1,22.465606689453125,1.2797939777374268,5.306448459625244,5.319571018218994,8.379374298005132,29.0334838497247,-3.9238638877868652,1026,20,79,0,,21.120237350463867,OUTBOUND,-17.448657989501953,-0.039872022249743407,
1,22.524778366088867,1.2801791429519653,0.0891086533665657,0.10949927568435669,8.391512400005013,29.02110383980385,-3.907897710800171,1027,20,80,0,,8.807474136352539,OUTBOUND,-17.495615005493164,-0.049455958989639004,
1,22.526639938354492,1.2805635929107666,3.321484327316284,3.2372963428497314,8.40173046902055,29.008668664328937,-3.887483835220337,1028,20,81,0,,6.51416540145874,OUTBOUND,-17.549179077148438,-0.07978604513489883,
1,22.43032455444336,1.2809488773345947,5.240322113037109,5.248551368713379,8.4101851870073,28.99626965560655,-3.926999568939209,1029,20,82,0,,16.439640045166016,OUTBOUND,-17.439294815063477,-0.15470357899576828,
1,22.45832061767578,1.2813338041305542,0.8957574367523193,0.9300131797790527,8.417766742000822,28.983864917820835,-3.8958044052124023,1030,20,83,0,,3.1565260887145996,OUTBOUND,-17.493120193481445,-0.19685839250429965,
1,22.365097045898438,1.2817169427871704,13.488598823547363,13.43942928314209,8.425668758020038,28.97141708937115,-3.862560510635376,1031,20,84,0,,45.854270935058594,FAILURE,-17.549497604370117,-0.23662431242687645,
1,22.224061965942383,1.282098412513733,0.3155486583709717,0.35285210609436035,8.437542664003558,29.987965947526927,-3.859870672225952,1032,21,1,0,,32.981266021728516,OUTBOUND,-17.306106567382812,-0.03608664140918979,
1,22.29059600830078,1.2824817895889282,9.526687622070312,9.440053939819336,8.446948130003875,29.97588038644368,-3.9404826164245605,1033,21,2,0,,11.737874031066895,OUTBOUND,-17.303096771240234,-0.06789377196050231,
1,22.22775650024414,1.2828646898269653,8.6267671585083,8.620561599731445,8.455085913999937,29.9638291661616,-3.8892738819122314,1034,21,3,0,,4.36100959777832,OUTBOUND,-17.292638778686523,-0.069732720493732,
1,22.48215103149414,1.283248782157898,0.48572927713394165,0.48212817311286926,8.464051132003078,29.951757147600873,-3.930816173553467,1035,21,4,0,,52.91863250732422,OUTBOUND,-17.361328125,-0.059259280788946246,
1,22.443639755249023,1.2836315631866455,4.198328971862793,4.110048770904541,8.474175713025033,29.939683843303186,-3.867072582244873,1036,21,5,0,,22.747840881347656,OUTBOUND,-17.361997604370117,-0.058788324831954696,
1,22.564258575439453,1.2840144634246826,1.1220283508300781,1.138001799583435,8.485388566012261,29.927575427773434,-3.9002625942230225,1037,21,6,0,,37.85308074951172,OUTBOUND,-17.373432159423828,-0.03979617274068113,
1,22.84293556213379,1.284397840499878,0.8904842734336853,0.9062084555625916,8.494405636010924,29.915479575041715,-3.910745143890381,1038,21,7,0,,15.267930030822754,OUTBOUND,-17.62378692626953,-0.023374096220715835,
1,22.917160034179688,1.2847813367843628,0.5749610066413879,0.573264479637146,8.505096460023196,29.903336772920643,-3.9004034996032715,1039,21,8,0,,7.956214427947998,OUTBOUND,-17.70669174194336,0.005998067228047523,
1,22.914878845214844,1.2851651906967163,8.754927635192871,8.688437461853027,8.514922150003258,29.891212502292543,-3.908273458480835,1040,21,9,0,,40.74171829223633,OUTBOUND,-17.811626434326172,0.06951723635125674,
1,23.080753326416016,1.2855501174926758,1.1490939855575562,1.1592751741409302,8.524342218006495,29.87906999608151,-3.9262282848358154,1041,21,10,0,,21.004621505737305,OUTBOUND,-18.00520896911621,0.1027978592576687,
1,23.064754486083984,1.2859342098236084,4.2727532386779785,4.200252056121826,8.53348746401025,29.86686853423852,-3.881467342376709,1042,21,11,0,,43.631591796875,OUTBOUND,-18.15052604675293,0.1476239587918028,
1,22.950414657592773,1.2863194942474365,5.952060222625732,5.938937664031982,8.545769406016916,29.85463840711218,-3.9263856410980225,1043,21,12,0,,38.50687789916992,OUTBOUND,-18.03949737548828,0.20655992420239105,
1,22.64874267578125,1.2867038249969482,9.630465507507324,9.471966743469238,8.557592531025875,29.842360576876732,-3.8803353309631348,1044,21,13,0,,32.846134185791016,OUTBOUND,-17.85934066772461,0.25405094272623213,
1,22.576549530029297,1.2870888710021973,1.9206303358078003,1.9551116228103638,8.569719371007523,29.830006674001698,-3.915292978286743,1045,21,14,0,,16.288175582885742,OUTBOUND,-17.690773010253906,0.23559629094176177,
1,22.315696716308594,1.287473440170288,5.048260688781738,5.09910249710083,8.578814502019668,29.817756169710712,-3.8920767307281494,1046,21,15,0,,24.110200881958008,OUTBOUND,-17.395509719848633,0.20684097598254406,
1,22.157779693603516,1.2878576517105103,9.399723052978516,9.286248207092285,8.589219384011813,29.80547389432157,-3.888988494873047,1047,21,16,0,,3.2069735527038574,OUTBOUND,-17.221210479736328,0.204324079623283,
1,22.33759880065918,1.2882413864135742,0.7078226804733276,0.7376731634140015,8.602982777025318,29.793190852312392,-3.8882651329040527,1048,21,17,0,,68.43732452392578,OUTBOUND,-17.241432189941406,0.20185025878264537,
1,22.534027099609375,1.2886247634887695,4.603029727935791,4.488168716430664,8.613055244000861,29.780915683180737,-3.886251449584961,1049,21,18,0,,33.43341827392578,OUTBOUND,-17.379253387451172,0.19973421683091855,
1,23.004404067993164,1.289009690284729,1.3015812635421753,1.268965482711792,8.620549019018654,29.76862571339746,-3.933906316757202,1050,21,19,0,,36.52043914794922,OUTBOUND,-17.72650909423828,0.1707912773379297,
1,23.131126403808594,1.2893964052200317,1.553601861000061,1.550034761428833,8.62834865701734,29.756335078612103,-3.94351863861084,1051,21,20,0,,14.899737358093262,OUTBOUND,-17.833250045776367,0.18837701480431074,
1,23.180526733398438,1.289783239364624,5.3609395027160645,5.336016654968262,8.638080330012599,29.74402240249545,-3.90252685546875,1052,21,21,0,,6.531159400939941,OUTBOUND,-17.970890045166016,0.24188817910894803,
1,23.329498291015625,1.2901687622070312,1.088849663734436,1.1431859731674194,8.647528264002176,29.731684913357746,-3.873432159423828,1053,21,22,0,,11.205060958862305,OUTBOUND,-18.196674346923828,0.28912462416603335,
1,23.523635864257812,1.290554165840149,1.057814359664917,1.0977585315704346,8.655864101019688,29.719311218323423,-3.8996121883392334,1054,21,23,0,,17.877521514892578,OUTBOUND,-18.40962028503418,0.30269266837984193,
1,23.50479507446289,1.2909406423568726,0.1589283049106598,0.19252721965312958,8.664581599005032,29.706941962491594,-3.920714855194092,1055,21,24,0,,13.048040390014648,OUTBOUND,-18.39774513244629,0.2987191323616987,
1,23.7261962890625,1.2913286685943604,1.9586005210876465,1.9147369861602783,8.673591694998322,29.694565058884077,-3.943262815475464,1056,21,25,0,,38.428192138671875,OUTBOUND,-18.660764694213867,0.32434558546981557,
1,23.38348960876465,1.2917180061340332,13.508465766906738,13.399079322814941,8.683352377003757,29.68216841245244,-3.9334917068481445,1057,21,26,0,,97.84471130371094,OUTBOUND,-18.527729034423828,0.3471085203935006,
1,22.90542984008789,1.2921078205108643,4.136574745178223,4.004546642303467,8.692718146019615,29.669751839031584,-3.9178953170776367,1058,21,27,0,,10.948050498962402,OUTBOUND,-18.07394790649414,0.3426362338567792,
1,22.866365432739258,1.2925001382827759,4.408110618591309,4.386091709136963,8.701340697007254,29.65736373061616,-3.971259832382202,1059,21,28,0,,14.780610084533691,OUTBOUND,-17.971651077270508,0.35764023762791636,
1,22.590791702270508,1.2928928136825562,5.080697536468506,5.018758773803711,8.71107710400247,29.64495206549314,-3.9206671714782715,1060,21,29,0,,26.554027557373047,OUTBOUND,-17.68526840209961,0.36581752157880043,
1,22.679519653320312,1.293285608291626,1.2128089666366577,1.2760028839111328,8.721134555002209,29.63252790542844,-3.917523145675659,1061,21,30,0,,65.5735855102539,OUTBOUND,-17.624805450439453,0.3570731965321577,
1,22.683151245117188,1.2936787605285645,5.636868476867676,5.597141742706299,8.730122868000763,29.620124703577297,-3.926025390625,1062,21,31,0,,43.87166976928711,OUTBOUND,-17.518768310546875,0.37930862507207785,
1,23.03192710876465,1.2940731048583984,0.7359359860420227,0.7039687037467957,8.742696814006194,29.607709341270272,-3.9424917697906494,1063,21,32,0,,73.05171203613281,OUTBOUND,-17.70880126953125,0.36031282185036134,
1,23.127256393432617,1.294467568397522,0.4859089255332947,0.4452195167541504,8.759415749023901,29.595334445944854,-3.923007011413574,1064,21,33,0,,56.90427780151367,OUTBOUND,-17.73898696899414,0.3535024637521005,
1,23.631439208984375,1.294862985610962,0.2576531767845154,0.21266263723373413,8.7755655439978,29.582887245605335,-3.938013792037964,1065,21,34,0,,27.71615219116211,OUTBOUND,-18.204891204833984,0.4116690968425033,
1,23.677608489990234,1.2952572107315063,10.37398910522461,10.375858306884766,8.790963081002701,29.57039699034385,-3.8944177627563477,1066,21,35,0,,63.02406692504883,OUTBOUND,-18.464815139770508,0.4182353009598485,
1,23.821435928344727,1.2956522703170776,0.10447797924280167,0.1371685117483139,8.800929471006384,29.557947634629148,-3.934407949447632,1067,21,36,0,,13.844565391540527,OUTBOUND,-18.60687255859375,0.4132537923366936,
1,23.94928550720215,1.2960467338562012,0.1471501886844635,0.17341569066047668,8.810126674012281,29.545480143571194,-3.9073567390441895,1068,21,37,0,,24.04828453063965,FAILURE,-18.81873321533203,-9.542274366532823,
1,23.91382598876953,1.2964411973953247,6.662826061248779,6.518619060516357,8.819013325002743,29.987953553647003,-3.9158272743225098,1069,22,1,0,,81.91864013671875,OUTBOUND,-18.92529296875,0.007178021797595863,
1,23.737375259399414,1.2968345880508423,1.4290581941604614,1.4047397375106812,8.826936908997595,29.975833605209385,-3.8922128677368164,1070,22,2,0,,36.019622802734375,OUTBOUND,-18.83948516845703,0.06510039001149458,
1,23.597309112548828,1.297229528427124,3.3509552478790283,3.3173837661743164,8.83621263402165,29.96373035829806,-3.9510011672973633,1071,22,3,0,,34.227291107177734,OUTBOUND,-18.677766799926758,0.09778859662854011,
1,23.14871597290039,1.297623634338379,4.4214982986450195,4.432579040527344,8.8452519600105,29.95161730971163,-3.8979153633117676,1072,22,4,0,,4.835947036743164,OUTBOUND,-18.2824764251709,0.12438708528371775,
1,23.16674041748047,1.298017978668213,4.796124458312988,4.726300239562988,8.854543602006743,29.93948436291034,-3.9204840660095215,1073,22,5,0,,12.401592254638672,OUTBOUND,-18.232097625732422,0.17014223230816647,
1,23.008888244628906,1.298410177230835,1.5006959438323975,1.5415644645690918,8.863454132020706,29.927320332002576,-3.8653247356414795,1074,22,6,0,,41.598838806152344,OUTBOUND,-18.050193786621094,0.16047307546516615,
1,23.108278274536133,1.2988011837005615,5.139009952545166,5.0990214347839355,8.872888919024263,29.915149852336313,-3.8833937644958496,1075,22,7,0,,28.3717041015625,OUTBOUND,-18.066776275634766,0.17131851275036158,
1,22.944496154785156,1.2991912364959717,2.2314467430114746,2.2529773712158203,8.884670200000983,29.902907690459013,-3.881505012512207,1076,22,8,0,,44.15023422241211,OUTBOUND,-17.811487197875977,0.2152129365251036,
1,23.25221061706543,1.299581527709961,5.645542144775391,5.613819122314453,8.892939720011782,29.890673555126483,-3.9113500118255615,1077,22,9,0,,19.749624252319336,OUTBOUND,-18.05389404296875,0.18471851203385173,
1,23.328458786010742,1.299972414970398,5.453295707702637,5.466596603393555,8.901183644018602,29.87854763027375,-3.9206175804138184,1078,22,10,0,,26.203359603881836,OUTBOUND,-18.078062057495117,0.16239116572935244,
1,23.68732261657715,1.3003647327423096,5.890069961547852,5.891523838043213,8.912476416007848,29.866361132790132,-3.9374496936798096,1079,22,11,0,,7.949662685394287,OUTBOUND,-18.40906524658203,0.1729354890845321,
1,23.641172409057617,1.3007547855377197,7.1487860679626465,7.137332439422607,8.924681236007018,29.854181494711273,-3.857908248901367,1080,22,12,0,,17.208097457885742,OUTBOUND,-18.51411247253418,0.17649354513430648,
1,23.76384925842285,1.3011447191238403,0.6531094312667847,0.6949981451034546,8.934297803003574,29.841968883397122,-3.899977445602417,1081,22,13,0,,14.070645332336426,OUTBOUND,-18.569643020629883,0.2086355785142532,
1,23.915802001953125,1.3015342950820923,1.5072016716003418,1.4949746131896973,8.945829928008607,29.82975169561744,-3.893242835998535,1082,22,14,0,,7.588681697845459,OUTBOUND,-18.753767013549805,0.22602785894694977,
1,23.942909240722656,1.3019232749938965,0.08438503742218018,0.10049977898597717,8.955563741998048,29.817501454897588,-3.887159585952759,1083,22,15,0,,1.159565806388855,OUTBOUND,-18.785564422607422,0.1941716629940035,
1,24.033357620239258,1.3023121356964111,5.9240403175354,5.910693168640137,8.967995993007207,29.805293533095448,-3.899291515350342,1084,22,16,0,,30.902503967285156,OUTBOUND,-18.931703567504883,0.18274001693313482,
1,23.993934631347656,1.3027006387710571,5.150913238525391,5.070346355438232,8.981100852019154,29.793074731369884,-3.8895487785339355,1085,22,17,0,,36.460205078125,OUTBOUND,-18.975997924804688,0.1853205465762183,
1,23.9552059173584,1.3030892610549927,0.09310752153396606,0.10385160148143768,8.989833443018142,29.780882714843223,-3.9023327827453613,1086,22,18,0,,3.0331387519836426,OUTBOUND,-18.919506072998047,0.1582082470323901,
1,23.992246627807617,1.3034782409667969,12.341024398803711,12.13145923614502,8.99814177301596,29.768637712050168,-3.9046709537506104,1087,22,19,0,,70.73780059814453,OUTBOUND,-19.06512451171875,0.1261994239326193,
1,23.510583877563477,1.3038663864135742,9.82436752319336,9.815360069274902,9.010902285022894,29.756417948207968,-3.8834331035614014,1088,22,20,0,,31.44841766357422,OUTBOUND,-18.65753936767578,0.0777008461021538,
1,23.61597442626953,1.304256558418274,1.5098973512649536,1.509622573852539,9.01939960900927,29.744220123243355,-3.939957618713379,1089,22,21,0,,30.711755752563477,OUTBOUND,-18.61396026611328,0.06195553674918784,
1,23.5784969329834,1.3046470880508423,0.47815752029418945,0.5205968022346497,9.02792681902065,29.73198676488265,-3.9119529724121094,1090,22,22,0,,60.177730560302734,OUTBOUND,-18.487329483032227,0.07060771448396061,
1,23.42580223083496,1.305037498474121,1.552107572555542,1.6036558151245117,9.037416532024508,29.71975102310016,-3.8993375301361084,1091,22,23,0,,53.459266662597656,OUTBOUND,-18.247167587280273,0.07702498071107851,
1,23.697072982788086,1.3054285049438477,1.117569088935852,1.0971992015838623,9.049987136007985,29.70749305206435,-3.9155616760253906,1092,22,24,0,,47.08266830444336,OUTBOUND,-18.41677474975586,0.09318263327827996,
1,23.945144653320312,1.3058209419250488,0.33856141567230225,0.32396435737609863,9.058219710015692,29.69525323880499,-3.934636116027832,1093,22,25,0,,42.38913345336914,OUTBOUND,-18.571826934814453,0.08690093447678032,
1,24.14395523071289,1.3062130212783813,6.262030124664307,6.301900863647461,9.06670932599809,29.68296769289455,-3.8967397212982178,1094,22,26,0,,16.914798736572266,OUTBOUND,-18.876750946044922,0.04826770071774167,
1,24.471843719482422,1.3066048622131348,0.14589859545230865,0.13911493122577667,9.078335842001252,29.670616109238328,-3.898791551589966,1095,22,27,0,,10.034721374511719,OUTBOUND,-19.198301315307617,-0.004188773880700275,
1,24.379587173461914,1.3069961071014404,0.6917434930801392,0.7043247818946838,9.090830391010968,29.65818895513262,-3.889943838119507,1096,22,28,0,,13.26951789855957,OUTBOUND,-19.16722869873047,-0.016804888046798014,
1,24.552738189697266,1.3073891401290894,0.15516534447669983,0.1776459515094757,9.09951058702427,29.645858741562265,-3.943708658218384,1097,22,29,0,,18.47111701965332,OUTBOUND,-19.317794799804688,-0.017173519157601326,
1,24.58817481994629,1.307782769203186,1.538562536239624,1.541307806968689,9.109212932002265,29.633530397622124,-3.9194555282592773,1098,22,30,0,,39.43333053588867,OUTBOUND,-19.451841354370117,-0.004466334928466621,
1,24.569669723510742,1.3081773519515991,0.17903561890125275,0.18247981369495392,9.118451617017854,29.62126519451435,-3.930723190307617,1099,22,31,0,,26.09300994873047,OUTBOUND,-19.464340209960938,0.02714886963286858,
1,24.498544692993164,1.3085724115371704,0.11732746660709381,0.11710600554943085,9.126193659001729,29.608962590855047,-3.9184327125549316,1100,22,32,0,,20.67919921875,OUTBOUND,-19.43290901184082,0.004266637331351091,
1,24.354005813598633,1.3089665174484253,2.7482197284698486,2.7208266258239746,9.134718250017613,29.596688158957324,-3.8860087394714355,1101,22,33,0,,35.59215545654297,OUTBOUND,-19.39459228515625,0.009110376236238178,
1,24.123271942138672,1.3093626499176025,4.341824054718018,4.249302864074707,9.144586435024394,29.5844492879089,-3.9573614597320557,1102,22,34,0,,41.11529541015625,OUTBOUND,-19.13556671142578,0.06158487542110875,
1,23.932056427001953,1.309759259223938,3.4794137477874756,3.5003445148468018,9.155197801999748,29.572184737911673,-3.922417163848877,1103,22,35,0,,6.094111919403076,OUTBOUND,-18.984560012817383,0.06780164738839496,
1,23.73497200012207,1.3101552724838257,1.5777539014816284,1.6042276620864868,9.16285858102492,29.55993802363376,-3.897845506668091,1104,22,36,0,,28.780012130737305,OUTBOUND,-18.732059478759766,0.08182758299510202,
1,23.562557220458984,1.3105508089065552,0.5783593654632568,0.6251076459884644,9.171363747009309,29.547678330257767,-3.9002585411071777,1105,22,37,0,,64.7085189819336,OUTBOUND,-18.439800262451172,0.1435871119007486,
1,23.962385177612305,1.3109469413757324,2.0243077278137207,2.0171427726745605,9.181792767019942,29.535376052071207,-3.925246477127075,1106,22,38,0,,31.451026916503906,OUTBOUND,-18.747264862060547,0.18625496367660133,
1,24.150104522705078,1.3113409280776978,0.38910266757011414,0.37509846687316895,9.193881406012224,29.523095940308224,-3.8590052127838135,1107,22,39,0,,54.06008529663086,OUTBOUND,-18.920175552368164,0.2249055786100832,
1,24.176610946655273,1.3117350339889526,0.3855339586734772,0.3819786012172699,9.20668610901339,29.510837848952804,-3.9060587882995605,1108,22,40,0,,39.73147964477539,OUTBOUND,-18.83525276184082,0.2301663969340927,
1,24.54713249206543,1.3121306896209717,1.4115231037139893,1.4432590007781982,9.22041958902264,29.498608361774526,-3.94244384765625,1109,22,41,0,,5.089878082275391,OUTBOUND,-19.173355102539062,0.19949030960631492,
1,24.67865562438965,1.3125288486480713,0.11388268321752548,0.1323350965976715,9.232474807009567,29.486379775958664,-3.9682540893554688,1110,22,42,0,,14.068583488464355,OUTBOUND,-19.26340675354004,0.21103419453837963,
1,24.897701263427734,1.3129268884658813,0.1624031662940979,0.18218012154102325,9.24555300900829,29.47412201447222,-3.910400152206421,1111,22,43,0,,10.828146934509277,OUTBOUND,-19.59490394592285,0.23089647986179682,
1,24.715646743774414,1.3133245706558228,2.5993309020996094,2.6184306144714355,9.257514621014707,29.46185091925676,-3.908234119415283,1112,22,44,0,,50.85884094238281,OUTBOUND,-19.52183723449707,0.24657478607151562,
1,25.004667282104492,1.313721776008606,0.2739967405796051,0.29352569580078125,9.266840316005982,29.449550720174162,-3.900279998779297,1113,22,45,0,,35.86347579956055,OUTBOUND,-19.88909912109375,0.27258314811055345,
1,24.82711410522461,1.3141179084777832,4.205169200897217,4.224842071533203,9.277997609024169,29.437217607633343,-3.8841264247894287,1114,22,46,0,,68.54215240478516,FAILURE,-19.850481033325195,-9.689835899130927,
1,24.593551635742188,1.314513087272644,1.902766466140747,1.9497368335723877,9.289674043015111,29.98797509268363,-3.889219045639038,1115,23,1,0,,31.418020248413086,OUTBOUND,-19.653980255126953,-0.03768966307882074,
1,24.468902587890625,1.3149086236953735,6.454165458679199,6.3502655029296875,9.297992279025493,29.9759190573221,-3.912494421005249,1116,23,2,0,,31.366863250732422,OUTBOUND,-19.544353485107422,-0.044641918331490026,
1,24.297571182250977,1.3153047561645508,1.0536860227584839,1.0587021112442017,9.307256215019152,29.96384053094505,-3.9204611778259277,1117,23,3,0,,22.5733699798584,OUTBOUND,-19.292993545532227,-0.027439220955159622,
1,24.187091827392578,1.3157020807266235,0.32063794136047363,0.3708678185939789,9.317526255006669,29.951800568494296,-3.9363880157470703,1118,23,4,0,,47.54176712036133,OUTBOUND,-19.058012008666992,-0.021385867447676944,
1,24.193859100341797,1.3160988092422485,0.4318651854991913,0.45913398265838623,9.329618236020906,29.939750721002227,-3.893821954727173,1119,23,5,0,,50.31575012207031,OUTBOUND,-19.026042938232422,-0.028564153247749087,
1,24.140644073486328,1.3164944648742676,6.475108623504639,6.411473751068115,9.33771754099871,29.927667825170136,-3.8853347301483154,1120,23,6,0,,13.435449600219727,OUTBOUND,-18.96236801147461,-0.08002576083806157,
1,24.492691040039062,1.3168894052505493,1.1202270984649658,1.1135436296463013,9.346363205026137,29.915570044595903,-3.8913798332214355,1121,23,7,0,,35.61906814575195,OUTBOUND,-19.250450134277344,-0.12233497925241336,
1,24.61013412475586,1.3172826766967773,4.355339050292969,4.343023777008057,9.355113304016413,29.90344116695921,-3.8604631423950195,1122,23,8,0,,13.292654991149902,OUTBOUND,-19.437545776367188,-0.10954350171844654,
1,24.567855834960938,1.317674994468689,1.5439375638961792,1.5821870565414429,9.363683795003453,29.891326264679453,-3.879455089569092,1123,23,9,0,,19.99744415283203,OUTBOUND,-19.344703674316406,-0.07800969836081083,
1,24.82099723815918,1.3180677890777588,1.6387990713119507,1.6241151094436646,9.371946252009366,29.87918925227886,-3.9089181423187256,1124,23,10,0,,6.084062576293945,OUTBOUND,-19.555566787719727,-0.05538211189559928,
1,24.902111053466797,1.3184609413146973,2.7077558040618896,2.7285118103027344,9.381184276018757,29.867072765704368,-3.9050281047821045,1125,23,11,0,,13.975443840026855,OUTBOUND,-19.68146514892578,-0.03432855756974366,
1,24.915912628173828,1.3188557624816895,4.738316535949707,4.659667491912842,9.392011308023939,29.85492920823168,-3.936609983444214,1126,23,12,0,,15.229609489440918,OUTBOUND,-19.67989730834961,-0.008849340652020556,
1,24.964509963989258,1.3192514181137085,3.0968825817108154,3.1105692386627197,9.402377211023122,29.842723411760343,-3.9212582111358643,1127,23,13,0,,20.491252899169922,OUTBOUND,-19.79898452758789,0.02458843752432532,
1,24.814083099365234,1.3196463584899902,3.1209828853607178,3.1235060691833496,9.41690987002221,29.83050146387039,-3.890514373779297,1128,23,14,0,,15.878763198852539,OUTBOUND,-19.710432052612305,0.0389439647276703,
1,24.876773834228516,1.3200417757034302,0.14861002564430237,0.16310641169548035,9.426896548015065,29.818227473800423,-3.910710334777832,1129,23,15,0,,22.10086441040039,OUTBOUND,-19.697975158691406,0.06386897173303219,
1,24.68518829345703,1.3204376697540283,5.612630367279053,5.619526386260986,9.438536624016706,29.80588253634702,-3.911832571029663,1130,23,16,0,,17.5400390625,OUTBOUND,-19.539587020874023,0.1332562343740361,
1,24.869617462158203,1.3208314180374146,1.6515240669250488,1.6582731008529663,9.450782851024996,29.793582156037875,-3.8550071716308594,1131,23,17,0,,7.340033054351807,OUTBOUND,-19.793569564819336,0.16655083245669272,
1,24.879474639892578,1.3212265968322754,0.16910146176815033,0.19269903004169464,9.459223227022449,29.781356038368827,-3.9311368465423584,1132,23,18,0,,28.201074600219727,OUTBOUND,-19.641324996948242,0.15214122020765547,
1,24.867137908935547,1.321621060371399,2.047415018081665,2.0572052001953125,9.471975121006835,29.769144346163102,-3.887131929397583,1133,23,19,0,,3.050929307937622,OUTBOUND,-19.683610916137695,0.12344432678934202,
1,25.016273498535156,1.322015643119812,6.5236616134643555,6.497350692749023,9.486325933015905,29.756930077532566,-3.8991689682006836,1134,23,20,0,,13.228897094726562,OUTBOUND,-19.846851348876953,0.12844441109329896,
1,24.948287963867188,1.3224091529846191,1.1124835014343262,1.0992834568023682,9.499989289004588,29.744731444345007,-3.874199867248535,1135,23,21,0,,6.592862606048584,OUTBOUND,-19.795438766479492,0.1697567523498513,
1,24.983585357666016,1.3228036165237427,11.914376258850098,11.824844360351562,9.513677234004717,29.732479244071218,-3.9200382232666016,1136,23,22,0,,46.15372848510742,OUTBOUND,-19.855960845947266,0.16987622136092725,
1,24.852388381958008,1.3232004642486572,13.788408279418945,13.752483367919922,9.522506948007504,29.72021606899799,-3.952408790588379,1137,23,23,0,,48.80559158325195,OUTBOUND,-19.77320098876953,0.16982743975613462,
1,24.613670349121094,1.3235962390899658,7.523505210876465,7.451056003570557,9.531382113025757,29.707927445565545,-3.8811330795288086,1138,23,24,0,,15.62083625793457,OUTBOUND,-19.636281967163086,0.14919907013347056,
1,24.26827049255371,1.323992371559143,13.368086814880371,13.145456314086914,9.540086974011501,29.69568035296285,-3.9079833030700684,1139,23,25,0,,27.467716217041016,OUTBOUND,-19.285202026367188,0.13414839542850307,
1,24.280838012695312,1.3243894577026367,6.478626728057861,6.484469413757324,9.55191275200923,29.683419311794513,-3.921746253967285,1140,23,26,0,,41.651424407958984,OUTBOUND,-19.181997299194336,0.16381594980704817,
1,24.550067901611328,1.3247865438461304,8.424269676208496,8.418675422668457,9.559830642014276,29.671141207015964,-3.9061622619628906,1141,23,27,0,,44.5005989074707,OUTBOUND,-19.384689331054688,0.18042075668670335,
1,24.484363555908203,1.3251835107803345,2.2591676712036133,2.3148417472839355,9.567897344997618,29.65891777866873,-3.899437427520752,1142,23,28,0,,75.19573211669922,OUTBOUND,-19.20119857788086,0.19750560299735587,
1,24.54930305480957,1.3255805969238281,5.962334632873535,5.825088024139404,9.576728059008019,29.646670048311133,-3.9035067558288574,1143,23,29,0,,48.328369140625,OUTBOUND,-19.177490234375,0.24024962168091443,
1,24.56753158569336,1.3259779214859009,12.275543212890625,12.128361701965332,9.587122789002024,29.63443332544539,-3.9096972942352295,1144,23,30,0,,4.488089561462402,OUTBOUND,-19.215295791625977,0.2543051148538813,
1,24.97858428955078,1.3263756036758423,7.772739887237549,7.730748176574707,9.59560911700828,29.622192209729803,-3.9108171463012695,1145,23,31,0,,9.711260795593262,OUTBOUND,-19.623281478881836,0.23089685020300663,
1,25.025495529174805,1.3267728090286255,5.175853252410889,5.109373092651367,9.604181811999297,29.609915329167944,-3.893606424331665,1146,23,32,0,,19.914302825927734,OUTBOUND,-19.67293930053711,0.2472553279409425,
1,25.545673370361328,1.3271722793579102,6.251959800720215,6.1636857986450195,9.613855157018406,29.597613044217624,-3.953099250793457,1147,23,33,0,,15.85245132446289,OUTBOUND,-20.16132354736328,0.29856369114289777,
1,25.400381088256836,1.3275715112686157,6.711276054382324,6.62778902053833,9.622570058010751,29.585280153411336,-3.9028031826019287,1148,23,34,0,,27.636533737182617,OUTBOUND,-20.148208618164062,0.35348415421919,
1,25.45252227783203,1.3279716968536377,0.07653474062681198,0.09172515571117401,9.630649924016325,29.572925451455294,-3.9261035919189453,1149,23,35,0,,3.2173755168914795,OUTBOUND,-20.15578269958496,0.3501008925006044,
1,25.46219825744629,1.3283709287643433,0.1373317688703537,0.16383367776870728,9.638930490007624,29.560595172830748,-3.88923978805542,1150,23,36,0,,4.6203789710998535,OUTBOUND,-20.241134643554688,0.364198881103254,
1,25.58437728881836,1.3287713527679443,1.407210350036621,1.4627530574798584,9.649971786013339,29.548304990026597,-3.930877447128296,1151,23,37,0,,9.673253059387207,OUTBOUND,-20.331018447875977,0.3946951427393595,
1,25.659860610961914,1.3291699886322021,0.1261085867881775,0.136328786611557,9.658467696019216,29.536016049174865,-3.865884304046631,1152,23,38,0,,5.288665771484375,OUTBOUND,-20.4873046875,0.3914057694576175,
1,25.640045166015625,1.3295717239379883,0.0836143046617508,0.10082031786441803,9.66650533900247,29.523703218980675,-3.9761064052581787,1153,23,39,0,,2.907562732696533,OUTBOUND,-20.33837890625,0.371482541127144,
1,25.411579132080078,1.3299733400344849,4.99188756942749,4.859001636505127,9.674843387008877,29.5114382940214,-3.908933162689209,1154,23,40,0,,20.460580825805664,OUTBOUND,-20.236629486083984,0.35689406148910846,
1,25.598649978637695,1.33037531375885,0.3181133270263672,0.32450786232948303,9.684701799007598,29.49911938096896,-3.9190196990966797,1155,23,41,0,,4.459881782531738,OUTBOUND,-20.411958694458008,0.38933642529716855,
1,25.534725189208984,1.3307766914367676,0.1619013398885727,0.18443630635738373,9.693642472004285,29.486821720856977,-3.895693778991699,1156,23,42,0,,8.916072845458984,OUTBOUND,-20.355730056762695,0.4128523683738542,
1,25.343852996826172,1.3311798572540283,1.7919989824295044,1.8581881523132324,9.701538416004041,29.47448192883966,-3.9508564472198486,1157,23,43,0,,5.960975170135498,OUTBOUND,-20.096548080444336,0.42455292144469076,
1,25.707597732543945,1.3315829038619995,0.11207427829504013,0.11258750408887863,9.712059416022385,29.462134520915072,-3.9083707332611084,1158,23,44,0,,19.18990707397461,FAILURE,-20.486186981201172,0.4626681142122443,
1,25.6356201171875,1.3319858312606812,1.9537732601165771,1.9751288890838623,9.72599621702102,29.98797749706497,-3.91227650642395,1159,24,1,0,,4.544140815734863,OUTBOUND,-20.416044235229492,-0.028728379620976408,
1,25.769372940063477,1.3323895931243896,2.12764048576355,2.125617265701294,9.737694108014693,29.975909510308345,-3.9299685955047607,1160,24,2,0,,5.257050514221191,OUTBOUND,-20.522491455078125,-0.02283100817307816,
1,25.514572143554688,1.3327922821044922,4.962068557739258,4.866282939910889,9.751630618004128,29.963836709884426,-3.887178421020508,1161,24,3,0,,2.262564182281494,OUTBOUND,-20.325847625732422,-0.01454050344191099,
1,25.56791877746582,1.3331942558288574,3.637963056564331,3.658843994140625,9.7646408790024,29.9517559994506,-3.8979623317718506,1162,24,4,0,,18.26589584350586,OUTBOUND,-20.387224197387695,-0.05714248628122007,
1,25.42876434326172,1.3335949182510376,8.160897254943848,8.177531242370605,9.778861366008641,29.939623572873185,-3.875624656677246,1163,24,5,0,,20.2882080078125,OUTBOUND,-20.314939498901367,-0.09452761505273885,
1,25.37195587158203,1.3339953422546387,2.981645107269287,3.014676094055176,9.790902781009208,29.92744910816357,-3.9006826877593994,1164,24,6,0,,2.4998176097869873,OUTBOUND,-20.211700439453125,-0.11643273768617433,
1,25.455528259277344,1.3343948125839233,0.2576151490211487,0.28792518377304077,9.79916485902504,29.91530127690925,-3.8806543350219727,1165,24,7,0,,43.62680435180664,OUTBOUND,-20.238061904907227,-0.12781117560471694,
1,25.723630905151367,1.3347938060760498,0.20507735013961792,0.21207496523857117,9.807851252000546,29.903213969175116,-3.8948898315429688,1166,24,8,0,,37.64119338989258,OUTBOUND,-20.423330307006836,-0.11582108859498921,
1,25.70943832397461,1.3351925611495972,5.646397113800049,5.614165306091309,9.820422237011371,29.89109936018303,-3.8926753997802734,1167,24,9,0,,9.785188674926758,OUTBOUND,-20.40922737121582,-0.06438196699208419,
1,25.638341903686523,1.3355931043624878,5.028122901916504,4.932178020477295,9.828538272005972,29.879015087034443,-3.940777063369751,1168,24,10,0,,4.471266269683838,OUTBOUND,-20.286975860595703,-0.030069782797180814,
1,25.795101165771484,1.3359938859939575,0.9821516275405884,0.9717832207679749,9.839809695025906,29.866895528839265,-3.909884452819824,1169,24,11,0,,5.388078212738037,OUTBOUND,-20.480022430419922,-0.009163338764653223,
1,25.806198120117188,1.3363946676254272,3.182084798812866,3.141709804534912,9.849992911011213,29.854794241163454,-3.905996322631836,1170,24,12,0,,28.519039154052734,OUTBOUND,-20.560718536376953,-0.01648130876697346,
1,26.073501586914062,1.3367947340011597,0.12391234189271927,0.13667486608028412,9.859641798015218,29.842702020069947,-3.8858070373535156,1171,24,13,0,,10.519990921020508,OUTBOUND,-20.83783721923828,-0.08581629736731888,
1,25.97550392150879,1.3371953964233398,5.081185817718506,4.9801812171936035,9.867584473016905,29.830606621329554,-3.9149203300476074,1172,24,14,0,,20.097335815429688,OUTBOUND,-20.742076873779297,-0.10432740012828262,
1,26.00954246520996,1.3375985622406006,13.704888343811035,13.566801071166992,9.877318770013517,29.818492800344256,-3.960461139678955,1173,24,15,0,,68.80513000488281,OUTBOUND,-20.855243682861328,-0.07109972420892045,
1,25.886987686157227,1.3380016088485718,0.20128260552883148,0.21456702053546906,9.887843522999901,29.80642692480903,-3.90804123878479,1174,24,16,0,,27.429035186767578,OUTBOUND,-20.72064208984375,-0.05840124440228595,
1,25.761962890625,1.338404655456543,0.26757317781448364,0.3007999360561371,9.897587275016122,29.79435911893125,-3.9044737815856934,1175,24,17,0,,42.740760803222656,OUTBOUND,-20.515287399291992,-0.09023063975819944,
1,25.63156509399414,1.3388068675994873,12.573677062988281,12.445258140563965,9.905624831008026,29.78224795180308,-3.8897898197174072,1176,24,18,0,,30.907119750976562,OUTBOUND,-20.468017578125,-0.12061014400889013,
1,25.698345184326172,1.3392093181610107,10.285581588745117,10.005785942077637,9.917770944011863,29.770126120266113,-3.91182541847229,1177,24,19,0,,12.257962226867676,OUTBOUND,-20.521631240844727,-0.10413821555568564,
1,25.816333770751953,1.3396120071411133,1.3990873098373413,1.376402735710144,9.927127302013105,29.758052424938047,-3.9107773303985596,1178,24,20,0,,33.92710494995117,OUTBOUND,-20.568483352661133,-0.09295741321116538,
1,25.71263885498047,1.3400163650512695,7.898477077484131,7.781738758087158,9.935301203018753,29.745989586393616,-3.9448368549346924,1179,24,21,0,,2.715064764022827,OUTBOUND,-20.42721176147461,-0.1217702490090527,
1,26.028764724731445,1.3404219150543213,0.4514541029930115,0.451728492975235,9.943585135013564,29.733896302584252,-3.935210943222046,1180,24,22,0,,62.00154113769531,OUTBOUND,-20.64431381225586,-0.1463871668106532,
1,26.05344581604004,1.3408278226852417,1.710369348526001,1.750745177268982,9.953076158999465,29.72177040368075,-3.921128511428833,1181,24,23,0,,30.21393394470215,OUTBOUND,-20.639480590820312,-0.14493506809169132,
1,26.230606079101562,1.3412325382232666,0.1937996745109558,0.18596673011779785,9.962878866004758,29.709683840690907,-3.8848893642425537,1182,24,24,0,,32.771217346191406,OUTBOUND,-20.828399658203125,-0.15100993472107524,
1,26.093894958496094,1.341638445854187,9.229095458984375,9.232210159301758,9.971341437019873,29.69755510304399,-3.938007354736328,1183,24,25,0,,47.83277130126953,OUTBOUND,-20.716243743896484,-0.1706137162742519,
1,26.353759765625,1.3420441150665283,0.11729566752910614,0.12973304092884064,9.980578722024802,29.68541855740833,-3.9064948558807373,1184,24,26,0,,9.09563159942627,OUTBOUND,-21.03003692626953,-0.2033869552898722,
1,26.507854461669922,1.3424487113952637,0.12495266646146774,0.14092649519443512,9.991222019016277,29.67324631344513,-3.8850793838500977,1185,24,27,0,,2.6241650581359863,OUTBOUND,-21.200178146362305,-0.2496586248540243,
1,26.34992218017578,1.3428540229797363,5.934475421905518,5.909383773803711,10.003087730001425,29.66103868603212,-3.9264302253723145,1186,24,28,0,,27.90631866455078,OUTBOUND,-21.040828704833984,-0.2938179792272573,
1,26.47734832763672,1.3432587385177612,0.216506227850914,0.25444185733795166,10.015966689999914,29.648787448174243,-3.894869804382324,1187,24,29,0,,4.9439697265625,OUTBOUND,-21.22810935974121,-0.28856373033820065,
1,26.42192268371582,1.3436634540557861,0.25481003522872925,0.280118852853775,10.028655802016146,29.636560964647057,-3.9087510108947754,1188,24,30,0,,5.177253723144531,OUTBOUND,-21.171308517456055,-0.24562930950404646,
1,26.602876663208008,1.3440682888031006,8.88984203338623,8.873987197875977,10.041790689021582,29.62439139090624,-3.9114785194396973,1189,24,31,0,,55.08428955078125,OUTBOUND,-21.43043327331543,-0.20769639811356577,
1,26.164316177368164,1.3444744348526,3.3970744609832764,3.388608932495117,10.056059570022626,29.612235985068768,-3.9381027221679688,1190,24,32,0,,21.886253356933594,OUTBOUND,-21.00284767150879,-0.1648327890683869,
1,26.107898712158203,1.344881534576416,5.149008750915527,5.020029544830322,10.068660527002066,29.600097469361625,-3.929804563522339,1191,24,33,0,,3.249363660812378,OUTBOUND,-20.93755340576172,-0.12836361613425945,
1,25.985816955566406,1.345287799835205,11.239541053771973,10.945016860961914,10.080982117011445,29.587985487288407,-3.8964521884918213,1192,24,34,0,,22.64125633239746,OUTBOUND,-20.89555549621582,-0.10656810517271112,
1,26.179550170898438,1.3456965684890747,1.8631855249404907,1.9271742105484009,10.09397186001297,29.57581095402419,-3.965703010559082,1193,24,35,0,,42.328453063964844,OUTBOUND,-20.8998966217041,-0.05575359445979231,
1,26.190593719482422,1.3461061716079712,2.2909979820251465,2.315805435180664,10.105434319004416,29.563717921093154,-3.936275005340576,1194,24,36,0,,45.68497085571289,OUTBOUND,-20.85413932800293,0.008824238500796418,
1,26.12485122680664,1.3465162515640259,1.6280417442321777,1.6591686010360718,10.117974172026152,29.551578320291433,-3.9279944896698,1195,24,37,0,,50.276947021484375,OUTBOUND,-20.715309143066406,0.059264396683441516,
1,26.464275360107422,1.3469260931015015,0.37858954071998596,0.37673598527908325,10.127628973015817,29.539397661272933,-3.915081739425659,1196,24,38,0,,50.674537658691406,OUTBOUND,-21.003829956054688,0.07149775624399593,
1,26.352752685546875,1.3473323583602905,6.2102251052856445,6.081243515014648,10.138589353009593,29.527284678055562,-3.8339860439300537,1197,24,39,0,,8.399113655090332,OUTBOUND,-20.993724822998047,0.031341338111972955,
1,26.551971435546875,1.3477365970611572,4.56213903427124,4.4029974937438965,10.149839371006237,29.515174805532926,-3.8623714447021484,1198,24,40,0,,4.548117160797119,OUTBOUND,-21.171741485595703,0.023632376238256335,
1,26.865278244018555,1.3481409549713135,2.141780138015747,2.1737489700317383,10.161546180024743,29.503024299902222,-3.908543586730957,1199,24,41,0,,10.831239700317383,OUTBOUND,-21.473432540893555,0.07838957357189692,
1,27.071224212646484,1.3485456705093384,4.629356861114502,4.494926929473877,10.169922501023393,29.49089129851639,-3.9105114936828613,1200,24,42,0,,31.9018497467041,OUTBOUND,-21.74424934387207,0.08752189722335356,
1,26.587818145751953,1.3489506244659424,4.307759761810303,4.335141658782959,10.178577247017529,29.478762671514136,-3.9095683097839355,1201,24,43,0,,40.33342361450195,OUTBOUND,-21.331552505493164,0.036984065172810665,
1,26.971609115600586,1.3493551015853882,0.08788024634122849,0.10755372047424316,10.19140541102388,29.4666378165045,-3.8960413932800293,1202,24,44,0,,4.8236403465271,OUTBOUND,-21.73633575439453,-0.00798838988016872,
1,26.85213851928711,1.3497591018676758,2.3102197647094727,2.3011722564697266,10.203858331020456,29.45449963833395,-3.890970230102539,1203,24,45,0,,16.894819259643555,OUTBOUND,-21.64750099182129,-0.01297185792258648,
1,26.69815444946289,1.3501627445220947,7.626755237579346,7.415522575378418,10.216944093001075,29.442406217814124,-3.896134614944458,1204,24,46,0,,39.4132194519043,OUTBOUND,-21.55846405029297,0.02583000195313275,
1,26.69210433959961,1.3505663871765137,7.435413837432861,7.400568008422852,10.230254121008329,29.430303971743662,-3.8990888595581055,1205,24,47,0,,14.547164916992188,OUTBOUND,-21.551437377929688,0.03849642836883988,
1,26.208927154541016,1.3509714603424072,8.140838623046875,8.098077774047852,10.239184931997443,29.418151454010484,-3.9344780445098877,1206,24,48,0,,8.922831535339355,OUTBOUND,-21.034927368164062,0.06667080043745778,
1,26.201684951782227,1.3513767719268799,2.906026840209961,3.037417411804199,10.249283256998751,29.406027659162888,-3.9101717472076416,1207,24,49,0,,35.139892578125,OUTBOUND,-20.99538803100586,0.07595801134282164,
1,26.542118072509766,1.3517827987670898,2.18812894821167,2.2025840282440186,10.259052080014953,29.393893958678785,-3.920027494430542,1208,24,50,0,,43.08979415893555,OUTBOUND,-21.204866409301758,0.035767602615860795,
1,26.05727767944336,1.3521884679794312,2.7022500038146973,2.771869659423828,10.266942762013059,29.381739922363643,-3.895106792449951,1209,24,51,0,,37.02081298828125,OUTBOUND,-20.699260711669922,0.011345634225467143,
1,26.6635799407959,1.3525938987731934,14.273740768432617,14.224564552307129,10.274652329011587,29.36954869317211,-3.9023852348327637,1210,24,52,0,,20.74686622619629,OUTBOUND,-21.336551666259766,0.021325915751105474,
1,26.583696365356445,1.3529974222183228,2.1900293827056885,2.197653293609619,10.282697792019462,29.357313855516935,-3.857827663421631,1211,24,53,0,,32.171810150146484,OUTBOUND,-21.261676788330078,0.055417526935898576,
1,26.46051025390625,1.3533998727798462,1.6044321060180664,1.5865428447723389,10.29181629800587,29.345103490608395,-3.8757553100585938,1212,24,54,0,,19.85125160217285,OUTBOUND,-21.072526931762695,0.03727461556038612,
1,27.023698806762695,1.3538036346435547,2.327316999435425,2.342686176300049,10.300629402016057,29.332918459701304,-3.9244673252105713,1213,24,55,0,,6.75683069229126,OUTBOUND,-21.57374382019043,-0.0021647649856397183,
1,26.824052810668945,1.354207992553711,6.746960163116455,6.6548542976379395,10.313601355010178,29.320781394579345,-3.9145331382751465,1214,24,56,0,,16.964143753051758,OUTBOUND,-21.445446014404297,0.007102132973712831,
1,26.87665367126465,1.354610562324524,10.02814769744873,10.022631645202637,10.32583699101815,29.308583744311,-3.857390880584717,1215,24,57,0,,39.130348205566406,OUTBOUND,-21.650970458984375,0.03687698085633559,
1,27.027772903442383,1.3550124168395996,1.0417006015777588,1.083677887916565,10.334218593023252,29.296361861399475,-3.881178379058838,1216,24,58,0,,3.260298490524292,OUTBOUND,-21.77421760559082,0.04564266112445069,
1,26.778785705566406,1.3554143905639648,0.1656666100025177,0.20155605673789978,10.344063341006404,29.284129986923865,-3.894277811050415,1217,24,59,0,,20.76453399658203,OUTBOUND,-21.457473754882812,0.019901492025702575,
1,27.22551727294922,1.3558160066604614,12.160568237304688,12.193926811218262,10.35569398701773,29.271941132446138,-3.8856709003448486,1218,24,60,0,,60.521629333496094,OUTBOUND,-22.017637252807617,0.021597516514208007,
1,27.010379791259766,1.3562171459197998,0.19083857536315918,0.22417019307613373,10.367967510013841,29.25971192568995,-3.883068084716797,1219,24,61,0,,28.02349281311035,OUTBOUND,-21.752666473388672,0.050600393598084305,
1,27.038105010986328,1.3566197156906128,2.43644642829895,2.427035331726074,10.37767707000603,29.247437925792887,-3.9224789142608643,1220,24,62,0,,7.842017650604248,OUTBOUND,-21.700868606567383,0.02976349212055752,
1,26.904945373535156,1.3570239543914795,8.166901588439941,8.036787986755371,10.387240146024851,29.23518296077808,-3.934452533721924,1221,24,63,0,,14.080930709838867,OUTBOUND,-21.596647262573242,-0.021048406913159196,
1,27.102323532104492,1.357429027557373,2.47340989112854,2.476924419403076,10.396741007018136,29.222936593966406,-3.913956880569458,1222,24,64,0,,16.366819381713867,OUTBOUND,-21.777238845825195,-0.05195311626129449,
1,26.857372283935547,1.3578344583511353,8.669437408447266,8.54727840423584,10.407333917013602,29.210669604721687,-3.9079058170318604,1223,24,65,0,,13.097432136535645,OUTBOUND,-21.5587100982666,-0.061747981638160476,
1,26.951139450073242,1.3582401275634766,8.377479553222656,8.29649543762207,10.419329919997836,29.198380323201576,-3.903756856918335,1224,24,66,0,,10.408130645751953,OUTBOUND,-21.672683715820312,-0.08918728016173796,
1,27.00105857849121,1.3586463928222656,0.29782330989837646,0.27753087878227234,10.429192809999222,29.186113360817455,-3.9153237342834473,1225,24,67,0,,31.131580352783203,OUTBOUND,-21.652070999145508,-0.1109363172675439,
1,26.81569480895996,1.3590528964996338,1.3248685598373413,1.3139948844909668,10.441735160013195,29.173793972561107,-3.9062936305999756,1226,24,68,0,,33.5615348815918,OUTBOUND,-21.433969497680664,-0.07030033684082772,
1,27.01445198059082,1.3594609498977661,7.4705119132995605,7.455298900604248,10.454362425021827,29.161489665246936,-3.9360766410827637,1227,24,69,0,,11.96702766418457,OUTBOUND,-21.588895797729492,0.005943040275458666,
1,27.2138614654541,1.3598703145980835,9.087652206420898,9.136556625366211,10.464994839014253,29.149190468274277,-3.934800386428833,1228,24,70,0,,23.393966674804688,OUTBOUND,-21.819067001342773,0.07881628382492174,
1,27.001798629760742,1.3602750301361084,1.5784822702407837,1.557483196258545,10.477786366012879,29.136908599358318,-3.8031742572784424,1229,24,71,0,,7.342886924743652,OUTBOUND,-21.780359268188477,0.10460040526294052,
1,27.128751754760742,1.3606806993484497,11.074559211730957,11.077200889587402,10.487736955023138,29.124570567301333,-3.917994976043701,1230,24,72,0,,41.55352020263672,OUTBOUND,-21.819795608520508,0.07996197971520666,
1,27.47804069519043,1.361087679862976,2.0450501441955566,2.0724799633026123,10.498771799000679,29.11228668142796,-3.9258599281311035,1231,24,73,0,,16.84199333190918,OUTBOUND,-22.11102294921875,0.027023422982929205,
1,27.360370635986328,1.3614946603775024,0.25219953060150146,0.2951655983924866,10.509715045016492,29.10003747319801,-3.9033091068267822,1232,24,74,0,,38.44490432739258,FAILURE,-21.953262329101562,-9.98300702413261,
1,27.429405212402344,1.3619036674499512,1.5663995742797852,1.5975233316421509,10.52203375400859,29.987971970485113,-3.9445626735687256,1233,25,1,0,,13.06848430633545,OUTBOUND,-21.965713500976562,0.01598881577891622,
1,27.63321876525879,1.3623141050338745,7.845566272735596,7.807891845703125,10.5346077310096,29.975874807730047,-3.9388790130615234,1234,25,2,0,,21.078292846679688,OUTBOUND,-22.220684051513672,0.05258443468210041,
1,27.29400634765625,1.3627246618270874,1.5562533140182495,1.589611291885376,10.543489625008078,29.963776767180512,-3.9103899002075195,1235,25,3,0,,3.0808444023132324,OUTBOUND,-21.94611358642578,0.07717655871002972,
1,27.58806610107422,1.3631342649459839,0.16927561163902283,0.19461989402770996,10.552374884020537,29.951626290938837,-3.8875279426574707,1236,25,4,0,,19.066707611083984,OUTBOUND,-22.221263885498047,0.06960960921903041,
1,27.691598892211914,1.3635445833206177,1.586799144744873,1.5636192560195923,10.56474402101594,29.939445841163337,-3.920541524887085,1237,25,5,0,,4.682441711425781,OUTBOUND,-22.299104690551758,0.04293318276903461,
1,27.666976928710938,1.363955020904541,0.3251242935657501,0.35206446051597595,10.57782786001917,29.927323854754064,-3.910438060760498,1238,25,6,0,,6.077919006347656,OUTBOUND,-22.269596099853516,0.05719181350172177,
1,27.631837844848633,1.3643654584884644,5.363769054412842,5.280004978179932,10.591117836011108,29.91515774144991,-3.9069137573242188,1239,25,7,0,,40.53835678100586,OUTBOUND,-22.309463500976562,0.10839017651056519,
1,27.19219398498535,1.3647710084915161,8.019338607788086,8.023306846618652,10.601939075015252,29.902984033697127,-3.7959399223327637,1240,25,8,0,,31.911638259887695,OUTBOUND,-22.06242561340332,0.12680017756967554,
1,27.53290557861328,1.3651772737503052,15.484454154968262,15.481697082519531,10.60967740599881,29.890852274230713,-3.9130332469940186,1241,25,9,0,,63.72231674194336,OUTBOUND,-22.37615966796875,0.12471922368564141,
1,27.26219940185547,1.3655827045440674,0.31575602293014526,0.3457356095314026,10.617747287004022,29.878706981987794,-3.876983642578125,1242,25,10,0,,50.136383056640625,OUTBOUND,-22.038387298583984,0.11621906603119123,
1,27.421600341796875,1.3659883737564087,3.4657540321350098,3.520951747894287,10.62908877202426,29.866599147558357,-3.901554822921753,1243,25,11,0,,21.64899253845215,OUTBOUND,-22.112873077392578,0.06724713296875703,
1,27.44101333618164,1.3663936853408813,0.4380668103694916,0.48887884616851807,10.642200368019985,29.85448406357268,-3.885362386703491,1244,25,12,0,,57.31487274169922,OUTBOUND,-22.05463218688965,0.023266862184838744,
1,27.49119758605957,1.3668007850646973,6.503073692321777,6.3532185554504395,10.652421752020018,29.842440100869382,-3.9323573112487793,1245,25,13,0,,13.404114723205566,OUTBOUND,-22.036418914794922,0.02956305112399274,
1,27.862545013427734,1.3672077655792236,5.2617268562316895,5.2103753089904785,10.662382745998912,29.830366402733038,-3.8973917961120605,1246,25,14,0,,7.409793853759766,OUTBOUND,-22.466020584106445,0.03116224020195998,
1,27.809181213378906,1.3676155805587769,1.6387453079223633,1.6080143451690674,10.673933726007817,29.818320652792377,-3.9143526554107666,1247,25,15,0,,11.55679988861084,OUTBOUND,-22.364757537841797,0.03752131037021953,
1,27.73392105102539,1.3680239915847778,16.11373519897461,16.08708381652832,10.681877813010942,29.8062342826402,-3.913534641265869,1248,25,16,0,,48.78118896484375,OUTBOUND,-22.41143226623535,0.08738735018695354,
1,27.588001251220703,1.3684298992156982,5.343098163604736,5.289259910583496,10.690321703004884,29.79411913542742,-3.8405611515045166,1249,25,17,0,,16.45371437072754,OUTBOUND,-22.35226821899414,0.12598193082646533,
1,27.549192428588867,1.3688369989395142,8.075149536132812,8.067806243896484,10.70046053599799,29.781960448831722,-3.922266721725464,1250,25,18,0,,12.456191062927246,OUTBOUND,-22.22817611694336,0.13932676605810057,
1,27.690372467041016,1.3692448139190674,0.34398630261421204,0.38453710079193115,10.711439828999573,29.769805022123244,-3.91237211227417,1251,25,19,0,,55.34444046020508,OUTBOUND,-22.290449142456055,0.13455505420221817,
1,27.76932716369629,1.3696529865264893,8.107622146606445,7.9873223304748535,10.720601728011388,29.75764120662534,-3.904116630554199,1252,25,20,0,,6.769942283630371,OUTBOUND,-22.409961700439453,0.09818586535253304,
1,27.601430892944336,1.3700615167617798,6.8837080001831055,6.752687454223633,10.730990361014847,29.745510943374498,-3.9055116176605225,1253,25,21,0,,23.453346252441406,OUTBOUND,-22.18332862854004,0.030755366689579,
1,27.622037887573242,1.3704694509506226,5.703536033630371,5.648275375366211,10.741000938025536,29.733387090133668,-3.8864264488220215,1254,25,22,0,,10.022945404052734,OUTBOUND,-22.271390914916992,-0.006552709286942599,
1,27.724966049194336,1.3708778619766235,10.391249656677246,10.376506805419922,10.75449163702433,29.721308470381924,-3.9076335430145264,1255,25,23,0,,15.074426651000977,OUTBOUND,-22.36448860168457,-0.03631964436722336,
1,27.720664978027344,1.371288537979126,8.454683303833008,8.319073677062988,10.769029415008845,29.709205542829324,-3.9472248554229736,1256,25,24,0,,2.916950225830078,OUTBOUND,-22.3089599609375,-0.0856684563791765,
1,28.167089462280273,1.3716998100280762,2.712050676345825,2.7212882041931152,10.778250932024093,29.697068029641915,-3.9160141944885254,1257,25,25,0,,25.615869522094727,OUTBOUND,-22.74724769592285,-0.10612184197241638,
1,27.80011749267578,1.3721115589141846,6.442232131958008,6.405475616455078,10.786174491018755,29.684946169299753,-3.9136786460876465,1258,25,26,0,,9.881423950195312,OUTBOUND,-22.36188507080078,-0.07872844993547122,
1,27.76453399658203,1.3725237846374512,8.510489463806152,8.483161926269531,10.796206869999878,29.6728060000926,-3.9155404567718506,1259,25,27,0,,2.7276175022125244,OUTBOUND,-22.339933395385742,-0.01870264716334012,
1,27.944467544555664,1.3729356527328491,6.264172554016113,6.328780174255371,10.809844009025255,29.66070037969923,-3.8979761600494385,1260,25,28,0,,20.768949508666992,OUTBOUND,-22.582855224609375,-0.022034046589854233,
1,27.97494125366211,1.3733479976654053,2.8321311473846436,2.86419677734375,10.821915664011613,29.648601149345748,-3.9151906967163086,1261,25,29,0,,11.340471267700195,OUTBOUND,-22.570240020751953,-0.0639798103950937,
1,28.040889739990234,1.373761773109436,11.453733444213867,11.432530403137207,10.835373129026266,29.63646905533558,-3.935368776321411,1262,25,30,0,,31.812898635864258,OUTBOUND,-22.65108299255371,-0.10034511889417598,
1,28.22210121154785,1.3741742372512817,0.25291144847869873,0.26900163292884827,10.84861863401602,29.624315916852495,-3.8765945434570312,1263,25,31,0,,44.87887191772461,OUTBOUND,-22.83563804626465,-0.15050345230271556,
1,28.049528121948242,1.3745864629745483,2.8169326782226562,2.7905168533325195,10.859567619016161,29.61214795950017,-3.902359962463379,1264,25,32,0,,15.316482543945312,OUTBOUND,-22.602352142333984,-0.16144468233683162,
1,28.09119415283203,1.3749959468841553,4.2819695472717285,4.214170455932617,10.868738326011226,29.600037735272686,-3.8409171104431152,1265,25,33,0,,5.620624542236328,OUTBOUND,-22.742856979370117,-0.15610488855647814,
1,28.26532745361328,1.375405192375183,10.43798542022705,10.436891555786133,10.87971310300054,29.587896865940582,-3.892108678817749,1266,25,34,0,,41.72990417480469,OUTBOUND,-22.93178939819336,-0.16158939296309632,
1,27.950380325317383,1.3758141994476318,5.938098907470703,5.845893859863281,10.88768550902023,29.575728687068594,-3.8916914463043213,1267,25,35,0,,9.062979698181152,OUTBOUND,-22.583656311035156,-0.17124363508354037,
1,28.171051025390625,1.3762233257293701,2.930495500564575,2.936864137649536,10.897188854025444,29.563540737830373,-3.8966026306152344,1268,25,36,0,,2.9674322605133057,OUTBOUND,-22.81686019897461,-0.13949634998488705,
1,28.295433044433594,1.376633882522583,0.20994871854782104,0.21526944637298584,10.906777027004864,29.551408343479658,-3.930239200592041,1269,25,37,0,,37.45026397705078,OUTBOUND,-22.819496154785156,-0.10583524441742372,
1,28.170879364013672,1.37704336643219,7.08219051361084,6.987240314483643,10.915241128997877,29.539215764764496,-3.872469663619995,1270,25,38,0,,10.422672271728516,OUTBOUND,-22.786481857299805,-0.14918736911664074,
1,28.303386688232422,1.377453088760376,1.4111812114715576,1.3947805166244507,10.923562466021394,29.52702623944725,-3.9020802974700928,1271,25,39,0,,19.49066734313965,OUTBOUND,-22.870452880859375,-0.16470955630378165,
1,28.371166229248047,1.3778647184371948,2.3348162174224854,2.379735231399536,10.93293781002285,29.514898956119552,-3.940476894378662,1272,25,40,0,,11.254670143127441,OUTBOUND,-22.86600112915039,-0.14304706669506148,
1,28.395645141601562,1.3782769441604614,7.659265041351318,7.681828498840332,10.945527849020436,29.502713639161406,-3.910735607147217,1273,25,41,0,,46.71526336669922,OUTBOUND,-23.01442527770996,-0.10729571766416998,
1,28.06659698486328,1.3786892890930176,11.472238540649414,11.445868492126465,10.954714114021044,29.490547320292805,-3.9051551818847656,1274,25,42,0,,41.49863815307617,OUTBOUND,-22.767940521240234,-0.06129988552343945,
1,28.278905868530273,1.379101276397705,8.795087814331055,8.77762222290039,10.963392206002027,29.478383370052587,-3.892486333847046,1275,25,43,0,,4.242565155029297,OUTBOUND,-22.994787216186523,-0.04654463161728395,
1,27.79606819152832,1.3795126676559448,8.017319679260254,7.9654951095581055,10.973233883007197,29.46624249058525,-3.886108160018921,1276,25,44,0,,3.8574695587158203,OUTBOUND,-22.492605209350586,-0.06063394135466983,
1,28.194774627685547,1.3799247741699219,0.37685897946357727,0.4087393283843994,10.987990792025812,29.45409263070718,-3.91690993309021,1277,25,45,0,,51.556724548339844,OUTBOUND,-22.768165588378906,-0.08065424568560069,
1,28.523408889770508,1.3803367614746094,3.3289637565612793,3.265240430831909,10.996670991007704,29.44196666651997,-3.8951027393341064,1278,25,46,0,,33.03363037109375,OUTBOUND,-23.073171615600586,-0.061263392811649116,
1,28.533723831176758,1.3807480335235596,0.33351126313209534,0.32206058502197266,11.006105836015195,29.42986314611173,-3.8835926055908203,1279,25,47,0,,46.46385192871094,OUTBOUND,-22.997386932373047,-0.01816627279568754,
1,28.57040023803711,1.3811585903167725,1.4189776182174683,1.3963723182678223,11.015478897024877,29.417803559632585,-3.879990339279175,1280,25,48,0,,17.218477249145508,OUTBOUND,-23.028955459594727,0.04295642932583062,
1,28.693275451660156,1.3815698623657227,11.42756462097168,11.382033348083496,11.024168762000045,29.40572715495846,-3.9144976139068604,1281,25,49,0,,43.280372619628906,OUTBOUND,-23.184581756591797,0.08291519470473381,
1,28.789648056030273,1.3819822072982788,8.957867622375488,8.935222625732422,11.032579015998635,29.393662261112148,-3.917059898376465,1282,25,50,0,,32.62479782104492,OUTBOUND,-23.354171752929688,0.08771289663504378,
1,28.772953033447266,1.3823983669281006,8.956196784973145,8.838000297546387,11.041501883999445,29.38154239594587,-3.985781669616699,1283,25,51,0,,31.014604568481445,OUTBOUND,-23.316532135009766,0.11358026454722145,
1,28.744781494140625,1.382815957069397,0.1835462898015976,0.21655982732772827,11.050314300024183,29.36942150335208,-3.9398345947265625,1284,25,52,0,,26.507047653198242,OUTBOUND,-23.297096252441406,0.11204155584823618,
1,28.85529899597168,1.3832316398620605,8.306035995483398,8.293373107910156,11.060534408024978,29.357346336168877,-3.865842819213867,1285,25,53,0,,16.270084381103516,OUTBOUND,-23.52518081665039,0.06703730755905202,
1,28.631092071533203,1.3836475610733032,2.3737542629241943,2.4138288497924805,11.068967504019383,29.345274353649035,-3.910965919494629,1286,25,54,0,,2.0380332469940186,OUTBOUND,-23.249818801879883,0.02010364795416281,
1,28.56182098388672,1.384064793586731,9.269082069396973,9.242965698242188,11.079326983017381,29.33322467436185,-3.9340903759002686,1287,25,55,0,,16.521638870239258,OUTBOUND,-23.158796310424805,-0.023415185566735695,
1,28.754648208618164,1.3844822645187378,1.9666705131530762,1.9744611978530884,11.087307831010548,29.321149660624002,-3.9158267974853516,1288,25,56,0,,21.783151626586914,OUTBOUND,-23.33877182006836,-0.07417646655033919,
1,28.6184024810791,1.3849002122879028,9.2055025100708,9.180024147033691,11.09480202101986,29.309077901741485,-3.9187092781066895,1289,25,57,0,,8.692364692687988,OUTBOUND,-23.204103469848633,-0.13388957720925523,
1,28.592100143432617,1.3853166103363037,9.120619773864746,9.069191932678223,11.104579217004357,29.296960635229723,-3.8731067180633545,1290,25,58,0,,4.6939215660095215,OUTBOUND,-23.224428176879883,-0.15689902347513135,
1,28.8900089263916,1.3857332468032837,0.42826369404792786,0.4679024815559387,11.11470511200605,29.284840306902392,-3.9145407676696777,1291,25,59,0,,63.000736236572266,OUTBOUND,-23.361190795898438,-0.17010538651634172,
1,29.065065383911133,1.386151671409607,9.05370044708252,8.997544288635254,11.122743133018957,29.272690969094224,-3.9435415267944336,1292,25,60,0,,7.582354545593262,OUTBOUND,-23.514665603637695,-0.1813107282721619,
1,28.558629989624023,1.3865718841552734,17.187519073486328,17.0537166595459,11.13112144000479,29.260512501417622,-3.947763681411743,1293,25,61,0,,56.36611557006836,OUTBOUND,-23.113563537597656,-0.15817698445821102,
1,28.98305892944336,1.3869942426681519,1.9088826179504395,1.8658417463302612,11.140415585017763,29.24834307912062,-3.962789535522461,1294,25,62,0,,17.760955810546875,OUTBOUND,-23.505611419677734,-0.1267609882172196,
1,28.813735961914062,1.3874157667160034,8.885852813720703,8.853385925292969,11.149053197004832,29.2361999503803,-3.8991646766662598,1295,25,63,0,,8.11152458190918,OUTBOUND,-23.400917053222656,-0.09206348652051169,
1,28.875492095947266,1.38783597946167,0.2903420329093933,0.3303738534450531,11.156615537998732,29.224035720374154,-3.8860812187194824,1296,25,64,0,,46.478965759277344,OUTBOUND,-23.38539695739746,-0.03437012208585038,
1,28.907089233398438,1.3882554769515991,2.808549404144287,2.8341498374938965,11.164994381018914,29.21188242668693,-3.8994178771972656,1297,25,65,0,,17.981271743774414,OUTBOUND,-23.38593292236328,-0.005179914816459086,
1,29.14997100830078,1.388674020767212,0.19069011509418488,0.18959012627601624,11.173717470024712,29.19969061242251,-3.8862504959106445,1298,25,66,0,,29.06289291381836,OUTBOUND,-23.588741302490234,-0.03591722581280422,
1,29.1796875,1.389092206954956,0.15934792160987854,0.18305498361587524,11.184834830026375,29.187503581459023,-3.9021944999694824,1299,25,67,0,,9.170477867126465,OUTBOUND,-23.591371536254883,-0.05019514264364848,
1,29.41448211669922,1.389510154724121,0.13880114257335663,0.1603350192308426,11.193545590009307,29.175334867511744,-3.901258945465088,1300,25,68,0,,0.8365330696105957,OUTBOUND,-23.8414306640625,-0.06942862867410647,
1,29.55494499206543,1.3899261951446533,9.824617385864258,9.834693908691406,11.202101686998503,29.163198583024457,-3.8666374683380127,1301,25,69,0,,57.727848052978516,OUTBOUND,-24.139387130737305,-0.1252334307447647,
1,29.480710983276367,1.3903435468673706,3.1271872520446777,3.152883291244507,11.212132083019242,29.15103697780005,-3.9288110733032227,1302,25,70,0,,53.39739990234375,OUTBOUND,-24.083160400390625,-0.1365909223731995,
1,29.123619079589844,1.3907606601715088,1.9114923477172852,1.9678910970687866,11.220307778014103,29.13893981915847,-3.900083303451538,1303,25,71,0,,31.82534408569336,OUTBOUND,-23.807575225830078,-0.11832476341699695,
1,28.98682403564453,1.3911782503128052,2.1034138202667236,2.0831475257873535,11.228730883012759,29.126813784477495,-3.9135079383850098,1304,25,72,0,,5.388677597045898,OUTBOUND,-23.651947021484375,-0.1280181365720017,
1,29.249319076538086,1.391596794128418,13.166181564331055,13.125883102416992,11.238964438001858,29.114644794645564,-3.926964044570923,1305,25,73,0,,68.55525207519531,OUTBOUND,-23.997365951538086,-0.10945377196340156,
1,28.735410690307617,1.3920172452926636,11.636794090270996,11.625118255615234,11.251292071014177,29.102509066369436,-3.9494965076446533,1306,25,74,0,,12.051456451416016,OUTBOUND,-23.47372055053711,-0.08094778947255574,
1,28.712158203125,1.3924373388290405,9.498014450073242,9.359949111938477,11.25915628200164,29.09033962860582,-3.9005279541015625,1307,25,75,0,,24.89731788635254,OUTBOUND,-23.447057723999023,-0.08315087217252166,
1,28.69388771057129,1.392857313156128,0.9137384295463562,1.0077283382415771,11.267054506024579,29.07819397729385,-3.9074506759643555,1308,25,76,0,,102.22386169433594,OUTBOUND,-23.22818374633789,-0.06405250508992487,
1,28.566043853759766,1.3932769298553467,8.820297241210938,8.840561866760254,11.275325000024168,29.066078541286892,-3.901670455932617,1309,25,77,0,,19.519004821777344,OUTBOUND,-23.072561264038086,-0.050649508953670395,
1,28.99099349975586,1.3936967849731445,5.005401134490967,4.933699607849121,11.288462730997708,29.05388312783117,-3.9123709201812744,1310,25,78,0,,53.93494415283203,OUTBOUND,-23.361635208129883,-0.016696340081366466,
1,29.376665115356445,1.394115924835205,0.6097639203071594,0.5680990219116211,11.301990213018144,29.04173161440772,-3.8896126747131348,1311,25,79,0,,80.96548461914062,OUTBOUND,-23.66939353942871,0.025003826188928838,
1,29.53310775756836,1.3945356607437134,7.104335784912109,7.030637264251709,11.315769993001595,29.029584712673692,-3.922635555267334,1312,25,80,0,,20.56026840209961,OUTBOUND,-23.770626068115234,0.01824938204354792,
1,29.760042190551758,1.394956111907959,5.131669521331787,5.120041847229004,11.325561466015643,29.017422766956596,-3.9206647872924805,1313,25,81,0,,16.177579879760742,OUTBOUND,-24.081275939941406,0.008296534853240205,
1,29.68878173828125,1.3953776359558105,12.892327308654785,12.797969818115234,11.335450842016144,29.005230038904642,-3.934929370880127,1314,25,82,0,,74.99657440185547,OUTBOUND,-24.153112411499023,0.030919286401904996,
1,29.804763793945312,1.3958008289337158,2.18426513671875,2.226419687271118,11.34768462102511,28.9930463422242,-3.9445960521698,1315,25,83,0,,29.7890682220459,OUTBOUND,-24.31240463256836,0.06498459053927315,
1,29.576030731201172,1.396223545074463,0.11095108836889267,0.14792513847351074,11.360987926018424,28.980836956529707,-3.904620885848999,1316,25,84,0,,2.8740618228912354,OUTBOUND,-24.12212371826172,0.0596472320607674,
1,29.758058547973633,1.3966456651687622,3.5242574214935303,3.490846633911133,11.373677349998616,28.96863034125312,-3.898902416229248,1317,25,85,0,,26.03177261352539,OUTBOUND,-24.329517364501953,0.04976971569774593,
1,29.658428192138672,1.397067666053772,2.701080560684204,2.7344512939453125,11.386432933009928,28.956421415941886,-3.9099185466766357,1318,25,86,0,,11.806507110595703,OUTBOUND,-24.24345588684082,0.037379443713814686,
1,29.276872634887695,1.3974902629852295,13.157293319702148,13.080765724182129,11.398742120014504,28.94420359372821,-3.9221560955047607,1319,25,87,0,,52.08551025390625,OUTBOUND,-23.946367263793945,0.024155472763324665,
1,29.384231567382812,1.3979133367538452,9.57873249053955,9.522574424743652,11.410667356016347,28.931948472310374,-3.92248797416687,1320,25,88,0,,25.45690155029297,OUTBOUND,-24.085561752319336,0.0049350187023316965,
1,29.47836685180664,1.3983365297317505,2.983793020248413,3.0421743392944336,11.419968919013627,28.919680658483564,-3.9144110679626465,1321,25,89,0,,31.474720001220703,OUTBOUND,-24.113494873046875,-0.04148473843111138,
1,29.431594848632812,1.398758888244629,3.4517197608947754,3.4772536754608154,11.427778912009671,28.907392911650078,-3.893258571624756,1322,25,90,0,,39.75935363769531,OUTBOUND,-24.02031707763672,-0.062166954560971564,
1,29.31716537475586,1.3991811275482178,8.792640686035156,8.624517440795898,11.435229398019146,28.89510251620942,-3.911553144454956,1323,25,91,0,,29.146657943725586,OUTBOUND,-23.81195068359375,-0.052608892743769065,
1,29.32990264892578,1.3996021747589111,1.9487316608428955,1.9215275049209595,11.444398682011524,28.88280893690202,-3.880341053009033,1324,25,92,0,,61.17173767089844,OUTBOUND,-23.756271362304688,-0.029915969100154597,
1,29.66248321533203,1.4000250101089478,3.3852882385253906,3.4300954341888428,11.454357595008332,28.870500756608106,-3.947065591812134,1325,25,93,0,,35.845577239990234,OUTBOUND,-23.951126098632812,-0.04138012780511021,
1,29.591941833496094,1.4004484415054321,14.18847370147705,14.198517799377441,11.462886961002368,28.858154127512428,-3.9235026836395264,1326,25,94,0,,40.042240142822266,OUTBOUND,-24.002872467041016,-0.05898451337142746,
1,29.932147979736328,1.4008721113204956,2.245553731918335,2.219268798828125,11.47200841200538,28.84583928406075,-3.915883779525757,1327,25,95,0,,14.55301284790039,OUTBOUND,-24.337121963500977,-0.054346368305463674,
1,30.174652099609375,1.4012953042984009,0.14066046476364136,0.1324606090784073,11.481377705000341,28.833533127173155,-3.9017562866210938,1328,25,96,0,,24.164609909057617,OUTBOUND,-24.578941345214844,-0.07963737393926938,
1,30.37502670288086,1.401719570159912,0.12610314786434174,0.1467268466949463,11.491222360025859,28.821185422443776,-3.933722972869873,1329,25,97,0,,5.03843355178833,OUTBOUND,-24.731502532958984,-0.14184852964124553,
1,30.100162506103516,1.402142882347107,9.906498908996582,9.868160247802734,11.499961382010952,28.80879694151068,-3.893571138381958,1330,25,98,0,,52.378761291503906,FAILURE,-24.60251235961914,-0.17957210606203697,
1,30.161590576171875,1.4025654792785645,0.1006278470158577,0.11476089060306549,11.512794419017155,29.98797288063082,-3.8924989700317383,1331,26,1,0,,4.228605270385742,OUTBOUND,-24.66269302368164,-0.036963752004628155,
1,29.731956481933594,1.4029881954193115,7.520428657531738,7.4634199142456055,11.52604937000433,29.97590410272314,-3.910050392150879,1332,26,2,0,,35.158531188964844,OUTBOUND,-24.29416275024414,-0.05228358384820798,
1,30.08686637878418,1.4034126996994019,16.6835994720459,16.507646560668945,11.538746394013287,29.963828814383177,-3.9499011039733887,1333,26,3,0,,65.38134002685547,OUTBOUND,-24.716197967529297,-0.02366748906806379,
1,29.567611694335938,1.4038366079330444,9.836258888244629,9.844696044921875,11.549195741012227,29.95175881820337,-3.897196054458618,1334,26,4,0,,49.6568489074707,OUTBOUND,-24.31415557861328,-0.0021734836096781564,
1,29.175586700439453,1.4042590856552124,11.112010955810547,11.047810554504395,11.561772394023137,29.939647964877846,-3.881229877471924,1335,26,5,0,,6.002475738525391,OUTBOUND,-23.917381286621094,-0.030096838295904284,
1,29.62077522277832,1.4046828746795654,0.552038848400116,0.6358721852302551,11.571124461013824,29.927483146654534,-3.934788942337036,1336,26,6,0,,79.01026916503906,OUTBOUND,-24.16231918334961,-0.04257428208731546,
1,29.5382080078125,1.405106544494629,6.193099498748779,6.157031059265137,11.584119711013045,29.915325307204363,-3.9060304164886475,1337,26,7,0,,40.19377136230469,OUTBOUND,-24.018766403198242,-0.047142993032860236,
1,29.364768981933594,1.4055300951004028,5.749621391296387,5.794284820556641,11.594352136016823,29.903171158134644,-3.9083309173583984,1338,26,8,0,,48.871826171875,OUTBOUND,-23.753328323364258,-0.06217291222427397,
1,29.595600128173828,1.4059511423110962,8.200080871582031,8.043331146240234,11.603011852013879,29.890996208779846,-3.8522746562957764,1339,26,9,0,,35.51331329345703,OUTBOUND,-24.00233268737793,-0.06554179268465801,
1,30.075098037719727,1.406372308731079,13.593530654907227,13.489950180053711,11.611795607022941,29.87883271348663,-3.903839349746704,1340,26,10,0,,7.88236141204834,OUTBOUND,-24.441150665283203,-0.11056582089910127,
1,30.156888961791992,1.4067940711975098,0.32288822531700134,0.2764245569705963,11.622721106017707,29.866615186798924,-3.917940616607666,1341,26,11,0,,51.418006896972656,OUTBOUND,-24.4323787689209,-0.15222712067288457,
1,30.670724868774414,1.4072164297103882,2.354673147201538,2.3417656421661377,11.633141420024913,29.854424267191426,-3.9165189266204834,1342,26,12,0,,14.848807334899902,OUTBOUND,-24.950899124145508,-0.15144407440989688,
1,30.302595138549805,1.4076392650604248,5.174955368041992,5.247984409332275,11.643317407026188,29.842239175395324,-3.913985252380371,1343,26,13,0,,35.24434280395508,OUTBOUND,-24.669963836669922,-0.14146071590878528,
1,30.48575210571289,1.4080592393875122,0.16092972457408905,0.19283640384674072,11.653019579011016,29.83002136413451,-3.8451483249664307,1344,26,14,0,,4.447103023529053,OUTBOUND,-24.977874755859375,-0.1405761014588913,
1,30.517642974853516,1.4084810018539429,3.095717191696167,3.1536121368408203,11.661442369018914,29.817800587402996,-3.9355249404907227,1345,26,15,0,,48.9484748840332,OUTBOUND,-24.95718002319336,-0.14827542513479114,
1,30.496213912963867,1.4089040756225586,3.647587537765503,3.6434898376464844,11.669238985021366,29.805549579998793,-3.9332191944122314,1346,26,16,0,,41.339176177978516,FAILURE,-24.995567321777344,-0.13028834169303888,
1,30.455101013183594,1.4093263149261475,7.5798234939575195,7.459163188934326,11.67849196100724,29.98798476102741,-3.886521339416504,1347,27,1,0,,62.69956970214844,OUTBOUND,-25.111328125,0.01275367920160204,
1,29.95296287536621,1.40974760055542,13.156539916992188,12.897223472595215,11.689253143005772,29.97592900563508,-3.8823435306549072,1348,27,2,0,,70.05269622802734,OUTBOUND,-24.726327896118164,0.04045102004435849,
1,29.79477310180664,1.4101678133010864,9.084396362304688,8.961812973022461,11.69785301401862,29.96383601734814,-3.8779683113098145,1349,27,3,0,,29.53345489501953,OUTBOUND,-24.60390853881836,0.07690248108928852,
1,29.817031860351562,1.4105886220932007,0.6816964149475098,0.7860292196273804,11.705655263009248,29.95170522660363,-3.9080235958099365,1350,27,4,0,,86.39907836914062,OUTBOUND,-24.42921257019043,0.11637527229473493,
1,29.7008113861084,1.411009669303894,3.6522750854492188,3.7336483001708984,11.71465868499945,29.939546820989147,-3.906191349029541,1351,27,5,0,,73.60746002197266,OUTBOUND,-24.16814613342285,0.12645088378857294,
1,30.171424865722656,1.4114291667938232,0.8265674114227295,0.8318271040916443,11.727795905026142,29.92738704432454,-3.866856575012207,1352,27,6,0,,101.54412078857422,OUTBOUND,-24.510189056396484,0.09450402096930573,
1,30.346105575561523,1.411847472190857,3.5319278240203857,3.5083866119384766,11.739710733003449,29.915262211070882,-3.869096517562866,1353,27,7,0,,59.47365951538086,OUTBOUND,-24.601682662963867,0.0880957447787454,
1,30.520313262939453,1.4122655391693115,12.67676830291748,12.6425142288208,11.75315962001332,29.903121973817886,-3.8892970085144043,1354,27,8,0,,20.97222328186035,OUTBOUND,-24.82155418395996,0.12127767356513601,
1,30.977737426757812,1.4126850366592407,0.195511132478714,0.16779260337352753,11.767078054021113,29.89097211699106,-3.9223241806030273,1355,27,9,0,,29.88311767578125,OUTBOUND,-25.195205688476562,0.11785869239571056,
1,31.12223243713379,1.4131067991256714,0.14191590249538422,0.16174514591693878,11.780382457014639,29.878813723859636,-3.942305564880371,1356,27,10,0,,6.242625713348389,OUTBOUND,-25.349641799926758,0.09016675268616806,
1,30.837305068969727,1.4135258197784424,11.667579650878906,11.617268562316895,11.79319072200451,29.866695607611216,-3.8398447036743164,1357,27,11,0,,78.86127471923828,OUTBOUND,-25.356595993041992,0.050576884605383746,
1,31.054481506347656,1.413946270942688,5.201907634735107,5.203775405883789,11.806062198011205,29.854597723303637,-3.9273314476013184,1358,27,12,0,,60.68947219848633,OUTBOUND,-25.55133819580078,0.058319538609170433,
1,30.93240737915039,1.4143683910369873,0.22411146759986877,0.23821057379245758,11.8170820880041,29.84247068882719,-3.930375814437866,1359,27,13,0,,15.53152847290039,OUTBOUND,-25.44544792175293,0.06632246611812559,
1,31.030094146728516,1.4147928953170776,0.09095099568367004,0.10624850541353226,11.827654556022026,29.830365298343498,-3.950809955596924,1360,27,14,0,,7.08497428894043,OUTBOUND,-25.48356819152832,0.03346380664289044,
1,30.64838981628418,1.4152183532714844,1.8483288288116455,1.8999525308609009,11.837804030015832,29.81822782429824,-3.9261584281921387,1361,27,15,0,,9.534208297729492,OUTBOUND,-25.146724700927734,0.05395656515663663,
1,30.410972595214844,1.415640950202942,9.193973541259766,8.989068984985352,11.850598164019175,29.806053925990692,-3.841867685317993,1362,27,16,0,,21.973751068115234,OUTBOUND,-25.07322883605957,0.11194821829927369,
1,30.743534088134766,1.4160622358322144,0.20968079566955566,0.2840474545955658,11.862946143024601,29.793853039888987,-3.8731844425201416,1363,27,17,0,,38.768951416015625,OUTBOUND,-25.28685188293457,0.10913302007142416,
1,30.5195369720459,1.4164848327636719,3.165339469909668,3.2577383518218994,11.87111372500658,29.78166866570295,-3.924008369445801,1364,27,18,0,,11.243850708007812,OUTBOUND,-24.96680450439453,0.04802334766042085,
1,30.626220703125,1.4169074296951294,0.24317245185375214,0.2687418460845947,11.880408772005467,29.76953253400876,-3.90022873878479,1365,27,19,0,,47.163822174072266,OUTBOUND,-24.999664306640625,0.015610933953910873,
1,30.58087158203125,1.4173293113708496,8.53930377960205,8.454418182373047,11.889484234998235,29.757370802490524,-3.8830811977386475,1366,27,20,0,,5.048249244689941,OUTBOUND,-25.012073516845703,0.03368748356308025,
1,30.63106346130371,1.4177502393722534,16.101055145263672,15.808272361755371,11.899185278016375,29.745252972085517,-3.875692129135132,1367,27,21,0,,39.242652893066406,OUTBOUND,-25.14257049560547,0.018836867642735226,
1,30.572290420532227,1.4181714057922363,15.3668212890625,15.173833847045898,11.907288934016833,29.733137101162384,-3.90099835395813,1368,27,22,0,,29.548072814941406,OUTBOUND,-25.099836349487305,-0.03500880279046645,
1,30.48911476135254,1.4185943603515625,19.171356201171875,19.133508682250977,11.91608992300462,29.720961537965103,-3.9320924282073975,1369,27,23,0,,50.25873565673828,OUTBOUND,-25.067785263061523,-0.018147755853285652,
1,30.234752655029297,1.419014811515808,7.9224324226379395,7.915754318237305,11.928514299012022,29.70881118827569,-3.8457748889923096,1370,27,24,0,,5.2989821434021,OUTBOUND,-24.913036346435547,0.051138372741758774,
1,30.33519172668457,1.4194365739822388,4.131977558135986,4.112368106842041,11.936621640023077,29.696659153832147,-3.920799970626831,1371,27,25,0,,60.618324279785156,OUTBOUND,-24.800067901611328,0.07479894023929962,
1,30.566320419311523,1.4198594093322754,8.42711067199707,8.39310359954834,11.944736351026222,29.684501343003056,-3.916865348815918,1372,27,26,0,,54.49214553833008,OUTBOUND,-24.9464111328125,0.05319767628966678,
1,30.92337417602539,1.4202828407287598,9.31851863861084,9.158952713012695,11.954884853999829,29.67240123061361,-3.9120397567749023,1373,27,27,0,,37.02505874633789,OUTBOUND,-25.24774932861328,0.013830490660534083,
1,30.73943519592285,1.4207037687301636,3.0728390216827393,3.1528937816619873,11.966261437017238,29.66030703356339,-3.844104766845703,1374,27,28,0,,48.67222595214844,OUTBOUND,-25.07707977294922,-0.009912543853126026,
1,30.977954864501953,1.421124815940857,3.8734405040740967,3.853581666946411,11.975773306010524,29.648182195109705,-3.8948121070861816,1375,27,29,0,,29.32529067993164,OUTBOUND,-25.189210891723633,-0.01097144096624192,
1,31.384519577026367,1.4215447902679443,3.878267765045166,3.8952925205230713,11.988476717000594,29.63603422133895,-3.869791030883789,1376,27,30,0,,7.616835117340088,OUTBOUND,-25.701385498046875,0.010962815383717642,
1,31.19957160949707,1.4219642877578735,0.13553838431835175,0.1699933409690857,11.999220816011075,29.623890664715763,-3.8797171115875244,1377,27,31,0,,8.778393745422363,OUTBOUND,-25.501209259033203,0.042328463774104756,
1,31.360645294189453,1.422384262084961,0.16490592062473297,0.19697920978069305,12.00831738000852,29.611723388129196,-3.8967106342315674,1378,27,32,0,,10.647783279418945,OUTBOUND,-25.658912658691406,0.028281719465748367,
1,31.47337532043457,1.4228051900863647,2.802259922027588,2.8595938682556152,12.016609808022622,29.599513172063435,-3.913147211074829,1379,27,33,0,,47.659828186035156,OUTBOUND,-25.84572982788086,-0.020500682770450952,
1,31.46087074279785,1.423227071762085,3.173201084136963,3.2537341117858887,12.026249647024088,29.58728604040856,-3.9106967449188232,1380,27,34,0,,51.57820510864258,OUTBOUND,-25.930152893066406,-0.037974176927078496,
1,31.564889907836914,1.4236481189727783,0.14965948462486267,0.15597112476825714,12.034986276004929,29.57504941018752,-3.8726375102996826,1381,27,35,0,,18.66611671447754,OUTBOUND,-26.101293563842773,-0.04699594005681149,
1,31.31044578552246,1.4240680932998657,19.97394371032715,19.851858139038086,12.04329520801548,29.562795254015505,-3.869845390319824,1382,27,36,0,,105.9347915649414,OUTBOUND,-26.031734466552734,-0.09636436168355307,
1,30.953655242919922,1.4244879484176636,6.335392475128174,6.1924943923950195,12.051653386006365,29.550521052077883,-3.8876609802246094,1383,27,37,0,,6.3370041847229,OUTBOUND,-25.61905860900879,-0.10842917464584331,
1,31.025177001953125,1.4249085187911987,7.992253303527832,7.912656784057617,12.060267082997598,29.538222430675088,-3.901061534881592,1384,27,38,0,,9.541003227233887,OUTBOUND,-25.63329315185547,-0.12337817686968686,
1,30.869626998901367,1.4253308773040771,0.44994181394577026,0.48668867349624634,12.069598137022695,29.525870296470924,-3.9271576404571533,1385,27,39,0,,64.41999816894531,OUTBOUND,-25.308073043823242,-0.16749402237164723,
1,30.93352508544922,1.4257529973983765,3.2561230659484863,3.314629554748535,12.077850932022557,29.513485096281848,-3.88826322555542,1386,27,40,0,,54.85645294189453,OUTBOUND,-25.3546199798584,-0.19432984263550984,
1,30.78862953186035,1.4261757135391235,10.151137351989746,10.054032325744629,12.086153563024709,29.501051851911598,-3.9039676189422607,1387,27,41,0,,8.029354095458984,OUTBOUND,-25.19231605529785,-0.18190416018118633,
1,31.018360137939453,1.4266005754470825,0.6172172427177429,0.6697778105735779,12.096271775022615,29.48862854976088,-3.937445878982544,1388,27,42,0,,68.87275695800781,FAILURE,-25.261680603027344,-0.1405938362927843,
1,31.20669174194336,1.427024006843567,18.062057495117188,18.024633407592773,12.107357460015919,29.98797556328484,-3.8692381381988525,1389,28,1,0,,44.96156692504883,OUTBOUND,-25.63028335571289,0.009614550084315379,
1,30.96446990966797,1.4274479150772095,3.675365686416626,3.6898066997528076,12.11822955700336,29.975881882373514,-3.9015417098999023,1390,28,2,0,,26.82750129699707,OUTBOUND,-25.31082534790039,0.04200518340314588,
1,31.298852920532227,1.4278749227523804,16.97437858581543,16.75360870361328,12.130911432002904,29.96379703197516,-3.962397575378418,1391,28,3,0,,35.85102844238281,OUTBOUND,-25.64136505126953,0.08932079238640846,
1,31.11221694946289,1.428299903869629,11.473857879638672,11.424131393432617,12.14080485800514,29.9516775550151,-3.8564772605895996,1392,28,4,0,,4.7905683517456055,OUTBOUND,-25.57791519165039,0.12871304396799893,
1,30.99651527404785,1.4287245273590088,12.335333824157715,12.196779251098633,12.149237705016276,29.939529056795635,-3.8901305198669434,1393,28,5,0,,19.95402717590332,OUTBOUND,-25.464401245117188,0.11769725385349086,
1,31.392845153808594,1.429152250289917,12.52709674835205,12.361395835876465,12.159585771005368,29.927400494716753,-3.9621689319610596,1394,28,6,0,,3.8349008560180664,OUTBOUND,-25.748483657836914,0.11275695874659711,
1,31.280487060546875,1.4295812845230103,7.265045166015625,7.304598808288574,12.172945815022103,29.915263322650024,-3.9268336296081543,1395,28,7,0,,14.59512710571289,OUTBOUND,-25.655954360961914,0.13547410173832752,
1,31.23194122314453,1.4300097227096558,8.35322093963623,8.384771347045898,12.181925297016278,29.903068575546143,-3.8932008743286133,1396,28,8,0,,5.820597171783447,OUTBOUND,-25.66670036315918,0.11413661936461006,
1,31.358097076416016,1.43044114112854,5.324081897735596,5.26541805267334,12.194641351001337,29.890929703054532,-3.965451955795288,1397,28,9,0,,22.741973876953125,OUTBOUND,-25.649599075317383,0.053670498095422986,
1,31.320404052734375,1.4308706521987915,4.13779354095459,4.2266845703125,12.204163241025526,29.878817586112238,-3.8680243492126465,1398,28,10,0,,35.927879333496094,OUTBOUND,-25.700944900512695,0.04556379376842726,
1,31.27771759033203,1.4312999248504639,9.875225067138672,9.899755477905273,12.211923392023891,29.866675580125555,-3.899937152862549,1399,28,11,0,,12.01789379119873,OUTBOUND,-25.63833236694336,0.0793860023265055,
1,31.612831115722656,1.4317315816879272,0.4046995937824249,0.44975024461746216,12.220432778005488,29.854553466590023,-3.9549927711486816,1400,28,12,0,,64.14282989501953,OUTBOUND,-25.80385971069336,0.07240960026920083,
1,31.864585876464844,1.432161808013916,11.855229377746582,11.784004211425781,12.231993182998849,29.842459263282244,-3.8791141510009766,1401,28,13,0,,37.736732482910156,OUTBOUND,-26.224960327148438,0.04298610592381289,
1,31.775087356567383,1.4325933456420898,4.160948753356934,4.180981159210205,12.244763231021352,29.830323854038248,-3.9328925609588623,1402,28,14,0,,2.8731250762939453,OUTBOUND,-26.054603576660156,0.020114677552923205,
1,31.593032836914062,1.43302583694458,8.863786697387695,8.771414756774902,12.25786347000394,29.818180804570346,-3.92476224899292,1403,28,15,0,,41.42442321777344,OUTBOUND,-25.995325088500977,0.01670302373206473,
1,31.897584915161133,1.433458685874939,0.25420743227005005,0.27509620785713196,12.271889218012802,29.80605405733673,-3.9208803176879883,1404,28,16,0,,31.678041458129883,OUTBOUND,-26.228683471679688,0.046757404059489735,
1,31.572471618652344,1.4338902235031128,7.052613735198975,7.032009124755859,12.282323313003872,29.793892550315654,-3.8787806034088135,1405,28,17,0,,26.91714859008789,OUTBOUND,-26.00323486328125,0.06460255865283565,
1,31.888216018676758,1.4343233108520508,0.28011149168014526,0.31074315309524536,12.290407209016848,29.781780318306115,-3.9419431686401367,1406,28,18,0,,38.49542236328125,OUTBOUND,-26.1636905670166,0.06879314958986686,
1,31.936838150024414,1.4347578287124634,0.1881905496120453,0.18941344320774078,12.299431029008701,29.76964430403319,-3.9390454292297363,1407,28,19,0,,26.574092864990234,OUTBOUND,-26.192506790161133,0.06548519243446504,
1,31.80704116821289,1.4351903200149536,10.404294967651367,10.381660461425781,12.30801902001258,29.757523023104227,-3.8705966472625732,1408,28,20,0,,25.783023834228516,OUTBOUND,-26.211627960205078,0.06537890495876071,
1,31.810409545898438,1.435625433921814,18.529348373413086,18.392738342285156,12.315863974014064,29.74537529420962,-3.963620185852051,1409,28,21,0,,71.75389862060547,OUTBOUND,-26.208251953125,0.07244144683674925,
1,31.578144073486328,1.436058759689331,12.936460494995117,12.7958984375,12.324039977014763,29.73322738911706,-3.874009609222412,1410,28,22,0,,40.12092971801758,OUTBOUND,-26.140640258789062,0.10509943229475589,
1,31.30531883239746,1.436493158340454,12.49324893951416,12.412054061889648,12.33563469100045,29.72106216094338,-3.933607339859009,1411,28,23,0,,13.860816955566406,OUTBOUND,-25.816082000732422,0.13586732563417497,
1,31.525169372558594,1.4369271993637085,0.5695328712463379,0.6129114627838135,12.347300618013833,29.708874827817212,-3.903937816619873,1412,28,24,0,,79.94500732421875,OUTBOUND,-25.925390243530273,0.12302291819608926,
1,31.507110595703125,1.4373606443405151,9.289100646972656,9.155197143554688,12.355647935008164,29.696674757683983,-3.8969955444335938,1413,28,25,0,,35.469154357910156,OUTBOUND,-25.86854362487793,0.1137365821430416,
1,31.865589141845703,1.43779456615448,0.5057777166366577,0.5353860855102539,12.366707258013776,29.68444657929704,-3.9188342094421387,1414,28,26,0,,63.30437088012695,OUTBOUND,-26.080705642700195,0.14256954513199335,
1,31.577348709106445,1.438227891921997,14.242842674255371,14.174468994140625,12.37798249401385,29.6721872023226,-3.898193836212158,1415,28,27,0,,20.08077049255371,OUTBOUND,-25.863513946533203,0.1425821873125202,
1,31.99656867980957,1.4386603832244873,14.017745018005371,13.884195327758789,12.389717369020218,29.660001327958053,-3.888746738433838,1416,28,28,0,,26.41790199279785,OUTBOUND,-26.37254524230957,0.12473337228306156,
1,31.88531494140625,1.4390898942947388,11.617513656616211,11.577908515930176,12.400955173012335,29.647834774713203,-3.842072010040283,1417,28,29,0,,14.46733570098877,OUTBOUND,-26.3150634765625,0.12449105650147366,
1,31.902999877929688,1.439520239830017,15.059247016906738,15.037753105163574,12.413286627997877,29.635641256222943,-3.9186415672302246,1418,28,30,0,,43.692283630371094,OUTBOUND,-26.326587677001953,0.08483718636179123,
1,32.09259796142578,1.4399511814117432,3.7887816429138184,3.8455183506011963,12.424679834017297,29.62354438240067,-3.9119646549224854,1419,28,31,0,,27.9166202545166,OUTBOUND,-26.453386306762695,0.05834336255042853,
1,31.867965698242188,1.4403833150863647,14.550710678100586,14.384798049926758,12.43680963802035,29.611469808001814,-3.9263548851013184,1420,28,32,0,,23.171390533447266,OUTBOUND,-26.260948181152344,0.060639788175827276,
1,31.727035522460938,1.440816044807434,16.901077270507812,16.817564010620117,12.44774062401848,29.599382699996838,-3.9174320697784424,1421,28,33,0,,34.72983932495117,OUTBOUND,-26.13697052001953,0.06889702161637047,
1,31.772369384765625,1.4412493705749512,0.5583616495132446,0.6035615801811218,12.45774266301305,29.587242260071832,-3.917998790740967,1422,28,34,0,,83.2313003540039,OUTBOUND,-26.075702667236328,0.05892332621646707,
1,31.8006534576416,1.4416828155517578,0.5434011220932007,0.5547081232070923,12.466357110999525,29.57516247459667,-3.9104676246643066,1423,28,35,0,,67.61637115478516,OUTBOUND,-26.00139617919922,0.04162409580696212,
1,31.819337844848633,1.4421170949935913,16.854042053222656,16.63763999938965,12.474903277005069,29.563058264154115,-3.9197096824645996,1424,28,36,0,,24.81134033203125,OUTBOUND,-26.081439971923828,0.01905005493134393,
1,32.41646194458008,1.4425506591796875,0.26402896642684937,0.2461114227771759,12.484224884014111,29.55099477367927,-3.8969032764434814,1425,28,37,0,,48.38105010986328,OUTBOUND,-26.6297607421875,-0.009240549408726198,
1,32.49116897583008,1.442983627319336,7.012236595153809,7.123925685882568,12.495907363016158,29.5388708433938,-3.8895914554595947,1426,28,38,0,,27.424819946289062,OUTBOUND,-26.7540225982666,0.010709866814470255,
1,32.386260986328125,1.443418025970459,4.781279563903809,4.690535068511963,12.506503898999654,29.52677679233567,-3.934863567352295,1427,28,39,0,,16.980998992919922,OUTBOUND,-26.63339614868164,0.0647844331033392,
1,32.487457275390625,1.4438505172729492,12.357624053955078,12.29117202758789,12.516110652009957,29.51465416370971,-3.868126392364502,1428,28,40,0,,42.72300720214844,OUTBOUND,-26.90898323059082,0.0670242882675673,
1,32.536720275878906,1.4442827701568604,4.606748580932617,4.639996528625488,12.527349491021596,29.50256494159278,-3.8952267169952393,1429,28,41,0,,11.394577026367188,OUTBOUND,-26.931455612182617,0.05809258377314496,
1,32.568077087402344,1.4447141885757446,0.1833438128232956,0.19992102682590485,12.536194119020365,29.490428364629697,-3.8866753578186035,1430,28,42,0,,22.635543823242188,OUTBOUND,-26.944049835205078,0.05071094728415162,
1,32.538936614990234,1.4451472759246826,0.20573770999908447,0.24456240236759186,12.546354555001017,29.478316993384933,-3.9346585273742676,1431,28,43,0,,27.731096267700195,OUTBOUND,-26.79578399658203,0.055568993061460306,
1,32.707275390625,1.445581316947937,4.461814880371094,4.548328876495361,12.55693867901573,29.466182807037388,-3.9199373722076416,1432,28,44,0,,10.2702054977417,OUTBOUND,-26.98637580871582,0.11786812007273773,
1,32.741676330566406,1.446014642715454,0.12035728991031647,0.13675729930400848,12.565902974019991,29.454019663288378,-3.892972469329834,1433,28,45,0,,5.885324001312256,OUTBOUND,-27.082509994506836,0.17808309960423996,
1,32.72450256347656,1.446447730064392,14.589700698852539,14.607980728149414,12.574122240010183,29.441821529379837,-3.896125316619873,1434,28,46,0,,69.5818862915039,OUTBOUND,-27.15645980834961,0.2098031011919552,
1,32.35804748535156,1.4468810558319092,15.647675514221191,15.481353759765625,12.583067043015035,29.429575784592807,-3.909482479095459,1435,28,47,0,,64.42572021484375,OUTBOUND,-26.85788917541504,0.19281833626337122,
1,32.18967056274414,1.4473161697387695,9.290059089660645,9.170275688171387,12.592602117016213,29.417394249795674,-3.9375815391540527,1436,28,48,0,,12.506841659545898,OUTBOUND,-26.666215896606445,0.14428990244714854,
1,31.954147338867188,1.4477509260177612,21.493825912475586,21.293121337890625,12.600552361021983,29.405238511761638,-3.899819850921631,1437,28,49,0,,34.818450927734375,OUTBOUND,-26.514488220214844,0.12068670174729017,
1,32.187862396240234,1.4481871128082275,0.6730810403823853,0.6904329061508179,12.608876626007259,29.39308803267821,-3.9366140365600586,1438,28,50,0,,93.8073501586914,OUTBOUND,-26.504833221435547,0.1412609599413606,
1,31.984390258789062,1.4486207962036133,0.9877089858055115,0.9771658778190613,12.617766339011723,29.38091076420015,-3.8510148525238037,1439,28,51,0,,93.08546447753906,OUTBOUND,-26.285717010498047,0.17760414397181304,
1,32.4315185546875,1.4490538835525513,5.028078079223633,5.094534873962402,12.62869439800852,29.36872051078218,-3.8931643962860107,1440,28,52,0,,61.09259796142578,OUTBOUND,-26.564889907836914,0.1961719540000146,
1,32.56996154785156,1.4494870901107788,5.048877239227295,4.959730625152588,12.638276955025503,29.356563771151734,-3.8996450901031494,1441,28,53,0,,35.09544372558594,OUTBOUND,-26.64420509338379,0.2244578860754349,
1,32.81593704223633,1.4499216079711914,9.049427032470703,8.994536399841309,12.647260067024035,29.344369721396415,-3.9314517974853516,1442,28,54,0,,11.429352760314941,OUTBOUND,-26.921062469482422,0.25591373654241534,
1,32.71288299560547,1.4503566026687622,6.098027229309082,6.121273040771484,12.65925001600408,29.332193989284374,-3.9107155799865723,1443,28,55,0,,16.085369110107422,OUTBOUND,-26.85508918762207,0.22820877191157052,
1,32.927886962890625,1.4507919549942017,17.72785758972168,17.479202270507812,12.6722421660088,29.320069670812284,-3.913339614868164,1444,28,56,0,,104.52920532226562,OUTBOUND,-27.25313377380371,0.20670635984728064,
1,33.19248580932617,1.451228141784668,0.25868016481399536,0.278323769569397,12.685393027000828,29.3079150862683,-3.9198129177093506,1445,28,57,0,,10.925802230834961,OUTBOUND,-27.478343963623047,0.22705160327222443,
1,32.78315353393555,1.4516652822494507,3.2528162002563477,3.2320213317871094,12.694537594012218,29.29572031737974,-3.924764633178711,1446,28,58,0,,18.218244552612305,OUTBOUND,-27.08983612060547,0.24299747851574321,
1,33.07913589477539,1.4521032571792603,12.715991973876953,12.599117279052734,12.70350264100125,29.283499448005543,-3.9288156032562256,1447,28,59,0,,51.41646194458008,OUTBOUND,-27.435182571411133,0.21201493054259163,
1,32.79278564453125,1.4525405168533325,4.601548671722412,4.686575889587402,12.71145486200112,29.271353330441393,-3.89239239692688,1448,28,60,0,,11.056215286254883,OUTBOUND,-27.245187759399414,0.185988582793021,
1,32.54636764526367,1.452978253364563,18.87107276916504,18.65287971496582,12.723744093003916,29.25919318485557,-3.9153642654418945,1449,28,61,0,,64.8048324584961,OUTBOUND,-27.05691909790039,0.22769423434418992,
1,32.37901306152344,1.4534164667129517,7.147106647491455,7.055667877197266,12.733465327008162,29.24698770861931,-3.9194483757019043,1450,28,62,0,,45.27582931518555,OUTBOUND,-26.815019607543945,0.28729947517810217,
1,32.85267639160156,1.453853964805603,0.5206143260002136,0.5686123967170715,12.742981389019405,29.234730979906434,-3.8945600986480713,1451,28,63,0,,80.6739730834961,OUTBOUND,-27.169811248779297,0.3363578351513117,
1,32.32310485839844,1.4542913436889648,12.053503036499023,12.0003080368042,12.752082569000777,29.222496396606306,-3.901860237121582,1452,28,64,0,,19.97884750366211,OUTBOUND,-26.587081909179688,0.36192205408871475,
1,32.888824462890625,1.454728603363037,8.916358947753906,8.87778091430664,12.762983054999495,29.210245281290067,-3.9069972038269043,1453,28,65,0,,17.395763397216797,OUTBOUND,-27.135822296142578,0.3516660025723404,
1,33.06475830078125,1.455165147781372,0.5719537138938904,0.5857316255569458,12.77122897101799,29.19795770686144,-3.888885498046875,1454,28,66,0,,83.31311798095703,OUTBOUND,-27.204917907714844,0.3801272570539226,
1,33.27503204345703,1.4556025266647339,0.39076170325279236,0.3804839849472046,12.77895283899852,29.185630768315676,-3.9218318462371826,1455,28,67,0,,53.868282318115234,FAILURE,-27.339969635009766,-9.550626551676002,
1,33.36317825317383,1.4560402631759644,7.397303104400635,7.475973129272461,12.790531448001275,29.987980964281956,-3.91274356842041,1456,29,1,0,,27.98750877380371,OUTBOUND,-27.46128273010254,-0.011548488660734515,
1,33.41283416748047,1.456477403640747,4.47168493270874,4.4952616691589355,12.798642629000824,29.975943136118197,-3.893200159072876,1457,29,2,0,,22.681577682495117,OUTBOUND,-27.60595703125,-0.015003966127629461,
1,33.424137115478516,1.4569156169891357,11.402278900146484,11.457296371459961,12.806639890011866,29.963854467538404,-3.9281821250915527,1458,29,3,0,,99.69300079345703,OUTBOUND,-27.724525451660156,-0.011431994081067792,
1,33.345497131347656,1.457356333732605,15.143363952636719,15.03856372833252,12.815182651014766,29.951719040617277,-3.9585673809051514,1459,29,4,0,,83.04047393798828,OUTBOUND,-27.736995697021484,-0.04014348772962353,
1,32.98301315307617,1.4577932357788086,7.449242115020752,7.42113733291626,12.828111839015037,29.939615246099674,-3.8297061920166016,1460,29,5,0,,32.01863098144531,OUTBOUND,-27.59195899963379,-0.06012333992204631,
1,32.66613006591797,1.4582301378250122,13.22128677368164,12.88491153717041,12.837526552000782,29.927469799827303,-3.906358003616333,1461,29,6,0,,26.31228256225586,OUTBOUND,-27.14118766784668,-0.033156181618878566,
1,32.64070510864258,1.458666205406189,0.6772116422653198,0.8214945793151855,12.846260142017854,29.915382062093784,-3.8834896087646484,1462,29,7,0,,93.94587707519531,OUTBOUND,-27.035327911376953,-0.03331381705054632,
1,33.185943603515625,1.459101915359497,0.5886633396148682,0.7100756168365479,12.85626990502351,29.903293437689168,-3.8919661045074463,1463,29,8,0,,91.08220672607422,OUTBOUND,-27.422121047973633,-0.04616742916172212,
1,33.0518798828125,1.4595378637313843,17.39865493774414,16.954692840576172,12.867105488025118,29.89118922903785,-3.9061193466186523,1464,29,9,0,,8.014435768127441,OUTBOUND,-27.282438278198242,-0.01395667575924839,
1,32.95293426513672,1.4599735736846924,28.129581451416016,27.768152236938477,12.880213857017225,29.879075032109938,-3.8959600925445557,1465,29,10,0,,76.91327667236328,OUTBOUND,-27.321157455444336,-0.011990514333677225,
1,33.040443420410156,1.4604114294052124,0.7011616230010986,0.7791035175323486,12.893324572010897,29.866954244760734,-3.943528890609741,1466,29,11,0,,92.90203857421875,OUTBOUND,-27.20366096496582,-0.06660230334357878,
1,33.42869567871094,1.4608490467071533,4.970700263977051,5.016752243041992,12.902095879020635,29.85481884969821,-3.8958146572113037,1467,29,12,0,,40.8824462890625,OUTBOUND,-27.56957244873047,-0.07187647018458883,
1,33.27156448364258,1.461287260055542,13.429264068603516,13.354500770568848,12.910233141010394,29.84274194424352,-3.917536735534668,1468,29,13,0,,17.787399291992188,OUTBOUND,-27.43334197998047,-0.06196738208172017,
1,33.72184753417969,1.4617258310317993,0.19951827824115753,0.17842978239059448,12.919007350021275,29.83062271204423,-3.913161039352417,1469,29,14,0,,38.25749206542969,OUTBOUND,-27.826255798339844,-0.05470150467503039,
1,33.291748046875,1.462165355682373,18.802587509155273,18.561647415161133,12.929870849009603,29.818501103785074,-3.9221620559692383,1470,29,15,0,,51.8447151184082,OUTBOUND,-27.485506057739258,-0.021613336747562543,
1,33.74032211303711,1.4626051187515259,3.4193153381347656,3.3836781978607178,12.940428682020865,29.806349956831106,-3.9106669425964355,1471,29,16,0,,9.000565528869629,OUTBOUND,-27.96175765991211,0.005044727765864913,
1,33.3427848815918,1.4630439281463623,0.28479647636413574,0.3309547007083893,12.950716189021477,29.794163637096027,-3.885716199874878,1472,29,17,0,,37.61675262451172,OUTBOUND,-27.54611587524414,-0.006985697574012151,
1,33.62278747558594,1.4634833335876465,0.1748800277709961,0.22211113572120667,12.96287515401491,29.78198910686088,-3.915358781814575,1473,29,18,0,,13.274542808532715,OUTBOUND,-27.797264099121094,-0.025577720054738916,
1,34.05385208129883,1.463922381401062,5.280232906341553,5.141630172729492,12.971420056011993,29.769773611440414,-3.9004433155059814,1474,29,19,0,,35.76959228515625,OUTBOUND,-28.28154182434082,-0.0242876668473008,
1,33.875179290771484,1.4643621444702148,0.10762597620487213,0.13479101657867432,12.981039012025576,29.757598444645875,-3.914822816848755,1475,29,20,0,,7.177543640136719,OUTBOUND,-28.07200050354004,-0.01429696599586706,
1,33.939292907714844,1.464800238609314,3.3031623363494873,3.3026351928710938,12.990668948012171,29.745358874139193,-3.8721868991851807,1476,29,21,0,,29.898908615112305,OUTBOUND,-28.26317024230957,0.039581547509764795,
1,33.879642486572266,1.4652382135391235,11.076798439025879,10.826528549194336,12.999621285998728,29.733157881072756,-3.9001431465148926,1477,29,22,0,,54.6915168762207,OUTBOUND,-28.24609375,0.07628061184674617,
1,34.002540588378906,1.4656767845153809,0.17061418294906616,0.203103169798851,13.00805493502412,29.720950898021844,-3.9103174209594727,1478,29,23,0,,6.254763603210449,OUTBOUND,-28.298669815063477,0.06449842200528376,
1,33.71016311645508,1.4661153554916382,0.18113946914672852,0.2287108302116394,13.016465930006234,29.708701762175316,-3.9028916358947754,1479,29,24,0,,16.365591049194336,OUTBOUND,-28.02467155456543,0.06522825289663965,
1,33.781314849853516,1.4665528535842896,15.276780128479004,15.106943130493164,13.027799603005406,29.696408463335622,-3.8799526691436768,1480,29,25,0,,58.86262893676758,OUTBOUND,-28.213476181030273,0.07362957117668747,
1,33.4754638671875,1.4669913053512573,2.7126877307891846,2.6780691146850586,13.037183333013672,29.684060072699076,-3.9199166297912598,1481,29,26,0,,18.929529190063477,OUTBOUND,-27.82550621032715,0.09459705138279012,
1,33.2257194519043,1.4674315452575684,16.724925994873047,16.631019592285156,13.048052894999273,29.67168270146699,-3.9340994358062744,1482,29,27,0,,27.635833740234375,OUTBOUND,-27.588356018066406,0.1369403180140535,
1,33.09357452392578,1.4678720235824585,30.762271881103516,30.78832244873047,13.060783008026192,29.65929227854343,-3.910257339477539,1483,29,28,0,,74.22106170654297,OUTBOUND,-27.545873641967773,0.1391667204161084,
1,33.300376892089844,1.4683114290237427,12.886099815368652,12.527214050292969,13.070172122010263,29.646952928178578,-3.8833656311035156,1484,29,29,0,,23.80948829650879,OUTBOUND,-27.72581672668457,0.13278469632766213,
1,32.702545166015625,1.4687516689300537,29.508846282958984,29.340606689453125,13.078891290002503,29.634585074060976,-3.917600154876709,1485,29,30,0,,70.55602264404297,OUTBOUND,-27.17463493347168,0.14298648186513518,
1,32.98589324951172,1.469191551208496,13.726271629333496,13.644981384277344,13.08718417500495,29.622202156628298,-3.8970236778259277,1486,29,31,0,,87.40985870361328,OUTBOUND,-27.323322296142578,0.14128889173915288,
1,33.207542419433594,1.4696310758590698,14.165372848510742,14.046175003051758,13.097753335023299,29.609782482313094,-3.8953490257263184,1487,29,32,0,,101.83379364013672,OUTBOUND,-27.403963088989258,0.10459613106250097,
1,33.027015686035156,1.4700703620910645,14.631223678588867,14.496814727783203,13.106741541007068,29.597376498771716,-3.892665386199951,1488,29,33,0,,82.29061126708984,OUTBOUND,-27.110214233398438,0.05357112811199859,
1,33.23813247680664,1.4705075025558472,12.120418548583984,12.018311500549316,13.115069878025679,29.58502035119106,-3.859609365463257,1489,29,34,0,,90.61625671386719,OUTBOUND,-27.249568939208984,0.034351182212842876,
1,33.8780403137207,1.470943570137024,13.829605102539062,13.512203216552734,13.124117393017514,29.572642974369597,-3.8711671829223633,1490,29,35,0,,26.519149780273438,OUTBOUND,-27.86709976196289,0.028508346228545253,
1,33.88785934448242,1.4713804721832275,0.5568970441818237,0.5464878678321838,13.136109662998933,29.560235717707673,-3.9102354049682617,1491,29,36,0,,64.99359130859375,OUTBOUND,-27.75934600830078,-0.00037556795864330964,
1,34.334293365478516,1.4718153476715088,0.19970527291297913,0.24575018882751465,13.144206955999834,29.54780728042719,-3.854198455810547,1492,29,37,0,,16.75067710876465,OUTBOUND,-28.29584312438965,-0.0180972506688219,
1,34.894195556640625,1.4722483158111572,0.24939216673374176,0.28204041719436646,13.1518541710102,29.53535060997853,-3.849562406539917,1493,29,38,0,,30.137460708618164,OUTBOUND,-28.9212646484375,-0.024518880805180727,
1,35.43901443481445,1.4726836681365967,11.355188369750977,11.451431274414062,13.16056801599916,29.522956261192512,-3.934006690979004,1494,29,39,0,,136.3040771484375,OUTBOUND,-29.544775009155273,-0.05778076384619069,
1,34.630271911621094,1.473119854927063,16.777196884155273,16.700647354125977,13.169525592005812,29.51052599989167,-3.9090893268585205,1495,29,40,0,,139.55641174316406,OUTBOUND,-28.939342498779297,-0.058674034465700166,
1,34.62301254272461,1.4735548496246338,0.38806718587875366,0.39905059337615967,13.177191542024957,29.498091362396394,-3.8647189140319824,1496,29,41,0,,57.92133712768555,OUTBOUND,-29.068206787109375,-0.028079492196366077,
1,34.646480560302734,1.473991870880127,0.3421610891819,0.32625555992126465,13.184947550005745,29.485652631876572,-3.933600425720215,1497,29,42,0,,38.638614654541016,OUTBOUND,-29.00720977783203,0.0032761932623725527,
1,34.35358810424805,1.4744294881820679,15.616065979003906,15.412395477294922,13.194277831004001,29.473280388895265,-3.903308391571045,1498,29,43,0,,85.02532196044922,OUTBOUND,-28.91220474243164,0.019761198292267745,
1,33.797725677490234,1.474866509437561,7.505696773529053,7.323254585266113,13.203606084018247,29.460825575788643,-3.884119749069214,1499,29,44,0,,6.455135345458984,FAILURE,-28.318069458007812,-9.976956593072815,
1,33.81155776977539,1.4753023386001587,11.178935050964355,10.877388954162598,13.216022349020932,29.987984858059196,-3.8664169311523438,1500,30,1,0,,10.272984504699707,OUTBOUND,-28.311607360839844,0.011963558752041902,
1,33.55034255981445,1.4757366180419922,7.652495384216309,7.4605631828308105,13.227885849017184,29.975923994270577,-3.858806848526001,1501,30,2,0,,61.79560852050781,OUTBOUND,-27.989727020263672,0.0033386389084751,
1,33.40329360961914,1.4761714935302734,8.9672269821167,8.86783218383789,13.23699604702415,29.963896998187515,-3.8969473838806152,1502,30,3,0,,76.24066925048828,OUTBOUND,-27.651487350463867,-0.045206756243653244,
1,33.52911376953125,1.4766044616699219,3.731663227081299,3.663769483566284,13.245943147019716,29.95180546900349,-3.8486294746398926,1503,30,4,0,,91.76255798339844,OUTBOUND,-27.74908447265625,-0.07608673249730027,
1,33.87737274169922,1.4770376682281494,4.105079650878906,4.0580010414123535,13.259071147011127,29.939684109226377,-3.886528968811035,1504,30,5,0,,83.41809844970703,OUTBOUND,-27.8902530670166,-0.06683354504979347,
1,34.008392333984375,1.477469801902771,16.924501419067383,16.720945358276367,13.271757609007182,29.927544512096052,-3.8615474700927734,1505,30,6,0,,20.282970428466797,OUTBOUND,-28.135351181030273,-0.030576333187719684,
1,34.24418640136719,1.4779036045074463,5.5705766677856445,5.6619415283203125,13.280371259024832,29.91550414926996,-3.913649797439575,1506,30,7,0,,30.16156768798828,OUTBOUND,-28.236248016357422,-0.013723828556052576,
1,34.17068099975586,1.4783381223678589,13.907235145568848,13.90052318572998,13.293386335019022,29.903420816310085,-3.900810956954956,1507,30,8,0,,40.83816146850586,OUTBOUND,-28.254108428955078,-0.04769046491726931,
1,34.414459228515625,1.4787720441818237,10.989813804626465,10.889049530029297,13.306792666000547,29.89129351264924,-3.870396137237549,1508,30,9,0,,38.780696868896484,OUTBOUND,-28.630104064941406,-0.10851042125803119,
1,34.76197814941406,1.4792062044143677,8.806258201599121,8.800191879272461,13.319218016025843,29.879112710217367,-3.8890292644500732,1509,30,10,0,,44.9557991027832,OUTBOUND,-29.028430938720703,-0.12199227646426838,
1,34.07318115234375,1.4796421527862549,12.372869491577148,12.32266902923584,13.331963032018393,29.86690893149174,-3.9223878383636475,1510,30,11,0,,56.31231689453125,OUTBOUND,-28.353557586669922,-0.10903144298267828,
1,34.07016372680664,1.4800798892974854,0.48387300968170166,0.5631017684936523,13.344398475019261,29.854768707689583,-3.9224612712860107,1511,30,12,0,,49.68791580200195,OUTBOUND,-28.272918701171875,-0.12792919266102507,
1,34.598636627197266,1.4805192947387695,9.160027503967285,9.198169708251953,13.355297817004612,29.84257191481939,-3.9254872798919678,1512,30,13,0,,28.151887893676758,OUTBOUND,-28.82438087463379,-0.13266319470820645,
1,34.42607498168945,1.4809590578079224,0.308552622795105,0.34546607732772827,13.364356794016203,29.83042168761416,-3.899722099304199,1513,30,14,0,,49.7721061706543,OUTBOUND,-28.648696899414062,-0.1129767361382071,
1,34.6657829284668,1.4814003705978394,5.565216541290283,5.543398857116699,13.375449935003417,29.81824273940525,-3.927201986312866,1514,30,15,0,,11.19094467163086,OUTBOUND,-28.831806182861328,-0.1433169811465749,
1,34.44339370727539,1.481842279434204,22.098331451416016,22.052392959594727,13.3858838690212,29.805987288976162,-3.909407615661621,1515,30,16,0,,65.25946807861328,OUTBOUND,-28.710411071777344,-0.13705159491051822,
1,34.26910400390625,1.482284426689148,8.000314712524414,7.973790645599365,13.39781641101581,29.793807937905033,-3.9023585319519043,1516,30,17,0,,5.83962345123291,OUTBOUND,-28.529390335083008,-0.06267243469819672,
1,34.608604431152344,1.4827276468276978,5.699830055236816,5.6876020431518555,13.407133922999492,29.781655525577946,-3.9205825328826904,1517,30,18,0,,37.23992919921875,OUTBOUND,-28.802078247070312,-0.04066095114033535,
1,34.26346969604492,1.4831725358963013,6.850383758544922,6.921822547912598,13.41625095999916,29.76944081247028,-3.935633659362793,1518,30,19,0,,30.91464614868164,OUTBOUND,-28.401914596557617,-0.0676527610742919,
1,34.76142501831055,1.4836199283599854,5.820495128631592,5.654069423675537,13.424823219014797,29.75729443364389,-3.9531362056732178,1519,30,20,0,,27.324729919433594,OUTBOUND,-28.828569412231445,-0.10860456250320932,
1,34.64574432373047,1.4840666055679321,6.468669891357422,6.321293830871582,13.435571084002731,29.745112995265615,-3.8954544067382812,1520,30,21,0,,11.831151962280273,OUTBOUND,-28.77047348022461,-0.12655430464202083,
1,34.71034240722656,1.4845142364501953,5.769538402557373,5.7943925857543945,13.444561846001307,29.73294158235584,-3.923121452331543,1521,30,22,0,,25.20790672302246,OUTBOUND,-28.771778106689453,-0.07706854140078775,
1,34.865543365478516,1.4849607944488525,12.89749526977539,12.818243026733398,13.452884072001325,29.720826734707387,-3.8899266719818115,1522,30,23,0,,5.879141807556152,OUTBOUND,-28.999439239501953,-0.05683023089875165,
1,34.464717864990234,1.485407829284668,8.887024879455566,8.967108726501465,13.462748049001675,29.708663733119746,-3.912867546081543,1523,30,24,0,,11.199324607849121,OUTBOUND,-28.552640914916992,-0.0427653401380208,
1,34.588409423828125,1.4858546257019043,3.097100257873535,3.0448272228240967,13.471864815015579,29.696533019396533,-3.90305757522583,1524,30,25,0,,24.8297176361084,OUTBOUND,-28.709138870239258,-0.01481512588441559,
1,35.25658416748047,1.486302375793457,0.1994822919368744,0.24635696411132812,13.48015009102528,29.68438714573197,-3.9236221313476562,1525,30,26,0,,18.788602828979492,OUTBOUND,-29.3015079498291,0.00525612559674136,
1,35.346649169921875,1.4867500066757202,0.3235098123550415,0.3451943099498749,13.487947623012587,29.672223679816998,-3.9052908420562744,1526,30,27,0,,4.591935634613037,OUTBOUND,-29.42717170715332,0.06820956684591217,
1,34.714935302734375,1.4871951341629028,15.317853927612305,14.986474990844727,13.498290651012212,29.660006872897423,-3.858457326889038,1527,30,28,0,,79.7430648803711,OUTBOUND,-28.98651885986328,0.07918246541268571,
1,34.90363693237305,1.4876424074172974,26.542829513549805,26.25830078125,13.511053043010179,29.647822424318143,-3.941779136657715,1528,30,29,0,,106.00849151611328,OUTBOUND,-29.220706939697266,0.07517825184539394,
1,34.91218948364258,1.488091230392456,3.9273359775543213,3.871790885925293,13.523479929019231,29.635624052272853,-3.9388527870178223,1529,30,30,0,,14.88892650604248,OUTBOUND,-29.2110595703125,0.08413806382677926,
1,35.23951721191406,1.4885401725769043,5.792469501495361,5.779829978942871,13.535425517009571,29.623439319409407,-3.9113099575042725,1530,30,31,0,,12.037101745605469,OUTBOUND,-29.523305892944336,0.07161493911318946,
1,34.673709869384766,1.4889882802963257,11.5528564453125,11.549840927124023,13.543520500010345,29.611227533954914,-3.8902158737182617,1531,30,32,0,,10.204835891723633,OUTBOUND,-28.97313690185547,0.09593476372634661,
1,34.745872497558594,1.4894360303878784,0.6129010915756226,0.6635618209838867,13.551529607007978,29.59901555845582,-3.900545120239258,1532,30,33,0,,89.71694946289062,OUTBOUND,-28.88389015197754,0.13206058940081164,
1,34.67831802368164,1.4898847341537476,15.846901893615723,15.717876434326172,13.560415498010116,29.586759998211573,-3.923194408416748,1533,30,34,0,,5.8668212890625,OUTBOUND,-28.79777717590332,0.11848743636078193,
1,34.69388198852539,1.4903347492218018,14.140307426452637,13.89534854888916,13.57048296299763,29.574535690133718,-3.935959577560425,1534,30,35,0,,7.417203903198242,OUTBOUND,-28.815303802490234,0.08623383850274108,
1,35.11505889892578,1.4907833337783813,0.6272708177566528,0.654178261756897,13.579004250001162,29.562361257297024,-3.8797357082366943,1535,30,36,0,,83.91173553466797,OUTBOUND,-29.141021728515625,0.08597712512867055,
1,35.1549072265625,1.491231918334961,0.49158599972724915,0.48806461691856384,13.587357044016244,29.550156002621282,-3.905489206314087,1536,30,37,0,,77.01919555664062,OUTBOUND,-29.10303497314453,0.10578825946731625,
1,35.605831146240234,1.4916797876358032,6.124403953552246,6.185856819152832,13.599319454020588,29.537985529927415,-3.8925766944885254,1537,30,38,0,,13.419413566589355,OUTBOUND,-29.60755157470703,0.10151637233741014,
1,35.86266326904297,1.4921256303787231,6.917386054992676,6.8682541847229,13.611216978024459,29.52583135247348,-3.862645149230957,1538,30,39,0,,44.97787094116211,OUTBOUND,-29.962095260620117,0.055230876884759736,
1,35.76869201660156,1.492572546005249,0.18181592226028442,0.21176855266094208,13.624585814017337,29.513732722187537,-3.9186363220214844,1539,30,40,0,,3.5884618759155273,OUTBOUND,-29.81056785583496,0.035370615344083645,
1,36.01762771606445,1.493019938468933,0.1538449078798294,0.19326546788215637,13.638949661020888,29.501580314395046,-3.914336919784546,1540,30,41,0,,10.575085639953613,OUTBOUND,-30.084394454956055,0.07416638892736936,
1,35.97406768798828,1.4934698343276978,0.1704803705215454,0.2120152711868286,13.650531187013257,29.489358857667895,-3.954819679260254,1541,30,42,0,,26.680526733398438,OUTBOUND,-30.046045303344727,0.12819415274310672,
1,36.099365234375,1.4939199686050415,0.17932923138141632,0.19974081218242645,13.661067560024094,29.477184215215143,-3.9114203453063965,1542,30,43,0,,26.928895950317383,OUTBOUND,-30.261825561523438,0.13811589372617375,
1,35.868507385253906,1.4943699836730957,5.747045993804932,5.778177738189697,13.673357491003117,29.465017500909976,-3.9026870727539062,1543,30,44,0,,57.665008544921875,OUTBOUND,-30.105836868286133,0.14342356185801025,
1,35.05490493774414,1.4948207139968872,11.054718971252441,10.96097183227539,13.685674965003273,29.452813452535548,-3.92427396774292,1544,30,45,0,,69.81250762939453,OUTBOUND,-29.35268211364746,0.17118832328481662,
1,35.8623046875,1.4952727556228638,0.3315049111843109,0.3631887137889862,13.699076066026464,29.440629388456323,-3.934805393218994,1545,30,46,0,,5.6814141273498535,OUTBOUND,-30.146501541137695,0.18428362622078798,
1,35.450252532958984,1.4957269430160522,24.451587677001953,24.310457229614258,13.711883512005443,29.428431487664934,-3.953192710876465,1546,30,47,0,,70.23072052001953,OUTBOUND,-29.770946502685547,0.1659789970275598,
1,35.302879333496094,1.496179461479187,6.095688343048096,6.21498966217041,13.724229593004566,29.416248859860914,-3.8830502033233643,1547,30,48,0,,30.477676391601562,OUTBOUND,-29.66222381591797,0.1230961624929548,
1,35.107887268066406,1.4966309070587158,12.678354263305664,12.59447956085205,13.738613983005052,29.404097978856186,-3.8885302543640137,1548,30,49,0,,50.60020446777344,OUTBOUND,-29.36187744140625,0.08174782237418828,
1,35.03280258178711,1.4970818758010864,1.0080167055130005,0.9823542833328247,13.751040431001456,29.391949735547808,-3.8976595401763916,1549,30,50,0,,123.70684814453125,OUTBOUND,-29.140705108642578,0.08442893013311957,
1,35.13831329345703,1.4975323677062988,0.935355544090271,0.9327483773231506,13.763317818025826,29.37978300866341,-3.8995821475982666,1550,30,51,0,,111.94606018066406,OUTBOUND,-29.054479598999023,0.0961062989270425,
1,35.428199768066406,1.497981309890747,10.602601051330566,10.685808181762695,13.77572882900131,29.36761001700809,-3.8728344440460205,1551,30,52,0,,13.477177619934082,OUTBOUND,-29.399791717529297,0.07015244751363307,
1,35.53911209106445,1.4984278678894043,0.40048161149024963,0.33845698833465576,13.787736059020972,29.355458073507837,-3.85422682762146,1552,30,53,0,,59.529335021972656,OUTBOUND,-29.511165618896484,0.02890767650423494,
1,35.594234466552734,1.4988739490509033,26.13626480102539,26.060466766357422,13.80074760899879,29.343291410561992,-3.889763116836548,1553,30,54,0,,87.37450408935547,OUTBOUND,-29.642499923706055,0.02896143816155719,
1,35.862342834472656,1.4993185997009277,0.2486734688282013,0.2725118100643158,13.809933994023595,29.331105559440157,-3.865607976913452,1554,30,55,0,,8.260601997375488,OUTBOUND,-29.944286346435547,0.03154805199548695,
1,36.272544860839844,1.499761939048767,10.729647636413574,10.657434463500977,13.817981449014042,29.31893706353446,-3.864765167236328,1555,30,56,0,,59.728572845458984,OUTBOUND,-30.470048904418945,0.0072304283138023605,
1,35.73258590698242,1.5002011060714722,37.09733200073242,36.48688888549805,13.827962830022443,29.306747558957923,-3.8073952198028564,1556,30,57,0,,186.39492797851562,OUTBOUND,-30.110071182250977,0.014464560291750979,
1,35.53451156616211,1.5006401538848877,25.86679458618164,25.678436279296875,13.843633689015405,29.294565300698853,-3.8763575553894043,1557,30,58,0,,123.41107177734375,OUTBOUND,-29.922103881835938,0.03644483158372273,
1,35.282859802246094,1.5010803937911987,6.2989630699157715,6.131496429443359,13.859842803009087,29.282372426178043,-3.9083282947540283,1558,30,59,0,,8.020561218261719,OUTBOUND,-29.648479461669922,0.04059047611987279,
1,35.20114517211914,1.501523494720459,14.163010597229004,14.045985221862793,13.878166855021846,29.270139617776398,-3.9387519359588623,1559,30,60,0,,25.643945693969727,OUTBOUND,-29.448078155517578,0.04567297796372695,
1,35.22422790527344,1.5019689798355103,10.255575180053711,10.05146312713623,13.894307199021569,29.257879012022702,-3.9380908012390137,1560,30,61,0,,33.58098220825195,OUTBOUND,-29.439958572387695,0.03237383315304725,
1,34.83591842651367,1.5024135112762451,14.110804557800293,14.15172290802002,13.905199955013813,29.245558891087672,-3.8716673851013184,1561,30,62,0,,80.57106018066406,OUTBOUND,-28.973556518554688,-0.0289688360028976,
1,35.328670501708984,1.5028574466705322,6.230319023132324,6.331442356109619,13.914292483997997,29.233194476186597,-3.8817853927612305,1562,30,63,0,,97.73463439941406,OUTBOUND,-29.350831985473633,-0.10135438734939856,
1,35.74944305419922,1.5033012628555298,6.790412902832031,6.571736812591553,13.923029060009867,29.22081202187242,-3.884486675262451,1563,30,64,0,,78.94168853759766,OUTBOUND,-29.67454719543457,-0.17564497626278044,
1,35.88077163696289,1.5037471055984497,0.7233192920684814,0.6905397176742554,13.932139550015563,29.208417297301548,-3.931180953979492,1564,30,65,0,,97.61490631103516,OUTBOUND,-29.612701416015625,-0.24639592412770303,
1,36.49339294433594,1.5041935443878174,0.3686433732509613,0.3090916574001312,13.94212017202517,29.196075432407895,-3.902562141418457,1565,30,66,0,,51.349666595458984,OUTBOUND,-30.23381805419922,-0.2861173970511923,
1,36.40025329589844,1.5046405792236328,3.3898873329162598,3.370732069015503,13.952533622010378,29.18369420425464,-3.907916307449341,1566,30,67,0,,17.23629379272461,OUTBOUND,-30.192333221435547,-0.31334984900002616,
1,36.84685134887695,1.5050878524780273,21.89722442626953,21.95448875427246,13.961595802014926,29.171266602343465,-3.8986780643463135,1567,30,68,0,,137.86058044433594,OUTBOUND,-30.827877044677734,-0.31054148023835276,
1,36.73455047607422,1.5055347681045532,13.75243091583252,13.811638832092285,13.973731839010725,29.158847364482796,-3.8875832557678223,1568,30,69,0,,127.11532592773438,OUTBOUND,-30.88187599182129,-0.2504900069331795,
1,36.70890808105469,1.505982518196106,32.833740234375,32.77984619140625,13.983302150008967,29.1464952473959,-3.910665988922119,1569,30,70,0,,242.93338012695312,OUTBOUND,-30.952083587646484,-0.20864227323044443,
1,36.22555160522461,1.5064294338226318,20.77885627746582,20.57655143737793,13.992470732016955,29.134116074025386,-3.8787529468536377,1570,30,71,0,,145.85667419433594,OUTBOUND,-30.668699264526367,-0.1835898621969914,
1,35.78828430175781,1.5068739652633667,0.23242798447608948,0.30594688653945923,14.002354424010264,29.121792011487354,-3.8441898822784424,1571,30,72,0,,18.314693450927734,OUTBOUND,-30.2043514251709,-0.18621539169685888,
1,36.29266357421875,1.5073208808898926,0.3885534107685089,0.4365580976009369,14.016042134026065,29.109404835609734,-3.9365291595458984,1572,30,73,0,,31.777353286743164,OUTBOUND,-30.517227172851562,-0.24368558621309402,
1,35.94373321533203,1.5077697038650513,4.238750457763672,4.3118577003479,14.028705154021736,29.096986450737923,-3.9297165870666504,1573,30,74,0,,31.465726852416992,OUTBOUND,-30.091215133666992,-0.29445614569702566,
1,35.75386047363281,1.508219838142395,13.091036796569824,12.871068000793457,14.039208375004819,29.084531325753364,-3.923895835876465,1574,30,75,0,,9.780294418334961,OUTBOUND,-29.911643981933594,-0.27913858528170593,
1,36.041236877441406,1.5086692571640015,6.234658718109131,6.2418928146362305,14.04921260100673,29.07213585809068,-3.8855948448181152,1575,30,76,0,,48.17949295043945,OUTBOUND,-30.16537094116211,-0.2760936577022549,
1,35.79756164550781,1.5091198682785034,13.533917427062988,13.35671615600586,14.058375263004564,29.059701984891653,-3.9188027381896973,1576,30,77,0,,18.448884963989258,OUTBOUND,-29.843393325805664,-0.3164070039046738,
1,35.68899154663086,1.5095726251602173,19.00932502746582,18.674741744995117,14.067900657013524,29.047248958043777,-3.943859577178955,1577,30,78,0,,9.944278717041016,OUTBOUND,-29.732698440551758,-0.3228178548413712,
1,35.85090255737305,1.510026454925537,20.731311798095703,20.551565170288086,14.078824797004927,29.034798009168952,-3.9228262901306152,1578,30,79,0,,4.845020771026611,OUTBOUND,-29.918216705322266,-0.33407398856729736,
1,36.197425842285156,1.5104799270629883,10.605085372924805,10.39275074005127,14.088081940019038,29.022310095403313,-3.900059223175049,1579,30,80,0,,51.02213668823242,OUTBOUND,-30.24605941772461,-0.3289823715073316,
1,36.05513000488281,1.5109349489212036,11.101529121398926,11.04689884185791,14.10067233099835,29.009916737427297,-3.933027505874634,1580,30,81,0,,31.912641525268555,OUTBOUND,-30.004989624023438,-0.3068409000946807,
1,36.03514862060547,1.511391043663025,0.684933602809906,0.6717509627342224,14.114633128017886,28.99747907625499,-3.929678201675415,1581,30,82,0,,91.04491424560547,OUTBOUND,-29.881744384765625,-0.3484016185193083,
1,35.9477653503418,1.5118482112884521,19.307558059692383,19.259822845458984,14.127505527023459,28.984978207314683,-3.9314310550689697,1582,30,83,0,,27.815534591674805,FAILURE,-29.850238800048828,-10.409131948811869,
1,36.5781364440918,1.5123040676116943,10.275002479553223,10.221931457519531,14.138392782013398,29.987983342732463,-3.8827528953552246,1583,31,1,0,,12.040173530578613,OUTBOUND,-30.586515426635742,-0.01588659033812516,
1,36.57122802734375,1.5127578973770142,5.6174139976501465,5.68021821975708,14.146999342017807,29.97588326587186,-3.867729425430298,1584,31,2,0,,11.490468978881836,OUTBOUND,-30.58177375793457,-0.06075463503746339,
1,36.98360061645508,1.513213038444519,7.675779342651367,7.606497287750244,14.154600446025142,29.9637880875851,-3.9301042556762695,1585,31,3,0,,25.74506950378418,OUTBOUND,-30.957164764404297,-0.11914316631146554,
1,36.86643981933594,1.513668417930603,0.2709513306617737,0.3398873805999756,14.162454628007254,29.95161806684103,-3.9084744453430176,1586,31,4,0,,26.423542022705078,OUTBOUND,-30.80223274230957,-0.17677102043015003,
1,36.700958251953125,1.5141240358352661,23.949142456054688,23.467008590698242,14.171561069000745,29.939408537520272,-3.911982774734497,1587,31,5,0,,125.7632827758789,OUTBOUND,-30.82480239868164,-0.24064341141142495,
1,36.46961975097656,1.5145803689956665,16.412172317504883,16.19353675842285,14.179843927006004,29.927156370827447,-3.922062397003174,1588,31,6,0,,71.606201171875,OUTBOUND,-30.651077270507812,-0.2931456472892009,
1,36.2946891784668,1.5150339603424072,10.774168014526367,10.70211124420166,14.187593649025075,29.914856627939912,-3.851033926010132,1589,31,7,0,,8.702102661132812,OUTBOUND,-30.58655548095703,-0.29654215380669935,
1,36.49773406982422,1.5154895782470703,0.34372615814208984,0.404199481010437,14.196337079018122,29.902583838101027,-3.940460205078125,1590,31,8,0,,62.812347412109375,OUTBOUND,-30.585182189941406,-0.279521009520453,
1,36.374454498291016,1.5159454345703125,0.5371413826942444,0.599540650844574,14.205565759009914,29.89029253648431,-3.911222457885742,1591,31,9,0,,70.00802612304688,OUTBOUND,-30.380205154418945,-0.31969241202799525,
1,36.94929122924805,1.5164004564285278,0.3299509286880493,0.33987969160079956,14.215080580004724,29.87798561089622,-3.889603614807129,1592,31,10,0,,50.98361587524414,OUTBOUND,-30.925045013427734,-0.3612499332506515,
1,36.7764892578125,1.5168564319610596,11.755073547363281,11.697050094604492,14.22322317401995,29.86562280194976,-3.9226255416870117,1593,31,11,0,,32.11430740356445,OUTBOUND,-30.773799896240234,-0.40938002693512454,
1,36.962711334228516,1.5173121690750122,6.372012138366699,6.303098201751709,14.232950822013663,29.853210492930852,-3.8985605239868164,1594,31,12,0,,10.997596740722656,OUTBOUND,-31.040359497070312,-0.4704546759312197,
1,36.99202346801758,1.5177676677703857,0.2983943819999695,0.32498565316200256,14.244774309016066,29.840784327211143,-3.9032654762268066,1595,31,13,0,,29.12982940673828,OUTBOUND,-30.964942932128906,-0.4893561415768298,
1,36.797874450683594,1.5182241201400757,20.00202751159668,19.790407180786133,14.25641166800051,29.82837167128684,-3.9191620349884033,1596,31,14,0,,62.14994812011719,OUTBOUND,-30.86896324157715,-0.469811073782784,
1,36.81816482543945,1.518680453300476,0.4007909595966339,0.43640226125717163,14.270245833002264,29.815949223099583,-3.904550552368164,1597,31,15,0,,55.779293060302734,OUTBOUND,-30.80835723876953,-0.4211952757434593,
1,37.100120544433594,1.5191388130187988,6.536708354949951,6.320382118225098,14.279713066003751,29.803596224470063,-3.9469106197357178,1598,31,16,0,,17.32701301574707,OUTBOUND,-31.11577033996582,-0.3612244369883107,
1,36.85114669799805,1.5195971727371216,8.116063117980957,8.132768630981445,14.288344334025169,29.791301961123118,-3.907686948776245,1599,31,17,0,,23.43049430847168,OUTBOUND,-30.901573181152344,-0.3129566271292874,
1,36.91503143310547,1.5200542211532593,0.2995483875274658,0.3742325007915497,14.297003168001538,29.779028357183723,-3.8797340393066406,1600,31,18,0,,29.146013259887695,OUTBOUND,-30.963176727294922,-0.3148211923637777,
1,37.11426544189453,1.5205118656158447,0.23372209072113037,0.2876710593700409,14.309383551008068,29.76671688313916,-3.9199681282043457,1601,31,19,0,,29.50753402709961,FAILURE,-31.079233169555664,-10.339438887903416,
1,37.11664581298828,1.520971655845642,8.116877555847168,8.076114654541016,14.32400208999752,29.987954346628513,-3.9499330520629883,1602,32,1,0,,27.458065032958984,OUTBOUND,-31.088294982910156,0.007275040862940151,
1,37.17385482788086,1.5214325189590454,7.000010013580322,7.032004356384277,14.337304675020278,29.9758441684558,-3.9318251609802246,1603,32,2,0,,20.56402587890625,OUTBOUND,-31.180625915527344,0.05638686890957141,
1,36.934715270996094,1.521891713142395,0.33716318011283875,0.41877055168151855,14.347232700005407,29.96375839509128,-3.8778955936431885,1604,32,3,0,,32.87336349487305,OUTBOUND,-30.962331771850586,0.06932854205879428,
1,37.09020233154297,1.5223532915115356,24.593883514404297,24.529577255249023,14.355786893022014,29.951705733473275,-3.957866668701172,1605,32,4,0,,124.36143493652344,OUTBOUND,-31.154003143310547,0.026316442602012012,
1,36.82581329345703,1.5228151082992554,13.947672843933105,13.925505638122559,14.364210855012061,29.939664715597946,-3.9171159267425537,1606,32,5,0,,18.41665267944336,OUTBOUND,-30.942672729492188,0.01897241418816311,
1,36.605445861816406,1.5232747793197632,18.314071655273438,18.185001373291016,14.37602701902506,29.927572130997692,-3.8692662715911865,1607,32,6,0,,36.24879455566406,OUTBOUND,-30.855743408203125,0.059335091878324996,
1,36.56487274169922,1.5237337350845337,3.4216160774230957,3.502243757247925,14.388182599999709,29.91544408322461,-3.896054744720459,1608,32,7,0,,41.12873458862305,OUTBOUND,-30.697494506835938,0.06304222612121696,
1,36.85015106201172,1.5241931676864624,29.5216121673584,29.126169204711914,14.400319221022073,29.903376486192247,-3.9163601398468018,1609,32,8,0,,47.14291763305664,OUTBOUND,-30.981075286865234,0.029282745643069538,
1,36.75642013549805,1.524652361869812,8.927395820617676,8.654228210449219,14.413386538013583,29.891293325690835,-3.9047815799713135,1610,32,9,0,,58.164581298828125,OUTBOUND,-30.81216049194336,-0.005182954893445922,
1,36.4239387512207,1.5251131057739258,10.326257705688477,10.30591106414795,14.424070146022132,29.879238683287703,-3.9365234375,1611,32,10,0,,51.22974395751953,OUTBOUND,-30.3812313079834,0.007318446307570785,
1,36.878204345703125,1.5255749225616455,1.0765931606292725,1.2090895175933838,14.431732263998128,29.86715825670695,-3.9312312602996826,1612,32,11,0,,128.8461151123047,OUTBOUND,-30.687793731689453,0.0564485608202102,
1,36.870399475097656,1.5260370969772339,20.834856033325195,20.794946670532227,14.440297476015985,29.855056033139494,-3.919236183166504,1613,32,12,0,,18.301448822021484,OUTBOUND,-30.75906753540039,0.07777018252994762,
1,37.037010192871094,1.526496171951294,0.5342789888381958,0.5291282534599304,14.449710456014145,29.842922240350298,-3.8496711254119873,1614,32,13,0,,65.06912231445312,OUTBOUND,-30.97588539123535,0.06658571923386147,
1,37.4857292175293,1.5269557237625122,7.081428527832031,7.026309490203857,14.457774963026168,29.830759961947212,-3.9146132469177246,1615,32,14,0,,14.893142700195312,OUTBOUND,-31.31159210205078,0.07430173450915542,
1,37.16211700439453,1.5274142026901245,10.254878044128418,10.338967323303223,14.466579801024636,29.81856694713181,-3.887268304824829,1616,32,15,0,,39.950965881347656,OUTBOUND,-31.099998474121094,0.08321522751289465,
1,37.58708572387695,1.5278728008270264,28.969921112060547,28.69245147705078,14.479733234999003,29.806383050900944,-3.9042704105377197,1617,32,16,0,,139.6999969482422,OUTBOUND,-31.68910026550293,0.06984542387201088,
1,37.78459167480469,1.5283323526382446,7.185518741607666,7.159696578979492,14.489495971007273,29.794164833162718,-3.9241538047790527,1618,32,17,0,,27.572654724121094,OUTBOUND,-31.83258819580078,0.027833619111868865,
1,37.52816390991211,1.5287925004959106,0.38660067319869995,0.5378584861755371,14.497892209008569,29.781990636914177,-3.918621063232422,1619,32,18,0,,50.409183502197266,OUTBOUND,-31.569005966186523,-0.008793978395831193,
1,37.78717803955078,1.5292538404464722,4.826592922210693,4.797837734222412,14.511436263012001,29.76979132199089,-3.9289186000823975,1620,32,19,0,,6.272933006286621,OUTBOUND,-31.768985748291016,0.02537095894283153,
1,37.59986114501953,1.529711127281189,6.678974628448486,6.628715515136719,14.522915345005458,29.757588488506066,-3.828361988067627,1621,32,20,0,,13.401639938354492,OUTBOUND,-31.74147605895996,0.0577253802596775,
1,37.47447967529297,1.5301684141159058,0.3401922583580017,0.41400107741355896,14.533698498009471,29.74536322601377,-3.898571729660034,1622,32,21,0,,52.149383544921875,OUTBOUND,-31.42996597290039,0.046063934863137965,
1,36.98115539550781,1.5306259393692017,15.13279914855957,15.035680770874023,14.545529189024819,29.733119955623273,-3.907459259033203,1623,32,22,0,,23.69354248046875,OUTBOUND,-30.980438232421875,0.058475645484683675,
1,37.50456619262695,1.5310840606689453,0.2971212565898895,0.35300523042678833,14.554995334008709,29.720905665497998,-3.910167932510376,1624,32,23,0,,37.59810256958008,OUTBOUND,-31.420804977416992,0.11773963790181856,
1,37.961265563964844,1.5315412282943726,13.169649124145508,13.371373176574707,14.563467502011918,29.708726126084674,-3.881300687789917,1625,32,24,0,,57.22617721557617,OUTBOUND,-32.02748107910156,0.1563046130790371,
1,37.3513069152832,1.5320008993148804,30.34438705444336,30.274158477783203,14.572232142003486,29.696560335618404,-3.95070219039917,1626,32,25,0,,127.13850402832031,OUTBOUND,-31.44502067565918,0.17100889207397374,
1,37.33774948120117,1.532462239265442,14.807255744934082,14.652639389038086,14.583500015025493,29.68434510751701,-3.9364802837371826,1627,32,26,0,,27.890411376953125,OUTBOUND,-31.4617862701416,0.2024015105976758,
1,37.133026123046875,1.532922625541687,29.696910858154297,29.429031372070312,14.591947667009663,29.67211478967986,-3.8871617317199707,1628,32,27,0,,52.902923583984375,OUTBOUND,-31.41130256652832,0.21316828965092569,
1,37.09431076049805,1.533382773399353,24.230833053588867,24.217679977416992,14.601506518025417,29.659863939193798,-3.901726722717285,1629,32,28,0,,6.367940425872803,OUTBOUND,-31.33794593811035,0.18820250220138554,
1,36.77043151855469,1.5338436365127563,4.854601860046387,4.838048458099365,14.610940470010974,29.647658777947072,-3.917311906814575,1630,32,29,0,,130.12957763671875,OUTBOUND,-30.792442321777344,0.2028122106689717,
1,37.0389289855957,1.534305214881897,25.74107551574707,25.231449127197266,14.620590450009331,29.63546948609317,-3.9184226989746094,1631,32,30,0,,5.927950382232666,OUTBOUND,-31.032262802124023,0.2243304110795971,
1,37.09292984008789,1.5347654819488525,21.74158477783203,21.327499389648438,14.628646114026196,29.623300813203997,-3.879439353942871,1632,32,31,0,,56.201114654541016,OUTBOUND,-31.11558723449707,0.20416970366206091,
1,37.37737274169922,1.5352221727371216,7.528209209442139,7.144300937652588,14.63649761400302,29.611163986280623,-3.833292007446289,1633,32,32,0,,115.47450256347656,OUTBOUND,-31.31781768798828,0.19923279926602683,
1,37.514381408691406,1.5356791019439697,17.686538696289062,17.536405563354492,14.649663836025866,29.59900321047229,-3.897975444793701,1634,32,33,0,,58.073638916015625,OUTBOUND,-31.305835723876953,0.19699714386567047,
1,37.28815460205078,1.5361360311508179,23.964567184448242,23.867650985717773,14.66119533701567,29.58682362294127,-3.8977456092834473,1635,32,34,0,,13.092183113098145,OUTBOUND,-31.149999618530273,0.18461873869792653,
1,37.9418830871582,1.5365924835205078,0.5288844704627991,0.5681885480880737,14.66916795700672,29.57466381528725,-3.886618137359619,1636,32,35,0,,78.47100830078125,OUTBOUND,-31.681739807128906,0.1877702443686012,
1,38.33881759643555,1.537049651145935,0.4020400047302246,0.4188914895057678,14.678411177010275,29.562532484559526,-3.9083971977233887,1637,32,36,0,,46.09059143066406,OUTBOUND,-32.04351806640625,0.18145347161996697,
1,38.681724548339844,1.5375077724456787,11.839197158813477,11.929924964904785,14.688204247999238,29.550344576083184,-3.9132344722747803,1638,32,37,0,,73.39614868164062,OUTBOUND,-32.41104507446289,0.17578262928482638,
1,38.663726806640625,1.5379657745361328,0.13359059393405914,0.1439010351896286,14.696887665020768,29.53811216479882,-3.895723819732666,1639,32,38,0,,1.958286166191101,OUTBOUND,-32.5074348449707,0.14800869062166247,
1,38.58734130859375,1.5384238958358765,0.2146068811416626,0.2493133842945099,14.707554282009369,29.525874913033007,-3.9007060527801514,1640,32,39,0,,28.006372451782227,OUTBOUND,-32.45364761352539,0.14219061280374523,
1,38.579376220703125,1.5388802289962769,15.0459623336792,14.962244987487793,14.719073487009155,29.51363288008238,-3.8586630821228027,1641,32,40,0,,99.17877197265625,OUTBOUND,-32.702301025390625,0.17956564844437925,
1,38.63311004638672,1.5393381118774414,8.382580757141113,8.229920387268066,14.729379865020746,29.50135191276618,-3.9251723289489746,1642,32,41,0,,85.20662689208984,OUTBOUND,-32.765167236328125,0.19486583999688392,
1,37.95583724975586,1.539797067642212,7.829935073852539,7.60625696182251,14.738036523020128,29.48902016634143,-3.9175381660461426,1643,32,42,0,,49.75242233276367,OUTBOUND,-32.123172760009766,0.19086216874800094,
1,38.12498474121094,1.5402590036392212,0.17930658161640167,0.2495201677083969,14.750479119014926,29.47670700900679,-3.9546570777893066,1644,32,43,0,,28.048418045043945,OUTBOUND,-32.20899200439453,0.23088770419126153,
1,38.13124084472656,1.54072105884552,6.478131294250488,6.563453197479248,14.758675555000082,29.464424450501724,-3.9051756858825684,1645,32,44,0,,11.311842918395996,OUTBOUND,-32.2049560546875,0.3085772654937789,
1,37.80194091796875,1.5411826372146606,24.570980072021484,24.384048461914062,14.76619100102107,29.4521268873568,-3.895479202270508,1646,32,45,0,,78.88736724853516,OUTBOUND,-31.99506950378418,0.37552202200347046,
1,37.766136169433594,1.5416438579559326,0.8684091567993164,0.9637647271156311,14.775628476025304,29.439834327425974,-3.894695520401001,1647,32,46,0,,109.51787567138672,OUTBOUND,-31.797565460205078,0.4327534159367721,
1,37.73616027832031,1.5421046018600464,11.440126419067383,11.28820514678955,14.788736857008189,29.427471819974873,-3.8897125720977783,1648,32,47,0,,21.831480026245117,OUTBOUND,-31.767253875732422,0.41004773065042543,
1,38.21405792236328,1.5425671339035034,0.9997059106826782,1.0256611108779907,14.797872221010039,29.41516547017944,-3.935337781906128,1649,32,48,0,,124.61054229736328,OUTBOUND,-32.06144714355469,0.40352144224082953,
1,38.101539611816406,1.5430296659469604,0.910997211933136,0.9420207142829895,14.806328333012061,29.40285087050145,-3.9037868976593018,1650,32,49,0,,119.24710845947266,OUTBOUND,-31.847654342651367,0.44731644876844556,
1,38.066368103027344,1.5434926748275757,18.69546127319336,18.294679641723633,14.816071818000637,29.3905117615031,-3.9109344482421875,1651,32,50,0,,48.020565032958984,OUTBOUND,-31.864469528198242,0.4253974659554737,
1,38.0673942565918,1.5439575910568237,0.5110793113708496,0.563442587852478,14.826215099019464,29.378161717546078,-3.9422435760498047,1652,32,51,0,,66.74961853027344,FAILURE,-31.80941390991211,0.42478777268064294,
1,38.63788604736328,1.544421911239624,4.166276931762695,4.090068340301514,14.837796563020675,29.9879879814905,-3.8948733806610107,1653,33,1,0,,7.250091552734375,OUTBOUND,-32.408721923828125,-0.011510004367409551,
1,38.92955017089844,1.5448843240737915,17.23011016845703,17.274633407592773,14.848553212999832,29.97590154456727,-3.8696775436401367,1654,33,2,0,,79.34855651855469,OUTBOUND,-32.891204833984375,0.006673540596326527,
1,38.804019927978516,1.5453499555587769,14.935775756835938,14.89820671081543,14.85876406999887,29.96384491074015,-3.962517261505127,1655,33,3,0,,63.08953094482422,OUTBOUND,-32.71342086791992,0.014158274595433482,
1,38.66341781616211,1.5458147525787354,15.546833992004395,15.462800025939941,14.866007905016886,29.95181794338873,-3.8918328285217285,1656,33,4,0,,87.65058135986328,OUTBOUND,-32.77880096435547,0.014666256079130512,
1,38.328468322753906,1.546278715133667,9.550596237182617,9.329404830932617,14.87356881800224,29.939765041754075,-3.887798547744751,1657,33,5,0,,20.13520050048828,OUTBOUND,-32.455963134765625,0.047046490430850844,
1,37.88844299316406,1.5467427968978882,28.70482635498047,28.457304000854492,14.881449644017266,29.92766128985181,-3.9067039489746094,1658,33,6,0,,105.82418060302734,OUTBOUND,-32.08932113647461,0.08901553085153208,
1,37.61848068237305,1.5472058057785034,23.13359832763672,22.92095375061035,14.889671578013804,29.91555026505745,-3.8832414150238037,1659,33,7,0,,34.975669860839844,OUTBOUND,-31.8593807220459,0.10355875690631801,
1,38.08218002319336,1.5476720333099365,16.814678192138672,16.660310745239258,14.898529698024504,29.903448789460583,-3.9652585983276367,1660,33,8,0,,45.818702697753906,OUTBOUND,-32.19246292114258,0.08894341970736534,
1,37.83466339111328,1.5481377840042114,8.885948181152344,8.895236015319824,14.907042438018834,29.891343958704145,-3.896270513534546,1661,33,9,0,,134.64022827148438,OUTBOUND,-31.87229347229004,0.06609753029727423,
1,37.55051040649414,1.5486043691635132,1.9934967756271362,2.202960252761841,14.918806419009343,29.87924537117824,-3.922224521636963,1662,33,10,0,,191.56063842773438,OUTBOUND,-31.402267456054688,0.03477206859938271,
1,38.04465866088867,1.5490727424621582,1.8501496315002441,1.9728431701660156,14.930900047009345,29.86719575866554,-3.944253444671631,1663,33,11,0,,178.4946746826172,OUTBOUND,-31.752546310424805,0.022005999506234636,
1,37.996971130371094,1.549541711807251,37.50623321533203,37.125640869140625,14.94345200600219,29.855146194699547,-3.9221553802490234,1664,33,12,0,,13.52490234375,OUTBOUND,-31.764297485351562,0.03723388443638568,
1,38.434288024902344,1.5500099658966064,1.1212104558944702,1.03818678855896,14.956795357022202,29.843063997463588,-3.89467716217041,1665,33,13,0,,134.2011260986328,OUTBOUND,-32.165061950683594,0.04007905943963013,
1,38.363651275634766,1.5504742860794067,10.819365501403809,10.71127700805664,14.968970972026,29.830975176056462,-3.836515426635742,1666,33,14,0,,17.485929489135742,OUTBOUND,-32.12279510498047,0.04721655281422214,
1,38.96803283691406,1.5509369373321533,3.6926681995391846,3.6917200088500977,14.978156387020135,29.818851652814338,-3.8672704696655273,1667,33,15,0,,29.869903564453125,OUTBOUND,-32.70200729370117,0.09390440381104227,
1,38.90351104736328,1.5514016151428223,15.096632957458496,15.134947776794434,14.987315735023003,29.8067140983853,-3.9375882148742676,1668,33,16,0,,41.12297821044922,OUTBOUND,-32.584991455078125,0.1280360741168389,
1,39.21671676635742,1.551865577697754,51.870689392089844,51.534706115722656,14.9961125109985,29.79455076376632,-3.887667655944824,1669,33,17,0,,240.85923767089844,OUTBOUND,-33.109134674072266,0.10731075667127028,
1,39.16730499267578,1.5523306131362915,12.589473724365234,12.489702224731445,15.00595216199872,29.78241348510488,-3.922739028930664,1670,33,18,0,,46.50057601928711,OUTBOUND,-33.09581756591797,0.10399099200931192,
1,38.94019317626953,1.55279541015625,24.31660270690918,24.10416603088379,15.015570097020827,29.77025574622868,-3.8961260318756104,1671,33,19,0,,132.0499267578125,OUTBOUND,-33.02509307861328,0.12080905656344454,
1,38.80088806152344,1.5532586574554443,35.96825408935547,35.735294342041016,15.02802403701935,29.75808498981993,-3.872321844100952,1672,33,20,0,,151.60552978515625,OUTBOUND,-33.05560302734375,0.0819181456880541,
1,38.38179016113281,1.5537234544754028,33.15892028808594,32.87337112426758,15.03965005200007,29.745972152409248,-3.926644802093506,1673,33,21,0,,95.94894409179688,OUTBOUND,-32.67863082885742,0.05324166597402058,
1,37.96614074707031,1.5541890859603882,24.464874267578125,24.43427276611328,15.051848022005288,29.733851198119474,-3.918097734451294,1674,33,22,0,,24.468402862548828,OUTBOUND,-32.19516372680664,0.09511937718520594,
1,37.4649543762207,1.5546543598175049,38.4013671875,38.022247314453125,15.06116228501196,29.721700341104853,-3.8952207565307617,1675,33,23,0,,19.098169326782227,OUTBOUND,-31.71573257446289,0.11787783456974003,
1,37.994991302490234,1.5551207065582275,10.735820770263672,10.816699028015137,15.069717216014396,29.70955872069008,-3.922663688659668,1676,33,24,0,,160.7296600341797,OUTBOUND,-32.048831939697266,0.09271582769648536,
1,37.451255798339844,1.5555866956710815,3.3976361751556396,3.574906826019287,15.07826570799807,29.697437180353198,-3.895639657974243,1677,33,25,0,,250.3650360107422,OUTBOUND,-31.361963272094727,0.09749582474782675,
1,38.010536193847656,1.5560510158538818,23.916481018066406,23.685911178588867,15.091837881016545,29.685305388817604,-3.8700294494628906,1678,33,26,0,,122.76866912841797,OUTBOUND,-31.86199951171875,0.0878467762778367,
1,37.86497116088867,1.5565155744552612,40.642333984375,40.213626861572266,15.102961550001055,29.67321299340169,-3.902756690979004,1679,33,27,0,,41.61623001098633,OUTBOUND,-31.586528778076172,0.05270131291666398,
1,38.54833984375,1.556980013847351,9.278152465820312,9.137412071228027,15.111100881011225,29.661120852481247,-3.8976964950561523,1680,33,28,0,,153.10015869140625,OUTBOUND,-32.163307189941406,0.050448354549819274,
1,38.66645431518555,1.557446002960205,20.250747680664062,20.092876434326172,15.12215329601895,29.648990472341247,-3.9252965450286865,1681,33,29,0,,66.91078186035156,OUTBOUND,-32.19874572753906,0.03800400298091398,
1,38.5848388671875,1.5579133033752441,17.96514320373535,18.095911026000977,15.131484374025604,29.63691739923775,-3.9295711517333984,1682,33,30,0,,14.403497695922852,OUTBOUND,-32.19358825683594,0.03697527945062478,
1,39.31231689453125,1.5583782196044922,5.426293849945068,5.370061874389648,15.139854937006021,29.624824771147207,-3.8544201850891113,1683,33,31,0,,43.07365036010742,OUTBOUND,-32.99946594238281,0.07494526618453849,
1,39.68975830078125,1.558844804763794,23.54733657836914,23.281801223754883,15.149706909025554,29.612702217881704,-3.9337611198425293,1684,33,32,0,,76.12626647949219,OUTBOUND,-33.34700393676758,0.0811262155610808,
1,39.63412857055664,1.559309959411621,0.2362203598022461,0.2699258625507355,15.162011500011431,29.600607435497512,-3.871244192123413,1685,33,33,0,,22.31546974182129,OUTBOUND,-33.36686706542969,0.06791354989017713,
1,39.781944274902344,1.5597752332687378,11.05471420288086,10.973739624023438,15.169848534016637,29.588536283676632,-3.9013314247131348,1686,33,34,0,,86.84439849853516,OUTBOUND,-33.634422302246094,0.048375180248172556,
1,39.94227600097656,1.56024169921875,0.18869158625602722,0.2158653885126114,15.177670653007226,29.57649313283362,-3.9223217964172363,1687,33,35,0,,18.567710876464844,OUTBOUND,-33.80702209472656,0.04768824833219951,
1,39.742034912109375,1.5607064962387085,18.73941993713379,18.37702178955078,15.188289672019891,29.56442421311455,-3.8647077083587646,1688,33,36,0,,125.693115234375,OUTBOUND,-33.79423522949219,0.08781519038021365,
1,39.53096008300781,1.5611704587936401,29.040916442871094,28.416261672973633,15.198885318997782,29.552332465858473,-3.8823599815368652,1689,33,37,0,,134.18319702148438,OUTBOUND,-33.68520736694336,0.13210695457910931,
1,39.528011322021484,1.5616341829299927,18.088376998901367,18.0588321685791,15.206856902019354,29.540194437456314,-3.889287233352661,1690,33,38,0,,51.433982849121094,OUTBOUND,-33.73866271972656,0.18947349335012414,
1,38.746463775634766,1.5620999336242676,0.5619968175888062,0.7222995758056641,15.215680316003272,29.52800444905327,-3.934892416000366,1691,33,39,0,,73.83526611328125,OUTBOUND,-32.7453727722168,0.2551467694500429,
1,39.225921630859375,1.5625689029693604,18.938676834106445,18.716598510742188,15.226074965001317,29.515758595866856,-3.959911823272705,1692,33,40,0,,13.283141136169434,OUTBOUND,-33.186614990234375,0.3199383052549328,
1,39.002098083496094,1.5630395412445068,0.9277934432029724,0.998611569404602,15.234867798018968,29.50348165565588,-3.9362378120422363,1693,33,41,0,,126.49613952636719,OUTBOUND,-32.839088439941406,0.32772996591322395,
1,39.280662536621094,1.5635110139846802,27.20709228515625,26.902788162231445,15.246856117999414,29.491235660374603,-3.9226510524749756,1694,33,42,0,,42.21951675415039,OUTBOUND,-33.253597259521484,0.32271596416213905,
1,38.945159912109375,1.5639818906784058,13.583415031433105,13.332444190979004,15.258589213015512,29.478991345575704,-3.8992345333099365,1695,33,43,0,,50.055152893066406,OUTBOUND,-32.83436965942383,0.3470262678148645,
1,39.24250030517578,1.564451813697815,9.392385482788086,9.225361824035645,15.267435629997635,29.466734912279943,-3.8845725059509277,1696,33,44,0,,72.30508422851562,OUTBOUND,-33.048614501953125,0.37646636806386763,
1,39.21173858642578,1.5649231672286987,23.904672622680664,23.714622497558594,15.275261053000577,29.45446291561961,-3.9340128898620605,1697,33,45,0,,10.023890495300293,OUTBOUND,-32.948524475097656,0.40435927544488093,
1,39.27714920043945,1.565394401550293,16.347780227661133,16.393985748291016,15.283918975997949,29.442219986170638,-3.9053001403808594,1698,33,46,0,,14.346762657165527,OUTBOUND,-33.04188537597656,0.40572594113746957,
1,39.45381164550781,1.5658658742904663,11.529215812683105,11.22131061553955,15.295707785000559,29.429941495874264,-3.910412073135376,1699,33,47,0,,66.81413269042969,OUTBOUND,-33.15766906738281,0.3655793259363406,
1,39.42643737792969,1.5663350820541382,16.50368881225586,16.19998550415039,15.304703755013179,29.417690288869792,-3.862959146499634,1700,33,48,0,,7.715737342834473,OUTBOUND,-33.23202133178711,0.3256989732759215,
1,39.75118637084961,1.5668033361434937,4.007284164428711,4.012130260467529,15.314475769002456,29.40541416024994,-3.8842263221740723,1701,33,49,0,,39.097164154052734,OUTBOUND,-33.49485397338867,0.3307225587371034,
1,40.26544952392578,1.5672719478607178,0.21068260073661804,0.24538636207580566,15.3275096930156,29.393107545001946,-3.9056172370910645,1702,33,50,0,,44.18094253540039,OUTBOUND,-33.915279388427734,0.31434501654511326,
1,40.015419006347656,1.567740797996521,5.646918773651123,5.6596999168396,15.338055098021869,29.380773992750882,-3.9048304557800293,1703,33,51,0,,26.220090866088867,OUTBOUND,-33.73734664916992,0.26448013373258183,
1,40.25740432739258,1.5682092905044556,23.55118179321289,23.371732711791992,15.347147020016564,29.368510046482783,-3.8935673236846924,1704,33,52,0,,119.3908462524414,OUTBOUND,-34.1240119934082,0.22925405066800497,
1,40.01936721801758,1.568679690361023,4.601231098175049,4.495682716369629,15.359750450006686,29.35628258982396,-3.9379491806030273,1705,33,53,0,,17.798757553100586,OUTBOUND,-33.88359069824219,0.2509222864135622,
1,40.03263473510742,1.5691475868225098,8.758001327514648,8.731623649597168,15.37342103300034,29.344061062334482,-3.8525497913360596,1706,33,54,0,,47.91694259643555,OUTBOUND,-34.028358459472656,0.27226116680058476,
1,39.86647033691406,1.569616675376892,11.548798561096191,11.281158447265625,15.386071745015215,29.33179561314096,-3.921097755432129,1707,33,55,0,,51.97934341430664,OUTBOUND,-33.834381103515625,0.22233808680135034,
1,39.689857482910156,1.5700851678848267,20.20318603515625,19.849742889404297,15.396543303009821,29.319563444928924,-3.8894894123077393,1708,33,56,0,,86.98661041259766,OUTBOUND,-33.853050231933594,0.1917610869943772,
1,39.55559158325195,1.5705522298812866,5.933438301086426,5.863386154174805,15.406444222026039,29.307334118686224,-3.87015700340271,1709,33,57,0,,46.017555236816406,OUTBOUND,-33.61140060424805,0.22729250336438883,
1,39.36808395385742,1.5710207223892212,25.86656951904297,25.529342651367188,15.418189984018682,29.295107818725384,-3.9230966567993164,1710,33,58,0,,38.26825714111328,OUTBOUND,-33.420562744140625,0.24876454942358958,
1,39.34575271606445,1.5714912414550781,13.29211139678955,13.071544647216797,15.432821488007903,29.28288430150451,-3.93759822845459,1711,33,59,0,,83.25285339355469,OUTBOUND,-33.25004577636719,0.22202154180983683,
1,39.21541976928711,1.5719616413116455,23.75543975830078,23.109947204589844,15.444962033012416,29.270658906552175,-3.898660182952881,1712,33,60,0,,53.75080490112305,OUTBOUND,-33.05927276611328,0.19158844240772788,
1,39.569618225097656,1.5724337100982666,1.63856840133667,1.6528360843658447,15.45878374701715,29.258370449221456,-3.933419704437256,1713,33,61,0,,169.77359008789062,OUTBOUND,-33.285614013671875,0.14353259704851665,
1,39.36772918701172,1.5729076862335205,10.385040283203125,10.044964790344238,15.471863076003501,29.24607309474302,-3.9434871673583984,1714,33,62,0,,108.89281463623047,OUTBOUND,-32.91232681274414,0.06538162241660879,
1,39.73198318481445,1.573380708694458,0.9935592412948608,0.9421025514602661,15.483186192024732,29.233782783708094,-3.88667368888855,1715,33,63,0,,125.94880676269531,OUTBOUND,-33.27651596069336,-0.007041464234522157,
1,40.556846618652344,1.573855996131897,13.049884796142578,12.826948165893555,15.496932643000036,29.221533959661162,-3.947988510131836,1716,33,64,0,,17.004196166992188,OUTBOUND,-34.04214096069336,-0.052346699047420814,
1,40.609954833984375,1.574332356452942,24.485681533813477,24.430706024169922,15.510848236008314,29.209248491468145,-3.9332804679870605,1717,33,65,0,,95.59711456298828,OUTBOUND,-34.29171371459961,-0.03007484370514265,
1,40.4439811706543,1.5748085975646973,24.02672576904297,23.60811996459961,15.524302331003128,29.196954190685624,-3.90804386138916,1718,33,66,0,,98.98680877685547,OUTBOUND,-34.31190872192383,0.0022529706839992426,
1,39.90424346923828,1.5752841234207153,9.90683364868164,9.8792142868042,15.536933192022843,29.18461871516227,-3.8954925537109375,1719,33,67,0,,26.62034797668457,OUTBOUND,-33.82181167602539,-0.03875638816461339,
1,40.39177322387695,1.5757583379745483,20.38793182373047,20.325916290283203,15.54600094401394,29.172314533682925,-3.8858141899108887,1720,33,68,0,,73.69877624511719,OUTBOUND,-34.35588455200195,-0.08951034060280297,
1,40.42012023925781,1.576231598854065,0.3845292031764984,0.48182904720306396,15.555413356021745,29.160055953231314,-3.886481285095215,1721,33,69,0,,50.208065032958984,OUTBOUND,-34.29311752319336,-0.12177026044327348,
1,40.31163787841797,1.5767046213150024,5.845719814300537,5.865714073181152,15.565879429021152,29.147788678288325,-3.898958444595337,1722,33,70,0,,21.052217483520508,OUTBOUND,-34.184814453125,-0.1839381404744724,
1,39.95380401611328,1.5771772861480713,23.53972053527832,23.243982315063477,15.576015623024432,29.135518472859204,-3.8976781368255615,1723,33,71,0,,51.879276275634766,OUTBOUND,-33.87417221069336,-0.22331459544571797,
1,40.21839904785156,1.5776509046554565,11.841104507446289,11.726202964782715,15.588090017001377,29.12326616356484,-3.9208006858825684,1724,33,72,0,,11.66945743560791,OUTBOUND,-34.090065002441406,-0.22355763702351267,
1,39.98617935180664,1.578125,26.634979248046875,26.59108543395996,15.597875914012548,29.11100149322665,-3.9127650260925293,1725,33,73,0,,47.0698127746582,OUTBOUND,-33.93915557861328,-0.21460877350558105,
1,40.100379943847656,1.578603744506836,23.933412551879883,23.79305076599121,15.609473525022622,29.0987334225152,-3.994973659515381,1726,33,74,0,,9.951614379882812,OUTBOUND,-33.974388122558594,-0.21174495588262263,
1,39.752235412597656,1.5790821313858032,13.72080135345459,13.536035537719727,15.618712958006654,29.08643432531146,-3.9072742462158203,1727,33,75,0,,88.0781478881836,OUTBOUND,-33.57009506225586,-0.17671534263656477,
1,39.865562438964844,1.5795609951019287,1.277343988418579,1.231147289276123,15.627468505001161,29.074196339044565,-3.920860767364502,1728,33,76,0,,137.8895263671875,OUTBOUND,-33.508338928222656,-0.13134173052902842,
1,40.03174591064453,1.5800378322601318,48.647857666015625,48.55270767211914,15.636561174003873,29.062034571581638,-3.8757901191711426,1729,33,77,0,,109.70309448242188,OUTBOUND,-33.904335021972656,-0.12829624340322912,
1,40.082069396972656,1.5805144309997559,1.2723811864852905,1.2366693019866943,15.644641112012323,29.04985792657688,-3.9017066955566406,1730,33,78,0,,132.25503540039062,OUTBOUND,-33.80710983276367,-0.16023416217751174,
1,40.23860168457031,1.580993413925171,25.676311492919922,25.502729415893555,15.653350347012747,29.03763836965752,-3.955552577972412,1731,33,79,0,,12.0545015335083,OUTBOUND,-33.981781005859375,-0.18044039334961492,
1,40.460609436035156,1.5814745426177979,10.952435493469238,10.872983932495117,15.662267422012519,29.02545031619217,-3.954209804534912,1732,33,80,0,,35.12159729003906,OUTBOUND,-34.09592056274414,-0.183359844089742,
1,40.44078826904297,1.5819566249847412,0.9372955560684204,1.0070834159851074,15.671856567001669,29.013223498373787,-3.934858560562134,1733,33,81,0,,87.41398620605469,OUTBOUND,-33.99602508544922,-0.17615499594887685,
1,40.66421127319336,1.5824384689331055,34.10360336303711,33.89029312133789,15.680408070998965,29.001041711974118,-3.9143881797790527,1734,33,82,0,,143.261474609375,OUTBOUND,-34.41468811035156,-0.15769917006946246,
1,40.91386795043945,1.5829213857650757,0.550298273563385,0.6265566945075989,15.688774277019547,28.988842473914588,-3.9366719722747803,1735,33,83,0,,25.140583038330078,OUTBOUND,-34.54759979248047,-0.19130802153448556,
1,40.87294387817383,1.5834037065505981,10.91939640045166,10.814240455627441,15.69781891501043,28.976601438755743,-3.908092498779297,1736,33,84,0,,46.357948303222656,OUTBOUND,-34.620140075683594,-0.2029501633187947,
1,41.13600158691406,1.5838836431503296,24.61039924621582,23.91741180419922,15.70724090602016,28.964382798099205,-3.8718414306640625,1737,33,85,0,,109.40440368652344,OUTBOUND,-35.102535247802734,-0.17485982677861556,
1,40.8777961730957,1.5843619108200073,8.40231704711914,8.41136646270752,15.715541109006153,28.95219685420964,-3.881467580795288,1738,33,86,0,,36.23414993286133,OUTBOUND,-34.84404754638672,-0.17453947341836853,
1,40.743309020996094,1.5848444700241089,0.4152367115020752,0.6305374503135681,15.724236248002853,28.9399455437241,-3.9925408363342285,1739,33,87,0,,65.34654998779297,OUTBOUND,-34.45635986328125,-0.13314704414762338,
1,40.60752487182617,1.5853257179260254,15.037578582763672,14.895956039428711,15.736450823023915,28.927816916537356,-3.889190673828125,1740,33,88,0,,21.415498733520508,OUTBOUND,-34.530494689941406,-0.08845338626595474,
1,40.15857696533203,1.58580482006073,5.703614711761475,5.716894149780273,15.749307655001758,28.91567017110589,-3.875009536743164,1741,33,89,0,,47.40358352661133,OUTBOUND,-33.96200942993164,-0.11990198274989128,
1,40.89176940917969,1.586284875869751,7.493374347686768,7.612343788146973,15.762627429998247,28.90348925823425,-3.9302639961242676,1742,33,90,0,,32.581825256347656,OUTBOUND,-34.59183120727539,-0.130479239690145,
1,41.03234100341797,1.5867663621902466,0.5569934844970703,0.6329934597015381,15.775551478000125,28.891320420311576,-3.9378817081451416,1743,33,91,0,,56.90011978149414,OUTBOUND,-34.659629821777344,-0.1287296702616038,
1,41.04228973388672,1.587248682975769,11.044877052307129,10.977020263671875,15.789273929025512,28.879137444057672,-3.930276870727539,1744,33,92,0,,16.676868438720703,OUTBOUND,-34.69939422607422,-0.11926658064808712,
1,40.82417678833008,1.5877315998077393,18.505342483520508,18.532508850097656,15.802426084002946,28.867004571363346,-3.9270923137664795,1745,33,93,0,,48.36298370361328,OUTBOUND,-34.523624420166016,-0.08610719464056248,
1,41.58803939819336,1.5882155895233154,9.50466251373291,9.528528213500977,15.815402281004936,28.85483352274305,-3.937453031539917,1746,33,94,0,,45.278446197509766,OUTBOUND,-35.39503479003906,-0.05053599669108692,
1,40.99427032470703,1.5887001752853394,10.057463645935059,10.160845756530762,15.82868174300529,28.842684978907695,-3.929993152618408,1747,33,95,0,,45.84144592285156,OUTBOUND,-34.869693756103516,-0.03309689391047253,
1,40.752655029296875,1.5891811847686768,6.160601615905762,6.210132598876953,15.838637949025724,28.8305283003354,-3.848073720932007,1748,33,96,0,,18.001155853271484,OUTBOUND,-34.685630798339844,-0.06047547455000745,
1,41.43002700805664,1.5896613597869873,31.853656768798828,31.561851501464844,15.848304077022476,28.8183410463253,-3.8978493213653564,1749,33,97,0,,123.25296020507812,FAILURE,-35.382877349853516,-0.07014066432633699,
1,40.741127014160156,1.590140700340271,10.082691192626953,10.201202392578125,15.858898295002291,29.98796783688408,-3.894949436187744,1750,34,1,0,,25.225635528564453,OUTBOUND,-34.65700912475586,0.006009596411154373,
1,40.53084182739258,1.5906176567077637,17.0900821685791,16.98935317993164,15.870201292011188,29.97590602048822,-3.860644578933716,1751,34,2,0,,31.57494354248047,OUTBOUND,-34.40312957763672,0.011487342876760776,
1,40.656333923339844,1.5910958051681519,0.8885335326194763,1.0964231491088867,15.881475040019723,29.96384237204341,-3.9268107414245605,1752,34,3,0,,108.75420379638672,OUTBOUND,-34.331207275390625,-0.011171971811146438,
1,41.141422271728516,1.5915732383728027,36.7684326171875,36.15919876098633,15.892965738021303,29.951750592528263,-3.8916614055633545,1753,34,4,0,,55.3155403137207,OUTBOUND,-34.93608093261719,-0.05735022920758039,
1,40.64131164550781,1.592051386833191,0.9399176836013794,1.1141748428344727,15.902472305024276,29.939616603134077,-3.917790174484253,1754,34,5,0,,114.13720703125,OUTBOUND,-34.335079193115234,-0.07378546021102365,
1,41.18190002441406,1.5925302505493164,5.7714924812316895,5.767497539520264,15.910286661004648,29.9275297762732,-3.919027805328369,1755,34,6,0,,47.349998474121094,OUTBOUND,-34.743038177490234,-0.0675354501600572,
1,41.139259338378906,1.593009352684021,29.926462173461914,30.17451286315918,15.91773686700617,29.915420719097803,-3.90982723236084,1756,34,7,0,,80.3878173828125,OUTBOUND,-34.86959457397461,-0.053117197061717074,
1,41.22090148925781,1.5934897661209106,16.75726318359375,16.51740264892578,15.92570128000807,29.903320479156903,-3.931131362915039,1757,34,8,0,,38.42274475097656,OUTBOUND,-34.9879150390625,-0.010120713709137308,
1,40.945518493652344,1.593970537185669,6.498628616333008,6.562687873840332,15.934774917026516,29.891213621090884,-3.915354013442993,1758,34,9,0,,39.66176223754883,OUTBOUND,-34.58782196044922,-0.0024460895063055485,
1,41.56067657470703,1.5944533348083496,0.45327815413475037,0.5215066075325012,15.942511654022383,29.879111903098586,-3.946626901626587,1759,34,10,0,,67.67951202392578,OUTBOUND,-35.133399963378906,-0.010444122651709674,
1,41.37875747680664,1.594939112663269,0.3896937072277069,0.424888014793396,15.950636741006747,29.86697755030971,-3.9700818061828613,1760,34,11,0,,44.89848327636719,OUTBOUND,-34.912662506103516,0.010995838283547645,
1,41.72611618041992,1.5954241752624512,9.627500534057617,9.817704200744629,15.958947159000672,29.85487426601082,-3.904547929763794,1761,34,12,0,,31.40971565246582,OUTBOUND,-35.371376037597656,0.04293882504660357,
1,41.10321044921875,1.595911979675293,22.88605499267578,22.45500946044922,15.970582213019952,29.8427269785239,-3.9704196453094482,1762,34,13,0,,81.41712951660156,OUTBOUND,-34.78821563720703,0.0871875687376674,
1,41.463748931884766,1.5963988304138184,0.2757595181465149,0.3134620487689972,15.9784357919998,29.83057727137936,-3.900078058242798,1763,34,14,0,,11.074992179870605,OUTBOUND,-35.20588684082031,0.12498697916284375,
1,41.63765335083008,1.5968854427337646,10.2670259475708,10.316445350646973,15.986336369998753,29.818403375361598,-3.9170351028442383,1764,34,15,0,,40.75883483886719,OUTBOUND,-35.48231887817383,0.12579530479689238,
1,41.59210968017578,1.5973726511001587,0.24069082736968994,0.29627108573913574,15.994821813015733,29.806213171220335,-3.926952362060547,1765,34,16,0,,24.48944091796875,OUTBOUND,-35.382049560546875,0.13606785096024718,
1,41.86424255371094,1.5978621244430542,17.28877830505371,17.085561752319336,16.00531706502079,29.79397854487143,-3.9656925201416016,1766,34,17,0,,56.122467041015625,OUTBOUND,-35.70488357543945,0.11267727998740439,
1,41.52943420410156,1.5983518362045288,6.643953800201416,6.682400703430176,16.0135383750021,29.781749240868425,-3.925801992416382,1767,34,18,0,,7.252983093261719,OUTBOUND,-35.32440948486328,0.07648218768566158,
1,41.600154876708984,1.5988421440124512,9.765484809875488,9.643010139465332,16.023385538021103,29.769486341636114,-3.9369864463806152,1768,34,19,0,,6.07050895690918,OUTBOUND,-35.37107849121094,0.06432081998335533,
1,41.243045806884766,1.599334716796875,45.545997619628906,45.24262237548828,16.033534743997734,29.757178077434062,-3.9666149616241455,1769,34,20,0,,153.80706787109375,OUTBOUND,-35.11906051635742,0.05969607914018917,
1,41.09300994873047,1.5998271703720093,17.4276065826416,17.302509307861328,16.041759952000575,29.74483589671849,-3.92744517326355,1770,34,21,0,,7.461105823516846,OUTBOUND,-35.0077018737793,0.05700300328193891,
1,40.54753494262695,1.600317358970642,30.455400466918945,30.064823150634766,16.049795564002125,29.732542524656772,-3.884971857070923,1771,34,22,0,,26.167770385742188,OUTBOUND,-34.49051284790039,0.014248861596935414,
1,40.761802673339844,1.6008023023605347,11.692358016967773,11.43245792388916,16.060404999007005,29.720307199671876,-3.8222427368164062,1772,34,23,0,,85.01728820800781,OUTBOUND,-34.72454071044922,-0.012459914656644477,
1,41.06898498535156,1.6012858152389526,14.992000579833984,14.980701446533203,16.07175672001904,29.708035165984576,-3.8853304386138916,1773,34,24,0,,106.31570434570312,OUTBOUND,-34.77743148803711,0.023916514666076468,
1,40.918212890625,1.601768136024475,16.962968826293945,16.808134078979492,16.081477956002345,29.69576575882541,-3.888357639312744,1774,34,25,0,,63.13811111450195,OUTBOUND,-34.50074768066406,0.06009216813942825,
1,41.11149597167969,1.6022518873214722,36.31981658935547,35.980323791503906,16.090907936013537,29.68351875691132,-3.934889316558838,1775,34,26,0,,43.15030288696289,OUTBOUND,-34.77758026123047,0.07023600826985898,
1,41.273765563964844,1.6027376651763916,26.461280822753906,26.135496139526367,16.10058985700016,29.67129908793967,-3.9481472969055176,1776,34,27,0,,42.41596603393555,OUTBOUND,-34.93972396850586,0.0710510628299148,
1,41.33189010620117,1.6032212972640991,14.684016227722168,14.70370101928711,16.109455412020907,29.65904645836232,-3.8721611499786377,1777,34,28,0,,74.33442687988281,OUTBOUND,-35.04933547973633,0.045036875239318534,
1,41.602317810058594,1.6037038564682007,17.04701042175293,16.74167823791504,16.11801205802476,29.64678772125225,-3.8891704082489014,1778,34,29,0,,29.838224411010742,OUTBOUND,-35.20250701904297,0.01795778370113366,
1,41.80137634277344,1.604188323020935,7.127026557922363,7.156774520874023,16.126967768999748,29.6345081305528,-3.9453680515289307,1779,34,30,0,,70.32974243164062,OUTBOUND,-35.37075424194336,0.014804644404383015,
1,42.09748840332031,1.6046733856201172,9.28391170501709,9.422187805175781,16.137980030005565,29.622212301982042,-3.920165538787842,1780,34,31,0,,37.614418029785156,OUTBOUND,-35.58785629272461,0.01875328278489802,
1,41.7683219909668,1.6051573753356934,20.82246208190918,20.27617073059082,16.14607087802142,29.60989315241923,-3.8906710147857666,1781,34,32,0,,24.199275970458984,OUTBOUND,-35.356170654296875,0.047233078046271304,
1,42.117801666259766,1.6056424379348755,21.055133819580078,20.88617706298828,16.157944488018984,29.597569492108516,-3.928673028945923,1782,34,33,0,,67.3380355834961,OUTBOUND,-35.788543701171875,0.06670532053716004,
1,41.98563003540039,1.6061275005340576,20.56181526184082,20.653240203857422,16.169310569006484,29.585322519335225,-3.9100821018218994,1783,34,34,0,,32.78548049926758,OUTBOUND,-35.6546745300293,0.04053307639363466,
1,42.03117370605469,1.6066101789474487,6.830024719238281,6.758423805236816,16.177294034016086,29.57304522820128,-3.8670878410339355,1784,34,35,0,,7.863728046417236,OUTBOUND,-35.84575271606445,0.019526297321007653,
1,41.45672607421875,1.6070952415466309,24.301593780517578,23.862327575683594,16.185259532008786,29.560824577191436,-3.950009822845459,1785,34,36,0,,60.5875244140625,OUTBOUND,-35.12940979003906,0.02318599039483025,
1,42.28424072265625,1.6075810194015503,0.44413840770721436,0.5299440026283264,16.19338806401356,29.548608276163996,-3.9224801063537598,1786,34,37,0,,67.63774871826172,OUTBOUND,-35.9250373840332,0.006141446334108037,
1,42.443946838378906,1.608066439628601,0.3940114974975586,0.46700069308280945,16.202124967006966,29.536373609312307,-3.905824661254883,1787,34,38,0,,73.10469818115234,OUTBOUND,-36.0914306640625,-0.016439255535735706,
1,42.14931106567383,1.6085489988327026,24.676485061645508,24.18819236755371,16.210475768020842,29.52420515615416,-3.852778911590576,1788,34,39,0,,60.863033294677734,OUTBOUND,-35.898155212402344,-0.0362929167583541,
1,41.95800018310547,1.6090303659439087,33.579044342041016,33.17863464355469,16.222048144001747,29.51207047650202,-3.883875846862793,1789,34,40,0,,82.05508422851562,OUTBOUND,-35.7971076965332,-0.04750864152903961,
1,41.763179779052734,1.6095123291015625,58.807430267333984,58.04245376586914,16.234159624000313,29.499911254804275,-3.9142684936523438,1790,34,41,0,,195.57321166992188,OUTBOUND,-35.66271209716797,-0.0570390703277592,
1,41.59771728515625,1.609997034072876,10.625028610229492,10.855513572692871,16.245675968006253,29.487754537274974,-3.9528613090515137,1791,34,42,0,,70.05745697021484,OUTBOUND,-35.36810302734375,-0.07007823550856938,
1,41.9552116394043,1.6104812622070312,0.9843608140945435,1.0808366537094116,16.25782461601193,29.47565095491855,-3.8993523120880127,1792,34,43,0,,131.97915649414062,OUTBOUND,-35.60298156738281,-0.06729860249942982,
1,42.12370300292969,1.6109633445739746,10.970989227294922,10.965826988220215,16.268166043009842,29.46352404687532,-3.863746404647827,1793,34,44,0,,77.22929382324219,OUTBOUND,-35.739593505859375,-0.06438933939020758,
1,42.0662956237793,1.6114462614059448,0.9286326169967651,0.9895044565200806,16.27842957500252,29.4514302152692,-3.920016050338745,1794,34,45,0,,126.22986602783203,OUTBOUND,-35.46298599243164,-0.06046217951992743,
1,42.52192687988281,1.6119277477264404,6.125426769256592,5.971639156341553,16.290015355014475,29.439295661753277,-3.8752851486206055,1795,34,46,0,,49.87779235839844,OUTBOUND,-35.94481658935547,-0.03394142432892954,
1,42.292625427246094,1.6124094724655151,10.788481712341309,10.898361206054688,16.30375279299915,29.42719483212711,-3.9036049842834473,1796,34,47,0,,9.074043273925781,OUTBOUND,-35.75743865966797,0.007684804558816743,
1,42.539329528808594,1.612892746925354,22.70895004272461,22.70343017578125,16.317740422004135,29.415053335659323,-3.9313316345214844,1797,34,48,0,,107.77642822265625,OUTBOUND,-36.115718841552734,0.034263443685767954,
1,42.86235427856445,1.6133743524551392,11.215875625610352,11.093117713928223,16.331579078017967,29.402882179470094,-3.8709006309509277,1798,34,49,0,,68.55113220214844,OUTBOUND,-36.603355407714844,0.021746657340935328,
1,42.710140228271484,1.613855004310608,33.151588439941406,33.14433288574219,16.345084984001005,29.390687775213507,-3.88086199760437,1799,34,50,0,,148.34336853027344,OUTBOUND,-36.476863861083984,0.01470620598735268,
1,42.44606399536133,1.6143356561660767,30.88372802734375,30.980016708374023,16.35356136201881,29.3784801894764,-3.8981246948242188,1800,34,51,0,,111.96913146972656,OUTBOUND,-36.401344299316406,0.018965622533306276,
1,42.12538528442383,1.6148182153701782,28.560932159423828,28.245941162109375,16.361894407018553,29.366237436588797,-3.9345335960388184,1801,34,52,0,,67.17079162597656,OUTBOUND,-36.05104064941406,-0.001198460444487215,
1,42.14287185668945,1.6153013706207275,0.8026284575462341,0.9527660012245178,16.37002553002094,29.353984293362817,-3.909602165222168,1802,34,53,0,,114.64934539794922,FAILURE,-35.96099853515625,-10.011124560134286,
1,41.773868560791016,1.6157838106155396,25.176807403564453,24.717918395996094,16.379318818013417,29.987969019465478,-3.890157461166382,1803,35,1,0,,13.204463958740234,OUTBOUND,-35.61265563964844,0.01829261585784296,
1,41.59320068359375,1.6162679195404053,34.33893585205078,33.69157409667969,16.387510972010205,29.97589854290566,-3.9301838874816895,1804,35,2,0,,22.713308334350586,OUTBOUND,-35.39554977416992,0.03003428323780651,
1,41.161720275878906,1.6167500019073486,35.67620086669922,35.53865051269531,16.39590357002453,29.96384698876349,-3.864826202392578,1805,35,3,0,,31.54533576965332,OUTBOUND,-34.99492645263672,0.014504288109192992,
1,41.520816802978516,1.617233395576477,5.990622520446777,6.069596767425537,16.406414219003636,29.951778304851292,-3.92091965675354,1806,35,4,0,,163.47628784179688,OUTBOUND,-35.18124771118164,-0.010737518046122933,
1,41.804622650146484,1.6177172660827637,46.09199523925781,45.13471984863281,16.41506792101427,29.93971807162374,-3.913649559020996,1807,35,5,0,,61.74571228027344,OUTBOUND,-35.54865646362305,-0.03560266529754963,
1,42.09395980834961,1.618201732635498,11.753339767456055,11.70112133026123,16.422769324999535,29.92764442459435,-3.9108622074127197,1808,35,6,0,,137.20697021484375,OUTBOUND,-35.63994598388672,-0.012522419892799909,
1,41.51337814331055,1.6186877489089966,45.77840042114258,44.71998977661133,16.431260302022565,29.915555703551515,-3.9310154914855957,1809,35,7,0,,51.58735275268555,OUTBOUND,-35.158870697021484,0.02254060097165132,
1,41.8317756652832,1.6191754341125488,8.200735092163086,7.9876909255981445,16.44073584600119,29.903410613790506,-3.9366023540496826,1810,35,8,0,,144.98158264160156,OUTBOUND,-35.352108001708984,0.06786343661444916,
1,41.935298919677734,1.619663119316101,38.35406494140625,37.72209167480469,16.452162221015897,29.89126510100865,-3.9089910984039307,1811,35,9,0,,15.224435806274414,OUTBOUND,-35.47355651855469,0.07325916825099403,
1,41.504310607910156,1.6201517581939697,25.136486053466797,24.878862380981445,16.46369469500496,29.879100595725674,-3.92407488822937,1812,35,10,0,,50.79195022583008,OUTBOUND,-34.97859573364258,0.07535373676686764,
1,42.79902648925781,1.6206400394439697,1.3040859699249268,1.396243691444397,16.47335869501694,29.866942103579277,-3.901820182800293,1813,35,11,0,,159.6105194091797,OUTBOUND,-36.194183349609375,0.0867475074395454,
1,42.958465576171875,1.621127963066101,7.710704326629639,7.527692794799805,16.482137605024036,29.85482346131343,-3.9036576747894287,1814,35,12,0,,87.94229888916016,OUTBOUND,-36.364566802978516,0.057933972581080774,
1,42.57782745361328,1.6216158866882324,19.24733543395996,18.814701080322266,16.49248033601907,29.842761350555698,-3.9062113761901855,1815,35,13,0,,40.98748016357422,OUTBOUND,-36.10084915161133,0.02107829715681948,
1,43.17338943481445,1.6221026182174683,27.453224182128906,27.260282516479492,16.502432752022287,29.83074294009095,-3.8836960792541504,1816,35,14,0,,95.97322845458984,OUTBOUND,-36.77912902832031,0.005083865430070842,
1,43.58064270019531,1.622591257095337,0.3045938014984131,0.37851205468177795,16.512056400009897,29.818701318618185,-3.941572666168213,1817,35,15,0,,17.647022247314453,OUTBOUND,-37.072505950927734,0.0010739937549515942,
1,43.51403045654297,1.6230820417404175,0.23521688580513,0.2998940348625183,16.523879169020802,29.80663453945596,-3.9480206966400146,1818,35,16,0,,12.724309921264648,OUTBOUND,-37.03009033203125,0.007654042012659051,
1,43.05681228637695,1.6235705614089966,0.4327855706214905,0.5956276655197144,16.538205524004297,29.79456709653859,-3.869074821472168,1819,35,17,0,,15.244717597961426,OUTBOUND,-36.63473892211914,0.050085796884239475,
1,42.85012435913086,1.6240601539611816,18.42421531677246,17.96221923828125,16.551282550004544,29.78250535107916,-3.9254868030548096,1820,35,18,0,,101.37084197998047,OUTBOUND,-36.47156524658203,0.0797136092861161,
1,43.51173400878906,1.6245492696762085,0.27049270272254944,0.36337679624557495,16.564583962026518,29.7704283960496,-3.901005268096924,1821,35,19,0,,14.280105590820312,OUTBOUND,-37.25981140136719,0.08897889714575193,
1,43.033939361572266,1.625037670135498,40.49724578857422,39.47502899169922,16.577587347012013,29.75832740705967,-3.8937385082244873,1822,35,20,0,,168.04554748535156,OUTBOUND,-36.797035217285156,0.06980805159297365,
1,43.776309967041016,1.6255263090133667,0.19737999141216278,0.23107750713825226,16.58677872401313,29.74624500298256,-3.911618947982788,1823,35,21,0,,8.9214506149292,OUTBOUND,-37.53777313232422,0.07650698654922757,
1,43.073387145996094,1.6260178089141846,9.358534812927246,9.48279857635498,16.595868962001987,29.734127020053897,-3.9581680297851562,1824,35,22,0,,10.2685546875,OUTBOUND,-36.79949188232422,0.07912877706584333,
1,42.411109924316406,1.626514196395874,11.542993545532227,11.292824745178223,16.608465714001795,29.72204228493768,-4.002870559692383,1825,35,23,0,,44.442405700683594,OUTBOUND,-36.03813171386719,0.05076993519809222,
1,43.288700103759766,1.6270110607147217,28.307905197143555,28.08848762512207,16.620797514013248,29.7099527262212,-3.9312922954559326,1826,35,24,0,,49.918609619140625,OUTBOUND,-37.02344512939453,0.07304950081006488,
1,43.011226654052734,1.6275076866149902,1.0230603218078613,1.1063567399978638,16.63348125902121,29.6978510740072,-3.9139564037323,1827,35,25,0,,133.16546630859375,OUTBOUND,-36.62809753417969,0.10558850555030912,
1,43.27629852294922,1.628005862236023,0.8817801475524902,0.9385225772857666,16.646313535020454,29.685733721668896,-3.9512665271759033,1828,35,26,0,,112.72688293457031,OUTBOUND,-36.757301330566406,0.09745018178734188,
1,43.045936584472656,1.628503441810608,11.119876861572266,11.144814491271973,16.65453931601951,29.6736374743218,-3.9110612869262695,1829,35,27,0,,46.52927017211914,OUTBOUND,-36.44866943359375,0.07137212640147116,
1,43.34950256347656,1.6290013790130615,49.526519775390625,48.88825607299805,16.663194987020688,29.661535700716225,-3.927680253982544,1830,35,28,0,,144.0957794189453,OUTBOUND,-36.93305206298828,0.08611326030716551,
1,43.09412384033203,1.6294959783554077,13.063377380371094,13.024577140808105,16.673677206010325,29.649383509332168,-3.8614261150360107,1831,35,29,0,,30.563037872314453,OUTBOUND,-36.763484954833984,0.11688888297265117,
1,43.3099479675293,1.6299928426742554,43.31776428222656,42.9927978515625,16.681788945017615,29.637207581746804,-3.9545769691467285,1832,35,30,0,,136.22914123535156,OUTBOUND,-36.982391357421875,0.09237591966979856,
1,43.73887252807617,1.6304868459701538,0.43237069249153137,0.4980485439300537,16.689635266026016,29.625071470437014,-3.866743326187134,1833,35,31,0,,64.1948013305664,OUTBOUND,-37.40312957763672,0.04687392467989551,
1,43.49075698852539,1.6309807300567627,0.7389322519302368,0.885000467300415,16.698241431004135,29.612908585617927,-3.9113845825195312,1834,35,32,0,,100.94200134277344,OUTBOUND,-36.90916061401367,0.06131381616120927,
1,43.82481002807617,1.631475567817688,16.635332107543945,16.270442962646484,16.708704039017903,29.600738758249296,-3.9324991703033447,1835,35,33,0,,7.100229740142822,OUTBOUND,-37.314823150634766,0.06592117895209745,
1,43.85003662109375,1.6319708824157715,0.41110628843307495,0.5438724756240845,16.717641141003696,29.588553031080995,-3.923023223876953,1836,35,34,0,,47.37418746948242,OUTBOUND,-37.25324630737305,0.06692226586282571,
1,43.38409423828125,1.6324665546417236,43.244598388671875,42.98680877685547,16.725516901002266,29.576359896101472,-3.9201767444610596,1837,35,35,0,,169.80783081054688,OUTBOUND,-36.99995803833008,0.11472856309335645,
1,43.763465881347656,1.6329628229141235,51.7491455078125,51.37812423706055,16.734854950016597,29.564123985013357,-3.928863048553467,1838,35,36,0,,261.6298828125,OUTBOUND,-37.46295166015625,0.12384137806802481,
1,43.843936920166016,1.633457899093628,0.4191839396953583,0.4964810013771057,16.746277981001185,29.55190807980013,-3.8934245109558105,1839,35,37,0,,60.52488327026367,OUTBOUND,-37.45649337768555,0.07977437630083455,
1,43.39179992675781,1.633951187133789,11.701342582702637,11.87868595123291,16.75866306500393,29.539765711989723,-3.880443811416626,1840,35,38,0,,5.983608245849609,OUTBOUND,-37.04795837402344,0.03673918161162953,
1,43.48517990112305,1.6344431638717651,12.328873634338379,12.285704612731934,16.767799777007895,29.527613072029006,-3.8852908611297607,1841,35,39,0,,8.894294738769531,OUTBOUND,-37.097599029541016,0.011611662117793837,
1,43.20819091796875,1.6349378824234009,20.477415084838867,20.267047882080078,16.777453343005618,29.515463826360985,-3.959843635559082,1842,35,40,0,,42.0650634765625,OUTBOUND,-36.82862854003906,0.0054691470582572494,
1,43.531837463378906,1.635432481765747,11.166325569152832,11.32270336151123,16.785891185019864,29.503268760278697,-3.9095547199249268,1843,35,41,0,,21.50831413269043,OUTBOUND,-37.15571975708008,-0.01713306533455682,
1,43.75421142578125,1.6359285116195679,11.153063774108887,11.376267433166504,16.794301585003268,29.491069394755602,-3.939958333969116,1844,35,42,0,,15.839194297790527,OUTBOUND,-37.443931579589844,-0.03617393777600611,
1,43.752227783203125,1.6364245414733887,0.8852106928825378,1.0344969034194946,16.803037341014715,29.47885766130083,-3.911900281906128,1845,35,43,0,,99.48287963867188,OUTBOUND,-37.17887496948242,-0.027240501582166326,
1,43.58259582519531,1.6369218826293945,18.95108413696289,18.86185073852539,16.814048494998133,29.466607867080626,-3.940438985824585,1846,35,44,0,,8.155874252319336,OUTBOUND,-37.06583023071289,-0.053037698020927886,
1,43.79133224487305,1.637420892715454,36.43877410888672,36.07933807373047,16.82661504400312,29.45430949632491,-3.94868540763855,1847,35,45,0,,87.652099609375,OUTBOUND,-37.390159606933594,-0.08778993233051136,
1,43.923011779785156,1.6379199028015137,0.5382484197616577,0.5457124710083008,16.8361566880194,29.441965352574833,-3.917302131652832,1848,35,46,0,,80.4941177368164,OUTBOUND,-37.411521911621094,-0.06942908408346672,
1,43.91366195678711,1.6384177207946777,0.46047353744506836,0.5373663902282715,16.846285181003623,29.42963716856987,-3.8985304832458496,1849,35,47,0,,55.77547836303711,OUTBOUND,-37.40138244628906,-0.02285478450527159,
1,44.107810974121094,1.6389137506484985,0.5602048635482788,0.6929035782814026,16.85522744699847,29.417269927445798,-3.880668878555298,1850,35,48,0,,55.56422805786133,OUTBOUND,-37.579933166503906,-0.048959222066097166,
1,44.5781135559082,1.6394119262695312,0.20819316804409027,0.23434443771839142,16.867679610004416,29.40492654992933,-3.954637050628662,1851,35,49,0,,2.9726481437683105,OUTBOUND,-37.936153411865234,-0.1017323289334641,
1,44.59996032714844,1.6399105787277222,0.23822401463985443,0.3050277531147003,16.87965922401054,29.392586244485855,-3.925621271133423,1852,35,50,0,,28.357921600341797,OUTBOUND,-38.04300308227539,-0.13671943960450986,
1,44.79758071899414,1.640411615371704,39.53827667236328,39.037899017333984,16.889596296998207,29.380201906216726,-3.961822271347046,1853,35,51,0,,232.91905212402344,OUTBOUND,-38.30552673339844,-0.16148377445572534,
1,44.65205764770508,1.640912652015686,16.208066940307617,15.993325233459473,16.898149672022555,29.367843290074347,-3.9196975231170654,1854,35,52,0,,115.66402435302734,OUTBOUND,-38.327049255371094,-0.13388701631049246,
1,43.79917907714844,1.6414153575897217,27.461698532104492,27.40700912475586,16.907654436014127,29.355526459756078,-3.953113079071045,1855,35,53,0,,114.899658203125,OUTBOUND,-37.62968063354492,-0.08947758478703492,
1,43.7132568359375,1.6419154405593872,29.859037399291992,29.42479705810547,16.916521586012095,29.343224852245786,-3.874850273132324,1856,35,54,0,,114.80989837646484,OUTBOUND,-37.70444869995117,-0.07165053167507797,
1,43.6668701171875,1.6424144506454468,11.924113273620605,12.128939628601074,16.92450797301717,29.330906641103986,-3.9004244804382324,1857,35,55,0,,34.685218811035156,FAILURE,-37.46601867675781,-0.067823052995354,
1,43.472999572753906,1.6429120302200317,61.451053619384766,60.915557861328125,16.935939917020733,29.98799645343504,-3.888251543045044,1858,36,1,0,,148.3188934326172,OUTBOUND,-37.495452880859375,-0.008411283088948366,
1,43.09214401245117,1.643407940864563,14.600028038024902,14.702025413513184,16.944970385025954,29.975929134112263,-3.8831043243408203,1859,36,2,0,,142.99252319335938,OUTBOUND,-36.90144348144531,0.01592435780672935,
1,43.390472412109375,1.6439040899276733,2.6201541423797607,2.8393163681030273,16.953248446021462,29.96383683736652,-3.915740489959717,1860,36,3,0,,246.06500244140625,OUTBOUND,-37.01539993286133,0.015010884542346524,
1,43.55862808227539,1.6444019079208374,13.114480018615723,13.188470840454102,16.96101984701818,29.951743187187834,-3.939323663711548,1861,36,4,0,,173.7476348876953,OUTBOUND,-37.08510208129883,-0.037799848866499404,
1,43.29241180419922,1.6449004411697388,20.15715980529785,19.622499465942383,16.97242377200746,29.93963616326783,-3.9286997318267822,1862,36,5,0,,124.74833679199219,OUTBOUND,-36.60624694824219,-0.035718657282178115,
1,43.63168716430664,1.645399808883667,19.11146354675293,18.589948654174805,16.98208212701138,29.92751926561772,-3.92824649810791,1863,36,6,0,,134.67056274414062,OUTBOUND,-36.889766693115234,0.008530294410537124,
1,44.221317291259766,1.6459004878997803,14.201678276062012,13.916977882385254,16.99246287002461,29.915367430028088,-3.9420342445373535,1864,36,7,0,,100.49871826171875,OUTBOUND,-37.417259216308594,-0.022873472483170995,
1,44.35871124267578,1.646401047706604,1.0492674112319946,0.8876814246177673,17.001126112998463,29.90325106645775,-3.913003921508789,1865,36,8,0,,127.8186264038086,OUTBOUND,-37.49339294433594,-0.05947791286020845,
1,44.272090911865234,1.6469032764434814,72.19694519042969,71.70458984375,17.01110994000919,29.891106837765324,-3.951572895050049,1866,36,9,0,,278.5265197753906,OUTBOUND,-37.56916427612305,-0.058954808135288424,
1,44.988590240478516,1.647404670715332,11.709504127502441,11.686246871948242,17.024329359002877,29.878954345063406,-3.901503562927246,1867,36,10,0,,43.87674331665039,OUTBOUND,-38.28936004638672,-0.0418323536517084,
1,45.24004364013672,1.6479072570800781,31.418582916259766,31.51071548461914,17.037592602020595,29.86672444217765,-3.941673994064331,1868,36,11,0,,174.4525909423828,OUTBOUND,-38.75856399536133,-0.0006412287459979482,
1,44.647422790527344,1.648410677909851,12.716931343078613,13.035616874694824,17.049224542017328,29.854446758261155,-3.9352943897247314,1869,36,12,0,,89.7731704711914,OUTBOUND,-38.217506408691406,0.0004443587512441841,
1,44.72371292114258,1.648911952972412,67.11373138427734,66.19224548339844,17.062190884025767,29.842135744815693,-3.882586717605591,1870,36,13,0,,341.89910888671875,OUTBOUND,-38.47658920288086,-0.026071795856048637,
1,44.7021484375,1.6494133472442627,16.419021606445312,16.244571685791016,17.075991121004336,29.82976103944762,-3.9190335273742676,1871,36,14,0,,52.86374282836914,OUTBOUND,-38.43827819824219,0.0015092963966157817,
1,43.840087890625,1.6499135494232178,26.57697868347168,26.214313507080078,17.08832410100149,29.81739093190358,-3.8945353031158447,1872,36,15,0,,55.67457962036133,OUTBOUND,-37.665252685546875,0.06903224260983805,
1,44.218841552734375,1.6504143476486206,0.5599413514137268,0.8918002843856812,17.10030945300241,29.804978973832046,-3.9262173175811768,1873,36,16,0,,96.16796112060547,OUTBOUND,-37.9112548828125,0.08843110937504141,
1,44.34607696533203,1.6509177684783936,17.2644100189209,17.23182487487793,17.112488070008112,29.79253544346861,-3.965458393096924,1874,36,17,0,,29.835704803466797,OUTBOUND,-37.942626953125,0.08600650233618791,
1,44.07051467895508,1.6514209508895874,48.62529373168945,48.12379455566406,17.124975229002303,29.780064205302175,-3.913687229156494,1875,36,18,0,,101.75651550292969,OUTBOUND,-37.72927474975586,0.11947535685901635,
1,43.225223541259766,1.6519240140914917,51.18300247192383,50.639923095703125,17.133493095025187,29.767576233378552,-3.919161319732666,1876,36,19,0,,42.21364974975586,OUTBOUND,-36.93706512451172,0.15116133601651793,
1,44.09849166870117,1.652428150177002,22.58831214904785,22.326696395874023,17.14231172701693,29.755040031329216,-3.9371390342712402,1877,36,20,0,,96.55644226074219,OUTBOUND,-37.70596694946289,0.1204503952695856,
1,43.33360290527344,1.6529310941696167,9.920979499816895,9.849987030029297,17.15382277200115,29.74249642574037,-3.899614095687866,1878,36,21,0,,207.6566619873047,OUTBOUND,-36.840904235839844,0.08329604201479257,
1,44.111846923828125,1.6534361839294434,17.213577270507812,16.842912673950195,17.163591418007854,29.72991541627499,-3.9579479694366455,1879,36,22,0,,155.9290008544922,OUTBOUND,-37.40126419067383,0.08645127092572322,
1,43.71202087402344,1.6539413928985596,30.012752532958984,29.566715240478516,17.171653273020638,29.71737014399707,-3.924100399017334,1880,36,23,0,,62.0625114440918,OUTBOUND,-37.04216384887695,0.11546309163741642,
1,44.524723052978516,1.654444932937622,12.370071411132812,12.004342079162598,17.17991000402253,29.704782428459055,-3.8931515216827393,1881,36,24,0,,93.69319152832031,OUTBOUND,-37.76191329956055,0.17589968662198766,
1,44.946624755859375,1.6549487113952637,1.0357818603515625,0.8730800151824951,17.189303004008252,29.692211330413674,-3.9210093021392822,1882,36,25,0,,127.23522186279297,FAILURE,-38.08383560180664,0.23305205036069296,
1,45.01847457885742,1.6554524898529053,9.830697059631348,9.750783920288086,17.199718730000313,29.98799827280446,-3.918027877807617,1883,37,1,0,,25.268953323364258,OUTBOUND,-38.2354736328125,-0.016096507634637842,
1,45.412742614746094,1.6559562683105469,33.69853210449219,33.67461395263672,17.209635896026157,29.975968226558614,-3.917670726776123,1884,37,2,0,,133.4429473876953,OUTBOUND,-38.70857620239258,0.0030789374895677777,
1,45.62945556640625,1.6564593315124512,32.79249954223633,32.37753677368164,17.221773602999747,29.963903595478623,-3.9065444469451904,1885,37,3,0,,170.94097900390625,OUTBOUND,-39.13146209716797,0.05422256203081519,
1,45.47329330444336,1.6569644212722778,12.765970230102539,12.743247985839844,17.231302490021335,29.95181072670517,-3.955380439758301,1886,37,4,0,,86.24529266357422,OUTBOUND,-38.990657806396484,0.05394174732170749,
1,45.92376708984375,1.6574714183807373,0.23765277862548828,0.3038126826286316,17.239786628022557,29.93974059134096,-3.9532978534698486,1887,37,5,0,,11.739249229431152,OUTBOUND,-39.401222229003906,0.057439589506162875,
1,44.854400634765625,1.6579774618148804,12.695260047912598,12.834237098693848,17.250718655006494,29.927618109544323,-3.9083662033081055,1888,37,6,0,,48.6799201965332,OUTBOUND,-38.413787841796875,0.06363347287572234,
1,45.296810150146484,1.6584841012954712,0.25327542424201965,0.3233773410320282,17.26183966200915,29.915526965104483,-3.930521011352539,1889,37,7,0,,18.683061599731445,OUTBOUND,-38.865203857421875,0.016884516998336176,
1,45.468929290771484,1.6589897871017456,0.36358100175857544,0.45586246252059937,17.274542530009057,29.903443250366443,-3.902956485748291,1890,37,8,0,,30.5723819732666,OUTBOUND,-39.07442092895508,-0.01991224379790154,
1,45.040584564208984,1.6594934463500977,22.10576629638672,22.009153366088867,17.288604411005508,29.891332378107624,-3.8849964141845703,1891,37,9,0,,78.52188873291016,OUTBOUND,-38.68505096435547,-0.06524567492667822,
1,44.785499572753906,1.6599961519241333,23.472360610961914,22.987855911254883,17.301697798015084,29.87920028809985,-3.896615505218506,1892,37,10,0,,69.17406463623047,OUTBOUND,-38.46747589111328,-0.12328380583254524,
1,44.56444549560547,1.6605000495910645,16.788095474243164,16.75527572631836,17.31559802000993,29.867040812179855,-3.938371181488037,1893,37,11,0,,14.137439727783203,OUTBOUND,-38.244911193847656,-0.18007621125233086,
1,45.39348602294922,1.6610032320022583,0.9170188307762146,0.9309991598129272,17.32895123801427,29.85484353808613,-3.9011318683624268,1894,37,12,0,,130.4085235595703,OUTBOUND,-38.851932525634766,-0.18001340406702301,
1,44.851524353027344,1.661501407623291,1.0647311210632324,0.9991875290870667,17.336922524002148,29.84267577676459,-3.8224754333496094,1895,37,13,0,,139.7184295654297,OUTBOUND,-38.35702133178711,-0.18294108876731244,
1,44.328102111816406,1.6619991064071655,0.9648675918579102,0.8949055671691895,17.34550013000262,29.830460524153136,-3.8969345092773438,1896,37,14,0,,117.18232727050781,OUTBOUND,-37.61766052246094,-0.24535378743581954,
1,44.92958450317383,1.6624956130981445,38.34999084472656,37.83527374267578,17.354242116009118,29.818257329021264,-3.8806912899017334,1897,37,15,0,,110.19210052490234,OUTBOUND,-38.39167022705078,-0.2613387961864147,
1,45.19246292114258,1.6629936695098877,16.660810470581055,16.65932846069336,17.366675507015316,29.80604054676493,-3.9311952590942383,1898,37,16,0,,18.253280639648438,OUTBOUND,-38.65228271484375,-0.26210478240178814,
1,45.14430618286133,1.6634883880615234,27.299837112426758,27.395503997802734,17.380311076005455,29.79380863831183,-3.841627836227417,1899,37,17,0,,32.44795608520508,OUTBOUND,-38.701080322265625,-0.2633823006556566,
1,45.6594123840332,1.66398024559021,0.48321595788002014,0.5012519359588623,17.39456740001333,29.781573245186355,-3.844813108444214,1900,37,18,0,,71.09925079345703,OUTBOUND,-39.214866638183594,-0.2733996624669091,
1,45.185707092285156,1.66447114944458,26.6953067779541,26.534069061279297,17.40351536401431,29.769331675712284,-3.8733935356140137,1901,37,19,0,,79.3973388671875,OUTBOUND,-38.78740310668945,-0.3249530199091629,
1,45.51921844482422,1.6649631261825562,0.43157631158828735,0.5107239484786987,17.415344259003177,29.75708481092813,-3.9118926525115967,1902,37,20,0,,67.67499542236328,OUTBOUND,-38.92446517944336,-0.349394068575217,
1,45.724998474121094,1.6654552221298218,0.4214988052845001,0.5073721408843994,17.425889332022052,29.74480196918772,-3.8920717239379883,1903,37,21,0,,53.15119934082031,OUTBOUND,-39.10420608520508,-0.3708710822224008,
1,45.43778991699219,1.6659488677978516,35.60900115966797,35.39842987060547,17.434055621997686,29.732482613357174,-3.9192750453948975,1904,37,22,0,,136.4168243408203,OUTBOUND,-38.917476654052734,-0.39021721221615824,
1,45.917701721191406,1.666442632675171,26.792694091796875,26.58016586303711,17.441797757026507,29.72017082869776,-3.897444725036621,1905,37,23,0,,71.4241714477539,OUTBOUND,-39.46391296386719,-0.3664558492021872,
1,45.755489349365234,1.6669362783432007,0.36405885219573975,0.43418052792549133,17.44991809601197,29.70784829261694,-3.890162944793701,1906,37,24,0,,31.366497039794922,OUTBOUND,-39.26547622680664,-0.3856375894952098,
1,45.43718719482422,1.6674301624298096,0.48925837874412537,0.625796377658844,17.459913163998863,29.695476448612904,-3.897801637649536,1907,37,25,0,,61.076698303222656,OUTBOUND,-38.9098014831543,-0.3865709448844367,
1,45.811859130859375,1.667924165725708,0.39843589067459106,0.4766736924648285,17.47124225902371,29.683155983791877,-3.894861936569214,1908,37,26,0,,58.42852783203125,OUTBOUND,-39.183414459228516,-0.3666282491424455,
1,45.817665100097656,1.6684186458587646,8.885741233825684,8.799803733825684,17.480554826004663,29.670868292943865,-3.904587745666504,1909,37,27,0,,9.333107948303223,FAILURE,-39.21154022216797,-10.400759089993164,
1,46.10552978515625,1.6689168214797974,0.3942941129207611,0.43531012535095215,17.490953378000995,29.987945911015345,-3.9587056636810303,1910,38,1,0,,33.1473388671875,OUTBOUND,-39.38623809814453,0.03154718243823388,
1,46.146339416503906,1.6694144010543823,23.29640769958496,23.059022903442383,17.500794848019723,29.97585988755497,-3.8935394287109375,1911,38,2,0,,110.35386657714844,OUTBOUND,-39.6328125,0.08749852196583635,
1,46.20115661621094,1.6699161529541016,19.470806121826172,19.47871208190918,17.508999276004033,29.963754004941194,-3.9726548194885254,1912,38,3,0,,106.08074188232422,OUTBOUND,-39.712379455566406,0.070226665047082,
1,46.165225982666016,1.6704187393188477,37.132286071777344,36.81390380859375,17.51771557200118,29.951683672138138,-3.9238498210906982,1913,38,4,0,,172.2857666015625,OUTBOUND,-39.855224609375,0.07050565728112672,
1,45.72110366821289,1.6709203720092773,46.20366668701172,45.94296646118164,17.52808602101868,29.939558558485313,-3.888317108154297,1914,38,5,0,,155.43231201171875,OUTBOUND,-39.536705017089844,0.11780882201847213,
1,44.66535186767578,1.6714261770248413,40.562740325927734,40.481056213378906,17.536620376020437,29.9274091093248,-3.9848365783691406,1915,38,6,0,,35.7971076965332,OUTBOUND,-38.36104965209961,0.15188550892329167,
1,45.21700668334961,1.6719324588775635,1.6156182289123535,1.8149577379226685,17.54454142402392,29.915227703269785,-3.9205639362335205,1916,38,7,0,,195.78460693359375,OUTBOUND,-38.85273361206055,0.18369225229651964,
1,44.682228088378906,1.672441005706787,2.324343681335449,2.560784339904785,17.555290846008575,29.903061439682205,-3.957059144973755,1917,38,8,0,,228.20315551757812,OUTBOUND,-38.20913314819336,0.19935039056564016,
1,45.415985107421875,1.6729499101638794,15.339021682739258,15.273601531982422,17.565715434000595,29.89091782848481,-3.922224760055542,1918,38,9,0,,137.4174041748047,OUTBOUND,-38.8059196472168,0.2140660837518382,
1,45.32099914550781,1.6734591722488403,2.282517910003662,2.380110263824463,17.574181101022987,29.878765346955316,-3.9245388507843018,1919,38,10,0,,227.34686279296875,OUTBOUND,-38.661033630371094,0.20703890698155733,
1,45.06038284301758,1.6739671230316162,59.02151107788086,58.761112213134766,17.58253851000336,29.866607321092566,-3.895340919494629,1920,38,11,0,,90.1474838256836,OUTBOUND,-38.44906997680664,0.22211199409221663,
1,45.483795166015625,1.6744755506515503,1.7751917839050293,1.872651219367981,17.591858311003307,29.85443577627848,-3.924630641937256,1921,38,12,0,,193.51609802246094,OUTBOUND,-38.73014831542969,0.2597741026159822,
1,45.89144515991211,1.6749821901321411,13.685370445251465,13.1235990524292,17.60123036202276,29.842240830328834,-3.8837783336639404,1922,38,13,0,,103.56754302978516,OUTBOUND,-39.14037322998047,0.2565175410246587,
1,45.50217056274414,1.6754878759384155,13.153002738952637,12.865840911865234,17.613725665025413,29.830037910104263,-3.8971407413482666,1923,38,14,0,,85.814208984375,OUTBOUND,-38.695960998535156,0.2538506514940926,
1,46.20688247680664,1.67599356174469,0.6194624900817871,0.6469360589981079,17.625734155008104,29.817804396884092,-3.9107232093811035,1924,38,15,0,,90.6327896118164,OUTBOUND,-39.22762680053711,0.2740523327714055,
1,47.381805419921875,1.6764971017837524,0.2457912713289261,0.2775973677635193,17.63830515902373,29.805582850189552,-3.87017560005188,1925,38,16,0,,28.065502166748047,OUTBOUND,-40.45637130737305,0.29469977673403774,
1,46.990509033203125,1.677003264427185,13.195072174072266,12.953675270080566,17.646476734022144,29.793320798802572,-3.953350305557251,1926,38,17,0,,71.16883850097656,OUTBOUND,-40.10932922363281,0.3208273440001903,
1,47.15547561645508,1.6775115728378296,0.5603101849555969,0.6813283562660217,17.656257063004887,29.781070191956236,-3.9521071910858154,1927,38,18,0,,85.42713165283203,OUTBOUND,-40.49119186401367,0.35910067322945166,
1,46.962005615234375,1.678017020225525,51.35039138793945,50.93156051635742,17.665087558008963,29.768770022683217,-3.8607091903686523,1928,38,19,0,,344.893310546875,OUTBOUND,-40.504093170166016,0.362806714854431,
1,47.34754180908203,1.6785228252410889,0.45919668674468994,0.545548141002655,17.67491125399829,29.756451477079583,-3.915010929107666,1929,38,20,0,,78.79281616210938,OUTBOUND,-40.91551971435547,0.31141965991101467,
1,47.181739807128906,1.6790287494659424,16.103504180908203,15.749162673950195,17.68712591100484,29.74415794669848,-3.9136962890625,1930,38,21,0,,166.8596954345703,OUTBOUND,-40.87158966064453,0.2509990883784942,
1,46.82379913330078,1.6795350313186646,15.656558990478516,15.275541305541992,17.698677967011463,29.731902885034398,-3.916736602783203,1931,38,22,0,,102.23457336425781,OUTBOUND,-40.55295944213867,0.24931822992035832,
1,45.91679000854492,1.6800403594970703,21.185508728027344,20.68634033203125,17.70640025701141,29.71961826473724,-3.890169620513916,1932,38,23,0,,91.9225082397461,OUTBOUND,-39.74252700805664,0.29415025859106786,
1,45.88842010498047,1.6805458068847656,0.5438385605812073,0.7698323130607605,17.714142076001735,29.707307470742883,-3.910626173019409,1933,38,24,0,,86.1603775024414,OUTBOUND,-39.57505798339844,0.30353370007123875,
1,46.28441619873047,1.681049108505249,1.1974589824676514,1.4859108924865723,17.723745498020435,29.695008931554753,-3.869889259338379,1934,38,25,0,,148.9925079345703,OUTBOUND,-39.824851989746094,0.2940438904456824,
1,46.20683670043945,1.6815537214279175,0.9784063100814819,1.1013703346252441,17.734916159010027,29.68267143278653,-3.9267847537994385,1935,38,26,0,,124.36956024169922,OUTBOUND,-39.60149002075195,0.29161901364293696,
1,46.58324432373047,1.6820586919784546,1.1542880535125732,1.1885305643081665,17.745752987015294,29.67033593594301,-3.9113824367523193,1936,38,27,0,,148.09339904785156,OUTBOUND,-39.79896545410156,0.28640592074081894,
1,45.47349166870117,1.6825652122497559,44.329078674316406,43.877540588378906,17.75798987800954,29.65798539662512,-3.9332566261291504,1937,38,28,0,,89.43729400634766,OUTBOUND,-38.895023345947266,0.28317715252768405,
1,46.44575500488281,1.6830685138702393,27.647319793701172,27.37665367126465,17.769015296013094,29.645633997413597,-3.850940227508545,1938,38,29,0,,25.857463836669922,OUTBOUND,-39.91396713256836,0.2697948880177336,
1,46.315643310546875,1.6835741996765137,0.7644514441490173,0.6407567262649536,17.780190418998245,29.633210214698153,-3.946810483932495,1939,38,30,0,,109.73616790771484,OUTBOUND,-39.582679748535156,0.2356869904123331,
1,46.53439712524414,1.6840811967849731,0.8935131430625916,0.843082070350647,17.793886533007026,29.6208375832722,-3.9306676387786865,1940,38,31,0,,111.60960388183594,OUTBOUND,-39.63136291503906,0.22380540367397112,
1,47.61716842651367,1.6845897436141968,0.3014267683029175,0.30604755878448486,17.804425773007097,29.608442067637025,-3.9349396228790283,1941,38,32,0,,35.704471588134766,FAILURE,-40.72727966308594,-9.785289201295978,
1,46.92174530029297,1.685100793838501,0.34291839599609375,0.41060522198677063,17.814578029006952,29.98797843751522,-3.9581942558288574,1942,39,1,0,,28.32369041442871,OUTBOUND,-40.003822326660156,0.0015047266060600262,
1,47.70689392089844,1.6856119632720947,29.064359664916992,28.92079734802246,17.82440157100791,29.97590848103431,-3.918707847595215,1943,39,2,0,,142.44815063476562,OUTBOUND,-41.00267791748047,0.043435128568569,
1,46.979732513427734,1.6861246824264526,57.73908233642578,57.25724411010742,17.833837850019336,29.963776926159802,-3.941826105117798,1944,39,3,0,,305.2026672363281,OUTBOUND,-40.314964294433594,0.07966444285868068,
1,47.59541320800781,1.6866384744644165,0.28938937187194824,0.33755579590797424,17.845353278011316,29.951636580919256,-3.9392364025115967,1945,39,4,0,,32.862606048583984,OUTBOUND,-40.972686767578125,0.08043430952237701,
1,46.77482604980469,1.6871503591537476,0.4049952030181885,0.45310649275779724,17.85915855501662,29.93950026140464,-3.8832883834838867,1946,39,5,0,,29.19915771484375,OUTBOUND,-40.258934020996094,0.06219957750197528,
1,47.276981353759766,1.6876606941223145,0.3132725954055786,0.35691145062446594,17.872610307007562,29.927348807854724,-3.8891892433166504,1947,39,6,0,,17.14103126525879,OUTBOUND,-40.79207229614258,0.018468057970882017,
1,47.00464630126953,1.6881686449050903,0.26439687609672546,0.32048022747039795,17.883833858009893,29.915201011505335,-3.868515729904175,1948,39,7,0,,14.634650230407715,OUTBOUND,-40.474151611328125,0.0022781084303714165,
1,47.428497314453125,1.6886754035949707,25.856914520263672,25.310274124145508,17.89372340400587,29.903052386553995,-3.886141061782837,1949,39,8,0,,133.14321899414062,OUTBOUND,-41.02938461303711,0.007712579053426236,
1,46.29270935058594,1.689181923866272,34.84254837036133,34.5348014831543,17.902279071015073,29.89087382610578,-3.9004180431365967,1950,39,9,0,,90.15699005126953,OUTBOUND,-40.03845977783203,-0.00850344366625896,
1,46.45071029663086,1.6896893978118896,27.35089874267578,27.04510498046875,17.910834655020153,29.878658214711027,-3.925116539001465,1951,39,10,0,,38.39086151123047,OUTBOUND,-40.09132766723633,-0.008369951080253749,
1,46.50242233276367,1.6901957988739014,1.0294662714004517,1.1354682445526123,17.91870788601227,29.866507620089514,-3.885895252227783,1952,39,11,0,,141.2186737060547,OUTBOUND,-40.041709899902344,0.012258301664557726,
1,46.82161331176758,1.6907044649124146,1.1315661668777466,1.1060924530029297,17.927779924008064,29.854362312574406,-3.945884943008423,1953,39,12,0,,153.60923767089844,OUTBOUND,-40.18838882446289,0.00927436768537274,
1,46.2504997253418,1.691217303276062,16.498136520385742,16.221210479736328,17.93647224002052,29.842201943803705,-3.9828946590423584,1954,39,13,0,,87.1281967163086,OUTBOUND,-39.504310607910156,0.006091886212360634,
1,46.81161880493164,1.6917266845703125,35.9941291809082,35.233116149902344,17.944047977012815,29.830013101375744,-3.8530755043029785,1955,39,14,0,,16.14788818359375,OUTBOUND,-40.25618362426758,-0.008035916968365541,
1,46.76483917236328,1.6922355890274048,15.03996753692627,15.07016372680664,17.95160561200464,29.817790748376883,-3.902763605117798,1956,39,15,0,,88.07186126708984,OUTBOUND,-39.999046325683594,-0.014082505599927762,
1,46.708709716796875,1.6927438974380493,7.495930194854736,7.213233947753906,17.96027450202382,29.805586461975043,-3.8935251235961914,1957,39,16,0,,68.63743591308594,OUTBOUND,-39.904258728027344,0.003141534398269583,
1,47.30335235595703,1.6932547092437744,0.638591468334198,0.6181889772415161,17.97068911700626,29.79337176676923,-3.9530739784240723,1958,39,17,0,,94.19833374023438,OUTBOUND,-40.37294006347656,-0.02040254595234679,
1,47.570945739746094,1.6937658786773682,0.37224194407463074,0.4041255712509155,17.979092660010792,29.781155869609734,-3.9191551208496094,1959,39,18,0,,41.847686767578125,OUTBOUND,-40.576332092285156,-0.03307244273105249,
1,48.0682258605957,1.6942774057388306,0.22371694445610046,0.2941948175430298,17.987919578998117,29.768988827354057,-3.9143574237823486,1960,39,19,0,,12.146629333496094,OUTBOUND,-41.18534851074219,-0.03967100295713647,
1,47.809967041015625,1.6947901248931885,34.89017105102539,34.58234405517578,17.997669948003022,29.75679272168616,-3.935551404953003,1961,39,20,0,,217.74794006347656,OUTBOUND,-41.053871154785156,-0.07529642607040767,
1,48.11225891113281,1.6953046321868896,44.568206787109375,44.819156646728516,18.005876767012523,29.744559672986572,-3.944293737411499,1962,39,21,0,,296.1189270019531,OUTBOUND,-41.44512939453125,-0.06275925375325635,
1,48.087074279785156,1.695820689201355,27.607826232910156,27.176223754882812,18.01385054300772,29.73237301524891,-3.9439809322357178,1963,39,22,0,,189.9990692138672,OUTBOUND,-41.49787139892578,-0.025265740519612657,
1,47.9923095703125,1.6963365077972412,31.650924682617188,31.30887222290039,18.02259240800049,29.720163838732436,-3.9167861938476562,1964,39,23,0,,205.95753479003906,OUTBOUND,-41.55922317504883,-0.008653942945994409,
1,47.921913146972656,1.6968542337417603,58.389549255371094,58.19758605957031,18.034162830008427,29.707945970338027,-3.951056480407715,1965,39,24,0,,268.09124755859375,OUTBOUND,-41.569454193115234,0.03227499473381896,
1,47.05246353149414,1.6973741054534912,0.38493067026138306,0.5856489539146423,18.045345703023486,29.69570860540185,-3.9592700004577637,1966,39,25,0,,59.80463409423828,OUTBOUND,-40.57207489013672,0.053369261773867784,
1,47.69658279418945,1.697892427444458,16.090728759765625,15.942070960998535,18.057189845014364,29.68347119232104,-3.8979110717773438,1967,39,26,0,,15.958008766174316,OUTBOUND,-41.2460823059082,0.05850281638743301,
1,46.80503463745117,1.6984107494354248,0.7919655442237854,0.9855366349220276,18.066391472006217,29.67118876551238,-3.922621011734009,1968,39,27,0,,126.76578521728516,OUTBOUND,-40.21695327758789,0.05315676531326657,
1,47.39140319824219,1.6989293098449707,0.8206398487091064,0.9867125749588013,18.074459827010287,29.658961659338964,-3.9250338077545166,1969,39,28,0,,129.623291015625,OUTBOUND,-40.69279479980469,0.044169893584726984,
1,47.893310546875,1.6994502544403076,8.760272026062012,8.643139839172363,18.08245103500667,29.646708931816722,-3.9652678966522217,1970,39,29,0,,80.22754669189453,OUTBOUND,-41.049720764160156,0.0523050755336786,
1,47.3780403137207,1.6999738216400146,10.22591495513916,10.178849220275879,18.09188205402461,29.63444346434228,-3.9708495140075684,1971,39,30,0,,52.57318115234375,OUTBOUND,-40.47813034057617,0.07592661958953713,
1,47.893798828125,1.7004960775375366,16.25287628173828,16.001449584960938,18.102619258017512,29.62212530890103,-3.9092817306518555,1972,39,31,0,,26.978618621826172,OUTBOUND,-41.189231872558594,0.1341235141987127,
1,48.16558837890625,1.701019048690796,32.05198287963867,32.128509521484375,18.11176337802317,29.6097819341432,-3.9402875900268555,1973,39,32,0,,86.38359832763672,OUTBOUND,-41.51005172729492,0.18206585924056914,
1,47.698463439941406,1.7015409469604492,0.5180637836456299,0.5380956530570984,18.123146407015156,29.59737333113027,-3.9087276458740234,1974,39,33,0,,56.886837005615234,OUTBOUND,-40.972537994384766,0.15646659973916738,
1,48.08979415893555,1.7020634412765503,14.570196151733398,14.15045166015625,18.134453875012696,29.58503585290503,-3.9393818378448486,1975,39,34,0,,39.3205680847168,FAILURE,-41.45792770385742,0.10224642237898787,
1,47.85992431640625,1.7025861740112305,46.449119567871094,45.99701690673828,18.144428600004176,29.987967665377347,-3.928079128265381,1976,40,1,0,,169.903076171875,OUTBOUND,-41.242767333984375,0.015699573838100566,
1,47.555152893066406,1.703106164932251,0.4548368453979492,0.5441162586212158,18.152656073012622,29.975878462567092,-3.8792660236358643,1977,40,2,0,,73.80521392822266,OUTBOUND,-40.94939422607422,0.07776599643083866,
1,47.691253662109375,1.7036256790161133,0.5459648966789246,0.6578121781349182,18.16085861600004,29.963752931568827,-3.914821147918701,1978,40,3,0,,70.45655059814453,OUTBOUND,-40.91081237792969,0.09162507870629012,
1,47.937583923339844,1.7041469812393188,24.706375122070312,24.379911422729492,18.16968790401006,29.951649122357654,-3.953683853149414,1979,40,4,0,,56.50410842895508,OUTBOUND,-41.25690841674805,0.09275039540381846,
1,48.35134506225586,1.7046637535095215,0.2727636694908142,0.3919605016708374,18.17732186501962,29.93952488055757,-3.841935634613037,1980,40,5,0,,54.66091537475586,OUTBOUND,-41.73270797729492,0.10594342117092759,
1,48.186981201171875,1.7051794528961182,37.90350341796875,37.57622528076172,18.186661994026508,29.92740905649994,-3.8976826667785645,1981,40,6,0,,129.4657440185547,OUTBOUND,-41.53474426269531,0.11139287564685467,
1,47.849117279052734,1.7056928873062134,46.95697021484375,46.570335388183594,18.196860723022837,29.91523390455705,-3.8723299503326416,1982,40,7,0,,178.6156768798828,OUTBOUND,-41.372169494628906,0.08922473265260039,
1,47.56793212890625,1.7062054872512817,18.251598358154297,18.24759864807129,18.206188624026254,29.903139308008434,-3.8924508094787598,1983,40,8,0,,30.713869094848633,OUTBOUND,-41.11431121826172,0.04966528093632842,
1,46.69791793823242,1.7067177295684814,46.47254180908203,45.778953552246094,18.21420556900557,29.89106139323584,-3.9022910594940186,1984,40,9,0,,92.78202056884766,OUTBOUND,-40.2044563293457,0.06693968218065169,
1,46.62676239013672,1.7072283029556274,56.85646438598633,56.68022155761719,18.22721166801057,29.878953391520895,-3.8750100135803223,1985,40,10,0,,57.839237213134766,OUTBOUND,-40.266510009765625,0.08250857768856672,
1,46.92721939086914,1.7077356576919556,35.58567810058594,35.00124740600586,18.237326057016617,29.86681436287902,-3.847334384918213,1986,40,11,0,,62.762630462646484,OUTBOUND,-40.52627182006836,0.1106755213573714,
1,46.96699142456055,1.7082439661026,2.602402448654175,2.6575565338134766,18.24507040102617,29.854632959377092,-3.912935733795166,1987,40,12,0,,240.2144012451172,OUTBOUND,-40.3245735168457,0.13549847771017948,
1,47.492984771728516,1.7087539434432983,58.35929870605469,57.868831634521484,18.253021566022653,29.842448096799345,-3.9277381896972656,1988,40,13,0,,42.20625305175781,OUTBOUND,-40.83788299560547,0.1469239590373812,
1,46.89623260498047,1.7092658281326294,3.157674551010132,2.9910640716552734,18.261467818025267,29.83022421725902,-3.937196969985962,1989,40,14,0,,272.3526306152344,OUTBOUND,-40.209190368652344,0.1904261966461555,
1,47.16343688964844,1.7097779512405396,2.9420971870422363,2.6557505130767822,18.272964689007495,29.81797720229006,-3.9064385890960693,1990,40,15,0,,252.8025665283203,OUTBOUND,-40.33889389038086,0.24629977445212536,
1,47.129920959472656,1.7102910280227661,2.772758722305298,2.496950626373291,18.285367029020563,29.805692707065994,-3.923412799835205,1991,40,16,0,,246.26852416992188,OUTBOUND,-40.25486755371094,0.28456238478624657,
1,47.25004959106445,1.710801124572754,16.467592239379883,15.987926483154297,18.296213655004976,29.793443943019053,-3.8528225421905518,1992,40,17,0,,107.99856567382812,OUTBOUND,-40.35102844238281,0.2747598652744053,
1,48.11217498779297,1.7113105058670044,15.543834686279297,15.034734725952148,18.309133091999684,29.781225435075186,-3.887140989303589,1993,40,18,0,,92.03087615966797,OUTBOUND,-41.157833099365234,0.27701693981924896,
1,48.385047912597656,1.7118202447891235,15.018412590026855,15.191353797912598,18.321446832007496,29.76897774526145,-3.903841018676758,1994,40,19,0,,17.208677291870117,OUTBOUND,-41.29743194580078,0.32718224113717875,
1,48.62299728393555,1.7123289108276367,38.931880950927734,38.941017150878906,18.332468275009887,29.756703141609904,-3.881847620010376,1995,40,20,0,,162.68212890625,OUTBOUND,-41.79891586303711,0.3674660985292861,
1,48.95132827758789,1.7128413915634155,48.37084197998047,47.934383392333984,18.345701846003067,29.744385860559365,-3.964264392852783,1996,40,21,0,,219.35499572753906,OUTBOUND,-42.138851165771484,0.3689577966324677,
1,48.41182327270508,1.7133535146713257,17.603355407714844,17.361635208129883,18.3549742870091,29.73212452059217,-3.898221492767334,1997,40,22,0,,94.67584228515625,OUTBOUND,-41.67658996582031,0.3576541276151128,
1,48.51763916015625,1.7138659954071045,0.5755035281181335,0.7235793471336365,18.36464788200101,29.719852247561317,-3.907440185546875,1998,40,23,0,,11.894866943359375,OUTBOUND,-41.846099853515625,0.3727256020673248,
1,48.43864059448242,1.714377760887146,16.026046752929688,15.987287521362305,18.37846246600384,29.707527291536625,-3.8927130699157715,1999,40,24,0,,79.3975601196289,OUTBOUND,-41.831321716308594,0.374514536368736,
1,48.28157424926758,1.7148919105529785,0.40114277601242065,0.5641793012619019,18.39065565902274,29.695191453274457,-3.940565824508667,2000,40,25,0,,38.008094787597656,OUTBOUND,-41.50763702392578,0.3804539661152011,
