accepted,accepted_batch_count,accepted_batch_fraction,actor_gradient_norm,actor_loss,actor_status,alpha,alpha_loss,critic_gradient_norm,critic_loss_1,critic_loss_2,elapsed_seconds,energy,environment_step,episode_id,episode_step,fallback,fallback_batch_count,fallback_reason,fallback_target_count,generator_target_count,mean_log_det_G,mean_log_prob,mean_tanh_log_jacobian,mission_phase,q_value_exec,reward,zonotope_volume
1,,,,,,,,,,,0.01802355400286615,29.987999159965224,1,0,1,0,,,,,,,,OUTBOUND,,-0.013461225584408551,0.0031999999191612005
1,,,,,,,,,,,0.03052897099405527,29.975986917273218,2,0,2,0,,,,,,,,OUTBOUND,,-0.026540378382900107,0.0031999999191612005
1,,,,,,,,,,,0.13759868298075162,29.963949246406067,3,0,3,0,,,,,,,,OUTBOUND,,-0.02790707015698991,0.0031999999191612005
1,,,,,,,,,,,0.15018927498022094,29.951911428927172,4,0,4,0,,,,,,,,OUTBOUND,,-0.023641399284161743,0.0031999999191612005
1,,,,,,,,,,,0.16305950499372557,29.939886474023503,5,0,5,0,,,,,,,,OUTBOUND,,-0.024347875803080874,0.0031999999191612005
1,,,,,,,,,,,0.17776416198466904,29.9278475449887,6,0,6,0,,,,,,,,OUTBOUND,,-0.025633409801190263,0.0031999999191612005
1,,,,,,,,,,,0.28825703900656663,29.915782059117788,7,0,7,0,,,,,,,,OUTBOUND,,-0.018016193548901587,0.0031999999191612005
1,,,,,,,,,,,0.3031246379832737,29.903738755968305,8,0,8,0,,,,,,,,OUTBOUND,,-0.022878709307383036,0.0031999999191612005
1,,,,,,,,,,,0.3171073539997451,29.891711754953175,9,0,9,0,,,,,,,,OUTBOUND,,-0.04256121352417847,0.0031999999191612005
1,,,,,,,,,,,0.3294031179975718,29.87966744727568,10,0,10,0,,,,,,,,OUTBOUND,,-0.04715714034697349,0.0031999999191612005
1,,,,,,,,,,,0.34152694800286554,29.86763162171897,11,0,11,0,,,,,,,,OUTBOUND,,-0.046783675451604397,0.0031999999191612005
1,,,,,,,,,,,0.3553114339883905,29.855578805544326,12,0,12,0,,,,,,,,OUTBOUND,,-0.04300047397954508,0.0031999999191612005
1,,,,,,,,,,,0.3673200749908574,29.843545162934195,13,0,13,0,,,,,,,,OUTBOUND,,-0.03927468154615843,0.0031999999191612005
1,,,,,,,,,,,0.4723933739878703,29.831490437857468,14,0,14,0,,,,,,,,OUTBOUND,,-0.05849119978478722,0.0031999999191612005
1,,,,,,,,,,,0.486770435993094,29.81943103330497,15,0,15,0,,,,,,,,OUTBOUND,,-0.07204651348151944,0.0031999999191612005
1,,,,,,,,,,,0.5031005619966891,29.807369042803785,16,0,16,0,,,,,,,,OUTBOUND,,-0.043776949739811014,0.0031999999191612005
1,,,,,,,,,,,0.5169199499941897,29.795321409602884,17,0,17,0,,,,,,,,OUTBOUND,,-0.013525509720159794,0.0031999999191612005
1,,,,,,,,,,,0.5306039610004518,29.78324875693569,18,0,18,0,,,,,,,,OUTBOUND,,0.0018964489474008344,0.0031999999191612005
0,,,,,,,,,,,0.6441426999808755,29.771134110258824,19,0,19,1,,STALE_OR_INCOMPLETE_BUNDLE,,,,,,OUTBOUND,,0.05369140770950817,0.0031999999191612005
1,,,,,,,,,,,0.6584848219936248,29.759031184283863,20,0,20,0,,,,,,,,OUTBOUND,,0.07750867101311916,0.0031999999191612005
1,,,,,,,,,,,0.6724626559880562,29.74696929064542,21,0,21,0,,,,,,,,OUTBOUND,,0.04077758029630291,0.0031999999191612005
1,,,,,,,,,,,0.6852420609793626,29.734918813164782,22,0,22,0,,,,,,,,OUTBOUND,,0.034728457733859276,0.0031999999191612005
1,,,,,,,,,,,0.7000745229888707,29.72284315129362,23,0,23,0,,,,,,,,OUTBOUND,,0.0514277413674564,0.0031999999191612005
1,,,,,,,,,,,0.812157673004549,29.710774203810466,24,0,24,0,,,,,,,,OUTBOUND,,0.06586310437537794,0.0031999999191612005
1,,,,,,,,,,,0.8282962009834591,29.698680547644,25,0,25,0,,,,,,,,OUTBOUND,,0.05402557929773321,0.0031999999191612005
1,,,,,,,,,,,0.8427676519786473,29.686609971918884,26,0,26,0,,,,,,,,OUTBOUND,,0.030098836578291113,0.0031999999191612005
1,,,,,,,,,,,0.858668962988304,29.674533351234338,27,0,27,0,,,,,,,,OUTBOUND,,0.04070674505294012,0.0031999999191612005
1,,,,,,,,,,,0.8744794719968922,29.662443368578668,28,0,28,0,,,,,,,,OUTBOUND,,0.05291582565489451,0.0031999999191612005
1,,,,,,,,,,,0.887195024988614,29.650357153328308,29,0,29,0,,,,,,,,OUTBOUND,,0.06304435787806299,0.0031999999191612005
1,,,,,,,,,,,0.9992576319782529,29.63823544251645,30,0,30,0,,,,,,,,OUTBOUND,,0.057398911342985436,0.0031999999191612005
1,,,,,,,,,,,1.013601924001705,29.626148419872916,31,0,31,0,,,,,,,,OUTBOUND,,0.055026643077971255,0.0031999999191612005
1,,,,,,,,,,,1.0295856079901569,29.614049623407755,32,0,32,0,,,,,,,,OUTBOUND,,0.07947988701459381,0.0031999999191612005
1,,,,,,,,,,,1.0438413819938432,29.60192932706112,33,0,33,0,,,,,,,,OUTBOUND,,0.07260807777779198,0.0031999999191612005
1,,,,,,,,,,,1.0600063460005913,29.589833403552788,34,0,34,0,,,,,,,,OUTBOUND,,0.07190521676561686,0.0031999999191612005
0,,,,,,,,,,,1.1645708449941594,29.577668769241853,35,0,35,1,,WATCHDOG_DEADLINE,,,,,,OUTBOUND,,0.11517125191287486,0.0031999999191612005
1,,,,,,,,,,,1.1844942669849843,29.56550313603592,36,0,36,0,,,,,,,,OUTBOUND,,0.13533195385261218,0.0031999999191612005
1,,,,,,,,,,,1.2080347040027846,29.55333922540331,37,0,37,0,,,,,,,,OUTBOUND,,0.13418309146960428,0.0031999999191612005
1,,,,,,,,,,,1.226504391990602,29.541165042757115,38,0,38,0,,,,,,,,OUTBOUND,,0.13680049724606247,0.0031999999191612005
1,,,,,,,,,,,1.2415170799940825,29.528989416600208,39,0,39,0,,,,,,,,OUTBOUND,,0.10991998339255073,0.0031999999191612005
1,,,,,,,,,,,1.363310543994885,29.516841706676992,40,0,40,0,,,,,,,,OUTBOUND,,0.0959463544368331,0.0031999999191612005
1,,,,,,,,,,,1.380275511997752,29.50469412133549,41,0,41,0,,,,,,,,OUTBOUND,,0.10833643179656974,0.0031999999191612005
1,,,,,,,,,,,1.3971469179959968,29.492555654106663,42,0,42,0,,,,,,,,OUTBOUND,,0.11408432503860791,0.0031999999191612005
1,,,,,,,,,,,1.409851136006182,29.480415173568,43,0,43,0,,,,,,,,OUTBOUND,,0.12035300172242522,0.0031999999191612005
1,,,,,,,,,,,1.4225986789970193,29.468257384577278,44,0,44,0,,,,,,,,OUTBOUND,,0.11257240480397719,0.0031999999191612005
1,,,,,,,,,,,1.436092263989849,29.456106214561974,45,0,45,0,,,,,,,,OUTBOUND,,0.10949725037433847,0.0031999999191612005
1,,,,,,,,,,,1.538335958000971,29.443944827933056,46,0,46,0,,,,,,,,OUTBOUND,,0.12994760863977817,0.0031999999191612005
1,,,,,,,,,,,1.552668468997581,29.431787245015013,47,0,47,0,,,,,,,,OUTBOUND,,0.15628378018706554,0.0031999999191612005
1,,,,,,,,,,,1.5670057979878038,29.419605298207504,48,0,48,0,,,,,,,,OUTBOUND,,0.17330022850793672,0.0031999999191612005
1,,,,,,,,,,,1.5793187569943257,29.40742711699565,49,0,49,0,,,,,,,,OUTBOUND,,0.16038793052941477,0.0031999999191612005
1,,,,,,,,,,,1.5926050349953584,29.395277656013324,50,0,50,0,,,,,,,,OUTBOUND,,0.13103011877574286,0.0031999999191612005
0,,,,,,,,,,,1.7005757259903476,29.383105088096183,51,0,51,1,,WATCHDOG_DEADLINE,,,,,,OUTBOUND,,0.11188813754929357,0.0031999999191612005
1,,,,,,,,,,,1.7138581549806986,29.370965775927147,52,0,52,0,,,,,,,,OUTBOUND,,0.10830781332979211,0.0031999999191612005
1,,,,,,,,,,,1.7283222079859115,29.35882199240416,53,0,53,0,,,,,,,,OUTBOUND,,0.10063229659669329,0.0031999999191612005
1,,,,,,,,,,,1.7438782249810174,29.34668348374878,54,0,54,0,,,,,,,,OUTBOUND,,0.10484636147928118,0.0031999999191612005
1,,,,,,,,,,,1.7564730459998827,29.334524241157393,55,0,55,0,,,,,,,,OUTBOUND,,0.10893641735930398,0.0031999999191612005
1,,,,,,,,,,,1.8711294810054824,29.322376821974977,56,0,56,0,,,,,,,,OUTBOUND,,0.10104113740835989,0.0031999999191612005
1,,,,,,,,,,,1.882596494979225,29.3102089796839,57,0,57,0,,,,,,,,OUTBOUND,,0.10626975086351355,0.0031999999191612005
1,,,,,,,,,,,1.8946419899875764,29.298073850316854,58,0,58,0,,,,,,,,OUTBOUND,,0.12327682110638612,0.0031999999191612005
1,,,,,,,,,,,1.9080367439892143,29.285931556023673,59,0,59,0,,,,,,,,OUTBOUND,,0.1250278635893649,0.0031999999191612005
1,,,,,,,,,,,1.920199555985164,29.273789828670473,60,0,60,0,,,,,,,,OUTBOUND,,0.09137637494466054,0.0031999999191612005
1,,,,,,,,,,,1.933479750994593,29.261699467734683,61,0,61,0,,,,,,,,OUTBOUND,,0.049613954377521606,0.0031999999191612005
1,,,,,,,,,,,2.0526951130013913,29.24963466110238,62,0,62,0,,,,,,,,OUTBOUND,,0.024130158353470238,0.0031999999191612005
1,,,,,,,,,,,2.065729792986531,29.23757463122431,63,0,63,0,,,,,,,,OUTBOUND,,0.033420574361403645,0.0031999999191612005
1,,,,,,,,,,,2.081927866995102,29.22548536404041,64,0,64,0,,,,,,,,OUTBOUND,,0.032834175904230344,0.0031999999191612005
1,,,,,,,,,,,2.0956898809818085,29.213410976972487,65,0,65,0,,,,,,,,OUTBOUND,,0.00962334726454389,0.0031999999191612005
1,,,,,,,,,,,2.110459750983864,29.20134529693881,66,0,66,0,,,,,,,,OUTBOUND,,-0.01524543783184146,0.0031999999191612005
0,,,,,,,,,,,2.2212564809888136,29.18925640806601,67,0,67,1,,WATCHDOG_DEADLINE,,,,,,OUTBOUND,,-0.038457568720769685,0.0031999999191612005
1,,,,,,,,,,,2.2343058699916583,29.177136864849068,68,0,68,0,,,,,,,,OUTBOUND,,-0.05763890298863089,0.0031999999191612005
1,,,,,,,,,,,2.2543422049784567,29.16500027207166,69,0,69,0,,,,,,,,OUTBOUND,,-0.08361850824631564,0.0031999999191612005
1,,,,,,,,,,,2.270834886992816,29.152875923312298,70,0,70,0,,,,,,,,OUTBOUND,,-0.09781755671163077,0.0031999999191612005
1,,,,,,,,,,,2.2867636299924925,29.140732470343714,71,0,71,0,,,,,,,,OUTBOUND,,-0.0812840346781014,0.0031999999191612005
1,,,,,,,,,,,2.392518915992696,29.128621455699324,72,0,72,0,,,,,,,,OUTBOUND,,-0.06470811013868272,0.0031999999191612005
1,,,,,,,,,,,2.405632109992439,29.116529048571646,73,0,73,0,,,,,,,,OUTBOUND,,-0.07774025821884292,0.0031999999191612005
1,,,,,,,,,,,2.419538221991388,29.10441441051924,74,0,74,0,,,,,,,,OUTBOUND,,-0.08852706340272806,0.0031999999191612005
1,,,,,,,,,,,2.431588200997794,29.09232096727374,75,0,75,0,,,,,,,,OUTBOUND,,-0.07542459615562559,0.0031999999191612005
1,,,,,,,,,,,2.445190978993196,29.080220247729685,76,0,76,0,,,,,,,,OUTBOUND,,-0.04623234078409593,0.0031999999191612005
1,,,,,,,,,,,2.457225994003238,29.068164042292583,77,0,77,0,,,,,,,,OUTBOUND,,-0.04557720198822174,0.0031999999191612005
1,,,,,,,,,,,2.5645101589907426,29.056071335037757,78,0,78,0,,,,,,,,OUTBOUND,,-0.03909720843233094,0.0031999999191612005
1,,,,,,,,,,,2.5811493170040194,29.043992543902526,79,0,79,0,,,,,,,,OUTBOUND,,-0.033235894507144724,0.0031999999191612005
1,,,,,,,,,,,2.59428644599393,29.03187605963266,80,0,80,0,,,,,,,,OUTBOUND,,-0.0643179539737988,0.0031999999191612005
1,,,,,,,,,,,2.6067454789881594,29.019724393188365,81,0,81,0,,,,,,,,OUTBOUND,,-0.08891986893966075,0.0031999999191612005
1,,,,,,,,,,,2.6202162289991975,29.007595230673832,82,0,82,0,,,,,,,,OUTBOUND,,-0.07459028462308671,0.0031999999191612005
0,,,,,,,,,,,2.7240298709948547,28.995458560545657,83,0,83,1,,WATCHDOG_DEADLINE,,,,,,OUTBOUND,,-0.035931584006945766,0.0031999999191612005
1,,,,,,,,,,,2.7358084119914565,28.983327368694148,84,0,84,0,,,,,,,,OUTBOUND,,-0.01383975790564153,0.0031999999191612005
1,,,,,,,,,,,2.7486991850018967,28.97117715101726,85,0,85,0,,,,,,,,OUTBOUND,,-0.025529368984412923,0.0031999999191612005
1,,,,,,,,,,,2.7608056949975435,28.959046149304537,86,0,86,0,,,,,,,,OUTBOUND,,-0.05481798659283566,0.0031999999191612005
1,,,,,,,,,,,2.7742077040020376,28.946920755127405,87,0,87,0,,,,,,,,OUTBOUND,,-0.045406739943519514,0.0031999999191612005
1,,,,,,,,,,,2.88326007098658,28.9348102938111,88,0,88,0,,,,,,,,OUTBOUND,,-0.03867887186332882,0.0031999999191612005
1,,,,,,,,,,,2.8965234879869968,28.92267879085085,89,0,89,0,,,,,,,,OUTBOUND,,-0.04028052618495201,0.0031999999191612005
1,,,,,,,,,,,2.9130678880028427,28.91056000437353,90,0,90,0,,,,,,,,OUTBOUND,,-0.0441990350880815,0.0031999999191612005
1,,,,,,,,,,,2.929442347987788,28.898406212897076,91,0,91,0,,,,,,,,OUTBOUND,,-0.04649601237822986,0.0031999999191612005
1,,,,,,,,,,,2.9426221439789515,28.886299819111105,92,0,92,0,,,,,,,,OUTBOUND,,-0.044945718732311644,0.0031999999191612005
1,,,,,,,,,,,2.9582153130031656,28.87417217093054,93,0,93,0,,,,,,,,OUTBOUND,,-0.07059438029837077,0.0031999999191612005
1,,,,,,,,,,,3.056595064990688,28.862022562614065,94,0,94,0,,,,,,,,OUTBOUND,,-0.07336403657329185,0.0031999999191612005
1,,,,,,,,,,,3.0692267839913256,28.849913947476452,95,0,95,0,,,,,,,,OUTBOUND,,-0.072645423384659,0.0031999999191612005
1,,,,,,,,,,,3.083584467996843,28.83778567686444,96,0,96,0,,,,,,,,OUTBOUND,,-0.09551372873282873,0.0031999999191612005
1,,,,,,,,,,,3.098750203003874,28.825641325180026,97,0,97,0,,,,,,,,OUTBOUND,,-0.09490635941019193,0.0031999999191612005
1,,,,,,,,,,,3.1117003120016307,28.813494894634903,98,0,98,0,,,,,,,,OUTBOUND,,-0.06658223725356603,0.0031999999191612005
0,,,,,,,,,,,3.2226730450056493,28.801308040522045,99,0,99,1,,WATCHDOG_DEADLINE,,,,,,OUTBOUND,,-0.025130472363561453,0.0031999999191612005
1,,,,,,,,,,,3.234971828002017,28.789165664551547,100,0,100,0,,,,,,,,OUTBOUND,,-0.015263569104499145,0.0031999999191612005
1,,,,,,,,,,,3.2495924819959328,28.77702876785981,101,0,101,0,,,,,,,,OUTBOUND,,-0.0221766838116651,0.0031999999191612005
1,,,,,,,,,,,3.2656894649844617,28.76493761852507,102,0,102,0,,,,,,,,OUTBOUND,,-0.006009695513580015,0.0031999999191612005
1,,,,,,,,,,,3.284253293997608,28.752831407714183,103,0,103,0,,,,,,,,OUTBOUND,,-0.013084930565095479,0.0031999999191612005
1,,,,,,,,,,,3.384205744980136,28.740723749672014,104,0,104,0,,,,,,,,OUTBOUND,,-0.030316888578240195,0.0031999999191612005
1,,,,,,,,,,,3.396453647990711,28.728607187502178,105,0,105,0,,,,,,,,OUTBOUND,,-0.051042294167110897,0.0031999999191612005
1,,,,,,,,,,,3.409103273996152,28.71651558040301,106,0,106,0,,,,,,,,OUTBOUND,,-0.07850792662976197,0.0031999999191612005
1,,,,,,,,,,,3.4251065549906343,28.704411987880466,107,0,107,0,,,,,,,,OUTBOUND,,-0.07714086367667432,0.0031999999191612005
1,,,,,,,,,,,3.439009631983936,28.692314885423496,108,0,108,0,,,,,,,,OUTBOUND,,-0.07877645106755252,0.0031999999191612005
1,,,,,,,,,,,3.457171350979479,28.68019704747986,109,0,109,0,,,,,,,,OUTBOUND,,-0.09383930082254016,0.0031999999191612005
1,,,,,,,,,,,3.583177049004007,28.668107848369317,110,0,110,0,,,,,,,,OUTBOUND,,-0.09072060664943472,0.0031999999191612005
1,,,,,,,,,,,3.6009505149850156,28.656007084175688,111,0,111,0,,,,,,,,OUTBOUND,,-0.10375064432156704,0.0031999999191612005
1,,,,,,,,,,,3.617793907003943,28.643909036353406,112,0,112,0,,,,,,,,OUTBOUND,,-0.11049541615009781,0.0031999999191612005
1,,,,,,,,,,,3.633512617001543,28.63181082157721,113,0,113,0,,,,,,,,OUTBOUND,,-0.11445328803277735,0.0031999999191612005
1,,,,,,,,,,,3.648845605988754,28.619701916860418,114,0,114,0,,,,,,,,OUTBOUND,,-0.14103747758338542,0.0031999999191612005
0,,,,,,,,,,,3.750761468982091,28.60752675889161,115,0,115,1,,WATCHDOG_DEADLINE,,,,,,OUTBOUND,,-0.13572400360384762,0.0031999999191612005
1,,,,,,,,,,,3.7643306310055777,28.59536572896562,116,0,116,0,,,,,,,,OUTBOUND,,-0.11976421529224981,0.0031999999191612005
1,,,,,,,,,,,3.7781204609782435,28.583175200902684,117,0,117,0,,,,,,,,OUTBOUND,,-0.10839025855106364,0.0031999999191612005
1,,,,,,,,,,,3.7907609829853754,28.57103541375358,118,0,118,0,,,,,,,,OUTBOUND,,-0.09884237998618493,0.0031999999191612005
1,,,,,,,,,,,3.808488301001489,28.558923492158236,119,0,119,0,,,,,,,,OUTBOUND,,-0.10109679885917719,0.0031999999191612005
1,,,,,,,,,,,3.918469512980664,28.546838593631136,120,0,120,0,,,,,,,,OUTBOUND,,-0.0823956108041689,0.0031999999191612005
1,,,,,,,,,,,3.9313497339899186,28.534760447891543,121,0,121,0,,,,,,,,OUTBOUND,,-0.046628154772420466,0.0031999999191612005
1,,,,,,,,,,,3.9475857659999747,28.52269295733318,122,0,122,0,,,,,,,,OUTBOUND,,-0.041089210932462185,0.0031999999191612005
1,,,,,,,,,,,3.9607550259970594,28.510615787458793,123,0,123,0,,,,,,,,OUTBOUND,,-0.06527448514142103,0.0031999999191612005
1,,,,,,,,,,,3.9794239649781957,28.498533212970536,124,0,124,0,,,,,,,,OUTBOUND,,-0.06607745806735173,0.0031999999191612005
1,,,,,,,,,,,3.998302063002484,28.486465377278385,125,0,125,0,,,,,,,,OUTBOUND,,-0.03702884371772536,0.0031999999191612005
1,,,,,,,,,,,4.112080322986003,28.47442962465184,126,0,126,0,,,,,,,,OUTBOUND,,-0.0034709728619043076,0.0031999999191612005
1,,,,,,,,,,,4.126604928984307,28.462379618482895,127,0,127,0,,,,,,,,OUTBOUND,,0.026589996359017102,0.0031999999191612005
1,,,,,,,,,,,4.143786657979945,28.45030809819067,128,0,128,0,,,,,,,,OUTBOUND,,0.025767092900172192,0.0031999999191612005
1,,,,,,,,,,,4.156243876001099,28.43824332464895,129,0,129,0,,,,,,,,OUTBOUND,,-0.002075388409517696,0.0031999999191612005
1,,,,,,,,,,,4.172610640991479,28.426169508043902,130,0,130,0,,,,,,,,OUTBOUND,,-0.029334487696255216,0.0031999999191612005
0,,,,,,,,,,,4.290988552005729,28.414045328514735,131,0,131,1,,WATCHDOG_DEADLINE,,,,,,OUTBOUND,,-0.03389514041675808,0.0031999999191612005
1,,,,,,,,,,,4.305707488005282,28.401941676287723,132,0,132,0,,,,,,,,OUTBOUND,,-0.014085322731016451,0.0031999999191612005
1,,,,,,,,,,,4.322661032987526,28.38980463172844,133,0,133,0,,,,,,,,OUTBOUND,,-0.02033821127690922,0.0031999999191612005
1,,,,,,,,,,,4.335415529989405,28.377712677218792,134,0,134,0,,,,,,,,OUTBOUND,,-0.040183820722493185,0.0031999999191612005
1,,,,,,,,,,,4.350783803995,28.365610615536404,135,0,135,0,,,,,,,,OUTBOUND,,-0.028145566346062176,0.0031999999191612005
1,,,,,,,,,,,4.453782628988847,28.35350316607936,136,0,136,0,,,,,,,,OUTBOUND,,-0.025109212986151104,0.0031999999191612005
1,,,,,,,,,,,4.465740610001376,28.341425368701127,137,0,137,0,,,,,,,,OUTBOUND,,-0.03676427217340307,0.0031999999191612005
1,,,,,,,,,,,4.485038625978632,28.329335672391107,138,0,138,0,,,,,,,,OUTBOUND,,-0.03795930077915637,0.0031999999191612005
1,,,,,,,,,,,4.513253279001219,28.317276008496,139,0,139,0,,,,,,,,OUTBOUND,,-0.03930839553263503,0.0031999999191612005
1,,,,,,,,,,,4.534692746994551,28.30520155541883,140,0,140,0,,,,,,,,OUTBOUND,,-0.01945796679903806,0.0031999999191612005
1,,,,,,,,,,,4.551714882982196,28.293134875641396,141,0,141,0,,,,,,,,OUTBOUND,,0.012700129726171424,0.0031999999191612005
1,,,,,,,,,,,4.670135064981878,28.28103989791904,142,0,142,0,,,,,,,,OUTBOUND,,0.044306839061572074,0.0031999999191612005
1,,,,,,,,,,,4.685373005981091,28.26892913140881,143,0,143,0,,,,,,,,OUTBOUND,,0.053807351432013345,0.0031999999191612005
1,,,,,,,,,,,4.6981642929895315,28.256798824578038,144,0,144,0,,,,,,,,OUTBOUND,,0.06079774072307875,0.0031999999191612005
1,,,,,,,,,,,4.714284163987031,28.24464740434957,145,0,145,0,,,,,,,,OUTBOUND,,0.08486674713432797,0.0031999999191612005
1,,,,,,,,,,,4.728450633992907,28.232497710902646,146,0,146,0,,,,,,,,OUTBOUND,,0.0766276048314857,0.0031999999191612005
0,,,,,,,,,,,4.84400053799618,28.220366813319604,147,0,147,1,,WATCHDOG_DEADLINE,,,,,,OUTBOUND,,0.04368102904592074,0.0031999999191612005
1,,,,,,,,,,,4.860139108001022,28.208222141816975,148,0,148,0,,,,,,,,OUTBOUND,,0.0426256114654005,0.0031999999191612005
1,,,,,,,,,,,4.8728289819846395,28.196078034067323,149,0,149,0,,,,,,,,OUTBOUND,,0.0747126164180388,0.0031999999191612005
1,,,,,,,,,,,4.887709153001197,28.1839564091038,150,0,150,0,,,,,,,,OUTBOUND,,0.10014837139784719,0.0031999999191612005
1,,,,,,,,,,,4.900370400981046,28.171832011944005,151,0,151,0,,,,,,,,OUTBOUND,,0.113770923125759,0.0031999999191612005
1,,,,,,,,,,,5.016199770005187,28.159704884823462,152,0,152,0,,,,,,,,OUTBOUND,,0.10927969062860833,0.0031999999191612005
1,,,,,,,,,,,5.031142480991548,28.147589197371694,153,0,153,0,,,,,,,,OUTBOUND,,0.10920077525065161,0.0031999999191612005
1,,,,,,,,,,,5.048232218978228,28.135438793561832,154,0,154,0,,,,,,,,OUTBOUND,,0.10181575939437028,0.0031999999191612005
1,,,,,,,,,,,5.064736220985651,28.123340981295982,155,0,155,0,,,,,,,,OUTBOUND,,0.09447108097808027,0.0031999999191612005
1,,,,,,,,,,,5.078482422977686,28.111211034086534,156,0,156,0,,,,,,,,OUTBOUND,,0.0899675843653225,0.0031999999191612005
1,,,,,,,,,,,5.093049174000043,28.099112456560782,157,0,157,0,,,,,,,,OUTBOUND,,0.06516717372285723,0.0031999999191612005
0,,,,,,,,,,,5.201965144980932,28.08697414626412,158,0,158,1,,WATCHDOG_DEADLINE,,,,,,OUTBOUND,,0.016489555381072978,0.0031999999191612005
1,,,,,,,,,,,5.21869719697861,28.07487473423009,159,0,159,0,,,,,,,,OUTBOUND,,-0.004375738570653004,0.0031999999191612005
1,,,,,,,,,,,5.237530305981636,28.06276540692877,160,0,160,0,,,,,,,,OUTBOUND,,-0.008039166979219982,0.0031999999191612005
1,,,,,,,,,,,5.25162669600104,28.05067082102448,161,0,161,0,,,,,,,,OUTBOUND,,-0.00874592785518549,0.0031999999191612005
1,,,,,,,,,,,5.264896551991114,28.03858232047317,162,0,162,0,,,,,,,,OUTBOUND,,-0.00013626771788918576,0.0031999999191612005
1,,,,,,,,,,,5.3710961759788916,28.026510804742895,163,0,163,0,,,,,,,,OUTBOUND,,-0.021840572630409776,0.0031999999191612005
1,,,,,,,,,,,5.383728996006539,28.014438747089898,164,0,164,0,,,,,,,,OUTBOUND,,-0.04384610985857879,0.0031999999191612005
1,,,,,,,,,,,5.39870305598015,28.002363177095322,165,0,165,0,,,,,,,,OUTBOUND,,-0.06558101018646924,0.0031999999191612005
1,,,,,,,,,,,5.410769023001194,27.990275004150025,166,0,166,0,,,,,,,,OUTBOUND,,-0.08230655502080915,0.0031999999191612005
1,,,,,,,,,,,5.423466962005477,27.978162910440588,167,0,167,0,,,,,,,,OUTBOUND,,-0.08592117264334617,0.0031999999191612005
0,,,,,,,,,,,5.526187502982793,27.966006588106517,168,0,168,1,,WATCHDOG_DEADLINE,,,,,,OUTBOUND,,-0.10844289689725707,0.0031999999191612005
1,,,,,,,,,,,5.542967361980118,27.953825106995907,169,0,169,0,,,,,,,,OUTBOUND,,-0.12244087213478372,0.0031999999191612005
1,,,,,,,,,,,5.557084811996901,27.941679343244218,170,0,170,0,,,,,,,,OUTBOUND,,-0.09361505061229622,0.0031999999191612005
1,,,,,,,,,,,5.574763281998457,27.929574705230824,171,0,171,0,,,,,,,,OUTBOUND,,-0.07504945419296377,0.0031999999191612005
1,,,,,,,,,,,5.590360859001521,27.91746846404706,172,0,172,0,,,,,,,,OUTBOUND,,-0.05586893781783019,0.0031999999191612005
1,,,,,,,,,,,5.604111805994762,27.90535355434285,173,0,173,0,,,,,,,,OUTBOUND,,-0.0148918630928119,0.0031999999191612005
1,,,,,,,,,,,5.616537197987782,27.893259021688724,174,0,174,0,,,,,,,,OUTBOUND,,0.014016520937152695,0.0031999999191612005
0,,,,,,,,,,,5.7260293230065145,27.8811011286024,175,0,175,1,,WATCHDOG_DEADLINE,,,,,,OUTBOUND,,-0.02078581092312445,0.0031999999191612005
1,,,,,,,,,,,5.741473906004103,27.86898675364236,176,0,176,0,,,,,,,,OUTBOUND,,-0.044619266484301166,0.0031999999191612005
1,,,,,,,,,,,5.756509269005619,27.85685323815264,177,0,177,0,,,,,,,,OUTBOUND,,-0.012874513071647194,0.0031999999191612005
1,,,,,,,,,,,5.772669005003991,27.844711007626024,178,0,178,0,,,,,,,,OUTBOUND,,-0.0015994236450591983,0.0031999999191612005
1,,,,,,,,,,,5.785388482996495,27.832578100774906,179,0,179,0,,,,,,,,OUTBOUND,,-0.00627126459548345,0.0031999999191612005
1,,,,,,,,,,,5.8961286779958755,27.82047425662344,180,0,180,0,,,,,,,,OUTBOUND,,-0.01957387338680402,0.0031999999191612005
1,,,,,,,,,,,5.908950555982301,27.80840093521119,181,0,181,0,,,,,,,,OUTBOUND,,-0.029252141734498954,0.0031999999191612005
1,,,,,,,,,,,5.92267942399485,27.796322297392063,182,0,182,0,,,,,,,,OUTBOUND,,-0.011065906764944015,0.0031999999191612005
1,,,,,,,,,,,5.939613875991199,27.78423858547903,183,0,183,0,,,,,,,,OUTBOUND,,0.005099516180450614,0.0031999999191612005
1,,,,,,,,,,,5.953931351978099,27.77215820355636,184,0,184,0,,,,,,,,OUTBOUND,,0.01935547006099561,0.0031999999191612005
0,,,,,,,,,,,6.057817474997137,27.760006198204366,185,0,185,1,,WATCHDOG_DEADLINE,,,,,,OUTBOUND,,-0.0147328909972345,0.0031999999191612005
1,,,,,,,,,,,6.0714606779802125,27.74791930450547,186,0,186,0,,,,,,,,OUTBOUND,,-0.06521365761519718,0.0031999999191612005
1,,,,,,,,,,,6.0839767059951555,27.73582529229803,187,0,187,0,,,,,,,,OUTBOUND,,-0.06868834795405417,0.0031999999191612005
1,,,,,,,,,,,6.096679496986326,27.723745829196044,188,0,188,0,,,,,,,,OUTBOUND,,-0.06723915905466489,0.0031999999191612005
1,,,,,,,,,,,6.109700812987285,27.711671930549773,189,0,189,0,,,,,,,,OUTBOUND,,-0.05783346143127754,0.0031999999191612005
1,,,,,,,,,,,6.12245530099608,27.699599228637947,190,0,190,0,,,,,,,,OUTBOUND,,-0.03060696609481261,0.0031999999191612005
1,,,,,,,,,,,6.1381210509862285,27.687526812108622,191,0,191,0,,,,,,,,OUTBOUND,,-0.007755285321827496,0.0031999999191612005
0,,,,,,,,,,,6.245914322003955,27.675414610434288,192,0,192,1,,WATCHDOG_DEADLINE,,,,,,OUTBOUND,,-0.04924514364088955,0.0031999999191612005
1,,,,,,,,,,,6.258047860988881,27.663322373603783,193,0,193,0,,,,,,,,OUTBOUND,,-0.10057160030615726,0.0031999999191612005
1,,,,,,,,,,,6.271190910978476,27.65121245264995,194,0,194,0,,,,,,,,OUTBOUND,,-0.09301081683046698,0.0031999999191612005
1,,,,,,,,,,,6.285240834986325,27.639129999120406,195,0,195,0,,,,,,,,OUTBOUND,,-0.0732232219783177,0.0031999999191612005
1,,,,,,,,,,,6.298326706979424,27.627045403266607,196,0,196,0,,,,,,,,OUTBOUND,,-0.08394592706790902,0.0031999999191612005
1,,,,,,,,,,,6.4028007249871735,27.61493790255598,197,0,197,0,,,,,,,,OUTBOUND,,-0.0950549083097957,0.0031999999191612005
1,,,,,,,,,,,6.417146110004978,27.60283478449032,198,0,198,0,,,,,,,,OUTBOUND,,-0.09126200659487221,0.0031999999191612005
1,,,,,,,,,,,6.4322451269836165,27.590714586425932,199,0,199,0,,,,,,,,OUTBOUND,,-0.08749353025738967,0.0031999999191612005
1,,,,,,,,,,,6.445543398003792,27.5785993823837,200,0,200,0,,,,,,,,OUTBOUND,,-0.10443534465307239,0.0031999999191612005
1,61,0.953125,2.280996322631836,6.107062816619873,updated,1.0003000497817993,-0.0,40.42808532714844,35.99456024169922,37.202213287353516,6.556848520995118,27.566457111447576,201,0,201,0,3,,0,64,-7.824045658111572,5.955462455749512,-2.6113057136535645,OUTBOUND,-0.10986034572124481,-0.1467098974635791,0.0031999999191612005
0,60,0.9375,1.3645187616348267,5.990629196166992,updated,1.0005996227264404,-0.0008389100548811257,39.91938781738281,34.23429870605469,35.45984649658203,6.683643520984333,27.554261949419917,202,0,202,1,4,WATCHDOG_DEADLINE,0,64,-7.824045658111572,5.796367168426514,-1.9233627319335938,OUTBOUND,-0.15149660408496857,-0.1969644742669141,0.0031999999191612005
1,58,0.90625,1.7277212142944336,6.100648880004883,updated,1.0008994340896606,-0.0017167070182040334,40.624141693115234,34.495094299316406,35.76033020019531,6.707090037991293,27.542060603362234,203,0,203,0,6,,0,64,-7.8240461349487305,5.863790035247803,-2.5014097690582275,OUTBOUND,-0.19267623126506805,-0.22181240183448758,0.0031999999191612005
1,59,0.921875,1.0268422365188599,6.088038444519043,updated,1.0011992454528809,-0.0025252224877476692,39.84306716918945,31.803173065185547,33.04399871826172,6.730412429984426,27.529845731968752,204,0,204,0,5,,0,64,-7.8240461349487305,5.808743953704834,-2.202270984649658,OUTBOUND,-0.23325078189373016,-0.21474485639404364,0.0031999999191612005
1,58,0.90625,1.7157312631607056,6.201442241668701,updated,1.0014992952346802,-0.0034518989268690348,41.60905075073242,33.236270904541016,34.53387451171875,6.755738678999478,27.51766075075753,205,0,205,0,6,,0,64,-7.8240461349487305,5.880203723907471,-2.317420721054077,OUTBOUND,-0.2739543914794922,-0.21111443423880802,0.0031999999191612005
1,62,0.96875,1.7181378602981567,6.2358269691467285,updated,1.0017995834350586,-0.004303694237023592,42.32572937011719,32.83765411376953,34.11244583129883,6.7819818790012505,27.505469592678725,206,0,206,0,2,,0,64,-7.824045658111572,5.872634410858154,-2.5043463706970215,OUTBOUND,-0.3143032491207123,-0.18745508032034544,0.0031999999191612005
1,58,0.90625,0.5733981132507324,6.116363525390625,updated,1.0020991563796997,-0.00487722922116518,42.16968536376953,31.03158187866211,32.2315559387207,6.8037990869779605,27.493314437551913,207,0,207,0,6,,0,64,-7.8240461349487305,5.712629795074463,-2.0453717708587646,OUTBOUND,-0.35329577326774597,-0.16577055158111306,0.0031999999191612005
1,59,0.921875,1.5146946907043457,6.291468143463135,updated,1.0023990869522095,-0.005966301541775465,42.41230010986328,29.63570213317871,30.781118392944336,6.827399322995916,27.481152724091057,208,0,208,0,5,,0,64,-7.8240461349487305,5.84517765045166,-2.233232259750366,OUTBOUND,-0.3938750922679901,-0.14577911607600358,0.0031999999191612005
0,58,0.90625,1.4006307125091553,6.293353080749512,updated,1.0026988983154297,-0.006718996912240982,43.461814880371094,29.602397918701172,30.72435188293457,6.936957665981026,27.46900169018895,209,0,209,1,6,WATCHDOG_DEADLINE,0,64,-7.8240461349487305,5.804029941558838,-2.191798686981201,OUTBOUND,-0.434707373380661,-0.15118328936662137,0.0031999999191612005
1,58,0.90625,1.0751583576202393,6.340787887573242,updated,1.002998948097229,-0.007570750545710325,44.744224548339844,29.808433532714844,30.872684478759766,6.9632878699922,27.456849945936785,210,0,210,0,6,,0,64,-7.8240461349487305,5.808857440948486,-1.9893362522125244,OUTBOUND,-0.4754634201526642,-0.1802997605908817,0.0031999999191612005
1,59,0.921875,1.5844883918762207,6.463263988494873,updated,1.003299355506897,-0.00865158624947071,45.2901496887207,28.893896102905273,29.870582580566406,6.987507215992082,27.444676078195567,211,0,211,0,5,,0,64,-7.8240461349487305,5.889255046844482,-2.482755661010742,OUTBOUND,-0.5155249238014221,-0.17243453798354458,0.0031999999191612005
1,59,0.921875,0.9586138129234314,6.406088829040527,updated,1.0035996437072754,-0.009194495156407356,46.27349090576172,28.560230255126953,29.3928279876709,7.009535342978779,27.43253557754978,212,0,212,0,5,,0,64,-7.8240461349487305,5.791346549987793,-2.0086891651153564,OUTBOUND,-0.5537866950035095,-0.17189735467884265,0.0031999999191612005
1,58,0.90625,1.3665114641189575,6.525507926940918,updated,1.003900408744812,-0.010294560343027115,47.686885833740234,28.520126342773438,29.293846130371094,7.0351336299791,27.42037545546862,213,0,213,0,6,,0,64,-7.8240461349487305,5.864989280700684,-2.284334897994995,OUTBOUND,-0.5966194272041321,-0.19474259518184486,0.0031999999191612005
1,58,0.90625,0.9848073720932007,6.437747955322266,updated,1.0042005777359009,-0.010638109408318996,48.792171478271484,27.998470306396484,28.64798355102539,7.139028996985871,27.40820217373458,214,0,214,0,6,,0,64,-7.8240461349487305,5.732769012451172,-2.1634819507598877,OUTBOUND,-0.6390161514282227,-0.18896235358567504,0.0031999999191612005
1,60,0.9375,0.8728249073028564,6.59492301940918,updated,1.0045009851455688,-0.011918662115931511,50.366676330566406,28.024850845336914,28.592863082885742,7.164286326995352,27.396042031542528,215,0,215,0,4,,0,64,-7.824045658111572,5.843358039855957,-2.1979005336761475,OUTBOUND,-0.68284672498703,-0.15198596560275976,0.0031999999191612005
1,57,0.890625,0.6775188446044922,6.530714988708496,updated,1.0048010349273682,-0.012270343489944935,51.336734771728516,27.31273651123047,27.733631134033203,7.196959088003496,27.38390356463827,216,0,216,0,7,,0,64,-7.8240461349487305,5.732254505157471,-1.928647756576538,OUTBOUND,-0.7261408567428589,-0.11373296265243606,0.0031999999191612005
1,60,0.9375,0.6252526044845581,6.651577949523926,updated,1.005101203918457,-0.013425170443952084,52.67506790161133,26.853553771972656,27.1578369140625,7.227468408003915,27.371777306960023,217,0,217,0,4,,0,64,-7.824045658111572,5.803013801574707,-1.9202643632888794,OUTBOUND,-0.7728397846221924,-0.0998193252887872,0.0031999999191612005
1,59,0.921875,1.2266621589660645,6.695472717285156,updated,1.005401372909546,-0.014206752181053162,54.1291618347168,26.568981170654297,26.70810317993164,7.254301773995394,27.359686534746487,218,0,218,0,5,,0,64,-7.8240461349487305,5.792102336883545,-1.78084397315979,OUTBOUND,-0.8195130228996277,-0.10324490874136229,0.0031999999191612005
0,59,0.921875,0.8795679807662964,6.747153282165527,updated,1.0057014226913452,-0.01498878188431263,54.7518310546875,25.472761154174805,25.481143951416016,7.374126997980056,27.347592091046646,219,0,219,1,5,WATCHDOG_DEADLINE,0,64,-7.8240461349487305,5.782512187957764,-1.5162206888198853,OUTBOUND,-0.8732877373695374,-0.1136634710356751,0.0031999999191612005
1,61,0.953125,1.0974630117416382,6.795736312866211,updated,1.0060014724731445,-0.015742242336273193,56.308204650878906,25.251110076904297,25.173858642578125,7.406529008992948,27.33547915537956,220,0,220,0,3,,0,64,-7.824045658111572,5.768954277038574,-1.7922550439834595,OUTBOUND,-0.9302164912223816,-0.11636546927887881,0.0031999999191612005
1,59,0.921875,1.4483559131622314,6.828001976013184,updated,1.0063011646270752,-0.01630393974483013,57.803504943847656,24.955942153930664,24.66472816467285,7.429644549003569,27.323377056851005,221,0,221,0,5,,0,64,-7.8240461349487305,5.724783897399902,-1.7464052438735962,OUTBOUND,-0.9990198016166687,-0.12821240054858873,0.0031999999191612005
1,59,0.921875,0.826396644115448,7.001939296722412,updated,1.006601333618164,-0.017746906727552414,58.73799514770508,24.18515396118164,23.73975944519043,7.452525514992885,27.311254966723723,222,0,222,0,5,,0,64,-7.8240461349487305,5.825301647186279,-1.8758955001831055,OUTBOUND,-1.0680392980575562,-0.15385032495428924,0.0031999999191612005
1,62,0.96875,0.554599940776825,7.013782024383545,updated,1.0069012641906738,-0.0181657075881958,59.658905029296875,23.333324432373047,22.741544723510742,7.4746938519820105,27.29912150755272,223,0,223,0,2,,0,64,-7.824045658111572,5.760918140411377,-1.956554651260376,OUTBOUND,-1.1395354270935059,-0.16434823393876416,0.0031999999191612005
1,59,0.921875,0.9238525032997131,7.10567045211792,updated,1.0072013139724731,-0.019075848162174225,61.05207443237305,22.83576202392578,22.086599349975586,7.499507542990614,27.28697515694628,224,0,224,0,5,,0,64,-7.8240461349487305,5.773626327514648,-1.9145081043243408,OUTBOUND,-1.2153364419937134,-0.17697470651572803,0.0031999999191612005
1,60,0.9375,1.0351835489273071,7.168829441070557,updated,1.007501244544983,-0.01975294202566147,62.08561325073242,22.106416702270508,21.20854949951172,7.521186526981182,27.274812366976132,225,0,225,0,4,,0,64,-7.824045658111572,5.752821922302246,-2.0479543209075928,OUTBOUND,-1.2945761680603027,-0.1639897219997929,0.0031999999191612005
0,58,0.90625,0.9247422218322754,7.314653396606445,updated,1.0078015327453613,-0.021022722125053406,63.79376220703125,21.89598846435547,20.852901458740234,7.649723709997488,27.2626897838758,226,0,226,1,6,WATCHDOG_DEADLINE,0,64,-7.8240461349487305,5.813055515289307,-1.7201944589614868,OUTBOUND,-1.3735765218734741,-0.1321074979923818,0.0031999999191612005
1,61,0.953125,1.099779486656189,7.382626533508301,updated,1.0081020593643188,-0.0216886717826128,65.76985168457031,21.74944496154785,20.515024185180664,7.674933404981857,27.250577245041345,227,0,227,0,3,,0,64,-7.824045658111572,5.79086971282959,-1.603820562362671,OUTBOUND,-1.4593288898468018,-0.1234858539786462,0.0031999999191612005
1,57,0.890625,1.1233283281326294,7.4825439453125,updated,1.008402705192566,-0.02258681133389473,66.27706909179688,20.676959991455078,19.30489730834961,7.695611190982163,27.23848497658257,228,0,228,0,7,,0,64,-7.8240461349487305,5.799067497253418,-1.6055933237075806,OUTBOUND,-1.5467115640640259,-0.1267179994918599,0.0031999999191612005
1,61,0.953125,0.7318618893623352,7.577136516571045,updated,1.0087037086486816,-0.023405008018016815,68.15425872802734,20.498138427734375,18.94746208190918,7.722101075982209,27.226384221926228,229,0,229,0,3,,0,64,-7.824045658111572,5.797081470489502,-1.8718286752700806,OUTBOUND,-1.6370240449905396,-0.12610003573095097,0.0031999999191612005
1,60,0.9375,0.7236571907997131,7.618393421173096,updated,1.0090043544769287,-0.02376672625541687,67.28904724121094,19.281240463256836,17.636812210083008,7.744091942004161,27.214272402761022,230,0,230,0,4,,1,63,-7.824045658111572,5.742522716522217,-1.9979605674743652,FAILURE,-1.728478193283081,-0.12741370879849545,0.0031999999191612005
1,60,0.9375,1.0021640062332153,7.77503776550293,updated,1.0093052387237549,-0.024993157014250755,69.90861511230469,18.97794532775879,17.099552154541016,7.860333938006079,29.987995691709504,231,1,1,0,4,,0,64,-7.824045658111572,5.788155555725098,-1.610395073890686,OUTBOUND,-1.8330371379852295,-0.02166160922672505,0.0031999999191612005
1,58,0.90625,0.8265275955200195,7.828027248382568,updated,1.009605884552002,-0.02540099248290062,71.14881134033203,18.45806121826172,16.481616973876953,7.887064089998603,29.975968729339247,232,1,2,0,6,,0,64,-7.8240461349487305,5.742446422576904,-1.8980064392089844,OUTBOUND,-1.9272493124008179,-0.04740365759500339,0.0031999999191612005
1,62,0.96875,0.9120889902114868,7.93068790435791,updated,1.00990629196167,-0.026140401139855385,70.32899475097656,17.54254913330078,15.44728946685791,7.913727323000785,29.963929531395912,233,1,3,0,2,,1,63,-7.824045658111572,5.73435115814209,-2.2027721405029297,OUTBOUND,-2.0317749977111816,-0.05142064912458265,0.0031999999191612005
1,58,0.90625,1.2260297536849976,8.071993827819824,updated,1.010206699371338,-0.027161305770277977,73.32176208496094,17.326160430908203,14.981413841247559,7.942304911004612,29.951901651349388,234,1,4,0,6,,0,64,-7.8240461349487305,5.755386829376221,-1.6323992013931274,OUTBOUND,-2.1466212272644043,-0.03904581865771935,0.0031999999191612005
1,60,0.9375,0.6838185787200928,8.241786003112793,updated,1.010507583618164,-0.02853478118777275,74.0406494140625,16.69495391845703,14.205873489379883,7.9669529349775985,29.93987416224974,235,1,5,0,4,,0,64,-7.824045658111572,5.809935092926025,-1.882837176322937,OUTBOUND,-2.2565550804138184,-0.029854232978343265,0.0031999999191612005
0,59,0.921875,1.105686068534851,8.369001388549805,updated,1.0108088254928589,-0.02940581738948822,73.0633316040039,15.913721084594727,13.29397201538086,8.07852386299055,29.92778124635295,236,1,6,1,5,WATCHDOG_DEADLINE,1,63,-7.8240461349487305,5.8132147789001465,-2.020292282104492,OUTBOUND,-2.3749184608459473,0.02347335665286309,0.0031999999191612005
1,60,0.9375,0.6640007495880127,8.49194622039795,updated,1.011110544204712,-0.03021864965558052,73.81513214111328,15.345799446105957,12.598564147949219,8.103251622000244,29.915699577838435,237,1,7,0,4,,1,63,-7.824045658111572,5.81080961227417,-1.7186933755874634,OUTBOUND,-2.493445634841919,0.08315714008918622,0.0031999999191612005
1,60,0.9375,0.9040618538856506,8.62213134765625,updated,1.011412501335144,-0.031003514304757118,76.39042663574219,14.98130989074707,12.001070022583008,8.128618146001827,29.903597023789217,238,1,8,0,4,,0,64,-7.824045658111572,5.805931568145752,-1.865593433380127,OUTBOUND,-2.6210741996765137,0.08003067904604413,0.0031999999191612005
1,61,0.953125,0.7489975094795227,8.730975151062012,updated,1.0117145776748657,-0.0316229984164238,73.18669891357422,13.661964416503906,10.712272644042969,8.153777401981642,29.891508978750416,239,1,9,0,3,,1,63,-7.824045658111572,5.786684513092041,-1.5334014892578125,OUTBOUND,-2.7460062503814697,0.08298993166717478,0.0031999999191612005
1,61,0.953125,0.6929079294204712,8.842503547668457,updated,1.0120165348052979,-0.032087065279483795,75.85999298095703,13.342242240905762,10.117086410522461,8.179055493994383,29.879398625365912,240,1,10,0,3,,0,64,-7.824045658111572,5.755072116851807,-1.7178479433059692,OUTBOUND,-2.884552240371704,0.10962840014402116,0.0031999999191612005
1,60,0.9375,0.9614006280899048,8.996633529663086,updated,1.0123186111450195,-0.03307867422699928,75.43646240234375,12.545226097106934,9.248612403869629,8.201625191984931,29.8672716961519,241,1,11,0,4,,0,64,-7.824045658111572,5.769256114959717,-1.628926396369934,OUTBOUND,-3.017849922180176,0.09799398910129958,0.0031999999191612005
1,59,0.921875,0.805578887462616,9.09785270690918,updated,1.012620210647583,-0.03339603915810585,71.9916000366211,11.569129943847656,8.303179740905762,8.229722477990435,29.855169587286166,242,1,12,0,5,,1,63,-7.8240461349487305,5.727696895599365,-1.6058385372161865,OUTBOUND,-3.1580867767333984,0.05739890910320209,0.0031999999191612005
0,59,0.921875,0.3255210220813751,9.33792495727539,updated,1.0129222869873047,-0.035338032990694046,75.2336654663086,11.333977699279785,7.828723907470703,8.344345074990997,29.843049723606114,243,1,13,1,5,WATCHDOG_DEADLINE,0,64,-7.8240461349487305,5.817745208740234,-1.771911382675171,OUTBOUND,-3.3011724948883057,0.07399837420819341,0.0031999999191612005
1,60,0.9375,0.8059206008911133,9.46879768371582,updated,1.013224720954895,-0.03589953854680061,73.54833221435547,10.411256790161133,6.878329277038574,8.368340892979177,29.8309137114536,244,1,14,0,4,,0,64,-7.824045658111572,5.7960100173950195,-1.5178426504135132,OUTBOUND,-3.4494192600250244,0.09716316003195598,0.0031999999191612005
1,57,0.890625,1.3354676961898804,9.630857467651367,updated,1.0135273933410645,-0.036869827657938004,74.04159545898438,10.062390327453613,6.434751987457275,8.390306432003854,29.81879232057064,245,1,15,0,7,,0,64,-7.8240461349487305,5.80634069442749,-1.6742768287658691,OUTBOUND,-3.5964105129241943,0.08808483208113183,0.0031999999191612005
1,62,0.96875,0.8173215389251709,9.715588569641113,updated,1.0138298273086548,-0.036698777228593826,72.86822509765625,9.370131492614746,5.720461845397949,8.412618761998601,29.80665374164275,246,1,16,0,2,,0,64,-7.824045658111572,5.731220722198486,-1.5223069190979004,OUTBOUND,-3.748807907104492,0.11124274187299012,0.0031999999191612005
1,61,0.953125,1.164288878440857,9.944954872131348,updated,1.0141324996948242,-0.03843485191464424,71.5732421875,8.716968536376953,5.040307998657227,8.436748501990223,29.794493862074358,247,1,17,0,3,,0,64,-7.824045658111572,5.79830265045166,-1.710396647453308,OUTBOUND,-3.9094738960266113,0.12757312171557267,0.0031999999191612005
1,58,0.90625,0.7303777933120728,10.104410171508789,updated,1.0144352912902832,-0.039032094180583954,66.43653106689453,7.407303333282471,3.8862855434417725,8.556490710994694,29.782319556614706,248,1,18,0,6,,0,64,-7.8240461349487305,5.781341552734375,-1.7391412258148193,OUTBOUND,-4.081133842468262,0.12033041799865957,0.0031999999191612005
1,60,0.9375,0.34133583307266235,10.266111373901367,updated,1.0147383213043213,-0.04001355916261673,62.155582427978516,6.890052318572998,3.565980911254883,8.58384338900214,29.77013999463896,249,1,19,0,4,,1,63,-7.824045658111572,5.79188871383667,-1.787723422050476,OUTBOUND,-4.230461120605469,0.12774267635349276,0.0031999999191612005
1,58,0.90625,1.141606092453003,10.331656455993652,updated,1.015040636062622,-0.03948623687028885,64.62165069580078,6.55674934387207,3.080907106399536,8.608824202005053,29.757927572065412,250,1,20,0,6,,0,64,-7.8240461349487305,5.698859214782715,-2.1493887901306152,OUTBOUND,-4.389029502868652,0.1463141452467109,0.0031999999191612005
1,59,0.921875,0.934977114200592,10.575450897216797,updated,1.015343189239502,-0.0413823202252388,63.20930099487305,6.09567928314209,2.6583125591278076,8.63820206100354,29.74573726581426,251,1,21,0,5,,0,64,-7.8240461349487305,5.772004127502441,-1.650620460510254,OUTBOUND,-4.55466365814209,0.14813228033103093,0.0031999999191612005
1,58,0.90625,0.7229928374290466,10.714077949523926,updated,1.0156455039978027,-0.04184216633439064,59.9577522277832,5.389642715454102,2.108337640762329,8.663136810006108,29.733564096553568,252,1,22,0,6,,0,64,-7.8240461349487305,5.747958660125732,-1.6311633586883545,OUTBOUND,-4.7170538902282715,0.1569527021976283,0.0031999999191612005
0,58,0.90625,1.3806852102279663,10.869144439697266,updated,1.015947699546814,-0.04234509542584419,57.161842346191406,4.841126441955566,1.680612564086914,8.78368111999589,29.721350099402006,253,1,23,1,6,WATCHDOG_DEADLINE,0,64,-7.8240461349487305,5.727643966674805,-1.9347584247589111,OUTBOUND,-4.889821529388428,0.1787132457825691,0.0031999999191612005
1,55,0.859375,1.320063829421997,11.089875221252441,updated,1.0162502527236938,-0.04429333284497261,52.63685607910156,4.662519931793213,1.7740707397460938,8.812691700994037,29.70913535653192,254,1,24,0,9,,1,63,-7.8240461349487305,5.799499988555908,-2.028233528137207,OUTBOUND,-5.036343574523926,0.20265003377139068,0.0031999999191612005
1,58,0.90625,0.8345730304718018,11.17025375366211,updated,1.016552448272705,-0.043672431260347366,51.01190948486328,3.817352771759033,1.032101035118103,8.838855524983956,29.69688916130749,255,1,25,0,6,,0,64,-7.8240461349487305,5.709266185760498,-1.8983479738235474,OUTBOUND,-5.20659065246582,0.19683397189034235,0.0031999999191612005
1,58,0.90625,0.6795550584793091,11.383034706115723,updated,1.0168547630310059,-0.045394107699394226,48.69071578979492,3.420363426208496,0.7890499830245972,8.866474417998688,29.684677790198887,256,1,26,0,6,,0,64,-7.8240461349487305,5.765076160430908,-1.644170880317688,OUTBOUND,-5.368113994598389,0.19113639212781558,0.0031999999191612005
1,58,0.90625,0.9703348278999329,11.592116355895996,updated,1.0171576738357544,-0.04712903872132301,44.023189544677734,2.844794511795044,0.5195711851119995,8.891483494982822,29.672460209507992,257,1,27,0,6,,0,64,-7.8240461349487305,5.819686412811279,-1.826435923576355,OUTBOUND,-5.5228986740112305,0.21576310854270944,0.0031999999191612005
1,58,0.90625,0.9244655966758728,11.708948135375977,updated,1.0174610614776611,-0.04757896438241005,38.23866271972656,2.794844150543213,0.8470844030380249,8.913390893983888,29.66022658456001,258,1,28,0,6,,1,63,-7.8240461349487305,5.796760082244873,-1.7601754665374756,OUTBOUND,-5.666810035705566,0.22092983902618796,0.0031999999191612005
1,57,0.890625,1.3914458751678467,11.877363204956055,updated,1.017764925956726,-0.04891634359955788,33.32418441772461,2.276653528213501,0.68266361951828,8.936439007986337,29.647993157086507,259,1,29,0,7,,1,63,-7.8240461349487305,5.8258466720581055,-1.9309488534927368,OUTBOUND,-5.816034317016602,0.2100345541897405,0.0031999999191612005
0,54,0.84375,0.740218460559845,11.990130424499512,updated,1.0180692672729492,-0.04951591417193413,31.709739685058594,2.0902490615844727,0.6473551392555237,9.056013374996837,29.635717921481003,260,1,30,1,10,WATCHDOG_DEADLINE,1,63,-7.824046611785889,5.811966419219971,-1.8026230335235596,OUTBOUND,-5.9543681144714355,0.18900551919117586,0.0031999999191612005
1,55,0.859375,0.993847668170929,12.071493148803711,updated,1.0183734893798828,-0.04929113760590553,31.624675750732422,1.445599913597107,0.06718137115240097,9.083933613990666,29.62345485698892,261,1,31,0,9,,0,64,-7.8240461349487305,5.752464771270752,-1.5574018955230713,OUTBOUND,-6.095162868499756,0.1489585073198286,0.0031999999191612005
1,59,0.921875,0.8976766467094421,12.17798900604248,updated,1.0186775922775269,-0.05005626380443573,28.537948608398438,1.178124189376831,0.05947941169142723,9.10944554299931,29.61123929052516,262,1,32,0,5,,0,64,-7.8240461349487305,5.74932336807251,-1.9328452348709106,OUTBOUND,-6.211427688598633,0.125813026855031,0.0031999999191612005
1,58,0.90625,0.7256781458854675,12.307526588439941,updated,1.018981695175171,-0.0513535812497139,24.39421272277832,0.857373058795929,0.07280449569225311,9.13433247100329,29.5990106969507,263,1,33,0,6,,0,64,-7.8240461349487305,5.775078296661377,-1.8098604679107666,OUTBOUND,-6.321113586425781,0.12178533161361373,0.0031999999191612005
1,57,0.890625,1.4046661853790283,12.464719772338867,updated,1.0192865133285522,-0.05324201285839081,22.657005310058594,0.6965603232383728,0.0730547234416008,9.167406730004586,29.58680720934956,264,1,34,0,7,,0,64,-7.8240461349487305,5.831448554992676,-1.756392002105713,OUTBOUND,-6.43477725982666,0.11335889218415303,0.0031999999191612005
1,61,0.953125,0.7648156881332397,12.532841682434082,updated,1.0195918083190918,-0.053884025663137436,18.845043182373047,0.939499020576477,0.7040517330169678,9.317959881998831,29.574614482563792,265,1,35,0,3,,1,63,-7.824045658111572,5.820727825164795,-1.9756523370742798,OUTBOUND,-6.520370006561279,0.10090963556885434,0.0031999999191612005
1,59,0.921875,1.2206685543060303,12.536898612976074,updated,1.0198968648910522,-0.05357087403535843,18.28954315185547,0.36761078238487244,0.1312025785446167,9.342901555995923,29.562404447566948,266,1,36,0,5,,0,64,-7.8240461349487305,5.761054992675781,-2.0354557037353516,OUTBOUND,-6.595562934875488,0.06901520493237341,0.0031999999191612005
1,58,0.90625,0.6021414995193481,12.585165977478027,updated,1.0202016830444336,-0.05379898473620415,17.030628204345703,0.23152238130569458,0.1803397536277771,9.369445050979266,29.550244792178233,267,1,37,0,6,,0,64,-7.8240461349487305,5.7306976318359375,-1.8220006227493286,OUTBOUND,-6.681612491607666,0.04455396473810753,0.0031999999191612005
1,57,0.890625,0.8992965817451477,12.681351661682129,updated,1.020506739616394,-0.055956292897462845,15.653576850891113,0.17037980258464813,0.15256495773792267,9.394932047987822,29.538092175559353,268,1,38,0,7,,0,64,-7.8240461349487305,5.797769069671631,-1.7804110050201416,OUTBOUND,-6.721177101135254,0.026316741556791392,0.0031999999191612005
1,55,0.859375,1.3650221824645996,12.696682929992676,updated,1.0208117961883545,-0.056308455765247345,14.684502601623535,0.12822632491588593,0.21462932229042053,9.422010174981551,29.52598950555688,269,1,39,0,9,,0,64,-7.8240461349487305,5.773911476135254,-2.000424385070801,OUTBOUND,-6.767759799957275,0.012871605477103155,0.0031999999191612005
0,56,0.875,0.7152568101882935,12.67645263671875,updated,1.0211164951324463,-0.05600414052605629,17.793485641479492,0.6414130926132202,0.9278289675712585,9.539425499999197,29.513865237389698,270,1,40,1,8,WATCHDOG_DEADLINE,1,63,-7.824045658111572,5.718879699707031,-1.8780347108840942,OUTBOUND,-6.81575345993042,0.006715290722624562,0.0031999999191612005
1,59,0.921875,1.280470371246338,12.704740524291992,updated,1.0214210748672485,-0.057362545281648636,13.690515518188477,0.051159076392650604,0.22565136849880219,9.563942160981242,29.501741821705085,271,1,41,0,5,,0,64,-7.8240461349487305,5.745059490203857,-2.295245885848999,OUTBOUND,-6.822287082672119,0.00033171852416873115,0.0031999999191612005
1,60,0.9375,0.9661471843719482,12.77518081665039,updated,1.0217260122299194,-0.05952318757772446,13.826043128967285,0.030174892395734787,0.2165287882089615,9.585855643003015,29.48960852238405,272,1,42,0,4,,0,64,-7.824045658111572,5.808383464813232,-1.8467427492141724,OUTBOUND,-6.838959693908691,-0.0009429173288688486,0.0031999999191612005
1,58,0.90625,1.1721875667572021,12.701543807983398,updated,1.0220307111740112,-0.05879422649741173,14.708476066589355,0.09633518755435944,0.2851402759552002,9.613444496004377,29.477456875409292,273,1,43,0,6,,0,64,-7.8240461349487305,5.735458850860596,-1.5711543560028076,OUTBOUND,-6.846848011016846,-0.009459550697439222,0.0031999999191612005
1,56,0.875,0.5260780453681946,12.75146770477295,updated,1.0223357677459717,-0.06062990799546242,14.44960880279541,0.055972620844841,0.2101053148508072,9.642032809992088,29.46530096255884,274,1,44,0,8,,0,64,-7.824045658111572,5.782261848449707,-1.8247566223144531,OUTBOUND,-6.852410316467285,0.0044709715512422045,0.0031999999191612005
1,59,0.921875,0.8990365266799927,12.748408317565918,updated,1.0226411819458008,-0.06202814355492592,15.963364601135254,0.12816376984119415,0.26019084453582764,9.67027287199744,29.453191550332594,275,1,45,0,5,,0,64,-7.8240461349487305,5.807981967926025,-1.8758940696716309,OUTBOUND,-6.826254367828369,0.012389621481542688,0.0031999999191612005
1,61,0.953125,0.8989346623420715,12.697157859802246,updated,1.0229465961456299,-0.06193830072879791,15.62460994720459,0.13023808598518372,0.21308882534503937,9.693505874980474,29.441075861413765,276,1,46,0,3,,0,64,-7.824045658111572,5.766504287719727,-1.5808712244033813,OUTBOUND,-6.821231842041016,0.014373972905448904,0.0031999999191612005
0,56,0.875,0.8553714156150818,12.70633602142334,updated,1.023252248764038,-0.06301505118608475,13.161337852478027,0.11409059166908264,0.14836466312408447,9.809356546000345,29.428900860376025,277,1,47,1,8,WATCHDOG_DEADLINE,0,64,-7.824045658111572,5.777545928955078,-1.745523452758789,OUTBOUND,-6.802328109741211,0.012368708835769805,0.0031999999191612005
1,59,0.921875,0.4679669141769409,12.66563606262207,updated,1.023557424545288,-0.062424272298812866,14.358834266662598,0.14534589648246765,0.13848520815372467,9.830922606983222,29.416741607349007,278,1,48,0,5,,0,64,-7.8240461349487305,5.715749740600586,-1.7005478143692017,OUTBOUND,-6.793642044067383,-0.011384360840596318,0.0031999999191612005
1,57,0.890625,0.6705450415611267,12.773734092712402,updated,1.0238628387451172,-0.06500034779310226,15.118687629699707,0.21344301104545593,0.16970773041248322,9.865078503004042,29.404594280661506,279,1,49,0,7,,0,64,-7.8240461349487305,5.791609287261963,-1.9494428634643555,OUTBOUND,-6.8224992752075195,-0.02175108410585628,0.0031999999191612005
1,59,0.921875,0.7296906113624573,12.755342483520508,updated,1.0241683721542358,-0.06518199294805527,11.689934730529785,0.14936646819114685,0.0920075923204422,9.89190598600544,29.392443813712834,280,1,50,0,5,,0,64,-7.8240461349487305,5.763987064361572,-1.912461280822754,OUTBOUND,-6.839284896850586,-0.018512519455795382,0.0031999999191612005
1,59,0.921875,0.5438387393951416,12.807233810424805,updated,1.0244743824005127,-0.06688506156206131,10.429595947265625,0.1294432431459427,0.06053128093481064,9.92191336597898,29.38031843456081,281,1,51,0,5,,0,64,-7.8240461349487305,5.8007683753967285,-1.6743513345718384,OUTBOUND,-6.856193542480469,0.0001210624659069712,0.0031999999191612005
1,61,0.953125,0.38039857149124146,12.805610656738281,updated,1.0247806310653687,-0.0675322487950325,10.036661148071289,0.1465051770210266,0.06964368373155594,10.044137788994703,29.36820548483923,282,1,52,0,3,,0,64,-7.824045658111572,5.792938232421875,-1.750110149383545,OUTBOUND,-6.866621971130371,0.006476583094909917,0.0031999999191612005
1,61,0.953125,0.9745122790336609,12.815657615661621,updated,1.0250872373580933,-0.06873968988656998,10.504534721374512,0.1318119764328003,0.043876390904188156,10.071466046996647,29.35610681466664,283,1,53,0,3,,0,64,-7.824045658111572,5.808163642883301,-2.0971946716308594,OUTBOUND,-6.8635711669921875,0.0160666294309276,0.0031999999191612005
1,56,0.875,0.8942316174507141,12.8094482421875,updated,1.025394320487976,-0.06954460591077805,10.040742874145508,0.1436975598335266,0.062967449426651,10.096664482000051,29.344000286541345,284,1,54,0,8,,0,64,-7.824045658111572,5.806739330291748,-1.64780592918396,OUTBOUND,-6.8641486167907715,0.04418623087797543,0.0031999999191612005
1,61,0.953125,1.0831764936447144,12.771842002868652,updated,1.0257014036178589,-0.06960643082857132,8.099801063537598,0.09629542380571365,0.04321042075753212,10.121267315000296,29.331894759030202,285,1,55,0,3,,0,64,-7.824045658111572,5.7756853103637695,-1.7788145542144775,OUTBOUND,-6.858328342437744,0.06542373150238136,0.0031999999191612005
1,61,0.953125,0.9835439324378967,12.765819549560547,updated,1.0260084867477417,-0.07046876102685928,7.945106506347656,0.11965200304985046,0.06750621646642685,10.14565949398093,29.319798203990505,286,1,56,0,3,,0,64,-7.824045658111572,5.776915550231934,-1.485559105873108,OUTBOUND,-6.853440284729004,0.06069829335910326,0.0031999999191612005
0,56,0.875,1.0424511432647705,12.751434326171875,updated,1.026315689086914,-0.07115625590085983,7.235964775085449,0.09055794030427933,0.06636617332696915,10.25875812000595,29.30766307572203,287,1,57,1,8,WATCHDOG_DEADLINE,0,64,-7.824045658111572,5.771310329437256,-1.5432571172714233,OUTBOUND,-6.843617916107178,0.020884075560515532,0.0031999999191612005
1,58,0.90625,0.6262016296386719,12.740184783935547,updated,1.0266228914260864,-0.0721983090043068,6.688375949859619,0.06924979388713837,0.07096061110496521,10.283286568999756,29.295558150720414,288,1,58,0,6,,0,64,-7.8240461349487305,5.77949333190918,-1.6159991025924683,OUTBOUND,-6.8216753005981445,0.0009943804011067405,0.0031999999191612005
1,61,0.953125,0.8175815939903259,12.672262191772461,updated,1.0269297361373901,-0.07170278578996658,6.752077579498291,0.07113637775182724,0.06030775606632233,10.30997929998557,29.283438183727064,289,1,59,0,3,,0,64,-7.824045658111572,5.728968620300293,-1.5749609470367432,OUTBOUND,-6.808399200439453,0.005175648947931584,0.0031999999191612005
1,58,0.90625,0.936944305896759,12.727010726928711,updated,1.0272369384765625,-0.07424499839544296,6.892444610595703,0.7338641881942749,0.6933574676513672,10.334085367998341,29.271345356052333,290,1,60,0,6,,1,63,-7.8240461349487305,5.793944835662842,-2.0350186824798584,OUTBOUND,-6.7918195724487305,-0.0029858711757408227,0.0031999999191612005
1,63,0.984375,0.6459820866584778,12.693431854248047,updated,1.0275442600250244,-0.0747096836566925,6.292946815490723,0.061552830040454865,0.085015669465065,10.360050226998283,29.259243456508905,291,1,61,0,1,,0,64,-7.824045181274414,5.780143737792969,-1.8915808200836182,OUTBOUND,-6.771860599517822,-0.02761691389297995,0.0031999999191612005
1,58,0.90625,1.0540882349014282,12.611654281616211,updated,1.0278509855270386,-0.07367796450853348,6.041550636291504,0.16554847359657288,0.18343490362167358,10.383894804981537,29.247147487175443,292,1,62,0,6,,0,64,-7.8240461349487305,5.711569786071777,-2.054762125015259,OUTBOUND,-6.757643222808838,-0.061982496744187,0.0031999999191612005
1,58,0.90625,0.3555172383785248,12.642952919006348,updated,1.0281577110290527,-0.07575486600399017,8.837483406066895,0.046189084649086,0.12835843861103058,10.411025210982189,29.235036148200432,293,1,63,0,6,,0,64,-7.8240461349487305,5.757711410522461,-1.7405140399932861,OUTBOUND,-6.740096569061279,-0.07994451112974879,0.0031999999191612005
0,58,0.90625,0.9396039247512817,12.623144149780273,updated,1.0284643173217773,-0.07630760222673416,5.87545108795166,0.0728285163640976,0.10372856259346008,10.530408702004934,29.222849200437967,294,1,64,1,6,WATCHDOG_DEADLINE,0,64,-7.8240461349487305,5.747983932495117,-1.8007453680038452,OUTBOUND,-6.724414825439453,-0.11924375395996183,0.0031999999191612005
1,59,0.921875,0.9713958501815796,12.604928970336914,updated,1.028770923614502,-0.07707269489765167,4.869965076446533,0.7538448572158813,0.7599703669548035,10.55704683699878,29.210651590741367,295,1,65,0,5,,1,63,-7.8240461349487305,5.746047019958496,-1.7404367923736572,OUTBOUND,-6.707594394683838,-0.1712482416350867,0.0031999999191612005
1,59,0.921875,0.3714000880718231,12.63916301727295,updated,1.0290778875350952,-0.07923778891563416,6.2429609298706055,0.059266347438097,0.10471703857183456,10.58341192099033,29.198433109437044,296,1,66,0,5,,0,64,-7.8240461349487305,5.793525218963623,-1.9119776487350464,OUTBOUND,-6.691184043884277,-0.18598569281955174,0.0031999999191612005
1,56,0.875,0.8271914124488831,12.633820533752441,updated,1.0293850898742676,-0.07986904680728912,8.2792387008667,0.06919487565755844,0.12450803816318512,10.612561902002199,29.18625096172992,297,1,67,0,8,,0,64,-7.824045658111572,5.786474704742432,-1.7794913053512573,OUTBOUND,-6.686757564544678,-0.19172190575989595,0.0031999999191612005
1,61,0.953125,1.215744972229004,12.590836524963379,updated,1.02969229221344,-0.07974015921354294,7.66392183303833,0.053030967712402344,0.09522811323404312,10.64286163498764,29.174040927728246,298,1,68,0,3,,0,64,-7.824045658111572,5.753302574157715,-1.9690216779708862,OUTBOUND,-6.6738505363464355,-0.20883649857227266,0.0031999999191612005
1,62,0.96875,1.0353820323944092,12.641106605529785,updated,1.029999852180481,-0.08190079033374786,8.254470825195312,0.10108966380357742,0.1383744329214096,10.772268111992162,29.1618456872015,299,1,69,0,2,,0,64,-7.824045658111572,5.799068450927734,-1.7678415775299072,OUTBOUND,-6.670596122741699,-0.2326803170976276,0.0031999999191612005
1,59,0.921875,0.9636615514755249,12.584253311157227,updated,1.030307412147522,-0.0811605155467987,6.598001956939697,0.7444151639938354,0.7512366771697998,10.799624606006546,29.14965498869245,300,1,70,0,5,,1,63,-7.8240461349487305,5.745739459991455,-1.8329161405563354,OUTBOUND,-6.6653313636779785,-0.23549886831593364,0.0031999999191612005
1,62,0.96875,1.2361834049224854,12.61705207824707,updated,1.030614972114563,-0.08262066543102264,12.189533233642578,0.11317705363035202,0.14310406148433685,10.823553434980568,29.13747529425072,301,1,71,0,2,,0,64,-7.824045658111572,5.767197132110596,-2.013857364654541,OUTBOUND,-6.666804790496826,-0.22688255652671913,0.0031999999191612005
1,59,0.921875,0.5629289746284485,12.561521530151367,updated,1.0309219360351562,-0.08134471625089645,11.083142280578613,0.12296638637781143,0.13778376579284668,10.848757509986171,29.125282379237007,302,1,72,0,5,,0,64,-7.8240461349487305,5.697495937347412,-1.900053858757019,OUTBOUND,-6.675363540649414,-0.20086057185841183,0.0031999999191612005
1,61,0.953125,0.800725519657135,12.687304496765137,updated,1.0312292575836182,-0.08499780297279358,11.949169158935547,0.11584976315498352,0.11217460036277771,10.87323194599594,29.113123593602815,303,1,73,0,3,,0,64,-7.824045658111572,5.791074752807617,-1.7645004987716675,OUTBOUND,-6.693371295928955,-0.17413440520943163,0.0031999999191612005
0,57,0.890625,0.6883423924446106,12.705801010131836,updated,1.0315368175506592,-0.08533967286348343,5.8163275718688965,0.11100133508443832,0.10202647745609283,11.005449143995065,29.100957329229452,304,1,74,1,7,WATCHDOG_DEADLINE,0,64,-7.8240461349487305,5.775134563446045,-1.7800980806350708,OUTBOUND,-6.724104881286621,-0.1766460318765858,0.0031999999191612005
1,61,0.953125,0.8581792712211609,12.75372314453125,updated,1.031844973564148,-0.08707688003778458,9.56283950805664,0.15117621421813965,0.1365191489458084,11.031061193003552,29.088793590956957,305,1,75,0,3,,0,64,-7.824045658111572,5.804429531097412,-2.1297292709350586,OUTBOUND,-6.733978271484375,-0.1811884798624951,0.0031999999191612005
1,59,0.921875,0.6577451825141907,12.774256706237793,updated,1.0321532487869263,-0.0871545672416687,8.453957557678223,0.09050966799259186,0.07069705426692963,11.05577286198968,29.0766242591161,306,1,76,0,5,,0,64,-7.8240461349487305,5.7801923751831055,-1.83926522731781,OUTBOUND,-6.777159690856934,-0.1691377331785489,0.0031999999191612005
1,59,0.921875,0.5793046951293945,12.817907333374023,updated,1.0324617624282837,-0.0881727933883667,9.899057388305664,0.10336314141750336,0.07209626585245132,11.080996414006222,29.064467251943377,307,1,77,0,5,,0,64,-7.8240461349487305,5.786121845245361,-1.8587679862976074,OUTBOUND,-6.81378698348999,-0.160268885360434,0.0031999999191612005
1,57,0.890625,0.5532383322715759,12.891003608703613,updated,1.0327709913253784,-0.09030451625585556,9.099466323852539,0.09620785713195801,0.05985811725258827,11.110765207995428,29.052304479392106,308,1,78,0,7,,0,64,-7.8240461349487305,5.826781272888184,-1.7299275398254395,OUTBOUND,-6.845207214355469,-0.17072468569435048,0.0031999999191612005
1,57,0.890625,1.302243947982788,12.880634307861328,updated,1.0330804586410522,-0.08986231684684753,10.62073802947998,0.11990264803171158,0.07092729210853577,11.136708086996805,29.04012423768529,309,1,79,0,7,,0,64,-7.8240461349487305,5.786816120147705,-1.404312252998352,OUTBOUND,-6.873072624206543,-0.18818751397630917,0.0031999999191612005
1,61,0.953125,0.7402448654174805,12.91828727722168,updated,1.0333900451660156,-0.0907180905342102,8.60820484161377,0.11375784873962402,0.07225671410560608,11.16171653298079,29.027927130123825,310,1,80,0,3,,0,64,-7.824045658111572,5.787461280822754,-1.7179932594299316,OUTBOUND,-6.906904697418213,-0.19362499138166306,0.0031999999191612005
0,59,0.921875,1.3205827474594116,12.956493377685547,updated,1.033699870109558,-0.09155552089214325,5.647096633911133,0.7946652770042419,0.7545023560523987,11.292191827989882,29.015717422624938,311,1,81,1,5,WATCHDOG_DEADLINE,1,63,-7.8240461349487305,5.787526607513428,-1.9277936220169067,OUTBOUND,-6.946375370025635,-0.17754651144449693,0.0031999999191612005
1,56,0.875,0.9444817304611206,12.9569673538208,updated,1.034009575843811,-0.09163679927587509,3.0571389198303223,0.7975996732711792,0.7844472527503967,11.319528191001154,29.003523473707535,312,1,82,0,8,,1,63,-7.824045658111572,5.764770984649658,-1.8886030912399292,OUTBOUND,-6.974467754364014,-0.17120658630066085,0.0031999999191612005
1,57,0.890625,1.038608431816101,13.005091667175293,updated,1.034319281578064,-0.09265501797199249,5.428223609924316,0.07382407039403915,0.0491657555103302,11.344410563993733,28.991329724324093,313,1,83,0,7,,0,64,-7.8240461349487305,5.770450115203857,-1.9349220991134644,OUTBOUND,-7.0130791664123535,-0.1616064036494347,0.0031999999191612005
1,58,0.90625,0.6016995906829834,13.026086807250977,updated,1.034628987312317,-0.09303895384073257,4.649219512939453,0.057350996881723404,0.03915102779865265,11.37087731299107,28.97914744550528,314,1,84,0,6,,0,64,-7.8240461349487305,5.757238388061523,-1.700858235359192,OUTBOUND,-7.050610542297363,-0.16053952313727177,0.0031999999191612005
1,58,0.90625,0.7931255102157593,13.058357238769531,updated,1.0349386930465698,-0.0944981500506401,4.348410606384277,0.7893776297569275,0.7562077045440674,11.396941062994301,28.96694980527372,315,1,85,0,6,,1,63,-7.8240461349487305,5.7758588790893555,-1.9328933954238892,OUTBOUND,-7.060874938964844,-0.1857547116227657,0.0031999999191612005
1,56,0.875,1.0302700996398926,13.066628456115723,updated,1.0352483987808228,-0.09485982358455658,4.11329984664917,0.12691575288772583,0.11239452660083771,11.525757480994798,28.95474080329279,316,1,86,0,8,,0,64,-7.824045658111572,5.762197017669678,-1.9198857545852661,OUTBOUND,-7.086045742034912,-0.19586292676487016,0.0031999999191612005
1,58,0.90625,0.45370522141456604,13.14336109161377,updated,1.0355585813522339,-0.09749144315719604,3.5364437103271484,0.06450306624174118,0.05408241227269173,11.549963373981882,28.94253335633195,317,1,87,0,6,,0,64,-7.8240461349487305,5.814307689666748,-1.7584589719772339,OUTBOUND,-7.107450485229492,-0.17503441262040395,0.0031999999191612005
1,60,0.9375,0.780067503452301,13.095041275024414,updated,1.0358686447143555,-0.0962282195687294,4.95762825012207,0.056994080543518066,0.03552393615245819,11.577170296979602,28.93037318662895,318,1,88,0,4,,0,64,-7.824045658111572,5.754024982452393,-1.8528879880905151,OUTBOUND,-7.119609832763672,-0.1687169931645631,0.0031999999191612005
1,59,0.921875,0.520374596118927,13.151798248291016,updated,1.0361789464950562,-0.09865263849496841,4.621450901031494,0.06701488792896271,0.051251888275146484,11.60466243699193,28.9181905836628,319,1,89,0,5,,0,64,-7.8240461349487305,5.799426555633545,-1.8165425062179565,OUTBOUND,-7.1303181648254395,-0.1705844710698418,0.0031999999191612005
1,60,0.9375,1.085694432258606,13.146384239196777,updated,1.0364893674850464,-0.09855466336011887,5.37433385848999,0.07803753763437271,0.06058010458946228,11.630183545988984,28.9060218614291,320,1,90,0,4,,0,64,-7.824045658111572,5.7730712890625,-1.8147598505020142,OUTBOUND,-7.145333290100098,-0.1763068460791434,0.0031999999191612005
0,60,0.9375,0.9158145189285278,13.149862289428711,updated,1.0367997884750366,-0.09901722520589828,2.2576708793640137,0.05528969317674637,0.05258547142148018,11.779850418999558,28.89376778730032,321,1,91,1,4,WATCHDOG_DEADLINE,0,64,-7.824045658111572,5.7627997398376465,-1.4123032093048096,OUTBOUND,-7.164863586425781,-0.16725634766746075,0.0031999999191612005
1,58,0.90625,0.6634580492973328,13.161299705505371,updated,1.0371100902557373,-0.09972801804542542,3.6547868251800537,0.04960719496011734,0.04190871864557266,11.804398934997153,28.881578590517492,322,1,92,0,6,,0,64,-7.8240461349487305,5.759579181671143,-1.618865728378296,OUTBOUND,-7.174727916717529,-0.16181259161441994,0.0031999999191612005
1,58,0.90625,0.7628052830696106,13.214865684509277,updated,1.037420630455017,-0.10162495076656342,3.7296359539031982,0.7959617376327515,0.7812185287475586,11.831836203986313,28.869359176779085,323,1,93,0,6,,1,63,-7.8240461349487305,5.788975238800049,-1.8087819814682007,OUTBOUND,-7.203204154968262,-0.18685102297104955,0.0031999999191612005
1,60,0.9375,1.1272468566894531,13.227625846862793,updated,1.037731409072876,-0.10245908051729202,2.694660186767578,0.0911770612001419,0.08506816625595093,11.85767038699123,28.85716132326902,324,1,94,0,4,,0,64,-7.824045658111572,5.788952350616455,-1.7497591972351074,OUTBOUND,-7.2145514488220215,-0.19343489183217413,0.0031999999191612005
1,57,0.890625,0.8448578715324402,13.225605010986328,updated,1.0380423069000244,-0.10282699018716812,2.937228202819824,0.04875104874372482,0.05025336891412735,11.881282374990406,28.844967175863356,325,1,95,0,7,,0,64,-7.8240461349487305,5.776331424713135,-1.6416802406311035,OUTBOUND,-7.217764377593994,-0.16841411153268368,0.0031999999191612005
1,59,0.921875,0.5929991006851196,13.256265640258789,updated,1.0383533239364624,-0.10380695760250092,1.924271583557129,0.05155608803033829,0.05072612687945366,11.904707415000303,28.832830419086026,326,1,96,0,5,,0,64,-7.8240461349487305,5.780305862426758,-1.8764443397521973,OUTBOUND,-7.237274646759033,-0.15063975571761729,0.0031999999191612005
1,62,0.96875,0.8596001863479614,13.26655387878418,updated,1.0386643409729004,-0.10433728992938995,2.6256844997406006,0.05341116338968277,0.05411018058657646,11.930457120994106,28.820677626625894,327,1,97,0,2,,0,64,-7.824045658111572,5.772267818450928,-1.79736328125,OUTBOUND,-7.256565570831299,-0.15621612409220434,0.0031999999191612005
0,61,0.953125,0.7360340356826782,13.325035095214844,updated,1.0389758348464966,-0.10659819841384888,5.067981719970703,0.06394708156585693,0.06979108601808548,12.055525003001094,28.808478421112383,328,1,98,1,3,WATCHDOG_DEADLINE,0,64,-7.824045658111572,5.80997896194458,-1.767177700996399,OUTBOUND,-7.27026891708374,-0.12948514984309903,0.0031999999191612005
1,59,0.921875,1.4509609937667847,13.312883377075195,updated,1.0392874479293823,-0.1065082848072052,6.561732769012451,0.0606403574347496,0.06851421296596527,12.087339313002303,28.796325880380543,329,1,99,0,5,,0,64,-7.8240461349487305,5.785593032836914,-2.1976146697998047,OUTBOUND,-7.284019947052002,-0.09164388702024963,0.0031999999191612005
1,55,0.859375,1.0304372310638428,13.298375129699707,updated,1.039598822593689,-0.1058376207947731,1.7179811000823975,0.8340779542922974,0.8156960010528564,12.114444453996839,28.784176581115375,330,1,100,0,9,,1,63,-7.8240461349487305,5.7465105056762695,-1.7081537246704102,OUTBOUND,-7.307887077331543,-0.08203819627549773,0.0031999999191612005
1,57,0.890625,0.7789036631584167,13.338457107543945,updated,1.0399101972579956,-0.10747407376766205,2.1506948471069336,0.07116715610027313,0.07894396036863327,12.142087132990127,28.772039184517084,331,1,101,0,7,,0,64,-7.8240461349487305,5.7674641609191895,-1.8032227754592896,OUTBOUND,-7.324947834014893,-0.08902077127239186,0.0031999999191612005
1,61,0.953125,0.9592146873474121,13.297234535217285,updated,1.0402209758758545,-0.106204092502594,1.92609703540802,0.08116249740123749,0.08507310599088669,12.16856769498554,28.75989804401738,332,1,102,0,3,,0,64,-7.824045658111572,5.713835716247559,-2.205596923828125,OUTBOUND,-7.338676929473877,-0.0899143564555134,0.0031999999191612005
1,58,0.90625,0.6911845207214355,13.394949913024902,updated,1.040532112121582,-0.11018639802932739,1.773443579673767,0.11936737596988678,0.12706521153450012,12.29638645198429,28.747758586951395,333,1,103,0,6,,0,64,-7.8240461349487305,5.794257640838623,-1.6646298170089722,OUTBOUND,-7.353347301483154,-0.08797825726184559,0.0031999999191612005
1,59,0.921875,0.8424599170684814,13.375847816467285,updated,1.04084312915802,-0.10931766033172607,3.5033974647521973,0.04864329844713211,0.057046640664339066,12.32307210500585,28.73565252474795,334,1,104,0,5,,0,64,-7.8240461349487305,5.751359462738037,-1.487987995147705,OUTBOUND,-7.374757766723633,-0.08084715147121024,0.0031999999191612005
1,59,0.921875,1.0450503826141357,13.386308670043945,updated,1.0411540269851685,-0.10999361425638199,3.0824620723724365,0.034669339656829834,0.04022493585944176,12.347396597004263,28.72354914760563,335,1,105,0,5,,0,64,-7.8240461349487305,5.7477030754089355,-1.9862463474273682,OUTBOUND,-7.389858245849609,-0.08242219095306551,0.0031999999191612005
1,55,0.859375,0.7120121121406555,13.441798210144043,updated,1.0414652824401855,-0.11253040283918381,2.4201180934906006,0.8501155972480774,0.8294991254806519,12.371523777983384,28.711431846260414,336,1,106,0,9,,1,63,-7.8240461349487305,5.790256023406982,-1.5929043292999268,OUTBOUND,-7.4045515060424805,-0.07835412466309043,0.0031999999191612005
1,60,0.9375,0.9565693140029907,13.460519790649414,updated,1.0417767763137817,-0.11310383677482605,5.075012683868408,0.055431779474020004,0.06698231399059296,12.396630297997035,28.69934377696973,337,1,107,0,4,,0,64,-7.824045658111572,5.783843040466309,-2.15994930267334,OUTBOUND,-7.4228620529174805,-0.07568668093309946,0.0031999999191612005
0,61,0.953125,0.8059293627738953,13.44696044921875,updated,1.042088270187378,-0.11283863335847855,5.247730731964111,0.05339295044541359,0.0650886744260788,12.518579438998131,28.687189131436135,338,1,108,1,3,WATCHDOG_DEADLINE,0,64,-7.824045658111572,5.757022380828857,-1.6841471195220947,OUTBOUND,-7.431934356689453,-0.06438366158747136,0.0031999999191612005
1,57,0.890625,0.7735941410064697,13.4451265335083,updated,1.042399525642395,-0.11305282264947891,4.136697292327881,0.03986496478319168,0.04499942436814308,12.544875457999296,28.675055546690892,339,1,109,0,7,,0,64,-7.8240461349487305,5.7422285079956055,-1.5835191011428833,OUTBOUND,-7.443058490753174,-0.056768300178399934,0.0031999999191612005
1,57,0.890625,0.7017714977264404,13.4437837600708,updated,1.042710304260254,-0.11262476444244385,2.804429769515991,0.08506649732589722,0.08937855809926987,12.5739479099866,28.66295616532524,340,1,110,0,7,,0,64,-7.8240461349487305,5.71220064163208,-1.6331342458724976,OUTBOUND,-7.465776443481445,-0.05778940419120249,0.0031999999191612005
1,55,0.859375,0.8261210322380066,13.527938842773438,updated,1.043021321296692,-0.11611531674861908,5.3596367835998535,0.04894804581999779,0.05266479775309563,12.604218303982634,28.65087117248024,341,1,111,0,9,,0,64,-7.8240461349487305,5.776329517364502,-2.072143793106079,OUTBOUND,-7.483204364776611,-0.03520720996635257,0.0031999999191612005
1,58,0.90625,0.7486818432807922,13.533646583557129,updated,1.0433323383331299,-0.1163431853055954,4.719818592071533,0.05901681259274483,0.0609317421913147,12.637875718006399,28.638771356233608,342,1,112,0,6,,0,64,-7.8240461349487305,5.762080669403076,-1.6384369134902954,OUTBOUND,-7.50397253036499,-0.013509565569260943,0.0031999999191612005
1,60,0.9375,0.9649389386177063,13.560172080993652,updated,1.043643593788147,-0.11709427833557129,7.014904022216797,0.07261168211698532,0.07859278470277786,12.663607628986938,28.626641921368396,343,1,113,0,4,,0,64,-7.824045658111572,5.760367393493652,-2.0827269554138184,OUTBOUND,-7.525918006896973,-0.02456527508805914,0.0031999999191612005
1,60,0.9375,1.0115598440170288,13.612775802612305,updated,1.0439552068710327,-0.11908194422721863,4.126418590545654,0.06646844744682312,0.06705571711063385,12.692975159996422,28.61452132816909,344,1,114,0,4,,0,64,-7.824045658111572,5.787625789642334,-1.9991238117218018,OUTBOUND,-7.5509748458862305,-0.06253175974246883,0.0031999999191612005
0,56,0.875,1.360607385635376,13.64819622039795,updated,1.0442670583724976,-0.11996163427829742,5.146352291107178,0.07675020396709442,0.07872898131608963,12.811906849994557,28.602367318295833,345,1,115,1,8,WATCHDOG_DEADLINE,0,64,-7.824045658111572,5.78873348236084,-1.9136829376220703,OUTBOUND,-7.580868721008301,-0.06415688407236331,0.0031999999191612005
1,58,0.90625,0.9736590385437012,13.665682792663574,updated,1.044579267501831,-0.12063062936067581,1.4578543901443481,0.08386455476284027,0.08736786246299744,12.837588202994084,28.590203208595188,346,1,116,0,6,,0,64,-7.8240461349487305,5.784944534301758,-1.9695229530334473,OUTBOUND,-7.6000142097473145,-0.0601949485854894,0.0031999999191612005
1,61,0.953125,1.2014614343643188,13.689990997314453,updated,1.0448917150497437,-0.12136382609605789,2.42338490486145,0.11104010790586472,0.1093079075217247,12.861998068983667,28.57804694333492,347,1,117,0,3,,0,64,-7.824045658111572,5.782668590545654,-1.7765560150146484,OUTBOUND,-7.627485275268555,-0.06427589061715112,0.0031999999191612005
1,61,0.953125,0.662979006767273,13.705164909362793,updated,1.0452041625976562,-0.12161923944950104,2.833969831466675,0.05423470586538315,0.04947451129555702,12.88462652900489,28.565874479503215,348,1,118,0,3,,0,64,-7.824045658111572,5.769534587860107,-1.9649443626403809,OUTBOUND,-7.651725769042969,-0.07294230011467813,0.0031999999191612005
1,56,0.875,0.8902606964111328,13.652039527893066,updated,1.0455162525177002,-0.11998038738965988,3.026231288909912,0.9047229886054993,0.8924793004989624,12.908683725981973,28.55369617600322,349,1,119,0,8,,1,63,-7.824045658111572,5.7137346267700195,-1.9648869037628174,OUTBOUND,-7.667479991912842,-0.0897708993906689,0.0031999999191612005
1,64,1.0,0.5158840417861938,13.726860046386719,updated,1.0458282232284546,-0.12265992164611816,2.1845662593841553,0.9146903157234192,0.8947466611862183,13.03487312598736,28.541548751095114,350,1,120,0,0,,1,63,-7.824046611785889,5.755735874176025,-1.8156594038009644,OUTBOUND,-7.6944098472595215,-0.07767643842724806,0.0031999999191612005
1,58,0.90625,0.8527758717536926,13.721856117248535,updated,1.0461400747299194,-0.12241443246603012,4.122073650360107,0.035858504474163055,0.032700590789318085,13.057437821000349,28.52939114510626,351,1,121,0,6,,0,64,-7.8240461349487305,5.731905937194824,-1.499802827835083,OUTBOUND,-7.708978176116943,-0.05347621960951093,0.0031999999191612005
1,59,0.921875,1.1148754358291626,13.786782264709473,updated,1.0464521646499634,-0.12544652819633484,5.070915699005127,0.05251461640000343,0.04761846363544464,13.082751432986697,28.517244512317095,352,1,122,0,5,,0,64,-7.8240461349487305,5.781071662902832,-1.8747915029525757,OUTBOUND,-7.719334125518799,-0.03433187943292632,0.0031999999191612005
1,59,0.921875,0.5761041641235352,13.784482955932617,updated,1.0467644929885864,-0.12583519518375397,1.6824556589126587,0.9325065016746521,0.9181963801383972,13.10597206899547,28.505082541836114,353,1,123,0,5,,1,63,-7.8240461349487305,5.771359920501709,-1.8011224269866943,OUTBOUND,-7.73040771484375,-0.015610127615223708,0.0031999999191612005
1,58,0.90625,0.6581448912620544,13.818958282470703,updated,1.0470770597457886,-0.12665008008480072,3.3800723552703857,0.049304988235235214,0.044941093772649765,13.133491254993714,28.492917217197142,354,1,124,0,6,,0,64,-7.8240461349487305,5.7710957527160645,-1.6887880563735962,OUTBOUND,-7.7627129554748535,-0.012367447803692595,0.0031999999191612005
0,60,0.9375,1.0836237668991089,13.865192413330078,updated,1.047390103340149,-0.12915931642055511,3.4128010272979736,0.04732665792107582,0.04702422395348549,13.249718003993621,28.48072357474252,355,1,125,1,4,WATCHDOG_DEADLINE,0,64,-7.824045658111572,5.80765962600708,-2.022722005844116,OUTBOUND,-7.7702155113220215,-0.0287227801231969,0.0031999999191612005
1,56,0.875,1.0146974325180054,13.852762222290039,updated,1.0477032661437988,-0.1284438520669937,2.449413776397705,0.053067997097969055,0.04940599948167801,13.275327363982797,28.468512185752257,356,1,126,0,8,,0,64,-7.824045658111572,5.774081230163574,-1.9232629537582397,OUTBOUND,-7.7892985343933105,-0.0280451249375229,0.0031999999191612005
1,59,0.921875,0.9115939140319824,13.876449584960938,updated,1.0480166673660278,-0.1293058544397354,4.446148872375488,0.04198617860674858,0.0403929278254509,13.300402416003635,28.456328755140756,357,1,127,0,5,,0,64,-7.8240461349487305,5.774779796600342,-2.0689690113067627,OUTBOUND,-7.806605339050293,-0.01390897547930102,0.0031999999191612005
1,56,0.875,0.6542328000068665,13.904321670532227,updated,1.048330307006836,-0.1308239847421646,2.245251178741455,0.08100039511919022,0.08112941682338715,13.325763881002786,28.444167131624184,358,1,128,0,8,,0,64,-7.824045658111572,5.789455890655518,-1.6110738515853882,OUTBOUND,-7.819707870483398,-0.013930711188851932,0.0031999999191612005
1,61,0.953125,0.6562581062316895,13.91640853881836,updated,1.0486441850662231,-0.13130368292331696,2.8002185821533203,0.053880639374256134,0.056793808937072754,13.348919762996957,28.43200419606038,359,1,129,0,3,,0,64,-7.824045658111572,5.781932830810547,-1.8678138256072998,OUTBOUND,-7.836608409881592,-0.013216615176244461,0.0031999999191612005
1,60,0.9375,1.3039838075637817,13.92479133605957,updated,1.0489580631256104,-0.13122087717056274,3.98500657081604,0.042806170880794525,0.04289621487259865,13.377217623987235,28.419810094290728,360,1,130,0,4,,0,64,-7.824045658111572,5.762655258178711,-2.021639823913574,OUTBOUND,-7.864593505859375,-0.017748768882653688,0.0031999999191612005
1,58,0.90625,0.7992277145385742,13.962902069091797,updated,1.0492721796035767,-0.1329798400402069,3.89982533454895,0.05741562321782112,0.06135854497551918,13.399192985001719,28.407669561864278,361,1,131,0,6,,0,64,-7.8240461349487305,5.7821574211120605,-1.6423563957214355,OUTBOUND,-7.876357078552246,-0.03239962541543204,0.0031999999191612005
0,57,0.890625,1.0075043439865112,13.978759765625,updated,1.049586296081543,-0.13330812752246857,0.7012718319892883,0.9724908471107483,0.9528402090072632,13.529139920981834,28.39553006283956,362,1,132,1,7,WATCHDOG_DEADLINE,1,63,-7.8240461349487305,5.771666526794434,-1.972113847732544,OUTBOUND,-7.910221099853516,-0.04688139483810679,0.0031999999191612005
1,56,0.875,1.0853596925735474,14.007148742675781,updated,1.049900770187378,-0.13490141928195953,1.1203159093856812,0.9658094644546509,0.9492387175559998,13.565934266982367,28.383390080612887,363,1,133,0,8,,1,63,-7.824045658111572,5.7874436378479,-1.789094090461731,OUTBOUND,-7.919534206390381,-0.04809978517948914,0.0031999999191612005
1,60,0.9375,0.8504895567893982,14.03823184967041,updated,1.050215482711792,-0.13620558381080627,3.306802988052368,0.9993281960487366,0.9783493876457214,13.596758125000633,28.371220178006013,364,1,134,0,4,,1,63,-7.824045658111572,5.797079086303711,-2.060487747192383,OUTBOUND,-7.939675807952881,-0.04827739055553327,0.0031999999191612005
1,57,0.890625,1.0305722951889038,14.04995346069336,updated,1.0505306720733643,-0.1371990442276001,0.5669475793838501,0.9786455035209656,0.9624464511871338,13.625065990985604,28.359092960905013,365,1,135,0,7,,1,63,-7.8240461349487305,5.800243377685547,-1.5137180089950562,OUTBOUND,-7.948309898376465,-0.0423518512101575,0.0031999999191612005
1,57,0.890625,1.2104135751724243,14.0338773727417,updated,1.050845742225647,-0.1364709734916687,5.747818470001221,0.04322170838713646,0.04342994838953018,13.64786426597857,28.34696572184375,366,1,136,0,7,,0,64,-7.8240461349487305,5.768431663513184,-1.9077658653259277,OUTBOUND,-7.960956573486328,-0.03540127970345495,0.0031999999191612005
1,62,0.96875,0.9220434427261353,14.055964469909668,updated,1.0511608123779297,-0.13744105398654938,0.7701333165168762,0.9810978770256042,0.9620581865310669,13.781293709995225,28.334878489884673,367,1,137,0,2,,1,63,-7.824045658111572,5.771251678466797,-1.628845453262329,OUTBOUND,-7.977517604827881,-0.046317425928060374,0.0031999999191612005
1,55,0.859375,1.4158618450164795,14.07837200164795,updated,1.051476240158081,-0.1391749531030655,3.169569969177246,0.13749873638153076,0.13468037545681,13.803799551998964,28.322830134416282,368,1,138,0,9,,0,64,-7.8240461349487305,5.7893500328063965,-1.8373430967330933,OUTBOUND,-7.980856895446777,-0.05917306913386514,0.0031999999191612005
1,60,0.9375,0.9790939688682556,14.049633026123047,updated,1.0517913103103638,-0.13772478699684143,6.419941425323486,0.07991637289524078,0.08373325318098068,13.822831062978366,28.310765446669773,369,1,139,0,4,,0,64,-7.824045658111572,5.743790626525879,-1.5424047708511353,FAILURE,-7.994874000549316,-0.06227622968010051,0.0031999999191612005
1,60,0.9375,0.9462043046951294,14.111353874206543,updated,1.0521063804626465,-0.13996072113513947,8.276636123657227,0.051696717739105225,0.05223897844552994,13.857798099983484,29.987992212068743,370,2,1,0,4,,0,64,-7.824045658111572,5.771791458129883,-1.8659063577651978,OUTBOUND,-8.020623207092285,-0.015799956420250994,0.0031999999191612005
1,57,0.890625,0.7070896029472351,14.181425094604492,updated,1.052422046661377,-0.14283226430416107,7.29503870010376,0.07729128003120422,0.0804724469780922,13.906013301981147,29.975966785559148,371,2,2,0,7,,0,64,-7.8240461349487305,5.811976432800293,-1.6964926719665527,OUTBOUND,-8.042814254760742,-0.007521918865576368,0.0031999999191612005
0,60,0.9375,1.0887954235076904,14.146642684936523,updated,1.0527374744415283,-0.14067496359348297,1.0251108407974243,1.038948893547058,1.0275554656982422,14.03402153699426,29.96387488879183,372,2,3,1,4,WATCHDOG_DEADLINE,1,63,-7.824045658111572,5.753245830535889,-1.6180135011672974,OUTBOUND,-8.065589904785156,0.04863360121098116,0.0031999999191612005
1,55,0.859375,1.4471776485443115,14.219575881958008,updated,1.053053379058838,-0.14433521032333374,2.245168924331665,1.0309762954711914,1.0235519409179688,14.065151638991665,29.951798928592087,373,2,4,0,9,,1,63,-7.8240461349487305,5.808410167694092,-1.4100754261016846,OUTBOUND,-8.085592269897461,0.10427800520791355,0.0031999999191612005
1,56,0.875,0.9765913486480713,14.24158000946045,updated,1.0533696413040161,-0.14456774294376373,0.8297455310821533,1.0320746898651123,1.0123666524887085,14.090112309990218,29.939705906295828,374,2,5,0,8,,1,63,-7.824045658111572,5.7966084480285645,-1.7455569505691528,OUTBOUND,-8.112857818603516,0.13250879742778005,0.0031999999191612005
1,57,0.890625,1.0331331491470337,14.221283912658691,updated,1.0536856651306152,-0.14361368119716644,0.633573055267334,1.0238834619522095,1.0058091878890991,14.113457659987034,29.927581504440617,375,2,6,0,7,,1,63,-7.8240461349487305,5.762111663818359,-1.6552214622497559,OUTBOUND,-8.129044532775879,0.1678340768682591,0.0031999999191612005
1,56,0.875,0.6850160956382751,14.196807861328125,updated,1.0540012121200562,-0.14246515929698944,6.244904518127441,0.06963250041007996,0.07092452049255371,14.138224533991888,29.915423069108968,376,2,7,0,8,,0,64,-7.824045658111572,5.724301815032959,-1.797311782836914,OUTBOUND,-8.142610549926758,0.17957340708784403,0.0031999999191612005
1,57,0.890625,0.5594485402107239,14.292941093444824,updated,1.0543169975280762,-0.14636671543121338,1.175202488899231,1.0538694858551025,1.0437616109848022,14.162381643982371,29.903278707108747,377,2,8,0,7,,1,63,-7.8240461349487305,5.782973766326904,-1.9982256889343262,OUTBOUND,-8.178940773010254,0.1809900481813923,0.0031999999191612005
1,60,0.9375,1.3518928289413452,14.284178733825684,updated,1.0546326637268066,-0.1454499512910843,0.9139330983161926,1.0515613555908203,1.034691572189331,14.190110291005112,29.891130514174872,378,2,9,0,4,,1,63,-7.824045658111572,5.749879360198975,-1.461467981338501,OUTBOUND,-8.202043533325195,0.18870554293078998,0.0031999999191612005
0,60,0.9375,0.8523769974708557,14.301285743713379,updated,1.0549482107162476,-0.14660698175430298,6.58168888092041,2.0656168460845947,2.0370612144470215,14.310520178987645,29.878947063724933,379,2,10,1,4,WATCHDOG_DEADLINE,2,62,-7.824045658111572,5.756157398223877,-1.5236040353775024,OUTBOUND,-8.21926498413086,0.19417537681905253,0.0031999999191612005
1,58,0.90625,0.9707983732223511,14.413981437683105,updated,1.0552645921707153,-0.15160974860191345,5.459368705749512,0.0574713870882988,0.058574430644512177,14.341548411990516,29.866767625145926,380,2,11,0,6,,0,64,-7.8240461349487305,5.834267616271973,-1.9162811040878296,OUTBOUND,-8.241080284118652,0.19410533075123637,0.0031999999191612005
1,57,0.890625,1.128562569618225,14.357919692993164,updated,1.055580973625183,-0.14905643463134766,5.426383972167969,0.09349486976861954,0.09118561446666718,14.369258380989777,29.854590380672633,381,2,12,0,7,,0,64,-7.8240461349487305,5.771003723144531,-1.7458595037460327,OUTBOUND,-8.254096031188965,0.185745590473652,0.0031999999191612005
1,56,0.875,0.7325194478034973,14.392084121704102,updated,1.0558974742889404,-0.15071633458137512,7.114253997802734,0.09766681492328644,0.1022409051656723,14.392258054984268,29.84241877114108,382,2,13,0,8,,0,64,-7.824045658111572,5.786334991455078,-1.6403332948684692,OUTBOUND,-8.258018493652344,0.16828806292915988,0.0031999999191612005
1,62,0.96875,0.9103617668151855,14.418313980102539,updated,1.0562142133712769,-0.15105780959129333,3.374750852584839,0.05991591513156891,0.0620640404522419,14.415905511996243,29.830264255425433,383,2,14,0,2,,0,64,-7.824045658111572,5.777251243591309,-2.0409834384918213,OUTBOUND,-8.295866966247559,0.1592280837204366,0.0031999999191612005
1,58,0.90625,0.7207165360450745,14.466764450073242,updated,1.0565310716629028,-0.15267828106880188,6.44898796081543,0.0657777488231659,0.06549602746963501,14.54742149199592,29.818096368988623,384,2,15,0,6,,0,64,-7.8240461349487305,5.791654586791992,-1.9428092241287231,OUTBOUND,-8.320465087890625,0.16596259112708633,0.0031999999191612005
1,59,0.921875,0.8591074347496033,14.433069229125977,updated,1.0568478107452393,-0.15109595656394958,1.7675983905792236,1.1131781339645386,1.0968551635742188,14.58144454198191,29.805906934969368,385,2,16,0,5,,1,63,-7.8240461349487305,5.747649669647217,-2.0094730854034424,OUTBOUND,-8.339252471923828,0.1439881703446411,0.0031999999191612005
1,59,0.921875,0.6095834970474243,14.479504585266113,updated,1.0571643114089966,-0.1521979421377182,7.704500675201416,0.06381796300411224,0.06376229971647263,14.610026937996736,29.79375683768063,386,2,17,0,5,,0,64,-7.8240461349487305,5.752686977386475,-1.6446070671081543,OUTBOUND,-8.377914428710938,0.13840028172284452,0.0031999999191612005
1,58,0.90625,0.9038450121879578,14.518399238586426,updated,1.057480812072754,-0.15379242599010468,4.800079345703125,0.052042316645383835,0.052013278007507324,14.642974122980377,29.78158836160748,387,2,18,0,6,,0,64,-7.8240461349487305,5.766541481018066,-1.545748233795166,OUTBOUND,-8.3950834274292,0.14290398013442296,0.0031999999191612005
1,59,0.921875,0.902427613735199,14.5460786819458,updated,1.0577973127365112,-0.15400812029838562,5.09249210357666,0.05605354160070419,0.053718678653240204,14.673348445998272,29.769432931313602,388,2,19,0,5,,0,64,-7.8240461349487305,5.755580425262451,-2.1993155479431152,OUTBOUND,-8.430171966552734,0.1447442142148591,0.0031999999191612005
0,60,0.9375,0.6879022717475891,14.588623046875,updated,1.058113932609558,-0.15549133718013763,3.1671736240386963,1.1073637008666992,1.0896841287612915,14.806154682999477,29.7572267940383,389,2,20,1,4,WATCHDOG_DEADLINE,1,63,-7.824045658111572,5.767302989959717,-1.7234466075897217,OUTBOUND,-8.465625762939453,0.14893623533915615,0.0031999999191612005
1,59,0.921875,0.604678213596344,14.611446380615234,updated,1.0584304332733154,-0.1562652736902237,6.243480205535889,1.103621244430542,1.0860722064971924,14.831528660986805,29.7450399860755,390,2,21,0,5,,1,63,-7.8240461349487305,5.766346454620361,-1.6548794507980347,OUTBOUND,-8.497876167297363,0.15477179944696529,0.0031999999191612005
1,59,0.921875,1.0972154140472412,14.561445236206055,updated,1.0587464570999146,-0.15384112298488617,2.7060720920562744,0.09682940691709518,0.10041139274835587,14.85956779299886,29.732822324849312,391,2,22,0,5,,0,64,-7.8240461349487305,5.709084510803223,-2.2347676753997803,OUTBOUND,-8.504981994628906,0.14849485024710044,0.0031999999191612005
1,58,0.90625,0.7591772675514221,14.686470031738281,updated,1.059063196182251,-0.16058601438999176,5.758392810821533,1.1242355108261108,1.103740930557251,14.883632844983367,29.72063926191792,392,2,23,0,6,,1,63,-7.8240461349487305,5.813071250915527,-1.7706676721572876,OUTBOUND,-8.519454956054688,0.1237458474123653,0.0031999999191612005
1,56,0.875,1.4178553819656372,14.62278938293457,updated,1.0593796968460083,-0.1578633040189743,3.73300838470459,1.1386630535125732,1.117523193359375,14.908777165983338,29.70845818688488,393,2,24,0,8,,1,63,-7.824045658111572,5.750964641571045,-1.5312137603759766,OUTBOUND,-8.53366470336914,0.10056347567696407,0.0031999999191612005
1,61,0.953125,0.9283261299133301,14.65561580657959,updated,1.0596963167190552,-0.15888775885105133,4.93328857421875,0.08046551048755646,0.08092943578958511,14.931753493001452,29.69631502842752,394,2,25,0,3,,0,64,-7.824045658111572,5.754471302032471,-1.547668695449829,OUTBOUND,-8.54775619506836,0.0845599545139649,0.0031999999191612005
1,58,0.90625,0.775671124458313,14.655254364013672,updated,1.060012698173523,-0.15957489609718323,8.667463302612305,0.0982721820473671,0.109368696808815,14.95683827297762,29.684175337330963,395,2,26,0,6,,0,64,-7.8240461349487305,5.752130031585693,-1.7306724786758423,OUTBOUND,-8.540512084960938,0.07268602863436038,0.0031999999191612005
0,56,0.875,1.4612499475479126,14.686918258666992,updated,1.0603293180465698,-0.161008819937706,7.446652412414551,0.08134965598583221,0.08676618337631226,15.077591576002305,29.672011437403725,396,2,27,1,8,WATCHDOG_DEADLINE,0,64,-7.824045658111572,5.762632846832275,-1.5764892101287842,OUTBOUND,-8.560820579528809,0.05179047703362154,0.0031999999191612005
1,59,0.921875,0.4728473722934723,14.70732307434082,updated,1.0606458187103271,-0.16073234379291534,9.458640098571777,0.09340714663267136,0.09200207144021988,15.108839631982846,29.659852391794942,397,2,28,0,5,,0,64,-7.8240461349487305,5.743830680847168,-1.8530076742172241,OUTBOUND,-8.588578224182129,0.045001534946830485,0.0031999999191612005
1,59,0.921875,0.8978487849235535,14.77784252166748,updated,1.060962438583374,-0.1635313779115677,4.4822540283203125,0.06962492316961288,0.07481034845113754,15.135905479983194,29.64772299456151,398,2,29,0,5,,0,64,-7.8240461349487305,5.777464866638184,-1.7748463153839111,OUTBOUND,-8.616641998291016,0.04242832691903238,0.0031999999191612005
1,59,0.921875,0.9459816813468933,14.840160369873047,updated,1.0612797737121582,-0.16619718074798584,5.318782329559326,0.07610106468200684,0.07698836922645569,15.158477438992122,29.635600225751844,399,2,30,0,5,,0,64,-7.8240461349487305,5.808499813079834,-2.0259182453155518,OUTBOUND,-8.649261474609375,0.041176188294812725,0.0031999999191612005
1,54,0.84375,0.58875572681427,14.811396598815918,updated,1.0615969896316528,-0.16348089277744293,7.165246486663818,0.07474473863840103,0.07524053752422333,15.187041209981544,29.623464140888732,400,2,31,0,10,,0,64,-7.824046611785889,5.748708724975586,-1.636358618736267,OUTBOUND,-8.678241729736328,0.03200396944102181,0.0031999999191612005
1,57,0.890625,0.9200049042701721,14.843792915344238,updated,1.0619139671325684,-0.16384464502334595,2.0419251918792725,0.04393893852829933,0.04715608060359955,15.312955963978311,29.611309495469555,401,2,32,0,7,,0,64,-7.8240461349487305,5.741052150726318,-1.479893684387207,OUTBOUND,-8.719614028930664,0.012612480762357046,0.0031999999191612005
1,56,0.875,1.1696747541427612,14.940201759338379,updated,1.0622315406799316,-0.1684659719467163,6.050138473510742,1.2182159423828125,1.20723295211792,15.33617986200261,29.599145866189154,402,2,33,0,8,,1,63,-7.824045658111572,5.804356098175049,-2.260545492172241,OUTBOUND,-8.751771926879883,0.0040144685719596925,0.0031999999191612005
1,57,0.890625,0.7725252509117126,14.96526050567627,updated,1.0625497102737427,-0.1697114259004593,3.4997055530548096,0.0692356675863266,0.06924654543399811,15.367163132992573,29.586975852304196,403,2,34,0,7,,0,64,-7.8240461349487305,5.811096668243408,-1.92754065990448,OUTBOUND,-8.770078659057617,0.008728704483185431,0.0031999999191612005
1,60,0.9375,1.0295281410217285,15.013769149780273,updated,1.0628687143325806,-0.17218945920467377,4.254116535186768,1.258663535118103,1.246279001235962,15.391096392995678,29.574784712969468,404,2,35,0,4,,1,63,-7.824045658111572,5.838065147399902,-2.149958372116089,OUTBOUND,-8.792920112609863,0.01115100350108288,0.0031999999191612005
1,58,0.90625,0.8633107542991638,14.931535720825195,updated,1.0631873607635498,-0.1677144318819046,4.58293342590332,1.208173155784607,1.190285086631775,15.420189683005447,29.5626346507466,405,2,36,0,6,,1,63,-7.8240461349487305,5.750699996948242,-2.036986827850342,OUTBOUND,-8.809611320495605,0.004679344385758587,0.0031999999191612005
0,55,0.859375,0.5866063833236694,14.971685409545898,updated,1.0635061264038086,-0.16937156021595,6.350130558013916,0.06844857335090637,0.06966624408960342,15.54482387000462,29.55043868049979,406,2,37,1,9,WATCHDOG_DEADLINE,0,64,-7.8240461349487305,5.764284610748291,-1.9143874645233154,OUTBOUND,-8.824952125549316,-0.0019428920672291735,0.0031999999191612005
1,61,0.953125,1.3580957651138306,15.036028861999512,updated,1.063825249671936,-0.17240490019321442,3.353071928024292,0.08302313834428787,0.08793266862630844,15.568239415006246,29.53824810835703,407,2,38,0,3,,0,64,-7.824045658111572,5.800093650817871,-2.343047618865967,OUTBOUND,-8.85004997253418,0.003998594968153,0.0031999999191612005
1,58,0.90625,0.6793251037597656,15.004671096801758,updated,1.0641441345214844,-0.17037954926490784,1.0039221048355103,0.09835055470466614,0.10327856242656708,15.600417238980299,29.526087782927263,408,2,39,0,6,,0,64,-7.8240461349487305,5.753782749176025,-1.6899651288986206,OUTBOUND,-8.86236572265625,0.026736760272785907,0.0031999999191612005
1,62,0.96875,0.6657463312149048,15.048279762268066,updated,1.0644632577896118,-0.17326824367046356,1.2776198387145996,1.2147544622421265,1.193497896194458,15.629412112000864,29.513918491950626,409,2,40,0,2,,1,63,-7.824045658111572,5.7869696617126465,-1.5601705312728882,OUTBOUND,-8.875603675842285,0.053460534979498674,0.0031999999191612005
1,56,0.875,0.4884900748729706,15.065598487854004,updated,1.0647825002670288,-0.17330613732337952,2.9006543159484863,0.1433568298816681,0.14666295051574707,15.660437507991446,29.501744825017795,410,2,41,0,8,,0,64,-7.824045658111572,5.774199485778809,-1.8022387027740479,OUTBOUND,-8.903818130493164,0.07423232763944539,0.0031999999191612005
1,61,0.953125,1.3251093626022339,15.06600284576416,updated,1.0651015043258667,-0.17263416945934296,3.8919596672058105,0.04813874140381813,0.04734430089592934,15.69224685098743,29.48955398590456,411,2,42,0,3,,0,64,-7.824045658111572,5.750241756439209,-2.131129503250122,OUTBOUND,-8.920904159545898,0.09931198069090333,0.0031999999191612005
1,57,0.890625,0.884699821472168,15.078133583068848,updated,1.065420389175415,-0.17329084873199463,5.502227783203125,0.052245818078517914,0.054236434400081635,15.718775054992875,29.477348271768943,412,2,43,0,7,,0,64,-7.8240461349487305,5.747589111328125,-1.4947398900985718,OUTBOUND,-8.931944847106934,0.11962330211385495,0.0031999999191612005
0,60,0.9375,0.6279322504997253,15.085259437561035,updated,1.0657390356063843,-0.17332910001277924,6.125860214233398,1.3186391592025757,1.2956215143203735,15.848506409005495,29.465097438668554,413,2,44,1,4,WATCHDOG_DEADLINE,1,63,-7.824045658111572,5.735214710235596,-1.7278729677200317,OUTBOUND,-8.966232299804688,0.09484979147354715,0.0031999999191612005
1,57,0.890625,0.9179700613021851,15.13451099395752,updated,1.066057562828064,-0.1756030172109604,4.766081809997559,0.10948234051465988,0.10690560191869736,15.870157989993459,29.45287972006458,414,2,45,0,7,,0,64,-7.8240461349487305,5.758086204528809,-1.760137677192688,OUTBOUND,-8.978866577148438,0.04528108264035453,0.0031999999191612005
1,58,0.90625,0.5979725122451782,15.084781646728516,updated,1.066375494003296,-0.17289628088474274,2.761636734008789,1.2719775438308716,1.2600494623184204,15.894343102991115,29.440685718005962,415,2,46,0,6,,1,63,-7.8240461349487305,5.702885627746582,-1.8841553926467896,OUTBOUND,-8.991395950317383,0.030606965821285217,0.0031999999191612005
1,62,0.96875,0.8611418604850769,15.184226036071777,updated,1.0666937828063965,-0.17865979671478271,7.648586750030518,0.0752677246928215,0.07759866118431091,15.918292869988363,29.42846451296258,416,2,47,0,2,,0,64,-7.824045658111572,5.780025005340576,-1.7478253841400146,OUTBOUND,-9.00299072265625,0.04567202510209279,0.0031999999191612005
1,60,0.9375,0.6945591568946838,15.187453269958496,updated,1.067012071609497,-0.17776307463645935,6.758652210235596,0.06149698421359062,0.06184929609298706,15.950333180982852,29.41627727855575,417,2,48,0,4,,0,64,-7.824045658111572,5.753285884857178,-1.8626830577850342,OUTBOUND,-9.029285430908203,0.044791847251098256,0.0031999999191612005
1,58,0.90625,0.7557798027992249,15.164461135864258,updated,1.067330002784729,-0.17577332258224487,2.8293914794921875,0.26373735070228577,0.2721483111381531,16.074869842006592,29.404092578034813,418,2,49,0,6,,0,64,-7.8240461349487305,5.709944725036621,-1.588891863822937,OUTBOUND,-9.047191619873047,0.048337117477376776,0.0031999999191612005
1,59,0.921875,1.1570212841033936,15.233529090881348,updated,1.067647933959961,-0.17943529784679413,0.6147539019584656,1.2721552848815918,1.2501890659332275,16.101985382003477,29.391891855191762,419,2,50,0,5,,1,63,-7.8240461349487305,5.753756999969482,-1.9146106243133545,OUTBOUND,-9.071451187133789,0.06705082205612697,0.0031999999191612005
1,62,0.96875,0.9468913078308105,15.265769004821777,updated,1.067966103553772,-0.1812966912984848,3.2978532314300537,0.1210973784327507,0.12298721820116043,16.126369071978843,29.37968259884813,420,2,51,0,2,,0,64,-7.824045658111572,5.769664287567139,-1.9112234115600586,OUTBOUND,-9.082337379455566,0.08119548806958723,0.0031999999191612005
1,59,0.921875,0.39649003744125366,15.294129371643066,updated,1.068284511566162,-0.1818094402551651,4.624716758728027,0.05241626501083374,0.05361972749233246,16.150060288986424,29.367500952114998,421,2,52,0,5,,0,64,-7.8240461349487305,5.764910697937012,-1.693597674369812,OUTBOUND,-9.118783950805664,0.10461123314385957,0.0031999999191612005
1,58,0.90625,0.8575056195259094,15.35552978515625,updated,1.0686033964157104,-0.18455368280410767,6.851467132568359,0.05989830195903778,0.06228727102279663,16.17663866499788,29.355291498857312,422,2,53,0,6,,0,64,-7.8240461349487305,5.793979644775391,-2.0573956966400146,OUTBOUND,-9.140299797058105,0.09783932766011594,0.0031999999191612005
0,57,0.890625,0.5068119764328003,15.351480484008789,updated,1.0689222812652588,-0.18264244496822357,4.96942663192749,0.055342480540275574,0.05848909169435501,16.302582367992727,29.34304220633896,423,2,54,1,7,WATCHDOG_DEADLINE,0,64,-7.8240461349487305,5.752607822418213,-1.7247416973114014,OUTBOUND,-9.173750877380371,0.03776958258180209,0.0031999999191612005
1,60,0.9375,0.7978463172912598,15.407641410827637,updated,1.0692414045333862,-0.1850377470254898,4.935705184936523,1.2901809215545654,1.2690008878707886,16.329556427983334,29.33086026394523,424,2,55,0,4,,1,63,-7.824045658111572,5.7762227058410645,-1.7152187824249268,OUTBOUND,-9.208142280578613,-0.005255960822044936,0.0031999999191612005
1,60,0.9375,0.7697708010673523,15.421046257019043,updated,1.0695607662200928,-0.18578065931797028,6.711485862731934,0.07642071694135666,0.0785718709230423,16.354841232998297,29.31866575503479,425,2,56,0,4,,0,64,-7.824045658111572,5.774940013885498,-2.050126075744629,OUTBOUND,-9.221449851989746,-0.012721941726309189,0.0031999999191612005
1,61,0.953125,0.7050567865371704,15.460210800170898,updated,1.0698803663253784,-0.1861288845539093,5.785163402557373,0.07933290302753448,0.07617269456386566,16.383622975990875,29.306470611727,426,2,57,0,3,,0,64,-7.824045658111572,5.76779317855835,-1.963349461555481,OUTBOUND,-9.259098052978516,-0.028115039382703835,0.0031999999191612005
1,54,0.84375,0.904299259185791,15.507001876831055,updated,1.0702004432678223,-0.18919378519058228,2.754016399383545,1.3506152629852295,1.3379757404327393,16.412861927994527,29.29430667558527,427,2,58,0,10,,1,63,-7.824046611785889,5.80092716217041,-1.8790040016174316,OUTBOUND,-9.28264045715332,-0.023499713652088177,0.0031999999191612005
1,57,0.890625,1.2238866090774536,15.544593811035156,updated,1.0705209970474243,-0.18992087244987488,2.184464931488037,0.04263085871934891,0.04402591660618782,16.439457534987014,29.282158030086663,428,2,59,0,7,,0,64,-7.8240461349487305,5.799295425415039,-2.033048629760742,OUTBOUND,-9.311206817626953,-0.010938151743775803,0.0031999999191612005
1,56,0.875,0.6568502187728882,15.52406120300293,updated,1.0708414316177368,-0.18768496811389923,3.074439764022827,0.046043477952480316,0.04644879698753357,16.462651748995995,29.2699937385094,429,2,60,0,8,,0,64,-7.824045658111572,5.754184246063232,-1.7273808717727661,OUTBOUND,-9.33581829071045,0.003543132950547338,0.0031999999191612005
0,57,0.890625,0.5458148717880249,15.581223487854004,updated,1.0711619853973389,-0.18990939855575562,1.0216528177261353,0.12304878234863281,0.12674427032470703,16.586617858003592,29.257798198712837,430,2,61,1,7,WATCHDOG_DEADLINE,0,64,-7.8240461349487305,5.7746405601501465,-1.663330078125,OUTBOUND,-9.37405776977539,-0.020159033349469155,0.0031999999191612005
1,58,0.90625,1.3307520151138306,15.63283920288086,updated,1.0714830160140991,-0.19234894216060638,1.8557837009429932,0.0740080252289772,0.07782752811908722,16.614257299981546,29.245646726713375,431,2,62,0,6,,0,64,-7.8240461349487305,5.798046112060547,-2.056767463684082,OUTBOUND,-9.395182609558105,-0.0787283412525525,0.0031999999191612005
1,63,0.984375,0.7150892019271851,15.655604362487793,updated,1.0718042850494385,-0.19287432730197906,5.355986595153809,0.0809328705072403,0.07917759567499161,16.640194384002825,29.233482800055697,432,2,63,0,1,,0,64,-7.824045181274414,5.793513774871826,-1.9153176546096802,OUTBOUND,-9.421700477600098,-0.10277083990645723,0.0031999999191612005
1,56,0.875,0.9223623871803284,15.63582706451416,updated,1.0721256732940674,-0.19175948202610016,5.359343528747559,1.3707984685897827,1.3444430828094482,16.670022753998637,29.221280476197563,433,2,64,0,8,,1,63,-7.824045658111572,5.765356540679932,-1.9528284072875977,OUTBOUND,-9.440343856811523,-0.08838263197741955,0.0031999999191612005
1,57,0.890625,0.8231428265571594,15.639501571655273,updated,1.0724468231201172,-0.19131746888160706,1.6738801002502441,0.04443272575736046,0.044613491743803024,16.697111304005375,29.2091358212961,434,2,65,0,7,,0,64,-7.8240461349487305,5.747107028961182,-2.1357409954071045,OUTBOUND,-9.466448783874512,-0.04772539383752164,0.0031999999191612005
1,60,0.9375,1.2197057008743286,15.685979843139648,updated,1.072767972946167,-0.19376856088638306,4.107903480529785,0.052087388932704926,0.05775751918554306,16.826355622994015,29.197002344020206,435,2,66,0,4,,0,64,-7.824045658111572,5.770389080047607,-2.163510322570801,OUTBOUND,-9.47487735748291,-0.009633988008414928,0.0031999999191612005
1,55,0.859375,0.4644078016281128,15.746224403381348,updated,1.0730897188186646,-0.19727124273777008,7.284816265106201,1.366774082183838,1.3397085666656494,16.856637456978206,29.18486601678929,436,2,67,0,9,,1,63,-7.8240461349487305,5.808444023132324,-1.9041367769241333,OUTBOUND,-9.506433486938477,-0.011491046843053574,0.0031999999191612005
1,54,0.84375,0.5179237127304077,15.68758773803711,updated,1.0734111070632935,-0.19317199289798737,6.356658458709717,0.04744860902428627,0.04776671528816223,16.88248529500561,29.17275059930525,437,2,68,0,10,,0,64,-7.824046611785889,5.738394260406494,-1.7476427555084229,OUTBOUND,-9.512271881103516,-0.04693941508440394,0.0031999999191612005
1,59,0.921875,0.7653515934944153,15.753803253173828,updated,1.073732852935791,-0.19714753329753876,3.979188919067383,0.04998420551419258,0.05393736809492111,16.904828050988726,29.16062935026236,438,2,69,0,5,,0,64,-7.8240461349487305,5.7829365730285645,-1.5683748722076416,OUTBOUND,-9.524141311645508,-0.05169953234382364,0.0031999999191612005
1,56,0.875,0.7812222838401794,15.7643404006958,updated,1.074054479598999,-0.19653044641017914,4.995163440704346,0.0785370022058487,0.08033834397792816,16.929779708996648,29.14852483610173,439,2,70,0,8,,0,64,-7.824045658111572,5.762541770935059,-1.8541921377182007,OUTBOUND,-9.554086685180664,-0.028977524987676292,0.0031999999191612005
0,54,0.84375,1.4469125270843506,15.766463279724121,updated,1.074375867843628,-0.19613340497016907,1.8727377653121948,0.03715955466032028,0.03615238517522812,17.054310960986186,29.136340297173764,440,2,71,1,10,WATCHDOG_DEADLINE,0,64,-7.824046611785889,5.745400905609131,-1.400050163269043,OUTBOUND,-9.57829475402832,-0.05972731868766382,0.0031999999191612005
1,58,0.90625,1.1903715133666992,15.86011791229248,updated,1.0746979713439941,-0.20174840092658997,5.69783353805542,1.4084378480911255,1.3938299417495728,17.08795361200464,29.12417980579864,441,2,72,0,6,,1,63,-7.8240461349487305,5.812218189239502,-1.8309413194656372,OUTBOUND,-9.599305152893066,-0.09061108213944044,0.0031999999191612005
1,60,0.9375,0.8032416105270386,15.820920944213867,updated,1.0750199556350708,-0.19865944981575012,2.0091757774353027,1.4039113521575928,1.3807859420776367,17.119558642996708,29.112054965668747,442,2,73,0,4,,1,63,-7.824045658111572,5.7576398849487305,-1.6300086975097656,OUTBOUND,-9.617393493652344,-0.08590604108256496,0.0031999999191612005
1,59,0.921875,0.69294273853302,15.808176040649414,updated,1.0753417015075684,-0.19847549498081207,4.005690574645996,0.06644950062036514,0.06854569911956787,17.14169725298416,29.09991021442462,443,2,74,0,5,,0,64,-7.8240461349487305,5.743678092956543,-1.62801992893219,OUTBOUND,-9.61990737915039,-0.08142267190999872,0.0031999999191612005
1,56,0.875,0.7615610361099243,15.842387199401855,updated,1.075663447380066,-0.2001742422580719,3.908275604248047,1.4258488416671753,1.4104582071304321,17.164237371005584,29.087767628317135,444,2,75,0,8,,1,63,-7.824045658111572,5.755760192871094,-1.7035038471221924,OUTBOUND,-9.650733947753906,-0.08093432236212614,0.0031999999191612005
1,59,0.921875,0.34923219680786133,15.866969108581543,updated,1.0759851932525635,-0.20149661600589752,6.8652567863464355,0.041146762669086456,0.040833983570337296,17.186779137991834,29.075643526064095,445,2,76,0,5,,0,64,-7.8240461349487305,5.762588977813721,-1.74789297580719,OUTBOUND,-9.65673542022705,-0.09147567859883461,0.0031999999191612005
1,63,0.984375,1.1120632886886597,15.902212142944336,updated,1.0763072967529297,-0.20444633066654205,10.172213554382324,2.909224510192871,2.8693394660949707,17.21534959800192,29.063520977295877,446,2,77,0,1,,2,62,-7.824045181274414,5.79158353805542,-1.5802695751190186,OUTBOUND,-9.667205810546875,-0.07946072059950421,0.0031999999191612005
0,59,0.921875,1.271307110786438,15.915759086608887,updated,1.076629877090454,-0.20568706095218658,5.773797035217285,0.06699494272470474,0.0642169713973999,17.336365500988904,29.05135546329126,447,2,78,1,5,WATCHDOG_DEADLINE,0,64,-7.8240461349487305,5.797091960906982,-2.215527057647705,OUTBOUND,-9.666423797607422,-0.11520024082055093,0.0031999999191612005
1,56,0.875,1.097237467765808,15.865193367004395,updated,1.0769522190093994,-0.2022378146648407,2.2755966186523438,1.4770138263702393,1.4679913520812988,17.366383099986706,29.039179701897265,448,2,79,0,8,,1,63,-7.824045658111572,5.739026069641113,-1.4886095523834229,OUTBOUND,-9.679494857788086,-0.17044511577141694,0.0031999999191612005
1,58,0.90625,0.7126629948616028,15.850801467895508,updated,1.077273964881897,-0.20158062875270844,10.34703254699707,0.05395924299955368,0.05534995719790459,17.391096199979074,29.02697650878432,449,2,80,0,6,,0,64,-7.8240461349487305,5.71910285949707,-1.8378044366836548,OUTBOUND,-9.67878532409668,-0.16222341662149795,0.0031999999191612005
1,57,0.890625,1.1003615856170654,15.879576683044434,updated,1.0775953531265259,-0.20180322229862213,13.245854377746582,0.08868490904569626,0.0852188915014267,17.4166032539797,29.014820118486448,450,2,81,0,7,,0,64,-7.8240461349487305,5.711178779602051,-1.8288516998291016,OUTBOUND,-9.698482513427734,-0.1339743491191218,0.0031999999191612005
1,55,0.859375,0.9041642546653748,16.003511428833008,updated,1.0779170989990234,-0.2088102400302887,2.818756341934204,1.4753913879394531,1.4560514688491821,17.43746919700061,29.00266491121326,451,2,82,0,9,,1,63,-7.8240461349487305,5.794120788574219,-1.966279149055481,OUTBOUND,-9.732706069946289,-0.1059230999767294,0.0031999999191612005
1,59,0.921875,1.348606824874878,15.99553394317627,updated,1.0782390832901,-0.20679375529289246,1.1633503437042236,1.5172455310821533,1.4979753494262695,17.55613646400161,28.990542241338098,452,2,83,0,5,,1,63,-7.8240461349487305,5.756124019622803,-2.018007755279541,OUTBOUND,-9.770055770874023,-0.09655593780396599,0.0031999999191612005
1,53,0.828125,0.9597048759460449,16.07411003112793,updated,1.0785616636276245,-0.21216027438640594,2.3840606212615967,1.5199073553085327,1.5024573802947998,17.57878698199056,28.978395094283897,453,2,84,0,11,,1,63,-7.8240461349487305,5.816442012786865,-1.670076608657837,OUTBOUND,-9.77515983581543,-0.09475852726842907,0.0031999999191612005
1,57,0.890625,1.1469100713729858,16.06443214416504,updated,1.0788843631744385,-0.20927709341049194,7.276281356811523,0.10452129691839218,0.10492680966854095,17.613780568994116,28.96623161400072,454,2,85,0,7,,0,64,-7.8240461349487305,5.767179489135742,-1.5852853059768677,OUTBOUND,-9.818938255310059,-0.09486025732159253,0.0031999999191612005
1,60,0.9375,0.646271824836731,16.130741119384766,updated,1.0792075395584106,-0.21305380761623383,7.735884666442871,0.08750613033771515,0.08360785990953445,17.64070803899085,28.954092052864308,455,2,86,0,4,,0,64,-7.824045658111572,5.806017875671387,-1.7229132652282715,OUTBOUND,-9.828941345214844,-0.1251260853243627,0.0031999999191612005
1,59,0.921875,0.7623860239982605,16.151893615722656,updated,1.079530954360962,-0.21202215552330017,11.478768348693848,0.06450584530830383,0.06420761346817017,17.66736440398381,28.941915874197427,456,2,87,0,5,,0,64,-7.8240461349487305,5.781457901000977,-1.8943798542022705,OUTBOUND,-9.864084243774414,-0.15243773427565765,0.0031999999191612005
0,60,0.9375,0.5304954051971436,16.238492965698242,updated,1.0798546075820923,-0.21300016343593597,10.758048057556152,0.07080855220556259,0.06296898424625397,17.79391794500407,28.92970312029964,457,2,88,1,4,WATCHDOG_DEADLINE,0,64,-7.824045658111572,5.783346652984619,-1.7856193780899048,OUTBOUND,-9.938394546508789,-0.20654036351828994,0.0031999999191612005
1,57,0.890625,0.8462772965431213,16.303722381591797,updated,1.0801788568496704,-0.21635295450687408,7.879347801208496,0.07564698904752731,0.07512015104293823,17.82554093498038,28.917476704147845,458,2,89,0,7,,0,64,-7.8240461349487305,5.816126823425293,-1.94440758228302,OUTBOUND,-9.966280937194824,-0.24213915851400047,0.0031999999191612005
1,61,0.953125,1.1272739171981812,16.33521842956543,updated,1.0805031061172485,-0.2133292406797409,4.219925403594971,0.06750626116991043,0.0628882497549057,17.850486996001564,28.905258229867773,459,2,90,0,3,,0,64,-7.824045658111572,5.765960216522217,-1.8240854740142822,OUTBOUND,-10.051198959350586,-0.21897309608692353,0.0031999999191612005
1,59,0.921875,0.6544747948646545,16.38995933532715,updated,1.0808275938034058,-0.21660709381103516,6.794266223907471,1.5952953100204468,1.5672736167907715,17.87614603099064,28.893048996763266,460,2,91,0,5,,1,63,-7.8240461349487305,5.797574520111084,-1.7946645021438599,OUTBOUND,-10.082324981689453,-0.21124028831680614,0.0031999999191612005
1,57,0.890625,0.8803746104240417,16.416963577270508,updated,1.081152319908142,-0.2164153754711151,6.527116298675537,1.5613656044006348,1.5437718629837036,17.898325877991738,28.88084777211975,461,2,92,0,7,,1,63,-7.8240461349487305,5.784298419952393,-1.4748042821884155,OUTBOUND,-10.1350736618042,-0.22334843171766594,0.0031999999191612005
1,59,0.921875,1.1253941059112549,16.431154251098633,updated,1.0814768075942993,-0.2149168848991394,3.594984531402588,0.04962849244475365,0.04852593317627907,17.921548896993045,28.868659761277673,462,2,93,0,5,,0,64,-7.8240461349487305,5.75437593460083,-1.8718993663787842,OUTBOUND,-10.178106307983398,-0.24452000428257406,0.0031999999191612005
1,58,0.90625,1.0804404020309448,16.4376277923584,updated,1.0818010568618774,-0.21443364024162292,0.7937299013137817,0.03945145756006241,0.04027966037392616,17.943109682993963,28.856444854070165,463,2,94,0,6,,0,64,-7.8240461349487305,5.737651824951172,-1.7757149934768677,OUTBOUND,-10.201791763305664,-0.23901586041951048,0.0031999999191612005
0,57,0.890625,0.7953050136566162,16.510879516601562,updated,1.0821253061294556,-0.21784022450447083,1.6320604085922241,0.047294147312641144,0.04896807670593262,18.066083438985515,28.844209025051054,464,2,95,1,7,WATCHDOG_DEADLINE,0,64,-7.8240461349487305,5.770542144775391,-1.872464895248413,OUTBOUND,-10.235785484313965,-0.2571661620980448,0.0031999999191612005
1,57,0.890625,0.5600156784057617,16.49498176574707,updated,1.0824494361877441,-0.21749645471572876,10.77221393585205,1.5843054056167603,1.5568578243255615,18.099072721990524,28.831944229391727,465,2,96,0,7,,1,63,-7.8240461349487305,5.755666255950928,-1.8054710626602173,OUTBOUND,-10.256050109863281,-0.2702488497479241,0.0031999999191612005
1,60,0.9375,0.9142080545425415,16.50984764099121,updated,1.0827735662460327,-0.21833734214305878,0.7462800145149231,0.04253233224153519,0.0464530810713768,18.129143429978285,28.819728952146285,466,2,97,0,4,,0,64,-7.824045658111572,5.755862236022949,-1.650174617767334,OUTBOUND,-10.273091316223145,-0.23354755102290192,0.0031999999191612005
1,55,0.859375,1.5620391368865967,16.549497604370117,updated,1.0830978155136108,-0.22033022344112396,2.546976089477539,0.048952531069517136,0.04644700512290001,18.154715182987275,28.807516509096867,467,2,98,0,9,,0,64,-7.8240461349487305,5.770547866821289,-1.796073079109192,OUTBOUND,-10.289398193359375,-0.19419135083397684,0.0031999999191612005
1,56,0.875,0.7280677556991577,16.54012680053711,updated,1.0834224224090576,-0.22263823449611664,7.951622009277344,1.5981523990631104,1.567308783531189,18.182887339004083,28.795358221510178,468,2,99,0,8,,1,63,-7.824045658111572,5.789069652557373,-1.7687433958053589,OUTBOUND,-10.270562171936035,-0.18323143565961295,0.0031999999191612005
1,59,0.921875,1.0965161323547363,16.551340103149414,updated,1.0837470293045044,-0.2223232388496399,6.571310520172119,1.6152421236038208,1.5789268016815186,18.30199345998699,28.783183549850147,469,2,100,0,5,,1,63,-7.8240461349487305,5.774709701538086,-1.607191801071167,OUTBOUND,-10.302297592163086,-0.19629677749857682,0.0031999999191612005
1,58,0.90625,0.7231806516647339,16.539915084838867,updated,1.0840718746185303,-0.22299277782440186,1.6627718210220337,0.11977293342351913,0.12357344478368759,18.328182250988903,28.77101247826586,470,2,101,0,6,,0,64,-7.8240461349487305,5.772696495056152,-1.6265017986297607,OUTBOUND,-10.287894248962402,-0.191848324848634,0.0031999999191612005
1,59,0.921875,0.7138510346412659,16.49868392944336,updated,1.084396243095398,-0.22023987770080566,7.094150066375732,0.05896548926830292,0.06412142515182495,18.359548881999217,28.758842592637258,471,2,102,0,5,,0,64,-7.8240461349487305,5.728302001953125,-1.8653249740600586,OUTBOUND,-10.281576156616211,-0.18200529450274197,0.0031999999191612005
1,57,0.890625,0.48263150453567505,16.55632209777832,updated,1.0847206115722656,-0.2235354781150818,10.193772315979004,0.06902634352445602,0.0751287043094635,18.38663389199064,28.746665484136823,472,2,103,0,7,,0,64,-7.8240461349487305,5.758902549743652,-1.8912434577941895,OUTBOUND,-10.29701042175293,-0.15235088589987344,0.0031999999191612005
1,56,0.875,1.2835687398910522,16.61204719543457,updated,1.0850454568862915,-0.22742116451263428,7.059204578399658,0.11977045983076096,0.11965172737836838,18.410378255997784,28.734534862577004,473,2,104,0,8,,0,64,-7.824045658111572,5.796535491943359,-2.2573492527008057,OUTBOUND,-10.297069549560547,-0.11948177298585232,0.0031999999191612005
0,56,0.875,0.9518116116523743,16.56418800354004,updated,1.0853700637817383,-0.22335301339626312,1.5614341497421265,1.608922004699707,1.5791010856628418,18.525690488982946,28.72238841015202,474,2,105,1,8,WATCHDOG_DEADLINE,1,63,-7.824045658111572,5.736435413360596,-1.6588348150253296,OUTBOUND,-10.315542221069336,-0.1450116181671069,0.0031999999191612005
1,59,0.921875,1.2833338975906372,16.62957763671875,updated,1.0856949090957642,-0.22807158529758453,10.235984802246094,3.2176058292388916,3.1620354652404785,18.552764822990866,28.71023075228631,475,2,106,0,5,,2,62,-7.8240461349487305,5.78404426574707,-2.1790380477905273,OUTBOUND,-10.345245361328125,-0.1740895541908532,0.0031999999191612005
1,55,0.859375,0.6433459520339966,16.614896774291992,updated,1.086019515991211,-0.22498482465744019,9.423973083496094,0.07140900194644928,0.06883054226636887,18.581241153005976,28.69806894616805,476,2,107,0,9,,0,64,-7.8240461349487305,5.736368179321289,-1.7061004638671875,OUTBOUND,-10.367673873901367,-0.17320467799249528,0.0031999999191612005
1,58,0.90625,0.38595905900001526,16.675073623657227,updated,1.0863443613052368,-0.22920501232147217,13.297142028808594,0.08564744889736176,0.08438807725906372,18.61093627498485,28.685909870741995,477,2,108,0,6,,0,64,-7.8240461349487305,5.777596950531006,-1.9001922607421875,OUTBOUND,-10.372086524963379,-0.19385180532649582,0.0031999999191612005
1,56,0.875,0.532536506652832,16.690156936645508,updated,1.0866693258285522,-0.22878395020961761,4.839233875274658,0.27766668796539307,0.27861487865448,18.639790643006563,28.67373257822944,478,2,109,0,8,,0,64,-7.824045658111572,5.762481689453125,-1.710044503211975,OUTBOUND,-10.396163940429688,-0.1923121648751467,0.0031999999191612005
1,61,0.953125,0.622837483882904,16.664575576782227,updated,1.0869934558868408,-0.22404491901397705,7.812211990356445,0.13762041926383972,0.13329176604747772,18.66348161100177,28.661573277057464,479,2,110,0,3,,0,64,-7.824045658111572,5.695526123046875,-1.5960956811904907,OUTBOUND,-10.429182052612305,-0.16987293800190198,0.0031999999191612005
1,54,0.84375,0.5648043155670166,16.78755760192871,updated,1.087317943572998,-0.23101508617401123,11.60641098022461,0.08842870593070984,0.0812561959028244,18.688307389995316,28.64941398955496,480,2,111,0,10,,0,64,-7.824046611785889,5.769445896148682,-1.8403511047363281,OUTBOUND,-10.469738006591797,-0.16669021140317286,0.0031999999191612005
0,57,0.890625,0.8144325017929077,16.81914710998535,updated,1.0876424312591553,-0.23043861985206604,8.654995918273926,0.07891391217708588,0.0761224702000618,18.805364861997077,28.637253046353287,481,2,112,1,7,WATCHDOG_DEADLINE,0,64,-7.8240461349487305,5.752686977386475,-1.9528870582580566,OUTBOUND,-10.509223937988281,-0.18561888282667482,0.0031999999191612005
1,60,0.9375,0.7205678820610046,16.88612937927246,updated,1.0879671573638916,-0.23323501646518707,2.8707518577575684,1.6869707107543945,1.6590261459350586,18.83085869299248,28.62508456333646,482,2,113,0,4,,1,63,-7.824045658111572,5.776196479797363,-1.8208234310150146,OUTBOUND,-10.555624008178711,-0.20336267245949444,0.0031999999191612005
1,56,0.875,0.7903687357902527,16.941165924072266,updated,1.0882922410964966,-0.23392745852470398,4.9258551597595215,0.05093902349472046,0.04741998761892319,18.854959830990992,28.61292975482655,483,2,114,0,8,,0,64,-7.824045658111572,5.774578094482422,-1.6296604871749878,OUTBOUND,-10.62153148651123,-0.1997121551952807,0.0031999999191612005
1,58,0.90625,1.1545088291168213,16.950368881225586,updated,1.0886170864105225,-0.23207971453666687,1.2143962383270264,0.04784108325839043,0.04811118543148041,18.880938549002167,28.600777035762057,484,2,115,0,6,,0,64,-7.8240461349487305,5.742944717407227,-1.76952064037323,OUTBOUND,-10.655292510986328,-0.18534959140447088,0.0031999999191612005
1,56,0.875,0.9736708998680115,17.05382537841797,updated,1.0889426469802856,-0.2379750907421112,0.6735461354255676,0.07515880465507507,0.07448318600654602,18.904308623983525,28.58862005752683,485,2,116,0,8,,0,64,-7.824045658111572,5.802733421325684,-2.1235744953155518,OUTBOUND,-10.703348159790039,-0.1548943362672986,0.0031999999191612005
1,58,0.90625,1.0685632228851318,17.067155838012695,updated,1.0892688035964966,-0.23993857204914093,23.205196380615234,3.4482421875,3.4113786220550537,19.022732926998287,28.57651251246741,486,2,117,0,6,,2,62,-7.8240461349487305,5.815943241119385,-2.218494176864624,OUTBOUND,-10.730737686157227,-0.13289331045645553,0.0031999999191612005
1,60,0.9375,0.7418727278709412,17.019092559814453,updated,1.089594841003418,-0.23460505902767181,1.985177755355835,0.0957067534327507,0.09810949116945267,19.052578801987693,28.564403910916493,487,2,118,0,4,,0,64,-7.824045658111572,5.7437052726745605,-1.7482893466949463,OUTBOUND,-10.758910179138184,-0.12572901718272786,0.0031999999191612005
1,61,0.953125,0.6598575115203857,17.032543182373047,updated,1.0899211168289185,-0.23906561732292175,9.34799575805664,1.79002046585083,1.7556231021881104,19.088389613985782,28.552306725512572,488,2,119,0,3,,1,63,-7.824045658111572,5.786120891571045,-1.5919514894485474,OUTBOUND,-10.740008354187012,-0.1215357008233205,0.0031999999191612005
1,57,0.890625,1.2823151350021362,17.01537322998047,updated,1.0902472734451294,-0.23644213378429413,7.678694248199463,0.08594401180744171,0.08891789615154266,19.129556797997793,28.54019921051304,489,2,120,0,7,,0,64,-7.8240461349487305,5.745964050292969,-1.8797413110733032,OUTBOUND,-10.749123573303223,-0.11387597549046005,0.0031999999191612005
1,56,0.875,0.6257808208465576,17.07572364807129,updated,1.0905739068984985,-0.24238862097263336,6.14634895324707,0.11053884029388428,0.11416131258010864,19.15536674897885,28.528106603426945,490,2,121,0,8,,0,64,-7.824045658111572,5.805278301239014,-1.881088137626648,OUTBOUND,-10.739797592163086,-0.08921167053352301,0.0031999999191612005
0,58,0.90625,0.6994290351867676,17.0644588470459,updated,1.0909004211425781,-0.23834852874279022,11.622559547424316,0.08307065814733505,0.08876965194940567,19.278729251003824,28.516043656407145,491,2,122,1,6,WATCHDOG_DEADLINE,0,64,-7.8240461349487305,5.748988151550293,-1.6512219905853271,OUTBOUND,-10.774168014526367,-0.07934124129294917,0.0031999999191612005
1,61,0.953125,0.7972409129142761,17.135826110839844,updated,1.0912275314331055,-0.24381761252880096,10.712907791137695,0.11067721247673035,0.12323693186044693,19.304724821995478,28.50396961263249,492,2,123,0,3,,0,64,-7.824045658111572,5.802389144897461,-1.9114230871200562,OUTBOUND,-10.767899513244629,-0.08561617767201411,0.0031999999191612005
1,60,0.9375,0.6678131818771362,17.131603240966797,updated,1.091554880142212,-0.24385026097297668,13.192090034484863,3.5069174766540527,3.443197250366211,19.333086445985828,28.491884662218354,493,2,124,0,4,,2,62,-7.824045658111572,5.793142795562744,-1.971107006072998,OUTBOUND,-10.799812316894531,-0.08661520678971164,0.0031999999191612005
1,57,0.890625,0.5694223642349243,17.152673721313477,updated,1.0918824672698975,-0.2446158081293106,9.25306224822998,0.0830744206905365,0.09645257145166397,19.360569583979668,28.47978615768061,494,2,125,0,7,,0,64,-7.8240461349487305,5.7923173904418945,-1.7542842626571655,OUTBOUND,-10.80887222290039,-0.07771104808273235,0.0031999999191612005
1,53,0.828125,0.8728174567222595,17.09162139892578,updated,1.0922096967697144,-0.23890921473503113,1.1344802379608154,1.7891210317611694,1.7621351480484009,19.38632557200617,28.46766696492679,495,2,126,0,11,,1,63,-7.8240461349487305,5.717864513397217,-1.7800804376602173,OUTBOUND,-10.825540542602539,-0.0824433319870291,0.0031999999191612005
1,60,0.9375,0.9739439487457275,17.168842315673828,updated,1.0925368070602417,-0.24396023154258728,1.229984998703003,1.8115938901901245,1.7804253101348877,19.409330460999627,28.45553528353788,496,2,127,0,4,,1,63,-7.824045658111572,5.765900611877441,-1.6384679079055786,OUTBOUND,-10.853545188903809,-0.1079845581955773,0.0031999999191612005
1,61,0.953125,1.2575993537902832,17.198030471801758,updated,1.0928640365600586,-0.2451820969581604,12.570662498474121,0.13557268679141998,0.14013661444187164,19.437006410997128,28.44340994726325,497,2,128,0,3,,0,64,-7.824045658111572,5.770345687866211,-2.0555477142333984,OUTBOUND,-10.865477561950684,-0.11320019626425964,0.0031999999191612005
0,56,0.875,0.6052336692810059,17.221561431884766,updated,1.0931910276412964,-0.24303065240383148,11.749884605407715,0.10174022614955902,0.09842724353075027,19.55936590800411,28.431268527705722,498,2,129,1,8,WATCHDOG_DEADLINE,0,64,-7.824045658111572,5.736774921417236,-1.8755748271942139,OUTBOUND,-10.919174194335938,-0.0961474157042897,0.0031999999191612005
1,53,0.828125,1.403915524482727,17.25392723083496,updated,1.0935180187225342,-0.24540852010250092,2.505145788192749,1.843827486038208,1.8119051456451416,19.581666541984305,28.419175867926285,499,2,130,0,11,,1,63,-7.8240461349487305,5.754272937774658,-1.853607177734375,OUTBOUND,-10.938506126403809,-0.06695473065008413,0.0031999999191612005
1,60,0.9375,1.3087563514709473,17.324928283691406,updated,1.093845009803772,-0.24594707787036896,7.356445789337158,0.06377042829990387,0.06417415291070938,19.60724018898327,28.407102201545072,500,2,131,0,4,,0,64,-7.824045658111572,5.751084327697754,-2.0376908779144287,FAILURE,-10.99116325378418,-0.052659478120022744,0.0031999999191612005
1,57,0.890625,0.8807287812232971,17.385183334350586,updated,1.0941722393035889,-0.24977552890777588,4.917485237121582,0.049100376665592194,0.04858032613992691,19.64135142500163,29.98799059400482,501,3,1,0,7,,0,64,-7.8240461349487305,5.784597396850586,-1.7101329565048218,OUTBOUND,-11.016522407531738,-0.01975844338256779,0.0031999999191612005
1,50,0.78125,1.2867486476898193,17.40532684326172,updated,1.0944997072219849,-0.2505667209625244,5.0762434005737305,1.8707315921783447,1.8401269912719727,19.66896254598396,29.975948652957438,502,3,2,0,14,,1,63,-7.8240461349487305,5.784133434295654,-2.11130952835083,OUTBOUND,-11.054566383361816,-0.02623534842375164,0.0031999999191612005
1,61,0.953125,0.538096010684967,17.403383255004883,updated,1.0948271751403809,-0.24810929596424103,8.008655548095703,1.9254626035690308,1.8939083814620972,19.798449928988703,29.963932422450917,503,3,3,0,3,,1,63,-7.824045658111572,5.747689723968506,-1.7845525741577148,OUTBOUND,-11.089044570922852,-0.03233898781678694,0.0031999999191612005
1,58,0.90625,1.1182266473770142,17.522493362426758,updated,1.0951555967330933,-0.2579684853553772,3.861483097076416,1.8985188007354736,1.8700861930847168,19.831536605983274,29.951900257237067,504,3,4,0,6,,1,63,-7.8240461349487305,5.847442626953125,-1.6759603023529053,OUTBOUND,-11.103926658630371,-0.03073516908279405,0.0031999999191612005
1,56,0.875,0.8792818188667297,17.499597549438477,updated,1.0954843759536743,-0.2535831034183502,8.329861640930176,0.08771291375160217,0.08774031698703766,19.8651564589818,29.939860312732744,505,3,5,0,8,,0,64,-7.824045658111572,5.78980016708374,-1.7989294528961182,OUTBOUND,-11.136549949645996,-0.041523334709183096,0.0031999999191612005
1,63,0.984375,0.8708712458610535,17.533018112182617,updated,1.0958133935928345,-0.2542526423931122,4.772939205169678,0.11644813418388367,0.11791115254163742,19.897237700002734,29.927807536372633,506,3,6,0,1,,0,64,-7.824045181274414,5.787960529327393,-1.6550606489181519,OUTBOUND,-11.169727325439453,-0.05927126317751756,0.0031999999191612005
1,61,0.953125,1.1133161783218384,17.487083435058594,updated,1.0961419343948364,-0.2500436305999756,2.9894156455993652,0.0700545608997345,0.0697290301322937,19.920007140986854,29.915755659906292,507,3,7,0,3,,0,64,-7.824045658111572,5.732809066772461,-2.0272462368011475,OUTBOUND,-11.178909301757812,-0.05368780023380688,0.0031999999191612005
0,58,0.90625,1.016035556793213,17.612552642822266,updated,1.0964715480804443,-0.26169517636299133,12.409088134765625,3.750903844833374,3.6793875694274902,20.050359852000838,29.9036577942934,508,3,8,1,6,WATCHDOG_DEADLINE,2,62,-7.8240461349487305,5.850811958312988,-2.0063366889953613,OUTBOUND,-11.197525024414062,-0.005586446278088991,0.0031999999191612005
1,53,0.828125,0.9379886984825134,17.59906768798828,updated,1.096801519393921,-0.2583896219730377,7.059667587280273,0.07629705965518951,0.07476641237735748,20.082262838986935,29.891606754335704,509,3,9,0,11,,0,64,-7.8240461349487305,5.805614471435547,-1.6524338722229004,OUTBOUND,-11.223676681518555,0.03507074298590449,0.0031999999191612005
1,56,0.875,0.6014926433563232,17.610464096069336,updated,1.0971318483352661,-0.25975140929222107,8.37275505065918,0.12955784797668457,0.14133787155151367,20.114069164992543,29.879559195509188,510,3,10,0,8,,0,64,-7.824045658111572,5.811217308044434,-1.5948313474655151,OUTBOUND,-11.217076301574707,0.02845137146485415,0.0031999999191612005
1,54,0.84375,0.6490915417671204,17.602174758911133,updated,1.0974622964859009,-0.2572859525680542,4.283779621124268,1.948022723197937,1.9280530214309692,20.14255463099107,29.867511564805838,511,3,11,0,10,,1,63,-7.824046611785889,5.775486469268799,-1.7886197566986084,OUTBOUND,-11.247135162353516,0.02534832074866423,0.0031999999191612005
1,61,0.953125,1.4206664562225342,17.67359733581543,updated,1.0977928638458252,-0.26081541180610657,7.078002452850342,0.0417817160487175,0.042711291462183,20.17914292498608,29.85545633301794,512,3,12,0,3,,0,64,-7.824045658111572,5.804452896118164,-1.5814064741134644,OUTBOUND,-11.282210350036621,0.025067281579866173,0.0031999999191612005
1,57,0.890625,0.6491165161132812,17.627803802490234,updated,1.09812331199646,-0.2568995952606201,1.7397531270980835,1.922102451324463,1.8917332887649536,20.217626661004033,29.843401159026797,513,3,13,0,7,,1,63,-7.8240461349487305,5.753427505493164,-1.7975528240203857,OUTBOUND,-11.296236991882324,0.009900555054607406,0.0031999999191612005
1,60,0.9375,0.6980730295181274,17.654077529907227,updated,1.0984532833099365,-0.2563932538032532,9.413739204406738,0.06999851763248444,0.07232475280761719,20.244612327980576,29.83138894208567,514,3,14,0,4,,0,64,-7.824045658111572,5.739166259765625,-1.7737042903900146,OUTBOUND,-11.327067375183105,-0.003359212501333626,0.0031999999191612005
0,54,0.84375,0.8325324654579163,17.762065887451172,updated,1.0987836122512817,-0.26293841004371643,7.753647327423096,0.054462023079395294,0.057945121079683304,20.384429136989638,29.819300006312577,515,3,15,1,10,WATCHDOG_DEADLINE,0,64,-7.824046611785889,5.800103187561035,-1.8994110822677612,OUTBOUND,-11.349055290222168,0.046712755073229334,0.0031999999191612005
1,59,0.921875,0.6393073797225952,17.778688430786133,updated,1.099114179611206,-0.2629837989807129,3.0019285678863525,1.974415898323059,1.947064995765686,20.414195077988552,29.807201512054494,516,3,16,0,5,,1,63,-7.8240461349487305,5.791647911071777,-1.7148407697677612,OUTBOUND,-11.38586711883545,0.09106687408356308,0.0031999999191612005
1,56,0.875,0.7499346137046814,17.80069923400879,updated,1.099445104598999,-0.26528671383857727,7.507544040679932,1.9592372179031372,1.9230796098709106,20.443306098983157,29.795088239755767,517,3,17,0,8,,1,63,-7.824045658111572,5.807130336761475,-1.7901047468185425,OUTBOUND,-11.40715217590332,0.07251468292553903,0.0031999999191612005
1,58,0.90625,0.5418093800544739,17.794130325317383,updated,1.0997763872146606,-0.26553791761398315,4.828387260437012,2.0363073348999023,2.0143444538116455,20.47786722300225,29.783014265670644,518,3,18,0,6,,1,63,-7.8240461349487305,5.80086612701416,-1.7382861375808716,OUTBOUND,-11.413881301879883,0.06811211894665464,0.0031999999191612005
1,55,0.859375,0.6756731867790222,17.821212768554688,updated,1.1001076698303223,-0.26492536067962646,9.79055118560791,0.09705227613449097,0.103266142308712,20.50569132398232,29.770918139233203,519,3,19,0,9,,0,64,-7.8240461349487305,5.7855544090271,-1.7876307964324951,OUTBOUND,-11.443485260009766,0.07042990699786247,0.0031999999191612005
1,56,0.875,1.1887224912643433,17.819581985473633,updated,1.1004388332366943,-0.26397255063056946,8.908576011657715,0.07307235151529312,0.07206599414348602,20.647493843978737,29.758838482997795,520,3,20,0,8,,0,64,-7.824045658111572,5.766773700714111,-1.701111912727356,OUTBOUND,-11.454119682312012,0.07667189971046755,0.0031999999191612005
1,58,0.90625,1.388627290725708,17.88180923461914,updated,1.100770115852356,-0.2660263478755951,8.169027328491211,0.09402073174715042,0.09304791688919067,20.679036778979935,29.746732685136,521,3,21,0,6,,0,64,-7.8240461349487305,5.779531478881836,-1.9205352067947388,OUTBOUND,-11.484570503234863,0.08254528252224634,0.0031999999191612005
1,54,0.84375,1.1989861726760864,17.88661766052246,updated,1.101101279258728,-0.2663424015045166,3.519352912902832,2.0850095748901367,2.0662012100219727,20.706022736005252,29.734633511421325,522,3,22,0,10,,1,63,-7.824046611785889,5.774109840393066,-1.6703943014144897,OUTBOUND,-11.506450653076172,0.07205949630235824,0.0031999999191612005
1,55,0.859375,1.0070970058441162,17.866605758666992,updated,1.1014320850372314,-0.26375728845596313,3.5555226802825928,2.020920753479004,1.9811450242996216,20.735185861005448,29.722528488209814,523,3,23,0,9,,1,63,-7.8240461349487305,5.738603115081787,-1.7396866083145142,OUTBOUND,-11.535385131835938,0.060206678557765576,0.0031999999191612005
1,59,0.921875,0.8553901314735413,17.95704460144043,updated,1.1017628908157349,-0.26742079854011536,7.8868584632873535,0.09586593508720398,0.09561751782894135,20.760561603994574,29.7104324670827,524,3,24,0,5,,0,64,-7.8240461349487305,5.768008708953857,-2.076538562774658,OUTBOUND,-11.571817398071289,0.06563045885366663,0.0031999999191612005
0,57,0.890625,0.5051572918891907,18.04786491394043,updated,1.1020941734313965,-0.27255406975746155,8.524164199829102,0.10219471156597137,0.0992390513420105,20.88581732698367,29.698293189073837,525,3,25,1,7,WATCHDOG_DEADLINE,0,64,-7.8240461349487305,5.812401294708252,-1.6367542743682861,OUTBOUND,-11.598649024963379,0.11347963227582411,0.0031999999191612005
1,58,0.90625,0.7605333924293518,18.000513076782227,updated,1.1024250984191895,-0.2668296694755554,9.106297492980957,0.06368497759103775,0.06147310137748718,20.91380455897888,29.686130577162018,526,3,26,0,6,,0,64,-7.8240461349487305,5.74481725692749,-1.787644386291504,OUTBOUND,-11.631089210510254,0.1487888668332573,0.0031999999191612005
1,59,0.921875,0.5700328350067139,18.040292739868164,updated,1.1027555465698242,-0.2654837667942047,1.0992839336395264,0.12895715236663818,0.13903868198394775,20.94133115099976,29.673978715024564,527,3,27,0,5,,0,64,-7.8240461349487305,5.722563743591309,-1.9309672117233276,OUTBOUND,-11.702392578125,0.1558864197727359,0.0031999999191612005
1,56,0.875,1.0041043758392334,18.113571166992188,updated,1.1030858755111694,-0.2688516676425934,7.775651454925537,0.06023888289928436,0.0581960566341877,20.969982494978467,29.661840592307588,528,3,28,0,8,,0,64,-7.824045658111572,5.748653888702393,-1.462159514427185,OUTBOUND,-11.721786499023438,0.1486039129152913,0.0031999999191612005
1,60,0.9375,0.9925914406776428,18.133338928222656,updated,1.1034157276153564,-0.2681652009487152,11.145891189575195,2.0946974754333496,2.057798385620117,20.99930454499554,29.649719183621514,529,3,29,0,4,,1,63,-7.824045658111572,5.7332682609558105,-1.864903211593628,OUTBOUND,-11.785587310791016,0.12433766718630435,0.0031999999191612005
1,56,0.875,0.4538901150226593,18.16550636291504,updated,1.103745460510254,-0.2694379389286041,0.6138774752616882,0.040987931191921234,0.03929881006479263,21.032688770006644,29.63763446704478,530,3,30,0,8,,0,64,-7.824045658111572,5.737894535064697,-1.803240418434143,OUTBOUND,-11.803794860839844,0.12050120515978348,0.0031999999191612005
1,60,0.9375,0.6897914409637451,18.17502784729004,updated,1.1040749549865723,-0.26911619305610657,0.28401514887809753,0.07417542487382889,0.07451137900352478,21.062550720002037,29.625532178899167,531,3,31,0,4,,0,64,-7.824045658111572,5.726346969604492,-1.6404138803482056,OUTBOUND,-11.830102920532227,0.12707229379704943,0.0031999999191612005
0,60,0.9375,0.8889212608337402,18.19240379333496,updated,1.1044044494628906,-0.272864431142807,21.428861618041992,4.180164337158203,4.114971160888672,21.184873243997572,29.613421350953093,532,3,32,1,4,WATCHDOG_DEADLINE,2,62,-7.824045658111572,5.755989074707031,-1.5200186967849731,OUTBOUND,-11.842668533325195,0.12895883243212317,0.0031999999191612005
1,61,0.953125,0.7724597454071045,18.16448211669922,updated,1.1047337055206299,-0.27118170261383057,7.471700668334961,0.058356694877147675,0.059013012796640396,21.208701561001362,29.60131211899559,533,3,33,0,3,,0,64,-7.824045658111572,5.730762958526611,-1.824386715888977,OUTBOUND,-11.833404541015625,0.1428347028013598,0.0031999999191612005
1,56,0.875,0.8974260091781616,18.195816040039062,updated,1.1050629615783691,-0.2738317549228668,3.284846544265747,2.094452142715454,2.054359197616577,21.23315157700563,29.58918747672746,534,3,34,0,8,,1,63,-7.824045658111572,5.7491960525512695,-1.7645047903060913,OUTBOUND,-11.842066764831543,0.14560144467224923,0.0031999999191612005
1,59,0.921875,0.8942503929138184,18.30296516418457,updated,1.1053931713104248,-0.2822270095348358,8.15782356262207,0.06084693595767021,0.06403174996376038,21.260301367001375,29.577059308953455,535,3,35,0,5,,0,64,-7.8240461349487305,5.8250298500061035,-1.7141907215118408,OUTBOUND,-11.863136291503906,0.12958876956864218,0.0031999999191612005
1,53,0.828125,1.1038024425506592,18.229110717773438,updated,1.1057237386703491,-0.2791147828102112,8.865133285522461,0.06788812577724457,0.08066097646951675,21.286602482985472,29.56494107290692,536,3,36,0,11,,0,64,-7.8240461349487305,5.785546779632568,-1.765609622001648,OUTBOUND,-11.830378532409668,0.13292034081213697,0.0031999999191612005
1,52,0.8125,1.359764575958252,18.297101974487305,updated,1.106054663658142,-0.2800135314464569,9.099282264709473,0.06308142095804214,0.0691293478012085,21.410279130999697,29.552809698498383,537,3,37,0,12,,0,64,-7.8240461349487305,5.7862019538879395,-1.883765459060669,OUTBOUND,-11.876829147338867,0.14279815496521067,0.0031999999191612005
1,59,0.921875,1.057030200958252,18.316791534423828,updated,1.106385588645935,-0.2784273624420166,13.200600624084473,0.08896278589963913,0.09753784537315369,21.43739589798497,29.54066403277196,538,3,38,0,5,,0,64,-7.8240461349487305,5.762195110321045,-1.7349307537078857,OUTBOUND,-11.896282196044922,0.11484359374245263,0.0031999999191612005
1,56,0.875,0.9630743861198425,18.336374282836914,updated,1.106716513633728,-0.2783430516719818,7.59868049621582,0.09136123210191727,0.09907838702201843,21.46535999898333,29.52856490692657,539,3,39,0,8,,0,64,-7.824045658111572,5.753188133239746,-1.637058138847351,OUTBOUND,-11.927685737609863,0.08068860639786442,0.0031999999191612005
1,58,0.90625,0.3023647665977478,18.39413070678711,updated,1.107047438621521,-0.2797495722770691,8.952017784118652,2.1936140060424805,2.1456985473632812,21.491282308998052,29.516474034281476,540,3,40,0,6,,1,63,-7.8240461349487305,5.758938789367676,-1.7349443435668945,OUTBOUND,-11.994831085205078,0.08684363896931942,0.0031999999191612005
1,58,0.90625,0.9737217426300049,18.44576644897461,updated,1.107378363609314,-0.2802003026008606,8.957735061645508,0.09364990144968033,0.09147471934556961,21.526220739993732,29.50436704972673,541,3,41,0,6,,0,64,-7.8240461349487305,5.755259990692139,-1.8987603187561035,OUTBOUND,-12.039652824401855,0.11220058113806036,0.0031999999191612005
0,58,0.90625,0.8330949544906616,18.430831909179688,updated,1.1077091693878174,-0.2799799144268036,11.426700592041016,2.2577571868896484,2.2321062088012695,21.67064328500419,29.492204373677666,542,3,42,1,6,WATCHDOG_DEADLINE,1,63,-7.8240461349487305,5.745025634765625,-2.1020348072052,OUTBOUND,-12.048551559448242,0.11169189220275012,0.0031999999191612005
1,58,0.90625,1.1683789491653442,18.483989715576172,updated,1.1080399751663208,-0.281170129776001,3.0439140796661377,0.0726720467209816,0.06880522519350052,21.70612058698316,29.480070293441855,543,3,43,0,6,,0,64,-7.8240461349487305,5.748645305633545,-2.139866352081299,OUTBOUND,-12.091835021972656,0.11104903117960202,0.0031999999191612005
1,58,0.90625,0.6200900077819824,18.558561325073242,updated,1.1083711385726929,-0.2857414186000824,10.740443229675293,0.07676168531179428,0.07418475300073624,21.73689729999751,29.46791632833378,544,3,44,0,6,,0,64,-7.8240461349487305,5.785203456878662,-1.7748326063156128,OUTBOUND,-12.11160659790039,0.10616370744469017,0.0031999999191612005
1,49,0.765625,1.124169945716858,18.552513122558594,updated,1.1087024211883545,-0.2842120826244354,8.639266967773438,2.2140650749206543,2.168483257293701,21.763155458000256,29.455785819690362,545,3,45,0,15,,1,63,-7.8240461349487305,5.7622504234313965,-1.9417219161987305,OUTBOUND,-12.14629077911377,0.10123978603141115,0.0031999999191612005
1,60,0.9375,0.8441387414932251,18.62042999267578,updated,1.1090342998504639,-0.28994300961494446,7.005884647369385,0.052891574800014496,0.06032015383243561,21.79346293999697,29.44363281015702,546,3,46,0,4,,0,64,-7.824045658111572,5.809788703918457,-1.9129791259765625,OUTBOUND,-12.151630401611328,0.10786501459480949,0.0031999999191612005
1,61,0.953125,0.7362152934074402,18.667829513549805,updated,1.109366774559021,-0.2902122139930725,4.9843292236328125,0.08806727826595306,0.08619662374258041,21.822357124998234,29.431486158263713,547,3,47,0,3,,0,64,-7.824045658111572,5.804263114929199,-1.9130326509475708,OUTBOUND,-12.205422401428223,0.0985609665405263,0.0031999999191612005
1,60,0.9375,0.8876902461051941,18.74492645263672,updated,1.109700083732605,-0.29463672637939453,6.824667930603027,0.07176204025745392,0.06675853580236435,21.84998202699353,29.41933186725512,548,3,48,0,4,,0,64,-7.824045658111572,5.838796138763428,-1.8621665239334106,OUTBOUND,-12.224040985107422,0.0693881626073939,0.0031999999191612005
0,53,0.828125,1.2505944967269897,18.650697708129883,updated,1.1100327968597412,-0.28309670090675354,2.7551326751708984,0.12780974805355072,0.12081168591976166,21.99785168399103,29.40718674631855,549,3,49,1,11,WATCHDOG_DEADLINE,0,64,-7.8240461349487305,5.719735145568848,-2.027294397354126,OUTBOUND,-12.269430160522461,0.03932721663528582,0.0031999999191612005
1,59,0.921875,0.7114589810371399,18.743406295776367,updated,1.1103661060333252,-0.2935379445552826,13.500889778137207,2.270109176635742,2.2246172428131104,22.03158505097963,29.395050136605885,550,3,50,0,5,,1,63,-7.8240461349487305,5.811946392059326,-2.0294909477233887,OUTBOUND,-12.279313087463379,0.03632322615033435,0.0031999999191612005
1,59,0.921875,0.7320671677589417,18.719940185546875,updated,1.1106992959976196,-0.28892096877098083,4.6264543533325195,0.03740036487579346,0.04474140703678131,22.061450904991943,29.38292089170431,551,3,51,0,5,,0,64,-7.8240461349487305,5.759781360626221,-1.8934695720672607,OUTBOUND,-12.306615829467773,0.052477712918542724,0.0031999999191612005
1,59,0.921875,0.5175188183784485,18.80364418029785,updated,1.1110330820083618,-0.29505208134651184,3.508354663848877,0.23359081149101257,0.23620015382766724,22.090789949987084,29.37078514000105,552,3,52,0,5,,0,64,-7.8240461349487305,5.810290813446045,-1.790406346321106,OUTBOUND,-12.330499649047852,0.0756633597371278,0.0031999999191612005
1,56,0.875,0.9415376782417297,18.79817771911621,updated,1.1113669872283936,-0.29340624809265137,4.862208843231201,0.07308639585971832,0.07654038071632385,22.120232371991733,29.358669181150567,553,3,53,0,8,,0,64,-7.824045658111572,5.7866411209106445,-1.845641851425171,OUTBOUND,-12.350445747375488,0.10198705432174213,0.0031999999191612005
1,58,0.90625,0.6272103190422058,18.78706169128418,updated,1.1117011308670044,-0.29381436109542847,8.490812301635742,2.290567398071289,2.263962507247925,22.2487304059905,29.346548257269774,554,3,54,0,6,,1,63,-7.8240461349487305,5.782574653625488,-1.9757949113845825,OUTBOUND,-12.352198600769043,0.12292321007167611,0.0031999999191612005
1,59,0.921875,1.080460786819458,18.800106048583984,updated,1.1120352745056152,-0.29400327801704407,4.005702495574951,0.06995920836925507,0.07843884825706482,22.279311082005734,29.334417930415473,555,3,55,0,5,,0,64,-7.8240461349487305,5.776461124420166,-2.216978073120117,OUTBOUND,-12.359914779663086,0.12783997870327152,0.0031999999191612005
1,60,0.9375,1.2059087753295898,18.820947647094727,updated,1.1123690605163574,-0.29199886322021484,6.630374431610107,0.05542464181780815,0.06031922996044159,22.308826724998653,29.322307106885987,556,3,56,0,4,,0,64,-7.824045658111572,5.749729633331299,-1.665015459060669,OUTBOUND,-12.40998649597168,0.12915824128772116,0.0031999999191612005
1,55,0.859375,1.2086814641952515,18.89607810974121,updated,1.1127034425735474,-0.2989696264266968,9.054244995117188,0.07956615090370178,0.08515052497386932,22.33581941999728,29.31018551247637,557,3,57,0,9,,0,64,-7.8240461349487305,5.807434558868408,-1.788854718208313,OUTBOUND,-12.405840873718262,0.12388872246643695,0.0031999999191612005
1,58,0.90625,0.7369526624679565,18.894197463989258,updated,1.1130377054214478,-0.29484254121780396,8.707801818847656,0.0710093304514885,0.07226239889860153,22.36775879000197,29.2980641142444,558,3,58,0,6,,0,64,-7.8240461349487305,5.760888576507568,-1.7387385368347168,OUTBOUND,-12.442093849182129,0.12291250608889204,0.0031999999191612005
0,56,0.875,0.7827547788619995,18.94478988647461,updated,1.1133722066879272,-0.2984120547771454,11.776700019836426,2.297999143600464,2.254412889480591,22.499892014981015,29.285878372971332,559,3,59,1,8,WATCHDOG_DEADLINE,1,63,-7.824045658111572,5.786476135253906,-1.7366641759872437,OUTBOUND,-12.485190391540527,0.1031904638677414,0.0031999999191612005
1,55,0.859375,0.6645212173461914,19.025131225585938,updated,1.113707184791565,-0.3021682798862457,12.672298431396484,0.07583507150411606,0.07699532806873322,22.52577742599533,29.273775865744454,560,3,60,0,9,,0,64,-7.8240461349487305,5.813656806945801,-1.889874815940857,OUTBOUND,-12.512526512145996,0.08157680133601694,0.0031999999191612005
0,61,0.953125,0.8945810794830322,18.993404388427734,updated,1.114042043685913,-0.29829245805740356,10.502161979675293,0.06162786856293678,0.061188988387584686,22.551798806991428,29.261609413669873,561,3,61,1,3,NO_GENERATOR_SET,0,64,-7.824045658111572,5.769808769226074,-1.912296175956726,OUTBOUND,-12.528107643127441,0.05936096068191342,0.0031999999191612005
0,63,0.984375,0.8786344528198242,19.029069900512695,updated,1.1143769025802612,-0.29835447669029236,6.539957046508789,0.05496823787689209,0.056352902203798294,22.58219301799545,29.249439367262706,562,3,62,1,1,NO_GENERATOR_SET,0,64,-7.824045181274414,5.762671947479248,-2.0428242683410645,OUTBOUND,-12.560417175292969,0.003595463901915557,0.0031999999191612005
1,60,0.9375,0.6450180411338806,19.127464294433594,updated,1.1147119998931885,-0.3032775819301605,4.0650129318237305,0.6769101023674011,0.6709801554679871,22.610293095000088,29.237243703110078,563,3,63,0,4,,1,63,-7.824045658111572,5.800466537475586,-1.9431366920471191,OUTBOUND,-12.622539520263672,-0.042738144262281626,0.0031999999191612005
1,57,0.890625,0.8805627226829529,19.116783142089844,updated,1.1150472164154053,-0.30165091156959534,9.01407241821289,2.4002597332000732,2.384584665298462,22.63724948800518,29.22506010710315,564,3,64,0,7,,1,63,-7.8240461349487305,5.7777323722839355,-1.6640876531600952,OUTBOUND,-12.657403945922852,-0.08107409374323488,0.0031999999191612005
1,57,0.890625,1.0824861526489258,19.12709617614746,updated,1.1153823137283325,-0.300518661737442,3.0668320655822754,0.07860120385885239,0.07943465560674667,22.66439213900594,29.212893427312114,565,3,65,0,7,,0,64,-7.8240461349487305,5.759665012359619,-1.4699434041976929,OUTBOUND,-12.677043914794922,-0.11411204409302154,0.0031999999191612005
1,59,0.921875,0.6305569410324097,19.147281646728516,updated,1.1157175302505493,-0.30359190702438354,18.16329002380371,3.0546882152557373,3.0241782665252686,22.69093997098389,29.200724238840664,566,3,66,0,5,,2,62,-7.8240461349487305,5.780216217041016,-1.7227563858032227,OUTBOUND,-12.70656967163086,-0.12586746784495767,0.0031999999191612005
1,57,0.890625,0.635000467300415,19.170320510864258,updated,1.1160532236099243,-0.30824634432792664,23.72465705871582,4.765165328979492,4.675124645233154,22.829023361991858,29.188531745749874,567,3,67,0,7,,2,62,-7.8240461349487305,5.815093994140625,-1.7706127166748047,OUTBOUND,-12.7144136428833,-0.14017984564135255,0.0031999999191612005
1,56,0.875,1.157319188117981,19.09531021118164,updated,1.1163890361785889,-0.3057166635990143,0.8985017538070679,2.429287910461426,2.3991167545318604,22.860420649987645,29.176335841298144,568,3,68,0,8,,1,63,-7.824045658111572,5.784340858459473,-1.5605261325836182,OUTBOUND,-12.670636177062988,-0.14093881952169152,0.0031999999191612005
1,62,0.96875,0.5293217897415161,18.99976921081543,updated,1.1167242527008057,-0.2987661063671112,7.54764986038208,0.7006216049194336,0.6931825876235962,22.884985510987462,29.164179560728307,569,3,69,0,2,,1,63,-7.824045658111572,5.713602542877197,-1.799696922302246,OUTBOUND,-12.637473106384277,-0.13791219534943228,0.0031999999191612005
1,56,0.875,0.3316228985786438,19.09649085998535,updated,1.117059588432312,-0.3076018691062927,17.148298263549805,0.0921657457947731,0.09834399074316025,22.914457142993342,29.15201266609452,570,3,70,0,8,,0,64,-7.824045658111572,5.786259174346924,-1.7756569385528564,OUTBOUND,-12.631300926208496,-0.14384458602385902,0.0031999999191612005
1,60,0.9375,0.45835497975349426,19.0615234375,updated,1.1173948049545288,-0.30491408705711365,20.741989135742188,0.1073814183473587,0.12868861854076385,22.940580423979554,29.139886279467945,571,3,71,0,4,,0,64,-7.824045658111572,5.754422187805176,-1.846694827079773,OUTBOUND,-12.603991508483887,-0.12846331055859153,0.0031999999191612005
0,53,0.828125,0.7830616235733032,19.092906951904297,updated,1.117729663848877,-0.304588258266449,11.473597526550293,0.7084528803825378,0.7050488591194153,23.063836721004918,29.12775252609047,572,3,72,1,11,WATCHDOG_DEADLINE,1,63,-7.8240461349487305,5.74404239654541,-1.7490803003311157,OUTBOUND,-12.642154693603516,-0.11020828653424329,0.0031999999191612005
1,59,0.921875,1.090722680091858,19.14236831665039,updated,1.1180644035339355,-0.3058493733406067,19.01194953918457,5.401930809020996,5.3192362785339355,23.08937431400409,29.115616442494733,573,3,73,0,5,,3,61,-7.8240461349487305,5.747983932495117,-2.015622138977051,OUTBOUND,-12.689419746398926,-0.09965858549426442,0.0031999999191612005
1,59,0.921875,0.7781381607055664,19.224327087402344,updated,1.1183996200561523,-0.3118876516819,18.024185180664062,0.08895759284496307,0.09494325518608093,23.11571225998341,29.10345751619636,574,3,74,0,5,,0,64,-7.8240461349487305,5.7947163581848145,-1.5136144161224365,OUTBOUND,-12.704916954040527,-0.0858364762827192,0.0031999999191612005
1,57,0.890625,0.9919805526733398,19.212400436401367,updated,1.1187347173690796,-0.30889150500297546,4.423385143280029,3.0726521015167236,3.021571159362793,23.14965386898257,29.091291841993574,575,3,75,0,7,,2,62,-7.8240461349487305,5.760455131530762,-1.9742963314056396,OUTBOUND,-12.745911598205566,-0.05671404981710123,0.0031999999191612005
1,58,0.90625,1.0541155338287354,19.30323600769043,updated,1.1190701723098755,-0.3131363093852997,16.7288818359375,0.09061895310878754,0.08976127207279205,23.180393046990503,29.079122310565886,576,3,76,0,6,,0,64,-7.8240461349487305,5.790916919708252,-1.7882740497589111,OUTBOUND,-12.781582832336426,-0.05754561720444306,0.0031999999191612005
1,59,0.921875,0.8478838801383972,19.427122116088867,updated,1.1194061040878296,-0.3143168091773987,16.689006805419922,0.10564754158258438,0.09408068656921387,23.304909203987336,29.06696599121631,577,3,77,0,5,,0,64,-7.8240461349487305,5.793972015380859,-1.6640053987503052,OUTBOUND,-12.875337600708008,-0.07134176632093912,0.0031999999191612005
1,57,0.890625,0.9420338869094849,19.467239379882812,updated,1.1197422742843628,-0.3161446750164032,1.0813977718353271,2.5184390544891357,2.496751070022583,23.335883851977997,29.054841857974644,578,3,78,0,7,,1,63,-7.8240461349487305,5.802744388580322,-1.5392587184906006,OUTBOUND,-12.900424003601074,-0.0755045042557431,0.0031999999191612005
1,56,0.875,0.5631864070892334,19.472991943359375,updated,1.120078444480896,-0.3120001256465912,9.737144470214844,0.07524478435516357,0.0688069611787796,23.36702424098621,29.042719983911297,579,3,79,0,8,,0,64,-7.824045658111572,5.758656024932861,-1.6558958292007446,OUTBOUND,-12.954744338989258,-0.08708586182699475,0.0031999999191612005
1,61,0.953125,0.9271010756492615,19.607601165771484,updated,1.1204149723052979,-0.3176615834236145,5.099414348602295,0.7503534555435181,0.7361364960670471,23.3957295769942,29.03058763906373,580,3,80,0,3,,1,63,-7.824045658111572,5.8012800216674805,-1.5956462621688843,OUTBOUND,-13.04006290435791,-0.09270382444830612,0.0031999999191612005
1,54,0.84375,0.780681312084198,19.646623611450195,updated,1.1207518577575684,-0.3179396390914917,8.363385200500488,0.0790695771574974,0.07845033705234528,23.424498462001793,29.018441677678556,581,3,81,0,10,,0,64,-7.824046611785889,5.796323776245117,-1.8377801179885864,OUTBOUND,-13.08133602142334,-0.1035283985849418,0.0031999999191612005
1,58,0.90625,1.2219970226287842,19.651073455810547,updated,1.1210885047912598,-0.3140290081501007,4.479187965393066,0.05276027321815491,0.05882110446691513,23.45078982200357,29.006265851848088,582,3,82,0,6,,0,64,-7.8240461349487305,5.754647254943848,-1.3710569143295288,OUTBOUND,-13.134923934936523,-0.09418880957116631,0.0031999999191612005
1,60,0.9375,1.1937929391860962,19.781206130981445,updated,1.1214253902435303,-0.31924161314964294,3.4627108573913574,0.09214629977941513,0.09948083013296127,23.475681282987352,28.9941508310129,583,3,83,0,4,,0,64,-7.824045658111572,5.793013095855713,-1.9840189218521118,OUTBOUND,-13.233295440673828,-0.06902904383377582,0.0031999999191612005
1,57,0.890625,0.9368695616722107,19.823692321777344,updated,1.1217626333236694,-0.31987833976745605,7.169905185699463,0.08094784617424011,0.08160126954317093,23.614107628003694,28.982019483686933,584,3,84,0,7,,0,64,-7.8240461349487305,5.791245937347412,-1.9769246578216553,OUTBOUND,-13.282362937927246,-0.07941204427395478,0.0031999999191612005
1,60,0.9375,0.7731021046638489,19.78998565673828,updated,1.1220996379852295,-0.31669071316719055,22.258785247802734,2.6558594703674316,2.6359267234802246,23.643086911994033,28.969861857116324,585,3,85,0,4,,1,63,-7.824045658111572,5.756199359893799,-1.511657476425171,OUTBOUND,-13.335817337036133,-0.1025483207382063,0.0031999999191612005
1,60,0.9375,0.7987235188484192,19.800031661987305,updated,1.1224365234375,-0.31880056858062744,19.163238525390625,2.6710457801818848,2.6440136432647705,23.66823227799614,28.95769302081901,586,3,86,0,4,,1,63,-7.824045658111572,5.767327785491943,-1.8016178607940674,OUTBOUND,-13.344534873962402,-0.12310647761421792,0.0031999999191612005
1,58,0.90625,1.4822100400924683,19.831008911132812,updated,1.1227740049362183,-0.3239428997039795,5.924891471862793,0.09266155958175659,0.09177927672863007,23.6989156009804,28.945501161226417,587,3,87,0,6,,0,64,-7.8240461349487305,5.804656505584717,-2.125063419342041,OUTBOUND,-13.322413444519043,-0.12050946021919508,0.0031999999191612005
1,52,0.8125,0.7097351551055908,19.785295486450195,updated,1.123111605644226,-0.3232822120189667,2.1861658096313477,0.05728323757648468,0.061773817986249924,23.730281533004018,28.933348912205773,588,3,88,0,12,,0,64,-7.8240461349487305,5.7916717529296875,-1.6723984479904175,OUTBOUND,-13.296337127685547,-0.10372682972135468,0.0031999999191612005
1,60,0.9375,1.1427912712097168,19.760650634765625,updated,1.123449683189392,-0.3259862959384918,9.800237655639648,1.352898359298706,1.3243231773376465,23.855129428004147,28.921179835938563,589,3,89,0,4,,2,62,-7.824045658111572,5.807732582092285,-1.982527494430542,OUTBOUND,-13.260021209716797,-0.1217220151577013,0.0031999999191612005
1,53,0.828125,0.9064862132072449,19.681228637695312,updated,1.123787760734558,-0.3242454528808594,10.992424964904785,3.284630537033081,3.2335495948791504,23.883494231005898,28.908990373762272,590,3,90,0,11,,2,62,-7.8240461349487305,5.785519123077393,-2.1783409118652344,OUTBOUND,-13.232146263122559,-0.15362345321089485,0.0031999999191612005
1,62,0.96875,0.642280638217926,19.692670822143555,updated,1.1241259574890137,-0.32317841053009033,16.899761199951172,0.09929567575454712,0.11683545261621475,23.90965366899036,28.896807233097125,591,3,91,0,2,,0,64,-7.824045658111572,5.769192218780518,-1.7959063053131104,OUTBOUND,-13.226258277893066,-0.1558241697721924,0.0031999999191612005
1,57,0.890625,0.8944401741027832,19.74271011352539,updated,1.124464511871338,-0.3296087980270386,15.318324089050293,0.14036962389945984,0.16591015458106995,23.942524120997405,28.884626479417562,592,3,92,0,7,,0,64,-7.8240461349487305,5.817030429840088,-1.8586620092391968,OUTBOUND,-13.200260162353516,-0.12815323831607742,0.0031999999191612005
1,59,0.921875,0.6848304867744446,19.716005325317383,updated,1.1248031854629517,-0.3264351189136505,5.028412818908691,2.6153361797332764,2.5724079608917236,24.084289978985908,28.87244812453014,593,3,93,0,5,,1,63,-7.8240461349487305,5.782743453979492,-1.7741458415985107,OUTBOUND,-13.201284408569336,-0.09395562148599593,0.0031999999191612005
1,57,0.890625,1.1977639198303223,19.72822380065918,updated,1.1251418590545654,-0.32634294033050537,5.45021390914917,1.3609628677368164,1.3487657308578491,24.11069281498203,28.860291772758355,594,3,94,0,7,,2,62,-7.8240461349487305,5.774833679199219,-1.4697767496109009,OUTBOUND,-13.210981369018555,-0.07500347533550242,0.0031999999191612005
1,58,0.90625,0.531276524066925,19.730037689208984,updated,1.1254802942276,-0.3247915804386139,9.4259614944458,2.6779661178588867,2.6229236125946045,24.136406336998334,28.84813006735704,595,3,95,0,6,,1,63,-7.8240461349487305,5.754592418670654,-1.8888096809387207,OUTBOUND,-13.22317123413086,-0.07681920827798738,0.0031999999191612005
1,57,0.890625,0.8977702856063843,19.808151245117188,updated,1.1258187294006348,-0.3281622529029846,21.10328483581543,0.1303950846195221,0.12310457229614258,24.160672010999406,28.83598151406819,596,3,96,0,7,,0,64,-7.8240461349487305,5.776099681854248,-1.7249486446380615,OUTBOUND,-13.251702308654785,-0.062059279268125704,0.0031999999191612005
1,56,0.875,1.2703860998153687,19.909223556518555,updated,1.1261570453643799,-0.32805296778678894,20.540897369384766,0.13851621747016907,0.11969281733036041,24.19044027198106,28.8238579525371,597,3,97,0,8,,0,64,-7.824045658111572,5.768134593963623,-1.5713671445846558,OUTBOUND,-13.321634292602539,-0.06180810128407171,0.0031999999191612005
1,56,0.875,1.1010794639587402,19.986135482788086,updated,1.126495361328125,-0.3282169997692108,12.816451072692871,0.12773939967155457,0.1131448894739151,24.227609321998898,28.81171323329081,598,3,98,0,8,,0,64,-7.824045658111572,5.762513160705566,-1.9174935817718506,OUTBOUND,-13.418892860412598,-0.08203001198819361,0.0031999999191612005
1,56,0.875,0.9403579235076904,20.08574104309082,updated,1.126833438873291,-0.3281538188457489,5.694486141204834,0.7141394019126892,0.6952086091041565,24.257269102992723,28.799568294876725,599,3,99,0,8,,1,63,-7.824045658111572,5.755017280578613,-1.9195815324783325,OUTBOUND,-13.51815128326416,-0.0693350892966218,0.0031999999191612005
0,58,0.90625,0.5488288998603821,20.22357940673828,updated,1.1271721124649048,-0.3363625109195709,5.275187015533447,0.6844797730445862,0.682062566280365,24.37823022599332,28.787432273513396,600,3,100,1,6,STALE_OR_INCOMPLETE_BUNDLE,1,63,-7.8240461349487305,5.816836833953857,-1.8633986711502075,OUTBOUND,-13.597281455993652,-0.05478999586668674,0.0031999999191612005
1,59,0.921875,0.7245098352432251,20.215208053588867,updated,1.127510905265808,-0.33249834179878235,14.256949424743652,2.78218674659729,2.7736096382141113,24.403210496995598,28.775276778257187,601,3,101,0,5,,1,63,-7.8240461349487305,5.7774858474731445,-1.9991284608840942,OUTBOUND,-13.660131454467773,-0.0589221171431095,0.0031999999191612005
1,59,0.921875,0.6196166276931763,20.284870147705078,updated,1.1278502941131592,-0.33838990330696106,14.517226219177246,2.7558422088623047,2.720947265625,24.428567156981444,28.763155827839643,602,3,102,0,5,,1,63,-7.8240461349487305,5.819622039794922,-2.0079309940338135,OUTBOUND,-13.701815605163574,-0.04475641130391743,0.0031999999191612005
1,61,0.953125,1.4154149293899536,20.198015213012695,updated,1.128189206123352,-0.32934439182281494,5.528844833374023,0.7209174633026123,0.7139915227890015,24.453988703986397,28.751053141441435,603,3,103,0,3,,1,63,-7.824045658111572,5.737386703491211,-1.770159125328064,OUTBOUND,-13.723748207092285,-0.03601555534303558,0.0031999999191612005
1,55,0.859375,1.0646690130233765,20.205944061279297,updated,1.1285276412963867,-0.33026745915412903,3.0023891925811768,0.03821258619427681,0.041610851883888245,24.480669666983886,28.738917757729855,604,3,104,0,9,,0,64,-7.8240461349487305,5.738221645355225,-1.659217119216919,OUTBOUND,-13.708663940429688,-0.05423876924675045,0.0031999999191612005
1,59,0.921875,0.9979339838027954,20.278358459472656,updated,1.1288666725158691,-0.33915990591049194,3.327833652496338,0.07483624666929245,0.08837797492742538,24.60576940898318,28.726800522341556,605,3,105,0,5,,0,64,-7.8240461349487305,5.804971694946289,-1.5879110097885132,OUTBOUND,-13.694404602050781,-0.07805274636709657,0.0031999999191612005
1,53,0.828125,0.7593517303466797,20.29518699645996,updated,1.129205584526062,-0.3350673317909241,5.662510871887207,0.04631779342889786,0.05907508358359337,24.631864192982903,28.714655064877906,606,3,106,0,11,,0,64,-7.8240461349487305,5.76425838470459,-2.066444158554077,OUTBOUND,-13.75105094909668,-0.1015789054253969,0.0031999999191612005
1,58,0.90625,0.4545508623123169,20.334287643432617,updated,1.1295448541641235,-0.3397805690765381,17.640594482421875,3.45017409324646,3.377842426300049,24.660550689004594,28.702502035870534,607,3,107,0,6,,2,62,-7.8240461349487305,5.796217918395996,-1.7301231622695923,OUTBOUND,-13.789824485778809,-0.10285807822595032,0.0031999999191612005
1,55,0.859375,1.4761872291564941,20.31610870361328,updated,1.1298843622207642,-0.33988386392593384,6.0058746337890625,0.05456777662038803,0.06850998103618622,24.6878085549979,28.69035365199089,608,3,108,0,9,,0,64,-7.8240461349487305,5.790170669555664,-2.1517016887664795,OUTBOUND,-13.769793510437012,-0.08145340629113208,0.0031999999191612005
1,58,0.90625,0.6615383625030518,20.28516387939453,updated,1.1302231550216675,-0.33229127526283264,3.5392332077026367,0.13963116705417633,0.14707329869270325,24.71370476199081,28.678209794986717,609,3,109,0,6,,0,64,-7.8240461349487305,5.721128463745117,-1.7561599016189575,OUTBOUND,-13.807334899902344,-0.052352357507844005,0.0031999999191612005
0,56,0.875,1.0286940336227417,20.366436004638672,updated,1.1305625438690186,-0.34283366799354553,10.166563987731934,0.10154354572296143,0.11818450689315796,24.840169053990394,28.666078461678865,610,3,110,1,8,WATCHDOG_DEADLINE,0,64,-7.824045658111572,5.800581932067871,-1.607785940170288,OUTBOUND,-13.779932975769043,-0.036389182639736124,0.0031999999191612005
1,59,0.921875,0.6660338044166565,20.408689498901367,updated,1.1309021711349487,-0.3425440192222595,11.559869766235352,0.0647975280880928,0.06906057894229889,24.864438508986495,28.653938620841057,611,3,111,0,5,,0,64,-7.8240461349487305,5.7913713455200195,-1.741896152496338,OUTBOUND,-13.82772159576416,-0.029700517974169376,0.0031999999191612005
1,56,0.875,0.8230767846107483,20.391544342041016,updated,1.1312421560287476,-0.3451499342918396,3.8173000812530518,2.871805191040039,2.827853202819824,24.8875364800042,28.641778730924344,612,3,112,0,8,,1,63,-7.824045658111572,5.8057403564453125,-1.8288946151733398,OUTBOUND,-13.7951078414917,-0.0318841608475357,0.0031999999191612005
1,56,0.875,0.587372362613678,20.46702003479004,updated,1.131582498550415,-0.3448229730129242,9.918851852416992,0.05935026705265045,0.06785769015550613,24.911507232987788,28.629639164188674,613,3,113,0,8,,0,64,-7.824045658111572,5.796248435974121,-1.9179607629776,OUTBOUND,-13.857081413269043,-0.025207074309125287,0.0031999999191612005
1,58,0.90625,0.5682613253593445,20.4154052734375,updated,1.1319224834442139,-0.3402691185474396,8.960728645324707,2.9240760803222656,2.8740322589874268,24.935596684983466,28.61750403906348,614,3,114,0,6,,1,63,-7.8240461349487305,5.752606391906738,-1.8734349012374878,OUTBOUND,-13.892783164978027,0.007322349715391996,0.0031999999191612005
1,59,0.921875,0.9036375880241394,20.503694534301758,updated,1.1322630643844604,-0.3482094705104828,2.994560480117798,2.888068914413452,2.8402955532073975,24.960393769986695,28.605370992300177,615,3,115,0,5,,1,63,-7.8240461349487305,5.810009956359863,-1.7809721231460571,OUTBOUND,-13.91215991973877,0.010934593491812427,0.0031999999191612005
1,57,0.890625,1.1929285526275635,20.474088668823242,updated,1.1326030492782593,-0.33918407559394836,8.31008243560791,2.9384727478027344,2.9164254665374756,24.98658979398897,28.593255630597938,616,3,116,0,7,,1,63,-7.8240461349487305,5.730547904968262,-1.7358547449111938,OUTBOUND,-13.997403144836426,-0.0037119998904659008,0.0031999999191612005
0,57,0.890625,0.8962456583976746,20.489883422851562,updated,1.132943034172058,-0.34423741698265076,14.212930679321289,0.08661910891532898,0.08298657089471817,25.105308800004423,28.581107436675847,617,3,117,1,7,WATCHDOG_DEADLINE,0,64,-7.8240461349487305,5.764546871185303,-1.7534011602401733,OUTBOUND,-13.93490219116211,-0.01636079679746605,0.0031999999191612005
1,54,0.84375,0.4680621325969696,20.547168731689453,updated,1.1332836151123047,-0.35279175639152527,8.08537483215332,2.864288568496704,2.81673264503479,25.129418930999236,28.56894960801699,618,3,118,0,10,,1,63,-7.824046611785889,5.82643461227417,-1.810151219367981,OUTBOUND,-13.953259468078613,-0.04553674944279199,0.0031999999191612005
1,54,0.84375,1.0178951025009155,20.570777893066406,updated,1.1336246728897095,-0.3509633541107178,15.914433479309082,0.11091318726539612,0.11102528870105743,25.156178834004095,28.556800459306874,619,3,119,0,10,,0,64,-7.824046611785889,5.805029392242432,-2.016258716583252,OUTBOUND,-13.962459564208984,-0.07941880214912762,0.0031999999191612005
1,57,0.890625,0.9576497673988342,20.643840789794922,updated,1.133966326713562,-0.35455620288848877,11.946725845336914,0.10727152228355408,0.1092437282204628,25.179463060980197,28.544637994012678,620,3,120,0,7,,0,64,-7.8240461349487305,5.82694673538208,-1.833412528038025,OUTBOUND,-13.99705696105957,-0.09235706888743721,0.0031999999191612005
1,57,0.890625,0.6361795663833618,20.699678421020508,updated,1.134308099746704,-0.3499177396297455,15.191985130310059,0.0798153430223465,0.07631497085094452,25.20198118299595,28.53245679953429,621,3,121,0,7,,0,64,-7.8240461349487305,5.783276081085205,-1.6603236198425293,OUTBOUND,-14.07589340209961,-0.09921447602036236,0.0031999999191612005
1,57,0.890625,0.6057117581367493,20.724157333374023,updated,1.1346501111984253,-0.3532330095767975,25.07476234436035,5.828429222106934,5.754632472991943,25.3141522629885,28.520295751257798,622,3,122,0,7,,2,62,-7.8240461349487305,5.802928924560547,-1.9998483657836914,OUTBOUND,-14.1279878616333,-0.1104998584025173,0.0031999999191612005
1,57,0.890625,1.1136540174484253,20.73609733581543,updated,1.1349925994873047,-0.35702285170555115,3.0508151054382324,3.0080718994140625,2.955414295196533,25.336385785980383,28.508113610373233,623,3,123,0,7,,1,63,-7.8240461349487305,5.826240539550781,-1.8225598335266113,OUTBOUND,-14.125446319580078,-0.09231390293656892,0.0031999999191612005
1,58,0.90625,0.9970335364341736,20.775571823120117,updated,1.1353352069854736,-0.35382333397865295,4.284924030303955,0.7049496173858643,0.6972483992576599,25.369054696988314,28.49598181426393,624,3,124,0,6,,1,63,-7.8240461349487305,5.794235706329346,-2.076455593109131,OUTBOUND,-14.168601036071777,-0.060763012380510684,0.0031999999191612005
1,60,0.9375,1.1639683246612549,20.743818283081055,updated,1.135677456855774,-0.3489876091480255,9.958695411682129,0.08217979967594147,0.08214419335126877,25.396175161004066,28.483878872093545,625,3,125,0,4,,0,64,-7.824045658111572,5.74949312210083,-1.6390961408615112,OUTBOUND,-14.183448791503906,-0.0344698552994663,0.0031999999191612005
1,58,0.90625,0.6063919067382812,20.823375701904297,updated,1.1360195875167847,-0.352596253156662,13.673837661743164,0.08631767332553864,0.09568500518798828,25.422703983989777,28.47175912290189,626,3,126,0,6,,0,64,-7.8240461349487305,5.771342754364014,-1.6838616132736206,OUTBOUND,-14.202432632446289,-0.019648252386183757,0.0031999999191612005
0,61,0.953125,1.0494801998138428,20.858121871948242,updated,1.1363617181777954,-0.3543061316013336,1.0517990589141846,0.7266972064971924,0.715911328792572,25.5431547339831,28.459650275999323,627,3,127,1,3,WATCHDOG_DEADLINE,1,63,-7.824045658111572,5.778205871582031,-1.6210442781448364,OUTBOUND,-14.248943328857422,-0.026357228996937796,0.0031999999191612005
1,54,0.84375,0.9969788789749146,20.932044982910156,updated,1.1367043256759644,-0.3595753014087677,8.537181854248047,0.056966688483953476,0.06477150321006775,25.57139904599171,28.447547467505633,628,3,128,0,10,,0,64,-7.824046611785889,5.812880516052246,-1.7174031734466553,OUTBOUND,-14.279484748840332,-0.03548613060449585,0.0031999999191612005
1,56,0.875,0.4547274708747864,20.981962203979492,updated,1.1370471715927124,-0.3594786524772644,7.840332508087158,3.04609751701355,3.01246976852417,25.594995837978786,28.43544053190304,629,3,129,0,8,,1,63,-7.824045658111572,5.805509090423584,-1.7304757833480835,OUTBOUND,-14.333033561706543,-0.035451405556490144,0.0031999999191612005
1,58,0.90625,0.5200871229171753,20.99463653564453,updated,1.1373902559280396,-0.3603416979312897,1.3757573366165161,0.7162883877754211,0.7082458734512329,25.620432163006626,28.423350473455585,630,3,130,0,6,,1,63,-7.8240461349487305,5.805642127990723,-1.9156348705291748,OUTBOUND,-14.368359565734863,-0.0324576223331293,0.0031999999191612005
1,54,0.84375,1.1278905868530273,21.046724319458008,updated,1.1377333402633667,-0.35756972432136536,5.4550886154174805,0.051240161061286926,0.05404602736234665,25.644081075006397,28.411280279845467,631,3,131,0,10,,0,64,-7.824046611785889,5.777533531188965,-1.7778245210647583,OUTBOUND,-14.419700622558594,-0.0344932111441605,0.0031999999191612005
1,59,0.921875,0.43526411056518555,21.046354293823242,updated,1.1380763053894043,-0.3578270375728607,5.18072509765625,0.04685535654425621,0.05119892209768295,25.66661894597928,28.39920256262123,632,3,132,0,5,,0,64,-7.8240461349487305,5.773035526275635,-1.826567530632019,OUTBOUND,-14.447088241577148,-0.04235267238328577,0.0031999999191612005
1,57,0.890625,0.7998735904693604,21.135129928588867,updated,1.138419508934021,-0.3629222810268402,0.8569434881210327,0.7268438339233398,0.7236685752868652,25.692283885990037,28.38713628630534,633,3,133,0,7,,1,63,-7.8240461349487305,5.805968284606934,-1.802513837814331,OUTBOUND,-14.479225158691406,-0.05446497794071468,0.0031999999191612005
0,52,0.8125,1.3048888444900513,21.116086959838867,updated,1.1387627124786377,-0.3595552146434784,6.43731164932251,0.062146998941898346,0.06752429902553558,25.808246939996025,28.375035884195224,634,3,134,1,12,WATCHDOG_DEADLINE,0,64,-7.8240461349487305,5.773468971252441,-1.7592053413391113,OUTBOUND,-14.501315116882324,-0.06310065275156128,0.0031999999191612005
1,61,0.953125,0.7355529069900513,21.206722259521484,updated,1.1391063928604126,-0.3674607276916504,6.803724765777588,0.7234472632408142,0.7151938080787659,25.8352439099981,28.36293898417333,635,3,135,0,3,,1,63,-7.824045658111572,5.827875137329102,-1.911512017250061,OUTBOUND,-14.541216850280762,-0.04420307388624742,0.0031999999191612005
1,56,0.875,0.4029662609100342,21.178983688354492,updated,1.1394504308700562,-0.3648300766944885,5.9402689933776855,0.0587678998708725,0.06491705775260925,25.858581024978776,28.350870213624905,636,3,136,0,8,,0,64,-7.824045658111572,5.8011250495910645,-1.7508693933486938,OUTBOUND,-14.538190841674805,-0.03635200240416126,0.0031999999191612005
1,57,0.890625,1.3976112604141235,21.25697135925293,updated,1.1397947072982788,-0.36755549907684326,4.470565319061279,0.703896164894104,0.6969491243362427,25.887121128005674,28.338784599476334,637,3,137,0,7,,1,63,-7.8240461349487305,5.815524578094482,-2.2759768962860107,OUTBOUND,-14.615238189697266,-0.042785140215345734,0.0031999999191612005
1,57,0.890625,0.6288895010948181,21.179906845092773,updated,1.1401389837265015,-0.3648011386394501,13.932149887084961,3.15519118309021,3.1292548179626465,25.913890297000762,28.326671363775343,638,3,138,0,7,,1,63,-7.8240461349487305,5.787973880767822,-1.9304591417312622,OUTBOUND,-14.597248077392578,-0.019384753826882612,0.0031999999191612005
1,57,0.890625,0.8977805972099304,21.190977096557617,updated,1.1404832601547241,-0.3656092882156372,9.261861801147461,3.132866859436035,3.09059476852417,26.044075340003474,28.314587084389455,639,3,139,0,7,,1,63,-7.8240461349487305,5.787714958190918,-1.6874284744262695,OUTBOUND,-14.60498046875,0.009857400242601452,0.0031999999191612005
1,56,0.875,1.1391156911849976,21.19245719909668,updated,1.140826940536499,-0.3595310151576996,12.418710708618164,0.08195723593235016,0.09105055779218674,26.073644761985634,28.30249999304831,640,3,140,0,8,,0,64,-7.824045658111572,5.735073566436768,-1.6241686344146729,OUTBOUND,-14.637676239013672,0.03232812680652572,0.0031999999191612005
1,60,0.9375,0.7240681052207947,21.2178955078125,updated,1.1411701440811157,-0.3618042767047882,13.200671195983887,0.08142461627721786,0.08611336350440979,26.09908937299042,28.29038561267651,641,3,141,0,4,,0,64,-7.824045658111572,5.746072292327881,-1.7379597425460815,OUTBOUND,-14.637510299682617,0.019165718025962425,0.0031999999191612005
1,59,0.921875,0.740220308303833,21.31529998779297,updated,1.141513466835022,-0.3665483891963959,11.250113487243652,0.07823058217763901,0.0779070109128952,26.129186359990854,28.278289726487284,642,3,142,0,5,,0,64,-7.8240461349487305,5.775742053985596,-1.755063533782959,OUTBOUND,-14.68605899810791,0.0036649605421357045,0.0031999999191612005
1,60,0.9375,0.5946587324142456,21.363889694213867,updated,1.1418570280075073,-0.370466411113739,13.412322998046875,0.08425861597061157,0.09594165533781052,26.156934661004925,28.266196612121853,643,3,143,0,4,,0,64,-7.824045658111572,5.799036502838135,-1.8123608827590942,OUTBOUND,-14.683996200561523,-0.0007724664085459952,0.0031999999191612005
0,55,0.859375,0.9406659603118896,21.369314193725586,updated,1.1422003507614136,-0.3655667304992676,12.352845191955566,3.8268814086914062,3.7631828784942627,26.279659955995157,28.25408949507765,644,3,144,1,9,WATCHDOG_DEADLINE,2,62,-7.8240461349487305,5.755751609802246,-1.5619614124298096,OUTBOUND,-14.743657112121582,-0.030670986409607304,0.0031999999191612005
1,58,0.90625,1.19415283203125,21.461610794067383,updated,1.1425442695617676,-0.37554702162742615,9.196403503417969,0.04904570430517197,0.053900670260190964,26.302047456003493,28.241974828619735,645,3,145,0,6,,0,64,-7.8240461349487305,5.824584484100342,-2.088984251022339,OUTBOUND,-14.759744644165039,-0.060929925873152324,0.0031999999191612005
1,58,0.90625,0.6852389574050903,21.421855926513672,updated,1.1428879499435425,-0.3670448958873749,7.5482683181762695,3.2484917640686035,3.2118585109710693,26.325035168003524,28.22986394151692,646,3,146,0,6,,1,63,-7.8240461349487305,5.754400253295898,-1.6441895961761475,OUTBOUND,-14.81031322479248,-0.0722290434152525,0.0031999999191612005
1,58,0.90625,0.8764305114746094,21.41412353515625,updated,1.1432310342788696,-0.3640850782394409,9.776573181152344,0.05931393802165985,0.05982520431280136,26.350001254992094,28.217763943966858,647,3,147,0,6,,0,64,-7.8240461349487305,5.726037979125977,-1.8439929485321045,OUTBOUND,-14.83692455291748,-0.06806276570086067,0.0031999999191612005
1,60,0.9375,1.1290667057037354,21.531526565551758,updated,1.1435741186141968,-0.37031468749046326,9.66544246673584,0.0633057951927185,0.06341860443353653,26.37333861598745,28.20567639192721,648,3,148,0,4,,0,64,-7.824045658111572,5.766463279724121,-1.7649508714675903,OUTBOUND,-14.886587142944336,-0.04448266746504023,0.0031999999191612005
1,60,0.9375,0.8047974109649658,21.566913604736328,updated,1.1439173221588135,-0.373860239982605,3.3979060649871826,0.06596234440803528,0.06966658681631088,26.39723439599038,28.19362131106144,649,3,149,0,4,,0,64,-7.824045658111572,5.786705017089844,-1.839868426322937,OUTBOUND,-14.906915664672852,-0.02567186919134265,0.0031999999191612005
1,53,0.828125,0.5012954473495483,21.67045783996582,updated,1.1442610025405884,-0.37634584307670593,5.589141845703125,0.04784027859568596,0.0577998124063015,26.421851650986355,28.181568309573283,650,3,150,0,11,,0,64,-7.8240461349487305,5.7989702224731445,-1.7935185432434082,OUTBOUND,-14.97855281829834,-0.03932152634177404,0.0031999999191612005
0,59,0.921875,1.0188257694244385,21.693450927734375,updated,1.1446045637130737,-0.3721262514591217,4.851490020751953,0.10373645275831223,0.11039042472839355,26.542089809983736,28.169477557815082,651,3,151,1,5,WATCHDOG_DEADLINE,0,64,-7.8240461349487305,5.761419773101807,-1.7443403005599976,OUTBOUND,-15.045190811157227,-0.061401799187751044,0.0031999999191612005
1,60,0.9375,1.201340675354004,21.68160057067871,updated,1.1449482440948486,-0.3756159842014313,20.577425003051758,3.3369596004486084,3.2782602310180664,26.566330561996438,28.157377906220166,652,3,152,0,4,,1,63,-7.824045658111572,5.781121253967285,-1.5559207201004028,OUTBOUND,-15.060201644897461,-0.059299634243010046,0.0031999999191612005
1,57,0.890625,0.8502159118652344,21.715290069580078,updated,1.145292043685913,-0.37702876329421997,0.9916297197341919,0.18299901485443115,0.18513743579387665,26.593925199005753,28.145275532301394,653,3,153,0,7,,0,64,-7.8240461349487305,5.7853899002075195,-1.704882264137268,OUTBOUND,-15.071413040161133,-0.05751635655211944,0.0031999999191612005
1,59,0.921875,0.6806902289390564,21.702133178710938,updated,1.1456360816955566,-0.3778955638408661,5.534557819366455,0.04313715919852257,0.044511567801237106,26.61722707399167,28.133165178941184,654,3,154,0,5,,0,64,-7.8240461349487305,5.785614013671875,-2.060516119003296,OUTBOUND,-15.058670043945312,-0.0839106040180823,0.0031999999191612005
1,54,0.84375,0.7237948775291443,21.721410751342773,updated,1.1459802389144897,-0.37769970297813416,3.3028323650360107,0.08854451030492783,0.08966521918773651,26.641629861987894,28.121014666674277,655,3,155,0,10,,0,64,-7.824046611785889,5.77802038192749,-1.7387282848358154,OUTBOUND,-15.07102108001709,-0.0746451697563579,0.0031999999191612005
1,59,0.921875,0.5238281488418579,21.72555923461914,updated,1.1463245153427124,-0.37898823618888855,2.1795880794525146,0.11875900626182556,0.11758159101009369,26.76986300299177,28.108920498810193,656,3,156,0,5,,0,64,-7.8240461349487305,5.78135347366333,-1.9709759950637817,OUTBOUND,-15.08704662322998,-0.04732937891153042,0.0031999999191612005
1,59,0.921875,0.6339618563652039,21.771621704101562,updated,1.146668791770935,-0.37859413027763367,8.268354415893555,0.07765872031450272,0.08146703988313675,26.79796419100603,28.096815051387892,657,3,157,0,5,,0,64,-7.8240461349487305,5.7723493576049805,-1.6898136138916016,OUTBOUND,-15.12176513671875,-0.037647521528666954,0.0031999999191612005
1,56,0.875,0.7270522117614746,21.8043155670166,updated,1.1470131874084473,-0.37984684109687805,4.673409461975098,0.11192731559276581,0.11193700134754181,26.827222341002198,28.08469026826826,658,3,158,0,8,,0,64,-7.824045658111572,5.77541971206665,-1.6277673244476318,OUTBOUND,-15.143960952758789,-0.02654823884644224,0.0031999999191612005
1,55,0.859375,0.7009117603302002,21.81122398376465,updated,1.1473571062088013,-0.3763893246650696,3.752645969390869,0.08556383103132248,0.08955686539411545,26.854486522992374,28.07254989903772,659,3,159,0,9,,0,64,-7.8240461349487305,5.744136810302734,-1.883752703666687,OUTBOUND,-15.18310260772705,-0.014687879104429818,0.0031999999191612005
1,54,0.84375,0.844805121421814,21.869014739990234,updated,1.1477012634277344,-0.3810613751411438,5.2129716873168945,0.06659622490406036,0.07294788956642151,26.879371678980533,28.060396890448068,660,3,160,0,10,,0,64,-7.824046611785889,5.7721381187438965,-1.5962165594100952,OUTBOUND,-15.197713851928711,-0.01396151313906089,0.0031999999191612005
0,58,0.90625,0.7136157751083374,21.93212890625,updated,1.1480454206466675,-0.3817386329174042,6.840016841888428,0.05997384339570999,0.06378378719091415,27.01244256098289,28.04825494124894,661,3,161,1,6,WATCHDOG_DEADLINE,0,64,-7.8240461349487305,5.771020412445068,-1.7358919382095337,OUTBOUND,-15.271625518798828,-0.04291554600886648,0.0031999999191612005
1,59,0.921875,1.0182969570159912,22.05124855041504,updated,1.148390293121338,-0.39027392864227295,5.56663179397583,0.0510333850979805,0.05189421772956848,27.03910156598431,28.036137070911387,662,3,162,0,5,,0,64,-7.8240461349487305,5.826825141906738,-1.9600133895874023,OUTBOUND,-15.310495376586914,-0.06451715138666539,0.0031999999191612005
1,60,0.9375,0.49855396151542664,22.00927734375,updated,1.1487352848052979,-0.38474711775779724,2.6937694549560547,0.08574772626161575,0.09493079781532288,27.069173580995994,28.02401645638704,663,3,163,0,4,,0,64,-7.824045658111572,5.7807440757751465,-1.689752221107483,OUTBOUND,-15.32876968383789,-0.07275865759481324,0.0031999999191612005
1,61,0.953125,0.7201591730117798,21.9965763092041,updated,1.1490801572799683,-0.3830294907093048,1.2048920392990112,0.08513066172599792,0.08848686516284943,27.096406836993992,28.01188169554781,664,3,164,0,3,,0,64,-7.824045658111572,5.762332439422607,-1.697306513786316,OUTBOUND,-15.33525276184082,-0.0848559601134375,0.0031999999191612005
1,58,0.90625,0.8194231390953064,22.037080764770508,updated,1.149424433708191,-0.37692680954933167,2.0188348293304443,0.058520782738924026,0.06542099267244339,27.118524622987024,27.999773865661115,665,3,165,0,6,,0,64,-7.8240461349487305,5.712449073791504,-1.8295717239379883,OUTBOUND,-15.436381340026855,-0.0806610608107105,0.0031999999191612005
1,61,0.953125,0.6426296830177307,22.105552673339844,updated,1.1497687101364136,-0.38528740406036377,0.6452653408050537,0.05076458305120468,0.05616185814142227,27.146143371996004,27.987687386201795,666,3,166,0,3,,0,64,-7.824045658111572,5.766651153564453,-1.6517243385314941,OUTBOUND,-15.448566436767578,-0.08122588657194221,0.0031999999191612005
1,60,0.9375,0.3821012079715729,22.178071975708008,updated,1.1501134634017944,-0.3912671208381653,2.1079607009887695,0.05924864113330841,0.06674553453922272,27.17493517100229,27.975577310206624,667,3,167,0,4,,0,64,-7.824045658111572,5.803560256958008,-1.920833945274353,OUTBOUND,-15.473367691040039,-0.07541265264060243,0.0031999999191612005
0,55,0.859375,0.7104473114013672,22.128467559814453,updated,1.1504580974578857,-0.3850988447666168,15.866129875183105,3.565000057220459,3.535980701446533,27.29871322499821,27.96347970995864,668,3,168,1,9,WATCHDOG_DEADLINE,1,63,-7.8240461349487305,5.753448486328125,-1.657623529434204,OUTBOUND,-15.50743579864502,-0.07838003793910839,0.0031999999191612005
1,61,0.953125,0.7094405293464661,22.1238956451416,updated,1.150802493095398,-0.3860403299331665,3.5056822299957275,0.04342137277126312,0.04703335464000702,27.32056495899451,27.951361481788005,669,3,169,0,3,,0,64,-7.824045658111572,5.754279613494873,-1.9113026857376099,OUTBOUND,-15.505916595458984,-0.10380860527194036,0.0031999999191612005
1,58,0.90625,1.031282663345337,22.160303115844727,updated,1.151147723197937,-0.3952360153198242,14.069993019104004,3.5442955493927,3.500366449356079,27.34566954697948,27.93926365442116,670,3,170,0,6,,1,63,-7.8240461349487305,5.813877582550049,-2.068321943283081,OUTBOUND,-15.491161346435547,-0.12239979661944522,0.0031999999191612005
1,57,0.890625,0.6203601956367493,22.149627685546875,updated,1.1514928340911865,-0.3899252712726593,9.774538040161133,0.0602550208568573,0.06896437704563141,27.373896849981975,27.927151015012562,671,3,171,0,7,,0,64,-7.8240461349487305,5.770153999328613,-1.9894800186157227,OUTBOUND,-15.506330490112305,-0.13907399179756819,0.0031999999191612005
1,58,0.90625,0.9482117295265198,22.125028610229492,updated,1.151837944984436,-0.3886775076389313,9.824305534362793,0.0735497698187828,0.08550147712230682,27.39816583498032,27.9150344098736,672,3,172,0,6,,0,64,-7.8240461349487305,5.755420684814453,-1.7461190223693848,OUTBOUND,-15.475154876708984,-0.13786693465490737,0.0031999999191612005
1,58,0.90625,0.6278437972068787,22.164844512939453,updated,1.1521824598312378,-0.3853273093700409,10.591187477111816,0.06380818039178848,0.06645108014345169,27.529363604000537,27.902915722516518,673,3,173,0,6,,0,64,-7.8240461349487305,5.725880146026611,-2.0576388835906982,OUTBOUND,-15.549162864685059,-0.11314199049433886,0.0031999999191612005
1,60,0.9375,1.1383270025253296,22.298410415649414,updated,1.1525276899337769,-0.39794495701789856,12.249688148498535,0.0774914026260376,0.07867154479026794,27.556165154994233,27.890813015030023,674,3,174,0,4,,0,64,-7.824045658111572,5.809195518493652,-2.036649465560913,OUTBOUND,-15.555736541748047,-0.07569825780521644,0.0031999999191612005
1,56,0.875,0.6252956390380859,22.294078826904297,updated,1.1528733968734741,-0.3976367115974426,21.842124938964844,4.266898155212402,4.22654390335083,27.584162613988155,27.87875077599205,675,3,175,0,8,,2,62,-7.824045658111572,5.801096439361572,-1.9075928926467896,OUTBOUND,-15.590934753417969,-0.06190396556547555,0.0031999999191612005
1,59,0.921875,1.0425411462783813,22.25481414794922,updated,1.1532195806503296,-0.39910367131233215,8.571853637695312,3.673576593399048,3.649702310562134,27.61375949799549,27.866682697420284,676,3,176,0,5,,1,63,-7.8240461349487305,5.8055033683776855,-1.7763259410858154,OUTBOUND,-15.561004638671875,-0.06388514587719692,0.0031999999191612005
1,59,0.921875,0.6853249073028564,22.305641174316406,updated,1.1535660028457642,-0.3984435498714447,16.612098693847656,0.10065684467554092,0.10496680438518524,27.636630018998403,27.85461202143669,677,3,177,0,5,,0,64,-7.8240461349487305,5.7949652671813965,-1.6159361600875854,OUTBOUND,-15.592484474182129,-0.042597877951747354,0.0031999999191612005
0,57,0.890625,0.5861313343048096,22.397289276123047,updated,1.153912901878357,-0.40133893489837646,8.647618293762207,0.06287123262882233,0.05882854014635086,27.758184977981728,27.84252466318735,678,3,178,1,7,WATCHDOG_DEADLINE,0,64,-7.8240461349487305,5.809356212615967,-1.5649718046188354,OUTBOUND,-15.65213680267334,-0.03986871929905457,0.0031999999191612005
1,58,0.90625,0.5677458047866821,22.406190872192383,updated,1.1542601585388184,-0.40130358934402466,7.860302448272705,0.7498257756233215,0.7317261099815369,27.78010342599009,27.830452709147348,679,3,179,0,6,,1,63,-7.8240461349487305,5.803208351135254,-1.8468650579452515,OUTBOUND,-15.667234420776367,-0.05370629872767527,0.0031999999191612005
1,55,0.859375,1.370705008506775,22.496070861816406,updated,1.1546083688735962,-0.40944546461105347,9.715721130371094,0.07108039408922195,0.07724061608314514,27.802923707989976,27.818364407483177,680,3,180,0,9,,0,64,-7.8240461349487305,5.854082107543945,-2.0788650512695312,OUTBOUND,-15.668074607849121,-0.05535266685304308,0.0031999999191612005
1,57,0.890625,1.1969244480133057,22.481266021728516,updated,1.1549566984176636,-0.4012293219566345,5.496943950653076,0.7644165754318237,0.7619832754135132,27.830414351978106,27.80625028652747,681,3,181,0,7,,1,63,-7.8240461349487305,5.790942668914795,-1.818269968032837,OUTBOUND,-15.730243682861328,-0.0399836432581647,0.0031999999191612005
1,60,0.9375,0.7483679056167603,22.590373992919922,updated,1.1553053855895996,-0.4049077332019806,7.848233699798584,0.08936227858066559,0.08878452330827713,27.853703437984223,27.794141560902634,682,3,182,0,4,,0,64,-7.824045658111572,5.810632228851318,-1.8698631525039673,OUTBOUND,-15.820647239685059,-0.0092231491498716,0.0031999999191612005
1,51,0.796875,0.6496843695640564,22.677968978881836,updated,1.1556540727615356,-0.4037281572818756,1.9142862558364868,0.0371691957116127,0.04054095223546028,27.876607079000678,27.782020320631045,683,3,183,0,13,,0,64,-7.824045658111572,5.796586036682129,-1.724320411682129,OUTBOUND,-15.898751258850098,0.01747961391113572,0.0031999999191612005
1,60,0.9375,0.7895362377166748,22.609413146972656,updated,1.1560025215148926,-0.39917340874671936,22.107803344726562,3.7495293617248535,3.7264788150787354,27.902399943995988,27.76989399504599,684,3,184,0,4,,1,63,-7.824045658111572,5.759266376495361,-1.67799711227417,OUTBOUND,-15.939841270446777,0.035414181439160135,0.0031999999191612005
0,58,0.90625,1.1655939817428589,22.631912231445312,updated,1.15635085105896,-0.40051156282424927,2.952695608139038,0.06776753067970276,0.07516098767518997,28.0262426599802,27.75769747863305,685,3,185,1,6,WATCHDOG_DEADLINE,0,64,-7.8240461349487305,5.762758255004883,-1.6046181917190552,OUTBOUND,-15.947783470153809,0.005481080289608746,0.0031999999191612005
1,55,0.859375,0.8264279961585999,22.655466079711914,updated,1.156699299812317,-0.4062553346157074,13.610562324523926,3.727788209915161,3.668271064758301,28.050640867004404,27.745535157261457,686,3,186,0,9,,1,63,-7.8240461349487305,5.796569347381592,-1.7657808065414429,OUTBOUND,-15.955562591552734,-0.029117378703226327,0.0031999999191612005
1,57,0.890625,0.835868239402771,22.607494354248047,updated,1.1570472717285156,-0.39918604493141174,2.6054844856262207,0.7374975681304932,0.7231515049934387,28.07292243198026,27.73340943925665,687,3,187,0,7,,1,63,-7.8240461349487305,5.742218017578125,-1.6586698293685913,OUTBOUND,-15.979970932006836,-0.05290834454221414,0.0031999999191612005
1,60,0.9375,0.7046155333518982,22.645673751831055,updated,1.1573952436447144,-0.40518298745155334,10.245091438293457,0.09505672752857208,0.11221036314964294,28.09666932199616,27.721301701105034,688,3,188,0,4,,0,64,-7.824045658111572,5.777675151824951,-1.5817264318466187,OUTBOUND,-15.948711395263672,-0.09015356077233785,0.0031999999191612005
1,58,0.90625,0.5028917193412781,22.673664093017578,updated,1.1577433347702026,-0.406377911567688,5.283729553222656,0.1537899672985077,0.16843461990356445,28.12162596199778,27.70919884754798,689,3,189,0,6,,0,64,-7.8240461349487305,5.780135154724121,-1.8014827966690063,OUTBOUND,-15.971756935119629,-0.08281509385865726,0.0031999999191612005
1,55,0.859375,0.7135952115058899,22.717233657836914,updated,1.158091425895691,-0.4076910614967346,12.424535751342773,0.06794934719800949,0.07843449711799622,28.258629271993414,27.69711700121705,690,3,190,0,9,,0,64,-7.8240461349487305,5.783392906188965,-1.599799394607544,OUTBOUND,-15.982306480407715,-0.06791551500712073,0.0031999999191612005
1,60,0.9375,0.6867755055427551,22.78318214416504,updated,1.158440113067627,-0.413303017616272,8.73701286315918,3.809488534927368,3.7609972953796387,28.286820829991484,27.685029728783526,691,3,191,0,4,,1,63,-7.824045658111572,5.8159260749816895,-1.7355552911758423,OUTBOUND,-16.02984619140625,-0.08634552262209111,0.0031999999191612005
1,58,0.90625,0.5366255640983582,22.77098846435547,updated,1.1587889194488525,-0.40968549251556396,11.239347457885742,0.05814670771360397,0.0644478052854538,28.308749652002007,27.672932414508658,692,3,192,0,6,,0,64,-7.8240461349487305,5.785566806793213,-1.6947368383407593,OUTBOUND,-16.0296630859375,-0.1172579144172236,0.0031999999191612005
1,59,0.921875,0.6074102520942688,22.8284969329834,updated,1.1591376066207886,-0.40762096643447876,14.181791305541992,0.08441195636987686,0.08550097048282623,28.337746673991205,27.66082130631942,693,3,193,0,5,,0,64,-7.8240461349487305,5.765868186950684,-1.586424469947815,OUTBOUND,-16.0970458984375,-0.14930573995897278,0.0031999999191612005
1,58,0.90625,0.8409183621406555,22.878681182861328,updated,1.159485936164856,-0.4071389436721802,10.637989044189453,0.07375641167163849,0.07827580720186234,28.36738806698122,27.648682572652042,694,3,194,0,6,,0,64,-7.8240461349487305,5.756969451904297,-1.6695153713226318,OUTBOUND,-16.141273498535156,-0.15264009978238327,0.0031999999191612005
0,58,0.90625,1.2424004077911377,22.858234405517578,updated,1.159833550453186,-0.4007493257522583,14.463624000549316,3.8267548084259033,3.7888453006744385,28.503314557980048,27.636549665386063,695,3,195,1,6,WATCHDOG_DEADLINE,1,63,-7.8240461349487305,5.708191394805908,-1.317700982093811,OUTBOUND,-16.203847885131836,-0.14598913316889223,0.0031999999191612005
1,58,0.90625,0.8295679092407227,22.9122314453125,updated,1.1601808071136475,-0.4052183926105499,7.747268199920654,0.05693529173731804,0.05633602291345596,28.52938880599686,27.62441738727827,696,3,196,0,6,,0,64,-7.8240461349487305,5.732855796813965,-1.8492178916931152,OUTBOUND,-16.212791442871094,-0.15796212975356808,0.0031999999191612005
1,59,0.921875,0.7579159736633301,23.081865310668945,updated,1.1605281829833984,-0.4119258522987366,4.699674606323242,0.06540490686893463,0.06158320978283882,28.561113692994695,27.612280037774696,697,3,197,0,5,,0,64,-7.8240461349487305,5.772495746612549,-1.6008940935134888,OUTBOUND,-16.328128814697266,-0.1428487223773313,0.0031999999191612005
1,56,0.875,1.4793570041656494,23.01072120666504,updated,1.1608750820159912,-0.40638068318367004,6.614288806915283,0.7828114628791809,0.7793352603912354,28.587215174979065,27.600181659448165,698,3,198,0,8,,1,63,-7.824045658111572,5.729672908782959,-1.8214696645736694,OUTBOUND,-16.328594207763672,-0.13736802255235248,0.0031999999191612005
1,58,0.90625,0.7102588415145874,23.11637306213379,updated,1.1612223386764526,-0.414684534072876,22.587921142578125,3.893831253051758,3.853189468383789,28.61334254598478,27.588050155431812,699,3,199,0,6,,1,63,-7.8240461349487305,5.77987003326416,-1.8072187900543213,OUTBOUND,-16.401466369628906,-0.1595760088195419,0.0031999999191612005
1,55,0.859375,0.6991791129112244,23.072782516479492,updated,1.1615698337554932,-0.4151248633861542,6.484653472900391,0.7492058277130127,0.7382742166519165,28.643657346983673,27.575933389198262,700,3,200,0,9,,1,63,-7.8240461349487305,5.777252674102783,-1.9211854934692383,OUTBOUND,-16.372533798217773,-0.15958053304283315,0.0031999999191612005
1,60,0.9375,1.7245901823043823,23.03118324279785,updated,1.161916971206665,-0.41025787591934204,9.125223159790039,0.09660305827856064,0.10093279182910919,28.674579721991904,27.56381794479321,701,3,201,0,4,,0,64,-7.824045658111572,5.73921012878418,-2.353140354156494,OUTBOUND,-16.36907386779785,-0.16044261493610384,0.0031999999191612005
0,59,0.921875,1.2803256511688232,22.995044708251953,updated,1.1622639894485474,-0.4113258421421051,13.60650634765625,0.09009077399969101,0.1081836149096489,28.79423583098105,27.551683376986638,702,3,202,1,5,WATCHDOG_DEADLINE,0,64,-7.8240461349487305,5.740870952606201,-2.279099702835083,OUTBOUND,-16.300350189208984,-0.14826272294832352,0.0031999999191612005
1,60,0.9375,0.5408593416213989,23.0545597076416,updated,1.162610411643982,-0.4072209298610687,13.050187110900879,0.10147739201784134,0.11948186904191971,28.81704236299265,27.53956881270462,703,3,203,0,4,,0,64,-7.824045658111572,5.7081298828125,-1.6532227993011475,OUTBOUND,-16.38397216796875,-0.13045750192574423,0.0031999999191612005
1,59,0.921875,0.38748303055763245,23.181196212768555,updated,1.1629574298858643,-0.420499712228775,12.2679443359375,0.10298507660627365,0.11882147192955017,28.841434094996657,27.52744719693662,704,3,204,0,5,,0,64,-7.8240461349487305,5.790905475616455,-1.754644513130188,OUTBOUND,-16.39303207397461,-0.10814521254712248,0.0031999999191612005
1,55,0.859375,1.1029906272888184,23.291290283203125,updated,1.1633046865463257,-0.4203622341156006,7.027475833892822,0.0634542778134346,0.06879329681396484,28.86269297800027,27.515355818341913,705,3,205,0,9,,0,64,-7.8240461349487305,5.784478187561035,-1.6972600221633911,FAILURE,-16.492115020751953,-0.06371302724847097,0.0031999999191612005
1,59,0.921875,0.6326162815093994,23.303619384765625,updated,1.1636525392532349,-0.4226211905479431,8.512042999267578,0.07979460060596466,0.08430973440408707,28.895516421995126,29.987993422545536,706,4,1,0,5,,0,64,-7.8240461349487305,5.793915271759033,-1.8547502756118774,OUTBOUND,-16.489526748657227,-0.005868564256196001,0.0031999999191612005
1,53,0.828125,0.6020471453666687,23.25943946838379,updated,1.164000153541565,-0.4150858223438263,27.496362686157227,4.810805797576904,4.761775016784668,29.030146137985867,29.975961130642474,707,4,2,0,11,,2,62,-7.8240461349487305,5.738686561584473,-1.8343788385391235,OUTBOUND,-16.550750732421875,-0.0186778536541866,0.0031999999191612005
1,57,0.890625,0.9429474472999573,23.389497756958008,updated,1.1643489599227905,-0.4332067370414734,14.524771690368652,4.036679267883301,3.997621536254883,29.055245689989533,29.96390895080668,708,4,3,0,7,,1,63,-7.8240461349487305,5.852623462677002,-2.0340631008148193,OUTBOUND,-16.59672737121582,-0.015390134349169096,0.0031999999191612005
1,53,0.828125,0.6045516133308411,23.366289138793945,updated,1.1646977663040161,-0.4203396439552307,14.074545860290527,0.11218087375164032,0.10932758450508118,29.07952321798075,29.951868552147968,709,4,4,0,11,,0,64,-7.8240461349487305,5.76244592666626,-1.9357796907424927,OUTBOUND,-16.636091232299805,0.011452642104671765,0.0031999999191612005
1,55,0.859375,0.8721591830253601,23.29013442993164,updated,1.1650464534759521,-0.4197251498699188,7.797266483306885,4.052692890167236,4.013526439666748,29.103712783980882,29.93981582709973,710,4,5,0,9,,1,63,-7.8240461349487305,5.752988338470459,-2.002176523208618,OUTBOUND,-16.582590103149414,0.0015309867903023032,0.0031999999191612005
1,55,0.859375,1.436930537223816,23.427757263183594,updated,1.165395975112915,-0.4331953227519989,11.907207489013672,0.15739507973194122,0.16520142555236816,29.126509308989625,29.927782446323178,711,4,6,0,9,,0,64,-7.8240461349487305,5.835773468017578,-2.1294538974761963,OUTBOUND,-16.605615615844727,-0.020408101613420042,0.0031999999191612005
0,61,0.953125,0.6109983325004578,23.348527908325195,updated,1.165745496749878,-0.42266911268234253,15.648569107055664,4.076118469238281,4.027366638183594,29.253544415987562,29.915669324638007,712,4,7,1,3,WATCHDOG_DEADLINE,1,63,-7.824045658111572,5.7614426612854,-2.0733838081359863,OUTBOUND,-16.651721954345703,0.020207517492907005,0.0031999999191612005
1,60,0.9375,0.8242241144180298,23.351459503173828,updated,1.166095495223999,-0.42927026748657227,16.022052764892578,0.09804442524909973,0.11094033718109131,29.302334512001835,29.90357745014055,713,4,8,0,4,,0,64,-7.824045658111572,5.799086570739746,-1.9772114753723145,OUTBOUND,-16.576412200927734,0.07888500763644346,0.0031999999191612005
1,56,0.875,1.0002158880233765,23.415010452270508,updated,1.1664456129074097,-0.42869991064071655,9.424091339111328,4.089687347412109,4.036822319030762,29.33551359298872,29.891460623469673,714,4,9,0,8,,1,63,-7.824045658111572,5.789907932281494,-1.8738783597946167,OUTBOUND,-16.65505599975586,0.08303381066580157,0.0031999999191612005
1,56,0.875,0.9179314374923706,23.428043365478516,updated,1.166796088218689,-0.4295785129070282,14.69029426574707,0.10776014626026154,0.11466481536626816,29.359472538984846,29.879347211886625,715,4,10,0,8,,0,64,-7.824045658111572,5.7901740074157715,-2.040753126144409,OUTBOUND,-16.643293380737305,0.0904178031029399,0.0031999999191612005
1,54,0.84375,0.8890925645828247,23.51543426513672,updated,1.1671468019485474,-0.4324204921722412,20.867977142333984,0.11420328915119171,0.12604455649852753,29.38295361297787,29.867210897628006,716,4,11,0,10,,0,64,-7.824046611785889,5.803164005279541,-1.951676845550537,OUTBOUND,-16.670719146728516,0.10598233271343625,0.0031999999191612005
1,62,0.96875,0.6398323774337769,23.547483444213867,updated,1.1674976348876953,-0.4288696348667145,13.735477447509766,0.08392229676246643,0.09203626215457916,29.40801817199099,29.85509456660661,717,4,12,0,2,,0,64,-7.824045658111572,5.77473783493042,-1.685901403427124,OUTBOUND,-16.73261070251465,0.09748029289303616,0.0031999999191612005
1,60,0.9375,0.9927423596382141,23.591236114501953,updated,1.167848825454712,-0.43319404125213623,12.523447036743164,4.1658830642700195,4.117866039276123,29.432350488001248,29.84297882376154,718,4,13,0,4,,1,63,-7.824045658111572,5.797277450561523,-1.6806708574295044,OUTBOUND,-16.766864776611328,0.10568353506790006,0.0031999999191612005
0,56,0.875,1.0989272594451904,23.580392837524414,updated,1.1681997776031494,-0.42895421385765076,12.618398666381836,4.189006805419922,4.127270698547363,29.56589124997845,29.83080986911834,719,4,14,1,8,WATCHDOG_DEADLINE,1,63,-7.824045658111572,5.76453161239624,-2.056835412979126,OUTBOUND,-16.850160598754883,0.1485643342373397,0.0031999999191612005
1,54,0.84375,0.616986095905304,23.67047882080078,updated,1.168550968170166,-0.4333725571632385,7.573706150054932,0.0635371059179306,0.06765427440404892,29.592189852002775,29.818626180496885,720,4,15,0,10,,0,64,-7.824046611785889,5.787607669830322,-1.65556001663208,OUTBOUND,-16.877458572387695,0.16442528451396468,0.0031999999191612005
1,59,0.921875,0.6396834850311279,23.667518615722656,updated,1.168901801109314,-0.4269896447658539,6.750333786010742,0.0686764121055603,0.0700894221663475,29.619292845978634,29.806478400893546,721,4,16,0,5,,0,64,-7.8240461349487305,5.741250991821289,-1.7175068855285645,OUTBOUND,-16.91644287109375,0.15079157762929568,0.0031999999191612005
1,59,0.921875,1.1488049030303955,23.758071899414062,updated,1.1692523956298828,-0.42951062321662903,6.066569805145264,0.09342113137245178,0.09988192468881607,29.646729525993578,29.794353482098185,722,4,17,0,5,,0,64,-7.8240461349487305,5.752131938934326,-1.37417471408844,OUTBOUND,-16.975893020629883,0.13714232511514893,0.0031999999191612005
1,55,0.859375,0.925538182258606,23.810230255126953,updated,1.1696031093597412,-0.4343215823173523,2.7322561740875244,0.7313005924224854,0.7208985090255737,29.671025828982238,29.782243538542115,723,4,18,0,9,,1,63,-7.8240461349487305,5.777621269226074,-2.1962947845458984,OUTBOUND,-16.999042510986328,0.11060942807099776,0.0031999999191612005
1,58,0.90625,1.0204602479934692,23.88434600830078,updated,1.1699541807174683,-0.4377595782279968,6.7185540199279785,0.053938865661621094,0.055614277720451355,29.78773112798808,29.770159884441426,724,4,19,0,6,,0,64,-7.8240461349487305,5.794249057769775,-2.1111786365509033,OUTBOUND,-17.066322326660156,0.10393379608554545,0.0031999999191612005
1,55,0.859375,0.8900206685066223,23.898496627807617,updated,1.1703051328659058,-0.43359440565109253,2.188230514526367,0.05963482707738876,0.0632622092962265,29.814593897986924,29.758052558444046,725,4,20,0,9,,0,64,-7.8240461349487305,5.762370586395264,-1.5835916996002197,OUTBOUND,-17.095521926879883,0.10791930455200936,0.0031999999191612005
1,60,0.9375,0.3583105206489563,23.865976333618164,updated,1.1706558465957642,-0.43073004484176636,38.86919403076172,4.980327606201172,4.9171671867370605,29.83790850098012,29.745942221566587,726,4,21,0,4,,2,62,-7.824045658111572,5.738888263702393,-1.8416695594787598,OUTBOUND,-17.186241149902344,0.110975272139748,0.0031999999191612005
1,57,0.890625,1.321753740310669,23.802820205688477,updated,1.1710060834884644,-0.4301002621650696,3.7394752502441406,0.7752237319946289,0.7649391889572144,29.869281552993925,29.73380214148828,727,4,22,0,7,,1,63,-7.8240461349487305,5.729683876037598,-2.1775496006011963,OUTBOUND,-17.118879318237305,0.1043090898877721,0.0031999999191612005
1,61,0.953125,0.713901698589325,23.775123596191406,updated,1.171356201171875,-0.4343262314796448,7.5199689865112305,0.1333903670310974,0.14341388642787933,29.893592865002574,29.721682940206694,728,4,23,0,3,,0,64,-7.824045658111572,5.75128173828125,-1.7191282510757446,OUTBOUND,-17.06224250793457,0.08479786282302665,0.0031999999191612005
0,59,0.921875,0.3744420111179352,23.851686477661133,updated,1.1717065572738647,-0.4401491582393646,17.516447067260742,0.11801169812679291,0.12907712161540985,30.005395104002673,29.709552289244513,729,4,24,1,5,WATCHDOG_DEADLINE,0,64,-7.8240461349487305,5.782896995544434,-1.8288652896881104,OUTBOUND,-17.05817985534668,0.0918792560693015,0.0031999999191612005
1,59,0.921875,0.693919837474823,23.904945373535156,updated,1.1720573902130127,-0.4417765736579895,18.61083984375,0.08843585848808289,0.10235369205474854,30.02885383699322,29.697435322166584,730,4,25,0,5,,0,64,-7.8240461349487305,5.787914276123047,-1.6157301664352417,OUTBOUND,-17.07238006591797,0.09762389995017103,0.0031999999191612005
1,56,0.875,1.0753253698349,23.94635009765625,updated,1.1724085807800293,-0.4432731568813324,6.0582661628723145,4.35870885848999,4.319133281707764,30.061510553001426,29.685329236612,731,4,26,0,8,,1,63,-7.824045658111572,5.792084217071533,-1.7279624938964844,OUTBOUND,-17.13542938232422,0.08244077868017055,0.0031999999191612005
1,58,0.90625,0.6830756664276123,23.995746612548828,updated,1.172759771347046,-0.4395348131656647,16.036422729492188,0.08376201242208481,0.09344956278800964,30.089949010987766,29.67321976789256,732,4,27,0,6,,0,64,-7.8240461349487305,5.763322353363037,-1.8499324321746826,OUTBOUND,-17.175586700439453,0.06303444196787521,0.0031999999191612005
1,57,0.890625,0.24268043041229248,23.908798217773438,updated,1.173109769821167,-0.425434410572052,11.041709899902344,4.342480659484863,4.305691242218018,30.11428491398692,29.66111455690484,733,4,28,0,7,,1,63,-7.8240461349487305,5.669648170471191,-1.790433406829834,OUTBOUND,-17.226795196533203,0.03797853221756842,0.0031999999191612005
1,58,0.90625,0.8774659037590027,24.04534912109375,updated,1.1734601259231567,-0.4441239833831787,21.766691207885742,5.070387840270996,5.03171968460083,30.138492387981387,29.6490255414211,734,4,29,0,6,,2,62,-7.8240461349487305,5.781718730926514,-1.8442898988723755,OUTBOUND,-17.268386840820312,0.03572216530798681,0.0031999999191612005
1,57,0.890625,0.8224359154701233,23.980857849121094,updated,1.1738109588623047,-0.4463280141353607,26.978242874145508,8.60886287689209,8.495965957641602,30.164441753004212,29.63694539861146,735,4,30,0,7,,2,62,-7.8240461349487305,5.790304183959961,-1.6888090372085571,OUTBOUND,-17.241497039794922,0.06623041046581386,0.0031999999191612005
0,59,0.921875,0.6295945048332214,23.8984317779541,updated,1.1741617918014526,-0.4420603811740875,14.617369651794434,0.7689340710639954,0.7612422108650208,30.293848139001057,29.624814650855587,736,4,31,1,5,WATCHDOG_DEADLINE,1,63,-7.8240461349487305,5.758469104766846,-1.6963051557540894,OUTBOUND,-17.154537200927734,0.09013790272021634,0.0031999999191612005
1,54,0.84375,1.0269548892974854,24.0130615234375,updated,1.1745134592056274,-0.4530796408653259,26.95022201538086,0.3106094300746918,0.30506518483161926,30.31839978697826,29.61267089240262,737,4,32,0,10,,0,64,-7.824046611785889,5.821966648101807,-1.775545358657837,OUTBOUND,-17.153181076049805,0.09846627915217585,0.0031999999191612005
1,58,0.90625,0.7040320038795471,24.06915283203125,updated,1.174865484237671,-0.44924041628837585,32.64686965942383,0.18105635046958923,0.19432282447814941,30.341100035991985,29.600524011426604,738,4,33,0,6,,0,64,-7.8240461349487305,5.792846202850342,-1.9176733493804932,OUTBOUND,-17.177846908569336,0.10440035020873807,0.0031999999191612005
1,58,0.90625,1.382810115814209,24.215700149536133,updated,1.175218105316162,-0.45286551117897034,25.526124954223633,0.13464604318141937,0.1292080283164978,30.36576290099765,29.58837193981756,739,4,34,0,6,,0,64,-7.8240461349487305,5.810146331787109,-2.0163705348968506,OUTBOUND,-17.275840759277344,0.11812840656489515,0.0031999999191612005
1,55,0.859375,0.4940163791179657,24.230470657348633,updated,1.1755707263946533,-0.4467695653438568,7.384432315826416,4.481886863708496,4.436042308807373,30.391775625990704,29.57622038091696,740,4,35,0,9,,1,63,-7.8240461349487305,5.767167091369629,-1.655941367149353,OUTBOUND,-17.365070343017578,0.11696405902672692,0.0031999999191612005
1,59,0.921875,1.0143831968307495,24.31227684020996,updated,1.1759235858917236,-0.4515988826751709,11.181038856506348,0.08688190579414368,0.09286697208881378,30.50897270999849,29.56408805402496,741,4,36,0,5,,0,64,-7.8240461349487305,5.791891098022461,-1.928489089012146,OUTBOUND,-17.400100708007812,0.10834367768860165,0.0031999999191612005
1,57,0.890625,0.5871714949607849,24.479494094848633,updated,1.1762770414352417,-0.4546770751476288,7.613280773162842,0.0592888742685318,0.06133294478058815,30.53249079498346,29.551972815171066,742,4,37,0,7,,0,64,-7.8240461349487305,5.805715084075928,-1.9804139137268066,OUTBOUND,-17.54073715209961,0.11517169669757711,0.0031999999191612005
1,58,0.90625,0.9759142398834229,24.536930084228516,updated,1.1766301393508911,-0.44730573892593384,5.467392921447754,0.08887117356061935,0.09470434486865997,30.55541376399924,29.539849813239368,743,4,38,0,6,,0,64,-7.8240461349487305,5.755119800567627,-1.7415046691894531,OUTBOUND,-17.682907104492188,0.13378004806730745,0.0031999999191612005
1,61,0.953125,0.7557750940322876,24.570117950439453,updated,1.176983118057251,-0.4484625458717346,9.59822940826416,0.064127117395401,0.0758560448884964,30.580541842995444,29.527707891271348,744,4,39,0,3,,0,64,-7.824045658111572,5.757147312164307,-1.7312885522842407,OUTBOUND,-17.73692512512207,0.16237090716163918,0.0031999999191612005
1,57,0.890625,0.968555212020874,24.665908813476562,updated,1.17733633518219,-0.4538373053073883,10.944329261779785,0.09042420983314514,0.10079436749219894,30.606690290005645,29.515551981002503,745,4,40,0,7,,0,64,-7.8240461349487305,5.785055637359619,-1.972747802734375,OUTBOUND,-17.821842193603516,0.1707299785516589,0.0031999999191612005
0,52,0.8125,0.8416193127632141,24.722801208496094,updated,1.1776903867721558,-0.46201038360595703,21.103612899780273,0.7990050911903381,0.7939825057983398,30.721646871999837,29.50334402279872,746,4,41,1,12,WATCHDOG_DEADLINE,1,63,-7.8240461349487305,5.829998970031738,-1.768249750137329,OUTBOUND,-17.839111328125,0.14093534853273135,0.0031999999191612005
1,58,0.90625,1.0405744314193726,24.67314910888672,updated,1.1780444383621216,-0.45537495613098145,5.728511333465576,0.05777610093355179,0.062073975801467896,30.74966312700417,29.49118007351132,747,4,42,0,6,,0,64,-7.8240461349487305,5.78422737121582,-1.9051868915557861,OUTBOUND,-17.856788635253906,0.1264724063517817,0.0031999999191612005
1,57,0.890625,1.4587100744247437,24.547657012939453,updated,1.1783989667892456,-0.45915648341178894,35.381980895996094,5.359411239624023,5.285679340362549,30.778141043992946,29.478983140322264,748,4,43,0,7,,2,62,-7.8240461349487305,5.802197456359863,-2.032785415649414,OUTBOUND,-17.7967529296875,0.11333011759139969,0.0031999999191612005
1,56,0.875,0.9238830804824829,24.51361083984375,updated,1.1787534952163696,-0.4567212164402008,8.329117774963379,0.09220369160175323,0.10993979871273041,30.80548878799891,29.466814498725267,749,4,44,0,8,,0,64,-7.824045658111572,5.782227516174316,-1.8218443393707275,OUTBOUND,-17.763412475585938,0.09695072209259616,0.0031999999191612005
1,55,0.859375,1.0533536672592163,24.36269760131836,updated,1.179107904434204,-0.4543522000312805,51.213645935058594,10.46156120300293,10.270448684692383,30.83563753098133,29.4546807263233,750,4,45,0,9,,4,60,-7.8240461349487305,5.76273250579834,-1.5718469619750977,OUTBOUND,-17.681781768798828,0.10850806776458424,0.0031999999191612005
1,59,0.921875,1.0438623428344727,24.270524978637695,updated,1.1794624328613281,-0.45789167284965515,28.647321701049805,0.13499712944030762,0.1798318475484848,30.86530762197799,29.442543822712455,751,4,46,0,5,,0,64,-7.8240461349487305,5.7791748046875,-1.458027958869934,OUTBOUND,-17.53888702392578,0.10881593468828725,0.0031999999191612005
1,57,0.890625,1.3333464860916138,24.35712242126465,updated,1.1798171997070312,-0.4624703526496887,38.7848014831543,0.19941574335098267,0.2472502738237381,30.890490456979023,29.43039395072881,752,4,47,0,7,,0,64,-7.8240461349487305,5.801853179931641,-1.644221544265747,OUTBOUND,-17.4971981048584,0.08549674541647649,0.0031999999191612005
0,58,0.90625,0.7196986675262451,24.416461944580078,updated,1.1801726818084717,-0.4664071798324585,40.711708068847656,0.264198899269104,0.29387691617012024,31.027531439001905,29.41821794854016,753,4,48,1,6,WATCHDOG_DEADLINE,0,64,-7.8240461349487305,5.8205647468566895,-1.8956325054168701,OUTBOUND,-17.477964401245117,0.044088894721960516,0.0031999999191612005
1,54,0.84375,1.1299657821655273,24.525259017944336,updated,1.1805282831192017,-0.4637400805950165,41.602909088134766,0.2811160683631897,0.27461737394332886,31.05344431300182,29.40607335398196,754,4,49,0,10,,0,64,-7.824046611785889,5.799336910247803,-1.5887178182601929,OUTBOUND,-17.54800033569336,0.023125785464742935,0.0031999999191612005
1,61,0.953125,0.5238970518112183,24.689531326293945,updated,1.1808838844299316,-0.46143218874931335,21.34551239013672,0.815395176410675,0.7821028828620911,31.08225811398006,29.39395169964078,755,4,50,0,3,,1,63,-7.824045658111572,5.78034782409668,-1.7237716913223267,OUTBOUND,-17.696338653564453,0.028408540586525213,0.0031999999191612005
1,56,0.875,0.7858173847198486,24.800931930541992,updated,1.1812397241592407,-0.463614284992218,8.526265144348145,4.634101390838623,4.601845741271973,31.11418551998213,29.381817727138458,756,4,51,0,8,,1,63,-7.824045658111572,5.788435459136963,-1.6687164306640625,OUTBOUND,-17.826215744018555,0.02453087409827753,0.0031999999191612005
1,54,0.84375,0.2161809504032135,24.952491760253906,updated,1.1815959215164185,-0.4699590802192688,18.548717498779297,4.727241516113281,4.724101543426514,31.141353361977963,29.369710739918098,757,4,52,0,10,,1,63,-7.824046611785889,5.821484565734863,-1.7307215929031372,OUTBOUND,-17.968395233154297,0.0053130374855110555,0.0031999999191612005
1,60,0.9375,0.4475855827331543,24.90779685974121,updated,1.1819519996643066,-0.461761474609375,21.576770782470703,4.758724689483643,4.733704566955566,31.27093695398071,29.357595716907912,758,4,53,0,4,,1,63,-7.824045658111572,5.767258644104004,-1.8193854093551636,OUTBOUND,-18.052459716796875,-0.005314827535693463,0.0031999999191612005
1,59,0.921875,0.5535202622413635,24.85694122314453,updated,1.1823081970214844,-0.4646682143211365,36.163028717041016,5.509474277496338,5.500144004821777,31.29422878200421,29.3454850079902,759,4,54,0,5,,2,62,-7.8240461349487305,5.779658317565918,-1.8392008543014526,OUTBOUND,-18.06644058227539,0.013299383975803316,0.0031999999191612005
1,60,0.9375,0.7697118520736694,24.885332107543945,updated,1.182663917541504,-0.4612601697444916,8.539819717407227,0.06329270452260971,0.05669938772916794,31.318872564996127,29.333398088582598,760,4,55,0,4,,0,64,-7.824045658111572,5.754308223724365,-1.7050219774246216,OUTBOUND,-18.104433059692383,0.020066706907154456,0.0031999999191612005
1,61,0.953125,0.5816807746887207,24.886816024780273,updated,1.1830192804336548,-0.46084874868392944,13.831604957580566,0.06723455339670181,0.08085732161998749,31.343320288986433,29.321333690206426,761,4,56,0,3,,0,64,-7.824045658111572,5.746916770935059,-1.7745975255966187,OUTBOUND,-18.06585121154785,0.01940318229310317,0.0031999999191612005
1,56,0.875,1.0794917345046997,24.96523666381836,updated,1.1833748817443848,-0.4683103859424591,16.671960830688477,0.07574641704559326,0.10497278720140457,31.36987479799427,29.30924856723517,762,4,57,0,8,,0,64,-7.824045658111572,5.786402702331543,-1.9895716905593872,OUTBOUND,-18.069782257080078,0.0442838908502617,0.0031999999191612005
0,60,0.9375,0.6334258317947388,24.916770935058594,updated,1.1837294101715088,-0.4523871839046478,14.308272361755371,0.07193638384342194,0.0950840413570404,31.504998908989364,29.29709938125357,763,4,58,1,4,WATCHDOG_DEADLINE,0,64,-7.824045658111572,5.686856269836426,-1.6772702932357788,OUTBOUND,-18.130870819091797,0.03141520244234622,0.0031999999191612005
1,58,0.90625,0.9429794549942017,24.968551635742188,updated,1.1840838193893433,-0.4652734696865082,13.608314514160156,4.82136869430542,4.762622833251953,31.532220619003056,29.285001413284487,764,4,59,0,6,,1,63,-7.8240461349487305,5.75848388671875,-1.598157286643982,OUTBOUND,-18.115436553955078,0.0014282492196704543,0.0031999999191612005
1,49,0.765625,0.9922385811805725,25.157716751098633,updated,1.184438705444336,-0.4716862738132477,17.040708541870117,0.10434424877166748,0.1309415102005005,31.561557177978102,29.272907774204384,765,4,60,0,15,,0,64,-7.8240461349487305,5.791549205780029,-1.4925185441970825,OUTBOUND,-18.200679779052734,-0.0019738978364030055,0.0031999999191612005
1,63,0.984375,1.5718293190002441,25.07254981994629,updated,1.18479323387146,-0.46345314383506775,21.266216278076172,4.907677173614502,4.843235969543457,31.586789755005157,29.26084484332534,766,4,61,0,1,,1,63,-7.824045181274414,5.737968921661377,-1.8109827041625977,OUTBOUND,-18.2597713470459,0.002861946933258354,0.0031999999191612005
1,58,0.90625,0.8137462735176086,25.18328857421875,updated,1.1851478815078735,-0.47040531039237976,0.5745497345924377,0.06851264089345932,0.07338859885931015,31.606779800989898,29.248766422182456,767,4,62,0,6,,0,64,-7.8240461349487305,5.774136066436768,-2.0557093620300293,OUTBOUND,-18.338388442993164,0.02435340904902536,0.0031999999191612005
1,55,0.859375,1.255645513534546,25.115419387817383,updated,1.185502529144287,-0.4687547981739044,18.86178970336914,4.886076927185059,4.847034454345703,31.627661673992407,29.236664763998093,768,4,63,0,9,,1,63,-7.8240461349487305,5.759531497955322,-1.8342357873916626,OUTBOUND,-18.307716369628906,0.04313108997647995,0.0031999999191612005
1,60,0.9375,1.0131428241729736,25.096406936645508,updated,1.1858571767807007,-0.4707789123058319,3.384321928024292,0.7605246305465698,0.7499963045120239,31.648511009989306,29.224579249439387,769,4,64,0,4,,1,63,-7.824045658111572,5.766573905944824,-1.5678138732910156,OUTBOUND,-18.27741050720215,0.05958851957388399,0.0031999999191612005
0,53,0.828125,1.136309027671814,24.96126937866211,updated,1.1862114667892456,-0.4640079736709595,16.45695686340332,5.510812759399414,5.440787315368652,31.750620930979494,29.21242868188035,770,4,65,1,11,WATCHDOG_DEADLINE,2,62,-7.8240461349487305,5.721998691558838,-2.1180059909820557,OUTBOUND,-18.226577758789062,0.037820096110912735,0.0031999999191612005
1,51,0.796875,0.5821852684020996,25.063262939453125,updated,1.1865661144256592,-0.47598499059677124,22.53005599975586,0.13285589218139648,0.126879021525383,31.770951401005732,29.200345592162858,771,4,66,0,13,,0,64,-7.824045658111572,5.787374496459961,-1.9865143299102783,OUTBOUND,-18.1928768157959,0.0017381453150340604,0.0031999999191612005
1,60,0.9375,0.868974506855011,25.076913833618164,updated,1.1869210004806519,-0.47529011964797974,3.3033759593963623,4.930776596069336,4.888357639312744,31.792395244003274,29.1882638492289,772,4,67,0,4,,1,63,-7.824045658111572,5.778441429138184,-1.8973833322525024,OUTBOUND,-18.20293617248535,0.0024874444886527607,0.0031999999191612005
1,57,0.890625,1.0784589052200317,25.1452579498291,updated,1.1872754096984863,-0.465317040681839,12.271620750427246,0.7629014849662781,0.7475335597991943,31.813135915988823,29.1761822105892,773,4,68,0,7,,1,63,-7.8240461349487305,5.715394020080566,-1.5898069143295288,OUTBOUND,-18.313627243041992,-0.010605861241593302,0.0031999999191612005
1,54,0.84375,0.6682438254356384,25.241100311279297,updated,1.1876304149627686,-0.48161277174949646,30.92336654663086,0.16916270554065704,0.1641271412372589,31.832317680004053,29.164089701163096,774,4,69,0,10,,0,64,-7.824046611785889,5.805602073669434,-1.670902967453003,OUTBOUND,-18.261245727539062,-0.028526995052468855,0.0031999999191612005
1,57,0.890625,0.8005452752113342,25.344865798950195,updated,1.187985897064209,-0.48021578788757324,3.6461472511291504,0.8803521394729614,0.8688270449638367,31.933574925002176,29.151972267718293,775,4,70,0,7,,1,63,-7.8240461349487305,5.792599678039551,-1.8217402696609497,OUTBOUND,-18.37527847290039,-0.04497144397896326,0.0031999999191612005
1,61,0.953125,0.8278504610061646,25.377017974853516,updated,1.1883418560028076,-0.4818567931652069,19.251052856445312,0.11993018537759781,0.12136147916316986,31.95520521598519,29.1398627132684,776,4,71,0,3,,0,64,-7.824045658111572,5.797274589538574,-1.8701385259628296,OUTBOUND,-18.38939666748047,-0.044666561562981884,0.0031999999191612005
1,53,0.828125,1.1303280591964722,25.512508392333984,updated,1.1886976957321167,-0.4764055609703064,4.366528511047363,0.17755764722824097,0.1935826539993286,31.976153503987007,29.12779338906659,777,4,72,0,11,,0,64,-7.8240461349487305,5.760828495025635,-1.612491488456726,OUTBOUND,-18.552364349365234,-0.04305077997349999,0.0031999999191612005
1,59,0.921875,1.180441975593567,25.460811614990234,updated,1.1890538930892944,-0.4813106954097748,47.24873352050781,9.945287704467773,9.857511520385742,32.00347315199906,29.115698558722276,778,4,73,0,5,,2,62,-7.8240461349487305,5.784422397613525,-2.1484696865081787,OUTBOUND,-18.564189910888672,-0.06196790185765411,0.0031999999191612005
1,54,0.84375,0.7987358570098877,25.474462509155273,updated,1.1894094944000244,-0.47095000743865967,1.688043475151062,0.7956615090370178,0.786890983581543,32.025457718991674,29.103619455827822,779,4,74,0,10,,1,63,-7.824046611785889,5.719771385192871,-1.750632405281067,OUTBOUND,-18.66268539428711,-0.050795268310064166,0.0031999999191612005
0,61,0.953125,0.6836832761764526,25.513994216918945,updated,1.189765453338623,-0.4830259084701538,17.556528091430664,5.074126243591309,5.03016996383667,32.12375792500097,29.09151279783669,780,4,75,1,3,WATCHDOG_DEADLINE,1,63,-7.824045658111572,5.784701347351074,-1.8355894088745117,OUTBOUND,-18.65257453918457,-0.05322340655824502,0.0031999999191612005
1,57,0.890625,0.948774516582489,25.44215965270996,updated,1.1901218891143799,-0.48632100224494934,19.6674747467041,0.09278039634227753,0.11633448302745819,32.14506792498287,29.079403513042354,781,4,76,0,7,,0,64,-7.8240461349487305,5.7988691329956055,-2.0532000064849854,OUTBOUND,-18.534387588500977,-0.06339743948029936,0.0031999999191612005
1,57,0.890625,0.7702857851982117,25.3419132232666,updated,1.1904784440994263,-0.4812842309474945,65.69591522216797,14.918143272399902,14.68652629852295,32.167754764988786,29.067294476692886,782,4,77,0,7,,3,61,-7.8240461349487305,5.765114784240723,-1.7708539962768555,OUTBOUND,-18.58066177368164,-0.04758586460897834,0.0031999999191612005
1,58,0.90625,0.7100301384925842,25.40570068359375,updated,1.1908349990844727,-0.48381131887435913,32.56999969482422,0.16369745135307312,0.19132055342197418,32.19062903599115,29.05519575199552,783,4,78,0,6,,0,64,-7.8240461349487305,5.774859428405762,-1.6628797054290771,OUTBOUND,-18.550203323364258,-0.05776189213725852,0.0031999999191612005
1,56,0.875,0.7777373790740967,25.44085121154785,updated,1.191191554069519,-0.480775386095047,36.832672119140625,0.20077192783355713,0.22643528878688812,32.21074805498938,29.04310369381314,784,4,79,0,8,,0,64,-7.824045658111572,5.752718448638916,-1.6831828355789185,OUTBOUND,-18.546794891357422,-0.06212582015044887,0.0031999999191612005
1,60,0.9375,0.7391743063926697,25.41020393371582,updated,1.191548228263855,-0.4864591062068939,5.775803089141846,5.0759968757629395,5.00178861618042,32.23177713199402,29.03101415043281,785,4,80,0,4,,1,63,-7.824045658111572,5.780495643615723,-1.5902783870697021,OUTBOUND,-18.508861541748047,-0.052078580533557156,0.0031999999191612005
1,57,0.890625,0.8703927993774414,25.344541549682617,updated,1.1919047832489014,-0.4809872508049011,21.664325714111328,9.979791641235352,9.879424095153809,32.25282664698898,29.01891707873912,786,4,81,0,7,,2,62,-7.8240461349487305,5.744521617889404,-1.9322290420532227,OUTBOUND,-18.508968353271484,-0.04403747983923284,0.0031999999191612005
0,56,0.875,0.9572151303291321,25.471683502197266,updated,1.192262053489685,-0.49395138025283813,44.14884948730469,0.3049953877925873,0.3093733489513397,32.35701873598737,29.006787421449026,787,4,82,1,8,WATCHDOG_DEADLINE,0,64,-7.824045658111572,5.813693046569824,-1.903524398803711,OUTBOUND,-18.459136962890625,-0.048930024554022046,0.0031999999191612005
1,52,0.8125,0.7006502747535706,25.576200485229492,updated,1.1926196813583374,-0.49227845668792725,7.317211151123047,5.191685676574707,5.138585090637207,32.378638566005975,28.994650368528912,788,4,83,0,12,,1,63,-7.8240461349487305,5.799385070800781,-2.0631628036499023,OUTBOUND,-18.609134674072266,-0.06801294316334894,0.0031999999191612005
1,57,0.890625,1.012958288192749,25.791339874267578,updated,1.1929776668548584,-0.4920518100261688,24.50740623474121,0.17654898762702942,0.15346838533878326,32.39933491798001,28.982526021017858,789,4,84,0,7,,0,64,-7.8240461349487305,5.793332099914551,-2.0692713260650635,OUTBOUND,-18.769975662231445,-0.07984407288505001,0.0031999999191612005
1,57,0.890625,1.1307364702224731,25.86573600769043,updated,1.1933362483978271,-0.4971095621585846,18.639461517333984,0.1759992390871048,0.1589365005493164,32.42089162798948,28.970385102422444,790,4,85,0,7,,0,64,-7.8240461349487305,5.817244529724121,-2.0929229259490967,OUTBOUND,-18.796375274658203,-0.08325085720582932,0.0031999999191612005
1,53,0.828125,0.8076663613319397,25.908157348632812,updated,1.1936949491500854,-0.4916350543498993,5.796765327453613,0.7695292830467224,0.7542294263839722,32.44073065399425,28.95824349733679,791,4,86,0,11,,1,63,-7.8240461349487305,5.781482219696045,-1.9358370304107666,OUTBOUND,-18.874271392822266,-0.06393118146232427,0.0031999999191612005
1,59,0.921875,0.5909464359283447,25.965269088745117,updated,1.1940534114837646,-0.48787301778793335,19.201608657836914,5.2422919273376465,5.21651554107666,32.5417263499985,28.94612823788138,792,4,87,0,5,,1,63,-7.8240461349487305,5.755512237548828,-1.7799731492996216,OUTBOUND,-19.016216278076172,-0.03402403422798937,0.0031999999191612005
1,54,0.84375,0.768892228603363,26.091602325439453,updated,1.194412112236023,-0.4939793348312378,1.7996728420257568,0.08023995906114578,0.07908200472593307,32.5644144959806,28.93402511465764,793,4,88,0,10,,0,64,-7.824046611785889,5.785276412963867,-1.905013918876648,OUTBOUND,-19.130971908569336,-0.028103258271279102,0.0031999999191612005
1,62,0.96875,1.309929370880127,26.1491756439209,updated,1.1947709321975708,-0.49455317854881287,7.402512550354004,0.08526642620563507,0.09505807608366013,32.586260418989696,28.921923077718475,794,4,89,0,2,,0,64,-7.824045658111572,5.783798694610596,-1.8095009326934814,OUTBOUND,-19.180274963378906,-0.03464012965641172,0.0031999999191612005
1,60,0.9375,0.2773139774799347,26.18442153930664,updated,1.1951302289962769,-0.4985879957675934,9.737923622131348,0.31133389472961426,0.32190069556236267,32.60661908198381,28.909808941433173,795,4,90,0,4,,0,64,-7.824045658111572,5.801772117614746,-1.9163315296173096,OUTBOUND,-19.189735412597656,-0.049248480368666345,0.0031999999191612005
1,56,0.875,0.6846030354499817,26.242172241210938,updated,1.1954898834228516,-0.5009037256240845,32.28232192993164,5.365454196929932,5.281064510345459,32.627164409990655,28.89767574220892,796,4,91,0,8,,1,63,-7.824045658111572,5.8100385665893555,-1.686193585395813,OUTBOUND,-19.295249938964844,-0.05570267144391937,0.0031999999191612005
0,55,0.859375,0.7074562311172485,26.061429977416992,updated,1.195849895477295,-0.49992844462394714,23.88304328918457,5.333263874053955,5.248616695404053,32.726718549994985,28.885519256853126,797,4,92,1,9,STALE_OR_INCOMPLETE_BUNDLE,1,63,-7.8240461349487305,5.799839973449707,-1.662152647972107,OUTBOUND,-19.180557250976562,-0.08297229538883007,0.0031999999191612005
1,56,0.875,1.006441593170166,26.058271408081055,updated,1.1962101459503174,-0.49966907501220703,10.984382629394531,0.06539832800626755,0.0908171534538269,32.751744865992805,28.873368663853782,798,4,93,0,8,,0,64,-7.824045658111572,5.793676853179932,-1.808914303779602,OUTBOUND,-19.177289962768555,-0.13444727402822804,0.0031999999191612005
1,56,0.875,1.3752925395965576,25.97732162475586,updated,1.1965700387954712,-0.4936327040195465,12.63478946685791,5.209872245788574,5.1301140785217285,32.772716445993865,28.861186897967876,799,4,94,0,8,,1,63,-7.824045658111572,5.755288124084473,-2.0734760761260986,OUTBOUND,-19.14260482788086,-0.12965091940031256,0.0031999999191612005
1,58,0.90625,0.6846979856491089,25.9024715423584,updated,1.1969298124313354,-0.49773839116096497,3.5032427310943604,5.327528476715088,5.2845354080200195,32.79334131398355,28.84904120742794,800,4,95,0,6,,1,63,-7.8240461349487305,5.773547649383545,-1.8644813299179077,OUTBOUND,-19.05753517150879,-0.10990995847596506,0.0031999999191612005
1,58,0.90625,0.7808644771575928,25.883630752563477,updated,1.1972898244857788,-0.49972543120384216,2.955864906311035,5.381680965423584,5.325264930725098,32.81251500500366,28.836880897776933,801,4,96,0,6,,1,63,-7.8240461349487305,5.779961109161377,-1.9111473560333252,OUTBOUND,-19.00798797607422,-0.09297240508703172,0.0031999999191612005
1,59,0.921875,0.5510134100914001,25.79138946533203,updated,1.197649359703064,-0.49368348717689514,41.84056854248047,0.3017793893814087,0.3370988368988037,32.83326327498071,28.82473674163994,802,4,97,0,5,,0,64,-7.8240461349487305,5.741764545440674,-1.949583888053894,OUTBOUND,-18.88401985168457,-0.0784125982329171,0.0031999999191612005
1,58,0.90625,0.6528605818748474,25.982027053833008,updated,1.1980087757110596,-0.4981480538845062,9.851752281188965,5.406981945037842,5.358598709106445,32.85386530298274,28.81257020256802,803,4,98,0,6,,1,63,-7.8240461349487305,5.761953830718994,-1.7541288137435913,OUTBOUND,-19.02244758605957,-0.061189756308020336,0.0031999999191612005
1,58,0.90625,0.7939192056655884,26.109071731567383,updated,1.1983681917190552,-0.49995774030685425,37.464603424072266,0.2368035763502121,0.21094222366809845,32.952412660990376,28.800425716941152,804,4,99,0,6,,0,64,-7.8240461349487305,5.767383575439453,-1.9087765216827393,OUTBOUND,-19.060195922851562,-0.04144204600611769,0.0031999999191612005
1,55,0.859375,0.7638853192329407,26.262784957885742,updated,1.1987276077270508,-0.5007134079933167,32.80315399169922,0.20906922221183777,0.17520031332969666,32.974105893983506,28.788276667202528,805,4,100,0,9,,0,64,-7.8240461349487305,5.766971588134766,-1.7071818113327026,OUTBOUND,-19.181533813476562,-0.043833470173422824,0.0031999999191612005
1,50,0.78125,1.0584903955459595,26.332120895385742,updated,1.1990864276885986,-0.49381500482559204,11.582080841064453,0.8283939957618713,0.805203914642334,32.995335359999444,28.776112293889067,806,4,101,0,14,,1,63,-7.8240461349487305,5.72433614730835,-1.8144301176071167,OUTBOUND,-19.309682846069336,-0.03946309716801587,0.0031999999191612005
1,61,0.953125,0.7072204351425171,26.584203720092773,updated,1.199445366859436,-0.5022876858711243,5.545139312744141,0.05486983805894852,0.061529602855443954,33.015282424981706,28.763920947448785,807,4,102,0,3,,0,64,-7.824045658111572,5.766510963439941,-1.9463446140289307,OUTBOUND,-19.52541732788086,-0.03222533901159363,0.0031999999191612005
1,55,0.859375,1.1632078886032104,26.691621780395508,updated,1.1998043060302734,-0.502173900604248,8.730052947998047,0.0742541179060936,0.10470091551542282,33.03465003799647,28.751737756484534,808,4,103,0,9,,0,64,-7.8240461349487305,5.761332035064697,-1.5215486288070679,OUTBOUND,-19.685733795166016,-0.015710991329117085,0.0031999999191612005
0,55,0.859375,0.6288507580757141,26.879240036010742,updated,1.2001643180847168,-0.5169265270233154,18.39961051940918,0.10696457326412201,0.13365678489208221,33.13505698298104,28.73950736731255,809,4,104,1,9,WATCHDOG_DEADLINE,0,64,-7.8240461349487305,5.837785243988037,-1.896307349205017,OUTBOUND,-19.814613342285156,-0.04084710420585675,0.0031999999191612005
1,55,0.859375,0.784367561340332,26.821910858154297,updated,1.2005245685577393,-0.5088369250297546,22.640300750732422,0.29080259799957275,0.3074650764465332,33.15712395700393,28.72732756757202,810,4,105,0,9,,0,64,-7.8240461349487305,5.788782119750977,-1.5573095083236694,OUTBOUND,-19.862865447998047,-0.07567160385484198,0.0031999999191612005
1,54,0.84375,0.9605507254600525,26.797988891601562,updated,1.2008849382400513,-0.5088202357292175,19.107505798339844,0.09881828725337982,0.09460113942623138,33.178547143004835,28.715122293966008,811,4,106,0,10,,0,64,-7.824046611785889,5.784111976623535,-1.8306970596313477,OUTBOUND,-19.846860885620117,-0.08119031153030692,0.0031999999191612005
1,57,0.890625,0.6859704852104187,26.846317291259766,updated,1.2012457847595215,-0.5133176445960999,11.143281936645508,0.07586376368999481,0.07090813666582108,33.19959412299795,28.702941654941853,812,4,107,0,7,,0,64,-7.8240461349487305,5.804114818572998,-1.6693826913833618,OUTBOUND,-19.871089935302734,-0.10941601271584571,0.0031999999191612005
1,57,0.890625,1.0646778345108032,26.7520694732666,updated,1.2016074657440186,-0.5190976858139038,30.3377628326416,5.575143337249756,5.447626113891602,33.219150489981985,28.69072691691833,813,4,108,0,7,,1,63,-7.8240461349487305,5.831042766571045,-1.797532320022583,OUTBOUND,-19.82000732421875,-0.1319792433574111,0.0031999999191612005
1,58,0.90625,0.6540648341178894,26.553844451904297,updated,1.2019689083099365,-0.5079718232154846,48.61604690551758,7.102557182312012,6.9037065505981445,33.31978792999871,28.67854226840195,814,4,109,0,6,,3,61,-7.8240461349487305,5.765824794769287,-1.8224533796310425,OUTBOUND,-19.76236343383789,-0.12465845575201248,0.0031999999191612005
1,55,0.859375,0.5444546341896057,26.452415466308594,updated,1.202330231666565,-0.5085782408714294,14.846522331237793,0.7750565409660339,0.7966398000717163,33.34150564999436,28.66637238654991,815,4,110,0,9,,1,63,-7.8240461349487305,5.764598369598389,-1.5753384828567505,OUTBOUND,-19.6380672454834,-0.0970875158085349,0.0031999999191612005
1,59,0.921875,0.7750484943389893,26.495040893554688,updated,1.2026920318603516,-0.5170546770095825,37.703269958496094,0.16434817016124725,0.251028835773468,33.36473328300053,28.65424618782066,816,4,111,0,5,,0,64,-7.8240461349487305,5.806091785430908,-1.7813434600830078,OUTBOUND,-19.543682098388672,-0.08370882799658688,0.0031999999191612005
1,57,0.890625,0.7684378623962402,26.345232009887695,updated,1.2030538320541382,-0.5132417678833008,32.54685974121094,0.8988152742385864,0.9367648363113403,33.38539841398597,28.64211891559126,817,4,112,0,7,,1,63,-7.8240461349487305,5.780858039855957,-2.0009913444519043,OUTBOUND,-19.389629364013672,-0.08379528501553732,0.0031999999191612005
1,56,0.875,0.9458959102630615,26.487516403198242,updated,1.2034157514572144,-0.5146751999855042,14.262660026550293,5.547386169433594,5.458004474639893,33.40639818398631,28.629987681753896,818,4,113,0,8,,1,63,-7.824045658111572,5.784087657928467,-1.8588835000991821,OUTBOUND,-19.453397750854492,-0.07180404024958341,0.0031999999191612005
1,59,0.921875,1.1400172710418701,26.60011100769043,updated,1.2037776708602905,-0.5139365792274475,25.787471771240234,1.0195834636688232,0.9817507863044739,33.42605680497945,28.617863422134374,819,4,114,0,5,,1,63,-7.8240461349487305,5.775576114654541,-1.4702101945877075,OUTBOUND,-19.527223587036133,-0.049402590975596,0.0031999999191612005
1,57,0.890625,0.8191435933113098,26.773942947387695,updated,1.2041399478912354,-0.5201952457427979,36.184627532958984,0.21799059212207794,0.15134993195533752,33.44550476199947,28.605739002344613,820,4,115,0,7,,0,64,-7.8240461349487305,5.804821968078613,-1.5732303857803345,OUTBOUND,-19.638139724731445,-0.0306899781965114,0.0031999999191612005
1,59,0.921875,1.0099025964736938,26.939926147460938,updated,1.204501748085022,-0.5082298517227173,27.617734909057617,0.17037813365459442,0.09861291944980621,33.55548406398157,28.59359321311294,821,4,116,0,5,,0,64,-7.8240461349487305,5.735866546630859,-1.9764113426208496,OUTBOUND,-19.82068634033203,-0.0030242826689716677,0.0031999999191612005
1,57,0.890625,0.5936585664749146,27.049144744873047,updated,1.2048639059066772,-0.5210010409355164,19.00472640991211,5.656646728515625,5.656845569610596,33.57679540498066,28.58147292689727,822,4,117,0,7,,1,63,-7.8240461349487305,5.800086975097656,-1.7074888944625854,OUTBOUND,-19.965059280395508,0.015374552160036779,0.0031999999191612005
1,59,0.921875,0.32264310121536255,27.13842010498047,updated,1.2052265405654907,-0.5238949656486511,45.67802429199219,5.947066783905029,6.006573677062988,33.59742962298333,28.56933161941512,823,4,118,0,5,,1,63,-7.8240461349487305,5.811097621917725,-1.7701034545898438,OUTBOUND,-20.117948532104492,0.0331842897357262,0.0031999999191612005
1,59,0.921875,1.2048027515411377,27.007427215576172,updated,1.2055892944335938,-0.5199270248413086,4.034907817840576,0.06567472219467163,0.07982366532087326,33.616702865983825,28.557202178455626,824,4,119,0,5,,0,64,-7.8240461349487305,5.785309314727783,-1.7870348691940308,OUTBOUND,-20.013853073120117,0.058512765420131424,0.0031999999191612005
1,58,0.90625,1.1359729766845703,27.023826599121094,updated,1.2059524059295654,-0.523763120174408,27.33521270751953,5.747351169586182,5.689128398895264,33.63629671599483,28.545050649185235,825,4,120,0,6,,1,63,-7.8240461349487305,5.80134391784668,-1.760398507118225,OUTBOUND,-20.031936645507812,0.047586898835188844,0.0031999999191612005
1,61,0.953125,0.8804337382316589,27.02501106262207,updated,1.2063156366348267,-0.5229142904281616,27.126619338989258,5.700620174407959,5.5890350341796875,33.73796445198241,28.53291335315193,826,4,121,0,3,,1,63,-7.824045658111572,5.792307376861572,-1.7905431985855103,OUTBOUND,-20.06601905822754,0.03809317686022024,0.0031999999191612005
1,58,0.90625,0.4173451066017151,26.98646354675293,updated,1.206678867340088,-0.5216934084892273,7.943035125732422,0.7928515672683716,0.7997647523880005,33.75840414900449,28.520749559609033,827,4,122,0,6,,1,63,-7.8240461349487305,5.781314849853516,-1.8575143814086914,OUTBOUND,-20.04340362548828,0.04387646262870317,0.0031999999191612005
1,57,0.890625,1.0132368803024292,26.953062057495117,updated,1.207041621208191,-0.5149305462837219,15.314608573913574,0.7599206566810608,0.7861801385879517,33.780273301003035,28.508602213870887,828,4,123,0,7,,1,63,-7.8240461349487305,5.740860462188721,-1.8346556425094604,OUTBOUND,-20.02191925048828,0.05259972575941608,0.0031999999191612005
1,59,0.921875,0.7493974566459656,26.90814781188965,updated,1.2074040174484253,-0.5155969858169556,6.664798736572266,5.760064125061035,5.700117111206055,33.80006890898221,28.49645607046616,829,4,124,0,5,,1,63,-7.8240461349487305,5.740023136138916,-1.8560426235198975,OUTBOUND,-20.026599884033203,0.06565761705412229,0.0031999999191612005
1,58,0.90625,0.534665048122406,26.762252807617188,updated,1.2077662944793701,-0.5215566158294678,43.979496002197266,12.084179878234863,11.822599411010742,33.89891367297969,28.484306810215674,830,4,125,0,6,,3,61,-7.8240461349487305,5.7672810554504395,-1.7684420347213745,OUTBOUND,-19.89554214477539,0.060426407009198844,0.0031999999191612005
1,55,0.859375,0.8324683904647827,26.803544998168945,updated,1.2081284523010254,-0.5185174942016602,30.317031860351562,0.8285276889801025,0.8703619241714478,33.91993986198213,28.472163470778824,831,4,126,0,9,,1,63,-7.8240461349487305,5.7467827796936035,-1.6349178552627563,OUTBOUND,-19.884963989257812,0.056529884575630525,0.0031999999191612005
1,57,0.890625,1.2829328775405884,26.83795738220215,updated,1.2084898948669434,-0.5147923827171326,50.969505310058594,0.30863088369369507,0.34089046716690063,33.94372313999338,28.46001086479964,832,4,127,0,7,,0,64,-7.8240461349487305,5.722726821899414,-2.0129201412200928,OUTBOUND,-19.858217239379883,0.0616796828577916,0.0031999999191612005
1,59,0.921875,0.8902429938316345,26.950639724731445,updated,1.2088508605957031,-0.5144553780555725,16.355405807495117,5.752233982086182,5.644908905029297,33.965257731993916,28.447870658607503,833,4,128,0,5,,1,63,-7.8240461349487305,5.716644763946533,-1.923186182975769,OUTBOUND,-19.92211151123047,0.05400634837524266,0.0031999999191612005
1,62,0.96875,0.7179341912269592,27.123065948486328,updated,1.2092119455337524,-0.5236691236495972,30.692005157470703,0.8954286575317383,0.8611059188842773,33.98564775698469,28.435747489963568,834,4,129,0,2,,1,63,-7.824045658111572,5.760944843292236,-1.80707848072052,OUTBOUND,-20.028995513916016,0.06265307363098965,0.0031999999191612005
0,54,0.84375,0.8974215984344482,27.18010711669922,updated,1.2095732688903809,-0.528326690196991,8.152434349060059,5.803770065307617,5.711697578430176,34.00172317298711,28.423555196032183,835,4,130,1,10,NO_GENERATOR_SET,1,63,-7.824046611785889,5.781123638153076,-1.6390602588653564,OUTBOUND,-20.072919845581055,0.03415442429490618,0.0031999999191612005
0,57,0.890625,0.7803440093994141,27.342796325683594,updated,1.209935188293457,-0.5320125818252563,7.176484107971191,1.468929409980774,1.472418189048767,34.02097328999662,28.411379708658107,836,4,131,1,7,NO_GENERATOR_SET,2,62,-7.8240461349487305,5.796127796173096,-1.7323201894760132,OUTBOUND,-20.200340270996094,-0.06037997673403391,0.0031999999191612005
0,58,0.90625,0.9801740050315857,27.459733963012695,updated,1.210297703742981,-0.5357798933982849,19.862899780273438,0.12166734784841537,0.09029310941696167,34.04095916400547,28.399198215941418,837,4,132,1,6,NO_GENERATOR_SET,0,64,-7.8240461349487305,5.811507225036621,-2.0902209281921387,OUTBOUND,-20.322729110717773,-0.15573499521031528,0.0031999999191612005
1,58,0.90625,0.658359706401825,27.431961059570312,updated,1.2106603384017944,-0.5276281237602234,65.67058563232422,12.330613136291504,12.297895431518555,34.167986697983,28.386999013143964,838,4,133,0,6,,3,61,-7.8240461349487305,5.764385223388672,-1.9401625394821167,OUTBOUND,-20.459814071655273,-0.2071163360519875,0.0031999999191612005
1,53,0.828125,0.7599948644638062,27.42986297607422,updated,1.2110228538513184,-0.5277999043464661,2.7181203365325928,0.7481646537780762,0.7730115056037903,34.18893413900514,28.37479126608816,839,4,134,0,11,,1,63,-7.8240461349487305,5.760952472686768,-1.9272639751434326,OUTBOUND,-20.41974639892578,-0.20615386201421348,0.0031999999191612005
1,61,0.953125,0.7203356027603149,27.522144317626953,updated,1.2113854885101318,-0.5299409627914429,7.279774188995361,0.08160588890314102,0.08948346972465515,34.21158465498593,28.362586798660256,840,4,135,0,3,,0,64,-7.824045658111572,5.767817497253418,-1.6703640222549438,OUTBOUND,-20.507328033447266,-0.18562151929868667,0.0031999999191612005
1,59,0.921875,1.3995035886764526,27.509592056274414,updated,1.2117477655410767,-0.5262089371681213,15.461869239807129,0.13605107367038727,0.17569969594478607,34.23053202198935,28.350396882653634,841,4,136,0,5,,0,64,-7.8240461349487305,5.744034290313721,-1.981559157371521,OUTBOUND,-20.483003616333008,-0.1453962149032009,0.0031999999191612005
1,54,0.84375,0.7383050918579102,27.577852249145508,updated,1.2121105194091797,-0.5351737141609192,22.82358169555664,5.902497291564941,5.782928466796875,34.250802541995654,28.338252650337083,842,4,137,0,10,,1,63,-7.824046611785889,5.786437034606934,-1.9668564796447754,OUTBOUND,-20.581295013427734,-0.14155169272781268,0.0031999999191612005
1,58,0.90625,1.0419857501983643,27.50798797607422,updated,1.2124732732772827,-0.5306130647659302,13.178304672241211,0.11771206557750702,0.1560884565114975,34.27149396200548,28.326079514634337,843,4,138,0,6,,0,64,-7.8240461349487305,5.758392810821533,-1.452694296836853,OUTBOUND,-20.50800323486328,-0.14585983660627314,0.0031999999191612005
1,56,0.875,1.1647348403930664,27.55197525024414,updated,1.2128360271453857,-0.5335795283317566,7.209874153137207,0.7496839761734009,0.7760890126228333,34.37602703698212,28.313918728542987,844,4,139,0,8,,1,63,-7.824045658111572,5.76950740814209,-1.7143211364746094,OUTBOUND,-20.53528594970703,-0.11539063088019669,0.0031999999191612005
1,60,0.9375,0.5396261215209961,27.474992752075195,updated,1.213198184967041,-0.522408127784729,18.917354583740234,0.12758800387382507,0.17540781199932098,34.39716944997781,28.30178851005702,845,4,140,0,4,,0,64,-7.824045658111572,5.707318305969238,-1.7078471183776855,OUTBOUND,-20.507953643798828,-0.10790823571067826,0.0031999999191612005
1,56,0.875,0.6346020102500916,27.704416275024414,updated,1.2135611772537231,-0.5434437990188599,18.666885375976562,0.13505080342292786,0.15684595704078674,34.424630257999524,28.289667140437857,846,4,141,0,8,,0,64,-7.824045658111572,5.811982154846191,-1.8146936893463135,OUTBOUND,-20.563941955566406,-0.1111189465031272,0.0031999999191612005
1,58,0.90625,0.7270796298980713,27.775632858276367,updated,1.2139241695404053,-0.5370420813560486,10.223054885864258,0.09651029855012894,0.1048426479101181,34.448417534993496,28.277564866957476,847,4,142,0,6,,0,64,-7.8240461349487305,5.774563789367676,-1.8808226585388184,OUTBOUND,-20.669635772705078,-0.10967203091790682,0.0031999999191612005
0,59,0.921875,0.634779691696167,27.852434158325195,updated,1.2142868041992188,-0.5274971127510071,3.911890745162964,0.09383980929851532,0.10280471295118332,34.54869720098213,28.265399540517585,848,4,143,1,5,STALE_OR_INCOMPLETE_BUNDLE,0,64,-7.8240461349487305,5.721045017242432,-1.808111548423767,OUTBOUND,-20.824851989746094,-0.16100325946506908,0.0031999999191612005
1,52,0.8125,0.4978950023651123,27.929412841796875,updated,1.2146492004394531,-0.5320775508880615,4.522220611572266,0.08463514596223831,0.10250841081142426,34.57156593998661,28.253210421258306,849,4,144,0,12,,0,64,-7.8240461349487305,5.740450382232666,-1.7423983812332153,OUTBOUND,-20.854557037353516,-0.21514158896460814,0.0031999999191612005
1,62,0.96875,0.5871493220329285,28.027881622314453,updated,1.2150119543075562,-0.539352297782898,38.09414291381836,6.127981185913086,6.103407859802246,34.59471482798108,28.24103879258794,850,4,145,0,2,,1,63,-7.824045658111572,5.773656368255615,-1.845054030418396,OUTBOUND,-21.015066146850586,-0.23768456431199703,0.0031999999191612005
1,59,0.921875,1.0884002447128296,27.919124603271484,updated,1.2153750658035278,-0.5436916947364807,4.097807884216309,0.08644625544548035,0.09924258291721344,34.61591790500097,28.22885094123854,851,4,146,0,5,,0,64,-7.8240461349487305,5.791686058044434,-1.8102083206176758,OUTBOUND,-20.883281707763672,-0.2544929150281574,0.0031999999191612005
1,59,0.921875,0.7802830338478088,27.894723892211914,updated,1.2157384157180786,-0.5386969447135925,4.352672576904297,0.07051493972539902,0.08623960614204407,34.63498404700658,28.216658018435982,852,4,147,0,5,,0,64,-7.8240461349487305,5.761800765991211,-1.6684995889663696,OUTBOUND,-20.93623161315918,-0.24603267649192664,0.0031999999191612005
1,57,0.890625,0.7366582155227661,27.936676025390625,updated,1.2161020040512085,-0.5446761846542358,2.719534397125244,0.1115855798125267,0.12475959211587906,34.65523176899296,28.204473698200243,853,4,148,0,7,,0,64,-7.8240461349487305,5.788183689117432,-1.9075775146484375,OUTBOUND,-20.876977920532227,-0.24195801385777027,0.0031999999191612005
1,54,0.84375,0.8236458897590637,27.908823013305664,updated,1.2164653539657593,-0.535433828830719,23.2874698638916,6.194858074188232,6.093382835388184,34.67540473799454,28.192305383857573,854,4,149,0,10,,1,63,-7.824046611785889,5.736682415008545,-1.9004974365234375,OUTBOUND,-20.947032928466797,-0.2588824088914918,0.0031999999191612005
0,56,0.875,0.8182734251022339,27.89632797241211,updated,1.2168292999267578,-0.5474337935447693,11.814529418945312,0.8025383353233337,0.8404026031494141,34.77970525698038,28.180082500593947,855,4,150,1,8,WATCHDOG_DEADLINE,1,63,-7.824045658111572,5.793750762939453,-1.9962613582611084,OUTBOUND,-20.861263275146484,-0.2962130701386777,0.0031999999191612005
1,55,0.859375,0.9636728167533875,27.782297134399414,updated,1.2171928882598877,-0.5374297499656677,13.833334922790527,0.9224963784217834,0.9423944354057312,34.799849670002004,28.167856529989926,856,4,151,0,9,,1,63,-7.8240461349487305,5.738516330718994,-1.8675287961959839,OUTBOUND,-20.794599533081055,-0.32273135888037047,0.0031999999191612005
1,57,0.890625,1.2095096111297607,28.005474090576172,updated,1.2175567150115967,-0.5452291369438171,19.438636779785156,0.11463799327611923,0.14458853006362915,34.819643488997826,28.15562359862627,857,4,152,0,7,,0,64,-7.8240461349487305,5.774035930633545,-1.7485700845718384,OUTBOUND,-20.940366744995117,-0.33398094084865165,0.0031999999191612005
1,61,0.953125,0.6269780993461609,28.03460121154785,updated,1.2179208993911743,-0.5472558736801147,22.003658294677734,0.09978419542312622,0.13046830892562866,34.83888418099377,28.143374464582244,858,4,153,0,3,,0,64,-7.824045658111572,5.7801194190979,-1.7129266262054443,OUTBOUND,-20.922657012939453,-0.34149719833075753,0.0031999999191612005
1,62,0.96875,0.6246515512466431,28.06500816345215,updated,1.2182855606079102,-0.552484393119812,12.582047462463379,6.294532775878906,6.238762855529785,34.858340935985325,28.13111929786044,859,4,154,0,2,,1,63,-7.824045658111572,5.802424430847168,-1.996151328086853,OUTBOUND,-20.957290649414062,-0.32830715636721614,0.0031999999191612005
1,57,0.890625,0.6109845638275146,28.138818740844727,updated,1.218650221824646,-0.5433546900749207,6.318661212921143,0.8147057890892029,0.8136661648750305,34.95829235299607,28.118881474155938,860,4,155,0,7,,1,63,-7.8240461349487305,5.75193452835083,-1.7430671453475952,OUTBOUND,-21.059207916259766,-0.31151006186300717,0.0031999999191612005
1,59,0.921875,1.5074657201766968,28.149169921875,updated,1.2190152406692505,-0.5525341629981995,20.679513931274414,0.141791433095932,0.14549310505390167,34.98334152199095,28.10665717298513,861,4,156,0,5,,0,64,-7.8240461349487305,5.794190883636475,-1.7309472560882568,OUTBOUND,-21.027109146118164,-0.30998156339873395,0.0031999999191612005
1,52,0.8125,0.44835782051086426,28.33521842956543,updated,1.2193808555603027,-0.5561859607696533,16.786550521850586,1.5797033309936523,1.5953689813613892,35.00268679400324,28.094420016115475,862,4,157,0,12,,2,62,-7.8240461349487305,5.80840539932251,-1.8162580728530884,OUTBOUND,-21.20733642578125,-0.32247511479572555,0.0031999999191612005
1,54,0.84375,0.8155565857887268,28.270706176757812,updated,1.219746708869934,-0.551662802696228,15.487807273864746,0.09952398389577866,0.09372261166572571,35.0232232749986,28.082164755295032,863,4,158,0,10,,0,64,-7.824046611785889,5.7813544273376465,-1.7689889669418335,OUTBOUND,-21.17658805847168,-0.34502148773426006,0.0031999999191612005
1,58,0.90625,0.8440240025520325,28.183324813842773,updated,1.2201124429702759,-0.5485049486160278,27.81206703186035,7.070859432220459,7.039865970611572,35.042868077987805,28.06988669086746,864,4,159,0,6,,2,62,-7.8240461349487305,5.761257171630859,-1.5815571546554565,OUTBOUND,-21.142778396606445,-0.3496191365960385,0.0031999999191612005
0,55,0.859375,1.046449065208435,28.313751220703125,updated,1.2204787731170654,-0.5588547587394714,18.608421325683594,6.337636470794678,6.247089862823486,35.14260984599241,28.05759692525398,865,4,160,1,9,STALE_OR_INCOMPLETE_BUNDLE,1,63,-7.8240461349487305,5.809120178222656,-1.8039904832839966,OUTBOUND,-21.255043029785156,-0.30745197623068565,0.0031999999191612005
1,55,0.859375,0.5420020818710327,28.257341384887695,updated,1.2208449840545654,-0.5511398315429688,18.954750061035156,0.1889340877532959,0.20749688148498535,35.163649007998174,28.045375031509195,866,4,161,0,9,,0,64,-7.8240461349487305,5.766167163848877,-1.6012513637542725,OUTBOUND,-21.188220977783203,-0.27250823446773714,0.0031999999191612005
1,60,0.9375,1.1814731359481812,28.22390365600586,updated,1.2212109565734863,-0.5480958223342896,6.653631687164307,0.8320907950401306,0.8343647122383118,35.18584791899775,28.033145308626676,867,4,162,0,4,,1,63,-7.824045658111572,5.74675178527832,-1.7456984519958496,OUTBOUND,-21.187389373779297,-0.2829609875620799,0.0031999999191612005
1,59,0.921875,0.6231297254562378,28.20897674560547,updated,1.2215766906738281,-0.5483991503715515,4.828938007354736,6.450586795806885,6.379762649536133,35.20495417600614,28.020909058768684,868,4,163,0,5,,1,63,-7.8240461349487305,5.744150161743164,-1.5840091705322266,OUTBOUND,-21.193811416625977,-0.2900348989837184,0.0031999999191612005
1,58,0.90625,0.6804501414299011,28.28406524658203,updated,1.2219427824020386,-0.5576947927474976,27.81705665588379,0.17602777481079102,0.22218890488147736,35.22449485299876,28.008676414774506,869,4,164,0,6,,0,64,-7.8240461349487305,5.786489486694336,-1.6571428775787354,OUTBOUND,-21.149202346801758,-0.28439233129485253,0.0031999999191612005
1,60,0.9375,0.6853428483009338,28.393291473388672,updated,1.222308874130249,-0.55379319190979,23.19026756286621,0.13877815008163452,0.16509227454662323,35.24412167898845,27.996441643934084,870,4,165,0,4,,0,64,-7.824045658111572,5.76285982131958,-1.6812022924423218,OUTBOUND,-21.261333465576172,-0.28453961065404076,0.0031999999191612005
1,57,0.890625,0.9047294855117798,28.461029052734375,updated,1.2226747274398804,-0.5524691343307495,29.799238204956055,0.14191657304763794,0.17187607288360596,35.26672757198685,27.984190469194434,871,4,166,0,7,,0,64,-7.8240461349487305,5.75214147567749,-1.6562645435333252,OUTBOUND,-21.30870819091797,-0.2903800005113074,0.0031999999191612005
1,58,0.90625,1.197581171989441,28.75326919555664,updated,1.2230415344238281,-0.5682912468910217,6.958524227142334,0.1029888167977333,0.11500804126262665,35.37062072599656,27.971943253045225,872,4,167,0,6,,0,64,-7.8240461349487305,5.826744556427002,-2.272962808609009,OUTBOUND,-21.463136672973633,-0.2865439156161562,0.0031999999191612005
1,58,0.90625,0.8812065720558167,28.757919311523438,updated,1.2234078645706177,-0.5503892302513123,3.967211961746216,0.07130373269319534,0.08645758032798767,35.39114270498976,27.959716326452764,873,4,168,0,6,,0,64,-7.8240461349487305,5.733620643615723,-1.6808229684829712,OUTBOUND,-21.641658782958984,-0.2782972647593378,0.0031999999191612005
1,56,0.875,0.886151909828186,28.940534591674805,updated,1.223774790763855,-0.5656940340995789,10.32044792175293,0.07311280816793442,0.09610223770141602,35.410279842006275,27.947496344979015,874,4,169,0,8,,0,64,-7.824045658111572,5.805461406707764,-1.7186172008514404,OUTBOUND,-21.76319122314453,-0.2806864924042344,0.0031999999191612005
1,57,0.890625,0.6085097193717957,28.88557243347168,updated,1.2241419553756714,-0.5643680095672607,15.151446342468262,0.08007610589265823,0.10266050696372986,35.42835115699563,27.935263678770628,875,4,170,0,7,,0,64,-7.8240461349487305,5.794728755950928,-1.778856635093689,OUTBOUND,-21.787246704101562,-0.26517700272486416,0.0031999999191612005
0,55,0.859375,0.8589556217193604,28.939851760864258,updated,1.224509358406067,-0.5612859725952148,35.699867248535156,0.9094589352607727,0.9585890173912048,35.4418876869895,27.922999087049057,876,4,171,1,9,INSUFFICIENT_RECOVERY_RESERVE,1,63,-7.8240461349487305,5.775343418121338,-1.7187920808792114,OUTBOUND,-21.9013729095459,-0.19791089869214323,0.0031999999191612005
0,55,0.859375,0.7020477056503296,28.898515701293945,updated,1.2248773574829102,-0.5696194767951965,12.683735847473145,0.10148927569389343,0.11448314785957336,35.45615695900051,27.910817306187663,877,4,172,1,9,INSUFFICIENT_RECOVERY_RESERVE,0,64,-7.8240461349487305,5.812376976013184,-1.9305012226104736,OUTBOUND,-21.82109832763672,-0.09822359653027705,0.0031999999191612005
0,55,0.859375,0.649302065372467,28.711572647094727,updated,1.2252451181411743,-0.5593274831771851,47.62273025512695,6.859206199645996,6.786489963531494,35.553253543999745,27.898718488705214,878,4,173,1,9,INSUFFICIENT_RECOVERY_RESERVE,1,63,-7.8240461349487305,5.757471084594727,-2.0499606132507324,OUTBOUND,-21.799457550048828,0.0007069487273845827,0.0031999999191612005
0,56,0.875,0.8699283599853516,28.50043296813965,updated,1.2256132364273071,-0.5680498480796814,42.72562026977539,7.974392890930176,7.8200788497924805,35.56842337598209,27.886642751644153,879,4,174,1,8,INSUFFICIENT_RECOVERY_RESERVE,3,61,-7.824045658111572,5.796334743499756,-1.5706645250320435,OUTBOUND,-21.56829071044922,0.08679796070023804,0.0031999999191612005
0,56,0.875,0.6534242630004883,28.506458282470703,updated,1.2259814739227295,-0.5668204426765442,35.24953079223633,0.1613314151763916,0.22276794910430908,35.5851508390042,27.874529264974523,880,4,175,1,8,INSUFFICIENT_RECOVERY_RESERVE,0,64,-7.824045658111572,5.78616189956665,-1.790691614151001,OUTBOUND,-21.508819580078125,0.14875732538443653,0.0031999999191612005
1,60,0.9375,0.3821898400783539,28.552555084228516,updated,1.226349949836731,-0.5664942264556885,53.211185455322266,0.2625187039375305,0.33801203966140747,35.605866209982196,27.86239014227106,881,4,176,0,4,,0,64,-7.824045658111572,5.780452251434326,-1.6602720022201538,OUTBOUND,-21.47620391845703,0.17526609187135905,0.0031999999191612005
1,57,0.890625,1.1199485063552856,28.45574188232422,updated,1.2267184257507324,-0.5663205981254578,46.08320999145508,1.013231635093689,1.052314281463623,35.626658778986894,27.850250418571836,882,4,177,0,7,,1,63,-7.8240461349487305,5.77550745010376,-1.7006691694259644,OUTBOUND,-21.27287483215332,0.162414505665039,0.0031999999191612005
1,60,0.9375,1.04402756690979,28.813404083251953,updated,1.2270872592926025,-0.572529673576355,40.98701095581055,0.24902872741222382,0.25950896739959717,35.648653270996874,27.83813768533808,883,4,178,0,4,,0,64,-7.824045658111572,5.801811218261719,-1.7541179656982422,OUTBOUND,-21.5438232421875,0.15321633555270056,0.0031999999191612005
1,59,0.921875,1.544326663017273,28.976884841918945,updated,1.22745680809021,-0.5786193609237671,13.59994125366211,1.4836145639419556,1.4359616041183472,35.7559743069869,27.82601135597045,884,4,179,0,5,,2,62,-7.8240461349487305,5.827453136444092,-2.215233564376831,OUTBOUND,-21.64818572998047,0.15191494694829738,0.0031999999191612005
1,59,0.921875,1.1005321741104126,28.879093170166016,updated,1.2278262376785278,-0.5671162009239197,52.7657356262207,13.896649360656738,13.800324440002441,35.775908442999935,27.81389949746445,885,4,180,0,5,,3,61,-7.8240461349487305,5.767170429229736,-1.9106961488723755,OUTBOUND,-21.732959747314453,0.1520785834890839,0.0031999999191612005
1,58,0.90625,0.8279428482055664,28.916954040527344,updated,1.228195309638977,-0.5631948113441467,29.77592658996582,7.2988176345825195,7.219454765319824,35.7961558039824,27.801777623680067,886,4,181,0,6,,2,62,-7.8240461349487305,5.7440080642700195,-1.9360153675079346,OUTBOUND,-21.843048095703125,0.14909458431345418,0.0031999999191612005
1,54,0.84375,0.9270803332328796,28.916719436645508,updated,1.228564739227295,-0.5762156844139099,5.180914878845215,1.4569876194000244,1.4023263454437256,35.81625926599372,27.789665157562702,887,4,182,0,10,,2,62,-7.824046611785889,5.803344249725342,-1.8543661832809448,OUTBOUND,-21.764564514160156,0.11928301481188354,0.0031999999191612005
1,58,0.90625,0.4720262885093689,28.7197322845459,updated,1.2289339303970337,-0.5681096911430359,2.5751352310180664,6.789660453796387,6.735274791717529,35.83513016300276,27.777584183209697,888,4,183,0,6,,1,63,-7.8240461349487305,5.75986909866333,-1.7935898303985596,OUTBOUND,-21.675472259521484,0.11647701037776467,0.0031999999191612005
1,58,0.90625,0.8950710892677307,28.972070693969727,updated,1.2293026447296143,-0.5638034343719482,24.03368377685547,0.8007091879844666,0.7709190845489502,35.85507255297853,27.765473762630883,889,4,184,0,6,,1,63,-7.8240461349487305,5.734956741333008,-1.6815497875213623,FAILURE,-21.851280212402344,0.11468609956804311,0.0031999999191612005
1,59,0.921875,0.8384285569190979,28.996511459350586,updated,1.2296714782714844,-0.5720532536506653,33.8699951171875,0.17663437128067017,0.1828765720129013,35.964666665997356,29.987988132499016,890,5,1,0,5,,0,64,-7.8240461349487305,5.770943641662598,-1.7343140840530396,OUTBOUND,-21.818700790405273,-0.010301637836240727,0.0031999999191612005
1,57,0.890625,0.9410524368286133,29.127429962158203,updated,1.230040431022644,-0.5741853713989258,37.06283950805664,0.2307770699262619,0.2750294804573059,35.98570664500585,29.97594474696733,891,5,2,0,7,,0,64,-7.8240461349487305,5.777235984802246,-2.0343620777130127,OUTBOUND,-21.8796329498291,-0.026904807840944563,0.0031999999191612005
1,54,0.84375,0.6295391321182251,29.195133209228516,updated,1.2304097414016724,-0.5790477395057678,20.73352813720703,6.789188385009766,6.715362071990967,36.005211782990955,29.963913226236794,892,5,3,0,10,,1,63,-7.824046611785889,5.796696186065674,-1.821445345878601,OUTBOUND,-21.986677169799805,-0.050243742376284116,0.0031999999191612005
1,55,0.859375,0.5311486124992371,29.201641082763672,updated,1.2307794094085693,-0.5795331597328186,19.2797794342041,0.11962509155273438,0.14905327558517456,36.02594055599184,29.95186962218214,893,5,4,0,9,,0,64,-7.8240461349487305,5.794988632202148,-1.940991759300232,OUTBOUND,-21.96126365661621,-0.07504578946388392,0.0031999999191612005
1,55,0.859375,0.9290125370025635,29.495059967041016,updated,1.2311502695083618,-0.5956358313560486,1.8606572151184082,0.7790307402610779,0.779052734375,36.045501490996685,29.93980737124949,894,5,5,0,9,,1,63,-7.8240461349487305,5.868493556976318,-2.2079930305480957,OUTBOUND,-22.122013092041016,-0.09410733867997408,0.0031999999191612005
1,54,0.84375,0.7788704037666321,29.200037002563477,updated,1.2315202951431274,-0.5633202791213989,83.58009338378906,14.323213577270508,14.094574928283691,36.06431070200051,29.927741262188828,895,5,6,0,10,,3,61,-7.824046611785889,5.70893669128418,-2.1051955223083496,OUTBOUND,-22.23040008544922,-0.07765972539126122,0.0031999999191612005
1,58,0.90625,1.2195428609848022,29.427640914916992,updated,1.2318907976150513,-0.5861085057258606,14.218551635742188,0.12014450132846832,0.13041430711746216,36.168022772995755,29.91569147816527,896,5,7,0,6,,0,64,-7.8240461349487305,5.814455032348633,-1.9834699630737305,OUTBOUND,-22.296728134155273,-0.036227384572821986,0.0031999999191612005
1,61,0.953125,0.7446125745773315,29.246450424194336,updated,1.2322617769241333,-0.5860447287559509,27.098302841186523,0.14279554784297943,0.17248445749282837,36.18923800298944,29.903678683679363,897,5,8,0,3,,0,64,-7.824045658111572,5.810088634490967,-1.970080018043518,OUTBOUND,-22.0732364654541,-0.0028569377305774045,0.0031999999191612005
1,52,0.8125,0.9078783392906189,29.414386749267578,updated,1.2326326370239258,-0.5782259702682495,4.304518222808838,0.7348381280899048,0.7134058475494385,36.20848922998994,29.89164666608223,898,5,9,0,12,,1,63,-7.8240461349487305,5.768600940704346,-1.822460651397705,OUTBOUND,-22.214290618896484,0.00037032510063938606,0.0031999999191612005
1,55,0.859375,0.9104074835777283,29.4947509765625,updated,1.2330039739608765,-0.5881702303886414,13.989319801330566,0.11466993391513824,0.12334010750055313,36.22954709199257,29.879602184587675,899,5,10,0,9,,0,64,-7.8240461349487305,5.81216287612915,-1.889374852180481,OUTBOUND,-22.292774200439453,-0.010471849854878916,0.0031999999191612005
0,57,0.890625,0.2420022338628769,29.482126235961914,updated,1.2333754301071167,-0.5827136635780334,1.9244194030761719,0.8156391978263855,0.8421158194541931,36.33251647799625,29.867487443388494,900,5,11,1,7,STALE_OR_INCOMPLETE_BUNDLE,1,63,-7.8240461349487305,5.782068252563477,-1.7908072471618652,OUTBOUND,-22.295427322387695,0.03114906577234941,0.0031999999191612005
1,58,0.90625,0.6082208156585693,29.477445602416992,updated,1.2337462902069092,-0.576375424861908,32.730464935302734,7.057563304901123,7.009337902069092,36.359788535977714,29.85539163013234,901,5,12,0,6,,1,63,-7.8240461349487305,5.747856616973877,-1.8640230894088745,OUTBOUND,-22.408369064331055,0.08706645746373441,0.0031999999191612005
1,59,0.921875,0.7833031415939331,29.49761199951172,updated,1.2341164350509644,-0.567730188369751,7.1385416984558105,0.09732013940811157,0.10104950517416,36.379468400002224,29.84326925477274,902,5,13,0,5,,0,64,-7.8240461349487305,5.702765464782715,-1.7049250602722168,OUTBOUND,-22.454893112182617,0.07528622795125711,0.0031999999191612005
1,57,0.890625,1.057592511177063,29.439390182495117,updated,1.2344865798950195,-0.5847736597061157,19.395530700683594,7.082171440124512,7.034107208251953,36.402489914005855,29.831176168604397,903,5,14,0,7,,1,63,-7.8240461349487305,5.779933929443359,-1.8504552841186523,OUTBOUND,-22.309398651123047,0.03890008039588721,0.0031999999191612005
1,60,0.9375,0.5454061031341553,29.452198028564453,updated,1.2348573207855225,-0.5903660655021667,35.06317901611328,0.18671315908432007,0.22323553264141083,36.42573009998887,29.819105343705882,904,5,15,0,4,,0,64,-7.824045658111572,5.802522659301758,-1.9257179498672485,OUTBOUND,-22.242746353149414,0.024891860002737014,0.0031999999191612005
1,57,0.890625,0.8460360765457153,29.558320999145508,updated,1.235228419303894,-0.5918806195259094,17.37018585205078,0.8742216229438782,0.8785051703453064,36.446240930003114,29.807027709094267,905,5,16,0,7,,1,63,-7.8240461349487305,5.805715084075928,-1.6456867456436157,OUTBOUND,-22.321388244628906,0.037745604455372825,0.0031999999191612005
1,54,0.84375,0.8489623069763184,29.54339599609375,updated,1.2355995178222656,-0.5841792225837708,21.70985221862793,7.7172627449035645,7.605011940002441,36.4682768539933,29.794936364616934,906,5,17,0,10,,2,62,-7.824046611785889,5.765268325805664,-1.910906434059143,OUTBOUND,-22.3925838470459,0.03429432220413135,0.0031999999191612005
0,58,0.90625,0.9523553848266602,29.44631576538086,updated,1.235970139503479,-0.5807737112045288,12.570713996887207,7.139615535736084,7.075058460235596,36.56901213398669,29.78278827911304,907,5,18,1,6,WATCHDOG_DEADLINE,1,63,-7.8240461349487305,5.745244979858398,-1.797333836555481,OUTBOUND,-22.381832122802734,0.06381501818853084,0.0031999999191612005
1,60,0.9375,0.5048043727874756,29.510595321655273,updated,1.2363406419754028,-0.5824877023696899,29.573474884033203,0.18471983075141907,0.21362937986850739,36.58973408298334,29.77064687886115,908,5,19,0,4,,0,64,-7.824045658111572,5.749447822570801,-1.7363007068634033,OUTBOUND,-22.376319885253906,0.10115039986758521,0.0031999999191612005
1,56,0.875,0.5856203436851501,29.664480209350586,updated,1.2367112636566162,-0.5883474946022034,20.211145401000977,0.7268704771995544,0.7094646096229553,36.60926596898935,29.75850035434873,909,5,20,0,8,,1,63,-7.824045658111572,5.773184299468994,-1.5543279647827148,OUTBOUND,-22.476299285888672,0.0799797275516612,0.0031999999191612005
1,57,0.890625,0.7736459374427795,29.761579513549805,updated,1.2370821237564087,-0.5906800627708435,24.681961059570312,0.13533757627010345,0.1512242555618286,36.633124375977786,29.74636301680516,910,5,21,0,7,,0,64,-7.8240461349487305,5.780250549316406,-1.8338979482650757,OUTBOUND,-22.513273239135742,0.05955411061050911,0.0031999999191612005
1,53,0.828125,0.9580069184303284,29.893112182617188,updated,1.2374531030654907,-0.5916305780410767,14.121298789978027,0.15607307851314545,0.16324838995933533,36.65457954298472,29.73420631594793,911,5,22,0,11,,0,64,-7.8240461349487305,5.780800819396973,-1.617997646331787,OUTBOUND,-22.650480270385742,0.06697163397369994,0.0031999999191612005
1,61,0.953125,0.9843063950538635,29.9263973236084,updated,1.2378238439559937,-0.5847020149230957,10.26479434967041,0.12671081721782684,0.14966459572315216,36.75986374999047,29.722054658897136,912,5,23,0,3,,0,64,-7.824045658111572,5.7443671226501465,-1.8487311601638794,OUTBOUND,-22.696693420410156,0.07805869078511576,0.0031999999191612005
1,57,0.890625,1.3262096643447876,30.03763198852539,updated,1.238194227218628,-0.5857837796211243,43.56276321411133,7.084414482116699,6.991065502166748,36.779021884984104,29.709888976577542,913,5,24,0,7,,1,63,-7.8240461349487305,5.745584964752197,-1.636514663696289,OUTBOUND,-22.874364852905273,0.07132711797623931,0.0031999999191612005
1,54,0.84375,1.625521183013916,30.091983795166016,updated,1.23856520652771,-0.5962139964103699,24.953041076660156,1.4541019201278687,1.4668742418289185,36.79898913099896,29.69774237000758,914,5,25,0,10,,2,62,-7.824046611785889,5.790557384490967,-1.821000576019287,OUTBOUND,-22.92791748046875,0.050555102365026854,0.0031999999191612005
1,61,0.953125,0.9318379759788513,30.06501007080078,updated,1.2389360666275024,-0.5909000635147095,2.708651065826416,0.08034545183181763,0.09470541775226593,36.81901619298151,29.685632522698896,915,5,26,0,3,,0,64,-7.824045658111572,5.761813640594482,-1.6203235387802124,OUTBOUND,-22.925960540771484,0.034071796359743854,0.0031999999191612005
1,57,0.890625,0.7345583438873291,30.083309173583984,updated,1.2393074035644531,-0.5992708802223206,9.226276397705078,0.8409064412117004,0.8288252353668213,36.83920180800487,29.6735180774066,916,5,27,0,7,,1,63,-7.8240461349487305,5.797024726867676,-1.6358453035354614,OUTBOUND,-22.929542541503906,0.026603440137299053,0.0031999999191612005
0,58,0.90625,1.0525466203689575,29.9509220123291,updated,1.239677906036377,-0.5804876089096069,7.788338661193848,0.1617680937051773,0.18977640569210052,36.93904410098912,29.661332849559983,917,5,28,1,6,WATCHDOG_DEADLINE,0,64,-7.8240461349487305,5.705572128295898,-1.8051180839538574,OUTBOUND,-22.85276222229004,0.06076195274837394,0.0031999999191612005
1,57,0.890625,0.640288233757019,29.961366653442383,updated,1.2400487661361694,-0.5963607430458069,18.394062042236328,0.11946416646242142,0.15854015946388245,36.95980828200118,29.649161962545154,918,5,29,0,7,,0,64,-7.8240461349487305,5.775686740875244,-2.002974510192871,OUTBOUND,-22.790790557861328,0.10753932957283387,0.0031999999191612005
1,61,0.953125,0.8299067616462708,30.036890029907227,updated,1.2404193878173828,-0.5904308557510376,16.640483856201172,0.1092831939458847,0.14280100166797638,36.97998165199533,29.636958367433408,919,5,30,0,3,,0,64,-7.824045658111572,5.744266510009766,-1.5709471702575684,OUTBOUND,-22.883392333984375,0.1098133781100678,0.0031999999191612005
1,55,0.859375,0.9922908544540405,30.204086303710938,updated,1.2407902479171753,-0.5986878871917725,9.805229187011719,0.1475929170846939,0.17029878497123718,36.99979896299192,29.62477255582303,920,5,31,0,9,,0,64,-7.8240461349487305,5.778785228729248,-1.5234941244125366,OUTBOUND,-22.945419311523438,0.08382692204568397,0.0031999999191612005
1,58,0.90625,0.5149973034858704,30.280763626098633,updated,1.2411613464355469,-0.5982246994972229,1.63778817653656,0.09507828205823898,0.11025448143482208,37.019689401990036,29.612637015008485,921,5,32,0,6,,0,64,-7.8240461349487305,5.772787094116211,-1.8051903247833252,OUTBOUND,-23.06610107421875,0.04333856028297318,0.0031999999191612005
1,58,0.90625,1.0967693328857422,30.00162124633789,updated,1.2415322065353394,-0.5918015241622925,74.4262466430664,15.094568252563477,14.872215270996094,37.03864384899498,29.6005028028767,922,5,33,0,6,,3,61,-7.8240461349487305,5.7392191886901855,-1.801445722579956,OUTBOUND,-22.930484771728516,0.018526622884245926,0.0031999999191612005
1,58,0.90625,0.5780661702156067,30.0029239654541,updated,1.2419031858444214,-0.5988507270812988,30.213233947753906,8.088218688964844,8.044588088989258,37.06041084197932,29.58835509116679,923,5,34,0,6,,2,62,-7.8240461349487305,5.768019676208496,-1.7887787818908691,OUTBOUND,-22.981536865234375,-0.0010885817902443035,0.0031999999191612005
0,57,0.890625,1.1131538152694702,29.94868278503418,updated,1.242274284362793,-0.5969356894493103,22.7365665435791,0.7722765803337097,0.7466357946395874,37.16081587199005,29.576136752312276,924,5,35,1,7,WATCHDOG_DEADLINE,1,63,-7.8240461349487305,5.755362510681152,-1.6181422472000122,OUTBOUND,-22.83205795288086,0.028106204444354157,0.0031999999191612005
1,58,0.90625,1.175400733947754,30.06778335571289,updated,1.242645502090454,-0.6020894050598145,45.787906646728516,0.2454381138086319,0.23877787590026855,37.18102562599233,29.563959266220078,925,5,36,0,6,,0,64,-7.8240461349487305,5.775325298309326,-1.9603792428970337,OUTBOUND,-22.87967872619629,0.06269107809764833,0.0031999999191612005
1,56,0.875,0.6994978189468384,30.06209373474121,updated,1.243017315864563,-0.6078663468360901,8.51357364654541,7.401438236236572,7.310603141784668,37.2017138429801,29.551782630107663,926,5,37,0,8,,1,63,-7.824045658111572,5.798099517822266,-1.8723409175872803,OUTBOUND,-22.807437896728516,0.0739621937219215,0.0031999999191612005
1,57,0.890625,0.5624606609344482,30.1579532623291,updated,1.24338960647583,-0.6064745187759399,1.5210989713668823,8.205601692199707,8.124789237976074,37.22360371699324,29.53958508352407,927,5,38,0,7,,2,62,-7.8240461349487305,5.787853717803955,-1.7273452281951904,OUTBOUND,-22.897701263427734,0.10550662595811568,0.0031999999191612005
1,58,0.90625,0.35882776975631714,30.25305938720703,updated,1.2437621355056763,-0.6071635484695435,45.522701263427734,0.3134593963623047,0.327396422624588,37.24327639999683,29.52736754362861,928,5,39,0,6,,0,64,-7.8240461349487305,5.787184238433838,-1.8338524103164673,OUTBOUND,-22.94536781311035,0.1110099107193084,0.0031999999191612005
1,58,0.90625,1.0671216249465942,30.349855422973633,updated,1.244134783744812,-0.6058319211006165,31.127050399780273,0.969563901424408,0.9786844849586487,37.34693632798735,29.51517129468994,929,5,40,0,6,,1,63,-7.8240461349487305,5.777252197265625,-1.999295711517334,OUTBOUND,-23.03915786743164,0.09087744834945341,0.0031999999191612005
1,56,0.875,1.0949243307113647,30.27919578552246,updated,1.244506597518921,-0.5887197852134705,15.437926292419434,8.253701210021973,8.180931091308594,37.36811921498156,29.502962729401574,930,5,41,0,8,,2,62,-7.824045658111572,5.69510555267334,-1.7575170993804932,OUTBOUND,-23.12070655822754,0.06534603012595697,0.0031999999191612005
1,59,0.921875,0.7116162180900574,30.571443557739258,updated,1.2448787689208984,-0.6079804301261902,5.357243537902832,0.7486414909362793,0.7235846519470215,37.38886152399937,29.49077984524945,931,5,42,0,5,,1,63,-7.8240461349487305,5.779476642608643,-1.9918203353881836,OUTBOUND,-23.28070831298828,0.031106708348240145,0.0031999999191612005
1,58,0.90625,0.7684394121170044,30.50322914123535,updated,1.2452515363693237,-0.615077555179596,26.114727020263672,7.594133377075195,7.5173845291137695,37.40846623800462,29.478643910586765,932,5,43,0,6,,1,63,-7.8240461349487305,5.808084487915039,-1.9108413457870483,OUTBOUND,-23.268569946289062,-0.004647479609268031,0.0031999999191612005
1,56,0.875,1.0155261754989624,30.590412139892578,updated,1.2456251382827759,-0.6184414625167847,72.58817291259766,15.220605850219727,15.081130027770996,37.4295381619886,29.4664845326626,933,5,44,0,8,,2,62,-7.824045658111572,5.819587230682373,-2.0142457485198975,OUTBOUND,-23.441816329956055,-0.014830117609989252,0.0031999999191612005
0,54,0.84375,1.1167497634887695,30.39576530456543,updated,1.245998501777649,-0.6031942963600159,22.10280418395996,0.19811317324638367,0.22093166410923004,37.532122086995514,29.454306335570593,934,5,45,1,10,WATCHDOG_DEADLINE,0,64,-7.824046611785889,5.746317386627197,-1.871682047843933,OUTBOUND,-23.24708366394043,0.026147702430283373,0.0031999999191612005
1,55,0.859375,1.1272976398468018,30.483386993408203,updated,1.2463719844818115,-0.6111107468605042,25.877527236938477,0.7852209210395813,0.7797133326530457,37.552237102994695,29.442129672245482,935,5,46,0,9,,1,63,-7.8240461349487305,5.778569221496582,-1.6004993915557861,OUTBOUND,-23.20973014831543,0.07052502370613817,0.0031999999191612005
1,57,0.890625,0.5398893356323242,30.33440399169922,updated,1.2467457056045532,-0.6132004857063293,28.129749298095703,0.948186993598938,0.9809618592262268,37.57108917599544,29.42993344684985,936,5,47,0,7,,1,63,-7.8240461349487305,5.784276485443115,-1.960689902305603,OUTBOUND,-23.08461570739746,0.08624382013158277,0.0031999999191612005
1,59,0.921875,1.178620457649231,30.60637664794922,updated,1.247119665145874,-0.6137545108795166,38.49692916870117,0.22878408432006836,0.25846511125564575,37.59180371000548,29.417722715964008,937,5,48,0,5,,0,64,-7.8240461349487305,5.783004283905029,-1.997638463973999,OUTBOUND,-23.275421142578125,0.08124872536807291,0.0031999999191612005
1,58,0.90625,0.8411067128181458,30.84246253967285,updated,1.2474943399429321,-0.6221286058425903,30.898868560791016,0.16867414116859436,0.18083317577838898,37.61028009498841,29.40553222472386,938,5,49,0,6,,0,64,-7.8240461349487305,5.81714391708374,-1.9926444292068481,OUTBOUND,-23.432296752929688,0.05191620667287047,0.0031999999191612005
1,57,0.890625,0.5699371695518494,30.978679656982422,updated,1.2478692531585693,-0.6176024079322815,13.237123489379883,0.09193621575832367,0.10175493359565735,37.630016907991376,29.393338557872813,939,5,50,0,7,,0,64,-7.8240461349487305,5.792850017547607,-1.779671549797058,OUTBOUND,-23.599212646484375,0.04584216534565054,0.0031999999191612005
1,56,0.875,0.7452138066291809,30.875438690185547,updated,1.2482444047927856,-0.6175320744514465,41.97514343261719,8.42755126953125,8.352115631103516,37.64984873900539,29.381163669022563,940,5,51,0,8,,2,62,-7.824045658111572,5.788741588592529,-1.81708562374115,OUTBOUND,-23.589012145996094,0.0390493522094154,0.0031999999191612005
0,60,0.9375,0.5736374258995056,31.095849990844727,updated,1.2486194372177124,-0.6120879054069519,10.243685722351074,0.12961497902870178,0.15834695100784302,37.748036831995705,29.36897693305688,941,5,52,1,4,WATCHDOG_DEADLINE,0,64,-7.824045658111572,5.760408878326416,-1.7770689725875854,OUTBOUND,-23.8418025970459,0.03861879807177803,0.0031999999191612005
1,57,0.890625,1.7531299591064453,31.082664489746094,updated,1.2489948272705078,-0.6216594576835632,33.79313659667969,1.555846929550171,1.562817096710205,37.77006493898807,29.35676828917288,942,5,53,0,7,,2,62,-7.8240461349487305,5.799782752990723,-1.6721770763397217,OUTBOUND,-23.82082748413086,0.034815852918963074,0.0031999999191612005
1,55,0.859375,1.0533204078674316,30.932979583740234,updated,1.2493698596954346,-0.6117100119590759,15.177762985229492,0.3102782666683197,0.31243863701820374,37.78969464098918,29.34456193861069,943,5,54,0,9,,0,64,-7.8240461349487305,5.751248359680176,-1.698913812637329,OUTBOUND,-23.810428619384766,-0.0027803520693268956,0.0031999999191612005
1,54,0.84375,0.6441826820373535,30.924375534057617,updated,1.2497450113296509,-0.6179778575897217,12.972431182861328,1.4401371479034424,1.4239529371261597,37.80833242900553,29.332403413930223,944,5,55,0,10,,2,62,-7.824046611785889,5.775690078735352,-1.9456427097320557,OUTBOUND,-23.73692512512207,-0.01435686547411399,0.0031999999191612005
1,59,0.921875,0.8718211650848389,30.923370361328125,updated,1.2501206398010254,-0.6242780685424805,7.5522918701171875,0.8788206577301025,0.8857568502426147,37.829071298998315,29.32024895083397,945,5,56,0,5,,1,63,-7.8240461349487305,5.8002119064331055,-1.7394824028015137,OUTBOUND,-23.705211639404297,-0.0019255712395020235,0.0031999999191612005
1,57,0.890625,0.7415512800216675,30.810550689697266,updated,1.250496506690979,-0.6225117444992065,11.262662887573242,7.785262107849121,7.707803726196289,37.93166731900419,29.308055702745076,946,5,57,0,7,,1,63,-7.8240461349487305,5.7885308265686035,-1.707789421081543,OUTBOUND,-23.633983612060547,-0.0131393782547386,0.0031999999191612005
1,60,0.9375,0.7765648365020752,30.853607177734375,updated,1.2508723735809326,-0.6214930415153503,27.97177505493164,0.764661967754364,0.7630112171173096,37.95193625599495,29.295913636910054,947,5,58,0,4,,1,63,-7.824045658111572,5.780224323272705,-1.6811182498931885,OUTBOUND,-23.59414291381836,-0.043461182029102235,0.0031999999191612005
1,58,0.90625,0.7901527881622314,30.94935417175293,updated,1.2512483596801758,-0.6218980550765991,21.664794921875,0.922493040561676,0.9420203566551208,37.9716559840017,29.283768644598887,948,5,59,0,6,,1,63,-7.8240461349487305,5.7783002853393555,-1.7001327276229858,OUTBOUND,-23.63140869140625,-0.046098294404653954,0.0031999999191612005
1,52,0.8125,0.7172916531562805,31.00957489013672,updated,1.251624584197998,-0.6262001395225525,45.19181823730469,0.252121239900589,0.2794342041015625,37.99237782298587,29.271612471050883,949,5,60,0,12,,0,64,-7.8240461349487305,5.793768882751465,-1.71000337600708,OUTBOUND,-23.6384334564209,-0.04792970527599203,0.0031999999191612005
1,60,0.9375,0.9121106863021851,31.052186965942383,updated,1.2520009279251099,-0.6246959567070007,8.671608924865723,7.5554890632629395,7.432910442352295,38.011276873003226,29.259474370788073,950,5,61,0,4,,1,63,-7.824045658111572,5.783324241638184,-1.7574719190597534,OUTBOUND,-23.743267059326172,-0.050202089333362274,0.0031999999191612005
0,56,0.875,1.1795305013656616,31.11696434020996,updated,1.2523770332336426,-0.617614209651947,33.480712890625,0.21419155597686768,0.21200552582740784,38.11282225899049,29.247314762876268,951,5,62,1,8,WATCHDOG_DEADLINE,0,64,-7.824045658111572,5.748091220855713,-1.781784176826477,OUTBOUND,-23.797115325927734,-0.05900235063564867,0.0031999999191612005
1,56,0.875,0.9113171696662903,31.170610427856445,updated,1.252752661705017,-0.6164747476577759,52.66144561767578,9.003153800964355,8.954179763793945,38.13326751298155,29.235149536042787,952,5,63,0,8,,3,61,-7.824045658111572,5.7393598556518555,-1.8970035314559937,OUTBOUND,-23.93999481201172,-0.060811672861264314,0.0031999999191612005
1,58,0.90625,0.4009471833705902,31.133155822753906,updated,1.2531287670135498,-0.6322069764137268,38.54933166503906,8.756441116333008,8.741761207580566,38.15355578600429,29.223014484717194,953,5,64,0,6,,2,62,-7.8240461349487305,5.805528163909912,-1.7910555601119995,OUTBOUND,-23.912002563476562,-0.05428109738303223,0.0031999999191612005
1,60,0.9375,0.3907502591609955,31.245769500732422,updated,1.2535052299499512,-0.6297783255577087,28.72186851501465,0.15282972157001495,0.15054063498973846,38.17373726298683,29.210880203679515,954,5,65,0,4,,0,64,-7.824045658111572,5.791032791137695,-1.7975387573242188,OUTBOUND,-24.01280975341797,-0.06626612083453985,0.0031999999191612005
1,58,0.90625,0.5493208765983582,31.305906295776367,updated,1.2538822889328003,-0.635665237903595,28.71860122680664,0.1786673218011856,0.18581148982048035,38.1934296329855,29.198731448878686,955,5,66,0,6,,0,64,-7.8240461349487305,5.8133769035339355,-1.7288925647735596,OUTBOUND,-23.937129974365234,-0.05971945814309826,0.0031999999191612005
1,56,0.875,0.2996382713317871,31.114810943603516,updated,1.2542589902877808,-0.6227795481681824,29.0726261138916,8.425972938537598,8.307588577270508,38.212176178989466,29.186621372832438,956,5,67,0,8,,2,62,-7.824045658111572,5.752683162689209,-1.7136493921279907,OUTBOUND,-23.920059204101562,-0.04726935445371128,0.0031999999191612005
1,60,0.9375,1.0126537084579468,31.1140079498291,updated,1.2546358108520508,-0.6286798119544983,51.15865707397461,15.943109512329102,15.774508476257324,38.23177036800189,29.174503762878828,957,5,68,0,4,,2,62,-7.824045658111572,5.775076866149902,-1.5360673666000366,OUTBOUND,-23.971370697021484,-0.06387860283565013,0.0031999999191612005
0,52,0.8125,0.9494004249572754,31.141246795654297,updated,1.2550128698349,-0.6335403919219971,21.937376022338867,1.4225620031356812,1.3929795026779175,38.33223648800049,29.162328374170123,958,5,69,1,12,WATCHDOG_DEADLINE,2,62,-7.8240461349487305,5.792829513549805,-1.7630155086517334,OUTBOUND,-23.80802345275879,-0.09518458406218702,0.0031999999191612005
1,59,0.921875,0.7654614448547363,31.086307525634766,updated,1.2553900480270386,-0.6322076916694641,59.218021392822266,0.3787190318107605,0.4755317270755768,38.35246148900478,29.15013359566713,959,5,70,0,5,,0,64,-7.8240461349487305,5.783267974853516,-2.0573060512542725,OUTBOUND,-23.758275985717773,-0.12441760909463905,0.0031999999191612005
1,59,0.921875,1.0266340970993042,31.33278465270996,updated,1.2557672262191772,-0.6300316452980042,5.764379024505615,7.663966655731201,7.5288166999816895,38.373029009992024,29.137924176494934,960,5,71,0,5,,1,63,-7.8240461349487305,5.770024299621582,-1.773345708847046,OUTBOUND,-24.02260398864746,-0.14073830550718824,0.0031999999191612005
1,60,0.9375,1.2138636112213135,31.445959091186523,updated,1.2561445236206055,-0.6325738430023193,38.3454704284668,0.19928328692913055,0.2080383151769638,38.39427944799536,29.125747262058702,961,5,72,0,4,,0,64,-7.824045658111572,5.77753210067749,-1.8864113092422485,OUTBOUND,-24.04200553894043,-0.14954399416122763,0.0031999999191612005
1,59,0.921875,0.8362810611724854,31.60135841369629,updated,1.2565217018127441,-0.6307380199432373,33.170616149902344,0.20694851875305176,0.22426998615264893,38.41368491097819,29.113556333054735,962,5,73,0,5,,0,64,-7.8240461349487305,5.765822410583496,-1.826399803161621,OUTBOUND,-24.158842086791992,-0.16793506108361295,0.0031999999191612005
1,58,0.90625,0.5748459100723267,31.725444793701172,updated,1.2568988800048828,-0.6317448616027832,14.439411163330078,0.16943442821502686,0.1926843374967575,38.5198354049935,29.101355141792133,963,5,74,0,6,,0,64,-7.8240461349487305,5.766595363616943,-1.9030581712722778,OUTBOUND,-24.30201530456543,-0.16027874385648172,0.0031999999191612005
1,54,0.84375,0.7972409129142761,31.951047897338867,updated,1.2572765350341797,-0.6408420205116272,31.24690055847168,1.654950737953186,1.7397626638412476,38.54368706900277,29.08917368075191,964,5,75,0,10,,2,62,-7.824046611785889,5.802751541137695,-1.8468977212905884,OUTBOUND,-24.534000396728516,-0.12899813020318635,0.0031999999191612005
1,55,0.859375,0.9496113657951355,31.983366012573242,updated,1.2576544284820557,-0.639975905418396,12.145678520202637,0.103441521525383,0.1276877373456955,38.56577528300113,29.077027405605673,965,5,76,0,9,,0,64,-7.8240461349487305,5.795290946960449,-2.1235175132751465,OUTBOUND,-24.634687423706055,-0.10512206344579282,0.0031999999191612005
1,60,0.9375,0.658409059047699,31.820653915405273,updated,1.2580318450927734,-0.6265485286712646,25.776243209838867,0.8551058173179626,0.8817117810249329,38.58572863400332,29.06487682881693,966,5,77,0,4,,1,63,-7.824045658111572,5.733055591583252,-1.859856367111206,OUTBOUND,-24.58204460144043,-0.10967639608480487,0.0031999999191612005
1,57,0.890625,0.8265432119369507,32.07758331298828,updated,1.2584099769592285,-0.6470850110054016,33.23800277709961,0.9426371455192566,0.9638083577156067,38.60723715397762,29.052719057566986,967,5,78,0,7,,1,63,-7.8240461349487305,5.8189473152160645,-1.9272505044937134,OUTBOUND,-24.801767349243164,-0.11271378536126121,0.0031999999191612005
0,59,0.921875,0.7138230204582214,31.896549224853516,updated,1.2587873935699463,-0.62591153383255,32.177467346191406,0.9173806309700012,0.9326782822608948,38.72114701999817,29.040565491191995,968,5,79,1,5,WATCHDOG_DEADLINE,1,63,-7.8240461349487305,5.723142623901367,-1.8278928995132446,OUTBOUND,-24.750030517578125,-0.10167995621712694,0.0031999999191612005
1,55,0.859375,0.8092086315155029,31.643789291381836,updated,1.2591643333435059,-0.6288723349571228,5.669492244720459,0.8532507419586182,0.8719673752784729,38.74248730999534,29.028420728345793,969,5,80,0,9,,1,63,-7.8240461349487305,5.73245906829834,-1.6452840566635132,OUTBOUND,-24.518205642700195,-0.11752644554462932,0.0031999999191612005
1,61,0.953125,0.6946818828582764,31.635353088378906,updated,1.2595415115356445,-0.6398172974586487,19.210689544677734,8.393579483032227,8.313736915588379,38.76255615099217,29.01626107110478,970,5,81,0,3,,1,63,-7.824045658111572,5.776403427124023,-1.8331902027130127,OUTBOUND,-24.477882385253906,-0.1323576146007623,0.0031999999191612005
1,54,0.84375,0.8850488066673279,31.401424407958984,updated,1.2599190473556519,-0.6428791880607605,22.244003295898438,9.743803024291992,9.637474060058594,38.78156994099845,29.004121005615012,971,5,82,0,10,,3,61,-7.824046611785889,5.786068439483643,-1.6417323350906372,OUTBOUND,-24.24677276611328,-0.12228164857068004,0.0031999999191612005
1,56,0.875,1.0522125959396362,31.340513229370117,updated,1.260296106338501,-0.6305850148200989,10.969830513000488,8.481173515319824,8.329818725585938,38.80066868700669,28.99200068813978,972,5,83,0,8,,2,62,-7.824045658111572,5.729244709014893,-1.384305715560913,OUTBOUND,-24.2131404876709,-0.12659168686263728,0.0031999999191612005
1,58,0.90625,0.8765151500701904,31.369504928588867,updated,1.26067316532135,-0.6397377252578735,55.69474792480469,1.0843331813812256,1.1171152591705322,38.821056474000216,28.979861982779777,973,5,84,0,6,,1,63,-7.8240461349487305,5.765277862548828,-1.9003875255584717,OUTBOUND,-24.143112182617188,-0.139341837108128,0.0031999999191612005
1,55,0.859375,0.9781263470649719,31.579160690307617,updated,1.2610502243041992,-0.639616072177887,70.11823272705078,0.5162131786346436,0.525841474533081,38.84043238198501,28.967726724232982,974,5,85,0,9,,0,64,-7.8240461349487305,5.761180400848389,-1.5935018062591553,OUTBOUND,-24.186338424682617,-0.1318213732891713,0.0031999999191612005
0,56,0.875,0.48250094056129456,31.776426315307617,updated,1.2614275217056274,-0.641739547252655,70.4539794921875,0.4604496359825134,0.4405285716056824,38.94250677298987,28.95555437395946,975,5,86,1,8,WATCHDOG_DEADLINE,0,64,-7.824045658111572,5.766776084899902,-1.7225624322891235,OUTBOUND,-24.289369583129883,-0.11698012236912482,0.0031999999191612005
1,57,0.890625,1.0116760730743408,32.135520935058594,updated,1.261805772781372,-0.6581447124481201,40.12336730957031,0.2209409773349762,0.19250890612602234,38.963619235990336,28.943397660924514,976,5,87,0,7,,0,64,-7.8240461349487305,5.833850383758545,-2.081526041030884,OUTBOUND,-24.49641990661621,-0.09406338136712813,0.0031999999191612005
1,55,0.859375,0.6289939284324646,32.003074645996094,updated,1.2621837854385376,-0.6391963362693787,70.11238861083984,16.93948745727539,16.78803825378418,38.98421620900626,28.93125838601806,977,5,88,0,9,,3,61,-7.8240461349487305,5.748714447021484,-1.7124016284942627,OUTBOUND,-24.637292861938477,-0.0771695761323604,0.0031999999191612005
1,55,0.859375,0.8367127776145935,32.164363861083984,updated,1.2625612020492554,-0.6342787146568298,19.660982131958008,0.14523717761039734,0.1412554532289505,39.00460086998646,28.91910822525503,978,5,89,0,9,,0,64,-7.8240461349487305,5.724057674407959,-1.712719440460205,OUTBOUND,-24.803930282592773,-0.06297442163427507,0.0031999999191612005
1,59,0.921875,0.715391993522644,32.319740295410156,updated,1.2629390954971313,-0.6492937803268433,7.091386795043945,0.14116767048835754,0.1655605584383011,39.025431682006456,28.90698023702584,979,5,90,0,5,,0,64,-7.8240461349487305,5.784966945648193,-1.7998988628387451,OUTBOUND,-24.914432525634766,-0.040691055352644556,0.0031999999191612005
1,55,0.859375,0.9795189499855042,32.38188552856445,updated,1.2633172273635864,-0.6505181789398193,56.46631622314453,2.4488067626953125,2.492187261581421,39.125472625979455,28.894852489695392,980,5,91,0,9,,3,61,-7.8240461349487305,5.786641597747803,-1.6190440654754639,OUTBOUND,-25.063274383544922,-0.04726442404853148,0.0031999999191612005
1,56,0.875,0.3762455880641937,32.406558990478516,updated,1.2636960744857788,-0.6563283205032349,9.317153930664062,0.17010149359703064,0.20464932918548584,39.144974416994955,28.882740344803434,981,5,92,0,8,,0,64,-7.824045658111572,5.807929992675781,-1.711314082145691,OUTBOUND,-25.0506591796875,-0.06433590739255772,0.0031999999191612005
1,59,0.921875,0.7563766837120056,32.40629196166992,updated,1.2640750408172607,-0.6484513282775879,17.00883674621582,0.8007816076278687,0.7740395069122314,39.16517324600136,28.870619334717812,982,5,93,0,5,,1,63,-7.8240461349487305,5.770676612854004,-1.5949934720993042,OUTBOUND,-25.078752517700195,-0.07466314670580113,0.0031999999191612005
1,55,0.859375,1.114624261856079,32.278926849365234,updated,1.264453411102295,-0.6402113437652588,41.947120666503906,8.626608848571777,8.505244255065918,39.185481189982966,28.85849961500615,983,5,94,0,9,,1,63,-7.8240461349487305,5.731969833374023,-2.076294183731079,OUTBOUND,-25.08875274658203,-0.06997330291353025,0.0031999999191612005
1,58,0.90625,1.015519380569458,32.429481506347656,updated,1.2648329734802246,-0.6669567823410034,4.328004360198975,0.8110471963882446,0.8187043070793152,39.205437391996384,28.846392407204323,984,5,95,0,6,,1,63,-7.8240461349487305,5.842469215393066,-2.0262138843536377,OUTBOUND,-25.144323348999023,-0.04257296782038299,0.0031999999191612005
0,55,0.859375,0.8710418939590454,32.28364181518555,updated,1.2652126550674438,-0.6525605916976929,29.994169235229492,0.1575203239917755,0.2089388072490692,39.30843366298359,28.8342698420634,985,5,96,1,9,WATCHDOG_DEADLINE,0,64,-7.8240461349487305,5.777561664581299,-1.7772557735443115,OUTBOUND,-25.0102481842041,-0.03681855553435461,0.0031999999191612005
1,61,0.953125,0.9960346817970276,31.996906280517578,updated,1.2655925750732422,-0.6557238698005676,48.63838195800781,0.366609126329422,0.46930885314941406,39.32906883797841,28.8221372239211,986,5,97,0,3,,0,64,-7.824045658111572,5.787465572357178,-1.8889881372451782,OUTBOUND,-24.657913208007812,-0.0357683908548649,0.0031999999191612005
1,53,0.828125,0.7277066111564636,32.37607192993164,updated,1.2659729719161987,-0.6619710326194763,29.1436824798584,0.8615435361862183,0.8545627593994141,39.34940685800393,28.809981464005887,987,5,98,0,11,,1,63,-7.8240461349487305,5.810435771942139,-1.9753543138504028,OUTBOUND,-24.85306739807129,-0.027298335488061945,0.0031999999191612005
1,59,0.921875,0.441670686006546,32.50851821899414,updated,1.2663530111312866,-0.6468997597694397,32.46864318847656,0.20079517364501953,0.19837717711925507,39.368658834981034,28.797870091728402,988,5,99,0,5,,0,64,-7.8240461349487305,5.742949485778809,-1.9026637077331543,OUTBOUND,-25.07744598388672,-0.03056485645173872,0.0031999999191612005
1,61,0.953125,0.7830564379692078,32.69066619873047,updated,1.266733169555664,-0.6553047895431519,10.647520065307617,0.1321992427110672,0.134506493806839,39.3885491109977,28.785746354420912,989,5,100,0,3,,0,64,-7.824045658111572,5.775054931640625,-1.7203922271728516,OUTBOUND,-25.213281631469727,-0.05147257575539766,0.0031999999191612005
1,57,0.890625,0.6874104738235474,32.655635833740234,updated,1.2671129703521729,-0.6485323905944824,52.87370300292969,9.484657287597656,9.45793628692627,39.41179786899011,28.773624293723458,990,5,101,0,7,,2,62,-7.8240461349487305,5.742889881134033,-1.5772650241851807,OUTBOUND,-25.28261375427246,-0.07598657671616607,0.0031999999191612005
1,55,0.859375,0.6764974594116211,32.62154769897461,updated,1.2674925327301025,-0.650949239730835,5.744332790374756,0.2051040232181549,0.23067547380924225,39.43198771899915,28.761520704111135,991,5,102,0,9,,0,64,-7.8240461349487305,5.749624729156494,-2.0026230812072754,OUTBOUND,-25.34391975402832,-0.06847867886425528,0.0031999999191612005
0,56,0.875,0.6871272325515747,32.72112274169922,updated,1.2678718566894531,-0.6491431593894958,11.002424240112305,0.7193353772163391,0.7032201886177063,39.53201669300324,28.749378355712075,992,5,103,1,8,STALE_OR_INCOMPLETE_BUNDLE,1,63,-7.824045658111572,5.738532066345215,-1.9739519357681274,OUTBOUND,-25.40558624267578,-0.06560896052207864,0.0031999999191612005
1,52,0.8125,0.9915845990180969,32.691993713378906,updated,1.2682514190673828,-0.6615148782730103,12.705211639404297,1.4777990579605103,1.4420762062072754,39.55220250599086,28.73723272879076,993,5,104,0,12,,2,62,-7.8240461349487305,5.787205696105957,-1.655375599861145,OUTBOUND,-25.288997650146484,-0.08797510300016742,0.0031999999191612005
1,57,0.890625,0.8766278028488159,32.646324157714844,updated,1.268631100654602,-0.6562648415565491,13.44212818145752,0.1201549842953682,0.14672015607357025,39.577306974999374,28.725077260600766,994,5,105,0,7,,0,64,-7.8240461349487305,5.76160192489624,-1.8681422472000122,OUTBOUND,-25.313955307006836,-0.08487385889369364,0.0031999999191612005
1,54,0.84375,1.1951862573623657,32.63271713256836,updated,1.2690107822418213,-0.6570820212364197,39.19259262084961,9.08227825164795,8.889957427978516,39.60042002698174,28.71292393996888,995,5,106,0,10,,2,62,-7.824046611785889,5.761562824249268,-1.710648536682129,OUTBOUND,-25.351215362548828,-0.060325221135219126,0.0031999999191612005
1,56,0.875,1.1060559749603271,32.405948638916016,updated,1.2693908214569092,-0.6650286316871643,58.86787796020508,10.909666061401367,10.736112594604492,39.62050715999794,28.700753966444566,996,5,107,0,8,,4,60,-7.824045658111572,5.791450500488281,-2.210515022277832,OUTBOUND,-25.2104549407959,-0.05080462061477434,0.0031999999191612005
0,58,0.90625,0.48762667179107666,32.462623596191406,updated,1.2697715759277344,-0.67104572057724,44.96519470214844,0.9865339398384094,1.0760719776153564,39.71970182697987,28.68856303861508,997,5,108,1,6,STALE_OR_INCOMPLETE_BUNDLE,1,63,-7.8240461349487305,5.81317138671875,-1.7857410907745361,OUTBOUND,-25.140581130981445,-0.07377667792142588,0.0031999999191612005
1,55,0.859375,1.4175937175750732,32.54854965209961,updated,1.2701525688171387,-0.6645715832710266,59.142940521240234,0.32095813751220703,0.38281911611557007,39.739649069000734,28.676361120859557,998,5,109,0,9,,0,64,-7.8240461349487305,5.78253173828125,-1.894298791885376,OUTBOUND,-25.119491577148438,-0.07384181546942752,0.0031999999191612005
1,63,0.984375,0.6329584121704102,32.59148025512695,updated,1.2705336809158325,-0.6650739908218384,48.6480827331543,1.0339174270629883,1.0672956705093384,39.76164561798214,28.66418711741779,999,5,110,0,1,,1,63,-7.824045181274414,5.781141757965088,-1.7891416549682617,OUTBOUND,-25.125638961791992,-0.06708942444351261,0.0031999999191612005
1,60,0.9375,0.9055646657943726,32.7452392578125,updated,1.270914077758789,-0.6485750079154968,46.69647979736328,0.2349296510219574,0.22682541608810425,39.780987429985544,28.65202028214227,1000,5,111,0,4,,0,64,-7.824045658111572,5.708749294281006,-1.9615508317947388,OUTBOUND,-25.311851501464844,-0.07151639073361159,0.0031999999191612005
1,58,0.90625,0.9689827561378479,33.27980422973633,updated,1.271295428276062,-0.6782608032226562,21.139101028442383,0.13327163457870483,0.11768181622028351,39.80159458599519,28.639829542710043,1001,5,112,0,6,,0,64,-7.8240461349487305,5.829194068908691,-1.973495364189148,OUTBOUND,-25.610759735107422,-0.05439038015118325,0.0031999999191612005
1,52,0.8125,0.7929967641830444,33.04832077026367,updated,1.2716766595840454,-0.6627406477928162,35.51292037963867,9.019827842712402,8.970824241638184,39.91177748600603,28.627652157614307,1002,5,113,0,12,,1,63,-7.8240461349487305,5.761001110076904,-2.021047830581665,OUTBOUND,-25.599769592285156,-0.06014790816672998,0.0031999999191612005
1,58,0.90625,1.079535961151123,33.183937072753906,updated,1.2720577716827393,-0.6633886098861694,11.254202842712402,0.11307892203330994,0.14527833461761475,39.93460601498373,28.61548128066039,1003,5,114,0,6,,0,64,-7.8240461349487305,5.760251998901367,-1.9693114757537842,OUTBOUND,-25.82063865661621,-0.0635133771849426,0.0031999999191612005
1,54,0.84375,1.046714425086975,33.11551284790039,updated,1.2724387645721436,-0.6622772216796875,84.69336700439453,10.819028854370117,10.85940933227539,39.95859186700545,28.60332073249641,1004,5,115,0,10,,3,61,-7.824046611785889,5.752196788787842,-1.5221818685531616,OUTBOUND,-25.874433517456055,-0.06911669383151334,0.0031999999191612005
1,53,0.828125,0.6621699333190918,33.28538131713867,updated,1.272819995880127,-0.6705984473228455,7.428196430206299,0.08341500163078308,0.09764397144317627,39.979102399986004,28.591164592038666,1005,5,116,0,11,,0,64,-7.8240461349487305,5.7833123207092285,-1.6092766523361206,OUTBOUND,-25.928449630737305,-0.09927890765357773,0.0031999999191612005
1,59,0.921875,1.3789674043655396,32.77228546142578,updated,1.2732003927230835,-0.650219738483429,50.743221282958984,9.791609764099121,9.680153846740723,39.99948708000011,28.579010976180744,1006,5,117,0,5,,2,62,-7.8240461349487305,5.695379734039307,-2.0383145809173584,OUTBOUND,-25.65094757080078,-0.10220296976307762,0.0031999999191612005
1,57,0.890625,0.8023984432220459,32.983787536621094,updated,1.2735812664031982,-0.6761673092842102,14.514656066894531,0.7696753740310669,0.7656044960021973,40.02136290699127,28.566845981582436,1007,5,118,0,7,,1,63,-7.8240461349487305,5.799474239349365,-1.8304625749588013,OUTBOUND,-25.635183334350586,-0.08904039687159226,0.0031999999191612005
1,55,0.859375,1.2844244241714478,32.948307037353516,updated,1.2739628553390503,-0.6775124073028564,49.6888542175293,0.2679111361503601,0.36172717809677124,40.040896613005316,28.554685302706112,1008,5,119,0,9,,0,64,-7.8240461349487305,5.801573276519775,-2.0701050758361816,OUTBOUND,-25.57089614868164,-0.08226002736491207,0.0031999999191612005
1,57,0.890625,0.762403130531311,33.041988372802734,updated,1.274344563484192,-0.6725043654441833,44.49772262573242,0.23083211481571198,0.2881724536418915,40.14045595697826,28.542519013626045,1009,5,120,0,7,,0,64,-7.8240461349487305,5.7774248123168945,-1.989628791809082,OUTBOUND,-25.640289306640625,-0.06804335003886214,0.0031999999191612005
1,58,0.90625,0.6276499629020691,33.036476135253906,updated,1.2747266292572021,-0.675612211227417,20.85820770263672,1.4842381477355957,1.4700589179992676,40.16207019900321,28.53037109017808,1010,5,121,0,6,,2,62,-7.8240461349487305,5.786810874938965,-2.014172315597534,OUTBOUND,-25.550670623779297,-0.0554505108442351,0.0031999999191612005
1,58,0.90625,0.8434083461761475,33.005531311035156,updated,1.275109052658081,-0.6792606115341187,17.735897064208984,9.965697288513184,9.90548038482666,40.18257713998901,28.518213001549213,1011,5,122,0,6,,2,62,-7.8240461349487305,5.79840087890625,-1.613555908203125,OUTBOUND,-25.546255111694336,-0.07673483157093262,0.0031999999191612005
1,58,0.90625,0.7196818590164185,33.3230094909668,updated,1.2754920721054077,-0.6814098954200745,47.93522644042969,0.309052437543869,0.31380006670951843,40.2034132029803,28.50607014865647,1012,5,123,0,6,,0,64,-7.8240461349487305,5.803790092468262,-1.8752459287643433,OUTBOUND,-25.766002655029297,-0.09053510855467789,0.0031999999191612005
1,58,0.90625,1.3010733127593994,33.405128479003906,updated,1.2758755683898926,-0.682418167591095,12.70125961303711,0.8119857907295227,0.7915946841239929,40.22386184800416,28.493927095698847,1013,5,124,0,6,,1,63,-7.8240461349487305,5.804473876953125,-1.705530047416687,OUTBOUND,-25.811561584472656,-0.08618480649352019,0.0031999999191612005
1,60,0.9375,0.8421232104301453,33.573341369628906,updated,1.2762593030929565,-0.680675208568573,11.673571586608887,0.2171894758939743,0.21092943847179413,40.32884425399243,28.48183625225677,1014,5,125,0,4,,0,64,-7.824045658111572,5.793859004974365,-1.8697282075881958,OUTBOUND,-26.054458618164062,-0.07705362417434541,0.0031999999191612005
1,55,0.859375,1.1802297830581665,33.595008850097656,updated,1.2766430377960205,-0.6780264377593994,15.031454086303711,0.8254558444023132,0.8515509963035583,40.35022113300511,28.469741643221447,1015,5,126,0,9,,1,63,-7.8240461349487305,5.779556751251221,-1.5674151182174683,OUTBOUND,-26.08415985107422,-0.04920602072039852,0.0031999999191612005
1,59,0.921875,0.8028586506843567,33.648624420166016,updated,1.2770270109176636,-0.680344820022583,63.369720458984375,9.002781867980957,8.928054809570312,40.36910910898587,28.457641881713975,1016,5,127,0,5,,1,63,-7.8240461349487305,5.785627365112305,-1.5966876745224,FAILURE,-26.305286407470703,-0.02442308799873242,0.0031999999191612005
1,53,0.828125,1.0145177841186523,33.667911529541016,updated,1.2774114608764648,-0.6855462789535522,27.500892639160156,0.9684717655181885,0.9912956357002258,40.39343952899799,29.987993469260733,1017,6,1,0,11,,1,63,-7.8240461349487305,5.803472518920898,-1.641143560409546,OUTBOUND,-26.30655860900879,0.004475420366998619,0.0031999999191612005
1,57,0.890625,1.0502272844314575,33.587615966796875,updated,1.2777961492538452,-0.6862032413482666,1.9470025300979614,0.8416469097137451,0.8541125655174255,40.5003842189908,29.975967694076274,1018,6,2,0,7,,1,63,-7.8240461349487305,5.802709579467773,-1.8513303995132446,OUTBOUND,-26.218528747558594,0.02934802248819575,0.0031999999191612005
1,58,0.90625,1.2361449003219604,33.30735778808594,updated,1.2781803607940674,-0.6725414395332336,8.475126266479492,1.6163969039916992,1.612187385559082,40.5202639909985,29.963924023230827,1019,6,3,0,6,,2,62,-7.8240461349487305,5.743534564971924,-1.8652666807174683,OUTBOUND,-26.01171875,0.0521164789473389,0.0031999999191612005
1,58,0.90625,0.5040985345840454,33.55854797363281,updated,1.2785649299621582,-0.6853499412536621,30.21188735961914,0.13456863164901733,0.18657736480236053,40.54287417899468,29.951850066412632,1020,6,4,0,6,,0,64,-7.8240461349487305,5.792360305786133,-1.7712796926498413,OUTBOUND,-26.161075592041016,0.048357372930803305,0.0031999999191612005
1,60,0.9375,1.1242268085479736,33.441566467285156,updated,1.2789491415023804,-0.6759588718414307,19.520353317260742,1.0643149614334106,1.1219998598098755,40.56595418299548,29.939805269085376,1021,6,5,0,4,,1,63,-7.824045658111572,5.750726699829102,-1.9427610635757446,OUTBOUND,-25.98625373840332,0.029634423133947867,0.0031999999191612005
1,58,0.90625,0.7933681011199951,33.619300842285156,updated,1.2793337106704712,-0.6893934011459351,27.269922256469727,0.24788616597652435,0.2899327874183655,40.58654687498347,29.927757369800254,1022,6,6,0,6,,0,64,-7.8240461349487305,5.801970481872559,-1.7063651084899902,OUTBOUND,-26.1385440826416,0.026348979495548343,0.0031999999191612005
1,58,0.90625,0.5237700939178467,33.61431121826172,updated,1.2797185182571411,-0.6860175132751465,31.738027572631836,0.20624969899654388,0.24758850038051605,40.60793212798308,29.91570602620038,1023,6,7,0,6,,0,64,-7.8240461349487305,5.784846782684326,-1.5867893695831299,OUTBOUND,-26.080965042114258,0.03977567582821037,0.0031999999191612005
1,58,0.90625,0.6061636209487915,33.754783630371094,updated,1.2801027297973633,-0.6744040250778198,6.275992393493652,1.4083987474441528,1.3750516176223755,40.62837567299721,29.903633580776606,1024,6,8,0,6,,2,62,-7.8240461349487305,5.734364986419678,-1.5994741916656494,OUTBOUND,-26.272151947021484,0.05449363138611119,0.0031999999191612005
1,60,0.9375,0.915483295917511,33.885189056396484,updated,1.2804871797561646,-0.688771665096283,39.4249267578125,9.490394592285156,9.431636810302734,40.73957870298182,29.891561517767617,1025,6,9,0,4,,1,63,-7.824045658111572,5.789223670959473,-1.6306984424591064,OUTBOUND,-26.477123260498047,0.04007309598394709,0.0031999999191612005
1,59,0.921875,0.514645516872406,33.72010803222656,updated,1.2808706760406494,-0.6671478152275085,59.613197326660156,10.607588768005371,10.622235298156738,40.759171786980005,29.879511678531053,1026,6,10,0,5,,2,62,-7.8240461349487305,5.698375225067139,-1.857321858406067,OUTBOUND,-26.503337860107422,0.022954279515245625,0.0031999999191612005
1,58,0.90625,0.9951050281524658,33.751007080078125,updated,1.2812539339065552,-0.6791785955429077,16.51802635192871,1.6242674589157104,1.6153643131256104,40.77981827998883,29.867448315081365,1027,6,11,0,6,,2,62,-7.8240461349487305,5.743712425231934,-1.9427934885025024,OUTBOUND,-26.421794891357422,0.022242473773227762,0.0031999999191612005
1,57,0.890625,0.6914581656455994,33.81487274169922,updated,1.28163743019104,-0.6891660094261169,5.564830303192139,1.6104087829589844,1.6361205577850342,40.80212742398726,29.855367941966207,1028,6,12,0,7,,2,62,-7.8240461349487305,5.780697345733643,-1.8264715671539307,OUTBOUND,-26.438518524169922,0.037093027277296436,0.0031999999191612005
1,61,0.953125,1.1089904308319092,33.46607971191406,updated,1.2820212841033936,-0.6890981197357178,61.099037170410156,19.5390625,19.36503028869629,40.82350394400419,29.843286239759994,1029,6,13,0,3,,3,61,-7.824045658111572,5.777069568634033,-1.8851215839385986,OUTBOUND,-26.233633041381836,0.06312331070785239,0.0031999999191612005
1,55,0.859375,0.8752577900886536,33.535125732421875,updated,1.2824057340621948,-0.6987365484237671,67.75062561035156,1.047607660293579,1.0738414525985718,40.93085732299369,29.831192010345237,1030,6,14,0,9,,1,63,-7.8240461349487305,5.8125200271606445,-2.0261011123657227,OUTBOUND,-26.07715606689453,0.07000289277329735,0.0031999999191612005
1,55,0.859375,0.5952962040901184,33.46438980102539,updated,1.2827907800674438,-0.6997913718223572,78.90069580078125,1.096083641052246,1.163743257522583,40.95169643999543,29.819083999438494,1031,6,15,0,9,,1,63,-7.8240461349487305,5.813369274139404,-1.7188347578048706,OUTBOUND,-25.880569458007812,0.05723328411333759,0.0031999999191612005
1,60,0.9375,0.9597522616386414,33.23534393310547,updated,1.2831752300262451,-0.6775307059288025,62.840641021728516,27.4996280670166,27.14321517944336,40.97443997298251,29.80696639220205,1032,6,16,0,4,,3,61,-7.824045658111572,5.7205915451049805,-1.679496169090271,OUTBOUND,-25.929044723510742,0.04527348225066692,0.0031999999191612005
1,57,0.890625,0.4590796232223511,33.566307067871094,updated,1.2835596799850464,-0.689794659614563,98.46194458007812,0.6928006410598755,0.7732851505279541,40.9947334319877,29.794827979887632,1033,6,17,0,7,,0,64,-7.8240461349487305,5.766508102416992,-1.7956175804138184,OUTBOUND,-25.960037231445312,0.023775028152613727,0.0031999999191612005
1,60,0.9375,0.43365779519081116,33.87490463256836,updated,1.2839447259902954,-0.6996122002601624,77.77716064453125,0.46305885910987854,0.4901183545589447,41.01552933300263,29.782695523582497,1034,6,18,0,4,,0,64,-7.824045658111572,5.802515029907227,-1.6539138555526733,OUTBOUND,-26.17029571533203,-0.0030219670399476008,0.0031999999191612005
0,55,0.859375,0.4877322316169739,33.849761962890625,updated,1.2843297719955444,-0.6909216046333313,4.161144733428955,10.491361618041992,10.414947509765625,41.11978991900105,29.7705167310972,1035,6,19,1,9,WATCHDOG_DEADLINE,2,62,-7.8240461349487305,5.764381408691406,-1.8128873109817505,OUTBOUND,-26.19452667236328,0.007601329420212398,0.0031999999191612005
1,59,0.921875,0.6368554830551147,34.250770568847656,updated,1.2847142219543457,-0.6832475066184998,26.817289352416992,0.32284560799598694,0.3175569176673889,41.14213035599096,29.758410731835806,1036,6,20,0,5,,0,64,-7.8240461349487305,5.730401992797852,-1.7266967296600342,OUTBOUND,-26.6230525970459,0.02479285720261113,0.0031999999191612005
1,59,0.921875,0.9434921741485596,34.37969207763672,updated,1.2850987911224365,-0.6926953196525574,14.249484062194824,0.9966905117034912,1.0276501178741455,41.16175270098029,29.746339744311058,1037,6,21,0,5,,1,63,-7.8240461349487305,5.764849662780762,-1.7260468006134033,OUTBOUND,-26.748455047607422,0.007378694955353508,0.0031999999191612005
1,58,0.90625,0.7908223271369934,34.397098541259766,updated,1.2854838371276855,-0.7004857063293457,61.13491439819336,10.025351524353027,10.02713394165039,41.183470642979955,29.734288268677435,1038,6,22,0,6,,1,63,-7.8240461349487305,5.792608737945557,-1.8469313383102417,OUTBOUND,-26.922609329223633,-0.004450482955878577,0.0031999999191612005
1,57,0.890625,0.42752373218536377,34.39297866821289,updated,1.2858688831329346,-0.6939775347709656,21.443309783935547,0.16739463806152344,0.21000936627388,41.20378088898724,29.72225109370823,1039,6,23,0,7,,0,64,-7.8240461349487305,5.763362884521484,-1.7603119611740112,OUTBOUND,-26.967512130737305,-0.01779472169955199,0.0031999999191612005
1,55,0.859375,0.8442320823669434,34.52235412597656,updated,1.2862539291381836,-0.6958973407745361,59.909122467041016,1.7544286251068115,1.7597359418869019,41.22373625799082,29.710209060244313,1040,6,24,0,9,,2,62,-7.8240461349487305,5.767706871032715,-1.8135474920272827,OUTBOUND,-27.157167434692383,-0.0421767094689715,0.0031999999191612005
1,61,0.953125,0.6327742338180542,34.35875701904297,updated,1.2866390943527222,-0.6979908347129822,2.0115814208984375,0.14596353471279144,0.16452321410179138,41.24644459199044,29.698166099120016,1041,6,25,0,3,,0,64,-7.824045658111572,5.772731304168701,-1.6108148097991943,OUTBOUND,-27.01410675048828,-0.04361365993558035,0.0031999999191612005
0,54,0.84375,0.643659234046936,34.32439422607422,updated,1.287024736404419,-0.702857255935669,4.271769046783447,0.7747241854667664,0.7566693425178528,41.35095204200479,29.686079049263483,1042,6,26,1,10,STALE_OR_INCOMPLETE_BUNDLE,1,63,-7.824046611785889,5.788745403289795,-1.7356597185134888,OUTBOUND,-26.908082962036133,-0.0037298433093910315,0.0031999999191612005
1,61,0.953125,0.7467314004898071,34.41144943237305,updated,1.2874103784561157,-0.6978299021720886,7.660998344421387,0.14175447821617126,0.1650696098804474,41.37454035700648,29.67402613003183,1043,6,27,0,3,,0,64,-7.824045658111572,5.765510082244873,-1.7238067388534546,OUTBOUND,-27.044723510742188,0.01655699797796362,0.0031999999191612005
1,57,0.890625,0.7935082912445068,34.24477005004883,updated,1.2877960205078125,-0.698927104473114,20.35054588317871,9.856619834899902,9.766214370727539,41.39591833698796,29.66195874410044,1044,6,28,0,7,,1,63,-7.8240461349487305,5.766573905944824,-1.4874329566955566,OUTBOUND,-26.89958953857422,0.0028162965161583537,0.0031999999191612005
1,53,0.828125,1.453482747077942,34.15924072265625,updated,1.2881810665130615,-0.6867199540138245,21.471778869628906,10.059063911437988,9.890707015991211,41.417864588991506,29.64991445461398,1045,6,29,0,11,,2,62,-7.8240461349487305,5.7150349617004395,-1.8879635334014893,OUTBOUND,-26.867630004882812,0.017430815581961013,0.0031999999191612005
1,63,0.984375,0.8372592926025391,34.31741714477539,updated,1.2885664701461792,-0.7055089473724365,42.90034866333008,0.20198529958724976,0.22785760462284088,41.44334042997798,29.637865176872438,1046,6,30,0,1,,0,64,-7.824045181274414,5.786027431488037,-1.88416588306427,OUTBOUND,-26.893918991088867,0.029312401397733293,0.0031999999191612005
0,54,0.84375,0.6697744727134705,34.09258270263672,updated,1.2889522314071655,-0.705889105796814,13.160953521728516,2.1909232139587402,2.143805503845215,41.554078346991446,29.62577199431517,1047,6,31,1,10,STALE_OR_INCOMPLETE_BUNDLE,3,61,-7.824046611785889,5.784239768981934,-1.8846631050109863,OUTBOUND,-26.574626922607422,0.051296071964001794,0.0031999999191612005
1,58,0.90625,1.1584714651107788,34.356117248535156,updated,1.2893375158309937,-0.6917760372161865,53.274322509765625,0.4134092330932617,0.3954949975013733,41.57494128198596,29.61366669375739,1048,6,32,0,6,,0,64,-7.8240461349487305,5.725355625152588,-1.6024495363235474,OUTBOUND,-26.871990203857422,0.08469491708123453,0.0031999999191612005
1,57,0.890625,1.4964425563812256,34.523468017578125,updated,1.2897229194641113,-0.7036348581314087,40.26688766479492,0.8175773024559021,0.7544550895690918,41.59540595699218,29.601553717555696,1049,6,33,0,7,,1,63,-7.8240461349487305,5.768814563751221,-2.064887762069702,OUTBOUND,-26.83989143371582,0.08642847715413281,0.0031999999191612005
1,51,0.796875,0.9449708461761475,34.6248893737793,updated,1.2901087999343872,-0.7090615630149841,25.473173141479492,10.683305740356445,10.601054191589355,41.617781905981246,29.58944366554888,1050,6,34,0,13,,2,62,-7.824045658111572,5.786891460418701,-1.915776252746582,OUTBOUND,-27.050704956054688,0.0889075790488784,0.0031999999191612005
1,57,0.890625,0.8537301421165466,34.618804931640625,updated,1.2904951572418213,-0.7131736874580383,12.78348445892334,9.491921424865723,9.363568305969238,41.63995924999472,29.57731574830924,1051,6,35,0,7,,1,63,-7.8240461349487305,5.79976224899292,-1.9427982568740845,OUTBOUND,-27.04959487915039,0.0947102014029439,0.0031999999191612005
1,59,0.921875,0.9525617361068726,34.79145812988281,updated,1.2908817529678345,-0.708317220211029,27.89029884338379,0.19215089082717896,0.1789274364709854,41.753517934004776,29.56519403305289,1052,6,36,0,5,,0,64,-7.8240461349487305,5.777431488037109,-2.078977108001709,OUTBOUND,-27.263710021972656,0.0721142974396381,0.0031999999191612005
1,56,0.875,0.592677652835846,34.46375274658203,updated,1.2912677526474,-0.6931828856468201,30.63566780090332,10.872298240661621,10.814655303955078,41.773818250978366,29.553106594460512,1053,6,37,0,8,,2,62,-7.824045658111572,5.714898109436035,-1.7380563020706177,OUTBOUND,-27.07510757446289,0.03199065269028137,0.0031999999191612005
1,59,0.921875,0.7520366907119751,34.93282699584961,updated,1.2916544675827026,-0.7188942432403564,27.53491973876953,0.20698896050453186,0.22874405980110168,41.7943112179928,29.54103727265535,1054,6,38,0,5,,0,64,-7.8240461349487305,5.812305450439453,-1.7251545190811157,OUTBOUND,-27.346323013305664,0.02277336710174972,0.0031999999191612005
1,57,0.890625,1.8110454082489014,34.96963882446289,updated,1.2920420169830322,-0.7204879522323608,19.6785888671875,0.14097218215465546,0.16270127892494202,41.81444646700402,29.528951259114727,1055,6,39,0,7,,0,64,-7.8240461349487305,5.815241813659668,-2.2795345783233643,OUTBOUND,-27.34246826171875,0.030075409565303447,0.0031999999191612005
1,55,0.859375,1.5133119821548462,34.9416389465332,updated,1.2924295663833618,-0.7112393379211426,41.12820816040039,10.199538230895996,10.082523345947266,41.83537196798716,29.51688760470265,1056,6,40,0,9,,1,63,-7.8240461349487305,5.775851249694824,-1.9368557929992676,OUTBOUND,-27.45608901977539,0.012161882840488006,0.0031999999191612005
1,58,0.90625,1.0425384044647217,35.06080627441406,updated,1.2928175926208496,-0.7179248332977295,20.877538681030273,1.5852330923080444,1.568345546722412,41.8577570609923,29.504799770715827,1057,6,41,0,6,,2,62,-7.8240461349487305,5.798666954040527,-1.8081748485565186,OUTBOUND,-27.54819107055664,-0.02634259653560737,0.0031999999191612005
1,58,0.90625,1.2646484375,35.105167388916016,updated,1.2932064533233643,-0.7264336943626404,5.159168243408203,0.7535837888717651,0.7229884266853333,41.87858991799294,29.492717643691442,1058,6,42,0,6,,1,63,-7.8240461349487305,5.828526973724365,-1.7770968675613403,OUTBOUND,-27.504751205444336,-0.06047700645224944,0.0031999999191612005
1,55,0.859375,0.8903659582138062,34.84628677368164,updated,1.2935951948165894,-0.7110865712165833,18.537639617919922,0.22865967452526093,0.28652358055114746,41.98152860900154,29.480618322198087,1059,6,43,0,9,,0,64,-7.8240461349487305,5.765531063079834,-1.7561750411987305,OUTBOUND,-27.38752555847168,-0.07106398288796312,0.0031999999191612005
1,60,0.9375,0.45842596888542175,34.71871566772461,updated,1.2939841747283936,-0.7195073962211609,11.95966911315918,10.436356544494629,10.375112533569336,42.003346796991536,29.468504749323138,1060,6,44,0,4,,1,63,-7.824045658111572,5.795014381408691,-1.7917534112930298,OUTBOUND,-27.208301544189453,-0.06364437143167533,0.0031999999191612005
1,54,0.84375,0.9779274463653564,34.924808502197266,updated,1.2943731546401978,-0.7122060060501099,18.93781089782715,0.8937184810638428,0.8961624503135681,42.02590209999471,29.45640698670067,1061,6,45,0,10,,1,63,-7.824046611785889,5.763423442840576,-1.6477235555648804,OUTBOUND,-27.444141387939453,-0.0407452477858318,0.0031999999191612005
1,58,0.90625,1.1533005237579346,35.01026916503906,updated,1.2947622537612915,-0.7183816432952881,29.913467407226562,0.2577488124370575,0.26333099603652954,42.04527224600315,29.44432067761536,1062,6,46,0,6,,0,64,-7.8240461349487305,5.7841386795043945,-1.575276255607605,OUTBOUND,-27.43846321105957,-0.03149035905427009,0.0031999999191612005
1,50,0.78125,0.6582245826721191,35.23128128051758,updated,1.2951515913009644,-0.7221952080726624,7.197441577911377,0.9549635648727417,0.9435358643531799,42.07086769200396,29.43223602278775,1063,6,47,0,14,,1,63,-7.8240461349487305,5.7956624031066895,-1.940755009651184,OUTBOUND,-27.63317108154297,-0.04398544148238817,0.0031999999191612005
1,52,0.8125,0.8997557759284973,35.19800567626953,updated,1.2955409288406372,-0.7152881026268005,14.356606483459473,1.4743000268936157,1.4513205289840698,42.172563280997565,29.420172450283086,1064,6,48,0,12,,2,62,-7.8240461349487305,5.76570463180542,-1.8388301134109497,OUTBOUND,-27.627029418945312,-0.05189424615397013,0.0031999999191612005
1,57,0.890625,0.9657536745071411,35.124473571777344,updated,1.2959306240081787,-0.725854754447937,3.0734970569610596,1.0138180255889893,1.0389422178268433,42.19441980597912,29.408131717918646,1065,6,49,0,7,,1,63,-7.8240461349487305,5.803304195404053,-1.8360341787338257,OUTBOUND,-27.59033966064453,-0.062023247648724245,0.0031999999191612005
1,59,0.921875,1.2054585218429565,35.28511428833008,updated,1.2963200807571411,-0.7143438458442688,7.986895561218262,0.16404883563518524,0.1766507476568222,42.21748240798479,29.39606171032228,1066,6,50,0,5,,0,64,-7.8240461349487305,5.7556471824646,-1.8579479455947876,OUTBOUND,-27.76411247253418,-0.07737391301943364,0.0031999999191612005
1,59,0.921875,0.9481149315834045,35.35551071166992,updated,1.296709656715393,-0.7210432291030884,45.85377883911133,10.547489166259766,10.486377716064453,42.239587997988565,29.383966810397364,1067,6,51,0,5,,1,63,-7.8240461349487305,5.778270244598389,-1.9160287380218506,OUTBOUND,-27.869611740112305,-0.09824887319355251,0.0031999999191612005
1,59,0.921875,0.5843974947929382,35.09021759033203,updated,1.2970987558364868,-0.7125149965286255,19.934646606445312,0.16265088319778442,0.19405882060527802,42.344427856005495,29.371863704260036,1068,6,52,0,5,,0,64,-7.8240461349487305,5.7422356605529785,-1.6818758249282837,OUTBOUND,-27.661470413208008,-0.1016138074298891,0.0031999999191612005
1,58,0.90625,0.7591456174850464,35.261688232421875,updated,1.2974880933761597,-0.7243886590003967,16.589258193969727,0.13049983978271484,0.1558506190776825,42.36658526098472,29.359791662223902,1069,6,53,0,6,,0,64,-7.8240461349487305,5.784717559814453,-1.8110774755477905,OUTBOUND,-27.752092361450195,-0.10204936910885204,0.0031999999191612005
1,55,0.859375,0.6913461685180664,35.44220733642578,updated,1.2978780269622803,-0.7307555675506592,3.9986159801483154,1.0134209394454956,1.0289957523345947,42.38986690499587,29.347703574230923,1070,6,54,0,9,,1,63,-7.8240461349487305,5.805954933166504,-1.97413969039917,OUTBOUND,-27.826190948486328,-0.12682853731278265,0.0031999999191612005
1,57,0.890625,0.7648589611053467,35.458160400390625,updated,1.29826819896698,-0.7277613878250122,21.880102157592773,0.1806705892086029,0.20975011587142944,42.411006954003824,29.335603966971394,1071,6,55,0,7,,0,64,-7.8240461349487305,5.791238307952881,-1.591003656387329,OUTBOUND,-27.895498275756836,-0.1469084661144345,0.0031999999191612005
1,56,0.875,0.6816948056221008,35.47624588012695,updated,1.2986584901809692,-0.7253826260566711,16.20184898376465,0.16968375444412231,0.1880931407213211,42.432571721990826,29.323478261280524,1072,6,56,0,8,,0,64,-7.824045658111572,5.778911113739014,-1.806827425956726,OUTBOUND,-27.85296058654785,-0.13747514210810222,0.0031999999191612005
1,56,0.875,0.47218698263168335,35.71951675415039,updated,1.299048900604248,-0.7287763953208923,8.536969184875488,0.7888880968093872,0.766470730304718,42.45138686898281,29.31136127220941,1073,6,57,0,8,,1,63,-7.824045658111572,5.78870153427124,-1.7311668395996094,OUTBOUND,-28.082012176513672,-0.11725884666653032,0.0031999999191612005
1,61,0.953125,0.679002583026886,35.62051773071289,updated,1.299439787864685,-0.7331203818321228,44.56325149536133,10.10741901397705,9.973468780517578,42.47433585100225,29.299227388369427,1074,6,58,0,3,,1,63,-7.824045658111572,5.802100658416748,-1.9484508037567139,OUTBOUND,-28.09288787841797,-0.09808419084484665,0.0031999999191612005
1,57,0.890625,0.908229649066925,35.58667755126953,updated,1.2998303174972534,-0.7197882533073425,21.66436767578125,1.7382456064224243,1.7465564012527466,42.57672076599556,29.287114905891297,1075,6,59,0,7,,2,62,-7.8240461349487305,5.747982978820801,-1.5374659299850464,OUTBOUND,-28.19791030883789,-0.09542561015252533,0.0031999999191612005
1,61,0.953125,0.7117995619773865,35.35737609863281,updated,1.3002204895019531,-0.7208900451660156,21.110422134399414,10.719585418701172,10.658332824707031,42.60024116199929,29.27498919088622,1076,6,60,0,3,,1,63,-7.824045658111572,5.7490363121032715,-1.6877731084823608,OUTBOUND,-27.938079833984375,-0.10701182411251278,0.0031999999191612005
1,59,0.921875,0.4300709366798401,35.3353157043457,updated,1.3006106615066528,-0.7256323099136353,14.958733558654785,1.5537327527999878,1.520322561264038,42.62259606498992,29.26285487937642,1077,6,61,0,5,,2,62,-7.8240461349487305,5.763957500457764,-1.7279013395309448,OUTBOUND,-27.837326049804688,-0.11181010970456746,0.0031999999191612005
1,58,0.90625,0.2457227110862732,35.4449577331543,updated,1.3010010719299316,-0.7327221632003784,51.388526916503906,0.3045274019241333,0.3101024329662323,42.64346946700243,29.250724842333742,1078,6,62,0,6,,0,64,-7.8240461349487305,5.787776947021484,-1.8697385787963867,OUTBOUND,-27.890316009521484,-0.09732303740823654,0.0031999999191612005
1,55,0.859375,1.1584542989730835,35.484657287597656,updated,1.301391363143921,-0.7274790406227112,56.93845748901367,0.37947186827659607,0.3895646035671234,42.66462195999338,29.23859712039585,1079,6,63,0,9,,0,64,-7.8240461349487305,5.764671325683594,-1.857222318649292,OUTBOUND,-27.80952262878418,-0.05858684029079265,0.0031999999191612005
1,52,0.8125,0.9436951875686646,35.367332458496094,updated,1.3017817735671997,-0.7290033102035522,22.480091094970703,11.466300010681152,11.416962623596191,42.76732353400439,29.22648540824334,1080,6,64,0,12,,2,62,-7.8240461349487305,5.767309188842773,-1.7824420928955078,OUTBOUND,-27.840791702270508,-0.03247049010989343,0.0031999999191612005
1,56,0.875,0.6528365015983582,35.641990661621094,updated,1.3021724224090576,-0.7354592084884644,13.657761573791504,10.828902244567871,10.758829116821289,42.78739267299534,29.214405549457673,1081,6,65,0,8,,1,63,-7.824045658111572,5.788641452789307,-1.794744849205017,OUTBOUND,-28.05332374572754,-0.005824221214743744,0.0031999999191612005
1,59,0.921875,0.803903341293335,35.73823165893555,updated,1.3025630712509155,-0.7313992977142334,36.02788543701172,0.22708994150161743,0.24363385140895844,42.808201262989314,29.202347201585944,1082,6,66,0,5,,0,64,-7.8240461349487305,5.770095348358154,-1.8515993356704712,OUTBOUND,-28.110572814941406,0.03240671527662204,0.0031999999191612005
1,60,0.9375,0.9267972707748413,35.84672927856445,updated,1.3029544353485107,-0.7433923482894897,73.14864349365234,12.452702522277832,12.393170356750488,42.82868270698236,29.190259680140628,1083,6,67,0,4,,3,61,-7.824045658111572,5.812323093414307,-1.9605857133865356,OUTBOUND,-28.293569564819336,0.039320346020442876,0.0031999999191612005
1,55,0.859375,0.3880416750907898,35.66739273071289,updated,1.303344964981079,-0.7190167307853699,11.504114151000977,0.9086970090866089,0.8966526389122009,42.851434260985116,29.178178692925222,1084,6,68,0,9,,1,63,-7.8240461349487305,5.717020034790039,-1.8723633289337158,OUTBOUND,-28.186595916748047,0.029088326981496614,0.0031999999191612005
0,57,0.890625,0.6370284557342529,35.982608795166016,updated,1.3037357330322266,-0.7359102368354797,29.026819229125977,0.16669589281082153,0.176327645778656,42.95648284899653,29.166029012438422,1085,6,69,1,7,WATCHDOG_DEADLINE,0,64,-7.8240461349487305,5.777710914611816,-1.6837180852890015,OUTBOUND,-28.450862884521484,0.07399319421130032,0.0031999999191612005
1,56,0.875,0.9320259690284729,35.927608489990234,updated,1.3041257858276367,-0.718546450138092,35.97269821166992,0.2420136034488678,0.27001476287841797,42.97785855398979,29.153846354302413,1086,6,70,0,8,,0,64,-7.824045658111572,5.709105968475342,-1.6450282335281372,OUTBOUND,-28.32768440246582,0.10688619011847544,0.0031999999191612005
1,54,0.84375,0.7799558639526367,35.90935134887695,updated,1.3045166730880737,-0.7502242922782898,9.788878440856934,2.2159407138824463,2.1466212272644043,42.99795665999409,29.141714699081515,1087,6,71,0,10,,3,61,-7.824046611785889,5.825353145599365,-2.094768762588501,OUTBOUND,-28.178842544555664,0.10071392256886753,0.0031999999191612005
1,52,0.8125,0.7656394243240356,35.83148956298828,updated,1.3049073219299316,-0.7301908731460571,64.1351318359375,12.58303165435791,12.451578140258789,43.01872108300449,29.129590917392125,1088,6,72,0,12,,3,61,-7.8240461349487305,5.74680757522583,-1.917112112045288,OUTBOUND,-28.37493896484375,0.11593332548503556,0.0031999999191612005
1,57,0.890625,0.9803988337516785,36.013832092285156,updated,1.305298089981079,-0.736140251159668,35.473175048828125,0.2877748906612396,0.3216811716556549,43.039945922006154,29.117453338809604,1089,6,73,0,7,,0,64,-7.8240461349487305,5.766071319580078,-1.6853950023651123,OUTBOUND,-28.411468505859375,0.10791943013327215,0.0031999999191612005
1,58,0.90625,1.075681209564209,35.9362678527832,updated,1.3056890964508057,-0.741245448589325,20.827016830444336,10.86718463897705,10.771259307861328,43.060262624989264,29.105339827986725,1090,6,74,0,6,,1,63,-7.8240461349487305,5.782124996185303,-1.625059962272644,OUTBOUND,-28.412073135375977,0.09498770663451382,0.0031999999191612005
1,57,0.890625,0.760553240776062,35.78491973876953,updated,1.3060805797576904,-0.7475144267082214,24.559162139892578,11.869341850280762,11.817279815673828,43.08329999199486,29.09323933270181,1091,6,75,0,7,,2,62,-7.8240461349487305,5.8025031089782715,-1.7310266494750977,OUTBOUND,-28.27877426147461,0.09462692978026456,0.0031999999191612005
0,56,0.875,0.7856623530387878,35.77777862548828,updated,1.306471824645996,-0.7310600876808167,17.579797744750977,11.686817169189453,11.583647727966309,43.18652620099601,29.081077963703592,1092,6,76,1,8,STALE_OR_INCOMPLETE_BUNDLE,2,62,-7.824045658111572,5.737736701965332,-1.9098871946334839,OUTBOUND,-28.337587356567383,0.12703802226814181,0.0031999999191612005
1,53,0.828125,0.5731472969055176,35.87410354614258,updated,1.306862711906433,-0.7333997488021851,40.74607849121094,0.9492588043212891,0.9610503911972046,43.20997632297804,29.068890918818436,1093,6,77,0,11,,1,63,-7.8240461349487305,5.743422031402588,-1.7690691947937012,OUTBOUND,-28.393556594848633,0.14588458784192673,0.0031999999191612005
1,56,0.875,0.8642715811729431,36.11344528198242,updated,1.3072545528411865,-0.7550386786460876,63.76350402832031,0.4279416501522064,0.450680673122406,43.23361712199403,29.056728365438005,1094,6,78,0,8,,0,64,-7.824045658111572,5.821209907531738,-1.7614110708236694,OUTBOUND,-28.39814567565918,0.11953507571046967,0.0031999999191612005
1,60,0.9375,1.1234173774719238,36.223045349121094,updated,1.3076462745666504,-0.7404119968414307,62.894683837890625,0.41850367188453674,0.4333588480949402,43.25521077000303,29.04456037907829,1095,6,79,0,4,,0,64,-7.824045658111572,5.763461589813232,-1.858758807182312,OUTBOUND,-28.492368698120117,0.12376162475182817,0.0031999999191612005
1,62,0.96875,0.5386119484901428,36.458377838134766,updated,1.3080382347106934,-0.744380533695221,31.849821090698242,0.18707068264484406,0.1929539293050766,43.27822401598678,29.032400602209727,1096,6,80,0,2,,0,64,-7.824045658111572,5.77517032623291,-1.9341461658477783,OUTBOUND,-28.66368865966797,0.1477312094442847,0.0031999999191612005
0,57,0.890625,1.0624887943267822,36.66339874267578,updated,1.3084309101104736,-0.7575588822364807,17.164569854736328,0.1601482331752777,0.16358670592308044,43.379005869996035,29.02019738308745,1097,6,81,1,7,STALE_OR_INCOMPLETE_BUNDLE,0,64,-7.8240461349487305,5.82114839553833,-2.042804718017578,OUTBOUND,-28.782995223999023,0.1795142332595916,0.0031999999191612005
1,61,0.953125,0.5767554640769958,36.580047607421875,updated,1.308823585510254,-0.7435360550880432,91.04586029052734,12.322895050048828,12.301220893859863,43.39897751799435,29.00796224456937,1098,6,82,0,3,,2,62,-7.824045658111572,5.765836238861084,-1.720943808555603,OUTBOUND,-28.980224609375,0.19323317944108945,0.0031999999191612005
1,57,0.890625,1.0780342817306519,36.67219924926758,updated,1.309216856956482,-0.756424069404602,18.86395263671875,0.22772927582263947,0.2650005519390106,43.4192962369998,28.995760298619356,1099,6,83,0,7,,0,64,-7.8240461349487305,5.810640335083008,-2.0267715454101562,OUTBOUND,-29.037290573120117,0.19250981746561327,0.0031999999191612005
1,58,0.90625,0.8522915244102478,36.54916763305664,updated,1.3096094131469727,-0.7314517498016357,31.985002517700195,1.026195764541626,1.0279688835144043,43.440386172995204,28.983571872370113,1100,6,84,0,6,,1,63,-7.8240461349487305,5.714820384979248,-1.5965652465820312,OUTBOUND,-29.030261993408203,0.18759251051842438,0.0031999999191612005
1,56,0.875,1.056363582611084,36.57041549682617,updated,1.3100016117095947,-0.7410954833030701,68.28462219238281,11.456558227539062,11.354698181152344,43.460720425006,28.9713710736199,1101,6,85,0,8,,1,63,-7.824045658111572,5.747557163238525,-2.128618001937866,OUTBOUND,-29.167776107788086,0.17840788944175492,0.0031999999191612005
1,61,0.953125,1.1480306386947632,36.30523681640625,updated,1.310394287109375,-0.7539044618606567,27.757585525512695,0.23947642743587494,0.28195080161094666,43.57222687598551,28.959189445577337,1102,6,86,0,3,,0,64,-7.824045658111572,5.791944980621338,-1.9494128227233887,OUTBOUND,-28.812833786010742,0.15496840829409442,0.0031999999191612005
1,58,0.90625,0.5953940153121948,36.22474670410156,updated,1.3107869625091553,-0.7479828596115112,11.030736923217773,11.377784729003906,11.295930862426758,43.59397030598484,28.947051068313293,1103,6,87,0,6,,1,63,-7.8240461349487305,5.7669453620910645,-2.0057477951049805,OUTBOUND,-28.73929214477539,0.10822269460207205,0.0031999999191612005
1,60,0.9375,0.6491997241973877,36.34000778198242,updated,1.3111801147460938,-0.7587912082672119,58.178104400634766,0.29552459716796875,0.35142403841018677,43.61475962898112,28.934961120890105,1104,6,88,0,4,,0,64,-7.824045658111572,5.80381965637207,-1.6604565382003784,OUTBOUND,-28.774457931518555,0.06880169388146284,0.0031999999191612005
1,56,0.875,0.7150053381919861,36.24948501586914,updated,1.3115732669830322,-0.7468748092651367,10.192660331726074,11.277566909790039,11.201543807983398,43.6351660679793,28.92289004344249,1105,6,89,0,8,,1,63,-7.824045658111572,5.756731986999512,-1.8092975616455078,OUTBOUND,-28.69833755493164,0.06585892270056008,0.0031999999191612005
1,59,0.921875,0.9362089037895203,36.57807159423828,updated,1.3119667768478394,-0.7571972608566284,54.071598052978516,0.3020539879798889,0.3171496093273163,43.65534284099704,28.91079735004319,1106,6,90,0,5,,0,64,-7.8240461349487305,5.791742324829102,-1.9382699728012085,OUTBOUND,-28.846677780151367,0.07326610442436658,0.0031999999191612005
1,59,0.921875,0.6392379999160767,36.57342529296875,updated,1.312360405921936,-0.7538387775421143,24.47388458251953,12.15067195892334,12.058531761169434,43.681307177001145,28.898731698717743,1107,6,91,0,5,,2,62,-7.8240461349487305,5.776289463043213,-1.8146113157272339,OUTBOUND,-28.912734985351562,0.07286256631298169,0.0031999999191612005
1,56,0.875,0.9847275614738464,36.597206115722656,updated,1.3127541542053223,-0.7534429430961609,33.827877044677734,12.328944206237793,12.265212059020996,43.71452814299846,28.886664422264715,1108,6,92,0,8,,2,62,-7.824045658111572,5.771770000457764,-1.6102269887924194,OUTBOUND,-28.996986389160156,0.06018695949524372,0.0031999999191612005
1,52,0.8125,1.3093435764312744,36.49559020996094,updated,1.3131473064422607,-0.7443867921829224,4.60466194152832,2.2805991172790527,2.2434160709381104,43.818621766986325,28.87461335424327,1109,6,93,0,12,,3,61,-7.8240461349487305,5.735435962677002,-1.662416696548462,OUTBOUND,-28.839336395263672,0.04790287141441297,0.0031999999191612005
1,61,0.953125,0.7157835960388184,36.49505615234375,updated,1.3135411739349365,-0.7635628581047058,3.5583906173706055,11.360223770141602,11.29454231262207,43.839077155978885,28.862531419699234,1110,6,94,0,3,,1,63,-7.824045658111572,5.802818298339844,-1.7680792808532715,OUTBOUND,-28.868440628051758,0.07234927617945326,0.0031999999191612005
1,52,0.8125,1.1363481283187866,36.65365982055664,updated,1.3139355182647705,-0.7638660669326782,46.59982681274414,1.0479673147201538,1.0514183044433594,43.86162050298299,28.850432856813597,1111,6,95,0,12,,1,63,-7.8240461349487305,5.80084753036499,-2.000467300415039,OUTBOUND,-28.950057983398438,0.09996919816754,0.0031999999191612005
1,57,0.890625,1.1184996366500854,36.97039794921875,updated,1.314329743385315,-0.7559270262718201,35.32199478149414,0.19153380393981934,0.1945783793926239,43.88528135599336,28.83830863291286,1112,6,96,0,7,,0,64,-7.8240461349487305,5.768691539764404,-1.4199237823486328,OUTBOUND,-29.223121643066406,0.12045059413094525,0.0031999999191612005
1,55,0.859375,0.9461944103240967,36.7851448059082,updated,1.314724326133728,-0.7610754370689392,20.55450439453125,11.611885070800781,11.560977935791016,43.90538217098219,28.82620954286319,1113,6,97,0,9,,1,63,-7.8240461349487305,5.784488201141357,-1.7818958759307861,OUTBOUND,-29.11716651916504,0.1392562139970594,0.0031999999191612005
1,58,0.90625,0.5116234421730042,36.81049728393555,updated,1.3151191473007202,-0.7634162902832031,36.998538970947266,11.594184875488281,11.445240020751953,44.01436478100368,28.8141088083367,1114,6,98,0,6,,2,62,-7.8240461349487305,5.789989471435547,-1.803056240081787,OUTBOUND,-29.18436622619629,0.14759676741039643,0.0031999999191612005
1,56,0.875,0.8009093999862671,36.73416519165039,updated,1.3155138492584229,-0.7562675476074219,3.103003978729248,1.5964055061340332,1.6080948114395142,44.03337493099389,28.802015395747034,1115,6,99,0,8,,2,62,-7.824045658111572,5.760832786560059,-1.5302976369857788,OUTBOUND,-29.150245666503906,0.15037960121318203,0.0031999999191612005
1,55,0.859375,0.8456264138221741,36.751258850097656,updated,1.3159087896347046,-0.762585461139679,41.90548324584961,12.868252754211426,12.717881202697754,44.05618946600589,28.789894202163094,1116,6,100,0,9,,3,61,-7.8240461349487305,5.780850410461426,-1.5849032402038574,OUTBOUND,-29.155654907226562,0.12909050241137437,0.0031999999191612005
1,57,0.890625,0.7827832102775574,36.85667419433594,updated,1.3163037300109863,-0.760349452495575,58.19612503051758,0.33744749426841736,0.37958019971847534,44.08010738698067,28.777787678620513,1117,6,101,0,7,,0,64,-7.8240461349487305,5.769665718078613,-1.9327149391174316,OUTBOUND,-29.243560791015625,0.09319266251877152,0.0031999999191612005
1,61,0.953125,0.7046411037445068,36.76116943359375,updated,1.3166983127593994,-0.7556928992271423,24.04188346862793,1.1193320751190186,1.1492164134979248,44.18354708998231,28.765688322828648,1118,6,102,0,3,,1,63,-7.824045658111572,5.749698162078857,-1.7951297760009766,OUTBOUND,-29.12236785888672,0.09605378456912525,0.0031999999191612005
1,57,0.890625,0.7416349053382874,36.852909088134766,updated,1.3170932531356812,-0.7664989233016968,1.0381863117218018,2.437147378921509,2.41892147064209,44.2046721749939,28.753577810960596,1119,6,103,0,7,,3,61,-7.8240461349487305,5.7859787940979,-2.02003812789917,OUTBOUND,-29.08285140991211,0.11203087119526618,0.0031999999191612005
1,53,0.828125,0.7073622345924377,37.08238220214844,updated,1.3174877166748047,-0.7506793737411499,21.379718780517578,0.8728035092353821,0.8694420456886292,44.22618108900497,28.741453681802312,1120,6,104,0,11,,1,63,-7.8240461349487305,5.725508689880371,-1.7606557607650757,OUTBOUND,-29.41421127319336,0.11136640063475159,0.0031999999191612005
1,56,0.875,0.7124882340431213,37.27382278442383,updated,1.3178821802139282,-0.7646299600601196,24.162763595581055,0.17188780009746552,0.17252594232559204,44.24649096498615,28.729313313291748,1121,6,105,0,8,,0,64,-7.824045658111572,5.7731451988220215,-1.9054640531539917,OUTBOUND,-29.531709671020508,0.10549786974557036,0.0031999999191612005
1,60,0.9375,0.734192430973053,37.607357025146484,updated,1.318277359008789,-0.7738274931907654,3.908329725265503,0.11688236892223358,0.13031254708766937,44.27116505400045,28.717197666653995,1122,6,106,0,4,,0,64,-7.824045658111572,5.803458213806152,-2.038086175918579,OUTBOUND,-29.79925537109375,0.10211823378147937,0.0031999999191612005
1,56,0.875,0.8051450848579407,37.382781982421875,updated,1.3186721801757812,-0.7587006688117981,60.81259536743164,11.970213890075684,11.925588607788086,44.294280890986556,28.705087046624012,1123,6,107,0,8,,1,63,-7.824045658111572,5.745673656463623,-1.6176064014434814,OUTBOUND,-29.810787200927734,0.11463586073672095,0.0031999999191612005
1,60,0.9375,0.8140376806259155,37.43877029418945,updated,1.3190670013427734,-0.7624523639678955,16.377901077270508,0.8228393793106079,0.8319094777107239,44.31523164099781,28.692967189652315,1124,6,108,0,4,,1,63,-7.824045658111572,5.756263732910156,-1.7438033819198608,OUTBOUND,-29.881376266479492,0.11550041143691733,0.0031999999191612005
1,55,0.859375,0.6275168657302856,37.45010757446289,updated,1.319462776184082,-0.7841871380805969,6.626150131225586,0.8429511785507202,0.8229564428329468,44.419204550998984,28.68086335711356,1125,6,109,0,9,,1,63,-7.8240461349487305,5.831770420074463,-1.9728055000305176,OUTBOUND,-29.723257064819336,0.10817190904075559,0.0031999999191612005
1,59,0.921875,0.7682428359985352,37.28059768676758,updated,1.3198589086532593,-0.7748130559921265,56.62913131713867,11.843361854553223,11.659812927246094,44.43973180998,28.66875335235122,1126,6,110,0,5,,2,62,-7.8240461349487305,5.794891834259033,-2.0603184700012207,OUTBOUND,-29.779563903808594,0.11860557159467965,0.0031999999191612005
0,54,0.84375,0.6455053687095642,37.21735382080078,updated,1.3202557563781738,-0.7808838486671448,17.246259689331055,0.9993630051612854,1.0271717309951782,44.45756623198395,28.656588267164267,1127,6,111,1,10,NO_GENERATOR_SET,1,63,-7.824046611785889,5.813744068145752,-1.7334765195846558,OUTBOUND,-29.60665512084961,0.09450485142575761,0.0031999999191612005
0,51,0.796875,0.7793770432472229,36.951534271240234,updated,1.3206528425216675,-0.7772437930107117,20.528217315673828,13.408477783203125,13.271125793457031,44.473566161002964,28.64442482748188,1128,6,112,1,13,NO_GENERATOR_SET,3,61,-7.824045658111572,5.797597885131836,-2.1292552947998047,OUTBOUND,-29.344802856445312,0.02968818048936753,0.0031999999191612005
0,55,0.859375,0.44412797689437866,37.09416580200195,updated,1.3210498094558716,-0.7678534984588623,86.64799499511719,0.5177760720252991,0.6104593873023987,44.49305196100613,28.632258591263255,1129,6,113,1,9,NO_GENERATOR_SET,0,64,-7.8240461349487305,5.760808944702148,-1.8691027164459229,OUTBOUND,-29.368999481201172,-0.031218150535104336,0.0031999999191612005
1,60,0.9375,0.48504170775413513,36.99604415893555,updated,1.3214462995529175,-0.7615430951118469,37.44355392456055,23.314855575561523,23.111675262451172,44.51417917499202,28.62006791280119,1130,6,114,0,4,,2,62,-7.824045658111572,5.735165596008301,-1.6389070749282837,OUTBOUND,-29.421592712402344,-0.04009071040961854,0.0031999999191612005
1,55,0.859375,0.46205905079841614,37.23960494995117,updated,1.3218427896499634,-0.7743514180183411,51.81987762451172,2.1622118949890137,2.132303237915039,44.5359625039855,28.607896047364274,1131,6,115,0,9,,2,62,-7.8240461349487305,5.778173446655273,-1.8616441488265991,OUTBOUND,-29.49287223815918,-0.019356485626801565,0.0031999999191612005
1,57,0.890625,0.6685495972633362,37.40140914916992,updated,1.322239875793457,-0.7800939679145813,65.34152221679688,1.05699622631073,1.0331807136535645,44.65099341300083,28.595719685752865,1132,6,116,0,7,,1,63,-7.8240461349487305,5.795766830444336,-2.0492441654205322,OUTBOUND,-29.48934555053711,-0.0377904019591843,0.0031999999191612005
1,55,0.859375,0.9351744651794434,37.401344299316406,updated,1.3226375579833984,-0.7871886491775513,32.72934341430664,1.8362919092178345,1.8284555673599243,44.674426860001404,28.583519216671355,1133,6,117,0,9,,2,62,-7.8240461349487305,5.818159580230713,-1.998645544052124,OUTBOUND,-29.52310562133789,-0.04517685621908401,0.0031999999191612005
1,52,0.8125,0.7410452365875244,37.814517974853516,updated,1.3230353593826294,-0.779201865196228,11.08206558227539,1.1144099235534668,1.099471092224121,44.69625926198205,28.57132842068624,1134,6,118,0,12,,1,63,-7.8240461349487305,5.786567687988281,-1.9681649208068848,OUTBOUND,-30.025270462036133,-0.04848227919651651,0.0031999999191612005
1,58,0.90625,0.8376807570457458,38.11174774169922,updated,1.323433756828308,-0.7870326638221741,6.921899318695068,0.16251057386398315,0.1862044781446457,44.71801850700285,28.55911717167194,1135,6,119,0,6,,0,64,-7.8240461349487305,5.811548233032227,-1.9515937566757202,OUTBOUND,-30.242908477783203,-0.07055849978302002,0.0031999999191612005
0,58,0.90625,0.7055839896202087,38.030513763427734,updated,1.3238320350646973,-0.7787429690361023,8.318016052246094,0.1610509753227234,0.19024625420570374,44.82117085700156,28.54687053346429,1136,6,120,1,6,STALE_OR_INCOMPLETE_BUNDLE,0,64,-7.8240461349487305,5.778945446014404,-1.5640679597854614,OUTBOUND,-30.28960609436035,-0.09624690001947878,0.0031999999191612005
1,58,0.90625,1.011982798576355,38.052406311035156,updated,1.324230432510376,-0.7773392200469971,49.82389831542969,1.9855577945709229,2.0022599697113037,44.843303889996605,28.53460651123278,1137,6,121,0,6,,2,62,-7.8240461349487305,5.770960330963135,-1.9124455451965332,OUTBOUND,-30.411394119262695,-0.10429480864355775,0.0031999999191612005
1,57,0.890625,0.6481783390045166,38.24445724487305,updated,1.324628472328186,-0.7758596539497375,97.96229553222656,12.331725120544434,12.176898002624512,44.86467470499338,28.522355330771354,1138,6,122,0,7,,1,63,-7.8240461349487305,5.762722969055176,-1.7925498485565186,OUTBOUND,-30.676780700683594,-0.0995867790094294,0.0031999999191612005
1,57,0.890625,1.1646056175231934,37.9119987487793,updated,1.3250267505645752,-0.7824387550354004,32.99541091918945,1.8427878618240356,1.7707931995391846,44.88740590898669,28.510089106352503,1139,6,123,0,7,,2,62,-7.8240461349487305,5.783171653747559,-1.7336269617080688,OUTBOUND,-30.318593978881836,-0.09849661565314188,0.0031999999191612005
1,57,0.890625,0.7550908923149109,37.7852897644043,updated,1.325425386428833,-0.7871002554893494,11.469636917114258,1.5857747793197632,1.5552189350128174,44.907383199984906,28.497850571072195,1140,6,124,0,7,,2,62,-7.8240461349487305,5.796761512756348,-1.9350889921188354,OUTBOUND,-30.248096466064453,-0.0877368430129809,0.0031999999191612005
1,58,0.90625,1.0060639381408691,37.504844665527344,updated,1.3258243799209595,-0.7884557247161865,38.23133087158203,12.773826599121094,12.53525447845459,44.9298094069818,28.485607385711948,1141,6,125,0,6,,3,61,-7.8240461349487305,5.798587799072266,-1.9020589590072632,OUTBOUND,-29.980201721191406,-0.09341591831784676,0.0031999999191612005
1,58,0.90625,0.6895878911018372,37.24319839477539,updated,1.326223373413086,-0.783941924571991,13.525062561035156,13.106436729431152,13.033164024353027,44.95163651800249,28.473349702666606,1142,6,126,0,6,,2,62,-7.8240461349487305,5.779596328735352,-1.8868235349655151,OUTBOUND,-29.77255630493164,-0.08188984417344153,0.0031999999191612005
0,54,0.84375,1.144957423210144,37.31910705566406,updated,1.3266228437423706,-0.7928671836853027,53.41498565673828,2.6092729568481445,2.623053550720215,45.056668240984436,28.46109707715202,1143,6,127,1,10,STALE_OR_INCOMPLETE_BUNDLE,3,61,-7.824046611785889,5.808246612548828,-1.9996248483657837,OUTBOUND,-29.66322898864746,-0.10538849047056222,0.0031999999191612005
1,59,0.921875,0.66798335313797,37.342987060546875,updated,1.3270219564437866,-0.7800413966178894,61.75607681274414,12.249139785766602,12.125700950622559,45.077718394983094,28.448822619296063,1144,6,128,0,5,,1,63,-7.8240461349487305,5.759875297546387,-1.5901461839675903,OUTBOUND,-29.652257919311523,-0.1631405534303604,0.0031999999191612005
1,56,0.875,0.746648371219635,37.493003845214844,updated,1.3274213075637817,-0.7888845801353455,103.13282012939453,1.6244399547576904,1.5474324226379395,45.10019594299956,28.436580630556264,1145,6,129,0,8,,1,63,-7.824045658111572,5.788195610046387,-1.60724675655365,OUTBOUND,-29.587995529174805,-0.17284147136747602,0.0031999999191612005
1,58,0.90625,0.6343775391578674,38.17757797241211,updated,1.327821135520935,-0.7938287854194641,88.90023803710938,0.6028822064399719,0.45340707898139954,45.12188550498104,28.424344850104266,1146,6,130,0,6,,0,64,-7.8240461349487305,5.802689075469971,-1.7004355192184448,OUTBOUND,-30.06924819946289,-0.16397470384733095,0.0031999999191612005
1,59,0.921875,0.759272575378418,38.22987747192383,updated,1.3282204866409302,-0.7813711762428284,53.77857208251953,0.3606301546096802,0.2516826093196869,45.14370397699531,28.412129475281123,1147,6,131,0,5,,0,64,-7.8240461349487305,5.755777359008789,-1.5645915269851685,OUTBOUND,-30.248077392578125,-0.15606625798517945,0.0031999999191612005
0,59,0.921875,0.6183544397354126,38.69072723388672,updated,1.3286194801330566,-0.7779330015182495,13.007331848144531,0.1007315143942833,0.11456853151321411,45.25203609498567,28.39985552321661,1148,6,132,1,5,STALE_OR_INCOMPLETE_BUNDLE,0,64,-7.8240461349487305,5.740744590759277,-1.745013952255249,OUTBOUND,-30.739768981933594,-0.1957955059735386,0.0031999999191612005
1,59,0.921875,0.9372500777244568,38.54890441894531,updated,1.3290181159973145,-0.7818605899810791,148.10765075683594,25.23269271850586,25.31181526184082,45.27251657799934,28.38755795554929,1149,6,133,0,5,,2,62,-7.8240461349487305,5.751669883728027,-1.5462132692337036,OUTBOUND,-30.84566879272461,-0.23182891397004154,0.0031999999191612005
1,55,0.859375,0.8601630926132202,38.75300216674805,updated,1.3294167518615723,-0.7857670783996582,46.55247497558594,0.2283707559108734,0.282308965921402,45.29324287499185,28.375301755101027,1150,6,134,0,9,,0,64,-7.8240461349487305,5.7625017166137695,-1.554034948348999,OUTBOUND,-31.02840805053711,-0.213655076651374,0.0031999999191612005
1,58,0.90625,1.0531542301177979,38.88581466674805,updated,1.3298159837722778,-0.7990065813064575,141.2704315185547,13.502266883850098,13.366109848022461,45.31398512900341,28.363056221915503,1151,6,135,0,6,,1,63,-7.8240461349487305,5.806087970733643,-1.9341775178909302,OUTBOUND,-31.294160842895508,-0.2151223405553932,0.0031999999191612005
1,58,0.90625,0.9486169815063477,38.580055236816406,updated,1.3302147388458252,-0.7816396355628967,108.96786499023438,13.82925033569336,13.549188613891602,45.334526122984244,28.350799649140665,1152,6,136,0,6,,2,62,-7.8240461349487305,5.742204666137695,-1.7027108669281006,OUTBOUND,-31.055347442626953,-0.2243322354271007,0.0031999999191612005
1,60,0.9375,0.8390231132507324,38.3061637878418,updated,1.330613613128662,-0.7904165387153625,15.48658275604248,0.19575433433055878,0.23178209364414215,45.442533492983785,28.338564242231637,1153,6,137,0,4,,0,64,-7.824045658111572,5.770082473754883,-1.8965508937835693,OUTBOUND,-30.817935943603516,-0.21100343167122107,0.0031999999191612005
1,57,0.890625,0.9329151511192322,37.977664947509766,updated,1.3310134410858154,-0.8092024326324463,28.024887084960938,13.515745162963867,13.368361473083496,45.46510055399267,28.326327367824103,1154,6,138,0,7,,2,62,-7.8240461349487305,5.832942485809326,-1.6850582361221313,OUTBOUND,-30.43657112121582,-0.20069220698158852,0.0031999999191612005
1,53,0.828125,0.8095458149909973,37.9321174621582,updated,1.3314135074615479,-0.7977403402328491,83.04334259033203,1.0663076639175415,1.2536938190460205,45.48598565298016,28.314124737627186,1155,6,139,0,11,,1,63,-7.8240461349487305,5.789880752563477,-1.814927101135254,OUTBOUND,-30.239850997924805,-0.1876421502255094,0.0031999999191612005
1,56,0.875,1.2519094944000244,37.905391693115234,updated,1.3318134546279907,-0.7908498048782349,18.889299392700195,13.187777519226074,13.131414413452148,45.5059399830061,28.301934974005288,1156,6,140,0,8,,2,62,-7.824045658111572,5.762878894805908,-2.221015453338623,OUTBOUND,-30.322383880615234,-0.16440738307019712,0.0031999999191612005
1,56,0.875,0.6893283128738403,38.02347183227539,updated,1.3322135210037231,-0.7961750030517578,107.7503662109375,0.7395831346511841,0.7434527277946472,45.527153043978615,28.289749417809883,1157,6,141,0,8,,0,64,-7.824045658111572,5.778567790985107,-1.7724326848983765,OUTBOUND,-30.191858291625977,-0.1426482890378887,0.0031999999191612005
1,57,0.890625,1.113366961479187,38.33485794067383,updated,1.3326137065887451,-0.7965487837791443,69.6338882446289,1.3020697832107544,1.2062244415283203,45.54786130099092,28.277580460553526,1158,6,142,0,7,,1,63,-7.8240461349487305,5.776961326599121,-1.7313002347946167,OUTBOUND,-30.442947387695312,-0.11904635191413097,0.0031999999191612005
1,57,0.890625,0.9105709791183472,38.633609771728516,updated,1.3330143690109253,-0.8057467937469482,22.22159767150879,11.730897903442383,11.521197319030762,45.56884331998299,28.265428109740025,1159,6,143,0,7,,1,63,-7.8240461349487305,5.806089401245117,-1.7652264833450317,OUTBOUND,-30.6949520111084,-0.10932471921182932,0.0031999999191612005
1,55,0.859375,1.157265305519104,38.68782043457031,updated,1.3334144353866577,-0.7851281762123108,34.94390869140625,0.8810175657272339,0.7736697793006897,45.67343748197891,28.253266017496607,1160,6,144,0,9,,1,63,-7.8240461349487305,5.731423854827881,-1.670365571975708,OUTBOUND,-30.7713623046875,-0.11389706513685648,0.0031999999191612005
1,57,0.890625,0.7659308314323425,38.858158111572266,updated,1.333814024925232,-0.7859922051429749,24.813674926757812,0.9607815146446228,0.9059387445449829,45.69440630997997,28.241130044646376,1161,6,145,0,7,,1,63,-7.8240461349487305,5.7315778732299805,-2.0885603427886963,OUTBOUND,-30.88892364501953,-0.11844059152240533,0.0031999999191612005
1,59,0.921875,0.3903767764568329,38.855926513671875,updated,1.3342139720916748,-0.8045501112937927,85.67082214355469,13.743623733520508,13.814462661743164,45.71493878099136,28.22899545519085,1162,6,146,0,5,,2,62,-7.8240461349487305,5.793164253234863,-1.6579548120498657,OUTBOUND,-31.14199447631836,-0.11541497236201055,0.0031999999191612005
1,57,0.890625,1.311636209487915,38.987998962402344,updated,1.3346141576766968,-0.8010392189025879,92.46798706054688,13.02436637878418,12.979446411132812,45.73543527498259,28.21686097378088,1163,6,147,0,7,,1,63,-7.8240461349487305,5.7780842781066895,-2.034306764602661,OUTBOUND,-31.42023468017578,-0.10073619649274063,0.0031999999191612005
1,58,0.90625,0.5918456315994263,38.743080139160156,updated,1.3350144624710083,-0.8020843863487244,55.95064163208008,13.007790565490723,12.866047859191895,45.75789493200136,28.20473075933958,1164,6,148,0,6,,1,63,-7.8240461349487305,5.778818607330322,-1.760981798171997,OUTBOUND,-31.152833938598633,-0.07854490483616916,0.0031999999191612005
1,57,0.890625,0.7959385514259338,38.88155746459961,updated,1.3354151248931885,-0.8064146041870117,21.817834854125977,0.16826395690441132,0.23169918358325958,45.86260816999129,28.192587414546175,1165,6,149,0,7,,0,64,-7.8240461349487305,5.790922164916992,-2.0234689712524414,OUTBOUND,-31.20890235900879,-0.06344889558500788,0.0031999999191612005
1,57,0.890625,0.7639240026473999,38.78969955444336,updated,1.3358162641525269,-0.811588704586029,48.208885192871094,0.23722875118255615,0.38955944776535034,45.88338295998983,28.18049329460168,1166,6,150,0,7,,0,64,-7.8240461349487305,5.805913925170898,-1.8394265174865723,OUTBOUND,-31.025043487548828,-0.06261988644776985,0.0031999999191612005
1,57,0.890625,1.028282642364502,38.52404022216797,updated,1.3362174034118652,-0.8004470467567444,17.763301849365234,12.891657829284668,12.779472351074219,45.90368799198768,28.168379786656576,1167,6,151,0,7,,1,63,-7.8240461349487305,5.764522552490234,-1.9870165586471558,OUTBOUND,-30.92918586730957,-0.06059426681481342,0.0031999999191612005
1,61,0.953125,0.5675973892211914,38.615970611572266,updated,1.3366177082061768,-0.7865414023399353,68.13394927978516,0.4074334502220154,0.5796037316322327,45.925357309984975,28.15624065750634,1168,6,152,0,3,,0,64,-7.824045658111572,5.713683605194092,-1.865864634513855,OUTBOUND,-30.94154167175293,-0.052428262565658225,0.0031999999191612005
1,55,0.859375,0.9471721053123474,38.79484558105469,updated,1.3370178937911987,-0.7986582517623901,58.90321350097656,0.37640923261642456,0.43897220492362976,46.02927099500084,28.144088075943063,1169,6,153,0,9,,0,64,-7.8240461349487305,5.7526421546936035,-1.7186248302459717,OUTBOUND,-30.95932388305664,-0.04347306369694263,0.0031999999191612005
1,53,0.828125,1.055272102355957,39.046424865722656,updated,1.3374179601669312,-0.8016446828842163,5.497375965118408,1.8267353773117065,1.8099281787872314,46.051374041999225,28.13191528688284,1170,6,154,0,11,,2,62,-7.8240461349487305,5.76008939743042,-1.7492066621780396,OUTBOUND,-31.183177947998047,-0.03694796138527897,0.0031999999191612005
1,56,0.875,0.5642859935760498,39.08726119995117,updated,1.3378186225891113,-0.8111916184425354,123.40872955322266,26.189231872558594,26.20742416381836,46.073230368987424,28.119707253515013,1171,6,155,0,8,,3,61,-7.824045658111572,5.790084362030029,-1.766017198562622,OUTBOUND,-31.393095016479492,-0.0389183046719505,0.0031999999191612005
1,53,0.828125,0.663506269454956,39.29368591308594,updated,1.3382198810577393,-0.81862473487854,30.637264251708984,0.23883409798145294,0.19054335355758667,46.09816531298566,28.107555337789893,1172,6,156,0,11,,0,64,-7.8240461349487305,5.812752723693848,-1.7243330478668213,OUTBOUND,-31.459035873413086,-0.04697335821516544,0.0031999999191612005
1,53,0.828125,1.0984158515930176,38.972808837890625,updated,1.338620901107788,-0.8001033663749695,30.21823501586914,12.785279273986816,12.75462818145752,46.12273713000468,28.095399208165496,1173,6,157,0,11,,1,63,-7.8240461349487305,5.7462849617004395,-1.9632434844970703,OUTBOUND,-31.394210815429688,-0.045965661316638595,0.0031999999191612005
1,56,0.875,0.5689741373062134,38.96695327758789,updated,1.3390220403671265,-0.8080030083656311,10.102710723876953,1.7690753936767578,1.7642066478729248,46.14237703700201,28.08322108731056,1174,6,158,0,8,,2,62,-7.824045658111572,5.77055025100708,-1.6899060010910034,OUTBOUND,-31.26320457458496,-0.03002455992671762,0.0031999999191612005
1,58,0.90625,0.9687302708625793,38.88336944580078,updated,1.3394229412078857,-0.8028331398963928,10.414942741394043,3.1227927207946777,3.092236042022705,46.16413735898095,28.071017788735336,1175,6,159,0,6,,4,60,-7.8240461349487305,5.749999046325684,-1.675001621246338,OUTBOUND,-31.20580291748047,-0.006217758967649436,0.0031999999191612005
1,56,0.875,0.7218871712684631,38.952083587646484,updated,1.3398241996765137,-0.8145379424095154,40.53507614135742,1.967464804649353,2.0037178993225098,46.26946029800456,28.05881975128273,1176,6,160,0,8,,2,62,-7.824045658111572,5.787233829498291,-1.8598867654800415,OUTBOUND,-31.116775512695312,-0.004644707114317876,0.0031999999191612005
1,55,0.859375,0.7920114398002625,39.15388870239258,updated,1.3402258157730103,-0.8139674663543701,47.71937561035156,1.057793378829956,1.124820590019226,46.29233961799764,28.04668073079005,1177,6,161,0,9,,1,63,-7.8240461349487305,5.782429218292236,-1.635288953781128,OUTBOUND,-31.2665958404541,-0.02600467848045343,0.0031999999191612005
1,56,0.875,1.012885570526123,39.23447036743164,updated,1.3406282663345337,-0.8279319405555725,24.21511459350586,2.0063915252685547,2.0212721824645996,46.312911446002545,28.03456911155137,1178,6,162,0,8,,2,62,-7.824045658111572,5.827268123626709,-1.8427026271820068,OUTBOUND,-31.262264251708984,-0.03270536578644884,0.0031999999191612005
1,51,0.796875,1.1111057996749878,39.02145767211914,updated,1.3410307168960571,-0.812105655670166,28.969329833984375,13.828980445861816,13.615150451660156,46.33421122599975,28.02243176334727,1179,6,163,0,13,,3,61,-7.824045658111572,5.770383834838867,-2.038210153579712,OUTBOUND,-31.19379425048828,-0.03919861694270774,0.0031999999191612005
1,59,0.921875,0.6990455389022827,39.26674270629883,updated,1.3414334058761597,-0.8178815245628357,28.94525909423828,12.990022659301758,12.866157531738281,46.35540271899663,28.010299306866486,1180,6,164,0,5,,1,63,-7.8240461349487305,5.787232398986816,-1.6981585025787354,OUTBOUND,-31.504337310791016,-0.05298342513560527,0.0031999999191612005
1,54,0.84375,0.5549303889274597,39.298431396484375,updated,1.3418362140655518,-0.814171552658081,63.7822151184082,0.3985830843448639,0.45223018527030945,46.46099034900544,27.998215454027893,1181,6,165,0,10,,0,64,-7.824046611785889,5.771753787994385,-1.8257215023040771,OUTBOUND,-31.392879486083984,-0.04094512870395658,0.0031999999191612005
1,57,0.890625,1.307114601135254,39.338836669921875,updated,1.3422390222549438,-0.8166640400886536,50.20188903808594,14.411970138549805,14.291736602783203,46.48353487299755,27.98612478524401,1182,6,166,0,7,,3,61,-7.8240461349487305,5.777400493621826,-2.0554370880126953,OUTBOUND,-31.435365676879883,-0.009148561707768567,0.0031999999191612005
1,58,0.90625,1.0172615051269531,39.58806610107422,updated,1.3426423072814941,-0.8221666216850281,4.706772804260254,1.0027308464050293,1.007490873336792,46.506920419982634,27.974011535652934,1183,6,167,0,6,,1,63,-7.8240461349487305,5.793262481689453,-1.9563167095184326,OUTBOUND,-31.807754516601562,-0.008519456944820149,0.0031999999191612005
1,58,0.90625,0.6715326309204102,39.391510009765625,updated,1.3430454730987549,-0.815345287322998,10.496223449707031,0.9923647046089172,1.0127055644989014,46.52791020899895,27.961904855873932,1184,6,168,0,6,,1,63,-7.8240461349487305,5.767263412475586,-1.669795036315918,OUTBOUND,-31.6717529296875,-0.02174962249230172,0.0031999999191612005
1,62,0.96875,0.7106270790100098,39.17211151123047,updated,1.343448281288147,-0.8112682700157166,102.78044891357422,27.048904418945312,26.89502716064453,46.5474914329825,27.94976882367719,1185,6,169,0,2,,3,61,-7.824045658111572,5.75062370300293,-1.8371460437774658,OUTBOUND,-31.575374603271484,-0.036807121515777246,0.0031999999191612005
0,58,0.90625,0.6043062210083008,39.22163009643555,updated,1.3438514471054077,-0.8219311237335205,37.60354995727539,1.1624641418457031,1.167868733406067,46.6511847259826,27.93759701476056,1186,6,170,1,6,WATCHDOG_DEADLINE,1,63,-7.8240461349487305,5.783945560455322,-1.8938990831375122,OUTBOUND,-31.498245239257812,-0.10182559050430719,0.0031999999191612005
1,57,0.890625,0.7628026604652405,39.46522521972656,updated,1.344254970550537,-0.8248115181922913,66.2257080078125,0.44467082619667053,0.4509565830230713,46.67152916098712,27.92545459247944,1187,6,171,0,7,,0,64,-7.8240461349487305,5.79086446762085,-1.6968305110931396,OUTBOUND,-31.608600616455078,-0.1340415376672402,0.0031999999191612005
1,57,0.890625,0.9725126028060913,39.44111251831055,updated,1.3446590900421143,-0.8332399129867554,15.1025972366333,13.02456283569336,12.82748031616211,46.69479446299374,27.91333489429541,1188,6,172,0,7,,2,62,-7.8240461349487305,5.81652307510376,-1.824702262878418,OUTBOUND,-31.63469886779785,-0.1191602273362678,0.0031999999191612005
1,56,0.875,0.8193079829216003,39.409000396728516,updated,1.3450632095336914,-0.8200297355651855,69.39073944091797,0.6972748637199402,0.793100118637085,46.716998813004466,27.901215420727603,1189,6,173,0,8,,0,64,-7.824045658111572,5.7690558433532715,-1.7904824018478394,OUTBOUND,-31.414283752441406,-0.12643106948991267,0.0031999999191612005
1,58,0.90625,0.7056986093521118,39.66299057006836,updated,1.345467448234558,-0.825698971748352,58.005741119384766,0.441853791475296,0.48999932408332825,46.73911775398301,27.889076050803713,1190,6,174,0,6,,0,64,-7.8240461349487305,5.785373687744141,-1.7393929958343506,OUTBOUND,-31.64480209350586,-0.14977309178635212,0.0031999999191612005
1,56,0.875,0.5144386291503906,39.992794036865234,updated,1.345871090888977,-0.8092053532600403,22.006357192993164,0.20623347163200378,0.24765203893184662,46.76017770697945,27.876903282913002,1191,6,175,0,8,,0,64,-7.824045658111572,5.726970195770264,-1.8036078214645386,OUTBOUND,-32.005130767822266,-0.14420401716692494,0.0031999999191612005
1,59,0.921875,0.7107061743736267,40.11588668823242,updated,1.3462754487991333,-0.8359464406967163,2.2095024585723877,0.4182184934616089,0.46449682116508484,46.77946073698695,27.864774964722756,1192,6,176,0,5,,0,64,-7.8240461349487305,5.8142409324646,-1.9270248413085938,OUTBOUND,-32.10942077636719,-0.1254803327366732,0.0031999999191612005
0,56,0.875,0.7632074952125549,39.96753692626953,updated,1.346679449081421,-0.8166717886924744,87.13026428222656,13.7040433883667,13.666726112365723,46.882584855979076,27.85258766241898,1193,6,177,1,8,STALE_OR_INCOMPLETE_BUNDLE,1,63,-7.824045658111572,5.746574878692627,-1.9461606740951538,OUTBOUND,-32.28703308105469,-0.1720121362566572,0.0031999999191612005
1,58,0.90625,1.2306817770004272,40.12186813354492,updated,1.3470838069915771,-0.8321966528892517,119.86107635498047,14.833388328552246,14.755370140075684,46.9052451030002,27.84039891719208,1194,6,178,0,6,,2,62,-7.8240461349487305,5.795966148376465,-1.9938112497329712,OUTBOUND,-32.4774169921875,-0.21416975548088077,0.0031999999191612005
1,51,0.796875,1.1226099729537964,39.98396682739258,updated,1.3474879264831543,-0.8208433389663696,10.349053382873535,0.8538691997528076,0.8430365920066833,46.92775050798082,27.828212440220042,1195,6,179,0,13,,1,63,-7.824045658111572,5.755043029785156,-1.9945050477981567,OUTBOUND,-32.31327819824219,-0.19261547339042445,0.0031999999191612005
1,62,0.96875,0.7685934901237488,39.996707916259766,updated,1.3478924036026,-0.8308054208755493,16.152456283569336,0.21796676516532898,0.2438293993473053,46.94765973999165,27.816073182099483,1196,6,180,0,2,,0,64,-7.824045658111572,5.785674095153809,-1.822197675704956,OUTBOUND,-32.28760528564453,-0.181432505505434,0.0031999999191612005
1,61,0.953125,1.25136399269104,39.78496551513672,updated,1.3482969999313354,-0.8296443223953247,26.16390609741211,0.8793224096298218,0.9091192483901978,46.969125461997464,27.803912250973703,1197,6,181,0,3,,1,63,-7.824045658111572,5.778985500335693,-1.5072367191314697,OUTBOUND,-31.972448348999023,-0.17988615396749238,0.0031999999191612005
0,58,0.90625,1.1849929094314575,39.73019027709961,updated,1.3487021923065186,-0.8407831788063049,33.164608001708984,14.62727165222168,14.435173034667969,47.07249169898569,27.791760087517982,1198,6,182,1,6,STALE_OR_INCOMPLETE_BUNDLE,3,61,-7.8240461349487305,5.813467025756836,-1.6553927659988403,OUTBOUND,-31.880149841308594,-0.1918988534021647,0.0031999999191612005
1,59,0.921875,0.7281837463378906,39.89106750488281,updated,1.3491075038909912,-0.8304303288459778,65.9112548828125,0.37913012504577637,0.4246731698513031,47.09566172098857,27.77957419514462,1199,6,183,0,5,,0,64,-7.8240461349487305,5.776033401489258,-1.7447896003723145,OUTBOUND,-32.05172348022461,-0.20380347954105452,0.0031999999191612005
1,59,0.921875,0.6944286823272705,39.771568298339844,updated,1.3495126962661743,-0.8278220295906067,32.088111877441406,14.706476211547852,14.511757850646973,47.12054247400374,27.767411907604036,1200,6,184,0,5,,3,61,-7.8240461349487305,5.764537334442139,-1.7184211015701294,OUTBOUND,-31.967639923095703,-0.17887125777969415,0.0031999999191612005
1,52,0.8125,0.9067774415016174,39.42034149169922,updated,1.3499175310134888,-0.8246725797653198,71.60888671875,27.450515747070312,27.258773803710938,47.14430996199371,27.755281812275623,1201,6,185,0,12,,3,61,-7.8240461349487305,5.751259803771973,-1.5217304229736328,OUTBOUND,-31.79332160949707,-0.1461212884214491,0.0031999999191612005
1,57,0.890625,0.5778206586837769,39.351165771484375,updated,1.3503228425979614,-0.8375444412231445,20.975997924804688,26.96907615661621,26.80561637878418,47.1685103669879,27.74317538898292,1202,6,186,0,7,,2,62,-7.8240461349487305,5.791410446166992,-1.691686749458313,OUTBOUND,-31.67661476135254,-0.14229982638609928,0.0031999999191612005
1,54,0.84375,0.3454577326774597,39.53208923339844,updated,1.350727915763855,-0.8291156888008118,124.6720962524414,0.9745306968688965,0.9836780428886414,47.27542245198856,27.731052280662574,1203,6,187,0,10,,0,64,-7.824046611785889,5.760556697845459,-1.7030991315841675,OUTBOUND,-31.747486114501953,-0.15368228222523278,0.0031999999191612005
1,59,0.921875,0.5459977388381958,39.637596130371094,updated,1.3511326313018799,-0.8221617937088013,120.6261215209961,1.0717289447784424,1.056783676147461,47.29633205398568,27.718933088668415,1204,6,188,0,5,,0,64,-7.8240461349487305,5.7346720695495605,-1.7603009939193726,OUTBOUND,-31.759794235229492,-0.1616413251933611,0.0031999999191612005
1,59,0.921875,0.7480393648147583,39.71455001831055,updated,1.351536750793457,-0.8214105367660522,114.56887817382812,1.7207764387130737,1.664502501487732,47.31755415699445,27.706802475517406,1205,6,189,0,5,,1,63,-7.8240461349487305,5.729454040527344,-1.661592721939087,OUTBOUND,-31.680715560913086,-0.1723297859228027,0.0031999999191612005
1,56,0.875,1.414387822151184,40.12451934814453,updated,1.3519409894943237,-0.8303772807121277,71.41617584228516,1.3776050806045532,1.3493928909301758,47.33962551300647,27.694676659393934,1206,6,190,0,8,,1,63,-7.824045658111572,5.756509304046631,-1.4353904724121094,OUTBOUND,-31.90591812133789,-0.16258468873504514,0.0031999999191612005
1,54,0.84375,0.8780974745750427,40.68741989135742,updated,1.3523451089859009,-0.8327600955963135,66.52854919433594,15.35413646697998,15.306315422058105,47.36524127298617,27.68255622493223,1207,6,191,0,10,,3,61,-7.824046611785889,5.761678218841553,-1.8577042818069458,OUTBOUND,-32.526283264160156,-0.1489021851097978,0.0031999999191612005
1,59,0.921875,0.5433538556098938,40.810028076171875,updated,1.3527499437332153,-0.8439722657203674,81.19889068603516,13.97930908203125,13.964993476867676,47.38802819600096,27.670453591726556,1208,6,192,0,5,,1,63,-7.8240461349487305,5.796089172363281,-1.8398640155792236,OUTBOUND,-32.951576232910156,-0.14297387370360634,0.0031999999191612005
1,60,0.9375,0.7598059773445129,40.82684326171875,updated,1.353155493736267,-0.8516537547111511,93.993896484375,13.857535362243652,13.801935195922852,47.408517001982545,27.658346222993703,1209,6,193,0,4,,1,63,-7.824045658111572,5.818743705749512,-1.9201968908309937,OUTBOUND,-33.03169631958008,-0.1492018136492628,0.0031999999191612005
1,56,0.875,1.295957326889038,40.492252349853516,updated,1.353561282157898,-0.8413963317871094,10.35362434387207,0.9983101487159729,1.0221872329711914,47.51058197498787,27.646229050288525,1210,6,194,0,8,,1,63,-7.824045658111572,5.782034397125244,-2.280141830444336,OUTBOUND,-32.720855712890625,-0.17212008617125094,0.0031999999191612005
1,55,0.859375,1.0276143550872803,40.60681915283203,updated,1.3539679050445557,-0.8516445755958557,10.956328392028809,1.1164191961288452,1.1474502086639404,47.533180333994096,27.634083886515462,1211,6,195,0,9,,1,63,-7.8240461349487305,5.813129901885986,-1.7879087924957275,OUTBOUND,-32.73208236694336,-0.17731791984631423,0.0031999999191612005
1,59,0.921875,0.5767532587051392,40.326560974121094,updated,1.3543736934661865,-0.8259462118148804,44.146854400634766,0.29952430725097656,0.3943195939064026,47.55602277000435,27.62195677331773,1212,6,196,0,5,,0,64,-7.8240461349487305,5.725539684295654,-1.8013864755630493,OUTBOUND,-32.60223388671875,-0.16752253753316657,0.0031999999191612005
1,57,0.890625,0.3118550479412079,40.1685905456543,updated,1.3547801971435547,-0.8509910702705383,25.05443572998047,14.766539573669434,14.620711326599121,47.57598712597974,27.60982469801096,1213,6,197,0,7,,2,62,-7.8240461349487305,5.805411338806152,-1.7854090929031372,OUTBOUND,-32.33600616455078,-0.15350535854140213,0.0031999999191612005
1,59,0.921875,0.7627676129341125,40.40570068359375,updated,1.355187177658081,-0.851430356502533,17.097579956054688,1.6879591941833496,1.702620029449463,47.59967992999009,27.597733483423774,1214,6,198,0,5,,2,62,-7.8240461349487305,5.8040852546691895,-2.01806378364563,OUTBOUND,-32.48373031616211,-0.1507494563598706,0.0031999999191612005
1,56,0.875,0.694232165813446,40.47910690307617,updated,1.355594515800476,-0.8492547273635864,23.433523178100586,1.7544023990631104,1.7853745222091675,47.70396342498134,27.585615161660805,1215,6,199,0,8,,2,62,-7.824045658111572,5.794156074523926,-1.5680471658706665,OUTBOUND,-32.5364875793457,-0.15678277014534403,0.0031999999191612005
1,59,0.921875,0.80520099401474,40.59387969970703,updated,1.3560019731521606,-0.8449708223342896,64.31853485107422,0.4578718841075897,0.4877268075942993,47.72663267099415,27.573506451779423,1216,6,200,0,5,,0,64,-7.8240461349487305,5.777315139770508,-1.7081098556518555,OUTBOUND,-32.57951354980469,-0.14456576879861288,0.0031999999191612005
1,61,0.953125,0.7944022417068481,40.940486907958984,updated,1.3564101457595825,-0.8604859709739685,40.652557373046875,14.035476684570312,13.975156784057617,47.74760656498256,27.561397368411964,1217,6,201,0,3,,1,63,-7.824045658111572,5.825521469116211,-1.8257191181182861,OUTBOUND,-33.00221252441406,-0.15449809366854692,0.0031999999191612005
1,58,0.90625,0.620635986328125,40.697792053222656,updated,1.3568174839019775,-0.8293355107307434,19.777605056762695,0.8919728398323059,0.8855932354927063,47.76924908100045,27.54926525456217,1218,6,202,0,6,,1,63,-7.8240461349487305,5.720545291900635,-1.6797772645950317,OUTBOUND,-32.824363708496094,-0.16801719167075657,0.0031999999191612005
1,59,0.921875,0.9571184515953064,40.75785827636719,updated,1.357224702835083,-0.8414888978004456,39.3764533996582,0.41259512305259705,0.4181899130344391,47.872918937995564,27.537138722096085,1219,6,203,0,5,,0,64,-7.8240461349487305,5.757697582244873,-2.1547908782958984,OUTBOUND,-32.82611083984375,-0.14336717556951328,0.0031999999191612005
1,59,0.921875,0.6170137524604797,40.847328186035156,updated,1.357631802558899,-0.8447253108024597,28.64420509338379,0.34861278533935547,0.35459959506988525,47.89417672599666,27.525054730880882,1220,6,204,0,5,,0,64,-7.8240461349487305,5.765584468841553,-1.7836345434188843,OUTBOUND,-32.90092849731445,-0.1264904288759326,0.0031999999191612005
1,59,0.921875,1.2071170806884766,40.956722259521484,updated,1.3580389022827148,-0.8450905084609985,8.152692794799805,1.172003984451294,1.1771354675292969,47.91546581700095,27.5129709412109,1221,6,205,0,5,,1,63,-7.8240461349487305,5.764065265655518,-1.4298310279846191,OUTBOUND,-32.990352630615234,-0.14229163082476562,0.0031999999191612005
1,58,0.90625,0.8683770895004272,41.10480880737305,updated,1.358445644378662,-0.8380249738693237,14.691581726074219,0.35823574662208557,0.40663227438926697,47.93793739497778,27.500877058448328,1222,6,206,0,6,,0,64,-7.8240461349487305,5.738271236419678,-2.0305540561676025,OUTBOUND,-33.232975006103516,-0.14126084991226467,0.0031999999191612005
1,54,0.84375,1.0891170501708984,41.093406677246094,updated,1.3588531017303467,-0.8617801070213318,37.77954864501953,1.287200927734375,1.310070514678955,47.960590311995475,27.488791740928857,1223,6,207,0,10,,1,63,-7.824046611785889,5.813138484954834,-1.988694667816162,OUTBOUND,-33.247188568115234,-0.14840506945066742,0.0031999999191612005
1,55,0.859375,1.0363101959228516,41.10979080200195,updated,1.3592609167099,-0.8561686277389526,109.7756576538086,15.419195175170898,15.240947723388672,47.98131164899678,27.4766777140741,1224,6,208,0,9,,2,62,-7.8240461349487305,5.792087554931641,-2.003143072128296,OUTBOUND,-33.38592529296875,-0.17710641618932663,0.0031999999191612005
1,54,0.84375,0.8906638622283936,41.378204345703125,updated,1.3596687316894531,-0.8497910499572754,18.409055709838867,0.18305793404579163,0.18874715268611908,48.002479632996256,27.464541196010735,1225,6,209,0,10,,0,64,-7.824046611785889,5.768579959869385,-1.5647568702697754,OUTBOUND,-33.578590393066406,-0.2073619481823702,0.0031999999191612005
1,56,0.875,0.9856655597686768,40.427330017089844,updated,1.3600770235061646,-0.8610845804214478,92.38199615478516,16.05352783203125,15.769537925720215,48.103664064983604,27.452383820980245,1226,6,210,0,8,,4,60,-7.824045658111572,5.8026347160339355,-2.1406853199005127,OUTBOUND,-32.87376403808594,-0.21693763166317132,0.0031999999191612005
1,58,0.90625,0.805941641330719,40.50278091430664,updated,1.3604862689971924,-0.8696365356445312,18.549211502075195,15.490188598632812,15.390515327453613,48.12374013499357,27.440247416405047,1227,6,211,0,6,,2,62,-7.8240461349487305,5.827706336975098,-1.9983376264572144,OUTBOUND,-32.8851432800293,-0.21096790494975923,0.0031999999191612005
1,59,0.921875,0.466104120016098,40.6076774597168,updated,1.3608953952789307,-0.8548078536987305,95.90184783935547,0.6864207983016968,0.8170285224914551,48.145739892992424,27.428104255187208,1228,6,212,0,5,,0,64,-7.8240461349487305,5.776772499084473,-1.610941767692566,OUTBOUND,-32.8406867980957,-0.2180386757428293,0.0031999999191612005
1,59,0.921875,0.9493019580841064,40.121768951416016,updated,1.3613040447235107,-0.8431355357170105,69.95673370361328,14.82169246673584,14.771452903747559,48.16572003698093,27.4159618115625,1229,6,213,0,5,,1,63,-7.8240461349487305,5.736182689666748,-1.8142811059951782,OUTBOUND,-32.341392517089844,-0.22429273923375814,0.0031999999191612005
0,59,0.921875,0.6219794154167175,40.797752380371094,updated,1.361712098121643,-0.8405444025993347,94.02330780029297,1.9938300848007202,1.936431646347046,48.18112189800013,27.403755842532984,1230,6,214,1,5,INSUFFICIENT_RECOVERY_RESERVE,2,62,-7.8240461349487305,5.7251200675964355,-1.9359707832336426,OUTBOUND,-32.773765563964844,-0.17963331557539047,0.0031999999191612005
0,55,0.859375,0.7337969541549683,40.76506423950195,updated,1.362120270729065,-0.8578470945358276,14.053229331970215,16.638795852661133,16.560935974121094,48.19557554498897,27.391617374704506,1231,6,215,1,9,INSUFFICIENT_RECOVERY_RESERVE,4,60,-7.8240461349487305,5.778517723083496,-1.6978377103805542,OUTBOUND,-32.7467155456543,-0.08893080831703522,0.0031999999191612005
0,60,0.9375,0.9897962212562561,41.08887481689453,updated,1.362528681755066,-0.85936439037323,90.1152114868164,0.6171845197677612,0.5016334056854248,48.210294004995376,27.379509177829892,1232,6,216,1,4,INSUFFICIENT_RECOVERY_RESERVE,0,64,-7.824045658111572,5.780731678009033,-1.4512038230895996,OUTBOUND,-33.002403259277344,-0.006342682528093514,0.0031999999191612005
0,57,0.890625,1.3077609539031982,41.17435836791992,updated,1.3629378080368042,-0.8702688813209534,27.482648849487305,15.691801071166992,15.570009231567383,48.30804919198272,27.36740832952659,1233,6,217,1,7,INSUFFICIENT_RECOVERY_RESERVE,3,61,-7.8240461349487305,5.81328821182251,-2.1513924598693848,OUTBOUND,-33.01277542114258,0.06951793482451206,0.0031999999191612005
0,59,0.921875,0.833296537399292,41.62974166870117,updated,1.3633475303649902,-0.8690869808197021,37.10214614868164,0.4174124002456665,0.40844762325286865,48.32426794298226,27.355265089151306,1234,6,218,1,5,INSUFFICIENT_RECOVERY_RESERVE,0,64,-7.8240461349487305,5.8067426681518555,-1.7881596088409424,OUTBOUND,-33.41731643676758,0.13694868683015904,0.0031999999191612005
1,59,0.921875,1.0660871267318726,41.42159652709961,updated,1.3637571334838867,-0.8571398854255676,77.34211730957031,16.29185676574707,16.241168975830078,48.34602946598898,27.343105395820597,1235,6,219,0,5,,3,61,-7.8240461349487305,5.765474796295166,-1.8215025663375854,OUTBOUND,-33.42098617553711,0.17732722916422447,0.0031999999191612005
1,57,0.890625,0.7364392876625061,41.54286575317383,updated,1.3641666173934937,-0.8584470748901367,57.412139892578125,14.616907119750977,14.540629386901855,48.368626687006326,27.33093383423633,1236,6,220,0,7,,1,63,-7.8240461349487305,5.767010688781738,-1.7238410711288452,OUTBOUND,-33.57217788696289,0.17803491813758862,0.0031999999191612005
1,55,0.859375,1.1639734506607056,41.20803451538086,updated,1.3645763397216797,-0.8655248880386353,42.73389434814453,3.6750450134277344,3.602954149246216,48.38918344199192,27.318772899606248,1237,6,221,0,9,,4,60,-7.8240461349487305,5.787128448486328,-1.445655107498169,OUTBOUND,-33.31850051879883,0.16376665467617396,0.0031999999191612005
0,53,0.828125,0.9832080006599426,41.346519470214844,updated,1.364986538887024,-0.8708222508430481,44.06209182739258,3.6195099353790283,3.460230588912964,48.493618916982086,27.306619428077862,1238,6,222,1,11,WATCHDOG_DEADLINE,5,59,-7.8240461349487305,5.801476955413818,-1.5441094636917114,OUTBOUND,-33.37595748901367,0.16928140508695178,0.0031999999191612005
1,60,0.9375,0.5149933695793152,41.03242492675781,updated,1.3653967380523682,-0.8622344732284546,35.51993179321289,14.725805282592773,14.44324016571045,48.515420305979205,27.294462984978683,1239,6,223,0,4,,3,61,-7.824045658111572,5.771170139312744,-1.6387574672698975,OUTBOUND,-33.20956802368164,0.17853787913712144,0.0031999999191612005
1,56,0.875,0.5128679871559143,41.10365676879883,updated,1.3658068180084229,-0.8615975379943848,83.001708984375,1.4527232646942139,1.595334529876709,48.54067797699827,27.282317379891623,1240,6,224,0,8,,1,63,-7.824045658111572,5.766451835632324,-1.7971686124801636,OUTBOUND,-33.3854866027832,0.1926295305406916,0.0031999999191612005
1,56,0.875,0.5761538743972778,40.96014404296875,updated,1.3662171363830566,-0.8679997324943542,41.16203308105469,14.740592002868652,14.72803020477295,48.56559712497983,27.270157979036792,1241,6,225,0,8,,1,63,-7.824045658111572,5.784323215484619,-1.7145322561264038,OUTBOUND,-33.112396240234375,0.21276298344240857,0.0031999999191612005
1,57,0.890625,0.9657531380653381,41.44733428955078,updated,1.3666279315948486,-0.8756585121154785,79.59442138671875,1.1832301616668701,1.2218493223190308,48.588524805003544,27.25797833483848,1242,6,226,0,7,,1,63,-7.8240461349487305,5.806186676025391,-1.7499979734420776,OUTBOUND,-33.25975799560547,0.21554188869618346,0.0031999999191612005
1,62,0.96875,0.7412452101707458,41.40312576293945,updated,1.3670381307601929,-0.8515485525131226,94.13965606689453,0.728912889957428,0.7094868421554565,48.61046644198359,27.245807075383254,1243,6,227,0,2,,0,64,-7.824045658111572,5.7262959480285645,-1.6452854871749878,OUTBOUND,-33.26801300048828,0.2171523496013979,0.0031999999191612005
1,59,0.921875,1.0997650623321533,42.06850814819336,updated,1.367448329925537,-0.8673132061958313,50.77190399169922,0.38943442702293396,0.33195164799690247,48.63049356898409,27.233643227475486,1244,6,228,0,5,,0,64,-7.8240461349487305,5.774102687835693,-1.4448950290679932,OUTBOUND,-33.83780288696289,0.22302226795008523,0.0031999999191612005
0,60,0.9375,1.1139658689498901,42.196144104003906,updated,1.3678582906723022,-0.8616406917572021,18.861616134643555,1.222164273262024,1.2559101581573486,48.753890571999364,27.22145905550751,1245,6,229,1,4,STALE_OR_INCOMPLETE_BUNDLE,1,63,-7.824045658111572,5.753316402435303,-2.104872703552246,OUTBOUND,-34.05777359008789,0.20094863876994373,0.0031999999191612005
1,57,0.890625,0.8656986355781555,42.07573318481445,updated,1.3682684898376465,-0.8685681819915771,35.71720504760742,1.2563220262527466,1.337982177734375,48.77915214700624,27.209310966226738,1246,6,230,0,7,,1,63,-7.8240461349487305,5.772796630859375,-1.8387911319732666,OUTBOUND,-34.03972625732422,0.1755055524286705,0.0031999999191612005
1,59,0.921875,1.3241865634918213,42.15169143676758,updated,1.3686782121658325,-0.8603599071502686,109.46370697021484,3.8701388835906982,4.021344184875488,48.801322557003004,27.197177851914017,1247,6,231,0,5,,4,60,-7.8240461349487305,5.743967056274414,-1.915976881980896,OUTBOUND,-34.221683502197266,0.180154470079352,0.0031999999191612005
1,51,0.796875,0.5314786434173584,42.204837799072266,updated,1.3690876960754395,-0.8593175411224365,69.2781982421875,1.0885567665100098,1.1374951601028442,48.823896985995816,27.185030682306977,1248,6,232,0,13,,1,63,-7.824045658111572,5.738027572631836,-1.7019461393356323,OUTBOUND,-34.40160369873047,0.16751602368169222,0.0031999999191612005
1,58,0.90625,0.6094911098480225,41.93967056274414,updated,1.3694970607757568,-0.863419771194458,13.182079315185547,0.32615795731544495,0.3577196002006531,48.84504020400345,27.172900072688105,1249,6,233,0,6,,0,64,-7.8240461349487305,5.748478889465332,-1.6393325328826904,OUTBOUND,-34.13268280029297,0.13390308046117777,0.0031999999191612005
0,57,0.890625,0.7260632514953613,41.88983154296875,updated,1.3699061870574951,-0.8651833534240723,10.155932426452637,0.9073350429534912,0.8936443328857422,48.94593805598561,27.16077045417916,1250,6,234,1,7,STALE_OR_INCOMPLETE_BUNDLE,1,63,-7.8240461349487305,5.751474857330322,-1.7104599475860596,FAILURE,-33.97153091430664,0.09164865265051889,0.0031999999191612005
1,53,0.828125,1.2003800868988037,41.95651626586914,updated,1.370315670967102,-0.8720515370368958,16.366395950317383,1.7540688514709473,1.727154016494751,48.974280483991606,29.987986712406546,1251,7,1,0,11,,2,62,-7.8240461349487305,5.770684242248535,-1.830664038658142,OUTBOUND,-33.948551177978516,-0.018959047381703342,0.0031999999191612005
1,57,0.890625,0.7918945550918579,41.67566680908203,updated,1.3707259893417358,-0.8888747096061707,35.32020950317383,0.3277660012245178,0.43053287267684937,48.99553299800027,29.975937466299694,1252,7,2,0,7,,0,64,-7.8240461349487305,5.821455955505371,-2.065211534500122,OUTBOUND,-33.82944107055664,-0.019289536039902373,0.0031999999191612005
1,56,0.875,0.7445719838142395,41.83530044555664,updated,1.37113618850708,-0.8663676381111145,48.65287780761719,0.39226579666137695,0.4933859705924988,49.015655447990866,29.963924295376415,1253,7,3,0,8,,0,64,-7.824045658111572,5.747403144836426,-1.768776535987854,OUTBOUND,-33.9949836730957,-0.006721751870819833,0.0031999999191612005
1,54,0.84375,0.7355992794036865,41.857059478759766,updated,1.3715474605560303,-0.8936739563941956,22.678922653198242,1.6516550779342651,1.6648237705230713,49.03775926498929,29.951894133306457,1254,7,4,0,10,,2,62,-7.824046611785889,5.831310272216797,-1.928235650062561,OUTBOUND,-33.86533737182617,0.00529571151850046,0.0031999999191612005
1,57,0.890625,0.7754362225532532,42.03571319580078,updated,1.3719589710235596,-0.8799285292625427,69.45157623291016,16.58087730407715,16.462865829467773,49.14008497897885,29.939862906539368,1255,7,5,0,7,,3,61,-7.8240461349487305,5.785116672515869,-1.9999083280563354,OUTBOUND,-34.09347915649414,0.017073863246667008,0.0031999999191612005
1,55,0.859375,0.8009428977966309,41.855079650878906,updated,1.3723702430725098,-0.8704826831817627,56.97943115234375,16.5775146484375,16.525121688842773,49.16429487898131,29.92783504049702,1256,7,6,0,9,,3,61,-7.8240461349487305,5.7526044845581055,-1.5776082277297974,OUTBOUND,-34.044376373291016,0.029607088875047975,0.0031999999191612005
1,53,0.828125,0.7976711392402649,42.0599250793457,updated,1.3727813959121704,-0.874333381652832,14.850137710571289,2.180180788040161,2.0922887325286865,49.185677389992634,29.915784383107702,1257,7,7,0,11,,3,61,-7.8240461349487305,5.762163162231445,-1.8442972898483276,OUTBOUND,-34.131622314453125,0.01598957620181231,0.0031999999191612005
1,58,0.90625,0.9477946162223816,41.7954216003418,updated,1.373193621635437,-0.897556722164154,106.9201431274414,0.9095465540885925,0.8267970085144043,49.20711434498662,29.903748772359222,1258,7,8,0,6,,0,64,-7.8240461349487305,5.83284854888916,-1.8778725862503052,OUTBOUND,-33.69816207885742,-0.007903044928282494,0.0031999999191612005
1,56,0.875,0.6687420010566711,41.99203872680664,updated,1.3736062049865723,-0.8840716481208801,37.08530807495117,16.564929962158203,16.34890365600586,49.22952525198343,29.891719989518684,1259,7,9,0,8,,4,60,-7.824045658111572,5.7876458168029785,-1.8362623453140259,OUTBOUND,-33.90412902832031,-0.02358444580268874,0.0031999999191612005
1,62,0.96875,0.6299833655357361,41.83506393432617,updated,1.3740180730819702,-0.8647061586380005,69.23453521728516,2.093841552734375,2.018808364868164,49.25169350698707,29.879674558227123,1260,7,10,0,2,,2,62,-7.824045658111572,5.724001884460449,-1.680550456047058,OUTBOUND,-33.841827392578125,-0.052350569702183526,0.0031999999191612005
1,55,0.859375,0.8657639026641846,42.11311721801758,updated,1.374430775642395,-0.8980475068092346,97.05552673339844,0.7607882022857666,0.7771354913711548,49.27146814099979,29.867633261523736,1261,7,11,0,9,,0,64,-7.8240461349487305,5.8263654708862305,-1.910477876663208,OUTBOUND,-33.7844123840332,-0.06841896518980245,0.0031999999191612005
1,56,0.875,0.8578988313674927,42.257659912109375,updated,1.3748441934585571,-0.898057758808136,34.393375396728516,2.110583543777466,2.1331770420074463,49.37904437200632,29.855591100220195,1262,7,12,0,8,,2,62,-7.824045658111572,5.823728084564209,-2.0703773498535156,OUTBOUND,-33.947784423828125,-0.06723420177203253,0.0031999999191612005
1,61,0.953125,1.090493083000183,42.46933364868164,updated,1.3752580881118774,-0.8921219110488892,40.89023971557617,15.663823127746582,15.601513862609863,49.40092634499888,29.843552172713142,1263,7,13,0,3,,1,63,-7.824045658111572,5.802415370941162,-2.0045762062072754,OUTBOUND,-34.303131103515625,-0.06674924909394074,0.0031999999191612005
1,56,0.875,0.5748841166496277,42.258941650390625,updated,1.3756718635559082,-0.8831977844238281,45.07350540161133,15.661503791809082,15.600635528564453,49.422768353979336,29.83149918255156,1264,7,14,0,8,,1,63,-7.824045658111572,5.7717604637146,-1.7252665758132935,OUTBOUND,-34.123046875,-0.05120988983500863,0.0031999999191612005
1,56,0.875,0.6532400250434875,43.016258239746094,updated,1.3760865926742554,-0.9044221043586731,49.82851028442383,1.5957947969436646,1.5341980457305908,49.44346189798671,29.819472229386488,1265,7,15,0,8,,2,62,-7.824045658111572,5.835692405700684,-2.0061707496643066,OUTBOUND,-34.839576721191406,-0.03231170867146886,0.0031999999191612005
1,59,0.921875,1.1762876510620117,42.60792922973633,updated,1.3765009641647339,-0.8796534538269043,9.402661323547363,0.38608452677726746,0.42061835527420044,49.4658361839829,29.807412180491664,1266,7,16,0,5,,0,64,-7.8240461349487305,5.755429744720459,-1.9335981607437134,OUTBOUND,-34.683815002441406,-0.05027005600887713,0.0031999999191612005
1,58,0.90625,0.7164869904518127,42.428611755371094,updated,1.3769149780273438,-0.8810261487960815,94.10700988769531,17.276844024658203,17.163602828979492,49.57115893799346,29.79536827600883,1267,7,17,0,6,,3,61,-7.8240461349487305,5.757129192352295,-1.991579532623291,OUTBOUND,-34.53173828125,-0.06693557164017311,0.0031999999191612005
1,60,0.9375,0.814344048500061,42.536903381347656,updated,1.3773291110992432,-0.8883306384086609,32.64448928833008,0.3676477074623108,0.41721758246421814,49.596313897985965,29.78330339888993,1268,7,18,0,4,,0,64,-7.824045658111572,5.777374267578125,-2.028771162033081,OUTBOUND,-34.647396087646484,-0.07950671417247132,0.0031999999191612005
1,59,0.921875,0.7735942006111145,42.332763671875,updated,1.3777432441711426,-0.8906728029251099,62.2276611328125,0.5249431133270264,0.5905656218528748,49.62132335998467,29.771241379471117,1269,7,19,0,5,,0,64,-7.8240461349487305,5.782081604003906,-1.9506893157958984,OUTBOUND,-34.281639099121094,-0.09288155488652448,0.0031999999191612005
1,56,0.875,0.9448803067207336,42.71647262573242,updated,1.3781574964523315,-0.8895679116249084,28.220979690551758,14.71274471282959,14.57435131072998,49.64324542900431,29.75918096953238,1270,7,20,0,8,,1,63,-7.824045658111572,5.7760233879089355,-1.8059885501861572,OUTBOUND,-34.686676025390625,-0.10044913652727089,0.0031999999191612005
1,55,0.859375,0.797377347946167,42.40730667114258,updated,1.3785721063613892,-0.896852970123291,24.640531539916992,1.8492565155029297,1.8182945251464844,49.74694034497952,29.74711037242043,1271,7,21,0,9,,2,62,-7.8240461349487305,5.796134948730469,-1.5833359956741333,OUTBOUND,-34.37568664550781,-0.10091759128054271,0.0031999999191612005
1,56,0.875,0.7836562395095825,42.63671875,updated,1.3789862394332886,-0.8813117146492004,39.21467208862305,0.9045931100845337,0.8736733198165894,49.77061984699685,29.735046106447516,1272,7,22,0,8,,1,63,-7.824045658111572,5.7451066970825195,-1.6694040298461914,OUTBOUND,-34.55634689331055,-0.07944850253094463,0.0031999999191612005
1,54,0.84375,0.5505889058113098,42.753299713134766,updated,1.3794002532958984,-0.8894103765487671,60.30394744873047,0.4911845028400421,0.46815112233161926,49.79172705899691,29.722995785687342,1273,7,23,0,10,,0,64,-7.824046611785889,5.767743110656738,-1.912335991859436,OUTBOUND,-34.579444885253906,-0.0657099049660952,0.0031999999191612005
1,60,0.9375,1.037601351737976,43.1065673828125,updated,1.3798142671585083,-0.890152096748352,8.357888221740723,1.1078392267227173,1.0820547342300415,49.81308953400003,29.7109337191073,1274,7,24,0,4,,1,63,-7.824045658111572,5.767465114593506,-1.4717367887496948,OUTBOUND,-34.9563102722168,-0.07980582409406288,0.0031999999191612005
1,57,0.890625,0.3853124678134918,43.03297424316406,updated,1.3802286386489868,-0.8969191312789917,29.15249252319336,0.3491659164428711,0.34306600689888,49.83533840198652,29.69886351286011,1275,7,25,0,7,,0,64,-7.8240461349487305,5.785904884338379,-1.8160918951034546,OUTBOUND,-34.88507080078125,-0.08643893154080122,0.0031999999191612005
1,52,0.8125,0.7178719639778137,42.88791275024414,updated,1.3806428909301758,-0.8918591737747192,19.430124282836914,1.9214305877685547,1.9796533584594727,49.85557670198614,29.686799615815136,1276,7,26,0,12,,2,62,-7.8240461349487305,5.767607688903809,-1.8908216953277588,OUTBOUND,-34.6894416809082,-0.06953039270679114,0.0031999999191612005
1,55,0.859375,1.1619994640350342,43.23847198486328,updated,1.3810582160949707,-0.9147142171859741,118.28424072265625,17.727407455444336,17.69496726989746,49.87613322099787,29.67474204341892,1277,7,27,0,9,,3,61,-7.8240461349487305,5.83588981628418,-1.8146288394927979,OUTBOUND,-34.96724319458008,-0.05712993970681056,0.0031999999191612005
1,53,0.828125,1.2056097984313965,43.000553131103516,updated,1.3814737796783447,-0.902492105960846,15.235939025878906,1.1888188123703003,1.2176008224487305,49.98271495298832,29.662678296598887,1278,7,28,0,11,,1,63,-7.8240461349487305,5.795390605926514,-1.897220253944397,OUTBOUND,-35.067623138427734,-0.03854366197273839,0.0031999999191612005
1,59,0.921875,1.3188151121139526,42.924495697021484,updated,1.38188898563385,-0.8910174369812012,25.851970672607422,0.34247857332229614,0.36377444863319397,50.004096022981685,29.650646224944715,1279,7,29,0,5,,0,64,-7.8240461349487305,5.757280349731445,-1.6435761451721191,OUTBOUND,-34.98820495605469,-0.031892699926003236,0.0031999999191612005
1,59,0.921875,0.7924436926841736,42.98278045654297,updated,1.3823049068450928,-0.9101043343544006,12.824836730957031,1.1204657554626465,1.1585074663162231,50.02653053199174,29.63860002191632,1280,7,30,0,5,,1,63,-7.8240461349487305,5.813727855682373,-1.929019808769226,OUTBOUND,-34.80293273925781,-0.056576777461790684,0.0031999999191612005
1,58,0.90625,0.8742098212242126,43.256587982177734,updated,1.3827205896377563,-0.8945692181587219,12.674970626831055,0.2796977758407593,0.29278066754341125,50.04783600399969,29.626543727655836,1281,7,31,0,6,,0,64,-7.8240461349487305,5.763128280639648,-1.8233869075775146,OUTBOUND,-35.304840087890625,-0.07229753196118845,0.0031999999191612005
1,60,0.9375,0.6600237488746643,43.29538345336914,updated,1.3831366300582886,-0.9058535099029541,30.174535751342773,0.2924852669239044,0.32279908657073975,50.06944291500258,29.614478872845453,1282,7,32,0,4,,0,64,-7.824045658111572,5.795386791229248,-1.9580835103988647,OUTBOUND,-35.137447357177734,-0.0845807649562831,0.0031999999191612005
1,55,0.859375,0.7551915645599365,42.72810745239258,updated,1.3835527896881104,-0.9038434624671936,43.91687774658203,17.135555267333984,17.103506088256836,50.17116114398232,29.60239688856373,1283,7,33,0,9,,2,62,-7.8240461349487305,5.78659725189209,-1.9989084005355835,OUTBOUND,-34.773502349853516,-0.10057773166131667,0.0031999999191612005
1,52,0.8125,0.950289785861969,43.36106872558594,updated,1.3839691877365112,-0.9044294357299805,27.900646209716797,0.31284359097480774,0.3327038288116455,50.192380735999905,29.590294502484657,1284,7,34,0,12,,0,64,-7.8240461349487305,5.7858195304870605,-1.5447230339050293,OUTBOUND,-35.17095947265625,-0.08541735815739696,0.0031999999191612005
1,56,0.875,1.5523391962051392,43.10582733154297,updated,1.3843857049942017,-0.9055715203285217,131.30352783203125,32.89710998535156,32.861900329589844,50.2134479439992,29.578206895234917,1285,7,35,0,8,,3,61,-7.824045658111572,5.786755084991455,-1.642042875289917,OUTBOUND,-35.12776565551758,-0.049458980485344535,0.0031999999191612005
1,59,0.921875,0.785172700881958,43.0908317565918,updated,1.3848023414611816,-0.906083881855011,55.17888259887695,17.124916076660156,17.079530715942383,50.23518909298582,29.5661638359721,1286,7,36,0,5,,2,62,-7.8240461349487305,5.785752773284912,-1.5483042001724243,OUTBOUND,-35.258323669433594,-0.02136417710451014,0.0031999999191612005
1,57,0.890625,0.8002063632011414,43.093143463134766,updated,1.3852187395095825,-0.9006839394569397,52.92422866821289,1.0724824666976929,1.0401105880737305,50.25695642599021,29.554102494277114,1287,7,37,0,7,,1,63,-7.8240461349487305,5.7665910720825195,-1.8471792936325073,OUTBOUND,-35.24403762817383,0.004586244759240133,0.0031999999191612005
0,54,0.84375,0.6601434946060181,43.08296203613281,updated,1.3856351375579834,-0.9008342623710632,96.19500732421875,0.5644291639328003,0.5517055988311768,50.36537331499858,29.541974166826744,1288,7,38,1,10,WATCHDOG_DEADLINE,0,64,-7.824046611785889,5.764498710632324,-1.7395434379577637,OUTBOUND,-35.06692886352539,0.06718534631194958,0.0031999999191612005
1,58,0.90625,0.8263790011405945,43.062255859375,updated,1.3860517740249634,-0.9109921455383301,91.85322570800781,1.3588320016860962,1.3378137350082397,50.38691678000032,29.529893703359154,1289,7,39,0,6,,1,63,-7.8240461349487305,5.79309606552124,-1.836952567100525,OUTBOUND,-34.81035614013672,0.0984810473139639,0.0031999999191612005
1,60,0.9375,1.1947004795074463,43.09214782714844,updated,1.3864680528640747,-0.8973214626312256,7.631236553192139,16.413320541381836,16.268091201782227,50.409330633992795,29.517813979663167,1290,7,40,0,4,,2,62,-7.824045658111572,5.748647689819336,-1.446582317352295,OUTBOUND,-34.86722183227539,0.07465535052696542,0.0031999999191612005
1,54,0.84375,1.2422703504562378,43.522647857666016,updated,1.3868848085403442,-0.9166371822357178,45.91111755371094,1.0406084060668945,1.017484426498413,50.43059571800404,29.50574681973178,1291,7,41,0,10,,1,63,-7.824046611785889,5.805233955383301,-1.8915232419967651,OUTBOUND,-35.2199821472168,0.060972774889227685,0.0031999999191612005
1,58,0.90625,1.386159062385559,43.502105712890625,updated,1.387302041053772,-0.9159694910049438,28.24187660217285,1.0531693696975708,1.0500379800796509,50.45153865698376,29.493668254280173,1292,7,42,0,6,,1,63,-7.8240461349487305,5.800615310668945,-1.9797608852386475,OUTBOUND,-35.131309509277344,0.04607175319645603,0.0031999999191612005
1,62,0.96875,1.0441374778747559,43.685028076171875,updated,1.3877191543579102,-0.9086570739746094,84.23868560791016,16.748071670532227,16.72322654724121,50.47379286697833,29.481593397067343,1293,7,43,0,2,,1,63,-7.824045658111572,5.775704383850098,-1.891315221786499,OUTBOUND,-35.60309600830078,0.020099133449338894,0.0031999999191612005
1,61,0.953125,0.9402107000350952,43.8797492980957,updated,1.3881367444992065,-0.9170079231262207,28.21989631652832,0.4595138132572174,0.4806463122367859,50.49398090300383,29.46952729658898,1294,7,44,0,3,,0,64,-7.824045658111572,5.798644065856934,-1.783709168434143,OUTBOUND,-35.88001251220703,-0.015095258939947056,0.0031999999191612005
0,59,0.921875,0.6373005509376526,43.448543548583984,updated,1.388553500175476,-0.8925812840461731,49.56825637817383,2.6117472648620605,2.599320411682129,50.60028322800645,29.457410769876034,1295,7,45,1,5,STALE_OR_INCOMPLETE_BUNDLE,3,61,-7.8240461349487305,5.7215962409973145,-1.8654440641403198,OUTBOUND,-35.5111198425293,0.012768815563451039,0.0031999999191612005
1,52,0.8125,0.7545952200889587,43.51845169067383,updated,1.3889704942703247,-0.9144119024276733,92.42973327636719,16.547868728637695,16.360767364501953,50.6210832450015,29.44532331679243,1296,7,46,0,12,,2,62,-7.8240461349487305,5.785610675811768,-1.8995589017868042,OUTBOUND,-35.58065414428711,0.045080193089855496,0.0031999999191612005
1,57,0.890625,1.3057247400283813,43.724571228027344,updated,1.3893874883651733,-0.9093016386032104,136.66355895996094,19.812318801879883,19.55834197998047,50.645329230988864,29.43325976169104,1297,7,47,0,7,,5,59,-7.8240461349487305,5.76751184463501,-1.6678603887557983,OUTBOUND,-35.83304977416992,0.022960799840388308,0.0031999999191612005
1,61,0.953125,0.9318684339523315,43.343170166015625,updated,1.389804720878601,-0.9160342216491699,50.055023193359375,0.9064915180206299,0.9446558952331543,50.668530417984584,29.42122202866821,1298,7,48,0,3,,1,63,-7.824045658111572,5.785458564758301,-1.7081358432769775,OUTBOUND,-35.42045211791992,0.02787551385229014,0.0031999999191612005
1,58,0.90625,1.2296206951141357,43.074684143066406,updated,1.3902214765548706,-0.9013425707817078,23.385066986083984,18.28046226501465,18.131757736206055,50.68894686899148,29.409177124903128,1299,7,49,0,6,,4,60,-7.8240461349487305,5.738284587860107,-1.8468966484069824,OUTBOUND,-35.17183303833008,0.02765117036761158,0.0031999999191612005
1,57,0.890625,0.5590464472770691,42.83189392089844,updated,1.3906383514404297,-0.9162077903747559,15.336159706115723,18.889127731323242,18.76134490966797,50.71205818100134,29.397142611610622,1300,7,50,0,7,,5,59,-7.8240461349487305,5.780911445617676,-1.7223609685897827,OUTBOUND,-34.816246032714844,0.002458315848818491,0.0031999999191612005
1,58,0.90625,0.7846314907073975,42.800228118896484,updated,1.3910548686981201,-0.9012813568115234,99.8062744140625,16.74419593811035,16.718435287475586,50.81730274198344,29.38512573059086,1301,7,51,0,6,,1,63,-7.8240461349487305,5.733119010925293,-1.7758275270462036,OUTBOUND,-34.812950134277344,-0.014291589706470494,0.0031999999191612005
1,59,0.921875,0.9729376435279846,42.88813018798828,updated,1.3914705514907837,-0.8938726782798767,191.68089294433594,1.8377537727355957,1.796929121017456,50.84004498500144,29.37309820194619,1302,7,52,0,5,,0,64,-7.8240461349487305,5.708194255828857,-1.7275524139404297,OUTBOUND,-34.867347717285156,-0.01255937882210307,0.0031999999191612005
1,58,0.90625,1.3336564302444458,43.62311935424805,updated,1.3918871879577637,-0.9346129894256592,138.921630859375,1.7538890838623047,1.603413462638855,50.8615276569908,29.361075864039208,1303,7,53,0,6,,1,63,-7.8240461349487305,5.82906436920166,-2.0955514907836914,OUTBOUND,-35.17090606689453,0.013558520855804229,0.0031999999191612005
1,58,0.90625,0.8034689426422119,43.55939483642578,updated,1.392304539680481,-0.9262584447860718,52.571693420410156,16.382009506225586,16.13077163696289,50.883652030985104,29.34904215834879,1304,7,54,0,6,,2,62,-7.8240461349487305,5.801235675811768,-1.7193403244018555,OUTBOUND,-35.180686950683594,0.01928695443469021,0.0031999999191612005
0,56,0.875,0.9996380805969238,43.35422897338867,updated,1.3927220106124878,-0.9192911386489868,13.011624336242676,18.374683380126953,18.267162322998047,50.99430298700463,29.33696581588558,1305,7,55,1,8,STALE_OR_INCOMPLETE_BUNDLE,3,61,-7.824045658111572,5.777647495269775,-1.7548872232437134,OUTBOUND,-35.09356689453125,0.051821174269282434,0.0031999999191612005
1,58,0.90625,1.3938394784927368,43.96684265136719,updated,1.3931392431259155,-0.9088483452796936,52.95301818847656,0.7357354760169983,0.6700078845024109,51.017919129983056,29.32488247698409,1306,7,56,0,6,,0,64,-7.8240461349487305,5.743609428405762,-1.6751315593719482,OUTBOUND,-35.59682083129883,0.10045365120693396,0.0031999999191612005
1,61,0.953125,0.7163329720497131,44.1966438293457,updated,1.3935563564300537,-0.9151917695999146,138.06134033203125,32.16615676879883,32.13165283203125,51.04267649599933,29.312784455646383,1307,7,57,0,3,,2,62,-7.824045658111572,5.760263442993164,-1.701514482498169,OUTBOUND,-36.06580352783203,0.08571179216162482,0.0031999999191612005
1,55,0.859375,0.7940311431884766,44.22254943847656,updated,1.3939740657806396,-0.9297037124633789,12.922372817993164,1.3206042051315308,1.3402513265609741,51.064555645978544,29.3007211171035,1308,7,58,0,9,,1,63,-7.8240461349487305,5.801502227783203,-1.9273576736450195,OUTBOUND,-36.03489303588867,0.08106096519295597,0.0031999999191612005
1,59,0.921875,0.8535522818565369,44.53335952758789,updated,1.394391417503357,-0.9099159836769104,56.2962760925293,1.8345699310302734,1.8144547939300537,51.087332312978106,29.288638557448063,1309,7,59,0,5,,2,62,-7.8240461349487305,5.739401817321777,-1.9922397136688232,OUTBOUND,-36.366641998291016,0.08400902335168683,0.0031999999191612005
1,54,0.84375,0.6635176539421082,44.60015106201172,updated,1.3948092460632324,-0.929802417755127,17.709774017333984,0.2960078716278076,0.3118341565132141,51.10973319699406,29.276580660153897,1310,7,60,0,10,,0,64,-7.824046611785889,5.796751976013184,-1.5574965476989746,OUTBOUND,-36.5602912902832,0.08323652493721273,0.0031999999191612005
1,61,0.953125,0.9664565920829773,44.53012466430664,updated,1.3952277898788452,-0.936586856842041,12.640389442443848,0.3463013172149658,0.369673490524292,51.13528728397796,29.264506851967234,1311,7,61,0,3,,0,64,-7.824045658111572,5.814621448516846,-1.9405900239944458,OUTBOUND,-36.425926208496094,0.09313193731373096,0.0031999999191612005
1,56,0.875,0.6622871160507202,44.06337356567383,updated,1.3956471681594849,-0.9393574595451355,63.11884689331055,15.973922729492188,15.747276306152344,51.2530571599782,29.25242839900938,1312,7,62,0,8,,1,63,-7.824045658111572,5.820405006408691,-2.066405773162842,OUTBOUND,-36.18793869018555,0.09919065165283691,0.0031999999191612005
1,57,0.890625,1.026413917541504,44.229312896728516,updated,1.3960670232772827,-0.9332669973373413,10.387993812561035,1.4045875072479248,1.417890191078186,51.277680811006576,29.240354980752535,1313,7,63,0,7,,1,63,-7.8240461349487305,5.799591541290283,-1.7894527912139893,OUTBOUND,-36.34178924560547,0.1072088446141015,0.0031999999191612005
1,56,0.875,0.9409642815589905,44.02748489379883,updated,1.3964862823486328,-0.9141002297401428,7.097601413726807,2.146132707595825,2.1023969650268555,51.300612650986295,29.22827572248945,1314,7,64,0,8,,3,61,-7.824045658111572,5.7396240234375,-2.214571714401245,OUTBOUND,-36.05184555053711,0.12006958604460875,0.0031999999191612005
1,60,0.9375,0.9958089590072632,44.053836822509766,updated,1.396905541419983,-0.9259056448936462,39.55575942993164,1.4262022972106934,1.4643694162368774,51.3241967879876,29.21617200279455,1315,7,65,0,4,,1,63,-7.824045658111572,5.7725114822387695,-2.1400418281555176,OUTBOUND,-36.025638580322266,0.12090482036301199,0.0031999999191612005
1,58,0.90625,0.9641855955123901,44.28617477416992,updated,1.3973242044448853,-0.9103161096572876,44.3778190612793,1.0955885648727417,1.0822709798812866,51.34667093900498,29.20408055886318,1316,7,66,0,6,,1,63,-7.8240461349487305,5.723382472991943,-1.7408649921417236,OUTBOUND,-36.150062561035156,0.10763392338399361,0.0031999999191612005
1,61,0.953125,0.6332920789718628,44.647701263427734,updated,1.3977432250976562,-0.934378981590271,68.55537414550781,17.420738220214844,17.390640258789062,51.460219395987224,29.19198146204563,1317,7,67,0,3,,2,62,-7.824045658111572,5.792867183685303,-1.7724765539169312,OUTBOUND,-36.57683563232422,0.11912731595733132,0.0031999999191612005
1,59,0.921875,1.0375500917434692,44.69406509399414,updated,1.3981627225875854,-0.9366514682769775,62.70458984375,0.4169004559516907,0.344745934009552,51.48543976599467,29.17985125079593,1318,7,68,0,5,,0,64,-7.8240461349487305,5.797152042388916,-1.723265528678894,OUTBOUND,-36.5882453918457,0.12174176508083932,0.0031999999191612005
1,58,0.90625,0.6248908638954163,44.65315246582031,updated,1.398581862449646,-0.9216188788414001,59.25798797607422,0.4673804044723511,0.3978831171989441,51.5063918090018,29.167727254296157,1319,7,69,0,6,,0,64,-7.8240461349487305,5.749795913696289,-1.6409952640533447,OUTBOUND,-36.54463577270508,0.09048847592515871,0.0031999999191612005
1,59,0.921875,0.6502652764320374,44.1591911315918,updated,1.3990010023117065,-0.9260385632514954,43.949275970458984,17.453519821166992,17.325767517089844,51.53543547200388,29.155625790687626,1320,7,70,0,5,,3,61,-7.8240461349487305,5.760514259338379,-1.8718904256820679,OUTBOUND,-36.061588287353516,0.0641449157381035,0.0031999999191612005
1,56,0.875,0.5083537101745605,44.64307403564453,updated,1.3994204998016357,-0.9359923005104065,66.72360229492188,0.41924306750297546,0.4103367328643799,51.65042843099218,29.14351970923299,1321,7,71,0,8,,0,64,-7.824045658111572,5.78769588470459,-1.6188668012619019,OUTBOUND,-36.40826416015625,0.04142204212280617,0.0031999999191612005
1,56,0.875,0.9666537642478943,44.62382125854492,updated,1.399840235710144,-0.9355246424674988,4.600767135620117,2.6369683742523193,2.6092801094055176,51.67429779298254,29.13143443036438,1322,7,72,0,8,,3,61,-7.824045658111572,5.783817291259766,-1.7236864566802979,OUTBOUND,-36.20827865600586,0.04985786748572564,0.0031999999191612005
1,61,0.953125,1.245629906654358,44.72754669189453,updated,1.400260329246521,-0.9381090402603149,13.7356595993042,1.2331048250198364,1.2489211559295654,51.69715218999772,29.119318467702563,1323,7,73,0,3,,1,63,-7.824045658111572,5.7890191078186035,-1.6086136102676392,OUTBOUND,-36.50288772583008,0.07489657822138288,0.0031999999191612005
1,56,0.875,0.9326289892196655,45.177921295166016,updated,1.4006811380386353,-0.9470297694206238,29.379575729370117,1.9328536987304688,1.8781756162643433,51.72417896200204,29.10721274337708,1324,7,74,0,8,,2,62,-7.824045658111572,5.81303071975708,-1.846383810043335,OUTBOUND,-36.90208053588867,0.06451798279742563,0.0031999999191612005
1,55,0.859375,0.9018420577049255,44.74454879760742,updated,1.4011023044586182,-0.9452924132347107,159.8811798095703,35.30774688720703,34.95886993408203,51.74953170598019,29.095136550573873,1325,7,75,0,9,,3,61,-7.8240461349487305,5.805366516113281,-1.8858920335769653,OUTBOUND,-36.63347244262695,0.05452584035716452,0.0031999999191612005
1,56,0.875,0.7004367113113403,44.70775604248047,updated,1.4015233516693115,-0.9297386407852173,28.702476501464844,0.3182072639465332,0.38078317046165466,51.77196181498584,29.083048428933953,1326,7,76,0,8,,0,64,-7.824045658111572,5.756746768951416,-1.566571831703186,OUTBOUND,-36.708229064941406,0.06127942049938352,0.0031999999191612005
1,61,0.953125,0.5749436616897583,44.417015075683594,updated,1.4019439220428467,-0.9267811179161072,21.628440856933594,17.6275634765625,17.54191017150879,51.79504559599445,29.070962337782703,1327,7,77,0,3,,1,63,-7.824045658111572,5.745532512664795,-1.800377368927002,OUTBOUND,-36.450157165527344,0.062130390926885264,0.0031999999191612005
1,50,0.78125,1.033875823020935,44.76955032348633,updated,1.40236496925354,-0.9458097815513611,19.410568237304688,2.159642219543457,2.163679361343384,51.904126732988516,29.058871858059472,1328,7,78,0,14,,2,62,-7.8240461349487305,5.799415111541748,-1.6223243474960327,OUTBOUND,-36.56745147705078,0.039901531055098166,0.0031999999191612005
1,55,0.859375,0.4568031430244446,44.46635818481445,updated,1.402786135673523,-0.9396507143974304,3.6602470874786377,17.72624969482422,17.660804748535156,51.92662150398246,29.046792108717057,1329,7,79,0,9,,1,63,-7.8240461349487305,5.77871561050415,-1.7951405048370361,OUTBOUND,-36.32636642456055,0.004318472738700836,0.0031999999191612005
1,59,0.921875,0.8151464462280273,44.75360107421875,updated,1.4032069444656372,-0.9289656281471252,79.59527587890625,0.5692028999328613,0.5594651699066162,51.95160996398772,29.03473361895108,1330,7,80,0,5,,0,64,-7.8240461349487305,5.744679927825928,-1.6034754514694214,OUTBOUND,-36.57936477661133,-0.012915256076906806,0.0031999999191612005
1,59,0.921875,0.8998858332633972,45.01860809326172,updated,1.4036284685134888,-0.9513495564460754,47.243385314941406,1.3983832597732544,1.3986375331878662,51.97398720998899,29.02266094033025,1331,7,81,0,5,,1,63,-7.8240461349487305,5.808326244354248,-1.8828312158584595,OUTBOUND,-36.70368576049805,-0.015338041534153366,0.0031999999191612005
1,61,0.953125,0.7860064506530762,45.146209716796875,updated,1.4040498733520508,-0.9407124519348145,51.90559005737305,16.803409576416016,16.69140625,51.99896578898188,29.01060936799927,1332,7,82,0,3,,2,62,-7.824045658111572,5.7744669914245605,-1.8951674699783325,OUTBOUND,-36.89274215698242,-0.016238158708897846,0.0031999999191612005
1,58,0.90625,0.9406853914260864,45.08946228027344,updated,1.40447199344635,-0.9548644423484802,17.589326858520508,1.4383068084716797,1.3949519395828247,52.107820362987695,28.998540968719595,1333,7,83,0,6,,1,63,-7.8240461349487305,5.813714981079102,-1.947014331817627,OUTBOUND,-36.91496276855469,-0.005136352894975265,0.0031999999191612005
1,56,0.875,1.2245922088623047,44.79854202270508,updated,1.4048939943313599,-0.9381738305091858,198.7593231201172,50.656124114990234,50.41746520996094,52.131227511999896,28.98647414794896,1334,7,84,0,8,,3,61,-7.824045658111572,5.7620849609375,-1.9161300659179688,OUTBOUND,-36.82191848754883,0.00647563323395624,0.0031999999191612005
1,59,0.921875,0.7106648683547974,44.65812683105469,updated,1.4053152799606323,-0.9266934990882874,6.540336608886719,16.620023727416992,16.472766876220703,52.15681610998581,28.974398937171937,1335,7,85,0,5,,1,63,-7.8240461349487305,5.725874423980713,-1.8895645141601562,OUTBOUND,-36.597110748291016,-0.004407566381661895,0.0031999999191612005
1,57,0.890625,0.9284104108810425,44.96394729614258,updated,1.4057368040084839,-0.9454232454299927,61.73938751220703,1.0893287658691406,1.107931137084961,52.18049750899081,28.962334367291444,1336,7,86,0,7,,1,63,-7.8240461349487305,5.778518199920654,-1.706243872642517,OUTBOUND,-36.787010192871094,-0.025868432879165106,0.0031999999191612005
1,57,0.890625,0.7597580552101135,45.02408981323242,updated,1.406158447265625,-0.9482277035713196,98.45894622802734,0.5907480716705322,0.6538735032081604,52.20594031599467,28.9502401481484,1337,7,87,0,7,,0,64,-7.8240461349487305,5.784306526184082,-2.0034399032592773,OUTBOUND,-36.742431640625,-0.025196482345007806,0.0031999999191612005
1,59,0.921875,0.7508705258369446,45.36675262451172,updated,1.4065802097320557,-0.9421384334564209,57.08057403564453,0.5152595043182373,0.5876272320747375,52.31664599198848,28.938180021591698,1338,7,88,0,5,,0,64,-7.8240461349487305,5.763991355895996,-1.8173543214797974,OUTBOUND,-37.028072357177734,-0.011538648073291085,0.0031999999191612005
1,55,0.859375,0.5599191784858704,45.28575897216797,updated,1.4070016145706177,-0.9377039670944214,58.95472717285156,0.47583580017089844,0.5405493974685669,52.340941832982935,28.926088919242687,1339,7,89,0,9,,0,64,-7.8240461349487305,5.748564720153809,-1.7958831787109375,OUTBOUND,-36.961307525634766,0.011364120038903637,0.0031999999191612005
1,57,0.890625,0.9138088226318359,46.047977447509766,updated,1.4074230194091797,-0.9453782439231873,39.47504425048828,0.928508460521698,0.9615162014961243,52.36275418099831,28.914008799592082,1340,7,90,0,7,,1,63,-7.8240461349487305,5.768628120422363,-1.55092191696167,OUTBOUND,-37.576507568359375,0.02706589908730727,0.0031999999191612005
1,57,0.890625,1.0063090324401855,45.40391159057617,updated,1.4078434705734253,-0.9185917973518372,46.57328796386719,2.210761070251465,2.223158121109009,52.384857719996944,28.901915683197952,1341,7,91,0,7,,2,62,-7.8240461349487305,5.68782377243042,-1.547929048538208,OUTBOUND,-37.209468841552734,0.03141587247993882,0.0031999999191612005
1,60,0.9375,0.6798519492149353,46.07498550415039,updated,1.4082635641098022,-0.9367808699607849,55.166603088378906,0.3724922835826874,0.42801547050476074,52.40905341997859,28.889802336942346,1342,7,92,0,4,,0,64,-7.824045658111572,5.73865270614624,-1.580825686454773,OUTBOUND,-37.961082458496094,0.042089431876456515,0.0031999999191612005
1,56,0.875,0.838395357131958,45.8851318359375,updated,1.408684492111206,-0.9594308137893677,68.42133331298828,1.7512507438659668,1.753828763961792,52.43273647897877,28.87766822394725,1343,7,93,0,8,,2,62,-7.824045658111572,5.802424907684326,-1.8846279382705688,OUTBOUND,-37.68385696411133,0.05670858194933253,0.0031999999191612005
1,57,0.890625,0.6192777752876282,45.007728576660156,updated,1.4091055393218994,-0.9501626491546631,152.81594848632812,22.191694259643555,22.017742156982422,52.45559376300662,28.865519532151986,1344,7,94,0,7,,5,59,-7.8240461349487305,5.772932052612305,-2.0502216815948486,OUTBOUND,-37.044368743896484,0.062342715332153895,0.0031999999191612005
0,56,0.875,0.6907305121421814,45.36165237426758,updated,1.4095267057418823,-0.9455522298812866,21.129741668701172,0.2502305805683136,0.2792806029319763,52.566541809006594,28.853325908588147,1345,7,95,1,8,WATCHDOG_DEADLINE,0,64,-7.824045658111572,5.7570719718933105,-1.7529661655426025,OUTBOUND,-37.43492889404297,0.058017648168758006,0.0031999999191612005
1,59,0.921875,0.8216395378112793,44.98770523071289,updated,1.4099481105804443,-0.9536066055297852,40.92410659790039,1.271230936050415,1.3458858728408813,52.5898437309952,28.84122641089347,1346,7,96,0,5,,1,63,-7.8240461349487305,5.778137683868408,-1.587244987487793,OUTBOUND,-36.9669303894043,0.053111573551568314,0.0031999999191612005
1,56,0.875,0.7877675890922546,45.40953826904297,updated,1.4103702306747437,-0.961449146270752,41.006317138671875,1.8668861389160156,1.9109145402908325,52.61424541199813,28.829165484127383,1347,7,97,0,8,,2,62,-7.824045658111572,5.798547267913818,-2.0074660778045654,OUTBOUND,-37.24705505371094,0.03935893781461089,0.0031999999191612005
1,58,0.90625,1.0236821174621582,45.52832794189453,updated,1.410792350769043,-0.951337456703186,71.70468139648438,0.5483373403549194,0.6017924547195435,52.638192694983445,28.817132123129515,1348,7,98,0,6,,0,64,-7.8240461349487305,5.7667036056518555,-1.961445927619934,OUTBOUND,-37.36087417602539,0.040976597788148196,0.0031999999191612005
1,57,0.890625,0.787647545337677,45.391334533691406,updated,1.4112145900726318,-0.9529596567153931,71.12743377685547,1.1680628061294556,1.1800236701965332,52.66452173900325,28.80509090616199,1349,7,99,0,7,,1,63,-7.8240461349487305,5.769012451171875,-2.0812180042266846,OUTBOUND,-36.957862854003906,0.062374743917142865,0.0031999999191612005
1,54,0.84375,1.1955586671829224,45.706932067871094,updated,1.4116379022598267,-0.9727752804756165,45.75923538208008,1.4720702171325684,1.4573383331298828,52.68743514199741,28.79303003696936,1350,7,100,0,10,,1,63,-7.824046611785889,5.824134349822998,-2.0494225025177,OUTBOUND,-37.1739616394043,0.06250573663342208,0.0031999999191612005
1,58,0.90625,0.583336353302002,46.06787109375,updated,1.4120612144470215,-0.955406665802002,30.823822021484375,2.092593193054199,2.100712776184082,52.79870108599425,28.780958335302177,1351,7,101,0,6,,2,62,-7.8240461349487305,5.771296977996826,-1.8216173648834229,OUTBOUND,-37.739234924316406,0.05237214958326288,0.0031999999191612005
1,58,0.90625,1.0374382734298706,46.35356521606445,updated,1.4124847650527954,-0.9611550569534302,31.082176208496094,0.28669488430023193,0.3320577144622803,52.82158521798556,28.768897441917815,1352,7,102,0,6,,0,64,-7.8240461349487305,5.785548686981201,-1.7770917415618896,OUTBOUND,-38.10666275024414,0.044539627146908824,0.0031999999191612005
1,51,0.796875,1.1075934171676636,46.346622467041016,updated,1.4129080772399902,-0.9491502642631531,141.7777099609375,5.70204496383667,5.798803329467773,52.845203638979,28.756850764145323,1353,7,103,0,13,,6,58,-7.824045658111572,5.748368263244629,-1.8182941675186157,OUTBOUND,-38.01912307739258,0.029080198844480567,0.0031999999191612005
1,61,0.953125,0.6225842237472534,46.1352424621582,updated,1.4133321046829224,-0.9713902473449707,5.997472286224365,0.3227717876434326,0.3505971431732178,52.87278187900665,28.74479785622383,1354,7,104,0,3,,0,64,-7.824045658111572,5.810328960418701,-1.9037322998046875,OUTBOUND,-38.02145767211914,0.01621012418906783,0.0031999999191612005
0,52,0.8125,1.1107392311096191,45.616233825683594,updated,1.4137558937072754,-0.9521440863609314,103.42142486572266,19.83479118347168,19.742517471313477,52.994311140006175,28.73271611561946,1355,7,105,1,12,STALE_OR_INCOMPLETE_BUNDLE,3,61,-7.8240461349487305,5.75225830078125,-2.0775949954986572,OUTBOUND,-37.74918746948242,0.011510421277031578,0.0031999999191612005
1,56,0.875,0.9126205444335938,46.025482177734375,updated,1.414179801940918,-0.9621454477310181,14.683167457580566,0.8948359489440918,0.9137482643127441,53.017219409986865,28.72068293186541,1356,7,106,0,8,,1,63,-7.824045658111572,5.7787604331970215,-1.5403289794921875,OUTBOUND,-37.89106750488281,0.015111672118287992,0.0031999999191612005
1,59,0.921875,0.4068218469619751,45.775390625,updated,1.4146039485931396,-0.9617829322814941,23.57960319519043,18.243301391601562,18.1597900390625,53.039208280999446,28.708633948292256,1357,7,107,0,5,,1,63,-7.8240461349487305,5.775310039520264,-1.758150577545166,OUTBOUND,-37.75062942504883,-0.0021956136404827228,0.0031999999191612005
1,62,0.96875,0.6346914172172546,45.47285079956055,updated,1.4150278568267822,-0.9570767283439636,78.88658142089844,2.115044355392456,2.225393533706665,53.063375967991306,28.69656180779597,1358,7,108,0,2,,2,62,-7.824045658111572,5.759342193603516,-1.7849955558776855,OUTBOUND,-37.323631286621094,-0.015598857695165204,0.0031999999191612005
1,57,0.890625,0.61301189661026,45.47006607055664,updated,1.415452241897583,-0.9663068652153015,59.27866744995117,18.83851432800293,18.810644149780273,53.087398892996134,28.684528284998194,1359,7,109,0,7,,1,63,-7.8240461349487305,5.783547878265381,-1.7075433731079102,OUTBOUND,-37.223876953125,-0.024661880698323434,0.0031999999191612005
1,59,0.921875,0.6079858541488647,46.141849517822266,updated,1.4158766269683838,-0.9647796750068665,108.43020629882812,0.71656334400177,0.7766469717025757,53.11209334200248,28.672493463550783,1360,7,110,0,5,,0,64,-7.8240461349487305,5.776751518249512,-1.7313297986984253,OUTBOUND,-37.711151123046875,-0.02542288911077001,0.0031999999191612005
1,56,0.875,0.4915611445903778,45.95783615112305,updated,1.4163018465042114,-0.9776843786239624,25.55242347717285,18.83940887451172,18.778514862060547,53.137411673989845,28.660453965278446,1361,7,111,0,8,,1,63,-7.824045658111572,5.811466217041016,-1.8566367626190186,OUTBOUND,-37.306610107421875,-0.008290298061240967,0.0031999999191612005
1,58,0.90625,0.6300463080406189,45.74274444580078,updated,1.4167265892028809,-0.9547684788703918,166.25982666015625,53.76966857910156,53.72575759887695,53.246604683983605,28.648419616149468,1362,7,112,0,6,,3,61,-7.8240461349487305,5.743200778961182,-1.7546229362487793,OUTBOUND,-37.56886291503906,-0.008407189104987311,0.0031999999191612005
1,58,0.90625,0.5636249780654907,46.45288848876953,updated,1.4171518087387085,-0.9750926494598389,40.253814697265625,0.9805265665054321,0.9125704765319824,53.269949148991145,28.636361708620594,1363,7,113,0,6,,1,63,-7.8240461349487305,5.799183368682861,-1.7863953113555908,OUTBOUND,-38.04345703125,-0.0008485807129652314,0.0031999999191612005
1,57,0.890625,0.7847681045532227,46.094940185546875,updated,1.4175779819488525,-0.9880106449127197,82.36289978027344,0.7735964059829712,0.6937049627304077,53.29229421998025,28.624294696778,1364,7,114,0,7,,0,64,-7.8240461349487305,5.833826065063477,-1.8761813640594482,OUTBOUND,-37.771087646484375,0.003027894513358211,0.0031999999191612005
1,57,0.890625,0.38256487250328064,46.61637496948242,updated,1.4180045127868652,-0.973453164100647,41.644168853759766,0.41251903772354126,0.3938530385494232,53.31520216100034,28.612240764385856,1365,7,115,0,7,,0,64,-7.8240461349487305,5.789665222167969,-1.793331503868103,OUTBOUND,-38.06114196777344,-0.021912154412393726,0.0031999999191612005
1,58,0.90625,0.662610650062561,46.5181884765625,updated,1.418431043624878,-0.9715675711631775,15.176612854003906,1.3684844970703125,1.3639649152755737,53.33737471798668,28.600173009583806,1366,7,116,0,6,,1,63,-7.8240461349487305,5.781864643096924,-1.5126453638076782,OUTBOUND,-38.18867874145508,-0.028255370348651467,0.0031999999191612005
1,62,0.96875,0.7489681839942932,46.485557556152344,updated,1.4188570976257324,-0.9584466814994812,199.36363220214844,38.010414123535156,38.019439697265625,53.44201098798658,28.588129690978793,1367,7,117,0,2,,2,62,-7.824045658111572,5.741934299468994,-1.740132451057434,OUTBOUND,-38.361083984375,-0.0075409833626823375,0.0031999999191612005
1,61,0.953125,0.7010012269020081,46.75578308105469,updated,1.4192825555801392,-0.9567161798477173,21.140987396240234,0.2902911901473999,0.2849639654159546,53.46696934598731,28.576061893962912,1368,7,118,0,3,,0,64,-7.824045658111572,5.734633445739746,-1.8594964742660522,OUTBOUND,-38.611785888671875,-0.009191963971791658,0.0031999999191612005
1,57,0.890625,0.9493030309677124,46.61471176147461,updated,1.419708013534546,-0.9647023677825928,59.799991607666016,2.2852137088775635,2.2524123191833496,53.49249356400105,28.564023514751305,1369,7,119,0,7,,2,62,-7.8240461349487305,5.755099773406982,-2.0555362701416016,OUTBOUND,-38.3679084777832,-0.02051766174231868,0.0031999999191612005
1,59,0.921875,0.9865550398826599,46.69235610961914,updated,1.4201329946517944,-0.9604155421257019,44.1385383605957,1.9671066999435425,1.8639596700668335,53.51507307798602,28.551970255416308,1370,7,120,0,5,,2,62,-7.8240461349487305,5.740511417388916,-1.8118854761123657,OUTBOUND,-38.60713195800781,0.0011974255061937493,0.0031999999191612005
1,59,0.921875,0.8512516617774963,46.241146087646484,updated,1.4205591678619385,-0.995570182800293,155.33351135253906,37.821022033691406,37.40507125854492,53.544940780004254,28.53990614032756,1371,7,121,0,5,,4,60,-7.8240461349487305,5.838399410247803,-1.8368571996688843,OUTBOUND,-38.024024963378906,0.028000794686143284,0.0031999999191612005
1,61,0.953125,0.9633845686912537,46.15071105957031,updated,1.420985460281372,-0.9750522375106812,51.30278396606445,1.8084641695022583,1.8538109064102173,53.65458757098531,28.527824675879867,1372,7,122,0,3,,2,62,-7.824045658111572,5.77752685546875,-1.5775783061981201,OUTBOUND,-38.01752471923828,0.020443320234539517,0.0031999999191612005
1,59,0.921875,0.8419809937477112,46.334388732910156,updated,1.4214117527008057,-0.9733103513717651,120.71218872070312,0.7568809390068054,0.8916492462158203,53.6762937399908,28.515743627692366,1373,7,123,0,5,,0,64,-7.8240461349487305,5.77019739151001,-1.5510804653167725,OUTBOUND,-38.115806579589844,0.016127815707109926,0.0031999999191612005
1,57,0.890625,0.9716928005218506,45.7879753112793,updated,1.4218379259109497,-0.9688029885292053,43.569923400878906,18.784605026245117,18.683452606201172,53.69798226800049,28.503644650490212,1374,7,124,0,7,,2,62,-7.8240461349487305,5.755016326904297,-1.5674076080322266,OUTBOUND,-37.543182373046875,0.016536210752381028,0.0031999999191612005
1,59,0.921875,0.7114312052726746,46.59901809692383,updated,1.4222649335861206,-0.9947084188461304,105.72501373291016,1.3818697929382324,1.3088465929031372,53.72068362598657,28.491553271764303,1375,7,125,0,5,,1,63,-7.8240461349487305,5.82627534866333,-1.9818538427352905,OUTBOUND,-37.986167907714844,0.002457346613684797,0.0031999999191612005
1,52,0.8125,1.4882333278656006,46.522762298583984,updated,1.4226922988891602,-0.9825342893600464,99.82423400878906,1.4983153343200684,1.369275689125061,53.74503867799649,28.479495717254178,1376,7,126,0,12,,1,63,-7.8240461349487305,5.789304256439209,-1.8926113843917847,OUTBOUND,-37.94064712524414,-0.0114550974356471,0.0031999999191612005
1,58,0.90625,0.5820996165275574,47.019073486328125,updated,1.4231199026107788,-0.9802722930908203,49.093780517578125,1.2619293928146362,1.2003597021102905,53.770102195005165,28.46744360278375,1377,7,127,0,6,,1,63,-7.8240461349487305,5.780511856079102,-1.8336185216903687,OUTBOUND,-38.37473678588867,-0.031432494104982715,0.0031999999191612005
1,59,0.921875,1.271501064300537,47.11617660522461,updated,1.423548698425293,-1.0085656642913818,94.48921966552734,20.034517288208008,20.143268585205078,53.89343726399238,28.455395751417463,1378,7,128,0,5,,2,62,-7.8240461349487305,5.858328819274902,-1.9281584024429321,OUTBOUND,-38.57585525512695,-0.059390631619421076,0.0031999999191612005
1,59,0.921875,0.7072146534919739,46.82528305053711,updated,1.4239768981933594,-0.9693308472633362,87.34136199951172,17.870309829711914,17.895370483398438,53.92226803197991,28.443336794592252,1379,7,129,0,5,,1,63,-7.8240461349487305,5.744791507720947,-1.5957432985305786,OUTBOUND,-38.65253829956055,-0.0782089717945955,0.0031999999191612005
1,58,0.90625,0.6690778732299805,47.23994445800781,updated,1.4244047403335571,-0.9693978428840637,33.870967864990234,1.028300166130066,1.0562738180160522,53.94541346697952,28.43126630780961,1380,7,130,0,6,,1,63,-7.8240461349487305,5.742645263671875,-1.7948211431503296,OUTBOUND,-39.12104415893555,-0.06681184081062103,0.0031999999191612005
1,57,0.890625,0.9955419898033142,46.96959686279297,updated,1.4248327016830444,-0.9847211241722107,17.740068435668945,0.4195733070373535,0.44375237822532654,53.96863240399398,28.419212530815013,1381,7,131,0,7,,0,64,-7.8240461349487305,5.783632278442383,-2.1143431663513184,OUTBOUND,-38.7250862121582,-0.05849604761714871,0.0031999999191612005
1,57,0.890625,0.8776364326477051,47.239044189453125,updated,1.4252606630325317,-0.9803287386894226,13.033354759216309,1.0657211542129517,1.028287649154663,53.99148773399065,28.40714113109273,1382,7,132,0,7,,1,63,-7.8240461349487305,5.768864631652832,-2.100878953933716,OUTBOUND,-38.894996643066406,-0.06729653989695629,0.0031999999191612005
1,59,0.921875,0.8476313352584839,46.920841217041016,updated,1.4256881475448608,-0.9721671938896179,89.58190155029297,19.82443618774414,19.623159408569336,54.10566830000607,28.395080423238962,1383,7,133,0,5,,1,63,-7.8240461349487305,5.743486404418945,-1.6980516910552979,OUTBOUND,-38.768104553222656,-0.05508488812209786,0.0031999999191612005
1,60,0.9375,1.0752789974212646,46.99018859863281,updated,1.4261164665222168,-0.9996551275253296,71.17938995361328,20.336580276489258,20.130395889282227,54.12694496498443,28.383038507296217,1384,7,134,0,4,,2,62,-7.824045658111572,5.8186726570129395,-2.0785951614379883,OUTBOUND,-38.8845100402832,-0.020141469033514586,0.0031999999191612005
1,56,0.875,0.8044084310531616,46.56671142578125,updated,1.4265451431274414,-0.9925772547721863,64.61044311523438,2.3250815868377686,2.4319372177124023,54.14870730499388,28.371008889177112,1385,7,135,0,8,,2,62,-7.824045658111572,5.796347618103027,-2.07423734664917,OUTBOUND,-38.407100677490234,0.013018652461356015,0.0031999999191612005
1,57,0.890625,0.9592917561531067,46.674617767333984,updated,1.4269734621047974,-0.9754989743232727,116.98063659667969,0.7974931597709656,0.9032413959503174,54.17171124499873,28.3589800674892,1386,7,136,0,7,,0,64,-7.8240461349487305,5.745907783508301,-1.846962332725525,OUTBOUND,-38.479740142822266,0.03807986064380955,0.0031999999191612005
1,62,0.96875,0.7755119800567627,46.6768798828125,updated,1.4274014234542847,-0.9770202040672302,99.01811218261719,1.5526354312896729,1.5991007089614868,54.19601187200169,28.34692018229384,1387,7,137,0,2,,1,63,-7.824045658111572,5.747867584228516,-2.0975635051727295,OUTBOUND,-38.202938079833984,0.0706871540666788,0.0031999999191612005
1,60,0.9375,0.9545186758041382,47.447532653808594,updated,1.4278301000595093,-1.0021222829818726,78.04224395751953,0.5666335225105286,0.5051347017288208,54.30077937498572,28.33483601678415,1388,7,138,0,4,,0,64,-7.824045658111572,5.816092014312744,-1.9444063901901245,OUTBOUND,-38.87173080444336,0.10404972674652008,0.0031999999191612005
1,54,0.84375,0.6966959238052368,47.425315856933594,updated,1.4282584190368652,-0.9775747656822205,39.56679916381836,3.8375887870788574,3.8535404205322266,54.322047926980304,28.322737511020776,1389,7,139,0,10,,4,60,-7.824046611785889,5.744794845581055,-1.9560407400131226,OUTBOUND,-38.89118194580078,0.10782851374304202,0.0031999999191612005
1,59,0.921875,0.7306588888168335,47.425872802734375,updated,1.4286872148513794,-0.9980767965316772,76.68693542480469,18.874814987182617,18.908954620361328,54.34311507700477,28.31065073686749,1390,7,140,0,5,,2,62,-7.8240461349487305,5.800002098083496,-1.7765796184539795,OUTBOUND,-39.10322570800781,0.09444588805731657,0.0031999999191612005
1,58,0.90625,0.9257996082305908,47.61910629272461,updated,1.429115653038025,-0.9788903594017029,30.850515365600586,2.0700178146362305,2.080465078353882,54.36315181897953,28.298575859084387,1391,7,141,0,6,,2,62,-7.8240461349487305,5.743865013122559,-1.7102257013320923,OUTBOUND,-39.46195983886719,0.07152111024018687,0.0031999999191612005
1,60,0.9375,0.715218186378479,47.71208190917969,updated,1.4295443296432495,-0.9925673007965088,16.92334747314453,0.9811418056488037,0.9905145168304443,54.38513592199888,28.286506510828946,1392,7,142,0,4,,1,63,-7.824045658111572,5.779865741729736,-1.7300711870193481,OUTBOUND,-39.43080139160156,0.04335701432320359,0.0031999999191612005
1,59,0.921875,0.8733704090118408,46.98611068725586,updated,1.4299728870391846,-0.9859107136726379,148.82997131347656,38.73670959472656,38.50323486328125,54.40627281498746,28.274424917592164,1393,7,143,0,5,,3,61,-7.8240461349487305,5.758904933929443,-1.7519433498382568,OUTBOUND,-38.82649230957031,0.009055444787944924,0.0031999999191612005
1,58,0.90625,0.9169601798057556,47.66646957397461,updated,1.4304012060165405,-0.9856382012367249,43.066646575927734,0.32967373728752136,0.3932383358478546,54.42830385998241,28.262365878780216,1394,7,144,0,6,,0,64,-7.8240461349487305,5.755832195281982,-1.6669789552688599,OUTBOUND,-39.47145080566406,-0.016491299697843752,0.0031999999191612005
0,58,0.90625,0.46075549721717834,47.44527816772461,updated,1.4308300018310547,-0.9963185787200928,65.31291961669922,0.43706589937210083,0.569666862487793,54.53344953598571,28.25024619014241,1395,7,145,1,6,WATCHDOG_DEADLINE,0,64,-7.8240461349487305,5.783362865447998,-1.7501957416534424,OUTBOUND,-39.15604782104492,-0.02540292521209145,0.0031999999191612005
1,57,0.890625,1.0021851062774658,47.46343994140625,updated,1.431259036064148,-1.0002797842025757,62.440799713134766,1.045396089553833,1.1630303859710693,54.5544008629804,28.238203719737093,1396,7,146,0,7,,1,63,-7.8240461349487305,5.7920918464660645,-1.710176706314087,OUTBOUND,-38.971683502197266,-0.04910055952919933,0.0031999999191612005
1,57,0.890625,1.042689561843872,47.422813415527344,updated,1.4316879510879517,-0.9850462675094604,76.97550964355469,0.570034384727478,0.7028611898422241,54.575169283983996,28.22613863066958,1397,7,147,0,7,,0,64,-7.8240461349487305,5.747270107269287,-1.6669296026229858,OUTBOUND,-38.891456604003906,-0.06983271763614937,0.0031999999191612005
1,56,0.875,1.0680286884307861,47.952247619628906,updated,1.432116985321045,-0.9980267882347107,6.225221633911133,1.8615063428878784,1.862358570098877,54.599673791002715,28.214065584750326,1398,7,148,0,8,,2,62,-7.824045658111572,5.781148433685303,-1.7654762268066406,OUTBOUND,-39.28700256347656,-0.08241097809924917,0.0031999999191612005
1,55,0.859375,0.863153874874115,47.92435073852539,updated,1.4325464963912964,-1.0031784772872925,211.872802734375,41.5879020690918,41.540645599365234,54.62230103800539,28.201976019754817,1399,7,149,0,9,,4,60,-7.8240461349487305,5.793172836303711,-1.995604395866394,OUTBOUND,-39.66031265258789,-0.09874339724971944,0.0031999999191612005
1,60,0.9375,0.48434558510780334,47.745731353759766,updated,1.4329758882522583,-0.9902969002723694,110.05790710449219,21.093128204345703,21.121856689453125,54.645474504999584,28.189865079619956,1400,7,150,0,4,,2,62,-7.824045658111572,5.7550048828125,-1.9467500448226929,OUTBOUND,-39.64784240722656,-0.09473643521417988,0.0031999999191612005
1,57,0.890625,0.6450753808021545,47.722686767578125,updated,1.4334057569503784,-1.0070202350616455,24.72823143005371,1.2001620531082153,1.1875183582305908,54.751365631993394,28.177757432505636,1401,7,151,0,7,,1,63,-7.8240461349487305,5.799197196960449,-1.5974552631378174,OUTBOUND,-39.38505935668945,-0.06858513552546715,0.0031999999191612005
1,56,0.875,0.9214472770690918,47.55933380126953,updated,1.4338353872299194,-0.9896684288978577,41.09666442871094,1.3410189151763916,1.3411024808883667,54.77156277099857,28.16568190735891,1402,7,152,0,8,,1,63,-7.824045658111572,5.748672008514404,-1.899424433708191,OUTBOUND,-39.341529846191406,-0.03932511755583867,0.0031999999191612005
1,58,0.90625,0.6600648164749146,47.54265594482422,updated,1.4342652559280396,-1.0018984079360962,49.22861862182617,1.2138644456863403,1.2110368013381958,54.793720265995944,28.153632787825195,1403,7,153,0,6,,1,63,-7.8240461349487305,5.780325412750244,-1.9393937587738037,OUTBOUND,-39.287940979003906,-0.025275752789705563,0.0031999999191612005
1,55,0.859375,1.0308054685592651,47.54785919189453,updated,1.434694528579712,-0.985676109790802,63.939205169677734,0.7043593525886536,0.7439582347869873,54.8160792439885,28.141583744329857,1404,7,154,0,9,,0,64,-7.8240461349487305,5.733034610748291,-1.5045267343521118,OUTBOUND,-39.12373352050781,-0.04019285494049344,0.0031999999191612005
0,61,0.953125,0.8969305157661438,48.06132507324219,updated,1.4351246356964111,-1.0122016668319702,76.0252456665039,21.205867767333984,21.091751098632812,54.91992558899801,28.129498280045052,1405,7,155,1,3,STALE_OR_INCOMPLETE_BUNDLE,2,62,-7.824045658111572,5.804255962371826,-1.6990368366241455,OUTBOUND,-39.732173919677734,-0.04945573093423616,0.0031999999191612005
1,56,0.875,0.555736243724823,47.82111740112305,updated,1.4355548620224,-1.0035288333892822,26.163692474365234,1.3383219242095947,1.3549600839614868,54.94162201898871,28.117440362005258,1406,7,156,0,8,,1,63,-7.824045658111572,5.777921199798584,-1.6371729373931885,OUTBOUND,-39.43547439575195,-0.02707076656593839,0.0031999999191612005
1,57,0.890625,0.9879037737846375,47.88742446899414,updated,1.4359856843948364,-1.0166735649108887,25.119836807250977,3.3444182872772217,3.2921552658081055,54.965564979997,28.105398934327887,1407,7,157,0,7,,4,60,-7.8240461349487305,5.811975479125977,-1.7089265584945679,OUTBOUND,-39.4644889831543,-0.016013705184277485,0.0031999999191612005
1,59,0.921875,0.8356107473373413,47.733306884765625,updated,1.436416506767273,-0.998528778553009,37.855499267578125,20.078855514526367,19.968158721923828,54.9860370119859,28.093328884447708,1408,7,158,0,5,,1,63,-7.8240461349487305,5.759498119354248,-1.730465054512024,OUTBOUND,-39.35395431518555,-0.04443360544964575,0.0031999999191612005
1,60,0.9375,1.0090523958206177,47.986412048339844,updated,1.4368470907211304,-0.9978153109550476,25.29807472229004,0.9755648374557495,0.9935191869735718,55.00705211199238,28.081267243115544,1409,7,159,0,4,,1,63,-7.824045658111572,5.755242824554443,-1.483879566192627,OUTBOUND,-39.692684173583984,-0.058866309751700596,0.0031999999191612005
1,61,0.953125,0.8131428360939026,47.906803131103516,updated,1.4372782707214355,-1.0139224529266357,50.13764572143555,20.9713077545166,20.851348876953125,55.02912716197898,28.069198981582538,1410,7,160,0,3,,2,62,-7.824045658111572,5.7974042892456055,-1.9661182165145874,OUTBOUND,-39.54423522949219,-0.05599230339447103,0.0031999999191612005
1,56,0.875,0.6184683442115784,48.28659439086914,updated,1.4377100467681885,-1.0190366506576538,64.81021881103516,0.4170677363872528,0.44601330161094666,55.050681569002336,28.057111774294903,1411,7,161,0,8,,0,64,-7.824045658111572,5.8091888427734375,-1.8194544315338135,OUTBOUND,-39.9332275390625,-0.05012579137518854,0.0031999999191612005
1,57,0.890625,0.6518303751945496,48.097267150878906,updated,1.43814218044281,-1.0147881507873535,19.169729232788086,20.488021850585938,20.413286209106445,55.16265121099423,28.045021188733962,1412,7,162,0,7,,1,63,-7.8240461349487305,5.795161724090576,-1.7374714612960815,OUTBOUND,-39.68001174926758,-0.028577676289443955,0.0031999999191612005
1,59,0.921875,1.0957354307174683,47.99620819091797,updated,1.438575029373169,-1.0262035131454468,4.554150104522705,20.519941329956055,20.491390228271484,55.18233399197925,28.032950652855146,1413,7,163,0,5,,1,63,-7.8240461349487305,5.824267387390137,-1.9245370626449585,OUTBOUND,-39.516136169433594,-0.019300459126064803,0.0031999999191612005
1,58,0.90625,1.379172921180725,47.69029235839844,updated,1.4390076398849487,-1.0037645101547241,16.540327072143555,20.668611526489258,20.62984848022461,55.204868167988025,28.020865642039276,1414,7,164,0,6,,1,63,-7.8240461349487305,5.760225296020508,-2.1299188137054443,OUTBOUND,-39.41082763671875,-0.03582626917459833,0.0031999999191612005
1,54,0.84375,0.7422624230384827,47.65105438232422,updated,1.4394397735595703,-0.9975112080574036,23.47226905822754,20.360605239868164,20.294282913208008,55.22701533799409,28.008787718540525,1415,7,165,0,10,,1,63,-7.824046611785889,5.740763187408447,-1.8738038539886475,OUTBOUND,-39.4310188293457,-0.06486079242444569,0.0031999999191612005
1,61,0.953125,0.7529957890510559,47.95613098144531,updated,1.439871907234192,-1.0077601671218872,71.26720428466797,2.2824697494506836,2.2610883712768555,55.24855430898606,27.996697490110403,1416,7,166,0,3,,2,62,-7.824045658111572,5.766641139984131,-1.969765067100525,OUTBOUND,-39.53895568847656,-0.06901346132578469,0.0031999999191612005
1,59,0.921875,0.43100041151046753,48.04555130004883,updated,1.4403047561645508,-1.027207374572754,61.77959060668945,1.2993630170822144,1.3061351776123047,55.35262809597771,27.98460616574415,1417,7,167,0,5,,1,63,-7.8240461349487305,5.817708492279053,-1.7693760395050049,OUTBOUND,-39.52627944946289,-0.05034800188000681,0.0031999999191612005
1,56,0.875,0.8588566780090332,48.180030822753906,updated,1.440738320350647,-1.0297789573669434,135.32150268554688,41.62971496582031,41.53664016723633,55.374487722001504,27.97252660100477,1418,7,168,0,8,,3,61,-7.824045658111572,5.8224358558654785,-2.1525704860687256,OUTBOUND,-39.65657424926758,-0.01881897374367628,0.0031999999191612005
1,58,0.90625,0.6801292896270752,48.45063400268555,updated,1.4411720037460327,-1.0161389112472534,12.570249557495117,1.356692910194397,1.3734608888626099,55.395845210005064,27.960456441052642,1419,7,169,0,6,,1,63,-7.8240461349487305,5.782754898071289,-1.786413550376892,OUTBOUND,-40.1080322265625,0.017565201464779353,0.0031999999191612005
1,58,0.90625,0.819689929485321,48.45827865600586,updated,1.441606044769287,-1.0228997468948364,40.917911529541016,1.1369633674621582,1.1474164724349976,55.41765368299093,27.948389002738704,1420,7,170,0,6,,1,63,-7.8240461349487305,5.798962593078613,-1.8773343563079834,OUTBOUND,-39.883522033691406,0.040594910735015734,0.0031999999191612005
1,54,0.84375,0.8549018502235413,48.68436050415039,updated,1.4420404434204102,-1.0240761041641235,36.200408935546875,0.2642320394515991,0.29446491599082947,55.44202746800147,27.93631465465243,1421,7,171,0,10,,0,64,-7.824046611785889,5.799874782562256,-1.7364988327026367,OUTBOUND,-40.106441497802734,0.03492308960807971,0.0031999999191612005
1,58,0.90625,0.9449790716171265,48.26054382324219,updated,1.4424740076065063,-1.001150369644165,76.30642700195312,21.04357147216797,20.93906021118164,55.54696956698899,27.92426717852246,1422,7,172,0,6,,1,63,-7.8240461349487305,5.734942436218262,-1.5625076293945312,OUTBOUND,-40.05625915527344,0.02067669102394601,0.0031999999191612005
1,60,0.9375,0.7936553955078125,48.947509765625,updated,1.442907452583313,-1.009878396987915,18.34992218017578,0.36004313826560974,0.3960542678833008,55.569728763977764,27.912223513254713,1423,7,173,0,4,,0,64,-7.824045658111572,5.756520748138428,-1.7310675382614136,OUTBOUND,-40.43739318847656,0.029896164685364608,0.0031999999191612005
1,55,0.859375,1.16294264793396,48.79503631591797,updated,1.443340539932251,-1.0086548328399658,132.3666534423828,22.227157592773438,21.99102020263672,55.58950686498429,27.900162139590122,1424,7,174,0,9,,4,60,-7.8240461349487305,5.750925540924072,-1.625962495803833,OUTBOUND,-40.48960876464844,0.03050627024304492,0.0031999999191612005
1,60,0.9375,1.0430881977081299,48.6967887878418,updated,1.4437733888626099,-1.0113013982772827,11.521416664123535,1.3667579889297485,1.3758994340896606,55.61134268800379,27.888115699848285,1425,7,175,0,4,,1,63,-7.824045658111572,5.755887985229492,-1.8664387464523315,OUTBOUND,-40.45665740966797,0.040642138923916486,0.0031999999191612005
1,57,0.890625,0.6461858749389648,48.612709045410156,updated,1.4442063570022583,-1.0160491466522217,35.50340270996094,0.8149968385696411,0.8616573810577393,55.631792709988076,27.87604630613085,1426,7,176,0,7,,0,64,-7.8240461349487305,5.766565799713135,-1.822569727897644,OUTBOUND,-40.364131927490234,0.0458637575667022,0.0031999999191612005
1,58,0.90625,0.7532416582107544,49.22550964355469,updated,1.4446399211883545,-1.0353775024414062,4.775486946105957,1.678647518157959,1.656116008758545,55.653037647978636,27.864007262014148,1427,7,177,0,6,,2,62,-7.8240461349487305,5.81689453125,-1.9750726222991943,OUTBOUND,-40.71015548706055,0.04423492505810784,0.0031999999191612005
1,58,0.90625,0.47810670733451843,48.89347457885742,updated,1.4450743198394775,-1.036109209060669,72.0476303100586,0.5995107293128967,0.6312575340270996,55.7586959360051,27.851945744297424,1428,7,178,0,6,,0,64,-7.8240461349487305,5.816584587097168,-1.6346834897994995,OUTBOUND,-40.415374755859375,0.048118416683113764,0.0031999999191612005
1,56,0.875,0.6172532439231873,48.51169967651367,updated,1.445508360862732,-1.0131404399871826,29.61170768737793,21.013286590576172,20.94049072265625,55.78073938499438,27.839905035955752,1429,7,179,0,8,,1,63,-7.824045658111572,5.751896381378174,-1.768786072731018,OUTBOUND,-40.233985900878906,0.034662988003716734,0.0031999999191612005
1,59,0.921875,1.1544959545135498,49.11970520019531,updated,1.4459426403045654,-1.025932788848877,22.658588409423828,1.7712092399597168,1.747234582901001,55.80159008697956,27.827866740545634,1430,7,180,0,5,,2,62,-7.8240461349487305,5.784372329711914,-2.305006742477417,OUTBOUND,-40.502052307128906,0.033440801634908174,0.0031999999191612005
1,56,0.875,0.5475646257400513,48.301414489746094,updated,1.4463768005371094,-1.020237684249878,95.24712371826172,39.922691345214844,39.71693420410156,55.82239068200579,27.81580744859866,1431,7,181,0,8,,2,62,-7.824045658111572,5.766660213470459,-1.9305421113967896,OUTBOUND,-40.07555389404297,0.0464186590184407,0.0031999999191612005
1,59,0.921875,0.49160483479499817,48.44472122192383,updated,1.4468107223510742,-1.0146030187606812,97.60184478759766,0.6876648664474487,0.7055726051330566,55.84479160400224,27.8037486859579,1432,7,182,0,5,,0,64,-7.8240461349487305,5.749142169952393,-1.8228464126586914,OUTBOUND,-40.06196594238281,0.040825044256278545,0.0031999999191612005
1,52,0.8125,0.9310721755027771,48.78366470336914,updated,1.4472447633743286,-1.0256062746047974,73.98808288574219,1.3390356302261353,1.3601534366607666,55.868546104000416,27.791707881293124,1433,7,183,0,12,,1,63,-7.8240461349487305,5.776699542999268,-1.9481499195098877,OUTBOUND,-40.13032913208008,0.03357002027782661,0.0031999999191612005
1,57,0.890625,0.9800054430961609,49.196502685546875,updated,1.4476786851882935,-1.0207408666610718,152.27391052246094,42.07227325439453,41.83927536010742,55.97651921198121,27.779645363319084,1434,7,184,0,7,,3,61,-7.8240461349487305,5.761284351348877,-1.533632516860962,OUTBOUND,-40.74995803833008,0.059842648425175636,0.0031999999191612005
1,56,0.875,1.0312772989273071,48.25505447387695,updated,1.4481127262115479,-1.0276334285736084,30.658782958984375,22.027584075927734,21.971080780029297,55.99809019398526,27.767561050256752,1435,7,185,0,8,,2,62,-7.824045658111572,5.7776780128479,-2.106017827987671,OUTBOUND,-40.065547943115234,0.07312895962962021,0.0031999999191612005
1,59,0.921875,0.6525672674179077,48.73611831665039,updated,1.44854736328125,-1.0347803831100464,57.66306686401367,1.256362795829773,1.2937625646591187,56.01968080498045,27.75547088360807,1436,7,186,0,5,,1,63,-7.8240461349487305,5.794731140136719,-1.8383550643920898,OUTBOUND,-40.417274475097656,0.08332039530767253,0.0031999999191612005
1,56,0.875,1.2401001453399658,49.377357482910156,updated,1.4489808082580566,-0.9998904466629028,80.04651641845703,0.5397109985351562,0.5960819125175476,56.04246492998209,27.74335615726702,1437,7,187,0,8,,0,64,-7.824045658111572,5.698314666748047,-1.8178128004074097,OUTBOUND,-40.74540328979492,0.09802531638442748,0.0031999999191612005
1,57,0.890625,0.9358580112457275,49.38229751586914,updated,1.4494152069091797,-1.0449403524398804,79.25357055664062,20.86991310119629,20.666072845458984,56.146847541996976,27.731256753354696,1438,7,188,0,7,,2,62,-7.8240461349487305,5.817611217498779,-1.9323924779891968,OUTBOUND,-40.93504333496094,0.08059800196174596,0.0031999999191612005
1,58,0.90625,0.985982358455658,49.3291130065918,updated,1.4498494863510132,-1.0265475511550903,51.15351867675781,0.502325177192688,0.5431123375892639,56.16716440100572,27.71919739898262,1439,7,189,0,6,,0,64,-7.8240461349487305,5.765780448913574,-1.6199871301651,OUTBOUND,-40.966304779052734,0.07004436645430512,0.0031999999191612005
1,58,0.90625,0.9040988683700562,49.45405197143555,updated,1.4502843618392944,-1.0363497734069824,51.79872131347656,0.46961456537246704,0.5122708082199097,56.18917144299485,27.70713526439202,1440,7,190,0,6,,0,64,-7.8240461349487305,5.789937973022461,-1.9384547472000122,OUTBOUND,-40.91100311279297,0.07213259160018023,0.0031999999191612005
1,58,0.90625,0.9743139743804932,49.057464599609375,updated,1.4507197141647339,-1.0445624589920044,34.99827194213867,21.33222770690918,21.251815795898438,56.21062951799831,27.695071141006434,1441,7,191,0,6,,1,63,-7.8240461349487305,5.809779644012451,-1.7763965129852295,OUTBOUND,-40.59086608886719,0.08004942156576353,0.0031999999191612005
1,52,0.8125,1.5170249938964844,49.22742462158203,updated,1.451155662536621,-1.041504979133606,17.453388214111328,1.2523903846740723,1.2885024547576904,56.23141184297856,27.682998033466397,1442,7,192,0,12,,1,63,-7.8240461349487305,5.799294471740723,-1.8128197193145752,OUTBOUND,-40.71293640136719,0.0949924779727973,0.0031999999191612005
1,58,0.90625,0.7781670093536377,49.6006965637207,updated,1.4515917301177979,-1.0366361141204834,105.3998031616211,21.76957893371582,21.73495864868164,56.25238125998294,27.670904812519197,1443,7,193,0,6,,1,63,-7.8240461349487305,5.783960342407227,-1.9921201467514038,OUTBOUND,-41.29314041137695,0.09242900685647813,0.0031999999191612005
1,61,0.953125,0.6232793927192688,49.660213470458984,updated,1.452027440071106,-1.02113676071167,8.829776763916016,1.2062816619873047,1.20547616481781,56.27367229398806,27.658838240682382,1444,7,194,0,3,,1,63,-7.824045658111572,5.740123748779297,-1.7177482843399048,OUTBOUND,-41.29766082763672,0.09906565188610457,0.0031999999191612005
0,58,0.90625,0.6683205962181091,49.37255096435547,updated,1.4524635076522827,-1.0442992448806763,142.25946044921875,42.44206237792969,42.263710021972656,56.38019560498651,27.64668799901377,1445,7,195,1,6,WATCHDOG_DEADLINE,2,62,-7.8240461349487305,5.800024509429932,-1.9130017757415771,OUTBOUND,-41.08403015136719,0.0934574921166937,0.0031999999191612005
1,59,0.921875,1.1784292459487915,49.39025115966797,updated,1.4528993368148804,-1.0288012027740479,30.657257080078125,1.9817743301391602,1.9909496307373047,56.402402546984376,27.634587386797627,1446,7,196,0,5,,2,62,-7.8240461349487305,5.756250858306885,-1.8378101587295532,OUTBOUND,-41.01248550415039,0.0885934402867104,0.0031999999191612005
1,58,0.90625,0.9917812347412109,49.27194595336914,updated,1.4533352851867676,-1.0361504554748535,106.13047790527344,0.7445248961448669,0.8364773988723755,56.42407163098687,27.62245908574172,1447,7,197,0,6,,0,64,-7.8240461349487305,5.77371072769165,-1.8287572860717773,OUTBOUND,-40.8956298828125,0.08121209712434461,0.0031999999191612005
1,54,0.84375,1.0249236822128296,49.65835189819336,updated,1.4537711143493652,-1.0300885438919067,52.778602600097656,1.8828909397125244,1.873564600944519,56.445570324984146,27.610369097249396,1448,7,198,0,10,,2,62,-7.824046611785889,5.755270481109619,-1.725214958190918,OUTBOUND,-41.04497528076172,0.048739907151543894,0.0031999999191612005
1,57,0.890625,1.0149379968643188,49.8056755065918,updated,1.454207181930542,-1.0441874265670776,38.270408630371094,21.434232711791992,21.30194091796875,56.46829216898186,27.598288650885586,1449,7,199,0,7,,1,63,-7.8240461349487305,5.790743827819824,-1.6700618267059326,OUTBOUND,-41.382118225097656,0.04130811279452245,0.0031999999191612005
1,60,0.9375,1.0643587112426758,49.67300033569336,updated,1.4546432495117188,-1.0329707860946655,64.0534439086914,1.4914531707763672,1.4970307350158691,56.49027534600464,27.586207368790188,1450,7,200,0,4,,1,63,-7.824045658111572,5.758553981781006,-1.4058947563171387,OUTBOUND,-41.106327056884766,0.027133196548782015,0.0031999999191612005
1,57,0.890625,1.022117257118225,49.85780334472656,updated,1.4550793170928955,-1.0388603210449219,62.944034576416016,1.1538512706756592,1.1248337030410767,56.59658541198587,27.57412435901286,1451,7,201,0,7,,1,63,-7.8240461349487305,5.772063255310059,-1.8527438640594482,OUTBOUND,-41.14284896850586,-0.0014034623538287817,0.0031999999191612005
1,59,0.921875,1.2378956079483032,50.1286735534668,updated,1.4555152654647827,-1.0342626571655273,14.731085777282715,0.9640519618988037,0.9657959342002869,56.61767480400158,27.56205775290967,1452,7,202,0,5,,1,63,-7.8240461349487305,5.757589340209961,-1.7303919792175293,OUTBOUND,-41.51422882080078,-0.005852104040521147,0.0031999999191612005
1,58,0.90625,0.6901016235351562,49.95490264892578,updated,1.4559518098831177,-1.0491454601287842,43.50593185424805,3.235619306564331,3.302372932434082,56.63870106800459,27.549978343645865,1453,7,203,0,6,,3,61,-7.8240461349487305,5.795037746429443,-1.7323037385940552,OUTBOUND,-41.289695739746094,-0.010285051905593754,0.0031999999191612005
1,61,0.953125,0.7498719692230225,50.094085693359375,updated,1.4563878774642944,-1.0315680503845215,223.7031707763672,44.287574768066406,44.221656799316406,56.66127091299859,27.53788453202705,1454,7,204,0,3,,3,61,-7.824045658111572,5.746016025543213,-1.7807304859161377,OUTBOUND,-41.69550323486328,-0.01218850981302585,0.0031999999191612005
0,54,0.84375,0.6973104476928711,50.11083984375,updated,1.4568243026733398,-1.0437744855880737,23.403818130493164,1.2429029941558838,1.267995834350586,56.76609283298603,27.525743095945067,1455,7,205,1,10,STALE_OR_INCOMPLETE_BUNDLE,1,63,-7.824046611785889,5.776296138763428,-1.7003809213638306,OUTBOUND,-41.83986282348633,-0.012795119822304324,0.0031999999191612005
1,58,0.90625,0.7559436559677124,49.80314636230469,updated,1.4572607278823853,-1.040413737297058,43.63262939453125,0.4509061872959137,0.49845752120018005,56.78571596299298,27.513566777735875,1456,7,206,0,6,,0,64,-7.8240461349487305,5.765153408050537,-1.6788429021835327,OUTBOUND,-41.39433288574219,-0.0073602286331379135,0.0031999999191612005
1,62,0.96875,0.9053537845611572,49.83046340942383,updated,1.4576971530914307,-1.043432354927063,41.86122512817383,0.42215457558631897,0.47507035732269287,56.80710482998984,27.50142136188541,1457,7,207,0,2,,0,64,-7.824045658111572,5.770970344543457,-1.949033260345459,OUTBOUND,-41.39677429199219,0.02131575273196316,0.0031999999191612005
1,61,0.953125,0.8193212151527405,50.50670623779297,updated,1.458133578300476,-1.039886713027954,15.596141815185547,0.3319263160228729,0.35681653022766113,56.82739250798477,27.48929223864711,1458,7,208,0,3,,0,64,-7.824045658111572,5.759360313415527,-1.5823934078216553,OUTBOUND,-42.07763671875,0.04156205913245428,0.0031999999191612005
1,57,0.890625,0.8655940890312195,50.346920013427734,updated,1.4585702419281006,-1.0463024377822876,3.970693588256836,1.1383297443389893,1.1549592018127441,56.847966380999424,27.4771760753237,1459,7,209,0,7,,1,63,-7.8240461349487305,5.7741804122924805,-1.7114431858062744,OUTBOUND,-41.81784439086914,0.05979248260594935,0.0031999999191612005
1,58,0.90625,0.830720067024231,50.30744552612305,updated,1.459007740020752,-1.0616776943206787,2.831261157989502,1.163179636001587,1.1882827281951904,56.86927817299147,27.465051318844232,1460,7,210,0,6,,1,63,-7.8240461349487305,5.812713623046875,-1.9888190031051636,OUTBOUND,-41.577308654785156,0.0787265445949861,0.0031999999191612005
1,57,0.890625,0.8062929511070251,50.598350524902344,updated,1.4594451189041138,-1.0434279441833496,84.6719741821289,20.681041717529297,20.50471305847168,56.88882877398282,27.452916091760986,1461,7,211,0,7,,1,63,-7.8240461349487305,5.762170314788818,-1.6422123908996582,OUTBOUND,-42.126304626464844,0.06467063684179342,0.0031999999191612005
1,50,0.78125,0.5450553894042969,49.9809455871582,updated,1.459883213043213,-1.0627747774124146,72.5541763305664,22.330293655395508,22.23720932006836,56.99956043798011,27.440823803334105,1462,7,212,0,14,,1,63,-7.8240461349487305,5.811154842376709,-1.8068028688430786,OUTBOUND,-41.885528564453125,0.04798786709085989,0.0031999999191612005
1,55,0.859375,0.5402095317840576,50.18661117553711,updated,1.4603219032287598,-1.0622220039367676,48.05329132080078,0.46328169107437134,0.5010030269622803,57.02538549498422,27.428719069674,1463,7,213,0,9,,0,64,-7.8240461349487305,5.807464122772217,-1.8480638265609741,OUTBOUND,-41.77721405029297,0.03688762089776182,0.0031999999191612005
1,56,0.875,0.8139176368713379,50.17618179321289,updated,1.4607597589492798,-1.0312764644622803,20.57509422302246,21.631315231323242,21.507734298706055,57.046036882995395,27.416650157832258,1464,7,214,0,8,,1,63,-7.824045658111572,5.723511695861816,-1.8293348550796509,OUTBOUND,-41.91416549682617,0.012148594305148652,0.0031999999191612005
1,59,0.921875,0.8757732510566711,50.120689392089844,updated,1.461198329925537,-1.062742829322815,54.288143157958984,23.397920608520508,23.260848999023438,57.068069020984694,27.404569744934854,1465,7,215,0,5,,3,61,-7.8240461349487305,5.804391860961914,-1.9339021444320679,OUTBOUND,-41.74211883544922,-0.005434024096046504,0.0031999999191612005
1,55,0.859375,1.2123258113861084,49.90641784667969,updated,1.4616371393203735,-1.0572067499160767,61.06061935424805,20.821517944335938,20.667200088500977,57.088706573995296,27.392514672720253,1466,7,216,0,9,,1,63,-7.8240461349487305,5.78757381439209,-2.1506776809692383,OUTBOUND,-41.37662887573242,-0.015973243256031312,0.0031999999191612005
0,57,0.890625,0.5174846649169922,49.959022521972656,updated,1.4620758295059204,-1.0480979681015015,133.0087127685547,1.6982276439666748,1.7146742343902588,57.21402708100504,27.38041198668968,1467,7,217,1,7,STALE_OR_INCOMPLETE_BUNDLE,1,63,-7.8240461349487305,5.761370658874512,-1.6850101947784424,OUTBOUND,-41.435157775878906,-0.03381959369360026,0.0031999999191612005
1,62,0.96875,1.8844990730285645,50.47517776489258,updated,1.4625149965286255,-1.0638196468353271,137.5059814453125,0.9595109820365906,0.983196496963501,57.23469407399534,27.368301883384408,1468,7,218,0,2,,0,64,-7.824045658111572,5.8005781173706055,-2.3074326515197754,OUTBOUND,-41.64408874511719,-0.0431102944359719,0.0031999999191612005
1,54,0.84375,0.9632902145385742,50.01061248779297,updated,1.4629546403884888,-1.0655328035354614,125.01600646972656,0.9630559682846069,0.9794429540634155,57.25596279097954,27.356179058772984,1469,7,219,0,10,,0,64,-7.824046611785889,5.802871227264404,-1.822588324546814,OUTBOUND,-41.21781921386719,-0.01403311204694986,0.0031999999191612005
1,60,0.9375,0.9723487496376038,50.59248733520508,updated,1.4633939266204834,-1.0435271263122559,70.02838134765625,1.4920992851257324,1.4749103784561157,57.277414668002166,27.344067506715824,1470,7,220,0,4,,1,63,-7.824045658111572,5.742817401885986,-1.7941118478775024,OUTBOUND,-41.70128631591797,0.019871180895125743,0.0031999999191612005
1,60,0.9375,0.25036028027534485,51.34251022338867,updated,1.4638334512710571,-1.062508225440979,9.289746284484863,0.3695419430732727,0.39384543895721436,57.2994768479839,27.33195454693414,1471,7,221,0,4,,0,64,-7.824045658111572,5.790505886077881,-1.801187515258789,OUTBOUND,-42.44394302368164,0.044764464386131915,0.0031999999191612005
1,58,0.90625,0.8436909914016724,51.50161361694336,updated,1.4642730951309204,-1.0579397678375244,105.71733093261719,2.402210235595703,2.4777262210845947,57.40434451098554,27.319858405636992,1472,7,222,0,6,,2,62,-7.8240461349487305,5.776317119598389,-1.8306033611297607,OUTBOUND,-42.85919189453125,0.06975074058545486,0.0031999999191612005
1,58,0.90625,0.40457916259765625,51.26587677001953,updated,1.4647139310836792,-1.0874961614608765,174.28912353515625,23.455455780029297,23.457305908203125,57.4251083190029,27.307739387227763,1473,7,223,0,6,,1,63,-7.8240461349487305,5.851634502410889,-1.6615883111953735,OUTBOUND,-42.755252838134766,0.06718900877814706,0.0031999999191612005
1,58,0.90625,1.2168493270874023,51.089698791503906,updated,1.4651546478271484,-1.0552300214767456,293.3678894042969,47.093482971191406,46.89399337768555,57.44689969997853,27.295625325171276,1474,7,224,0,6,,3,61,-7.8240461349487305,5.764842510223389,-1.4180006980895996,OUTBOUND,-42.65714645385742,0.06453203117637857,0.0031999999191612005
0,54,0.84375,0.824832558631897,51.03710174560547,updated,1.4655948877334595,-1.0483055114746094,168.8450469970703,24.010406494140625,23.80433464050293,57.46425035799621,27.283454265245947,1475,7,225,1,10,NO_GENERATOR_SET,2,62,-7.824046611785889,5.744536876678467,-1.6952768564224243,OUTBOUND,-42.641746520996094,0.05195382274847191,0.0031999999191612005
0,60,0.9375,0.9320988059043884,50.6962776184082,updated,1.466035008430481,-1.0572774410247803,11.468987464904785,0.9972977042198181,0.9944803714752197,57.48311875198851,27.271306479401616,1476,7,226,1,4,NO_GENERATOR_SET,1,63,-7.824045658111572,5.765851020812988,-1.719220757484436,OUTBOUND,-42.389156341552734,0.005225098777831513,0.0031999999191612005
1,59,0.921875,1.6570945978164673,50.56454849243164,updated,1.4664753675460815,-1.0659115314483643,64.73892974853516,0.5516673922538757,0.7001962661743164,57.50337229500292,27.259146196870187,1477,7,227,0,5,,0,64,-7.8240461349487305,5.786248683929443,-2.2424235343933105,OUTBOUND,-42.247005462646484,-0.005864006955217959,0.0031999999191612005
1,59,0.921875,0.9718221426010132,50.44491195678711,updated,1.4669158458709717,-1.063152551651001,128.70309448242188,44.02866744995117,43.57875442504883,57.524178096005926,27.247036771708498,1478,7,228,0,5,,3,61,-7.8240461349487305,5.776857376098633,-1.7176851034164429,OUTBOUND,-42.15801239013672,-0.009938639220253502,0.0031999999191612005
0,60,0.9375,0.9692718982696533,50.113121032714844,updated,1.4673563241958618,-1.06147038936615,114.76931762695312,1.6563293933868408,1.8078893423080444,57.631349283998134,27.234873460325204,1479,7,229,1,4,STALE_OR_INCOMPLETE_BUNDLE,1,63,-7.824045658111572,5.770289421081543,-1.7379122972488403,OUTBOUND,-41.73100280761719,-0.03816743825795642,0.0031999999191612005
1,58,0.90625,0.6748025417327881,50.874610900878906,updated,1.4677976369857788,-1.0837477445602417,112.62429809570312,1.3543634414672852,1.3893678188323975,57.651563458988676,27.222699862023227,1480,7,230,0,6,,1,63,-7.8240461349487305,5.826217174530029,-1.9521368741989136,OUTBOUND,-42.176963806152344,-0.05626134742860566,0.0031999999191612005
1,58,0.90625,0.8678986430168152,50.81694793701172,updated,1.4682385921478271,-1.0543156862258911,131.44601440429688,0.8834332823753357,0.8309875726699829,57.67269815100008,27.210518383896794,1481,7,231,0,6,,0,64,-7.8240461349487305,5.747308731079102,-1.5724292993545532,OUTBOUND,-42.21955108642578,-0.07178235578708117,0.0031999999191612005
1,60,0.9375,0.8936339020729065,51.007423400878906,updated,1.468679428100586,-1.061276912689209,113.6480712890625,0.8314260244369507,0.7080145478248596,57.69499971298501,27.198327697844476,1482,7,232,0,4,,0,64,-7.824045658111572,5.763285160064697,-1.7783167362213135,OUTBOUND,-42.22246551513672,-0.0840787544199164,0.0031999999191612005
1,58,0.90625,0.48939248919487,51.403358459472656,updated,1.4691203832626343,-1.068634033203125,13.998396873474121,2.716510772705078,2.6751585006713867,57.71460653099348,27.18612102231389,1483,7,233,0,6,,3,61,-7.8240461349487305,5.780268669128418,-1.700758457183838,OUTBOUND,-42.41216278076172,-0.09872769212748149,0.0031999999191612005
1,54,0.84375,0.9619097113609314,51.39530563354492,updated,1.469560980796814,-1.0569627285003662,23.413433074951172,1.322022795677185,1.3700029850006104,57.73763949298882,27.173882390845122,1484,7,234,0,10,,1,63,-7.824046611785889,5.747756481170654,-1.521872878074646,OUTBOUND,-42.82112503051758,-0.08890983708760906,0.0031999999191612005
1,60,0.9375,0.34688305854797363,51.32706832885742,updated,1.470002293586731,-1.08158278465271,229.88153076171875,44.222564697265625,44.294376373291016,57.84122945199488,27.161660637790398,1485,7,235,0,4,,3,61,-7.824045658111572,5.8095703125,-1.8541306257247925,OUTBOUND,-42.78143310546875,-0.0514656381230773,0.0031999999191612005
1,58,0.90625,0.8305387496948242,51.1872673034668,updated,1.4704430103302002,-1.0534037351608276,6.237430572509766,0.46623003482818604,0.5110425353050232,57.863906333979685,27.14944189686192,1486,7,236,0,6,,0,64,-7.8240461349487305,5.734239101409912,-1.9537804126739502,OUTBOUND,-42.79988098144531,-0.025451576723447392,0.0031999999191612005
1,55,0.859375,0.7881640791893005,51.37451171875,updated,1.4708834886550903,-1.061298131942749,57.484004974365234,2.1895487308502197,2.1818528175354004,57.884020864992635,27.137261940240013,1487,7,237,0,9,,2,62,-7.8240461349487305,5.752588272094727,-1.6195249557495117,OUTBOUND,-42.92496871948242,-0.001495485603087549,0.0031999999191612005
1,54,0.84375,0.7458657026290894,51.038822174072266,updated,1.4713243246078491,-1.0731126070022583,38.53752899169922,2.3548688888549805,2.3490519523620605,57.90432478100411,27.12511129700809,1488,7,238,0,10,,2,62,-7.824046611785889,5.781069755554199,-1.8588151931762695,OUTBOUND,-42.73134994506836,-0.0006535786440899836,0.0031999999191612005
0,54,0.84375,1.142169713973999,51.405609130859375,updated,1.471765398979187,-1.0745590925216675,16.569866180419922,2.0996034145355225,2.041919469833374,58.016396900988184,27.112925070585476,1489,7,239,1,10,STALE_OR_INCOMPLETE_BUNDLE,2,62,-7.824046611785889,5.782657146453857,-1.872416615486145,OUTBOUND,-42.77690887451172,-0.01712985937289177,0.0031999999191612005
1,54,0.84375,1.3992303609848022,51.204959869384766,updated,1.4722063541412354,-1.0655591487884521,13.430440902709961,2.1652328968048096,2.163538932800293,58.0374566349783,27.100735092698248,1490,7,240,0,10,,2,62,-7.824046611785889,5.757210731506348,-1.906523585319519,OUTBOUND,-42.711307525634766,-0.004753286758514437,0.0031999999191612005
1,56,0.875,0.5707777142524719,51.3043212890625,updated,1.4726474285125732,-1.0717660188674927,27.532947540283203,1.152414321899414,1.196879506111145,58.05725665797945,27.088590556350972,1491,7,241,0,8,,1,63,-7.824045658111572,5.77112340927124,-1.675792932510376,OUTBOUND,-42.821266174316406,5.297676535948804e-06,0.0031999999191612005
1,54,0.84375,1.069226622581482,51.37053298950195,updated,1.4730887413024902,-1.0750823020935059,9.20607852935791,3.0907034873962402,3.0702123641967773,58.07894064299762,27.076427513089943,1492,7,242,0,10,,3,61,-7.824046611785889,5.777547359466553,-1.8165384531021118,OUTBOUND,-42.80619430541992,0.00395838303024796,0.0031999999191612005
1,59,0.921875,1.0013855695724487,51.31741714477539,updated,1.4735301733016968,-1.0768311023712158,79.58353424072266,0.7965251803398132,0.845217764377594,58.100638456991874,27.064281593085074,1493,7,243,0,5,,0,64,-7.8240461349487305,5.779913902282715,-1.7689412832260132,OUTBOUND,-42.60575866699219,0.034109914730325874,0.0031999999191612005
1,59,0.921875,0.6278299689292908,51.745731353759766,updated,1.4739718437194824,-1.0732518434524536,65.10279083251953,0.4586775302886963,0.4431230425834656,58.11975655797869,27.052114922893246,1494,7,244,0,5,,0,64,-7.8240461349487305,5.768531322479248,-1.8022607564926147,OUTBOUND,-42.985443115234375,0.05480483404503301,0.0031999999191612005
1,53,0.828125,0.7348043322563171,51.80443572998047,updated,1.474413514137268,-1.0745642185211182,26.394296646118164,1.25430166721344,1.241937518119812,58.140964410005836,27.03995350758435,1495,7,245,0,11,,1,63,-7.8240461349487305,5.769775390625,-1.8830894231796265,OUTBOUND,-42.9656867980957,0.04294847783811408,0.0031999999191612005
1,54,0.84375,0.9673172235488892,52.04573440551758,updated,1.4748554229736328,-1.0795705318450928,23.942378997802734,0.37893953919410706,0.3741486072540283,58.25526566299959,27.027796179222953,1496,7,246,0,10,,0,64,-7.824046611785889,5.7805328369140625,-1.9004790782928467,OUTBOUND,-43.363346099853516,0.03572798172246048,0.0031999999191612005
1,60,0.9375,1.1396867036819458,51.877262115478516,updated,1.4752976894378662,-1.0814132690429688,14.816849708557129,1.1345317363739014,1.1538262367248535,58.27788258498185,27.0156406564565,1497,7,247,0,4,,1,63,-7.824045658111572,5.783130168914795,-1.3671112060546875,OUTBOUND,-43.119590759277344,0.027085450478616706,0.0031999999191612005
1,59,0.921875,1.3166964054107666,52.08519744873047,updated,1.4757403135299683,-1.0868477821350098,44.251861572265625,1.2673646211624146,1.318605899810791,58.29911171700223,27.003532413363008,1498,7,248,0,5,,1,63,-7.8240461349487305,5.794960975646973,-1.6820067167282104,OUTBOUND,-43.480384826660156,0.0021581573882957007,0.0031999999191612005
1,55,0.859375,1.2114572525024414,52.14011001586914,updated,1.4761840105056763,-1.0997307300567627,36.25809097290039,1.2906678915023804,1.3070030212402344,58.31899599099415,26.991408548496615,1499,7,249,0,9,,1,63,-7.8240461349487305,5.8259100914001465,-1.855011224746704,OUTBOUND,-43.37693405151367,0.015494894555414375,0.0031999999191612005
1,56,0.875,0.37332096695899963,52.43899917602539,updated,1.4766273498535156,-1.074988603591919,106.2356185913086,2.2334892749786377,2.111762523651123,58.34169438297977,26.97926306408134,1500,7,250,0,8,,2,62,-7.824045658111572,5.760200023651123,-1.8210623264312744,OUTBOUND,-43.8800048828125,0.016350771910703974,0.0031999999191612005
0,58,0.90625,1.3119595050811768,52.208168029785156,updated,1.4770704507827759,-1.0710170269012451,71.6736068725586,2.4560325145721436,2.3135645389556885,58.45089607799309,26.96709376330916,1501,7,251,1,6,STALE_OR_INCOMPLETE_BUNDLE,2,62,-7.8240461349487305,5.7478837966918945,-2.1079230308532715,OUTBOUND,-43.74542999267578,-0.015875791272951165,0.0031999999191612005
1,59,0.921875,0.990556001663208,52.07938766479492,updated,1.4775137901306152,-1.0883138179779053,15.097452163696289,1.172572135925293,1.1718738079071045,58.471687168988865,26.954936390352014,1502,7,252,0,5,,1,63,-7.8240461349487305,5.790114402770996,-2.2131664752960205,OUTBOUND,-43.69158935546875,-0.04186436287577888,0.0031999999191612005
1,55,0.859375,1.0545943975448608,51.92466735839844,updated,1.4779560565948486,-1.0534484386444092,61.2852783203125,0.3193489909172058,0.4128524661064148,58.49231232100283,26.94277049053329,1503,7,253,0,9,,0,64,-7.8240461349487305,5.698653221130371,-1.6216158866882324,OUTBOUND,-43.59902572631836,-0.05899980203849681,0.0031999999191612005
1,57,0.890625,0.816606342792511,51.572349548339844,updated,1.4783982038497925,-1.0737419128417969,94.90430450439453,0.7258284091949463,0.8379577398300171,58.512780197983375,26.93059029109871,1504,7,254,0,7,,0,64,-7.8240461349487305,5.748531818389893,-2.02245831489563,OUTBOUND,-43.07722091674805,-0.0513816064661596,0.0031999999191612005
1,56,0.875,1.2970776557922363,52.12546920776367,updated,1.4788405895233154,-1.0866966247558594,56.63658142089844,1.1217368841171265,1.1269409656524658,58.53419139000471,26.91845261536509,1505,7,255,0,8,,1,63,-7.824045658111572,5.779566287994385,-1.6504186391830444,OUTBOUND,-43.35317611694336,-0.022961909824900244,0.0031999999191612005
1,60,0.9375,0.8870617151260376,51.62198257446289,updated,1.4792827367782593,-1.0748838186264038,21.20816993713379,24.095064163208008,24.04002571105957,58.64170010399539,26.906329851139983,1506,7,256,0,4,,1,63,-7.824045658111572,5.747247695922852,-2.01859974861145,OUTBOUND,-43.122196197509766,-0.017296776038969487,0.0031999999191612005
1,56,0.875,0.9534520506858826,51.74808883666992,updated,1.4797247648239136,-1.075683832168579,85.94889068603516,0.6721293926239014,0.6126788854598999,58.663179733994184,26.89419014065327,1507,7,257,0,8,,0,64,-7.824045658111572,5.747193336486816,-1.4863016605377197,OUTBOUND,-43.06578063964844,-0.033849646208065846,0.0031999999191612005
1,60,0.9375,0.7127096056938171,52.1754035949707,updated,1.4801665544509888,-1.071267008781433,70.36875915527344,24.132869720458984,24.195894241333008,58.68424145199242,26.882080688060757,1508,7,258,0,4,,1,63,-7.824045658111572,5.733826637268066,-1.9680774211883545,OUTBOUND,-43.654441833496094,-0.02988203715331436,0.0031999999191612005
1,59,0.921875,0.7189072370529175,52.47821807861328,updated,1.480608344078064,-1.084214687347412,15.719659805297852,0.951771080493927,0.9615581035614014,58.70462101697922,26.869971153722734,1509,7,259,0,5,,1,63,-7.8240461349487305,5.764763832092285,-1.637044072151184,OUTBOUND,-43.866127014160156,-0.00758878778005478,0.0031999999191612005
1,60,0.9375,1.2829010486602783,52.11702346801758,updated,1.4810516834259033,-1.1170265674591064,110.93218994140625,24.392946243286133,24.317398071289062,58.72440788699896,26.85788804954775,1510,7,260,0,4,,3,61,-7.824045658111572,5.846268177032471,-1.9072346687316895,OUTBOUND,-43.471927642822266,0.004041043649060253,0.0031999999191612005
1,59,0.921875,0.6742857694625854,52.04146194458008,updated,1.4814951419830322,-1.087523341178894,183.4955596923828,46.882606506347656,46.64482116699219,58.74474174200441,26.84579787866615,1511,7,261,0,5,,3,61,-7.8240461349487305,5.768979549407959,-1.8175649642944336,OUTBOUND,-43.586631774902344,0.004280992590866647,0.0031999999191612005
1,58,0.90625,0.9149966835975647,52.110862731933594,updated,1.481938362121582,-1.078499436378479,59.83298873901367,1.1275190114974976,1.1879087686538696,58.851883719005855,26.83369469927734,1512,7,262,0,6,,1,63,-7.8240461349487305,5.7439117431640625,-1.5918806791305542,OUTBOUND,-43.67767333984375,9.436853478663891e-05,0.0031999999191612005
1,58,0.90625,0.8292079567909241,52.102256774902344,updated,1.4823825359344482,-1.1115871667861938,87.15621948242188,2.2733120918273926,2.3576831817626953,58.876163902983535,26.82158886472249,1513,7,263,0,6,,2,62,-7.8240461349487305,5.825942516326904,-1.9231282472610474,OUTBOUND,-43.34838104248047,-0.02008401549007108,0.0031999999191612005
1,55,0.859375,0.9217117428779602,52.06905746459961,updated,1.4828280210494995,-1.1198087930679321,117.82479858398438,1.4323115348815918,1.61504328250885,58.90146035599173,26.809471800416063,1514,7,264,0,9,,1,63,-7.8240461349487305,5.844676971435547,-1.94230055809021,OUTBOUND,-43.130802154541016,-0.03464938823154849,0.0031999999191612005
1,57,0.890625,0.988456666469574,52.359275817871094,updated,1.4832748174667358,-1.1239936351776123,116.93839263916016,0.6760661602020264,0.805895984172821,58.92260946598253,26.797379610991747,1515,7,265,0,7,,0,64,-7.8240461349487305,5.853130340576172,-2.056624174118042,OUTBOUND,-43.501129150390625,-0.050278781468362364,0.0031999999191612005
1,56,0.875,0.9891692399978638,52.94774627685547,updated,1.4837207794189453,-1.0758802890777588,36.17232894897461,0.9269518852233887,0.9188514351844788,58.94369543198263,26.785266531032654,1516,7,266,0,8,,1,63,-7.824045658111572,5.728912830352783,-1.7093144655227661,OUTBOUND,-43.987125396728516,-0.05364936140699899,0.0031999999191612005
1,57,0.890625,1.0640437602996826,52.941749572753906,updated,1.4841667413711548,-1.0954536199569702,7.15835428237915,1.2363040447235107,1.23611319065094,58.96374719898449,26.77315946385739,1517,7,267,0,7,,1,63,-7.8240461349487305,5.776442527770996,-1.7792668342590332,OUTBOUND,-43.7332649230957,-0.05921179267787472,0.0031999999191612005
1,55,0.859375,0.9903547167778015,53.181217193603516,updated,1.4846127033233643,-1.093228816986084,46.93883514404297,0.3959231972694397,0.46829038858413696,59.09024125299766,26.761018237551184,1518,7,268,0,9,,0,64,-7.8240461349487305,5.768694877624512,-1.848476529121399,OUTBOUND,-44.50396728515625,-0.06708180653177674,0.0031999999191612005
1,60,0.9375,1.1349778175354004,53.03038787841797,updated,1.485059142112732,-1.1080459356307983,51.00968933105469,0.38678330183029175,0.4666717052459717,59.11070184299024,26.74888099857638,1519,7,269,0,4,,0,64,-7.824045658111572,5.804086208343506,-2.0703768730163574,OUTBOUND,-44.373573303222656,-0.07026488187218125,0.0031999999191612005
1,59,0.921875,0.7470726370811462,53.339317321777344,updated,1.4855057001113892,-1.0974977016448975,184.5018768310547,25.297029495239258,25.443073272705078,59.13110051199328,26.736728957814716,1520,7,270,0,5,,1,63,-7.8240461349487305,5.7752814292907715,-1.6696661710739136,OUTBOUND,-44.772987365722656,-0.0708873888971884,0.0031999999191612005
1,57,0.890625,1.0093141794204712,53.377254486083984,updated,1.4859522581100464,-1.0993379354476929,51.97870635986328,0.20789436995983124,0.24736152589321136,59.15291166500538,26.724632781116302,1521,7,271,0,7,,0,64,-7.8240461349487305,5.777822971343994,-1.686450481414795,OUTBOUND,-44.99234390258789,-0.046607854563607456,0.0031999999191612005
1,56,0.875,0.73372882604599,53.151302337646484,updated,1.4863989353179932,-1.1029129028320312,83.03402709960938,3.0968122482299805,3.020822763442993,59.260207854997134,26.71255977851486,1522,7,272,0,8,,3,61,-7.824045658111572,5.784741401672363,-1.930916666984558,OUTBOUND,-44.51671600341797,-0.05054484841619545,0.0031999999191612005
1,59,0.921875,0.9891420006752014,52.729034423828125,updated,1.4868462085723877,-1.1122466325759888,21.0803165435791,2.9280405044555664,2.916823625564575,59.28036510598031,26.700464046316096,1523,7,273,0,5,,3,61,-7.8240461349487305,5.806178092956543,-1.7746734619140625,OUTBOUND,-44.08092498779297,-0.06914992554210822,0.0031999999191612005
1,58,0.90625,0.8692063689231873,52.42695999145508,updated,1.4872937202453613,-1.1083892583847046,64.10211944580078,1.3056249618530273,1.3905397653579712,59.300747617002344,26.688336069996318,1524,7,274,0,6,,1,63,-7.8240461349487305,5.794325828552246,-1.7418161630630493,OUTBOUND,-43.957130432128906,-0.05798142479211289,0.0031999999191612005
1,57,0.890625,1.1014474630355835,52.212059020996094,updated,1.4877409934997559,-1.0942492485046387,133.5450439453125,47.539398193359375,47.10679244995117,59.321418924984755,26.67621911809172,1525,7,275,0,7,,4,60,-7.8240461349487305,5.756585597991943,-1.9488515853881836,OUTBOUND,-43.831241607666016,-0.030325268990762724,0.0031999999191612005
1,58,0.90625,0.8921210169792175,52.031864166259766,updated,1.4881874322891235,-1.0819569826126099,33.96469497680664,25.099040985107422,25.033296585083008,59.34042043800582,26.664089558440907,1526,7,276,0,6,,2,62,-7.8240461349487305,5.7235565185546875,-1.9335660934448242,OUTBOUND,-43.7364501953125,-0.013925756378472421,0.0031999999191612005
1,61,0.953125,1.3984918594360352,52.19696807861328,updated,1.4886339902877808,-1.1057013273239136,78.6819839477539,24.091209411621094,23.95939826965332,59.36318964199745,26.65197880203796,1527,7,277,0,3,,2,62,-7.824045658111572,5.781227111816406,-2.2407424449920654,OUTBOUND,-43.538516998291016,0.006097235953719295,0.0031999999191612005
1,59,0.921875,1.1118106842041016,52.15293502807617,updated,1.4890812635421753,-1.1172171831130981,174.32806396484375,3.1773271560668945,3.2194466590881348,59.38424647698412,26.63986896567724,1528,7,278,0,5,,2,62,-7.8240461349487305,5.808073997497559,-2.1233129501342773,OUTBOUND,-43.3427848815918,0.009787855575406845,0.0031999999191612005
0,60,0.9375,1.2450546026229858,52.719486236572266,updated,1.4895281791687012,-1.0919334888458252,187.77357482910156,1.3253214359283447,1.2109708786010742,59.48855820199242,26.62768801006804,1529,7,279,1,4,WATCHDOG_DEADLINE,0,64,-7.824045658111572,5.742453098297119,-1.491628885269165,OUTBOUND,-43.89676284790039,-0.042540599209186764,0.0031999999191612005
1,59,0.921875,1.073068618774414,52.477787017822266,updated,1.4899747371673584,-1.0981584787368774,176.53073120117188,1.3927903175354004,1.1838303804397583,59.509354334004456,26.615513439197862,1530,7,280,0,5,,0,64,-7.8240461349487305,5.756011009216309,-1.4358928203582764,OUTBOUND,-43.59373092651367,-0.08306334055709204,0.0031999999191612005
1,60,0.9375,1.0459305047988892,53.13801956176758,updated,1.490422010421753,-1.1178056001663208,23.049169540405273,24.83108139038086,24.718151092529297,59.53164615598507,26.603365341507477,1531,7,281,0,4,,1,63,-7.824045658111572,5.80320930480957,-1.747275948524475,OUTBOUND,-44.23030471801758,-0.06650165550668811,0.0031999999191612005
1,59,0.921875,0.9928764700889587,53.3591194152832,updated,1.4908688068389893,-1.0958155393600464,71.98823547363281,0.5584207773208618,0.4381520748138428,59.55143604698242,26.591237375970515,1532,7,282,0,5,,0,64,-7.8240461349487305,5.745996475219727,-1.7751778364181519,OUTBOUND,-44.46253967285156,-0.058333744731994326,0.0031999999191612005
1,62,0.96875,1.0114737749099731,53.28458023071289,updated,1.491316318511963,-1.1216050386428833,322.66357421875,72.64457702636719,72.8802490234375,59.57454970298568,26.579097858566815,1533,7,283,0,2,,4,60,-7.824045658111572,5.8085126876831055,-2.0279722213745117,OUTBOUND,-44.415283203125,-0.05030982517111815,0.0031999999191612005
1,60,0.9375,1.034364938735962,53.39728546142578,updated,1.4917634725570679,-1.096879243850708,11.583999633789062,0.3945314586162567,0.4315958321094513,59.59966157699819,26.56699929623465,1534,7,284,0,4,,0,64,-7.824045658111572,5.744536876678467,-1.89749276638031,OUTBOUND,-44.701560974121094,-0.03482681984415896,0.0031999999191612005
1,55,0.859375,0.7970608472824097,53.226078033447266,updated,1.4922112226486206,-1.120818018913269,48.5250358581543,1.5139497518539429,1.5837427377700806,59.70361829700414,26.554889729268602,1535,7,285,0,9,,1,63,-7.8240461349487305,5.802331924438477,-1.6728709936141968,OUTBOUND,-44.5418586730957,-0.03167039772727787,0.0031999999191612005
1,60,0.9375,0.6084410548210144,53.7535514831543,updated,1.4926589727401733,-1.1085069179534912,156.39080810546875,25.693058013916016,25.50480079650879,59.72452126798453,26.542778240657437,1536,7,286,0,4,,1,63,-7.824045658111572,5.769473552703857,-1.656011939048767,OUTBOUND,-45.229034423828125,-0.024906608503242663,0.0031999999191612005
1,57,0.890625,0.7915327548980713,53.71867752075195,updated,1.4931063652038574,-1.1001917123794556,43.148399353027344,1.2494094371795654,1.1901777982711792,59.74573383599636,26.53066209483938,1537,7,287,0,7,,1,63,-7.8240461349487305,5.746641159057617,-1.842656135559082,OUTBOUND,-45.110355377197266,-0.025637003636935482,0.0031999999191612005
1,61,0.953125,0.8074560761451721,53.64767074584961,updated,1.4935535192489624,-1.100225567817688,17.19212532043457,0.2861815392971039,0.3138082027435303,59.76749699297943,26.51853645806641,1538,7,288,0,3,,0,64,-7.824045658111572,5.74467134475708,-1.8247194290161133,OUTBOUND,-45.14704895019531,-0.017133624508753602,0.0031999999191612005
0,57,0.890625,0.6682401299476624,53.530948638916016,updated,1.4940006732940674,-1.1107991933822632,23.90512466430664,1.3338181972503662,1.2898337841033936,59.8729483379866,26.506343040843,1539,7,289,1,7,STALE_OR_INCOMPLETE_BUNDLE,1,63,-7.8240461349487305,5.768980979919434,-1.6207534074783325,OUTBOUND,-45.03043746948242,-0.04782468746139794,0.0031999999191612005
1,57,0.890625,0.7748565077781677,53.73406982421875,updated,1.494448184967041,-1.1166846752166748,24.5698299407959,1.2150967121124268,1.2420274019241333,59.895637779001845,26.49418231957902,1540,7,290,0,7,,1,63,-7.8240461349487305,5.781576633453369,-1.9617385864257812,OUTBOUND,-45.10698699951172,-0.09884098631437578,0.0031999999191612005
1,59,0.921875,1.217331886291504,53.38321304321289,updated,1.494895577430725,-1.1069152355194092,59.39412307739258,0.5012764930725098,0.5662714838981628,59.91650477098301,26.482013335740852,1541,7,291,0,5,,0,64,-7.8240461349487305,5.755186080932617,-1.4677718877792358,OUTBOUND,-44.87762451171875,-0.10348969826209044,0.0031999999191612005
1,56,0.875,1.0198289155960083,53.21047592163086,updated,1.4953433275222778,-1.1203871965408325,27.976552963256836,2.2015645503997803,2.1720902919769287,59.93689837900456,26.46987967469355,1542,7,292,0,8,,2,62,-7.824045658111572,5.786642551422119,-1.646117925643921,OUTBOUND,-44.67087936401367,-0.09891166436104051,0.0031999999191612005
1,60,0.9375,0.8135673999786377,53.03691864013672,updated,1.4957913160324097,-1.1145704984664917,91.11212921142578,0.7483161687850952,0.6712243556976318,59.956900072982535,26.457737318608288,1543,7,293,0,4,,0,64,-7.824045658111572,5.770111083984375,-1.6126208305358887,OUTBOUND,-44.21266174316406,-0.10438381716461162,0.0031999999191612005
1,58,0.90625,1.0638211965560913,54.07945251464844,updated,1.4962395429611206,-1.1228623390197754,43.707584381103516,0.3686700463294983,0.3183929920196533,59.97798375599086,26.44559941174203,1544,7,294,0,6,,0,64,-7.8240461349487305,5.788644313812256,-1.8761500120162964,OUTBOUND,-45.13673400878906,-0.10682704469228463,0.0031999999191612005
1,59,0.921875,0.5205520391464233,54.22877883911133,updated,1.4966880083084106,-1.1172821521759033,61.85017395019531,2.1880481243133545,2.244819164276123,59.998400844982825,26.433485494164053,1545,7,295,0,5,,2,62,-7.8240461349487305,5.7727227210998535,-1.726331114768982,OUTBOUND,-45.4415283203125,-0.09484100185792746,0.0031999999191612005
1,60,0.9375,0.9265953302383423,53.796993255615234,updated,1.4971365928649902,-1.1188467741012573,131.15167236328125,26.243865966796875,26.32447052001953,60.10393575200578,26.421375759628532,1546,7,296,0,4,,2,62,-7.824045658111572,5.774541854858398,-1.9780939817428589,OUTBOUND,-45.154239654541016,-0.08762782019306187,0.0031999999191612005
1,60,0.9375,0.9981199502944946,53.8792610168457,updated,1.4975850582122803,-1.1126824617385864,18.638660430908203,0.43424955010414124,0.4514424800872803,60.12561443800223,26.409285232326507,1547,7,297,0,4,,0,64,-7.824045658111572,5.757205486297607,-1.5088621377944946,OUTBOUND,-45.069786071777344,-0.08495978342741983,0.0031999999191612005
1,60,0.9375,0.6518118381500244,54.390316009521484,updated,1.4980331659317017,-1.1046775579452515,14.49637222290039,0.31967777013778687,0.3359742760658264,60.14768978499342,26.397181850797747,1548,7,298,0,4,,0,64,-7.824045658111572,5.735339164733887,-1.8095744848251343,OUTBOUND,-45.71284484863281,-0.09715621097752111,0.0031999999191612005
1,59,0.921875,0.7370463609695435,53.90571594238281,updated,1.498481035232544,-1.1107754707336426,14.17923641204834,1.3064104318618774,1.2865036725997925,60.168479975982336,26.385073022561766,1549,7,299,0,5,,1,63,-7.8240461349487305,5.748403072357178,-1.7519785165786743,OUTBOUND,-45.357913970947266,-0.10689061660630095,0.0031999999191612005
1,56,0.875,0.9178961515426636,54.03584671020508,updated,1.498929500579834,-1.13230299949646,23.499164581298828,2.7256557941436768,2.658576488494873,60.190300583984936,26.372962372567308,1550,7,300,0,8,,3,61,-7.824045658111572,5.799598693847656,-2.1855390071868896,OUTBOUND,-45.14509963989258,-0.10238264705079991,0.0031999999191612005
0,62,0.96875,0.7157407999038696,54.07373046875,updated,1.4993786811828613,-1.1346615552902222,79.96888732910156,26.004785537719727,25.79545021057129,60.29904284598888,26.36082557918855,1551,7,301,1,2,STALE_OR_INCOMPLETE_BUNDLE,2,62,-7.824045658111572,5.803355693817139,-1.8875585794448853,OUTBOUND,-45.42795944213867,-0.1391120839941985,0.0031999999191612005
1,58,0.90625,0.9062317609786987,53.539085388183594,updated,1.4998281002044678,-1.1241391897201538,137.79966735839844,50.486106872558594,50.13288116455078,60.31976349197794,26.3486716316308,1552,7,302,0,6,,2,62,-7.8240461349487305,5.775303840637207,-1.5591853857040405,OUTBOUND,-45.13726806640625,-0.17670195650098788,0.0031999999191612005
1,53,0.828125,0.7006391286849976,53.113304138183594,updated,1.5002776384353638,-1.1236462593078613,45.68205261230469,26.566463470458984,26.538320541381836,60.339584229979664,26.336505957250655,1553,7,303,0,11,,2,62,-7.8240461349487305,5.772036075592041,-1.7067919969558716,OUTBOUND,-44.4288330078125,-0.18944156431715348,0.0031999999191612005
1,57,0.890625,1.0698026418685913,53.28247833251953,updated,1.5007275342941284,-1.133022665977478,196.30230712890625,1.4869301319122314,1.6062520742416382,60.3611242089828,26.324321355802766,1554,7,304,0,7,,0,64,-7.8240461349487305,5.793102741241455,-1.9766590595245361,OUTBOUND,-44.527503967285156,-0.18726326169683918,0.0031999999191612005
1,58,0.90625,0.9392940998077393,52.825069427490234,updated,1.5011773109436035,-1.118869423866272,70.5073013305664,26.92921257019043,26.82110595703125,60.3818980740034,26.312161062007217,1555,7,305,0,6,,3,61,-7.8240461349487305,5.756175518035889,-2.193887948989868,OUTBOUND,-44.13212585449219,-0.16648615873808137,0.0031999999191612005
1,58,0.90625,1.102907657623291,53.88744354248047,updated,1.501627802848816,-1.1388592720031738,210.44764709472656,1.6286382675170898,1.4674313068389893,60.49595262898947,26.300006224126665,1556,7,306,0,6,,0,64,-7.8240461349487305,5.803348064422607,-1.917418122291565,OUTBOUND,-44.79294204711914,-0.1456233799552555,0.0031999999191612005
1,57,0.890625,0.9616581797599792,53.36617660522461,updated,1.5020779371261597,-1.1202048063278198,57.200496673583984,26.973276138305664,26.792341232299805,60.51547512298566,26.28788185743789,1557,7,307,0,7,,3,61,-7.8240461349487305,5.755393981933594,-1.7185596227645874,OUTBOUND,-44.20442199707031,-0.1391935998189146,0.0031999999191612005
1,56,0.875,0.6623227596282959,54.07678985595703,updated,1.502528190612793,-1.123907208442688,23.943986892700195,25.752256393432617,25.608585357666016,60.53594069799874,26.275755522629407,1558,7,308,0,8,,1,63,-7.824045658111572,5.7624640464782715,-1.7488832473754883,OUTBOUND,-45.18144607543945,-0.1402489765693756,0.0031999999191612005
1,60,0.9375,0.6266650557518005,54.14060974121094,updated,1.502978801727295,-1.1372991800308228,117.37249755859375,1.191828966140747,1.0658373832702637,60.5567730589828,26.263625562164098,1559,7,309,0,4,,0,64,-7.824045658111572,5.793323993682861,-1.8629095554351807,OUTBOUND,-45.118839263916016,-0.14086713765159706,0.0031999999191612005
1,58,0.90625,1.180166244506836,54.29265213012695,updated,1.5034294128417969,-1.1244442462921143,19.809097290039062,2.417759418487549,2.4057633876800537,60.57664332198328,26.251500447939755,1560,7,310,0,6,,2,62,-7.8240461349487305,5.759716987609863,-1.971224308013916,OUTBOUND,-45.39108657836914,-0.14185748810215298,0.0031999999191612005
1,58,0.90625,0.8623259663581848,54.82864761352539,updated,1.5038800239562988,-1.1307857036590576,43.75102615356445,2.4563300609588623,2.4497931003570557,60.59790496897767,26.23938672318622,1561,7,311,0,6,,2,62,-7.8240461349487305,5.77324104309082,-2.0618040561676025,OUTBOUND,-45.90809631347656,-0.1276203381300624,0.0031999999191612005
1,59,0.921875,0.9450893998146057,54.93730926513672,updated,1.504331350326538,-1.1434385776519775,34.83285140991211,0.4053853452205658,0.44755297899246216,60.70469782099826,26.227272330396143,1562,7,312,0,5,,0,64,-7.8240461349487305,5.802212238311768,-2.0413942337036133,OUTBOUND,-46.05099868774414,-0.106428400158211,0.0031999999191612005
1,57,0.890625,0.9426281452178955,55.26357650756836,updated,1.5047833919525146,-1.1530802249908447,90.76929473876953,1.510159969329834,1.441112756729126,60.72517708799569,26.215171987205448,1563,7,313,0,7,,1,63,-7.8240461349487305,5.823765277862549,-1.997626781463623,OUTBOUND,-46.53146743774414,-0.07921994233874664,0.0031999999191612005
1,58,0.90625,1.124302625656128,54.73354721069336,updated,1.505235195159912,-1.1240310668945312,68.66793823242188,1.5407040119171143,1.4508779048919678,60.74562787998002,26.203081489718468,1564,7,314,0,6,,1,63,-7.8240461349487305,5.7506022453308105,-1.8657774925231934,OUTBOUND,-46.117286682128906,-0.07851796374285587,0.0031999999191612005
1,51,0.796875,0.8221468925476074,54.8651237487793,updated,1.50568687915802,-1.1269359588623047,223.8052215576172,29.949119567871094,29.439424514770508,60.766825394006446,26.190973757399924,1565,7,315,0,13,,4,60,-7.824045658111572,5.755687236785889,-1.6569303274154663,OUTBOUND,-46.269569396972656,-0.08882509169908423,0.0031999999191612005
1,59,0.921875,0.9331536293029785,54.75241470336914,updated,1.5061382055282593,-1.1273250579833984,27.024314880371094,1.3631861209869385,1.3006762266159058,60.786556520004524,26.178862856193625,1566,7,316,0,5,,1,63,-7.8240461349487305,5.7546186447143555,-1.7436487674713135,OUTBOUND,-46.36555099487305,-0.08486051494868431,0.0031999999191612005
1,57,0.890625,0.7324190139770508,54.52224349975586,updated,1.5065906047821045,-1.1565346717834473,40.54270935058594,1.2157007455825806,1.2983410358428955,60.806825156993,26.166751145401353,1567,7,317,0,7,,1,63,-7.8240461349487305,5.823923110961914,-1.9481977224349976,OUTBOUND,-45.797454833984375,-0.06483811239723501,0.0031999999191612005
1,57,0.890625,0.6979169845581055,54.193485260009766,updated,1.5070433616638184,-1.148319125175476,78.67719268798828,27.559383392333984,27.379535675048828,60.912060485978145,26.154671333305156,1568,7,318,0,7,,3,61,-7.8240461349487305,5.801809310913086,-1.6331802606582642,OUTBOUND,-45.77496337890625,-0.05537492580500211,0.0031999999191612005
1,53,0.828125,0.835821270942688,53.42583084106445,updated,1.5074962377548218,-1.136994481086731,10.712627410888672,27.47474479675293,27.388721466064453,60.93259180398309,26.142608096998593,1569,7,319,0,11,,2,62,-7.8240461349487305,5.772144794464111,-1.5375901460647583,OUTBOUND,-44.932220458984375,-0.07037259531277233,0.0031999999191612005
1,57,0.890625,1.1042155027389526,53.82129669189453,updated,1.5079492330551147,-1.1427754163742065,53.728065490722656,23.761560440063477,23.578317642211914,60.95254648599075,26.13052731690224,1570,7,320,0,7,,1,63,-7.8240461349487305,5.784200191497803,-2.104346752166748,OUTBOUND,-45.31779098510742,-0.05388009648389765,0.0031999999191612005
1,57,0.890625,0.5061467289924622,54.15439987182617,updated,1.5084024667739868,-1.1428886651992798,152.0606231689453,3.0981881618499756,2.8990800380706787,60.97326243299176,26.118489226538667,1571,7,321,0,7,,2,62,-7.8240461349487305,5.7824387550354,-1.861085295677185,OUTBOUND,-45.32692337036133,-0.05094275754083306,0.0031999999191612005
1,59,0.921875,0.5296509861946106,54.05889129638672,updated,1.5088557004928589,-1.1402111053466797,212.5876922607422,1.9294984340667725,1.6704394817352295,61.0811768489948,26.10642643676188,1572,7,322,0,5,,0,64,-7.8240461349487305,5.773890972137451,-1.808758020401001,OUTBOUND,-45.101470947265625,-0.07550935641453434,0.0031999999191612005
1,57,0.890625,0.637036919593811,54.35137939453125,updated,1.5093085765838623,-1.1306980848312378,149.4269256591797,1.7613599300384521,1.476983904838562,61.103639793000184,26.094360019732715,1573,7,323,0,7,,1,63,-7.8240461349487305,5.748738765716553,-1.6988860368728638,OUTBOUND,-45.39992141723633,-0.07420347058032013,0.0031999999191612005
1,58,0.90625,1.0965052843093872,55.40389633178711,updated,1.5097614526748657,-1.1428887844085693,123.43912506103516,0.7708698511123657,0.5301827788352966,61.12637013598578,26.082305084140785,1574,7,324,0,6,,0,64,-7.8240461349487305,5.776349067687988,-1.8408501148223877,OUTBOUND,-46.274436950683594,-0.0601166603833165,0.0031999999191612005
1,59,0.921875,0.9365584254264832,55.2281379699707,updated,1.5102148056030273,-1.1491652727127075,53.04742431640625,25.926483154296875,25.907772064208984,61.14732768398244,26.07025113033628,1575,7,325,0,5,,1,63,-7.8240461349487305,5.789562702178955,-1.8270251750946045,OUTBOUND,-46.10729217529297,-0.06996984273075223,0.0031999999191612005
1,58,0.90625,1.1328048706054688,55.081085205078125,updated,1.5106676816940308,-1.1282061338424683,106.69347381591797,27.519054412841797,27.538394927978516,61.16858592999051,26.05818012791224,1576,7,326,0,6,,2,62,-7.8240461349487305,5.736690998077393,-2.0106263160705566,OUTBOUND,-46.41081619262695,-0.0808462437037991,0.0031999999191612005
1,56,0.875,0.6267982721328735,55.637386322021484,updated,1.5111209154129028,-1.1514079570770264,75.09315490722656,2.843135356903076,2.7923941612243652,61.18903210500139,26.046113365701206,1577,7,327,0,8,,3,61,-7.824045658111572,5.790942192077637,-1.58945631980896,OUTBOUND,-46.58494186401367,-0.05635993748653353,0.0031999999191612005
1,57,0.890625,1.2798713445663452,54.86122131347656,updated,1.511574149131775,-1.1464720964431763,9.97461223602295,1.1853654384613037,1.2113460302352905,61.209929974982515,26.034060692784507,1578,7,328,0,7,,1,63,-7.8240461349487305,5.77695894241333,-2.1467065811157227,OUTBOUND,-46.2285041809082,-0.050363732238662896,0.0031999999191612005
0,57,0.890625,1.121561884880066,54.92826843261719,updated,1.5120277404785156,-1.1485795974731445,52.58023452758789,0.5575869679450989,0.7062040567398071,61.31706335998024,26.021952675450905,1579,7,329,1,7,WATCHDOG_DEADLINE,0,64,-7.8240461349487305,5.780043125152588,-1.5117355585098267,OUTBOUND,-46.23930740356445,-0.08148955701288661,0.0031999999191612005
1,57,0.890625,0.967694878578186,55.104557037353516,updated,1.5124813318252563,-1.1437716484069824,46.752532958984375,3.0129454135894775,2.9050190448760986,61.337113635003334,26.009848844620862,1580,7,330,0,7,,3,61,-7.8240461349487305,5.766397953033447,-1.7724350690841675,OUTBOUND,-46.359657287597656,-0.10133890531106457,0.0031999999191612005
1,60,0.9375,0.7492397427558899,55.093624114990234,updated,1.512934923171997,-1.145095944404602,191.2740020751953,53.192596435546875,52.63196563720703,61.35696727898903,25.99774392455616,1581,7,331,0,4,,2,62,-7.824045658111572,5.7675933837890625,-1.7427998781204224,OUTBOUND,-46.48416519165039,-0.09757571649501803,0.0031999999191612005
1,60,0.9375,0.6423135995864868,55.082275390625,updated,1.513388991355896,-1.1602495908737183,59.66103744506836,0.44561952352523804,0.547179639339447,61.378139242006,25.985650760129143,1582,7,332,0,4,,0,64,-7.824045658111572,5.802187919616699,-1.5842159986495972,OUTBOUND,-46.392330169677734,-0.09535678932491573,0.0031999999191612005
1,58,0.90625,0.6131402254104614,54.88005447387695,updated,1.5138429403305054,-1.143814206123352,49.78445816040039,27.909250259399414,27.785062789916992,61.39799976799986,25.97354106603304,1583,7,333,0,6,,2,62,-7.8240461349487305,5.760492324829102,-1.6115862131118774,OUTBOUND,-46.24153137207031,-0.10973999466916522,0.0031999999191612005
1,58,0.90625,1.1160000562667847,55.2121467590332,updated,1.5142977237701416,-1.1670279502868652,73.5645751953125,1.3901852369308472,1.4040859937667847,61.41855135199148,25.96141373499379,1584,7,334,0,6,,1,63,-7.8240461349487305,5.814479351043701,-1.4972957372665405,OUTBOUND,-46.23923110961914,-0.10683020525648923,0.0031999999191612005
1,59,0.921875,0.8036410212516785,55.03767776489258,updated,1.51475191116333,-1.1364749670028687,31.120559692382812,26.260494232177734,26.174243927001953,61.5242813579971,25.94931288519124,1585,7,335,0,5,,1,63,-7.8240461349487305,5.73881196975708,-1.952038049697876,OUTBOUND,-46.411529541015625,-0.10893102835663832,0.0031999999191612005
1,54,0.84375,1.1607273817062378,55.287235260009766,updated,1.5152064561843872,-1.1545627117156982,92.08316040039062,1.3185412883758545,1.1910067796707153,61.545559613005025,25.937186349214876,1586,7,336,0,10,,1,63,-7.824046611785889,5.780392646789551,-1.577660322189331,OUTBOUND,-46.412803649902344,-0.13601191916892338,0.0031999999191612005
1,61,0.953125,1.1245216131210327,55.31634521484375,updated,1.5156612396240234,-1.1577160358428955,25.176971435546875,26.556184768676758,26.4998779296875,61.565090224990854,25.925036097129915,1587,7,337,0,3,,1,63,-7.824045658111572,5.78597354888916,-1.8584650754928589,OUTBOUND,-46.44318771362305,-0.15141445866027237,0.0031999999191612005
1,54,0.84375,0.8562767505645752,55.472679138183594,updated,1.5161159038543701,-1.1502619981765747,92.12097930908203,1.515173077583313,1.4514492750167847,61.58646152500296,25.912899561948887,1588,7,338,0,10,,1,63,-7.824046611785889,5.76603889465332,-1.6285817623138428,OUTBOUND,-46.47420883178711,-0.15402125299504765,0.0031999999191612005
0,59,0.921875,1.2903727293014526,55.5877799987793,updated,1.516571283340454,-1.167206883430481,31.326114654541016,26.54852294921875,26.46904754638672,61.69228769099573,25.900736381623734,1589,7,339,1,5,STALE_OR_INCOMPLETE_BUNDLE,1,63,-7.8240461349487305,5.80476188659668,-1.5718998908996582,OUTBOUND,-46.545188903808594,-0.1554560755169698,0.0031999999191612005
1,59,0.921875,0.921401858329773,56.00349426269531,updated,1.5170270204544067,-1.1662826538085938,62.07479476928711,0.49152109026908875,0.503995418548584,61.71305802700226,25.888596535410503,1590,7,340,0,5,,0,64,-7.8240461349487305,5.800520420074463,-1.940805435180664,OUTBOUND,-46.94402313232422,-0.1511456941562378,0.0031999999191612005
1,57,0.890625,0.6567878723144531,56.06899642944336,updated,1.5174827575683594,-1.1529088020324707,20.007030487060547,1.4794745445251465,1.4650285243988037,61.73365348498919,25.876474100213148,1591,7,341,0,7,,1,63,-7.8240461349487305,5.766411304473877,-1.677375078201294,OUTBOUND,-47.08272933959961,-0.14575805480385315,0.0031999999191612005
1,54,0.84375,0.6579191088676453,55.94462585449219,updated,1.5179383754730225,-1.1547245979309082,13.136109352111816,1.3805172443389893,1.3593136072158813,61.75448033900466,25.86433926284484,1592,7,342,0,10,,1,63,-7.824046611785889,5.768772125244141,-1.9812983274459839,OUTBOUND,-47.059837341308594,-0.1544092045786374,0.0031999999191612005
1,55,0.859375,0.4690612852573395,56.057735443115234,updated,1.518393874168396,-1.1522459983825684,37.593482971191406,1.1852946281433105,1.1485729217529297,61.77383384300629,25.852212124643255,1593,7,343,0,9,,1,63,-7.8240461349487305,5.7608418464660645,-1.7397063970565796,OUTBOUND,-47.17562484741211,-0.14504338483319276,0.0031999999191612005
1,61,0.953125,0.963494062423706,55.708656311035156,updated,1.5188498497009277,-1.1661673784255981,16.738306045532227,0.7659032344818115,0.8524119853973389,61.79469728798722,25.840110546836083,1594,7,344,0,3,,0,64,-7.824045658111572,5.792191028594971,-1.8088397979736328,OUTBOUND,-46.731380462646484,-0.11920978315869016,0.0031999999191612005
1,56,0.875,0.9091669321060181,55.869747161865234,updated,1.5193054676055908,-1.1496031284332275,33.889610290527344,1.6562867164611816,1.6491373777389526,61.81482711300487,25.828017535877148,1595,7,345,0,8,,1,63,-7.824045658111572,5.750553607940674,-1.7282277345657349,OUTBOUND,-47.153465270996094,-0.11926905865494705,0.0031999999191612005
1,61,0.953125,0.887994110584259,56.23602294921875,updated,1.5197612047195435,-1.1597362756729126,14.771273612976074,0.36117103695869446,0.3808174729347229,61.923546001984505,25.815900990474535,1596,7,346,0,3,,0,64,-7.824045658111572,5.772808074951172,-1.9710097312927246,OUTBOUND,-47.291717529296875,-0.12890614490702995,0.0031999999191612005
1,58,0.90625,0.48989230394363403,56.05042266845703,updated,1.520216464996338,-1.146405816078186,53.082828521728516,1.2857387065887451,1.2937231063842773,61.947250858996995,25.80378844609725,1597,7,347,0,6,,1,63,-7.8240461349487305,5.738973140716553,-1.830132007598877,OUTBOUND,-47.28976821899414,-0.11724220245954109,0.0031999999191612005
1,60,0.9375,0.5325316786766052,55.708377838134766,updated,1.52067232131958,-1.1747852563858032,5.374488830566406,0.5654752850532532,0.6151788234710693,61.971626685000956,25.79168262007778,1598,7,348,0,4,,0,64,-7.824045658111572,5.804769039154053,-1.8342033624649048,OUTBOUND,-46.98739242553711,-0.09490792176609374,0.0031999999191612005
1,58,0.90625,1.1765813827514648,56.507381439208984,updated,1.52112877368927,-1.1729215383529663,8.949600219726562,0.41874539852142334,0.4393499195575714,61.99330846199882,25.779585408867412,1599,7,349,0,6,,0,64,-7.8240461349487305,5.79831600189209,-2.0106699466705322,OUTBOUND,-47.77744674682617,-0.09991349498308762,0.0031999999191612005
1,61,0.953125,1.047593593597412,56.241737365722656,updated,1.5215861797332764,-1.1834644079208374,17.708547592163086,1.6053802967071533,1.607516884803772,62.01329209198593,25.767466491552117,1600,7,350,0,3,,1,63,-7.824045658111572,5.8214497566223145,-2.023813247680664,OUTBOUND,-47.405765533447266,-0.0928310475199585,0.0031999999191612005
0,59,0.921875,0.8850769996643066,56.124027252197266,updated,1.5220434665679932,-1.1636993885040283,37.77460479736328,0.427234023809433,0.44743871688842773,62.12033002998214,25.755362166369952,1601,7,351,1,5,STALE_OR_INCOMPLETE_BUNDLE,0,64,-7.8240461349487305,5.772341251373291,-1.804667353630066,OUTBOUND,-47.362144470214844,-0.07104469509203173,0.0031999999191612005
1,58,0.90625,1.1523674726486206,55.83909606933594,updated,1.52250075340271,-1.1643211841583252,49.602439880371094,1.5009706020355225,1.503942847251892,62.14128537898068,25.743265825096074,1602,7,352,0,6,,1,63,-7.8240461349487305,5.771838665008545,-1.624157190322876,OUTBOUND,-46.97854995727539,-0.06553303770094238,0.0031999999191612005
1,59,0.921875,1.0149122476577759,56.0041389465332,updated,1.5229578018188477,-1.160786509513855,78.12866973876953,28.0627384185791,27.998313903808594,62.16277006699238,25.731173400124955,1603,7,353,0,5,,1,63,-7.8240461349487305,5.761448860168457,-1.986646056175232,OUTBOUND,-47.15882873535156,-0.042103328776851134,0.0031999999191612005
1,56,0.875,1.1191139221191406,56.295814514160156,updated,1.523415207862854,-1.1708990335464478,15.12109088897705,1.313908576965332,1.3251558542251587,62.182419535005465,25.719065124657366,1604,7,354,0,8,,1,63,-7.824045658111572,5.783516883850098,-1.98403000831604,OUTBOUND,-47.46284484863281,-0.022216698645528388,0.0031999999191612005
1,61,0.953125,0.48677894473075867,55.94401168823242,updated,1.5238721370697021,-1.1547505855560303,98.3436279296875,0.6560379266738892,0.7163817882537842,62.20336797100026,25.706960261570522,1605,7,355,0,3,,0,64,-7.824045658111572,5.743171215057373,-1.7471320629119873,OUTBOUND,-46.987850189208984,-0.01947873732582158,0.0031999999191612005
1,64,1.0,0.4704437553882599,56.351593017578125,updated,1.5243287086486816,-1.158776879310608,31.64237403869629,1.60894775390625,1.6434565782546997,62.31019819297944,25.69484118927572,1606,7,356,0,0,,1,63,-7.824046611785889,5.750776290893555,-1.9453637599945068,OUTBOUND,-47.43035888671875,-0.028848389327266074,0.0031999999191612005
1,57,0.890625,0.8392223715782166,55.85108184814453,updated,1.524786114692688,-1.182761788368225,60.671348571777344,27.779455184936523,27.718854904174805,62.331495502003236,25.682735389445146,1607,7,357,0,7,,1,63,-7.8240461349487305,5.8057169914245605,-1.773656964302063,OUTBOUND,-46.90364456176758,-0.0323288876315575,0.0031999999191612005
1,57,0.890625,1.1052641868591309,56.39129638671875,updated,1.5252442359924316,-1.1906511783599854,43.08304214477539,0.3453628718852997,0.3329075276851654,62.352538064995315,25.670602059650474,1608,7,358,0,7,,0,64,-7.8240461349487305,5.822423934936523,-2.0160791873931885,OUTBOUND,-47.42285919189453,-0.022151706754033437,0.0031999999191612005
1,58,0.90625,0.7775638699531555,55.98551559448242,updated,1.525701642036438,-1.1473978757858276,90.98745727539062,28.4315128326416,28.415803909301758,62.373639431985794,25.658429685204943,1609,7,359,0,6,,1,63,-7.8240461349487305,5.717957496643066,-1.7080680131912231,OUTBOUND,-47.208763122558594,-0.025391751233029506,0.0031999999191612005
1,58,0.90625,0.8912583589553833,56.67422103881836,updated,1.5261588096618652,-1.1632031202316284,18.13654327392578,1.2757363319396973,1.2546391487121582,62.39339370498783,25.646291463214254,1610,7,360,0,6,,1,63,-7.8240461349487305,5.7534403800964355,-1.6336880922317505,OUTBOUND,-47.91835021972656,-0.026868321740513453,0.0031999999191612005
1,58,0.90625,0.48214301466941833,56.4454231262207,updated,1.5266159772872925,-1.1698977947235107,15.704038619995117,2.7974629402160645,2.7708699703216553,62.41538975998992,25.634117886867767,1611,7,361,0,6,,3,61,-7.8240461349487305,5.767324924468994,-1.694480061531067,OUTBOUND,-47.6390266418457,-0.013937830456361551,0.0031999999191612005
1,59,0.921875,0.7775886058807373,55.77381896972656,updated,1.5270731449127197,-1.1668838262557983,38.99385070800781,27.33112907409668,27.13894271850586,62.52115045598475,25.621989253284717,1612,7,362,0,5,,2,62,-7.8240461349487305,5.758241653442383,-1.6702402830123901,OUTBOUND,-47.06500244140625,-0.022892886323075158,0.0031999999191612005
1,61,0.953125,1.1255751848220825,56.01775360107422,updated,1.5275307893753052,-1.1819876432418823,128.7506866455078,0.7468674778938293,0.819466233253479,62.543306646985,25.60987571522776,1613,7,363,0,3,,0,64,-7.824045658111572,5.79196834564209,-1.8554818630218506,OUTBOUND,-47.1152458190918,-0.030291255099461505,0.0031999999191612005
1,61,0.953125,0.9203931093215942,56.30970001220703,updated,1.5279889106750488,-1.1865181922912598,104.51251220703125,1.4073679447174072,1.4631253480911255,62.56403444800526,25.597751276816428,1614,7,364,0,3,,1,63,-7.824045658111572,5.800687789916992,-2.084846258163452,OUTBOUND,-47.130191802978516,-0.018977265385559876,0.0031999999191612005
1,57,0.890625,0.7121427059173584,56.81975555419922,updated,1.5284475088119507,-1.1835074424743652,64.15938568115234,1.146065592765808,1.1170755624771118,62.58477241799119,25.5856181821735,1615,7,365,0,7,,1,63,-7.8240461349487305,5.791604042053223,-1.8578983545303345,OUTBOUND,-47.631858825683594,0.0017224445668712553,0.0031999999191612005
1,55,0.859375,0.9773717522621155,56.611045837402344,updated,1.5289063453674316,-1.1786798238754272,83.83915710449219,28.781614303588867,28.707223892211914,62.60594663399388,25.573462682367385,1616,7,366,0,9,,2,62,-7.8240461349487305,5.778250217437744,-1.6885204315185547,OUTBOUND,-47.504356384277344,-0.0019908296502354006,0.0031999999191612005
1,58,0.90625,0.8398739099502563,56.44302749633789,updated,1.5293656587600708,-1.1901659965515137,70.86768341064453,28.054502487182617,27.995391845703125,62.62669276300585,25.56134038302876,1617,7,367,0,6,,1,63,-7.8240461349487305,5.803340911865234,-2.1267759799957275,OUTBOUND,-47.70757293701172,-0.024402632643238487,0.0031999999191612005
1,57,0.890625,0.6765162944793701,56.64482116699219,updated,1.5298248529434204,-1.1745193004608154,55.68421936035156,0.4477895498275757,0.4491230547428131,62.73230182399857,25.549234709528,1618,7,368,0,7,,0,64,-7.8240461349487305,5.764530658721924,-1.7046548128128052,OUTBOUND,-47.862483978271484,-0.037499023152180073,0.0031999999191612005
1,61,0.953125,0.9231876134872437,57.32223129272461,updated,1.5302846431732178,-1.1932427883148193,38.11304473876953,0.2683970332145691,0.2742456793785095,62.7559888830001,25.53711982854401,1619,7,369,0,3,,0,64,-7.824045658111572,5.8066182136535645,-1.815023422241211,OUTBOUND,-48.24220657348633,-0.041585515472672155,0.0031999999191612005
1,59,0.921875,1.406388282775879,57.285057067871094,updated,1.5307444334030151,-1.1778528690338135,9.663881301879883,1.1466426849365234,1.1421655416488647,62.77698278299067,25.524990071778006,1620,7,370,0,5,,1,63,-7.8240461349487305,5.768462181091309,-1.7040754556655884,OUTBOUND,-48.27446746826172,-0.048201567722134735,0.0031999999191612005
1,56,0.875,0.5782046914100647,56.70565414428711,updated,1.5312050580978394,-1.204549789428711,71.7480239868164,29.03653335571289,28.985218048095703,62.797768604999874,25.512855692157594,1621,7,371,0,8,,1,63,-7.824045658111572,5.829214572906494,-1.9507696628570557,OUTBOUND,-47.557777404785156,-0.04187765096801269,0.0031999999191612005
1,58,0.90625,1.0635102987289429,57.16456604003906,updated,1.5316658020019531,-1.182031273841858,36.83829879760742,0.4609169363975525,0.5054356455802917,62.90311260797898,25.500700972780844,1622,7,372,0,6,,0,64,-7.8240461349487305,5.774362564086914,-2.027426242828369,OUTBOUND,-48.32379913330078,0.0004285838208985651,0.0031999999191612005
1,60,0.9375,0.4608418941497803,56.505977630615234,updated,1.5321251153945923,-1.1510262489318848,91.86344146728516,28.33247947692871,28.2025203704834,62.92489613700309,25.48856490683629,1623,7,373,0,4,,1,63,-7.824045658111572,5.6996846199035645,-1.877167820930481,OUTBOUND,-47.9111213684082,0.015119780069436628,0.0031999999191612005
1,57,0.890625,0.5263131856918335,56.73133087158203,updated,1.532584547996521,-1.1790324449539185,35.73862075805664,1.584386944770813,1.603016972541809,62.942533139983425,25.476454115635764,1624,7,374,0,7,,1,63,-7.8240461349487305,5.763427734375,-1.7865078449249268,FAILURE,-48.06669616699219,0.0034612727683117593,0.0031999999191612005
1,61,0.953125,0.8888748288154602,56.760894775390625,updated,1.5330435037612915,-1.1704998016357422,61.56633758544922,1.2129101753234863,1.2416598796844482,62.96759951298009,29.987988987704863,1625,8,1,0,3,,1,63,-7.824045658111572,5.74150276184082,-2.1292319297790527,OUTBOUND,-47.90101623535156,-0.030687002559076006,0.0031999999191612005
1,56,0.875,0.8352424502372742,56.95657730102539,updated,1.5335018634796143,-1.1643966436386108,85.75127410888672,0.6321926712989807,0.6704427599906921,62.98808559999452,29.9759442456747,1626,8,2,0,8,,0,64,-7.824045658111572,5.725296974182129,-1.5925214290618896,OUTBOUND,-47.95991516113281,-0.06956483429711406,0.0031999999191612005
1,58,0.90625,1.0035916566848755,56.86598205566406,updated,1.5339604616165161,-1.1850260496139526,14.906611442565918,2.4983773231506348,2.5404818058013916,63.00793817397789,29.963870419760788,1627,8,3,0,6,,2,62,-7.8240461349487305,5.771641731262207,-1.6780451536178589,OUTBOUND,-47.74770736694336,-0.10052226779886227,0.0031999999191612005
1,58,0.90625,0.5549907684326172,57.45089340209961,updated,1.5344189405441284,-1.1771502494812012,7.633350849151611,1.1499296426773071,1.1353998184204102,63.030931694986066,29.951781773253423,1628,8,4,0,6,,1,63,-7.8240461349487305,5.751296520233154,-1.6626945734024048,OUTBOUND,-48.40471649169922,-0.10621461097265801,0.0031999999191612005
0,60,0.9375,1.0719630718231201,57.31635665893555,updated,1.5348780155181885,-1.1962882280349731,162.98350524902344,30.38552474975586,30.44190216064453,63.13977125598467,29.939646553608576,1629,8,5,1,4,WATCHDOG_DEADLINE,2,62,-7.824045658111572,5.794074535369873,-2.0124502182006836,OUTBOUND,-48.450138092041016,-0.05282860884199511,0.0031999999191612005
1,56,0.875,0.6701431274414062,57.63581466674805,updated,1.5353381633758545,-1.2078121900558472,40.36554718017578,2.1279866695404053,2.110752820968628,63.16299911699025,29.92762603232063,1630,8,6,0,8,,2,62,-7.824045658111572,5.819020748138428,-1.6443208456039429,OUTBOUND,-48.72227478027344,-0.0016679131496248392,0.0031999999191612005
1,58,0.90625,0.8260188102722168,56.85740661621094,updated,1.535798192024231,-1.186818242073059,130.27566528320312,31.523788452148438,31.389320373535156,63.184181324002566,29.915594306463458,1631,8,7,0,6,,3,61,-7.8240461349487305,5.76808500289917,-1.575707197189331,OUTBOUND,-48.19782638549805,0.020066815175706645,0.0031999999191612005
1,58,0.90625,1.053344964981079,57.387088775634766,updated,1.536258578300476,-1.1923701763153076,61.23112487792969,0.5478697419166565,0.5896589159965515,63.206202936999034,29.903525053628258,1632,8,8,0,6,,0,64,-7.8240461349487305,5.779092311859131,-1.5284169912338257,OUTBOUND,-48.525264739990234,0.047345882228522755,0.0031999999191612005
1,57,0.890625,0.7149108052253723,56.97453689575195,updated,1.5367190837860107,-1.1885888576507568,65.1798095703125,2.0532164573669434,2.0906407833099365,63.2276268809801,29.89146317204859,1633,8,9,0,7,,2,62,-7.8240461349487305,5.768345355987549,-1.9809458255767822,OUTBOUND,-47.95488357543945,0.04789730070442016,0.0031999999191612005
1,58,0.90625,1.0387994050979614,56.71152114868164,updated,1.5371794700622559,-1.189589262008667,139.87533569335938,0.967052698135376,1.0591638088226318,63.24792334300582,29.879398541748234,1634,8,10,0,6,,0,64,-7.8240461349487305,5.76874303817749,-1.697495460510254,OUTBOUND,-47.711387634277344,0.01892375423268803,0.0031999999191612005
1,55,0.859375,1.0699501037597656,57.50983810424805,updated,1.5376399755477905,-1.1896636486053467,71.5694808959961,29.489253997802734,29.361370086669922,63.35668958799215,29.867371124142398,1635,8,11,0,9,,2,62,-7.8240461349487305,5.766985893249512,-1.9255175590515137,OUTBOUND,-48.56522750854492,0.001101962640745207,0.0031999999191612005
1,57,0.890625,0.7960295677185059,56.75553894042969,updated,1.5381016731262207,-1.2178714275360107,74.73799896240234,31.178220748901367,31.036537170410156,63.378241669997806,29.855325828423652,1636,8,12,0,7,,4,60,-7.8240461349487305,5.830621242523193,-1.886335015296936,OUTBOUND,-47.7822380065918,0.0208277352281949,0.0031999999191612005
1,59,0.921875,1.082680106163025,57.24269104003906,updated,1.5385637283325195,-1.20493745803833,99.07560729980469,0.6711684465408325,0.6847594976425171,63.3998459620052,29.8432567777384,1637,8,13,0,5,,0,64,-7.8240461349487305,5.798607349395752,-1.8816709518432617,OUTBOUND,-48.20487976074219,0.04693603129137956,0.0031999999191612005
1,56,0.875,0.6729331612586975,58.08476638793945,updated,1.5390262603759766,-1.2029138803482056,79.06645202636719,0.38173946738243103,0.3611835837364197,63.41966228999081,29.83118246183413,1638,8,14,0,8,,0,64,-7.824045658111572,5.791958808898926,-1.690561294555664,OUTBOUND,-49.02809524536133,0.04334335104237813,0.0031999999191612005
0,60,0.9375,0.5062254071235657,57.608680725097656,updated,1.5394880771636963,-1.1779907941818237,30.45116424560547,2.4153947830200195,2.4023725986480713,63.52811461497913,29.81906271773822,1639,8,15,1,4,STALE_OR_INCOMPLETE_BUNDLE,2,62,-7.824045658111572,5.732207298278809,-1.744997501373291,OUTBOUND,-48.42058181762695,0.0753140022480133,0.0031999999191612005
1,56,0.875,0.8075545430183411,57.63220977783203,updated,1.539949655532837,-1.191444993019104,25.22564125061035,1.398653268814087,1.3857131004333496,63.551124315999914,29.806946491582515,1640,8,16,0,8,,1,63,-7.824045658111572,5.761490345001221,-1.6913573741912842,OUTBOUND,-48.38558578491211,0.11420018858407387,0.0031999999191612005
1,61,0.953125,0.8495810627937317,57.772396087646484,updated,1.5404120683670044,-1.2127348184585571,112.44053649902344,27.67300033569336,27.57235336303711,63.57499227198423,29.794825383458612,1641,8,17,0,3,,2,62,-7.824045658111572,5.808883190155029,-1.7920682430267334,OUTBOUND,-48.7633056640625,0.10030543238294194,0.0031999999191612005
1,57,0.890625,0.7277292013168335,58.10498809814453,updated,1.54087495803833,-1.208221197128296,136.53323364257812,29.914592742919922,29.836755752563477,63.596335067006294,29.782725981705983,1642,8,18,0,7,,1,63,-7.8240461349487305,5.796485424041748,-1.7312215566635132,OUTBOUND,-49.233402252197266,0.09346998903613227,0.0031999999191612005
1,55,0.859375,1.1068129539489746,57.95200729370117,updated,1.5413362979888916,-1.1611729860305786,22.699125289916992,0.30723097920417786,0.3193954825401306,63.62217674899148,29.770605546216082,1643,8,19,0,9,,0,64,-7.8240461349487305,5.685722351074219,-1.879710078239441,OUTBOUND,-49.333091735839844,0.10292941961599493,0.0031999999191612005
1,57,0.890625,0.5337206125259399,57.41590118408203,updated,1.54179847240448,-1.2137516736984253,28.570539474487305,2.58815860748291,2.633246660232544,63.64339751598891,29.75850098992724,1644,8,20,0,7,,2,62,-7.8240461349487305,5.80539083480835,-1.7880222797393799,OUTBOUND,-48.45309066772461,0.1282868248229842,0.0031999999191612005
1,61,0.953125,0.9072045683860779,57.65458679199219,updated,1.5422611236572266,-1.2120614051818848,36.950523376464844,2.2259275913238525,2.228900671005249,63.663646362983854,29.746372829705827,1645,8,21,0,3,,2,62,-7.824045658111572,5.799543380737305,-1.5950628519058228,OUTBOUND,-48.71820831298828,0.12894319091199347,0.0031999999191612005
1,58,0.90625,0.6402242183685303,58.2279052734375,updated,1.5427242517471313,-1.2105777263641357,28.45625114440918,1.40533447265625,1.4121170043945312,63.77139678498497,29.734275019224857,1646,8,22,0,6,,1,63,-7.8240461349487305,5.794180870056152,-1.8305703401565552,OUTBOUND,-49.10951614379883,0.10134606165466,0.0031999999191612005
1,59,0.921875,0.6274735927581787,57.94012451171875,updated,1.5431870222091675,-1.191143274307251,33.473388671875,1.3999931812286377,1.4453233480453491,63.793412113998784,29.72219767764008,1647,8,23,0,5,,1,63,-7.8240461349487305,5.747419357299805,-1.7684494256973267,OUTBOUND,-48.89430236816406,0.09104817760397993,0.0031999999191612005
1,57,0.890625,0.7146544456481934,58.13271713256836,updated,1.5436506271362305,-1.2231731414794922,2.0499753952026367,2.40492844581604,2.3948845863342285,63.81707376099075,29.710107336952372,1648,8,24,0,7,,2,62,-7.8240461349487305,5.819347858428955,-1.9562040567398071,OUTBOUND,-48.98554611206055,0.10498705543430811,0.0031999999191612005
1,59,0.921875,0.7511544227600098,58.20356750488281,updated,1.5441147089004517,-1.2160556316375732,6.820814609527588,1.30642831325531,1.3178986310958862,63.83852722297888,29.698003188574756,1649,8,25,0,5,,1,63,-7.8240461349487305,5.801002502441406,-1.8659839630126953,OUTBOUND,-49.189109802246094,0.1223386710985884,0.0031999999191612005
1,61,0.953125,0.557045578956604,58.65045928955078,updated,1.5445786714553833,-1.2023993730545044,9.10693645477295,0.3901132643222809,0.4052320122718811,63.86391923300107,29.685881347214206,1650,8,26,0,3,,0,64,-7.824045658111572,5.7676310539245605,-1.8357133865356445,OUTBOUND,-49.6994514465332,0.11967878644949322,0.0031999999191612005
0,59,0.921875,1.2184215784072876,58.29714584350586,updated,1.545042634010315,-1.2018307447433472,16.06511878967285,1.299816608428955,1.2977772951126099,63.982189344998915,29.673741945121133,1651,8,27,1,5,STALE_OR_INCOMPLETE_BUNDLE,1,63,-7.8240461349487305,5.764410495758057,-1.911692500114441,OUTBOUND,-49.23905563354492,0.12277853332793108,0.0031999999191612005
1,56,0.875,1.6117043495178223,58.55546188354492,updated,1.5455069541931152,-1.2175430059432983,6.170897006988525,0.5247937440872192,0.5606756806373596,64.00288768397877,29.661615216457676,1652,8,28,0,8,,0,64,-7.824045658111572,5.798618316650391,-2.2654216289520264,OUTBOUND,-49.59080123901367,0.14035573905340276,0.0031999999191612005
1,58,0.90625,0.8176852464675903,58.21015167236328,updated,1.5459716320037842,-1.2164264917373657,130.0847930908203,29.230541229248047,29.08003044128418,64.02502628799994,29.649501895472586,1653,8,29,0,6,,2,62,-7.8240461349487305,5.794122219085693,-2.0718207359313965,OUTBOUND,-49.221580505371094,0.16072262285262445,0.0031999999191612005
1,52,0.8125,1.5470408201217651,58.91314697265625,updated,1.5464369058609009,-1.2202880382537842,33.40822219848633,1.4841656684875488,1.4848698377609253,64.0483345130051,29.637364163260948,1654,8,30,0,12,,1,63,-7.8240461349487305,5.801056861877441,-1.7716631889343262,OUTBOUND,-49.643489837646484,0.17888088771309105,0.0031999999191612005
1,56,0.875,0.7082285284996033,58.07663345336914,updated,1.5469024181365967,-1.219820261001587,92.7560043334961,31.12431526184082,30.914243698120117,64.06972815998597,29.625225041967294,1655,8,31,0,8,,2,62,-7.824045658111572,5.798051357269287,-1.8876513242721558,OUTBOUND,-49.082252502441406,0.16960526688202204,0.0031999999191612005
1,59,0.921875,0.7565577626228333,57.50931167602539,updated,1.5473684072494507,-1.2225903272628784,45.128971099853516,31.319080352783203,31.204513549804688,64.17506136698648,29.61310913513169,1656,8,32,0,5,,2,62,-7.8240461349487305,5.802471160888672,-1.8889951705932617,OUTBOUND,-48.732688903808594,0.1559693497273638,0.0031999999191612005
1,56,0.875,1.0778228044509888,57.833892822265625,updated,1.5478343963623047,-1.2152938842773438,85.63735961914062,3.416682243347168,3.4397168159484863,64.20784242800437,29.601002658460786,1657,8,33,0,8,,3,61,-7.824045658111572,5.783823490142822,-1.7301300764083862,OUTBOUND,-48.899105072021484,0.1495296592226173,0.0031999999191612005
1,58,0.90625,0.7543580532073975,57.63968276977539,updated,1.5483005046844482,-1.2146822214126587,194.04396057128906,1.3311681747436523,1.4874567985534668,64.23232686100528,29.58889252698664,1658,8,34,0,6,,0,64,-7.8240461349487305,5.780503749847412,-1.7147622108459473,OUTBOUND,-48.65465545654297,0.14552140831767066,0.0031999999191612005
1,55,0.859375,0.6706244349479675,57.778717041015625,updated,1.5487666130065918,-1.2170289754867554,142.7050323486328,2.8343288898468018,2.858940601348877,64.25334785800078,29.57675935740896,1659,8,35,0,9,,2,62,-7.8240461349487305,5.7839579582214355,-1.9479724168777466,OUTBOUND,-48.689754486083984,0.14779690231508855,0.0031999999191612005
1,53,0.828125,0.9641196727752686,57.99558639526367,updated,1.5492329597473145,-1.2197576761245728,128.8145751953125,2.766221523284912,2.6644487380981445,64.27284973100177,29.564598127629292,1660,8,36,0,11,,2,62,-7.8240461349487305,5.7882795333862305,-1.8625081777572632,OUTBOUND,-48.66371154785156,0.1279369858101629,0.0031999999191612005
1,60,0.9375,0.7711341381072998,59.0858154296875,updated,1.5496997833251953,-1.2282599210739136,80.49465942382812,1.4845778942108154,1.4061849117279053,64.2943851389864,29.552502568816877,1661,8,37,0,4,,1,63,-7.824045658111572,5.805784225463867,-1.8583805561065674,OUTBOUND,-49.5672492980957,0.11441165086560251,0.0031999999191612005
1,56,0.875,1.029992938041687,58.817535400390625,updated,1.5501666069030762,-1.2188047170639038,65.95955657958984,0.562158465385437,0.4674719572067261,64.40279201499652,29.540421585010474,1662,8,38,0,8,,0,64,-7.824045658111572,5.7822699546813965,-1.433786153793335,OUTBOUND,-49.46257019042969,0.11505131536059636,0.0031999999191612005
1,58,0.90625,1.1063252687454224,59.37012481689453,updated,1.5506336688995361,-1.2208417654037476,16.32248306274414,0.315279096364975,0.3386463522911072,64.42434610598139,29.528324616270403,1663,8,39,0,6,,0,64,-7.8240461349487305,5.785004615783691,-1.636597752571106,OUTBOUND,-49.90913772583008,0.11491294909712438,0.0031999999191612005
1,55,0.859375,0.6998428106307983,59.6993522644043,updated,1.5511009693145752,-1.2310563325881958,107.5096206665039,1.4262264966964722,1.5374189615249634,64.44495116200414,29.516206189198417,1664,8,40,0,9,,1,63,-7.8240461349487305,5.8063788414001465,-1.7250607013702393,OUTBOUND,-50.45951843261719,0.1250677363489978,0.0031999999191612005
1,57,0.890625,1.6486690044403076,59.82530212402344,updated,1.5515685081481934,-1.2226228713989258,312.2642822265625,33.34994125366211,33.27587890625,64.46524643298471,29.504073975609213,1665,8,41,0,7,,3,61,-7.8240461349487305,5.7852396965026855,-1.4453526735305786,OUTBOUND,-50.64992904663086,0.1383221308589188,0.0031999999191612005
0,57,0.890625,0.7255613207817078,59.4217414855957,updated,1.552035927772522,-1.2198988199234009,168.6785430908203,3.103031873703003,2.955399751663208,64.47938575598528,29.4918484525065,1666,8,42,1,7,INSUFFICIENT_RECOVERY_RESERVE,2,62,-7.8240461349487305,5.777127265930176,-1.7556869983673096,OUTBOUND,-50.47100067138672,0.12494279163808676,0.0031999999191612005
0,58,0.90625,0.9246706366539001,59.19099426269531,updated,1.5525028705596924,-1.2094488143920898,155.52381896972656,2.936455488204956,2.6554155349731445,64.4942317979876,29.479696255803667,1667,8,43,1,6,INSUFFICIENT_RECOVERY_RESERVE,2,62,-7.8240461349487305,5.751451015472412,-1.794942021369934,OUTBOUND,-50.444007873535156,0.08649718968701348,0.0031999999191612005
0,56,0.875,0.8954739570617676,59.08992385864258,updated,1.552970051765442,-1.228279709815979,39.81301498413086,1.4264925718307495,1.3725019693374634,64.50798757898156,29.467549074542006,1668,8,44,1,8,INSUFFICIENT_RECOVERY_RESERVE,1,63,-7.824045658111572,5.792380332946777,-1.6136611700057983,OUTBOUND,-50.16472244262695,0.04794729605763744,0.0031999999191612005
0,61,0.953125,1.3391871452331543,58.6301155090332,updated,1.55343759059906,-1.2274662256240845,57.27450180053711,0.4467509984970093,0.5824411511421204,64.60985230698134,29.455385087089454,1669,8,45,1,3,INSUFFICIENT_RECOVERY_RESERVE,0,64,-7.824045658111572,5.788622856140137,-1.50153648853302,OUTBOUND,-49.7982177734375,0.010382259884382442,0.0031999999191612005
0,58,0.90625,1.0332775115966797,58.27581024169922,updated,1.5539050102233887,-1.225830078125,69.35823822021484,1.7903938293457031,1.9139753580093384,64.62690985499648,29.443160549612884,1670,8,46,1,6,INSUFFICIENT_RECOVERY_RESERVE,1,63,-7.8240461349487305,5.783003330230713,-1.7445509433746338,OUTBOUND,-49.39029312133789,-0.017622127047777783,0.0031999999191612005
1,61,0.953125,0.8466657996177673,58.75050735473633,updated,1.5543724298477173,-1.2194710969924927,103.22957611083984,0.6882509589195251,0.7553381323814392,64.64662711397978,29.430910292772076,1671,8,47,0,3,,0,64,-7.824045658111572,5.76667594909668,-1.782100796699524,OUTBOUND,-49.68893051147461,-0.010930705436025149,0.0031999999191612005
1,58,0.90625,0.9802533984184265,58.77507400512695,updated,1.5548392534255981,-1.2087743282318115,31.80593490600586,2.4018566608428955,2.3634021282196045,64.66801849598414,29.418661515183313,1672,8,48,0,6,,2,62,-7.8240461349487305,5.740538120269775,-1.7307201623916626,OUTBOUND,-49.741249084472656,0.0011331043738027915,0.0031999999191612005
1,56,0.875,0.86481773853302,59.079193115234375,updated,1.5553065538406372,-1.2383288145065308,37.827022552490234,3.0107297897338867,3.076150417327881,64.68888856098056,29.406459153808388,1673,8,49,0,8,,3,61,-7.824045658111572,5.805634021759033,-1.6024154424667358,OUTBOUND,-49.958492279052734,-0.015986774665005855,0.0031999999191612005
1,54,0.84375,1.0453546047210693,59.680389404296875,updated,1.5557746887207031,-1.244294285774231,25.172534942626953,2.3318979740142822,2.367982864379883,64.79700195899932,29.394264440690336,1674,8,50,0,10,,2,62,-7.824046611785889,5.817231178283691,-1.7996312379837036,OUTBOUND,-50.60054016113281,-0.0170156713414934,0.0031999999191612005
1,59,0.921875,1.1553922891616821,59.48468017578125,updated,1.5562433004379272,-1.2395915985107422,25.456430435180664,1.5481436252593994,1.5403484106063843,64.81736920998082,29.382066829123982,1675,8,51,0,5,,1,63,-7.8240461349487305,5.804673671722412,-1.9194937944412231,OUTBOUND,-50.418426513671875,0.011539376066998994,0.0031999999191612005
1,59,0.921875,0.7643120288848877,59.12126159667969,updated,1.5567117929458618,-1.2242937088012695,34.01925277709961,0.4054206609725952,0.38291803002357483,64.83891675999621,29.36990712137235,1676,8,52,0,5,,0,64,-7.8240461349487305,5.768174171447754,-1.5968977212905884,OUTBOUND,-50.15940475463867,0.033356531258537825,0.0031999999191612005
1,61,0.953125,0.8353449106216431,59.851715087890625,updated,1.5571801662445068,-1.229235053062439,15.190017700195312,0.3286493420600891,0.33231040835380554,64.85997345298529,29.35778241620782,1677,8,53,0,3,,0,64,-7.824045658111572,5.777456760406494,-1.6481584310531616,OUTBOUND,-50.747344970703125,0.056658172667428765,0.0031999999191612005
1,57,0.890625,0.8666753768920898,60.0179557800293,updated,1.557647943496704,-1.2134342193603516,71.01849365234375,1.4171737432479858,1.3570643663406372,64.8791692389932,29.345642910417855,1678,8,54,0,7,,1,63,-7.8240461349487305,5.739892482757568,-1.6940723657608032,OUTBOUND,-51.067718505859375,0.0921776623570189,0.0031999999191612005
1,56,0.875,0.5296854972839355,59.73137283325195,updated,1.558115005493164,-1.2064011096954346,41.0556526184082,2.3859286308288574,2.278085470199585,64.89994754598592,29.333483767221423,1679,8,55,0,8,,2,62,-7.824045658111572,5.722165584564209,-1.772461175918579,OUTBOUND,-50.63908004760742,0.08835354404365982,0.0031999999191612005
1,60,0.9375,1.004012107849121,59.717567443847656,updated,1.5585826635360718,-1.2459542751312256,23.95528221130371,2.196748733520508,2.139143705368042,64.92110393499024,29.32136856162233,1680,8,56,0,4,,2,62,-7.824045658111572,5.80951452255249,-2.0271594524383545,OUTBOUND,-50.63971710205078,0.0663208706282157,0.0031999999191612005
0,58,0.90625,0.6388429999351501,59.6177978515625,updated,1.559050440788269,-1.2286391258239746,50.93088912963867,0.24575087428092957,0.30635929107666016,65.03157235699473,29.30919947745705,1681,8,57,1,6,WATCHDOG_DEADLINE,0,64,-7.8240461349487305,5.768596172332764,-2.020866870880127,OUTBOUND,-50.66661071777344,0.044438920983179274,0.0031999999191612005
1,58,0.90625,0.7004007697105408,60.164085388183594,updated,1.5595186948776245,-1.2444394826889038,32.21730041503906,0.23705929517745972,0.26730936765670776,65.05179894299363,29.29703864356629,1682,8,58,0,6,,0,64,-7.8240461349487305,5.802306175231934,-2.0107433795928955,OUTBOUND,-51.03810501098633,0.012448485428359201,0.0031999999191612005
1,61,0.953125,0.988848865032196,59.483760833740234,updated,1.5599881410598755,-1.2634600400924683,56.180519104003906,1.2553445100784302,1.2367112636566162,65.0746413099987,29.284868792508654,1683,8,59,0,3,,1,63,-7.824045658111572,5.843214511871338,-1.9474923610687256,OUTBOUND,-50.085472106933594,0.0054926631498224176,0.0031999999191612005
1,57,0.890625,0.6461373567581177,59.779441833496094,updated,1.5604579448699951,-1.2445573806762695,11.486834526062012,2.3470840454101562,2.3425726890563965,65.09480026899837,29.272743892689626,1684,8,60,0,7,,2,62,-7.8240461349487305,5.798780918121338,-1.8018959760665894,OUTBOUND,-50.3527946472168,-0.006204512243338253,0.0031999999191612005
1,61,0.953125,1.0987180471420288,59.71860122680664,updated,1.5609275102615356,-1.2272154092788696,33.194889068603516,0.4647611379623413,0.44614356756210327,65.1174568659917,29.260614614912523,1685,8,61,0,3,,0,64,-7.824045658111572,5.7579145431518555,-1.7385276556015015,OUTBOUND,-50.594993591308594,-0.04224418934961111,0.0031999999191612005
1,58,0.90625,1.1713308095932007,60.174400329589844,updated,1.5613969564437866,-1.2354575395584106,16.079120635986328,0.39327681064605713,0.40142279863357544,65.13890219997847,29.248468970014514,1686,8,62,0,6,,0,64,-7.8240461349487305,5.774561882019043,-1.7182154655456543,OUTBOUND,-51.160526275634766,-0.052731015111125636,0.0031999999191612005
1,50,0.78125,0.7113181948661804,60.484474182128906,updated,1.561866283416748,-1.2334582805633545,26.691076278686523,0.33425137400627136,0.3744295537471771,65.24572094198084,29.2363615506863,1687,8,63,0,14,,0,64,-7.8240461349487305,5.768202304840088,-2.004335880279541,OUTBOUND,-51.40629959106445,-0.05262892361707618,0.0031999999191612005
1,58,0.90625,0.8004111647605896,59.66936111450195,updated,1.5623362064361572,-1.2526692152023315,5.132801532745361,0.3469085693359375,0.35678333044052124,65.26658493999275,29.22422394381191,1688,8,64,0,6,,0,64,-7.8240461349487305,5.809422016143799,-1.7390823364257812,OUTBOUND,-50.50621032714844,-0.07806800377996118,0.0031999999191612005
1,60,0.9375,0.908315122127533,60.08709716796875,updated,1.5628042221069336,-1.1854455471038818,173.85423278808594,30.79424476623535,30.620634078979492,65.28730064598494,29.212075435599147,1689,8,65,0,4,,2,62,-7.824045658111572,5.656862735748291,-2.139035940170288,OUTBOUND,-50.993614196777344,-0.0750664076410348,0.0031999999191612005
1,60,0.9375,1.4833958148956299,60.23310852050781,updated,1.5632725954055786,-1.2456278800964355,15.830710411071777,0.38843053579330444,0.38205352425575256,65.30894387199078,29.19996747753207,1690,8,66,0,4,,0,64,-7.824045658111572,5.789874076843262,-2.1075828075408936,OUTBOUND,-51.21562957763672,-0.03985162970268874,0.0031999999191612005
0,58,0.90625,1.215039849281311,59.78126525878906,updated,1.5637397766113281,-1.2018402814865112,18.573883056640625,2.391646385192871,2.3768210411071777,65.41581474000122,29.18784064185377,1691,8,67,1,6,STALE_OR_INCOMPLETE_BUNDLE,2,62,-7.8240461349487305,5.689996242523193,-2.0156896114349365,OUTBOUND,-51.05434799194336,-0.028421413194000753,0.0031999999191612005
1,60,0.9375,0.37266474962234497,60.205501556396484,updated,1.5642064809799194,-1.2195364236831665,36.05381774902344,0.24654081463813782,0.2943688631057739,65.43996541399974,29.175716397853382,1692,8,68,0,4,,0,64,-7.824045658111572,5.727779865264893,-1.866969347000122,OUTBOUND,-51.19924545288086,-0.03746740592621212,0.0031999999191612005
1,59,0.921875,1.1213370561599731,59.981529235839844,updated,1.5646731853485107,-1.2339441776275635,71.88276672363281,0.4005175530910492,0.4647640585899353,65.46076002600603,29.163586857889065,1693,8,69,0,5,,0,64,-7.8240461349487305,5.75816535949707,-2.099090099334717,OUTBOUND,-50.812599182128906,-0.03554237349088656,0.0031999999191612005
1,56,0.875,0.5337628722190857,59.481475830078125,updated,1.5651401281356812,-1.2351552248001099,73.86173248291016,0.4410180449485779,0.4610636830329895,65.48251044299104,29.15144674258892,1694,8,70,0,8,,0,64,-7.824045658111572,5.759032249450684,-1.9794853925704956,OUTBOUND,-50.33899688720703,-0.014269036248896118,0.0031999999191612005
1,55,0.859375,0.5530080199241638,60.19213104248047,updated,1.5656074285507202,-1.244962215423584,139.84384155273438,33.94400405883789,33.96286392211914,65.50334145699162,29.139306481083693,1695,8,71,0,9,,3,61,-7.8240461349487305,5.779086112976074,-1.7193456888198853,OUTBOUND,-50.99893569946289,0.01465353901377228,0.0031999999191612005
1,57,0.890625,0.8368330001831055,59.599369049072266,updated,1.566075086593628,-1.2427265644073486,104.92147827148438,32.55743408203125,32.62579345703125,65.52388080197852,29.127191938566543,1696,8,72,0,7,,2,62,-7.8240461349487305,5.772248268127441,-1.6906108856201172,OUTBOUND,-50.798095703125,0.048294368254157005,0.0031999999191612005
1,61,0.953125,0.8462859988212585,59.608428955078125,updated,1.5665439367294312,-1.2698725461959839,79.44355773925781,0.5287617444992065,0.4552069306373596,65.54576698498568,29.115060482224074,1697,8,73,0,3,,0,64,-7.824045658111572,5.830918788909912,-2.114698648452759,OUTBOUND,-50.52323913574219,0.07286639119195049,0.0031999999191612005
1,59,0.921875,0.963557243347168,60.22382736206055,updated,1.5670123100280762,-1.223403811454773,82.86801147460938,32.703487396240234,32.699440002441406,65.65225529298186,29.10291932930889,1698,8,74,0,5,,2,62,-7.8240461349487305,5.7255072593688965,-1.6131094694137573,OUTBOUND,-51.336181640625,0.08558907227255128,0.0031999999191612005
1,58,0.90625,0.5273261070251465,59.644657135009766,updated,1.5674810409545898,-1.2517619132995605,127.52589416503906,0.7262322902679443,0.6724201440811157,65.6744151909952,29.09076126267361,1699,8,75,0,6,,0,64,-7.8240461349487305,5.78682804107666,-1.8513882160186768,OUTBOUND,-50.55673599243164,0.10029823742072466,0.0031999999191612005
1,57,0.890625,1.464068055152893,59.625244140625,updated,1.5679506063461304,-1.2606717348098755,132.9583282470703,0.7157286405563354,0.742491602897644,65.69479262799723,29.07862273629335,1700,8,76,0,7,,0,64,-7.8240461349487305,5.8047966957092285,-1.57828950881958,OUTBOUND,-50.601531982421875,0.11153675472739388,0.0031999999191612005
1,55,0.859375,0.8745123147964478,60.19655990600586,updated,1.568420648574829,-1.2557348012924194,27.471872329711914,3.4271795749664307,3.4372363090515137,65.71676699299132,29.066469650408276,1701,8,77,0,9,,3,61,-7.8240461349487305,5.791952133178711,-1.8841044902801514,OUTBOUND,-50.92951202392578,0.12666847171830325,0.0031999999191612005
1,58,0.90625,0.8071045875549316,60.63349533081055,updated,1.568890929222107,-1.2545684576034546,78.64514923095703,0.5944650173187256,0.6418408155441284,65.73894050499075,29.054290376407593,1702,8,78,0,6,,0,64,-7.8240461349487305,5.787501811981201,-1.804316520690918,OUTBOUND,-51.12984848022461,0.11944196420785679,0.0031999999191612005
0,57,0.890625,0.9863733053207397,60.73891067504883,updated,1.5693607330322266,-1.2281523942947388,18.368038177490234,0.3176116943359375,0.3313443958759308,65.84974919099477,29.0420747056574,1703,8,79,1,7,STALE_OR_INCOMPLETE_BUNDLE,0,64,-7.8240461349487305,5.726991176605225,-1.8275004625320435,OUTBOUND,-51.600059509277344,0.07075241067088202,0.0031999999191612005
1,58,0.90625,0.7105258703231812,61.238059997558594,updated,1.5698307752609253,-1.2543017864227295,152.42140197753906,4.70761775970459,4.614945411682129,65.86980161099927,29.02991728792617,1704,8,80,0,6,,4,60,-7.8240461349487305,5.783204078674316,-1.733612298965454,OUTBOUND,-51.91961669921875,0.03488654778894898,0.0031999999191612005
1,60,0.9375,0.9227771162986755,60.87049865722656,updated,1.5703011751174927,-1.2558226585388184,48.72012710571289,1.2140930891036987,1.2065316438674927,65.89199786298559,29.017747089453653,1705,8,81,0,4,,1,63,-7.824045658111572,5.784727573394775,-1.6050388813018799,OUTBOUND,-51.821598052978516,0.030158473520648706,0.0031999999191612005
1,60,0.9375,0.8502258062362671,60.37708282470703,updated,1.570772409439087,-1.266606092453003,10.87303638458252,0.5173338055610657,0.5351933240890503,65.91289991699159,29.00558144341683,1706,8,82,0,4,,0,64,-7.824045658111572,5.806775093078613,-1.7001073360443115,OUTBOUND,-51.38859558105469,0.04504186743066039,0.0031999999191612005
1,57,0.890625,1.4252265691757202,60.617347717285156,updated,1.5712450742721558,-1.289980411529541,39.81742477416992,2.42175555229187,2.429408550262451,65.93342178399325,28.99341273491165,1707,8,83,0,7,,2,62,-7.8240461349487305,5.856672763824463,-1.9876255989074707,OUTBOUND,-51.023521423339844,0.07448183757751803,0.0031999999191612005
1,60,0.9375,0.8665832281112671,60.9875373840332,updated,1.571717619895935,-1.2520993947982788,26.18089485168457,1.399867057800293,1.3606888055801392,66.03717034499277,28.981258722959314,1708,8,84,0,4,,1,63,-7.824045658111572,5.770938396453857,-1.5671610832214355,OUTBOUND,-51.99383544921875,0.08507563539878116,0.0031999999191612005
1,57,0.890625,1.1385129690170288,60.29299545288086,updated,1.5721896886825562,-1.2425109148025513,8.868896484375,0.3827741742134094,0.38892707228660583,66.05828187600127,28.969110215382518,1709,8,85,0,7,,0,64,-7.8240461349487305,5.747890472412109,-1.9097509384155273,OUTBOUND,-51.46222686767578,0.07468605400127068,0.0031999999191612005
1,57,0.890625,1.4276840686798096,60.4494743347168,updated,1.5726618766784668,-1.2562639713287354,360.46380615234375,97.53311157226562,97.27783966064453,66.07860117900418,28.956989956843028,1710,8,86,0,7,,3,61,-7.8240461349487305,5.776462078094482,-1.405329704284668,OUTBOUND,-51.586463928222656,0.057937935137649506,0.0031999999191612005
1,56,0.875,1.2351810932159424,60.729732513427734,updated,1.5731338262557983,-1.2472712993621826,70.40081787109375,0.3483075797557831,0.37732958793640137,66.09819801899721,28.944881317112113,1711,8,87,0,8,,0,64,-7.824045658111572,5.754759311676025,-1.6646690368652344,OUTBOUND,-51.90983963012695,0.050387186751511305,0.0031999999191612005
0,59,0.921875,1.2223436832427979,60.04521179199219,updated,1.573606252670288,-1.2674847841262817,90.7233657836914,34.601806640625,34.4787712097168,66.11644778298796,28.932699231700656,1712,8,88,1,5,NO_GENERATOR_SET,3,61,-7.8240461349487305,5.797549724578857,-1.6642546653747559,OUTBOUND,-51.05745315551758,0.018774109000924948,0.0031999999191612005
1,58,0.90625,0.9643096923828125,60.51089859008789,updated,1.5740782022476196,-1.2416688203811646,155.5692138671875,0.9042739868164062,0.9850773811340332,66.1368159709964,28.92056263380968,1713,8,89,0,6,,0,64,-7.8240461349487305,5.738754749298096,-1.849743127822876,OUTBOUND,-51.330814361572266,-0.0070002893819461785,0.0031999999191612005
1,59,0.921875,1.0421688556671143,60.381629943847656,updated,1.5745511054992676,-1.283737063407898,180.5264434814453,0.9828439950942993,1.0174983739852905,66.16003441700013,28.908441499451417,1714,8,90,0,5,,0,64,-7.8240461349487305,5.8296732902526855,-2.0234732627868652,OUTBOUND,-51.098201751708984,-0.0012587603210693615,0.0031999999191612005
1,54,0.84375,1.3978781700134277,60.665504455566406,updated,1.5750247240066528,-1.2782517671585083,98.43445587158203,3.683769702911377,3.6307990550994873,66.2644143679936,28.896302655358742,1715,8,91,0,10,,3,61,-7.824046611785889,5.8157172203063965,-2.1256208419799805,OUTBOUND,-50.96580505371094,0.005734695000596579,0.0031999999191612005
0,58,0.90625,0.7201976180076599,60.974395751953125,updated,1.575498104095459,-1.2516096830368042,100.16439819335938,1.6363897323608398,1.579512119293213,66.28849313399405,28.88411007007406,1716,8,92,1,6,NO_GENERATOR_SET,1,63,-7.8240461349487305,5.755204677581787,-1.6683189868927002,OUTBOUND,-51.47930908203125,-0.0186182926044049,0.0031999999191612005
1,60,0.9375,1.181624412536621,61.61935043334961,updated,1.575972080230713,-1.2765583992004395,25.41748046875,1.3112704753875732,1.2823197841644287,66.309708115994,28.871931179477077,1717,8,93,0,4,,1,63,-7.824045658111572,5.808267116546631,-1.9790858030319214,OUTBOUND,-52.094696044921875,-0.05317923298915971,0.0031999999191612005
1,60,0.9375,0.8277743458747864,61.651161193847656,updated,1.5764461755752563,-1.2647947072982788,50.485172271728516,2.249335527420044,2.2702510356903076,66.33043660098338,28.85976480524116,1718,8,94,0,4,,2,62,-7.824045658111572,5.780548572540283,-1.7179213762283325,OUTBOUND,-52.148529052734375,-0.04202886407366842,0.0031999999191612005
1,56,0.875,1.0011775493621826,61.092552185058594,updated,1.5769195556640625,-1.2470208406448364,217.27597045898438,36.88396453857422,36.9672737121582,66.35192992998054,28.847629524499748,1719,8,95,0,8,,3,61,-7.824045658111572,5.739663124084473,-1.736042857170105,OUTBOUND,-52.126914978027344,-0.040531201397543536,0.0031999999191612005
1,55,0.859375,0.9231486320495605,61.287837982177734,updated,1.5773937702178955,-1.2831538915634155,67.48284149169922,2.3410141468048096,2.3429086208343506,66.37465597499977,28.83552281808304,1720,8,96,0,9,,2,62,-7.8240461349487305,5.817187309265137,-1.5900977849960327,OUTBOUND,-52.07875442504883,-0.044843967512754275,0.0031999999191612005
1,56,0.875,0.64679354429245,61.268089294433594,updated,1.5778677463531494,-1.2559672594070435,60.29317855834961,1.5217057466506958,1.506459355354309,66.48019739598385,28.823425661923295,1721,8,97,0,8,,1,63,-7.824045658111572,5.755679607391357,-1.838579535484314,OUTBOUND,-52.2155876159668,-0.02425493369717594,0.0031999999191612005
1,60,0.9375,0.8019773364067078,61.347816467285156,updated,1.5783424377441406,-1.2862365245819092,11.806050300598145,0.31285718083381653,0.31082290410995483,66.5055194759916,28.811365419404297,1722,8,98,0,4,,0,64,-7.824045658111572,5.820234298706055,-1.9596505165100098,OUTBOUND,-52.30826187133789,-0.015834602372140193,0.0031999999191612005
1,58,0.90625,0.6268893480300903,61.296966552734375,updated,1.5788167715072632,-1.255661964416504,178.8159942626953,35.736087799072266,35.48016357421875,66.52782035298878,28.799325799205242,1723,8,99,0,6,,3,61,-7.8240461349487305,5.75137996673584,-1.6385608911514282,OUTBOUND,-52.48881530761719,-0.020746792044434043,0.0031999999191612005
1,58,0.90625,0.969537079334259,61.3036994934082,updated,1.5792917013168335,-1.2815128564834595,94.92729187011719,0.300454318523407,0.41383931040763855,66.54998590200557,28.787278763488178,1724,8,100,0,6,,0,64,-7.8240461349487305,5.806176662445068,-1.941283106803894,OUTBOUND,-52.28592300415039,-0.010704494052477614,0.0031999999191612005
0,60,0.9375,0.5030151605606079,60.847660064697266,updated,1.579766869544983,-1.2764800786972046,103.12747955322266,1.518755316734314,1.6079753637313843,66.65411775698885,28.775179148006075,1725,8,101,1,4,STALE_OR_INCOMPLETE_BUNDLE,1,63,-7.824045658111572,5.793316841125488,-1.6226590871810913,OUTBOUND,-51.543479919433594,-0.04038464000289073,0.0031999999191612005
1,58,0.90625,0.6219616532325745,61.29010772705078,updated,1.5802417993545532,-1.2639036178588867,40.24547576904297,3.895371437072754,3.8859293460845947,66.67757746798452,28.76307225139998,1726,8,102,0,6,,3,61,-7.8240461349487305,5.763976097106934,-1.886927604675293,OUTBOUND,-51.94927978515625,-0.09461782553123647,0.0031999999191612005
1,58,0.90625,0.7199706435203552,61.37406539916992,updated,1.5807163715362549,-1.2553900480270386,70.40343475341797,1.425868272781372,1.3960599899291992,66.69883023700095,28.750957629799608,1727,8,103,0,6,,1,63,-7.8240461349487305,5.743554592132568,-1.8412482738494873,OUTBOUND,-52.1260871887207,-0.11950032451041462,0.0031999999191612005
1,61,0.953125,0.7283540368080139,60.85725021362305,updated,1.581190586090088,-1.2630059719085693,66.34280395507812,34.290016174316406,34.334754943847656,66.7186347139941,28.738823106361362,1728,8,104,0,3,,1,63,-7.824045658111572,5.758388996124268,-1.810956358909607,OUTBOUND,-51.73161315917969,-0.1407100227761433,0.0031999999191612005
1,57,0.890625,0.8155470490455627,61.500850677490234,updated,1.5816653966903687,-1.2806497812271118,21.024255752563477,2.658590316772461,2.648869752883911,66.73964911099756,28.726700243668677,1729,8,105,0,7,,2,62,-7.8240461349487305,5.79509162902832,-1.7101138830184937,OUTBOUND,-52.33714294433594,-0.13540565420295345,0.0031999999191612005
1,58,0.90625,0.9152566194534302,61.09762954711914,updated,1.5821396112442017,-1.2562953233718872,109.08521270751953,34.52415466308594,34.579566955566406,66.7611153429898,28.714585630700107,1730,8,106,0,6,,2,62,-7.8240461349487305,5.74014139175415,-2.0643067359924316,OUTBOUND,-52.17010498046875,-0.09940695576463707,0.0031999999191612005
1,59,0.921875,0.7568609714508057,61.364418029785156,updated,1.5826141834259033,-1.2803583145141602,99.0472640991211,35.48556137084961,35.43850326538086,66.78432379598962,28.702486931292366,1731,8,107,0,5,,2,62,-7.8240461349487305,5.79080057144165,-1.9589346647262573,OUTBOUND,-52.322593688964844,-0.09281760639957085,0.0031999999191612005
1,56,0.875,1.2190959453582764,61.00341033935547,updated,1.5830888748168945,-1.270856261253357,28.22598648071289,4.368249893188477,4.3564043045043945,66.8894557080057,28.690370517711912,1732,8,108,0,8,,4,60,-7.824045658111572,5.768279552459717,-1.543982744216919,OUTBOUND,-51.89539337158203,-0.0844045362628931,0.0031999999191612005
1,58,0.90625,0.8063163757324219,61.41402053833008,updated,1.583564281463623,-1.2900636196136475,127.01908874511719,0.6990718245506287,0.8348336815834045,66.91146831898368,28.67827434252073,1733,8,109,0,6,,0,64,-7.8240461349487305,5.808283805847168,-1.9285962581634521,OUTBOUND,-52.07999801635742,-0.06368082563280832,0.0031999999191612005
1,52,0.8125,0.7188047170639038,60.38832473754883,updated,1.584039568901062,-1.2706236839294434,17.815135955810547,34.128055572509766,34.01420974731445,66.93262760600192,28.66619907863122,1734,8,110,0,12,,4,60,-7.8240461349487305,5.764159202575684,-1.5952987670898438,OUTBOUND,-51.170677185058594,-0.049703492191323535,0.0031999999191612005
1,62,0.96875,0.852937638759613,61.155059814453125,updated,1.5845152139663696,-1.2845184803009033,121.2691879272461,2.659536838531494,2.7965497970581055,66.9531075139821,28.65414433721225,1735,8,111,0,2,,2,62,-7.824045658111572,5.792562961578369,-1.8232529163360596,OUTBOUND,-51.839759826660156,-0.038756720940231755,0.0031999999191612005
1,55,0.859375,1.4310413599014282,62.14004898071289,updated,1.5849907398223877,-1.273651361465454,101.12860870361328,1.5427547693252563,1.5966907739639282,66.97770945599768,28.642100660872778,1736,8,112,0,9,,1,63,-7.8240461349487305,5.767131805419922,-1.9796260595321655,OUTBOUND,-52.64438247680664,-0.03150383908833625,0.0031999999191612005
0,58,0.90625,0.5963433384895325,61.79252624511719,updated,1.5854662656784058,-1.2741081714630127,108.8898696899414,0.6705783605575562,0.6492576599121094,67.09317447498324,28.63001572938941,1737,8,113,1,6,STALE_OR_INCOMPLETE_BUNDLE,0,64,-7.8240461349487305,5.766320705413818,-1.652056097984314,OUTBOUND,-52.32893753051758,-0.06107413536746217,0.0031999999191612005
1,60,0.9375,0.9063518643379211,62.047096252441406,updated,1.5859426259994507,-1.2949906587600708,10.101584434509277,2.3882834911346436,2.376967430114746,67.11525478897966,28.61792547352944,1738,8,114,0,4,,2,62,-7.824045658111572,5.809830665588379,-1.7742506265640259,OUTBOUND,-52.13821792602539,-0.1056798983080715,0.0031999999191612005
1,56,0.875,1.0752893686294556,62.64836883544922,updated,1.5864195823669434,-1.2976434230804443,50.04817581176758,1.575692892074585,1.6429286003112793,67.13685418799287,28.605806419218315,1739,8,115,0,8,,1,63,-7.824045658111572,5.813752174377441,-1.8001309633255005,OUTBOUND,-53.138763427734375,-0.0914090160351847,0.0031999999191612005
1,60,0.9375,1.1974819898605347,62.95465087890625,updated,1.5868971347808838,-1.2950894832611084,106.71307373046875,1.7000008821487427,1.8476449251174927,67.1594075979956,28.59370641177989,1740,8,116,0,4,,1,63,-7.824045658111572,5.806384563446045,-1.8101345300674438,OUTBOUND,-53.579315185546875,-0.05819453432761216,0.0031999999191612005
1,57,0.890625,1.0016038417816162,62.511573791503906,updated,1.5873750448226929,-1.2949639558792114,109.61422729492188,1.5662461519241333,1.6454041004180908,67.18554635500186,28.581600283414932,1741,8,117,0,7,,1,63,-7.8240461349487305,5.804283618927002,-1.9645273685455322,OUTBOUND,-53.193016052246094,-0.058901909915313924,0.0031999999191612005
1,58,0.90625,0.8084231615066528,62.37712097167969,updated,1.5878528356552124,-1.2776846885681152,49.813331604003906,0.4579660892486572,0.4743615984916687,67.28865291699185,28.56949760386839,1742,8,118,0,6,,0,64,-7.8240461349487305,5.76506233215332,-1.8140485286712646,OUTBOUND,-53.25574493408203,-0.06012454024224233,0.0031999999191612005
1,56,0.875,1.2050268650054932,62.39202117919922,updated,1.5883299112319946,-1.2656886577606201,27.157581329345703,0.3477548062801361,0.3279274106025696,67.309515498986,28.55740703071769,1743,8,119,0,8,,0,64,-7.824045658111572,5.737318515777588,-1.8824387788772583,OUTBOUND,-53.372318267822266,-0.03902393903138328,0.0031999999191612005
1,57,0.890625,1.123766303062439,61.8447151184082,updated,1.588806390762329,-1.2685333490371704,34.46558380126953,0.451347678899765,0.4969768226146698,67.32954770998913,28.54531308904739,1744,8,120,0,7,,0,64,-7.8240461349487305,5.741689682006836,-1.9968008995056152,OUTBOUND,-52.8078498840332,-0.03306126251633469,0.0031999999191612005
1,56,0.875,0.8520954847335815,62.172664642333984,updated,1.5892829895019531,-1.279658555984497,110.59245300292969,35.36078643798828,35.10218811035156,67.35136592699564,28.533198544777417,1745,8,121,0,8,,1,63,-7.824045658111572,5.763942718505859,-1.6068428754806519,OUTBOUND,-53.27809524536133,-0.05228888950702729,0.0031999999191612005
1,58,0.90625,0.7955851554870605,61.67411422729492,updated,1.5897594690322876,-1.2832636833190918,176.75518798828125,65.15805053710938,64.72831726074219,67.37350381200667,28.52106682483149,1746,8,122,0,6,,2,62,-7.8240461349487305,5.76993465423584,-1.9689346551895142,OUTBOUND,-52.941951751708984,-0.05814933804470255,0.0031999999191612005
1,62,0.96875,1.193263292312622,62.021583557128906,updated,1.5902364253997803,-1.2935221195220947,160.21133422851562,0.9049677848815918,1.051374077796936,67.39602953798021,28.50894962793817,1747,8,123,0,2,,0,64,-7.824045658111572,5.790271759033203,-2.112189292907715,OUTBOUND,-52.98219680786133,-0.03522147236503245,0.0031999999191612005
1,55,0.859375,0.8664531111717224,61.84408187866211,updated,1.5907137393951416,-1.2936537265777588,193.36993408203125,1.2118468284606934,1.2716152667999268,67.50549155598856,28.49683366280534,1748,8,124,0,9,,0,64,-7.8240461349487305,5.788751602172852,-1.946139931678772,OUTBOUND,-52.628292083740234,-0.011101710334653216,0.0031999999191612005
1,57,0.890625,0.8737616539001465,61.699989318847656,updated,1.5911917686462402,-1.306155800819397,199.78492736816406,2.38844633102417,2.3174753189086914,67.52705557999434,28.484707514797808,1749,8,125,0,7,,1,63,-7.8240461349487305,5.813882350921631,-1.8971894979476929,OUTBOUND,-52.25086975097656,-0.007086898473060237,0.0031999999191612005
1,54,0.84375,0.6825886964797974,61.714576721191406,updated,1.5916697978973389,-1.2862777709960938,153.6717987060547,3.3244969844818115,3.1784284114837646,67.54814339699806,28.472607912535825,1750,8,126,0,10,,2,62,-7.824046611785889,5.769265651702881,-1.8385251760482788,OUTBOUND,-52.25416564941406,0.0005358969510707087,0.0031999999191612005
1,57,0.890625,1.0504084825515747,62.73064041137695,updated,1.592147707939148,-1.2852779626846313,136.14349365234375,1.852776050567627,1.6621034145355225,67.56889848600258,28.4604724870615,1751,8,127,0,7,,1,63,-7.8240461349487305,5.765324592590332,-2.098393201828003,OUTBOUND,-53.03553771972656,0.016770891198841464,0.0031999999191612005
1,60,0.9375,0.9467184543609619,62.64506912231445,updated,1.5926262140274048,-1.303977131843567,96.32815551757812,0.6078283786773682,0.4382443130016327,67.59191304500564,28.448370105259038,1752,8,128,0,4,,0,64,-7.824045658111572,5.803745746612549,-1.8945783376693726,OUTBOUND,-53.04959487915039,0.03214496522735118,0.0031999999191612005
1,62,0.96875,1.3043115139007568,63.3393440246582,updated,1.593104362487793,-1.2812891006469727,140.18902587890625,31.983610153198242,32.08080291748047,67.61577554699033,28.436251485890843,1753,8,129,0,2,,1,63,-7.824045658111572,5.753184795379639,-1.8127230405807495,OUTBOUND,-54.01079559326172,0.04267421065072309,0.0031999999191612005
1,60,0.9375,1.207653284072876,62.750755310058594,updated,1.5935815572738647,-1.2631080150604248,46.63872146606445,0.5388774275779724,0.6107110977172852,67.71813697798643,28.4241190112425,1754,8,130,0,4,,0,64,-7.824045658111572,5.712368488311768,-1.6687721014022827,OUTBOUND,-53.518619537353516,0.05402310756526896,0.0031999999191612005
1,60,0.9375,0.8933656215667725,63.08912658691406,updated,1.5940592288970947,-1.3031967878341675,109.8852767944336,2.71232533454895,2.7618956565856934,67.73778301698621,28.41199882555711,1755,8,131,0,4,,2,62,-7.824045658111572,5.796656131744385,-1.6137038469314575,OUTBOUND,-53.686100006103516,0.06093638830452247,0.0031999999191612005
1,60,0.9375,0.8747013211250305,63.44313049316406,updated,1.5945374965667725,-1.3009127378463745,89.72808837890625,0.44187676906585693,0.38027262687683105,67.76065267098602,28.399868191719793,1756,8,132,0,4,,0,64,-7.824045658111572,5.789958477020264,-1.658367395401001,OUTBOUND,-54.23523712158203,0.04651622187792358,0.0031999999191612005
1,58,0.90625,0.987080454826355,63.28578186035156,updated,1.595015287399292,-1.2823362350463867,82.4807357788086,1.5549342632293701,1.4393439292907715,67.78252594100195,28.38772859544816,1757,8,133,0,6,,1,63,-7.8240461349487305,5.74835205078125,-1.5384026765823364,OUTBOUND,-54.21484375,0.05442614148780253,0.0031999999191612005
1,60,0.9375,0.87806236743927,62.26386260986328,updated,1.595492959022522,-1.2863280773162842,272.5522155761719,71.15696716308594,70.46704864501953,67.89080382999964,28.375596960334452,1758,8,134,0,4,,2,62,-7.824045658111572,5.755138874053955,-1.679935097694397,OUTBOUND,-53.378604888916016,0.052480999894060125,0.0031999999191612005
1,56,0.875,0.8636654019355774,62.26591110229492,updated,1.5959715843200684,-1.31808340549469,75.42932891845703,36.9350700378418,36.657894134521484,67.9104424349789,28.363508502576668,1759,8,135,0,8,,2,62,-7.824045658111572,5.821343898773193,-1.9494789838790894,OUTBOUND,-53.36461639404297,0.03349903884370966,0.0031999999191612005
1,59,0.921875,1.3822919130325317,62.62510299682617,updated,1.5964499711990356,-1.286180019378662,151.23983764648438,1.5380250215530396,1.7993665933609009,67.93213644900243,28.35140419741156,1760,8,136,0,5,,1,63,-7.8240461349487305,5.751288890838623,-1.478485107421875,OUTBOUND,-53.482669830322266,0.019902332571391738,0.0031999999191612005
1,62,0.96875,0.2976289689540863,61.94385528564453,updated,1.596928596496582,-1.29971182346344,30.075237274169922,36.398040771484375,36.306373596191406,67.9524796709884,28.339308935115923,1761,8,137,0,2,,3,61,-7.824045658111572,5.778453350067139,-1.6997387409210205,OUTBOUND,-52.81498718261719,-0.01253135454740944,0.0031999999191612005
1,61,0.953125,1.0066728591918945,62.349769592285156,updated,1.5974079370498657,-1.3148406744003296,258.3877868652344,1.6777467727661133,1.7100411653518677,67.97379669800284,28.32722082594481,1762,8,138,0,3,,0,64,-7.824045658111572,5.808995246887207,-2.111873149871826,OUTBOUND,-52.983463287353516,-0.01989689519568381,0.0031999999191612005
1,61,0.953125,0.6743868589401245,62.4025993347168,updated,1.5978881120681763,-1.3183602094650269,279.28692626953125,2.1651957035064697,1.9059971570968628,67.99689756598673,28.31514610136432,1763,8,139,0,3,,0,64,-7.824045658111572,5.8147101402282715,-2.006281614303589,OUTBOUND,-52.95555877685547,0.013212456417477815,0.0031999999191612005
1,57,0.890625,0.724579393863678,62.594398498535156,updated,1.5983670949935913,-1.2676492929458618,200.00161743164062,3.3384017944335938,2.94364333152771,68.01816719898488,28.303070989434705,1764,8,140,0,7,,2,62,-7.8240461349487305,5.704706192016602,-1.801628828048706,OUTBOUND,-53.041648864746094,0.032488138488468606,0.0031999999191612005
0,60,0.9375,0.7745552659034729,62.66033172607422,updated,1.5988458395004272,-1.2937817573547363,233.08689880371094,1.8563514947891235,1.2618659734725952,68.12030327299726,28.29093383684587,1765,8,141,1,4,WATCHDOG_DEADLINE,0,64,-7.824045658111572,5.7586989402771,-1.8039528131484985,OUTBOUND,-53.15094757080078,-0.008007501383928483,0.0031999999191612005
1,58,0.90625,1.0594247579574585,63.46678924560547,updated,1.5993260145187378,-1.3305623531341553,37.3903694152832,35.03520202636719,34.99064636230469,68.1408203629835,28.278839744073267,1766,8,142,0,6,,1,63,-7.8240461349487305,5.835315227508545,-1.7326308488845825,OUTBOUND,-53.89497756958008,-0.027571162144736254,0.0031999999191612005
1,58,0.90625,0.7489932179450989,63.62010192871094,updated,1.599806785583496,-1.3210680484771729,69.8622817993164,1.3960473537445068,1.2391642332077026,68.16202276200056,28.266777277765126,1767,8,143,0,6,,1,63,-7.8240461349487305,5.813283443450928,-1.6509931087493896,OUTBOUND,-54.06584930419922,-0.0003245468448898265,0.0031999999191612005
1,56,0.875,1.1097772121429443,63.510353088378906,updated,1.6002881526947021,-1.317578911781311,19.684310913085938,1.654014229774475,1.6668018102645874,68.181279876997,28.25470364388556,1768,8,144,0,8,,1,63,-7.824045658111572,5.80405855178833,-1.8509057760238647,OUTBOUND,-54.21449279785156,0.017463676257906076,0.0031999999191612005
1,56,0.875,0.6893134713172913,63.9957389831543,updated,1.600769281387329,-1.2986485958099365,49.3230094909668,1.610687255859375,1.623302698135376,68.20238663998316,28.242619160764587,1769,8,145,0,8,,1,63,-7.824045658111572,5.762002468109131,-1.76542067527771,OUTBOUND,-54.17781448364258,0.012475037109307245,0.0031999999191612005
1,58,0.90625,0.2952171862125397,63.64618682861328,updated,1.6012506484985352,-1.3149158954620361,102.05452728271484,2.7925186157226562,2.6863341331481934,68.2241637489933,28.230582475873064,1770,8,146,0,6,,2,62,-7.8240461349487305,5.794814109802246,-1.7105433940887451,OUTBOUND,-54.22384262084961,0.0022358241012227333,0.0031999999191612005
1,53,0.828125,1.2814624309539795,64.01481628417969,updated,1.6017330884933472,-1.3315565586090088,72.35748291015625,0.5887386202812195,0.4487401843070984,68.32798872698913,28.21852033733546,1771,8,147,0,11,,0,64,-7.8240461349487305,5.828374862670898,-1.8664000034332275,OUTBOUND,-54.78467559814453,-0.0076829229727020994,0.0031999999191612005
1,61,0.953125,1.1963977813720703,63.4787483215332,updated,1.6022157669067383,-1.3172343969345093,42.91265106201172,0.5624908804893494,0.5343987941741943,68.35108113300521,28.206483976719333,1772,8,148,0,3,,0,64,-7.824045658111572,5.796163558959961,-1.7104676961898804,OUTBOUND,-54.37102508544922,-0.03263085799638559,0.0031999999191612005
1,51,0.796875,0.5669322609901428,64.03966522216797,updated,1.6026973724365234,-1.2841063737869263,67.43277740478516,1.5066736936569214,1.3725430965423584,68.37311290198704,28.194445449390155,1773,8,149,0,13,,1,63,-7.824045658111572,5.724099159240723,-2.021364450454712,OUTBOUND,-55.01103591918945,-0.03261932882964007,0.0031999999191612005
1,59,0.921875,1.0092060565948486,63.5992317199707,updated,1.6031782627105713,-1.2848620414733887,15.379068374633789,1.437964916229248,1.456121563911438,68.39569932699669,28.18241040258776,1774,8,150,0,5,,1,63,-7.8240461349487305,5.723964691162109,-1.589528203010559,OUTBOUND,-54.309288024902344,-0.017546870392688783,0.0031999999191612005
0,58,0.90625,0.8042941093444824,63.44204330444336,updated,1.6036604642868042,-1.3437367677688599,22.909381866455078,1.7551007270812988,1.769569754600525,68.5028451870021,28.170290439938697,1775,8,151,1,6,STALE_OR_INCOMPLETE_BUNDLE,1,63,-7.8240461349487305,5.84697151184082,-1.7924519777297974,OUTBOUND,-54.226104736328125,-0.052608931772090264,0.0031999999191612005
1,59,0.921875,1.0673751831054688,63.92109298706055,updated,1.6041430234909058,-1.3228541612625122,22.300739288330078,1.6630362272262573,1.6590685844421387,68.52543868398061,28.15815176196676,1776,8,152,0,5,,1,63,-7.8240461349487305,5.8009443283081055,-1.8148622512817383,OUTBOUND,-54.50933837890625,-0.07216203504789062,0.0031999999191612005
1,56,0.875,0.8966125249862671,63.741973876953125,updated,1.6046257019042969,-1.3106517791748047,26.353845596313477,2.321944236755371,2.303614616394043,68.54672649299027,28.146043013344496,1777,8,153,0,8,,2,62,-7.824045658111572,5.773339748382568,-1.6982630491256714,OUTBOUND,-54.48192596435547,-0.05695620494693109,0.0031999999191612005
1,56,0.875,0.7450810670852661,63.976131439208984,updated,1.605108618736267,-1.325378656387329,55.23298645019531,1.6295214891433716,1.5202531814575195,68.57202675400185,28.133942591538894,1778,8,154,0,8,,1,63,-7.824045658111572,5.802718162536621,-1.8331232070922852,OUTBOUND,-54.612361907958984,-0.08445390172557239,0.0031999999191612005
1,57,0.890625,1.1676276922225952,64.1536865234375,updated,1.605592131614685,-1.3256661891937256,21.465177536010742,3.1863341331481934,3.1554012298583984,68.59230432400363,28.12181718621465,1779,8,155,0,7,,3,61,-7.8240461349487305,5.801543235778809,-2.13815975189209,OUTBOUND,-54.631805419921875,-0.11041818864588765,0.0031999999191612005
1,57,0.890625,1.220196008682251,63.350669860839844,updated,1.6060750484466553,-1.302014708518982,72.5556411743164,2.517894744873047,2.4595210552215576,68.61245799198514,28.109673005781925,1780,8,156,0,7,,2,62,-7.8240461349487305,5.749809741973877,-2.0301880836486816,OUTBOUND,-53.84910583496094,-0.09283810391235389,0.0031999999191612005
1,59,0.921875,0.8058065176010132,64.20301818847656,updated,1.6065579652786255,-1.31450355052948,40.384422302246094,1.2249258756637573,1.2301716804504395,68.63559552200604,28.097570053453214,1781,8,157,0,5,,1,63,-7.8240461349487305,5.774423599243164,-1.74937903881073,OUTBOUND,-54.77040100097656,-0.06560926445900375,0.0031999999191612005
1,58,0.90625,0.7171363234519958,63.94927215576172,updated,1.6070410013198853,-1.3170263767242432,35.614749908447266,1.4562138319015503,1.4914569854736328,68.74175913998624,28.085463696984778,1782,8,158,0,6,,1,63,-7.8240461349487305,5.777985572814941,-1.654120683670044,OUTBOUND,-54.45789337158203,-0.04226384008804498,0.0031999999191612005
1,57,0.890625,0.9171437621116638,64.46399688720703,updated,1.6075236797332764,-1.3087409734725952,32.305545806884766,1.4792702198028564,1.4106580018997192,68.76296362199355,28.073405274645854,1783,8,159,0,7,,1,63,-7.8240461349487305,5.758760452270508,-1.727693796157837,OUTBOUND,-55.234046936035156,-0.03559264818385257,0.0031999999191612005
1,57,0.890625,0.9761337041854858,65.08863830566406,updated,1.6080073118209839,-1.338623046875,14.800264358520508,0.2641095519065857,0.2795427441596985,68.78412218598532,28.061325968193763,1784,8,160,0,7,,0,64,-7.8240461349487305,5.819964408874512,-1.9752391576766968,OUTBOUND,-55.41813278198242,-0.03611680377165309,0.0031999999191612005
1,58,0.90625,0.5972147583961487,64.89290618896484,updated,1.6084911823272705,-1.3255219459533691,57.409481048583984,1.3721985816955566,1.3360145092010498,68.80634912499227,28.049228628145787,1785,8,161,0,6,,1,63,-7.8240461349487305,5.790598392486572,-1.9392472505569458,OUTBOUND,-55.480438232421875,-0.03518062189540036,0.0031999999191612005
1,54,0.84375,0.4438566267490387,64.67684173583984,updated,1.6089751720428467,-1.3267613649368286,62.78424072265625,1.4857733249664307,1.4978678226470947,68.82694081799127,28.037155420685483,1786,8,162,0,10,,1,63,-7.824046611785889,5.791439533233643,-1.9206528663635254,OUTBOUND,-55.443294525146484,-0.025653509502143484,0.0031999999191612005
0,58,0.90625,0.8313735127449036,63.88980484008789,updated,1.6094586849212646,-1.3039748668670654,39.51639175415039,0.4091513752937317,0.4227304458618164,68.93336443600128,28.02505470205497,1787,8,163,1,6,STALE_OR_INCOMPLETE_BUNDLE,0,64,-7.8240461349487305,5.741761207580566,-2.0104284286499023,OUTBOUND,-54.77631378173828,-0.048340157015895426,0.0031999999191612005
1,59,0.921875,0.9925005435943604,64.73776245117188,updated,1.609942078590393,-1.3181135654449463,8.54427719116211,0.23789234459400177,0.24954834580421448,68.95364479499403,28.012932689351207,1788,8,164,0,5,,0,64,-7.8240461349487305,5.769740104675293,-1.803322672843933,OUTBOUND,-55.394691467285156,-0.07249928773936298,0.0031999999191612005
1,58,0.90625,1.4243741035461426,64.57109069824219,updated,1.6104257106781006,-1.3243354558944702,38.849266052246094,1.5150384902954102,1.5436075925827026,68.97553401297773,28.000845386783634,1789,8,165,0,6,,1,63,-7.8240461349487305,5.7810587882995605,-1.9739952087402344,OUTBOUND,-55.32752990722656,-0.03915461449682072,0.0031999999191612005
1,54,0.84375,1.125991702079773,64.26862335205078,updated,1.6109098196029663,-1.335871696472168,9.564519882202148,1.336282730102539,1.3429267406463623,68.99562885297928,27.988788673109802,1790,8,166,0,10,,1,63,-7.824046611785889,5.803515911102295,-2.0064003467559814,OUTBOUND,-55.12038803100586,-0.03142678910930846,0.0031999999191612005
1,55,0.859375,0.7954986691474915,64.42660522460938,updated,1.611395001411438,-1.3502554893493652,34.186309814453125,1.417909860610962,1.422300100326538,69.01813698100159,27.976713782721948,1791,8,167,0,9,,1,63,-7.8240461349487305,5.831916332244873,-1.8406593799591064,OUTBOUND,-54.888206481933594,-0.052588505767245435,0.0031999999191612005
1,55,0.859375,0.7553220391273499,64.39563751220703,updated,1.611879587173462,-1.3103423118591309,55.806419372558594,4.669808387756348,4.660583972930908,69.12239004098228,27.964628964752617,1792,8,168,0,9,,4,60,-7.8240461349487305,5.746470928192139,-1.874400019645691,OUTBOUND,-55.083251953125,-0.0713837329743017,0.0031999999191612005
1,56,0.875,0.49482107162475586,64.0783462524414,updated,1.6123642921447754,-1.3276684284210205,113.2908935546875,37.593017578125,37.46187210083008,69.1482156359998,27.952531861594945,1793,8,169,0,8,,2,62,-7.824045658111572,5.781033992767334,-1.9615436792373657,OUTBOUND,-54.87620162963867,-0.08640044008273595,0.0031999999191612005
1,63,0.984375,1.1306283473968506,64.55441284179688,updated,1.6128487586975098,-1.319534420967102,110.73358154296875,0.5110630989074707,0.6061772704124451,69.18223965499783,27.940441548990577,1794,8,170,0,1,,0,64,-7.824045181274414,5.762256622314453,-1.496519923210144,OUTBOUND,-55.306434631347656,-0.10405750799050997,0.0031999999191612005
1,58,0.90625,0.747450053691864,63.42210388183594,updated,1.6133328676223755,-1.3143372535705566,82.2302017211914,40.796058654785156,40.579402923583984,69.21098787899246,27.928357615827178,1795,8,171,0,6,,4,60,-7.8240461349487305,5.749647617340088,-1.9043761491775513,OUTBOUND,-53.93986892700195,-0.10545064602393761,0.0031999999191612005
1,53,0.828125,1.1477354764938354,63.80073547363281,updated,1.6138174533843994,-1.3352819681167603,212.73416137695312,1.1568845510482788,1.274383783340454,69.23171654398902,27.916263325573034,1796,8,172,0,11,,0,64,-7.8240461349487305,5.791711807250977,-2.072265625,OUTBOUND,-54.52634048461914,-0.09554938414200267,0.0031999999191612005
1,57,0.890625,0.9431899785995483,64.0245132446289,updated,1.614302396774292,-1.3414808511734009,222.14418029785156,1.277641773223877,1.3633710145950317,69.25456564498018,27.904153751251155,1797,8,173,0,7,,0,64,-7.8240461349487305,5.802912712097168,-2.075035810470581,OUTBOUND,-54.638389587402344,-0.07771396714659788,0.0031999999191612005
1,56,0.875,1.4241024255752563,64.53086853027344,updated,1.6147873401641846,-1.325135350227356,176.17498779296875,2.0588340759277344,2.041721820831299,69.36396179199801,27.89205987684616,1798,8,174,0,8,,1,63,-7.824045658111572,5.767022132873535,-2.000666856765747,OUTBOUND,-54.84421157836914,-0.05455369251338002,0.0031999999191612005
1,56,0.875,0.8927174806594849,64.40098571777344,updated,1.6152713298797607,-1.3006722927093506,37.548606872558594,38.94861602783203,38.8663444519043,69.38838113300153,27.879958792257277,1799,8,175,0,8,,2,62,-7.824045658111572,5.71423864364624,-1.7277942895889282,OUTBOUND,-54.592933654785156,-0.05219112513937536,0.0031999999191612005
1,57,0.890625,0.9224849343299866,64.48680114746094,updated,1.6157559156417847,-1.3423007726669312,83.04579162597656,1.4091966152191162,1.342631459236145,69.413347469992,27.867830751708812,1800,8,176,0,7,,1,63,-7.8240461349487305,5.79935884475708,-1.8022476434707642,OUTBOUND,-55.047515869140625,-0.07234360001390727,0.0031999999191612005
1,56,0.875,0.705039918422699,64.56617736816406,updated,1.6162396669387817,-1.3067219257354736,12.346485137939453,3.5365607738494873,3.496273994445801,69.43325582399848,27.855706590746927,1801,8,177,0,8,,3,61,-7.824045658111572,5.723456382751465,-1.7968461513519287,OUTBOUND,-54.90738296508789,-0.10200990146243566,0.0031999999191612005
1,57,0.890625,0.8592721819877625,65.67483520507812,updated,1.616723656654358,-1.3346465826034546,16.19768524169922,1.1554679870605469,1.1435290575027466,69.45496470900252,27.843580337566287,1802,8,178,0,7,,1,63,-7.8240461349487305,5.779921054840088,-1.7490839958190918,OUTBOUND,-56.00236511230469,-0.13193490167346994,0.0031999999191612005
1,55,0.859375,0.7743809223175049,64.83535766601562,updated,1.617208480834961,-1.3486328125,201.84619140625,39.732967376708984,39.72142791748047,69.47977721897769,27.831439147058727,1803,8,179,0,9,,2,62,-7.8240461349487305,5.807302474975586,-1.7388206720352173,OUTBOUND,-55.46127700805664,-0.16044052934079772,0.0031999999191612005
1,62,0.96875,1.1690348386764526,65.37004852294922,updated,1.6176934242248535,-1.3308064937591553,43.60936737060547,1.459359049797058,1.4526827335357666,69.58509419398615,27.819308330378085,1804,8,180,0,2,,1,63,-7.824045658111572,5.768467426300049,-1.543247103691101,OUTBOUND,-55.946407318115234,-0.1754947728927173,0.0031999999191612005
1,59,0.921875,0.8342610001564026,64.9542236328125,updated,1.6181777715682983,-1.3144181966781616,13.613883972167969,0.30225640535354614,0.3368200659751892,69.60886025699438,27.807161926442248,1805,8,181,0,5,,0,64,-7.8240461349487305,5.73267126083374,-1.6868242025375366,OUTBOUND,-55.743072509765625,-0.18325585161514243,0.0031999999191612005
1,58,0.90625,0.7077078819274902,65.53496551513672,updated,1.6186619997024536,-1.3303678035736084,13.974895477294922,0.3834877014160156,0.39959239959716797,69.63078114698874,27.794990111799102,1806,8,182,0,6,,0,64,-7.8240461349487305,5.7641096115112305,-1.6969834566116333,OUTBOUND,-56.43340301513672,-0.20075626875702698,0.0031999999191612005
1,60,0.9375,0.9807314872741699,64.73328399658203,updated,1.6191461086273193,-1.3225399255752563,24.331771850585938,2.7085468769073486,2.657895803451538,69.65225671298685,27.7828059412794,1807,8,183,0,4,,2,62,-7.824045658111572,5.746138572692871,-1.7161335945129395,OUTBOUND,-55.6226806640625,-0.2137371951398556,0.0031999999191612005
1,56,0.875,0.3518795669078827,64.84989929199219,updated,1.6196309328079224,-1.3519952297210693,77.76206970214844,4.907654285430908,4.862783908843994,69.76310861800448,27.770613057805765,1808,8,184,0,8,,4,60,-7.824045658111572,5.805557727813721,-1.726447343826294,OUTBOUND,-55.495201110839844,-0.21407063545624033,0.0031999999191612005
1,61,0.953125,0.8622251749038696,65.12055969238281,updated,1.6201155185699463,-1.3231593370437622,56.98155212402344,0.5735349655151367,0.5974348783493042,69.78455689398106,27.758422711092457,1809,8,185,0,3,,0,64,-7.824045658111572,5.744014739990234,-1.846638560295105,OUTBOUND,-55.792327880859375,-0.21606796337672943,0.0031999999191612005
1,57,0.890625,0.7745226621627808,65.01666259765625,updated,1.6206005811691284,-1.3451896905899048,108.0546875,0.5933590531349182,0.5934827327728271,69.8046338709828,27.746252586494197,1810,8,186,0,7,,0,64,-7.8240461349487305,5.787972450256348,-1.6126775741577148,OUTBOUND,-55.307373046875,-0.21259500933698278,0.0031999999191612005
1,62,0.96875,1.2186336517333984,65.38536834716797,updated,1.6210867166519165,-1.3675419092178345,116.23291778564453,38.77198791503906,38.74235916137695,69.82544540698291,27.734083437609506,1811,8,187,0,2,,2,62,-7.824045658111572,5.832541465759277,-1.8094956874847412,OUTBOUND,-55.847076416015625,-0.20591454984155047,0.0031999999191612005
1,59,0.921875,1.0346028804779053,65.13645935058594,updated,1.6215736865997314,-1.3550186157226562,61.91563034057617,2.462921380996704,2.421929359436035,69.84565025600023,27.721898055920228,1812,8,188,0,5,,2,62,-7.8240461349487305,5.804859638214111,-1.504675269126892,OUTBOUND,-55.588096618652344,-0.21472460733206788,0.0031999999191612005
1,62,0.96875,0.7278093099594116,65.49761199951172,updated,1.6220605373382568,-1.3402879238128662,64.96343994140625,1.5318928956985474,1.477250337600708,69.86772407899844,27.709694006958554,1813,8,189,0,2,,1,63,-7.824045658111572,5.77264404296875,-1.9113743305206299,OUTBOUND,-56.0387077331543,-0.23152108823807074,0.0031999999191612005
1,57,0.890625,0.9743321537971497,65.1994857788086,updated,1.6225472688674927,-1.3361399173736572,36.86276626586914,2.513303518295288,2.459839105606079,69.89107012300519,27.697489733906654,1814,8,190,0,7,,2,62,-7.8240461349487305,5.762347221374512,-1.7615147829055786,OUTBOUND,-55.618961334228516,-0.2207419509237804,0.0031999999191612005
0,60,0.9375,1.2960305213928223,65.56363677978516,updated,1.6230347156524658,-1.3580772876739502,21.647232055664062,2.3674192428588867,2.359506368637085,69.99582997398102,27.68526567930607,1815,8,191,1,4,WATCHDOG_DEADLINE,2,62,-7.824045658111572,5.805960655212402,-1.9507275819778442,OUTBOUND,-55.84672927856445,-0.17083878056775834,0.0031999999191612005
1,60,0.9375,0.9696899652481079,65.41060638427734,updated,1.623522400856018,-1.3490968942642212,44.45603942871094,0.422454833984375,0.44960862398147583,70.01668164198054,27.673170352860428,1816,8,192,0,4,,0,64,-7.824045658111572,5.785676956176758,-1.6259931325912476,OUTBOUND,-55.83971405029297,-0.12901540491964353,0.0031999999191612005
1,59,0.921875,1.4737049341201782,66.04997253417969,updated,1.6240099668502808,-1.3397424221038818,166.44168090820312,39.52831268310547,39.3974494934082,70.03685856098309,27.6610781195762,1817,8,193,0,5,,1,63,-7.8240461349487305,5.764646053314209,-1.6178025007247925,OUTBOUND,-56.55433654785156,-0.1221581213031207,0.0031999999191612005
1,56,0.875,1.240073323249817,65.9897232055664,updated,1.6244972944259644,-1.3371391296386719,59.262001037597656,1.5605521202087402,1.536969780921936,70.05860923099681,27.648990834905142,1818,8,194,0,8,,1,63,-7.824045658111572,5.757565975189209,-2.0416646003723145,OUTBOUND,-56.71194076538086,-0.13120465909759235,0.0031999999191612005
1,56,0.875,0.7232843637466431,65.47883605957031,updated,1.6249845027923584,-1.3428239822387695,83.26570892333984,3.6966497898101807,3.605527400970459,70.07800273399334,27.636884368055174,1819,8,195,0,8,,3,61,-7.824045658111572,5.767577171325684,-1.8041744232177734,OUTBOUND,-56.29435348510742,-0.11680132760051705,0.0031999999191612005
1,58,0.90625,1.1767007112503052,65.84513854980469,updated,1.6254732608795166,-1.383394718170166,34.8369140625,0.2632719874382019,0.30431225895881653,70.10024132000399,27.624795302993817,1820,8,196,0,6,,0,64,-7.8240461349487305,5.849431991577148,-1.853851318359375,OUTBOUND,-56.572837829589844,-0.10167636390510121,0.0031999999191612005
1,60,0.9375,0.5114735960960388,65.54356384277344,updated,1.6259607076644897,-1.314823865890503,63.173736572265625,0.32270559668540955,0.3705424964427948,70.20499433300574,27.612701056450266,1821,8,197,0,4,,0,64,-7.824045658111572,5.706518173217773,-1.8983216285705566,OUTBOUND,-56.25826644897461,-0.11004379827856817,0.0031999999191612005
1,57,0.890625,1.1360204219818115,65.48501586914062,updated,1.626448392868042,-1.348445177078247,37.598995208740234,1.5577691793441772,1.591393232345581,70.22516438199091,27.600607048576652,1822,8,198,0,7,,1,63,-7.8240461349487305,5.774014472961426,-1.9476103782653809,OUTBOUND,-56.140052795410156,-0.11501219287739399,0.0031999999191612005
1,60,0.9375,0.7192603945732117,65.5963363647461,updated,1.626936435699463,-1.3566914796829224,70.46415710449219,0.5856876969337463,0.5740132331848145,70.24601919698762,27.5885043074468,1823,8,199,0,4,,0,64,-7.824045658111572,5.789258003234863,-2.0357396602630615,OUTBOUND,-56.09843444824219,-0.11525249778621804,0.0031999999191612005
1,58,0.90625,1.2929414510726929,66.16636657714844,updated,1.6274245977401733,-1.3517123460769653,19.431121826171875,1.4355629682540894,1.4164971113204956,70.27003051299835,27.576395567534806,1824,8,200,0,6,,1,63,-7.8240461349487305,5.777308464050293,-1.7167423963546753,OUTBOUND,-56.612918853759766,-0.10557909805014384,0.0031999999191612005
0,55,0.859375,0.9528824687004089,66.18612670898438,updated,1.6279115676879883,-1.3134305477142334,24.6024169921875,2.4929466247558594,2.506765365600586,70.37478051098878,27.564242808004536,1825,8,201,1,9,STALE_OR_INCOMPLETE_BUNDLE,2,62,-7.8240461349487305,5.696988582611084,-1.8108468055725098,OUTBOUND,-56.570777893066406,-0.06579208996629347,0.0031999999191612005
1,59,0.921875,0.3814638555049896,65.53498077392578,updated,1.6283988952636719,-1.3536149263381958,536.3723754882812,121.6854248046875,121.77308654785156,70.39523384999484,27.552168625945555,1826,8,202,0,5,,5,59,-7.8240461349487305,5.777797222137451,-1.7090630531311035,OUTBOUND,-55.98850631713867,-0.02456418268740129,0.0031999999191612005
1,60,0.9375,0.7808412909507751,65.99523162841797,updated,1.6288857460021973,-1.3360830545425415,7.764951705932617,1.6079927682876587,1.6157704591751099,70.41678595897974,27.540100502713535,1827,8,203,0,4,,1,63,-7.824045658111572,5.740136623382568,-1.9844177961349487,OUTBOUND,-56.757503509521484,-0.026880030318852725,0.0031999999191612005
1,62,0.96875,1.0278478860855103,66.46033477783203,updated,1.6293728351593018,-1.3517731428146362,33.278255462646484,1.4411333799362183,1.4022188186645508,70.4379836510052,27.528041268616604,1828,8,204,0,2,,1,63,-7.824045658111572,5.77061653137207,-1.9608343839645386,OUTBOUND,-57.11587905883789,-0.06215133086602222,0.0031999999191612005
1,56,0.875,0.9744940400123596,65.74742889404297,updated,1.6298593282699585,-1.3330376148223877,31.72417640686035,1.617112398147583,1.6061842441558838,70.4586495149997,27.515953653547008,1829,8,205,0,8,,1,63,-7.824045658111572,5.7305426597595215,-1.5305606126785278,OUTBOUND,-56.467899322509766,-0.07298917853327974,0.0031999999191612005
1,58,0.90625,1.3901548385620117,65.43767547607422,updated,1.6303457021713257,-1.336635708808899,56.007537841796875,40.18111801147461,40.022613525390625,70.47994355700212,27.503883699693624,1830,8,206,0,6,,1,63,-7.8240461349487305,5.736239433288574,-1.6983072757720947,OUTBOUND,-56.14280319213867,-0.05062563977823004,0.0031999999191612005
1,56,0.875,0.7061808109283447,66.06439208984375,updated,1.6308321952819824,-1.3531181812286377,63.633609771728516,1.4842760562896729,1.5084640979766846,70.5016344479809,27.491830064540245,1831,8,207,0,8,,1,63,-7.824045658111572,5.7682905197143555,-1.8838495016098022,OUTBOUND,-56.754417419433594,-0.050865989567382905,0.0031999999191612005
1,54,0.84375,1.0806055068969727,65.64091491699219,updated,1.6313183307647705,-1.334018588066101,100.54749298095703,1.7426936626434326,1.8111145496368408,70.6104945949919,27.479763815217133,1832,8,208,0,10,,1,63,-7.824046611785889,5.727550029754639,-1.5802111625671387,OUTBOUND,-56.25991439819336,-0.07313187537562232,0.0031999999191612005
1,55,0.859375,0.7076671719551086,65.7220230102539,updated,1.6318036317825317,-1.3217779397964478,50.0569953918457,2.9685163497924805,2.9695677757263184,70.6305543250055,27.46767392746568,1833,8,209,0,9,,2,62,-7.8240461349487305,5.700876712799072,-1.8833056688308716,OUTBOUND,-56.16468048095703,-0.06339853990052302,0.0031999999191612005
1,59,0.921875,1.1024993658065796,66.46504211425781,updated,1.6322883367538452,-1.3295828104019165,40.06733703613281,3.7311463356018066,3.736009359359741,70.65118277998408,27.45561652310779,1834,8,210,0,5,,3,61,-7.8240461349487305,5.715174674987793,-1.94248366355896,OUTBOUND,-56.90313720703125,-0.049008471718780505,0.0031999999191612005
1,58,0.90625,0.5996682643890381,66.75249481201172,updated,1.6327742338180542,-1.3730363845825195,38.922245025634766,0.3827720582485199,0.3593498170375824,70.67369802299072,27.443557446814435,1835,8,211,0,6,,0,64,-7.8240461349487305,5.802212715148926,-1.9400397539138794,OUTBOUND,-57.10966873168945,-0.039420876278274807,0.0031999999191612005
1,53,0.828125,0.8241336941719055,66.35873413085938,updated,1.6332604885101318,-1.3580541610717773,95.17295837402344,4.860274791717529,4.872520446777344,70.69541050199769,27.43150294979977,1836,8,212,0,11,,4,60,-7.8240461349487305,5.76995325088501,-1.9820064306259155,OUTBOUND,-56.95382308959961,-0.014176586052258838,0.0031999999191612005
0,62,0.96875,0.6629939675331116,66.38690185546875,updated,1.6337482929229736,-1.3894679546356201,141.20407104492188,39.779823303222656,39.76430130004883,70.80655096200644,27.419364996287204,1837,8,213,1,2,STALE_OR_INCOMPLETE_BUNDLE,1,63,-7.824045658111572,5.832305908203125,-1.8465659618377686,OUTBOUND,-57.1356086730957,0.021944343273808165,0.0031999999191612005
1,61,0.953125,1.0399868488311768,66.74475860595703,updated,1.6342355012893677,-1.3392831087112427,70.56903076171875,0.4074781835079193,0.41791364550590515,70.82745718100341,27.40723306250777,1838,8,214,0,3,,0,64,-7.824045658111572,5.728348255157471,-1.729309320449829,OUTBOUND,-57.358192443847656,0.06068009030131529,0.0031999999191612005
1,60,0.9375,1.0617817640304565,66.94599151611328,updated,1.6347233057022095,-1.365997076034546,32.5153694152832,1.3537564277648926,1.3587985038757324,70.84872319799615,27.395077196502022,1839,8,215,0,4,,1,63,-7.824045658111572,5.7810797691345215,-1.9544252157211304,OUTBOUND,-57.44482421875,0.08991892979900142,0.0031999999191612005
1,56,0.875,0.7802490592002869,66.1656265258789,updated,1.635211706161499,-1.3694649934768677,78.11482238769531,40.01018524169922,39.91676330566406,70.86885738497949,27.382907240278502,1840,8,216,0,8,,1,63,-7.824045658111572,5.786447048187256,-1.9371232986450195,OUTBOUND,-56.53150939941406,0.08721190831231271,0.0031999999191612005
1,57,0.890625,0.8263823390007019,66.3816146850586,updated,1.6357004642486572,-1.364349603652954,111.42765045166016,0.5549189448356628,0.6392959356307983,70.89104425898404,27.37078754892713,1841,8,217,0,7,,0,64,-7.8240461349487305,5.774352073669434,-1.8113493919372559,OUTBOUND,-56.87767028808594,0.08391117854480794,0.0031999999191612005
1,58,0.90625,1.0948430299758911,66.63389587402344,updated,1.6361887454986572,-1.3461147546768188,91.5769271850586,1.5261399745941162,1.5438737869262695,70.99676905898377,27.358646266647447,1842,8,218,0,6,,1,63,-7.8240461349487305,5.735610008239746,-1.5021436214447021,OUTBOUND,-57.13976287841797,0.10981740769366627,0.0031999999191612005
1,61,0.953125,1.3731889724731445,66.98616027832031,updated,1.636677622795105,-1.3708651065826416,61.501243591308594,0.30285704135894775,0.3093585968017578,71.01806818399928,27.346476469285754,1843,8,219,0,3,,0,64,-7.824045658111572,5.784219741821289,-1.415860652923584,OUTBOUND,-57.39754104614258,0.1290717835712001,0.0031999999191612005
1,62,0.96875,0.8949899077415466,67.19071960449219,updated,1.6371657848358154,-1.3359476327896118,8.309965133666992,1.216256856918335,1.1882736682891846,71.0377116779855,27.334325279074154,1844,8,220,0,2,,1,63,-7.824045658111572,5.7116570472717285,-1.9371989965438843,OUTBOUND,-57.45523452758789,0.1420053301519007,0.0031999999191612005
1,60,0.9375,1.1266006231307983,67.37936401367188,updated,1.6376547813415527,-1.3851579427719116,118.33840942382812,3.9902374744415283,4.039463996887207,71.06009318499127,27.32215047168229,1845,8,221,0,4,,3,61,-7.824045658111572,5.809842109680176,-1.7424218654632568,OUTBOUND,-57.731414794921875,0.1420195325668598,0.0031999999191612005
1,62,0.96875,0.6547341346740723,66.91291046142578,updated,1.638144612312317,-1.3780088424682617,11.806254386901855,0.32637423276901245,0.3323264420032501,71.08308955698158,27.30997833402548,1846,8,222,0,2,,0,64,-7.824045658111572,5.793645858764648,-1.9503428936004639,OUTBOUND,-57.26655960083008,0.1256015926113596,0.0031999999191612005
1,58,0.90625,0.7073296904563904,67.36190795898438,updated,1.638634443283081,-1.3628286123275757,87.60962677001953,1.7553818225860596,1.7644859552383423,71.10278861600091,27.297845762455555,1847,8,223,0,6,,1,63,-7.8240461349487305,5.761198043823242,-1.6780946254730225,OUTBOUND,-58.012306213378906,0.08994312576280393,0.0031999999191612005
1,56,0.875,0.8101440668106079,67.095703125,updated,1.6391245126724243,-1.3698421716690063,20.455995559692383,0.20917798578739166,0.21947228908538818,71.20836451099603,27.285738727212156,1848,8,224,0,8,,0,64,-7.824045658111572,5.7737274169921875,-1.8559170961380005,OUTBOUND,-57.71464157104492,0.06559918724416475,0.0031999999191612005
1,56,0.875,1.0342612266540527,67.05021667480469,updated,1.6396149396896362,-1.3721421957015991,161.4123992919922,41.20743942260742,41.02336120605469,71.22964778798632,27.273637992510757,1849,8,225,0,8,,2,62,-7.824045658111572,5.776703357696533,-1.7536379098892212,OUTBOUND,-57.51020431518555,0.07606722646444328,0.0031999999191612005
1,59,0.921875,0.9937717318534851,66.45853424072266,updated,1.6401058435440063,-1.3758121728897095,135.3583984375,42.463504791259766,42.27394104003906,71.25063565399614,27.26152236644543,1850,8,226,0,5,,2,62,-7.8240461349487305,5.782445907592773,-1.7860521078109741,OUTBOUND,-57.35995864868164,0.07966625658482569,0.0031999999191612005
1,62,0.96875,1.2146387100219727,67.23333740234375,updated,1.6405971050262451,-1.3783173561096191,106.80448913574219,0.4885918200016022,0.626108705997467,71.27267779997783,27.24938638877364,1851,8,227,0,2,,0,64,-7.824045658111572,5.785825729370117,-1.7754155397415161,OUTBOUND,-57.874813079833984,0.08800166387102915,0.0031999999191612005
1,61,0.953125,0.6599458456039429,65.94961547851562,updated,1.6410883665084839,-1.3699978590011597,188.52093505859375,2.2436788082122803,2.4527885913848877,71.2940630579833,27.23723260450663,1852,8,228,0,3,,1,63,-7.824045658111572,5.767335891723633,-1.9841042757034302,OUTBOUND,-56.3861083984375,0.08849436068834363,0.0031999999191612005
1,59,0.921875,0.7746044993400574,66.4828109741211,updated,1.6415793895721436,-1.3614680767059326,15.849442481994629,41.185699462890625,41.10295486450195,71.3145057229849,27.2251319934288,1853,8,229,0,5,,1,63,-7.8240461349487305,5.748443603515625,-1.6644452810287476,OUTBOUND,-57.076416015625,0.09163972585747625,0.0031999999191612005
1,55,0.859375,0.9122025370597839,66.88134002685547,updated,1.6420705318450928,-1.3689814805984497,157.16261291503906,1.8144354820251465,1.7928624153137207,71.42688071998418,27.213039528389654,1854,8,230,0,9,,1,63,-7.8240461349487305,5.761942386627197,-1.7457472085952759,OUTBOUND,-57.45830535888672,0.10054719218359147,0.0031999999191612005
1,61,0.953125,0.3961770534515381,67.15443420410156,updated,1.6425621509552002,-1.3844456672668457,118.20349884033203,2.2614099979400635,2.194720506668091,71.44662519299891,27.20096203562376,1855,8,231,0,3,,1,63,-7.824045658111572,5.791457653045654,-1.7568681240081787,OUTBOUND,-57.1868896484375,0.07601255735342305,0.0031999999191612005
1,56,0.875,1.1034455299377441,68.02002716064453,updated,1.6430540084838867,-1.3755455017089844,36.94929885864258,2.4291024208068848,2.347738265991211,71.46862490099738,27.18889237612001,1856,8,232,0,8,,2,62,-7.824045658111572,5.771838665008545,-1.8177541494369507,OUTBOUND,-58.03900909423828,0.06756069636790743,0.0031999999191612005
1,56,0.875,0.9666051864624023,68.12173461914062,updated,1.6435465812683105,-1.390482783317566,23.00721549987793,1.4475440979003906,1.462209939956665,71.49047437799163,27.176806638654835,1857,8,233,0,8,,1,63,-7.824045658111572,5.8002495765686035,-1.7809087038040161,OUTBOUND,-58.40339279174805,0.06709833553344167,0.0031999999191612005
1,55,0.859375,1.5933454036712646,67.94572448730469,updated,1.6440393924713135,-1.3847254514694214,103.40227508544922,4.678181171417236,4.750432014465332,71.59705402198597,27.164741249223088,1858,8,234,0,9,,4,60,-7.8240461349487305,5.786972999572754,-2.353095769882202,OUTBOUND,-58.226165771484375,0.06440744852035298,0.0031999999191612005
1,59,0.921875,1.1301045417785645,68.04706573486328,updated,1.644532561302185,-1.3841142654418945,54.691131591796875,1.679763913154602,1.6939082145690918,71.61744881799677,27.152675674875134,1859,8,235,0,5,,1,63,-7.8240461349487305,5.78406286239624,-1.980338215827942,OUTBOUND,-58.37828826904297,0.06340419325604706,0.0031999999191612005
1,58,0.90625,0.8134475350379944,67.79924011230469,updated,1.645026445388794,-1.3953179121017456,369.1948547363281,80.98291015625,80.54023742675781,71.63975812197896,27.14060337888536,1860,8,236,0,6,,3,61,-7.8240461349487305,5.804905891418457,-2.0233306884765625,OUTBOUND,-58.33502197265625,0.06771223459158913,0.0031999999191612005
1,57,0.890625,1.05448317527771,67.5513687133789,updated,1.6455209255218506,-1.3969123363494873,51.972843170166016,0.29024338722229004,0.3655877113342285,71.66199160797987,27.128528846671948,1861,8,237,0,7,,0,64,-7.8240461349487305,5.806416988372803,-1.8288702964782715,OUTBOUND,-58.13607406616211,0.0684818707706925,0.0031999999191612005
1,59,0.921875,1.2094268798828125,66.91207885742188,updated,1.6460152864456177,-1.3773019313812256,54.73567199707031,1.7932043075561523,1.9191131591796875,71.68190832997789,27.116475366700513,1862,8,238,0,5,,1,63,-7.8240461349487305,5.765349864959717,-2.1419007778167725,OUTBOUND,-57.35003662109375,0.051939786453617805,0.0031999999191612005
1,59,0.921875,1.0384846925735474,67.88961029052734,updated,1.6465100049972534,-1.389958381652832,70.40591430664062,0.2969591021537781,0.38232195377349854,71.70472236399655,27.104401050980446,1863,8,239,0,5,,0,64,-7.8240461349487305,5.789079666137695,-2.0659995079040527,OUTBOUND,-58.35526657104492,0.026583030242543736,0.0031999999191612005
1,59,0.921875,1.32584547996521,68.06455993652344,updated,1.6470049619674683,-1.3898653984069824,9.045074462890625,1.453230857849121,1.4166985750198364,71.73096902199904,27.092321668184823,1864,8,240,0,5,,1,63,-7.8240461349487305,5.78721284866333,-1.9175093173980713,OUTBOUND,-58.421443939208984,0.005120993048413673,0.0031999999191612005
0,61,0.953125,1.1332625150680542,67.95793151855469,updated,1.6475000381469727,-1.3901965618133545,5.415642261505127,1.5060914754867554,1.5314881801605225,71.83701046797796,27.08022827620616,1865,8,241,1,3,WATCHDOG_DEADLINE,1,63,-7.824045658111572,5.786197185516357,-1.9675493240356445,OUTBOUND,-58.35856246948242,-0.03026393108656767,0.0031999999191612005
1,59,0.921875,1.0330796241760254,67.97252655029297,updated,1.6479960680007935,-1.4088903665542603,137.5615997314453,37.88020324707031,37.866485595703125,71.85679478399106,27.06812447288393,1866,8,242,0,5,,1,63,-7.8240461349487305,5.821962356567383,-1.728968620300293,OUTBOUND,-58.538124084472656,-0.05034329952062378,0.0031999999191612005
1,58,0.90625,0.6015937328338623,68.00298309326172,updated,1.6484917402267456,-1.3776668310165405,19.54831886291504,1.7566415071487427,1.771319031715393,71.87783055298496,27.056027826658042,1867,8,243,0,6,,1,63,-7.8240461349487305,5.757760524749756,-1.7727339267730713,OUTBOUND,-58.62396240234375,-0.03838876461232008,0.0031999999191612005
1,57,0.890625,0.725790798664093,67.42747497558594,updated,1.6489880084991455,-1.4031169414520264,50.60965347290039,1.6799860000610352,1.6345008611679077,71.8994540879794,27.04392066866529,1868,8,244,0,7,,1,63,-7.8240461349487305,5.807015895843506,-1.7354289293289185,OUTBOUND,-57.831787109375,-0.02114755568265275,0.0031999999191612005
1,60,0.9375,0.7160319685935974,67.80046844482422,updated,1.6494836807250977,-1.3760840892791748,74.77906799316406,0.48926016688346863,0.45522934198379517,71.92232844099635,27.031823395721634,1869,8,245,0,4,,0,64,-7.824045658111572,5.751278877258301,-1.6050089597702026,OUTBOUND,-58.270320892333984,-0.006250683833392542,0.0031999999191612005
1,57,0.890625,0.8539683818817139,68.04424285888672,updated,1.6499789953231812,-1.3732354640960693,185.4710693359375,44.51398468017578,44.425193786621094,71.9458776069805,27.019746206868295,1870,8,246,0,7,,3,61,-7.8240461349487305,5.743933200836182,-1.8266814947128296,OUTBOUND,-58.441612243652344,-0.02022760061656487,0.0031999999191612005
1,59,0.921875,1.1386058330535889,68.10407257080078,updated,1.650475025177002,-1.4096176624298096,21.531368255615234,2.794541358947754,2.7747802734375,72.05189411298488,27.007668173234734,1871,8,247,0,5,,2,62,-7.8240461349487305,5.814941883087158,-1.6689507961273193,OUTBOUND,-58.60069274902344,-0.019176837010808,0.0031999999191612005
1,57,0.890625,0.8426129221916199,67.59999084472656,updated,1.6509711742401123,-1.3904378414154053,117.0849380493164,42.277793884277344,42.045631408691406,72.0733970849833,26.995598776046467,1872,8,248,0,7,,2,62,-7.8240461349487305,5.774975299835205,-1.8596951961517334,OUTBOUND,-58.10099792480469,-0.018256256811093677,0.0031999999191612005
1,54,0.84375,1.2899895906448364,67.11338806152344,updated,1.651467204093933,-1.3903542757034302,123.07910919189453,1.6062602996826172,1.762049913406372,72.09289522198378,26.983544493335348,1873,8,249,0,10,,1,63,-7.824046611785889,5.7731451988220215,-1.648748755455017,OUTBOUND,-57.77848815917969,-0.013444714717471011,0.0031999999191612005
1,56,0.875,0.42771145701408386,67.91474914550781,updated,1.651963472366333,-1.3975273370742798,114.87415313720703,1.9253796339035034,2.018806219100952,72.11500625900226,26.971513399534707,1874,8,250,0,8,,1,63,-7.824045658111572,5.785782814025879,-1.7814682722091675,OUTBOUND,-58.38977813720703,-0.000798954836453807,0.0031999999191612005
0,58,0.90625,1.071984052658081,68.32504272460938,updated,1.6524598598480225,-1.3957514762878418,133.70664978027344,0.5253254175186157,0.5928106307983398,72.2221837239922,26.95943860731896,1875,8,251,1,6,STALE_OR_INCOMPLETE_BUNDLE,0,64,-7.8240461349487305,5.780578136444092,-1.8126726150512695,OUTBOUND,-58.613014221191406,-0.038333403016403804,0.0031999999191612005
1,58,0.90625,0.6791172027587891,68.16301727294922,updated,1.6529568433761597,-1.4057419300079346,60.54032516479492,1.7719995975494385,1.7675540447235107,72.24446272599744,26.947350559981164,1876,8,252,0,6,,1,63,-7.8240461349487305,5.7988057136535645,-1.7185566425323486,OUTBOUND,-58.44070816040039,-0.06168576558372913,0.0031999999191612005
1,55,0.859375,0.708262026309967,69.1920394897461,updated,1.6534533500671387,-1.3797465562820435,26.34265899658203,0.34003108739852905,0.3326025903224945,72.26647894299822,26.935289127101125,1877,8,253,0,9,,0,64,-7.8240461349487305,5.7454047203063965,-1.8278038501739502,OUTBOUND,-59.31283187866211,-0.045019255677859665,0.0031999999191612005
1,62,0.96875,0.7053478956222534,69.25264739990234,updated,1.6539497375488281,-1.3909988403320312,134.51702880859375,3.909231662750244,4.030737400054932,72.2875525119889,26.923230908779395,1878,8,254,0,2,,3,61,-7.824045658111572,5.766141891479492,-1.6315981149673462,OUTBOUND,-59.49374771118164,-0.041684171534133174,0.0031999999191612005
1,57,0.890625,0.8571692705154419,68.82891082763672,updated,1.6544467210769653,-1.413739800453186,97.16712951660156,2.872037887573242,2.953019618988037,72.30856989999302,26.91117085709084,1879,8,255,0,7,,2,62,-7.8240461349487305,5.809687614440918,-1.8324297666549683,OUTBOUND,-59.087852478027344,-0.05675101569363937,0.0031999999191612005
1,57,0.890625,1.417904019355774,68.9481201171875,updated,1.6549437046051025,-1.3942352533340454,81.17295837402344,1.4298065900802612,1.4774349927902222,72.32832984998822,26.89909000670988,1880,8,256,0,7,,1,63,-7.8240461349487305,5.769269943237305,-1.8266749382019043,OUTBOUND,-59.45376205444336,-0.056873807284622005,0.0031999999191612005
1,59,0.921875,1.0002455711364746,68.2611083984375,updated,1.6554405689239502,-1.391269326210022,5.914120674133301,0.38943883776664734,0.41466644406318665,72.34984247200191,26.887013313471186,1881,8,257,0,5,,0,64,-7.8240461349487305,5.761731147766113,-1.901617407798767,OUTBOUND,-58.780242919921875,-0.05536501655247805,0.0031999999191612005
1,57,0.890625,0.6497704386711121,68.7105712890625,updated,1.6559380292892456,-1.4134142398834229,18.96380043029785,1.5424766540527344,1.5070626735687256,72.46404946100665,26.87493871677512,1882,8,258,0,7,,1,63,-7.8240461349487305,5.804019451141357,-1.551798939704895,OUTBOUND,-59.149906158447266,-0.06513241832334936,0.0031999999191612005
1,61,0.953125,0.7557388544082642,68.18634796142578,updated,1.6564358472824097,-1.4086881875991821,104.2622299194336,38.852596282958984,38.563331604003906,72.48507668499951,26.862851601936946,1883,8,259,0,3,,1,63,-7.824045658111572,5.792978763580322,-1.894089698791504,OUTBOUND,-58.771270751953125,-0.06689853706375466,0.0031999999191612005
1,59,0.921875,0.5190015435218811,68.61739349365234,updated,1.656934142112732,-1.4132589101791382,116.11032104492188,0.48503679037094116,0.6317770481109619,72.50523306897958,26.85076668261099,1884,8,260,0,5,,0,64,-7.8240461349487305,5.80037260055542,-1.7836045026779175,OUTBOUND,-59.16435623168945,-0.0792968157433897,0.0031999999191612005
1,57,0.890625,0.8580113053321838,67.88880920410156,updated,1.657431960105896,-1.3886090517044067,16.69028091430664,40.10554885864258,39.91889953613281,72.5256501440017,26.838692125534557,1885,8,261,0,7,,1,63,-7.8240461349487305,5.749890327453613,-1.5624370574951172,OUTBOUND,-58.34576416015625,-0.0786649966734267,0.0031999999191612005
1,58,0.90625,1.1793025732040405,68.45718383789062,updated,1.6579298973083496,-1.4013606309890747,174.1289825439453,0.8003087043762207,0.8621879816055298,72.54791745799594,26.82662266020578,1886,8,262,0,6,,0,64,-7.8240461349487305,5.773491859436035,-1.45302152633667,OUTBOUND,-58.969078063964844,-0.056901049842798514,0.0031999999191612005
0,58,0.90625,0.9631600975990295,68.43785858154297,updated,1.6584281921386719,-1.4146212339401245,27.88184356689453,40.043819427490234,39.86883544921875,72.65659051897819,26.81453569383818,1887,8,263,1,6,STALE_OR_INCOMPLETE_BUNDLE,1,63,-7.8240461349487305,5.798073768615723,-1.927955150604248,OUTBOUND,-58.35145950317383,-0.06993647756965791,0.0031999999191612005
1,57,0.890625,0.6048493981361389,68.50489807128906,updated,1.6589258909225464,-1.3852144479751587,179.60377502441406,0.9427703619003296,0.7666979432106018,72.67876155098202,26.802442339251638,1888,8,264,0,7,,0,64,-7.8240461349487305,5.738280296325684,-1.7383652925491333,OUTBOUND,-58.80133819580078,-0.09140409742608238,0.0031999999191612005
1,56,0.875,0.9469460248947144,68.58863830566406,updated,1.6594241857528687,-1.417240858078003,121.38016510009766,1.8665518760681152,1.67154061794281,72.69991796900285,26.790351267156403,1889,8,265,0,8,,1,63,-7.824045658111572,5.799929141998291,-1.6706085205078125,OUTBOUND,-58.895301818847656,-0.07950505643442596,0.0031999999191612005
1,58,0.90625,0.9231137633323669,69.2016830444336,updated,1.6599221229553223,-1.392552375793457,90.97869873046875,0.4995874762535095,0.37370118498802185,72.72227658500196,26.778263583684662,1890,8,266,0,6,,0,64,-7.8240461349487305,5.749521732330322,-1.6666735410690308,OUTBOUND,-59.20488739013672,-0.05890269985476949,0.0031999999191612005
1,55,0.859375,0.6603990197181702,69.6632080078125,updated,1.6604207754135132,-1.4262644052505493,109.76374816894531,3.9099137783050537,4.003597259521484,72.74473089000094,26.766182992877635,1891,8,267,0,9,,3,61,-7.8240461349487305,5.814417839050293,-1.5988500118255615,OUTBOUND,-59.65665817260742,-0.04082845262516664,0.0031999999191612005
1,60,0.9375,1.032051682472229,69.67559051513672,updated,1.6609197854995728,-1.4116564989089966,65.11669158935547,0.3459482789039612,0.39593756198883057,72.85695324800326,26.754073273064968,1892,8,268,0,4,,0,64,-7.824045658111572,5.783942222595215,-2.004936933517456,OUTBOUND,-59.93316650390625,-0.04884259708755143,0.0031999999191612005
1,59,0.921875,0.9013193845748901,69.74877166748047,updated,1.6614190340042114,-1.4159687757492065,43.258079528808594,0.2537737488746643,0.25625091791152954,72.87627286900533,26.74195238604999,1893,8,269,0,5,,0,64,-7.8240461349487305,5.790793418884277,-1.6639176607131958,OUTBOUND,-60.06396484375,-0.04646823649797081,0.0031999999191612005
1,57,0.890625,1.10641610622406,69.1781005859375,updated,1.6619186401367188,-1.418486475944519,134.19163513183594,3.2201576232910156,3.0975449085235596,72.89753987299628,26.729823878324083,1894,8,270,0,7,,2,62,-7.8240461349487305,5.794099807739258,-1.7948349714279175,OUTBOUND,-59.76845169067383,-0.03141216758060108,0.0031999999191612005
1,58,0.90625,1.2793736457824707,69.20842742919922,updated,1.6624189615249634,-1.4281044006347656,221.3519287109375,44.925254821777344,44.43041229248047,72.91761658000178,26.717729135174505,1895,8,271,0,6,,2,62,-7.8240461349487305,5.811379909515381,-1.8954315185546875,OUTBOUND,-59.60411834716797,-0.022994291224956085,0.0031999999191612005
1,58,0.90625,0.9739662408828735,68.60464477539062,updated,1.662919044494629,-1.4047447443008423,29.713760375976562,1.376969575881958,1.408107042312622,72.93806783499895,26.70565916376623,1896,8,272,0,6,,1,63,-7.8240461349487305,5.76375675201416,-1.5962897539138794,OUTBOUND,-59.337242126464844,-0.0008801015249807944,0.0031999999191612005
1,60,0.9375,0.9725199937820435,69.17250061035156,updated,1.6634191274642944,-1.4096927642822266,67.06654357910156,0.4442320764064789,0.5637871623039246,72.95985662800376,26.693611871700703,1897,8,273,0,4,,0,64,-7.824045658111572,5.7718505859375,-1.5578678846359253,OUTBOUND,-59.81232452392578,0.014577949168371431,0.0031999999191612005
1,61,0.953125,0.6139549016952515,69.17059326171875,updated,1.6639193296432495,-1.4178637266159058,111.25591278076172,0.5293452739715576,0.614818274974823,73.0660610210034,26.681542472843507,1898,8,274,0,3,,0,64,-7.824045658111572,5.786269187927246,-1.6450942754745483,OUTBOUND,-59.60927200317383,0.012818268340434636,0.0031999999191612005
1,58,0.90625,0.8420639634132385,69.41297912597656,updated,1.6644197702407837,-1.4200199842453003,34.4566650390625,2.827178955078125,2.8063836097717285,73.08671349700307,26.669518002797975,1899,8,275,0,6,,2,62,-7.8240461349487305,5.7888593673706055,-1.8597824573516846,OUTBOUND,-59.75666427612305,0.006927731101414015,0.0031999999191612005
1,57,0.890625,0.7964374423027039,69.09050750732422,updated,1.6649198532104492,-1.4023054838180542,110.63109588623047,0.6261099576950073,0.5047513842582703,73.10724740399746,26.657471452613198,1900,8,276,0,7,,0,64,-7.8240461349487305,5.752443313598633,-1.8409172296524048,OUTBOUND,-59.262550354003906,-0.010159995785116751,0.0031999999191612005
1,60,0.9375,0.9794113039970398,69.4071044921875,updated,1.665419578552246,-1.405423641204834,37.52967071533203,1.5736932754516602,1.5017428398132324,73.12789387698285,26.64543629155395,1901,8,277,0,4,,1,63,-7.824045658111572,5.756938457489014,-1.5714643001556396,OUTBOUND,-59.60631561279297,-0.03733204706316833,0.0031999999191612005
1,55,0.859375,0.8506255745887756,69.94200897216797,updated,1.6659202575683594,-1.4343851804733276,28.867929458618164,0.5421154499053955,0.5648443102836609,73.1476560139854,26.633396913224754,1902,8,278,0,9,,0,64,-7.8240461349487305,5.8120951652526855,-2.1141257286071777,OUTBOUND,-59.96187973022461,-0.044403846317776795,0.0031999999191612005
1,57,0.890625,1.1514824628829956,69.84481811523438,updated,1.666420578956604,-1.4087122678756714,77.47174072265625,1.597959280014038,1.7047898769378662,73.16977552897879,26.62137109757949,1903,8,279,0,7,,1,63,-7.8240461349487305,5.76013708114624,-1.9771397113800049,OUTBOUND,-60.40726089477539,-0.035749832369654407,0.0031999999191612005
1,50,0.78125,1.1293779611587524,70.8022689819336,updated,1.6669210195541382,-1.418243408203125,104.62852478027344,0.5331418514251709,0.5820245146751404,73.27537855398259,26.60933616424288,1904,8,280,0,14,,0,64,-7.8240461349487305,5.777177810668945,-2.0922794342041016,OUTBOUND,-61.073123931884766,-0.033876411101669154,0.0031999999191612005
1,61,0.953125,0.8808280825614929,70.42021179199219,updated,1.667421817779541,-1.4267804622650146,137.30015563964844,3.101653814315796,2.958287477493286,73.29646599700209,26.597288323240097,1905,8,281,0,3,,2,62,-7.824045658111572,5.792253017425537,-1.7116084098815918,OUTBOUND,-60.86486053466797,-0.04779262901651037,0.0031999999191612005
1,59,0.921875,1.3260962963104248,70.21064758300781,updated,1.6679234504699707,-1.4375824928283691,28.375099182128906,0.2921152710914612,0.3208293914794922,73.31636764598079,26.585220188360076,1906,8,282,0,5,,0,64,-7.8240461349487305,5.811740398406982,-2.155866861343384,OUTBOUND,-60.74695587158203,-0.04359621353161196,0.0031999999191612005
1,58,0.90625,0.8852333426475525,70.0855941772461,updated,1.6684263944625854,-1.4627487659454346,64.83625793457031,0.36387449502944946,0.5115424990653992,73.33941319998121,26.573195611225,1907,8,283,0,6,,0,64,-7.8240461349487305,5.859279632568359,-1.9894678592681885,OUTBOUND,-60.54384231567383,-0.032030124617066905,0.0031999999191612005
1,58,0.90625,0.7910035848617554,69.19953155517578,updated,1.6689295768737793,-1.428015112876892,115.85842895507812,44.80307388305664,44.451412200927734,73.4506146129861,26.561166232874623,1908,8,284,0,6,,1,63,-7.8240461349487305,5.789741039276123,-2.082174777984619,OUTBOUND,-59.77003860473633,-0.04224170606923651,0.0031999999191612005
1,56,0.875,0.8046857118606567,69.53475189208984,updated,1.6694320440292358,-1.4028455018997192,59.68213653564453,2.738934278488159,2.7862284183502197,73.47319229799905,26.54911481732067,1909,8,285,0,8,,2,62,-7.824045658111572,5.738956928253174,-1.9393972158432007,OUTBOUND,-60.099979400634766,-0.039356650116887534,0.0031999999191612005
1,56,0.875,1.8088704347610474,69.09541320800781,updated,1.6699342727661133,-1.421213984489441,15.122848510742188,6.3036041259765625,6.274250507354736,73.4935725099931,26.537072969412186,1910,8,286,0,8,,5,59,-7.824045658111572,5.773189544677734,-2.1108882427215576,OUTBOUND,-59.232688903808594,-0.027602845558418757,0.0031999999191612005
1,52,0.8125,0.8801420331001282,69.49940490722656,updated,1.6704368591308594,-1.4302048683166504,97.09658813476562,4.298524856567383,4.180727005004883,73.51390567299677,26.525034800336005,1911,8,287,0,12,,3,61,-7.8240461349487305,5.789096355438232,-1.8522350788116455,OUTBOUND,-59.6645393371582,-0.012970124440748106,0.0031999999191612005
1,58,0.90625,1.2601196765899658,69.72723388671875,updated,1.670938491821289,-1.398256540298462,167.9535369873047,0.9207987785339355,0.6544579863548279,73.53627820199472,26.512983245405298,1912,8,288,0,6,,0,64,-7.8240461349487305,5.725193977355957,-1.882231593132019,OUTBOUND,-59.885520935058594,-0.004103998827952688,0.0031999999191612005
1,62,0.96875,1.233765721321106,70.16246032714844,updated,1.6714404821395874,-1.4327542781829834,129.33193969726562,0.643305778503418,0.38330182433128357,73.558331282984,26.500927850800576,1913,8,289,0,2,,0,64,-7.824045658111572,5.790797233581543,-1.7019679546356201,OUTBOUND,-60.15116500854492,0.003847980262920705,0.0031999999191612005
1,55,0.859375,1.3466299772262573,69.887451171875,updated,1.6719427108764648,-1.428345799446106,112.00879669189453,6.159510612487793,6.397468090057373,73.57972912598052,26.48885595203113,1914,8,290,0,9,,5,59,-7.8240461349487305,5.780582427978516,-1.930733323097229,OUTBOUND,-60.01702117919922,0.01787195009318182,0.0031999999191612005
0,58,0.90625,0.6977958679199219,69.90876770019531,updated,1.6724449396133423,-1.4270789623260498,168.9110870361328,46.72071075439453,46.8510856628418,73.6850716979825,26.476760166432577,1915,8,291,1,6,WATCHDOG_DEADLINE,2,62,-7.8240461349487305,5.776492595672607,-1.9383015632629395,OUTBOUND,-60.2089729309082,-0.013161975413813233,0.0031999999191612005
1,57,0.890625,1.2813069820404053,69.97743225097656,updated,1.6729474067687988,-1.4336730241775513,146.38290405273438,45.601036071777344,45.52263259887695,73.70628816500539,26.464702797859818,1916,8,292,0,7,,2,62,-7.8240461349487305,5.787692546844482,-1.7319656610488892,OUTBOUND,-60.2766227722168,-0.0503462265869011,0.0031999999191612005
1,56,0.875,0.9487098455429077,69.90742492675781,updated,1.6734497547149658,-1.4214013814926147,116.71514892578125,0.56770920753479,0.6892189979553223,73.72674484798335,26.45263636134113,1917,8,293,0,8,,0,64,-7.824045658111572,5.762218475341797,-1.5758997201919556,OUTBOUND,-59.96380615234375,-0.057060696680739105,0.0031999999191612005
1,61,0.953125,1.1695226430892944,70.04155731201172,updated,1.6739529371261597,-1.449944019317627,87.8810806274414,44.4543571472168,44.2196044921875,73.74790167799802,26.44058213844737,1918,8,294,0,3,,1,63,-7.824045658111572,5.816041946411133,-1.5248851776123047,OUTBOUND,-60.51011657714844,-0.06347255967081875,0.0031999999191612005
1,60,0.9375,0.7106432914733887,70.19182586669922,updated,1.6744556427001953,-1.4133027791976929,163.2041015625,0.5635318756103516,0.8541027307510376,73.77001767800539,26.428530113176393,1919,8,295,0,4,,0,64,-7.824045658111572,5.743276596069336,-1.9381167888641357,OUTBOUND,-60.665279388427734,-0.08533402981079058,0.0031999999191612005
1,53,0.828125,1.1922287940979004,70.04240417480469,updated,1.6749587059020996,-1.4410227537155151,30.690805435180664,42.052406311035156,41.82857131958008,73.7921906329866,26.41644526182223,1920,8,296,0,11,,1,63,-7.8240461349487305,5.795454025268555,-1.919681191444397,OUTBOUND,-60.04299545288086,-0.1027472347009882,0.0031999999191612005
1,56,0.875,0.8748184442520142,70.14791107177734,updated,1.675462245941162,-1.4445035457611084,162.30413818359375,0.7232829332351685,0.8714258670806885,73.90101739799138,26.404375841128534,1921,8,297,0,8,,0,64,-7.824045658111572,5.800573825836182,-1.6274363994598389,OUTBOUND,-60.45478439331055,-0.08217066188237518,0.0031999999191612005
1,56,0.875,1.3396168947219849,69.46780395507812,updated,1.6759661436080933,-1.4410314559936523,69.83141326904297,42.67359924316406,42.493019104003906,73.92163475198322,26.39232981036046,1922,8,298,0,8,,3,61,-7.824045658111572,5.792214393615723,-1.543731927871704,OUTBOUND,-59.57794189453125,-0.05417046310173232,0.0031999999191612005
1,56,0.875,0.928292453289032,70.41132354736328,updated,1.6764699220657349,-1.4299933910369873,55.33415603637695,41.63658142089844,41.47666931152344,73.94360882497858,26.380298632356208,1923,8,299,0,8,,2,62,-7.824045658111572,5.769213676452637,-1.9101189374923706,OUTBOUND,-60.56206130981445,-0.03598813513288786,0.0031999999191612005
1,59,0.921875,0.7681292295455933,70.71096801757812,updated,1.6769744157791138,-1.454333782196045,151.7218017578125,0.7699072360992432,0.607626736164093,73.96576399399783,26.368271337235424,1924,8,300,0,5,,0,64,-7.8240461349487305,5.8147101402282715,-1.7213990688323975,OUTBOUND,-60.91450119018555,-0.03951712059825749,0.0031999999191612005
0,59,0.921875,1.03891921043396,70.23678588867188,updated,1.6774786710739136,-1.4240949153900146,130.67733764648438,1.8988032341003418,1.7478896379470825,74.08983909900417,26.356198875068014,1925,8,301,1,5,STALE_OR_INCOMPLETE_BUNDLE,1,63,-7.8240461349487305,5.754581928253174,-1.7103972434997559,OUTBOUND,-60.29629135131836,-0.07124792543920197,0.0031999999191612005
1,60,0.9375,0.5427947640419006,70.234375,updated,1.6779829263687134,-1.4385168552398682,95.86979675292969,2.0540647506713867,1.9018181562423706,74.1124147749797,26.34409911015549,1926,8,302,0,4,,1,63,-7.824045658111572,5.7808613777160645,-1.6892673969268799,OUTBOUND,-60.34121322631836,-0.06715038777633756,0.0031999999191612005
1,61,0.953125,0.7740607857704163,71.28559112548828,updated,1.6784874200820923,-1.4421298503875732,63.310115814208984,0.3903328478336334,0.33601734042167664,74.13246997998795,26.33203303121775,1927,8,303,0,3,,0,64,-7.824045658111572,5.786226272583008,-1.6287987232208252,OUTBOUND,-61.190582275390625,-0.052493209997304814,0.0031999999191612005
1,53,0.828125,1.0917003154754639,71.11351013183594,updated,1.6789920330047607,-1.4423950910568237,60.47112274169922,2.877525806427002,2.901717185974121,74.15348946797894,26.31997980306414,1928,8,304,0,11,,2,62,-7.8240461349487305,5.785121917724609,-1.9717997312545776,OUTBOUND,-61.03089904785156,-0.05018975404710459,0.0031999999191612005
1,54,0.84375,1.1021010875701904,71.35102081298828,updated,1.679497241973877,-1.4499189853668213,79.91822814941406,1.450438141822815,1.4242583513259888,74.17638595000608,26.307940769087235,1929,8,305,0,10,,1,63,-7.824046611785889,5.798025608062744,-1.6599823236465454,OUTBOUND,-61.56441116333008,-0.04086861844831711,0.0031999999191612005
1,60,0.9375,0.8455201387405396,71.54955291748047,updated,1.6800020933151245,-1.4315706491470337,121.76158905029297,1.887934923171997,1.7834603786468506,74.19630666897865,26.29588489796134,1930,8,306,0,4,,1,63,-7.824045658111572,5.761013984680176,-1.7318896055221558,OUTBOUND,-61.7691764831543,-0.06439690424807121,0.0031999999191612005
1,59,0.921875,1.6779426336288452,71.30976104736328,updated,1.680506706237793,-1.4327524900436401,306.3418884277344,48.613067626953125,48.06412887573242,74.21708401897922,26.283808868570247,1931,8,307,0,5,,3,61,-7.8240461349487305,5.761692523956299,-2.1962361335754395,OUTBOUND,-61.68653106689453,-0.1030716890743218,0.0031999999191612005
1,58,0.90625,0.6597011685371399,70.67635345458984,updated,1.6810111999511719,-1.4339141845703125,25.5030460357666,0.40166807174682617,0.452568918466568,74.33664230597788,26.271716588529337,1932,8,308,0,6,,0,64,-7.8240461349487305,5.762331962585449,-1.6062291860580444,OUTBOUND,-61.251197814941406,-0.12101508738838705,0.0031999999191612005
1,53,0.828125,1.1689344644546509,70.90990447998047,updated,1.6815156936645508,-1.437462568283081,129.2826690673828,43.99456024169922,43.537086486816406,74.35753965799813,26.259610930661143,1933,8,309,0,11,,2,62,-7.8240461349487305,5.7675676345825195,-1.9090325832366943,OUTBOUND,-61.147613525390625,-0.11236905647949937,0.0031999999191612005
1,60,0.9375,0.7938143610954285,69.95235443115234,updated,1.6820203065872192,-1.4437217712402344,66.0101318359375,46.19429397583008,46.04821014404297,74.37905738898553,26.247512502192507,1934,8,310,0,4,,1,63,-7.824045658111572,5.778014659881592,-1.5304043292999268,OUTBOUND,-60.63887405395508,-0.11393593377826776,0.0031999999191612005
1,58,0.90625,0.7069800496101379,70.11638641357422,updated,1.6825248003005981,-1.4342893362045288,171.42764282226562,2.120760679244995,2.217386484146118,74.39955007500248,26.235410139048813,1935,8,311,0,6,,1,63,-7.8240461349487305,5.75827169418335,-1.9178526401519775,OUTBOUND,-60.738525390625,-0.14191740787238225,0.0031999999191612005
1,61,0.953125,1.3999838829040527,70.75823211669922,updated,1.6830291748046875,-1.4399511814117432,199.36593627929688,1.1003649234771729,1.0466536283493042,74.41954022599384,26.223273988817933,1936,8,312,0,3,,0,64,-7.824045658111572,5.76756477355957,-1.85223388671875,OUTBOUND,-61.01173782348633,-0.14296791167698775,0.0031999999191612005
0,57,0.890625,1.1204091310501099,70.02104187011719,updated,1.683532953262329,-1.421614408493042,115.26456451416016,41.53886413574219,41.213844299316406,74.52832838898757,26.211133006445557,1937,8,313,1,7,STALE_OR_INCOMPLETE_BUNDLE,1,63,-7.8240461349487305,5.730747699737549,-1.8332843780517578,OUTBOUND,-60.35049057006836,-0.13136466418253756,0.0031999999191612005
1,58,0.90625,0.8997413516044617,70.38028717041016,updated,1.6840369701385498,-1.4456502199172974,253.1483154296875,1.7769711017608643,1.3923866748809814,74.54949524099356,26.198989347970866,1938,8,314,0,6,,0,64,-7.8240461349487305,5.775322437286377,-2.077085494995117,OUTBOUND,-60.616905212402344,-0.11267990649316502,0.0031999999191612005
1,56,0.875,0.7852925062179565,71.06866455078125,updated,1.6845409870147705,-1.440996766090393,200.08609008789062,1.4172859191894531,1.0213818550109863,74.57144060300197,26.18688601574045,1939,8,315,0,8,,0,64,-7.824045658111572,5.764800071716309,-1.6105371713638306,OUTBOUND,-61.025733947753906,-0.08159815919203639,0.0031999999191612005
1,59,0.921875,0.9810053110122681,71.27186584472656,updated,1.6850450038909912,-1.4385006427764893,78.27580261230469,3.9345474243164062,3.676461696624756,74.59367601998383,26.174769153245048,1940,8,316,0,5,,3,61,-7.8240461349487305,5.758426666259766,-1.5897408723831177,OUTBOUND,-60.908447265625,-0.0517597487328107,0.0031999999191612005
1,56,0.875,0.8904539346694946,72.07014465332031,updated,1.6855486631393433,-1.429502248764038,30.73941993713379,1.5147079229354858,1.483007788658142,74.6149037469877,26.162653853314833,1941,8,317,0,8,,1,63,-7.824045658111572,5.73960018157959,-1.9677906036376953,OUTBOUND,-61.85498046875,-0.018745570215456406,0.0031999999191612005
1,59,0.921875,1.1438804864883423,71.83441162109375,updated,1.6860519647598267,-1.4301254749298096,228.9419403076172,46.187103271484375,46.21009826660156,74.72399484500056,26.150552155713413,1942,8,318,0,5,,1,63,-7.8240461349487305,5.7392258644104,-1.6305749416351318,OUTBOUND,-62.05914306640625,-0.0008682500224317445,0.0031999999191612005
1,61,0.953125,0.9046342968940735,72.1623306274414,updated,1.6865543127059937,-1.4117629528045654,69.29236602783203,0.6859233379364014,0.6978592276573181,74.74581590798334,26.138430048334474,1943,8,319,0,3,,0,64,-7.824045658111572,5.702508926391602,-1.8989951610565186,OUTBOUND,-62.34993362426758,0.01454099463590713,0.0031999999191612005
1,55,0.859375,1.10409677028656,72.35610961914062,updated,1.6870567798614502,-1.4366177320480347,127.58716583251953,1.7494573593139648,1.5777544975280762,74.76587823298178,26.12633170200341,1944,8,320,0,9,,1,63,-7.8240461349487305,5.748520851135254,-1.5788496732711792,OUTBOUND,-62.54851150512695,0.025763256739337607,0.0031999999191612005
1,57,0.890625,0.6080222129821777,71.67554473876953,updated,1.6875592470169067,-1.4393857717514038,114.28894805908203,2.103938102722168,1.8854060173034668,74.78691304899985,26.11427021572056,1945,8,321,0,7,,1,63,-7.8240461349487305,5.752248287200928,-1.866606593132019,OUTBOUND,-62.21245574951172,0.017376215496526286,0.0031999999191612005
1,57,0.890625,1.022742748260498,71.4053955078125,updated,1.6880621910095215,-1.4508354663848877,85.33179473876953,2.7643799781799316,2.5735371112823486,74.80736663498101,26.102220359362722,1946,8,322,0,7,,2,62,-7.8240461349487305,5.772562503814697,-1.897419810295105,OUTBOUND,-61.85709762573242,-0.0016553797031971281,0.0031999999191612005
1,59,0.921875,0.9328617453575134,71.49217224121094,updated,1.6885651350021362,-1.4422945976257324,24.261276245117188,1.8859992027282715,1.847611665725708,74.8277077729872,26.09018868391977,1947,8,323,0,5,,1,63,-7.8240461349487305,5.754672527313232,-2.0780630111694336,OUTBOUND,-62.06352996826172,-0.01993628815118779,0.0031999999191612005
1,59,0.921875,0.8116217851638794,71.64846801757812,updated,1.6890690326690674,-1.4640088081359863,78.58800506591797,1.5143299102783203,1.558632254600525,74.93653618299868,26.07815445080876,1948,8,324,0,5,,1,63,-7.8240461349487305,5.794554710388184,-1.824577808380127,OUTBOUND,-61.8546028137207,-0.01430565961009416,0.0031999999191612005
1,63,0.984375,0.9640436172485352,71.37303161621094,updated,1.6895734071731567,-1.4565869569778442,114.9013900756836,1.938032627105713,1.9013993740081787,74.95965799398255,26.06609451000975,1949,8,325,0,1,,1,63,-7.824045181274414,5.778805255889893,-1.5747686624526978,OUTBOUND,-61.37840270996094,0.011829753462759785,0.0031999999191612005
1,61,0.953125,0.9598616361618042,71.4046859741211,updated,1.6900784969329834,-1.4667277336120605,171.6546173095703,1.145339846611023,0.9131421446800232,74.98202464298811,26.054052295842332,1950,8,326,0,3,,0,64,-7.824045658111572,5.7965569496154785,-1.8870046138763428,OUTBOUND,-61.38725662231445,0.01914793126744564,0.0031999999191612005
1,56,0.875,0.5001815557479858,71.8185806274414,updated,1.6905837059020996,-1.4533332586288452,109.0391845703125,46.199337005615234,46.281898498535156,75.00564413200482,26.042009873005913,1951,8,327,0,8,,2,62,-7.824045658111572,5.769440650939941,-1.8229936361312866,OUTBOUND,-61.82598114013672,0.02523458618464762,0.0031999999191612005
1,56,0.875,0.5961685180664062,72.00739288330078,updated,1.6910898685455322,-1.4708994626998901,121.20364379882812,0.780221164226532,0.5117548108100891,75.02766969799995,26.02997021586458,1952,8,328,0,8,,0,64,-7.824045658111572,5.801319122314453,-1.863478660583496,OUTBOUND,-62.18395233154297,0.029636235388852676,0.0031999999191612005
1,59,0.921875,0.4846319854259491,71.78865051269531,updated,1.6915959119796753,-1.4467412233352661,74.56855010986328,1.8956445455551147,1.763750433921814,75.05021455298993,26.017930368618714,1953,8,329,0,5,,1,63,-7.8240461349487305,5.753740310668945,-1.9253345727920532,OUTBOUND,-61.971458435058594,0.041428532661881116,0.0031999999191612005
1,59,0.921875,0.6389257311820984,72.09829711914062,updated,1.6921019554138184,-1.455301284790039,30.15283203125,1.4612928628921509,1.4253000020980835,75.15724127498106,26.005866886148365,1954,8,330,0,5,,1,63,-7.8240461349487305,5.768457412719727,-1.7772151231765747,OUTBOUND,-61.97959899902344,0.05417311871014628,0.0031999999191612005
1,59,0.921875,0.8691768050193787,72.32015991210938,updated,1.6926078796386719,-1.445814609527588,32.183631896972656,0.6212747097015381,0.6753391623497009,75.17756800897769,25.993803195504643,1955,8,331,0,5,,0,64,-7.8240461349487305,5.74884557723999,-1.8564869165420532,OUTBOUND,-62.35634994506836,0.038747073192574824,0.0031999999191612005
1,58,0.90625,1.0176010131835938,72.99420928955078,updated,1.6931146383285522,-1.4780291318893433,41.1813850402832,0.34818655252456665,0.32378441095352173,75.19847221899545,25.981757055055866,1956,8,332,0,6,,0,64,-7.8240461349487305,5.808497428894043,-1.7291897535324097,OUTBOUND,-62.9427604675293,0.011945929653525433,0.0031999999191612005
1,59,0.921875,0.8562434911727905,72.15902709960938,updated,1.6936222314834595,-1.4768506288528442,88.07173919677734,1.968234658241272,1.8385218381881714,75.21884816099191,25.969721829753272,1957,8,333,0,5,,1,63,-7.8240461349487305,5.804662227630615,-1.6537988185882568,OUTBOUND,-62.299400329589844,-0.006910127651621631,0.0031999999191612005
1,59,0.921875,0.4172300696372986,72.48883819580078,updated,1.6941297054290771,-1.4530781507492065,309.8745422363281,50.38701629638672,49.69322967529297,75.3288129499997,25.95766666737334,1958,8,334,0,5,,2,62,-7.8240461349487305,5.757946968078613,-1.861677885055542,OUTBOUND,-62.94526672363281,0.0092248399959457,0.0031999999191612005
1,61,0.953125,1.062209129333496,72.25072479248047,updated,1.6946383714675903,-1.4948822259902954,77.15794372558594,2.7394630908966064,2.6249825954437256,75.35199895498226,25.945613374085926,1959,8,335,0,3,,1,63,-7.824045658111572,5.835678577423096,-2.1020960807800293,OUTBOUND,-62.57475280761719,0.01329193761460286,0.0031999999191612005
1,54,0.84375,1.2133203744888306,72.38412475585938,updated,1.695147156715393,-1.4617210626602173,38.73482131958008,2.8058857917785645,2.7998580932617188,75.37677861200063,25.933570822638185,1960,8,336,0,10,,2,62,-7.824046611785889,5.771196365356445,-1.7980329990386963,OUTBOUND,-62.78644561767578,-0.009187309269431983,0.0031999999191612005
1,61,0.953125,0.8906539678573608,71.62274169921875,updated,1.6956557035446167,-1.452988624572754,64.05052947998047,5.217238426208496,5.150137424468994,75.39803111299989,25.921500522104612,1961,8,337,0,3,,4,60,-7.824045658111572,5.753073215484619,-1.5705245733261108,OUTBOUND,-61.94791793823242,-0.0032714069623768246,0.0031999999191612005
1,51,0.796875,1.2683556079864502,72.32981872558594,updated,1.6961658000946045,-1.511231780052185,101.42532348632812,1.647336721420288,1.5891859531402588,75.41956811500131,25.909471974120617,1962,8,338,0,13,,1,63,-7.824045658111572,5.861804962158203,-1.6371856927871704,OUTBOUND,-62.25933074951172,0.010870866219587702,0.0031999999191612005
1,55,0.859375,0.8927949666976929,72.1620101928711,updated,1.6966767311096191,-1.4888205528259277,112.26881408691406,1.8601939678192139,1.7237809896469116,75.44094567498541,25.897432283008,1963,8,339,0,9,,1,63,-7.8240461349487305,5.817759990692139,-1.7833150625228882,OUTBOUND,-62.40607833862305,0.015046965342515746,0.0031999999191612005
1,56,0.875,0.7877452969551086,71.96247863769531,updated,1.6971880197525024,-1.4796451330184937,56.6256103515625,3.9887030124664307,3.8839635848999023,75.46474029598176,25.885387195068216,1964,8,340,0,8,,3,61,-7.824045658111572,5.79879903793335,-1.7644298076629639,OUTBOUND,-61.95608901977539,0.002813714769605534,0.0031999999191612005
0,59,0.921875,0.8147661685943604,72.49370574951172,updated,1.697699785232544,-1.4851014614105225,82.97453308105469,2.645810842514038,2.509650230407715,75.57391578800161,25.87334522159298,1965,8,341,1,5,WATCHDOG_DEADLINE,2,62,-7.8240461349487305,5.807519912719727,-1.6384847164154053,OUTBOUND,-62.292762756347656,-0.03375310632096255,0.0031999999191612005
1,59,0.921875,1.0908408164978027,72.15907287597656,updated,1.698211431503296,-1.4676836729049683,140.05308532714844,0.9029380083084106,0.8327381014823914,75.59515585299232,25.86130153298964,1966,8,342,0,5,,0,64,-7.8240461349487305,5.773011207580566,-1.9560588598251343,OUTBOUND,-61.993614196777344,-0.04853197977574702,0.0031999999191612005
1,61,0.953125,1.0249921083450317,72.54962921142578,updated,1.6987234354019165,-1.485275387763977,24.16886329650879,1.7419242858886719,1.7334272861480713,75.615361810982,25.84926404601574,1967,8,343,0,3,,1,63,-7.824045658111572,5.804652690887451,-1.901084303855896,OUTBOUND,-62.393775939941406,-0.04232482139072817,0.0031999999191612005
1,58,0.90625,1.313569188117981,72.83358001708984,updated,1.699235439300537,-1.4735686779022217,278.0462646484375,49.11817932128906,48.86252212524414,75.64006398900528,25.83722496494675,1968,8,344,0,6,,4,60,-7.8240461349487305,5.780963897705078,-2.2524704933166504,OUTBOUND,-62.544151306152344,-0.05168398958447162,0.0031999999191612005
1,60,0.9375,0.663827121257782,72.58467102050781,updated,1.6997482776641846,-1.4943619966506958,247.43191528320312,48.46165084838867,48.215553283691406,75.66248444200028,25.82518048430026,1969,8,345,0,4,,1,63,-7.824045658111572,5.818602085113525,-1.9211456775665283,OUTBOUND,-62.77024841308594,-0.06999599547761166,0.0031999999191612005
1,58,0.90625,1.0447437763214111,72.9062728881836,updated,1.7002601623535156,-1.4540778398513794,55.0872802734375,1.6750136613845825,1.589655876159668,75.6822715769813,25.813111569845713,1970,8,346,0,6,,1,63,-7.8240461349487305,5.741060256958008,-1.9966896772384644,OUTBOUND,-63.22625732421875,-0.09373239881157851,0.0031999999191612005
1,56,0.875,1.2092386484146118,72.95384979248047,updated,1.7007715702056885,-1.4616397619247437,33.773193359375,1.6132469177246094,1.5678575038909912,75.7898688679852,25.80102401338685,1971,8,347,0,8,,1,63,-7.824045658111572,5.753751277923584,-1.75916588306427,OUTBOUND,-63.166542053222656,-0.13122223876960704,0.0031999999191612005
1,61,0.953125,1.1416873931884766,73.0665054321289,updated,1.7012827396392822,-1.4623337984085083,32.04880905151367,1.4825913906097412,1.4438278675079346,75.81589415800408,25.788903470520548,1972,8,348,0,3,,1,63,-7.824045658111572,5.753498554229736,-2.199902057647705,OUTBOUND,-63.277435302734375,-0.1365570152464206,0.0031999999191612005
1,59,0.921875,0.6986010670661926,72.86426544189453,updated,1.7017946243286133,-1.4997318983078003,31.95378875732422,1.3562023639678955,1.3788378238677979,75.83704830199713,25.776793384166087,1973,8,349,0,5,,1,63,-7.8240461349487305,5.822320461273193,-1.9304836988449097,OUTBOUND,-63.02490997314453,-0.10314832776949306,0.0031999999191612005
1,61,0.953125,1.3526442050933838,72.58354187011719,updated,1.7023077011108398,-1.5069361925125122,69.9684829711914,45.02653503417969,44.79143524169922,75.85835164799937,25.76471366315326,1974,8,350,0,3,,1,63,-7.824045658111572,5.834273815155029,-1.9302926063537598,OUTBOUND,-62.73054504394531,-0.0899599103918516,0.0031999999191612005
0,54,0.84375,1.1615242958068848,72.32943725585938,updated,1.7028199434280396,-1.4573025703430176,117.61861419677734,2.0444207191467285,2.033684492111206,75.96811093299766,25.752592501957732,1975,8,351,1,10,STALE_OR_INCOMPLETE_BUNDLE,1,63,-7.824046611785889,5.739368438720703,-1.8599194288253784,OUTBOUND,-62.307456970214844,-0.09717724656254305,0.0031999999191612005
1,60,0.9375,1.0469512939453125,72.93140411376953,updated,1.703332543373108,-1.4856029748916626,157.83544921875,0.9245394468307495,0.7974317669868469,75.99027444198146,25.740496199207804,1976,8,352,0,4,,0,64,-7.824045658111572,5.790987491607666,-1.8245930671691895,OUTBOUND,-63.04865264892578,-0.08603032829450102,0.0031999999191612005
1,57,0.890625,0.8401467204093933,72.97407531738281,updated,1.7038445472717285,-1.466734766960144,112.15462493896484,2.9739043712615967,2.8132169246673584,76.01162716999534,25.72841827192262,1977,8,353,0,7,,2,62,-7.8240461349487305,5.753983974456787,-1.6004642248153687,OUTBOUND,-62.85874938964844,-0.06697289105478944,0.0031999999191612005
1,57,0.890625,1.544995903968811,73.14991760253906,updated,1.7043579816818237,-1.5128705501556396,73.49858093261719,1.577944040298462,1.4632644653320312,76.03158248399268,25.716331909695754,1978,8,354,0,7,,1,63,-7.8240461349487305,5.839007377624512,-1.9191617965698242,OUTBOUND,-62.957645416259766,-0.08389981175233194,0.0031999999191612005
1,56,0.875,0.825894832611084,73.16230773925781,updated,1.704870581626892,-1.461543083190918,24.917436599731445,1.422876238822937,1.3879852294921875,76.05248752000625,25.704223674456998,1979,8,355,0,8,,1,63,-7.824045658111572,5.741137981414795,-1.7495890855789185,OUTBOUND,-62.970916748046875,-0.10501616800377504,0.0031999999191612005
1,57,0.890625,1.044735312461853,73.63141632080078,updated,1.7053834199905396,-1.4868011474609375,29.34032440185547,0.42044296860694885,0.4533900022506714,76.07476397699793,25.692107769007748,1980,8,356,0,7,,0,64,-7.8240461349487305,5.786938190460205,-1.7042289972305298,OUTBOUND,-63.70368576049805,-0.08257082489063758,0.0031999999191612005
1,55,0.859375,0.6469449996948242,73.56905364990234,updated,1.7058972120285034,-1.5101794004440308,260.09613037109375,50.440006256103516,50.252220153808594,76.09505961099057,25.680045715420025,1981,8,357,0,9,,1,63,-7.8240461349487305,5.829164028167725,-1.850913643836975,OUTBOUND,-63.66411209106445,-0.05444988674727533,0.0031999999191612005
1,59,0.921875,0.6174178719520569,73.1675033569336,updated,1.7064096927642822,-1.4478421211242676,159.18019104003906,4.518110752105713,4.306304454803467,76.20576759299729,25.667983426212956,1982,8,358,0,5,,3,61,-7.8240461349487305,5.710851669311523,-1.8554424047470093,OUTBOUND,-63.58400344848633,-0.038168108336422,0.0031999999191612005
1,52,0.8125,0.7356999516487122,73.00042724609375,updated,1.706921935081482,-1.4696300029754639,126.34037017822266,3.1686770915985107,2.936152696609497,76.22558890999062,25.655901907971426,1983,8,359,0,12,,2,62,-7.8240461349487305,5.7500996589660645,-1.8000880479812622,OUTBOUND,-63.40608596801758,-0.04253589509031011,0.0031999999191612005
1,58,0.90625,0.7338857650756836,73.00715637207031,updated,1.7074344158172607,-1.4927847385406494,232.85211181640625,51.47037887573242,50.81487274169922,76.24713063400122,25.643846520026653,1984,8,360,0,6,,3,61,-7.8240461349487305,5.791860580444336,-1.7674307823181152,OUTBOUND,-63.433895111083984,-0.06313800529932218,0.0031999999191612005
1,59,0.921875,1.1400551795959473,72.66679382324219,updated,1.7079474925994873,-1.4962947368621826,135.23211669921875,0.5843995213508606,0.9060439467430115,76.26800579199335,25.63177692582397,1985,8,361,0,5,,0,64,-7.8240461349487305,5.7968549728393555,-1.6306641101837158,OUTBOUND,-63.04821014404297,-0.06053980015376538,0.0031999999191612005
1,52,0.8125,1.1136102676391602,72.99626159667969,updated,1.7084600925445557,-1.472522497177124,77.91896057128906,3.818495512008667,3.868222713470459,76.28781498098397,25.619717194575223,1986,8,362,0,12,,3,61,-7.8240461349487305,5.750875473022461,-1.9132492542266846,OUTBOUND,-62.92970657348633,-0.02845340017277329,0.0031999999191612005
0,58,0.90625,0.7539488077163696,73.2548828125,updated,1.708972454071045,-1.475982666015625,99.95935821533203,1.7358860969543457,1.8125088214874268,76.39542508398881,25.6076447111266,1987,8,363,1,6,STALE_OR_INCOMPLETE_BUNDLE,1,63,-7.8240461349487305,5.755794048309326,-1.951964259147644,OUTBOUND,-63.171085357666016,-0.02087304616784448,0.0031999999191612005
1,62,0.96875,1.00035560131073,72.50092315673828,updated,1.7094842195510864,-1.4638184309005737,146.76004028320312,2.0276408195495605,1.9062013626098633,76.41701212598127,25.59556240354896,1988,8,364,0,2,,1,63,-7.824045658111572,5.731553077697754,-1.842868685722351,OUTBOUND,-62.277156829833984,-0.03698287620148772,0.0031999999191612005
1,57,0.890625,0.7619916200637817,73.89689636230469,updated,1.709997296333313,-1.5200536251068115,30.004024505615234,3.6875159740448,3.6552834510803223,76.43834578897804,25.58349612639746,1989,8,365,0,7,,3,61,-7.8240461349487305,5.834907531738281,-1.7966970205307007,OUTBOUND,-63.22819137573242,-0.022820443051653764,0.0031999999191612005
1,58,0.90625,0.8948794603347778,73.76741790771484,updated,1.7105112075805664,-1.5086361169815063,73.71453094482422,0.5895451307296753,0.464948445558548,76.45906128099887,25.571425167198285,1990,8,366,0,6,,0,64,-7.8240461349487305,5.812038898468018,-1.5975074768066406,OUTBOUND,-63.686336517333984,-0.016807420550373008,0.0031999999191612005
1,63,0.984375,0.5409863591194153,73.72016143798828,updated,1.7110246419906616,-1.4760770797729492,210.47149658203125,50.4647331237793,50.76446533203125,76.48072845998104,25.559380441179965,1991,8,367,0,1,,1,63,-7.824045181274414,5.749810695648193,-1.7669155597686768,OUTBOUND,-63.85774230957031,-0.027139146084308206,0.0031999999191612005
1,58,0.90625,0.8057754039764404,73.96464538574219,updated,1.711538553237915,-1.5000618696212769,42.18460464477539,1.3547768592834473,1.3930177688598633,76.58924395099166,25.547333603093087,1992,8,368,0,6,,1,63,-7.8240461349487305,5.792931079864502,-1.7165166139602661,OUTBOUND,-64.04792785644531,-0.007035049997313877,0.0031999999191612005
1,58,0.90625,0.7151030898094177,74.12908935546875,updated,1.7120516300201416,-1.4679920673370361,33.02819061279297,0.5031788349151611,0.54506516456604,76.61019452198525,25.535288146724163,1993,8,369,0,6,,0,64,-7.8240461349487305,5.731693744659424,-1.915501356124878,OUTBOUND,-64.28781127929688,0.0068144177968163895,0.0031999999191612005
1,57,0.890625,0.8181427121162415,74.56962585449219,updated,1.7125651836395264,-1.4985780715942383,95.7408447265625,2.84151554107666,2.721634864807129,76.63095439999597,25.523232603086374,1994,8,370,0,7,,2,62,-7.8240461349487305,5.787054538726807,-1.5454440116882324,OUTBOUND,-64.55123901367188,0.0008772551789184597,0.0031999999191612005
1,56,0.875,1.1124035120010376,73.82825469970703,updated,1.713079571723938,-1.512215256690979,53.127685546875,0.3852847218513489,0.5045937895774841,76.65142028700211,25.51113894382556,1995,8,371,0,8,,0,64,-7.824045658111572,5.810849189758301,-2.046332359313965,OUTBOUND,-64.12959289550781,0.025353018142906157,0.0031999999191612005
1,54,0.84375,0.874366819858551,74.05096435546875,updated,1.7135947942733765,-1.5168168544769287,84.15821838378906,0.48684680461883545,0.6786051988601685,76.67106875000172,25.499063826835414,1996,8,372,0,10,,0,64,-7.824046611785889,5.81782865524292,-1.7738492488861084,OUTBOUND,-64.04371643066406,0.05336219024454408,0.0031999999191612005
1,58,0.90625,1.220044493675232,74.54857635498047,updated,1.7141103744506836,-1.509808897972107,43.91105270385742,2.4942967891693115,2.405806541442871,76.69290498600458,25.48695762753845,1997,8,373,0,6,,2,62,-7.8240461349487305,5.803244590759277,-2.024996519088745,OUTBOUND,-64.31976318359375,0.08088617127439875,0.0031999999191612005
1,63,0.984375,0.6240571141242981,73.99364471435547,updated,1.714625597000122,-1.4806009531021118,57.16943359375,0.4415569007396698,0.486538290977478,76.79881852699327,25.474856051222865,1998,8,374,0,1,,0,64,-7.824045181274414,5.7474799156188965,-1.9093728065490723,OUTBOUND,-64.01168823242188,0.10472206021454163,0.0031999999191612005
1,58,0.90625,1.2725787162780762,73.64128875732422,updated,1.715140700340271,-1.4932565689086914,104.44304656982422,0.7623119354248047,0.7260493040084839,76.82102846298949,25.462740703282453,1999,8,375,0,6,,0,64,-7.8240461349487305,5.7694196701049805,-1.7569501399993896,OUTBOUND,-63.66869354248047,0.10814125721664425,0.0031999999191612005
1,59,0.921875,1.2924301624298096,74.48931884765625,updated,1.7156559228897095,-1.4997496604919434,35.160152435302734,1.6748175621032715,1.6382097005844116,76.84347669800627,25.450649815231646,2000,8,376,0,5,,1,63,-7.8240461349487305,5.779913902282715,-1.816890835762024,OUTBOUND,-64.23859405517578,0.11950922592094695,0.0031999999191612005
