accepted,accepted_batch_count,accepted_batch_fraction,actor_gradient_norm,actor_loss,actor_status,alpha,alpha_loss,critic_gradient_norm,critic_loss_1,critic_loss_2,elapsed_seconds,energy,environment_step,episode_id,episode_step,fallback,fallback_batch_count,fallback_reason,fallback_target_count,generator_target_count,mean_log_det_G,mean_log_prob,mean_tanh_log_jacobian,mission_phase,q_value_exec,reward,zonotope_volume
1,,,,,,,,,,,0.015704397985246032,29.98798862404296,1,0,1,0,,,,,,,,OUTBOUND,,0.008800410330963956,0.007840000092983246
1,,,,,,,,,,,0.0314183629816398,29.97593244505694,2,0,2,0,,,,,,,,OUTBOUND,,0.04690907795298694,0.007840000092983246
1,,,,,,,,,,,0.13188787197577767,29.96386329093284,3,0,3,0,,,,,,,,OUTBOUND,,0.07869673413095084,0.007840000092983246
1,,,,,,,,,,,0.1442078219843097,29.951771005355422,4,0,4,0,,,,,,,,OUTBOUND,,0.08932054641422547,0.007840000092983246
1,,,,,,,,,,,0.15839075899566524,29.939679419269464,5,0,5,0,,,,,,,,OUTBOUND,,0.0800878923269787,0.007840000092983246
1,,,,,,,,,,,0.1720591359771788,29.927584868648506,6,0,6,0,,,,,,,,OUTBOUND,,0.07174276832563163,0.007840000092983246
1,,,,,,,,,,,0.2612081969855353,29.915509153744654,7,0,7,0,,,,,,,,OUTBOUND,,0.061226904982613725,0.007840000092983246
1,,,,,,,,,,,0.2752195809734985,29.903420216179864,8,0,8,0,,,,,,,,OUTBOUND,,0.07302549521022808,0.007840000092983246
1,,,,,,,,,,,0.2876786269771401,29.891272204405983,9,0,9,0,,,,,,,,OUTBOUND,,0.06318157635413627,0.007840000092983246
1,,,,,,,,,,,0.3017185579810757,29.879166610018387,10,0,10,0,,,,,,,,OUTBOUND,,0.03400236241213868,0.007840000092983246
1,,,,,,,,,,,0.31551039399346337,29.8670102732533,11,0,11,0,,,,,,,,OUTBOUND,,0.014038249693569944,0.007840000092983246
1,,,,,,,,,,,0.32939870198606513,29.854923689063828,12,0,12,0,,,,,,,,OUTBOUND,,0.010139579214767621,0.007840000092983246
1,,,,,,,,,,,0.341004157991847,29.842851402904724,13,0,13,0,,,,,,,,OUTBOUND,,-0.00011964118941365527,0.007840000092983246
1,,,,,,,,,,,0.44485631899442524,29.830788330769238,14,0,14,0,,,,,,,,OUTBOUND,,-0.05120065351810047,0.007840000092983246
1,,,,,,,,,,,0.4601957839913666,29.818718935156852,15,0,15,0,,,,,,,,OUTBOUND,,-0.09292708931221143,0.007840000092983246
1,,,,,,,,,,,0.47693258998333476,29.8066388537718,16,0,16,0,,,,,,,,OUTBOUND,,-0.1081478392189246,0.007840000092983246
1,,,,,,,,,,,0.4930475639994256,29.794553477715297,17,0,17,0,,,,,,,,OUTBOUND,,-0.08029895195433112,0.007840000092983246
1,,,,,,,,,,,0.50487660698127,29.78250406951945,18,0,18,0,,,,,,,,OUTBOUND,,-0.040221137853027805,0.007840000092983246
0,,,,,,,,,,,0.6082691849733237,29.770442246500696,19,0,19,1,,STALE_OR_INCOMPLETE_BUNDLE,,,,,,OUTBOUND,,-0.0370353205772415,0.007840000092983246
1,,,,,,,,,,,0.6212289479735773,29.75835197110396,20,0,20,0,,,,,,,,OUTBOUND,,-0.07355439554149533,0.007840000092983246
1,,,,,,,,,,,0.6346460649801884,29.746248032318945,21,0,21,0,,,,,,,,OUTBOUND,,-0.08730952146603443,0.007840000092983246
1,,,,,,,,,,,0.6461834399960935,29.734143021178433,22,0,22,0,,,,,,,,OUTBOUND,,-0.07535554098658297,0.007840000092983246
1,,,,,,,,,,,0.6605785069987178,29.722019522798174,23,0,23,0,,,,,,,,OUTBOUND,,-0.05364155951233353,0.007840000092983246
1,,,,,,,,,,,0.765508628974203,29.709913401435806,24,0,24,0,,,,,,,,OUTBOUND,,-0.01004979527009723,0.007840000092983246
1,,,,,,,,,,,0.7795976329944097,29.697795519134313,25,0,25,0,,,,,,,,OUTBOUND,,0.0255664191926452,0.007840000092983246
1,,,,,,,,,,,0.7945942849910352,29.68564420911991,26,0,26,0,,,,,,,,OUTBOUND,,0.029975775275436083,0.007840000092983246
1,,,,,,,,,,,0.8063048259937204,29.67353221943421,27,0,27,0,,,,,,,,OUTBOUND,,0.009751335651973565,0.007840000092983246
1,,,,,,,,,,,0.8174469869991299,29.66142613187751,28,0,28,0,,,,,,,,OUTBOUND,,-0.028469720022699707,0.007840000092983246
1,,,,,,,,,,,0.8310906330007128,29.64932580171281,29,0,29,0,,,,,,,,OUTBOUND,,-0.031078274962988536,0.007840000092983246
1,,,,,,,,,,,0.938292446982814,29.637263816339857,30,0,30,0,,,,,,,,OUTBOUND,,0.0017535482640174706,0.007840000092983246
1,,,,,,,,,,,0.9492930339765735,29.62519011380238,31,0,31,0,,,,,,,,OUTBOUND,,0.024131033643124918,0.007840000092983246
1,,,,,,,,,,,0.964915666001616,29.613118515455913,32,0,32,0,,,,,,,,OUTBOUND,,0.052777534199328846,0.007840000092983246
1,,,,,,,,,,,0.9780068739783019,29.601033049590583,33,0,33,0,,,,,,,,OUTBOUND,,0.06670685903245667,0.007840000092983246
1,,,,,,,,,,,0.9899134599836543,29.58892718561596,34,0,34,0,,,,,,,,OUTBOUND,,0.04875672635489027,0.007840000092983246
0,,,,,,,,,,,1.0944207219872624,29.576813490599104,35,0,35,1,,WATCHDOG_DEADLINE,,,,,,OUTBOUND,,0.004144029144839152,0.007840000092983246
1,,,,,,,,,,,1.1135774769936688,29.56474322892854,36,0,36,0,,,,,,,,OUTBOUND,,-0.04230386761529718,0.007840000092983246
1,,,,,,,,,,,1.1283406479924452,29.55265906379451,37,0,37,0,,,,,,,,OUTBOUND,,-0.05313139946283616,0.007840000092983246
1,,,,,,,,,,,1.1410277859831695,29.54059899138828,38,0,38,0,,,,,,,,OUTBOUND,,-0.05018928583057583,0.007840000092983246
1,,,,,,,,,,,1.1523441649915185,29.528541353830086,39,0,39,0,,,,,,,,OUTBOUND,,-0.051749379589025694,0.007840000092983246
1,,,,,,,,,,,1.2607140819891356,29.51646515689406,40,0,40,0,,,,,,,,OUTBOUND,,-0.06663010287689258,0.007840000092983246
1,,,,,,,,,,,1.2748984969803132,29.504348859296723,41,0,41,0,,,,,,,,OUTBOUND,,-0.0993994748589732,0.007840000092983246
1,,,,,,,,,,,1.286600694002118,29.492177335127714,42,0,42,0,,,,,,,,OUTBOUND,,-0.08563484029807795,0.007840000092983246
1,,,,,,,,,,,1.2999537449795753,29.480021339840746,43,0,43,0,,,,,,,,OUTBOUND,,-0.04726724027753249,0.007840000092983246
1,,,,,,,,,,,1.3144850749813486,29.467920551073142,44,0,44,0,,,,,,,,OUTBOUND,,-0.050933228533801944,0.007840000092983246
1,,,,,,,,,,,1.3272422669979278,29.455835961728134,45,0,45,0,,,,,,,,OUTBOUND,,-0.05664781040284363,0.007840000092983246
1,,,,,,,,,,,1.4254385399981402,29.443765406728957,46,0,46,0,,,,,,,,OUTBOUND,,-0.06424755652692835,0.007840000092983246
1,,,,,,,,,,,1.4419929349969607,29.43167472663365,47,0,47,0,,,,,,,,OUTBOUND,,-0.09900572351067424,0.007840000092983246
1,,,,,,,,,,,1.4579329469997901,29.419553215527472,48,0,48,0,,,,,,,,OUTBOUND,,-0.11391467816438612,0.007840000092983246
1,,,,,,,,,,,1.4715394949889742,29.407443570098568,49,0,49,0,,,,,,,,OUTBOUND,,-0.11341938015357475,0.007840000092983246
1,,,,,,,,,,,1.4844178879866377,29.39531231424292,50,0,50,0,,,,,,,,OUTBOUND,,-0.1093028551583309,0.007840000092983246
0,,,,,,,,,,,1.5865417119930498,29.38313750722242,51,0,51,1,,WATCHDOG_DEADLINE,,,,,,OUTBOUND,,-0.09005021813955309,0.007840000092983246
1,,,,,,,,,,,1.5997254959947895,29.371058441543337,52,0,52,0,,,,,,,,OUTBOUND,,-0.09125691666818712,0.007840000092983246
1,,,,,,,,,,,1.6142425589787308,29.35896144548905,53,0,53,0,,,,,,,,OUTBOUND,,-0.10217521773688372,0.007840000092983246
1,,,,,,,,,,,1.6263066359970253,29.346843372677004,54,0,54,0,,,,,,,,OUTBOUND,,-0.08215931053046915,0.007840000092983246
1,,,,,,,,,,,1.6398385469801724,29.334752855729317,55,0,55,0,,,,,,,,OUTBOUND,,-0.05699398314173167,0.007840000092983246
1,,,,,,,,,,,1.7365543199994136,29.32264295431792,56,0,56,0,,,,,,,,OUTBOUND,,-0.022244609755910028,0.007840000092983246
1,,,,,,,,,,,1.7512257929774933,29.310558383597304,57,0,57,0,,,,,,,,OUTBOUND,,7.931622434835704e-06,0.007840000092983246
1,,,,,,,,,,,1.7634146589844022,29.29846956139195,58,0,58,0,,,,,,,,OUTBOUND,,-0.00846676885947277,0.007840000092983246
1,,,,,,,,,,,1.7795709630008787,29.286368641092523,59,0,59,0,,,,,,,,OUTBOUND,,0.00029604572301423707,0.007840000092983246
1,,,,,,,,,,,1.793741240981035,29.274227283901737,60,0,60,0,,,,,,,,OUTBOUND,,0.017219041781057612,0.007840000092983246
1,,,,,,,,,,,1.8083026099775452,29.26207049652041,61,0,61,0,,,,,,,,OUTBOUND,,0.028384053393028928,0.007840000092983246
1,,,,,,,,,,,1.9095363289816305,29.249897482883355,62,0,62,0,,,,,,,,OUTBOUND,,0.05420312722418541,0.007840000092983246
1,,,,,,,,,,,1.9207173379836604,29.237756258421385,63,0,63,0,,,,,,,,OUTBOUND,,0.06720672404013472,0.007840000092983246
1,,,,,,,,,,,1.9335906679916661,29.22559023405702,64,0,64,0,,,,,,,,OUTBOUND,,0.04713036455900947,0.007840000092983246
1,,,,,,,,,,,1.9487318589817733,29.213430422602144,65,0,65,0,,,,,,,,OUTBOUND,,0.017856706712586608,0.007840000092983246
1,,,,,,,,,,,1.9629949249792844,29.201335453865337,66,0,66,0,,,,,,,,OUTBOUND,,0.009279870910362215,0.007840000092983246
0,,,,,,,,,,,2.0606498569832183,29.18917505442042,67,0,67,1,,WATCHDOG_DEADLINE,,,,,,OUTBOUND,,-0.008572833478091664,0.007840000092983246
1,,,,,,,,,,,2.073819793993607,29.177025708763832,68,0,68,0,,,,,,,,OUTBOUND,,-0.04522591441989257,0.007840000092983246
1,,,,,,,,,,,2.087630719994195,29.16496554119435,69,0,69,0,,,,,,,,OUTBOUND,,-0.06217162130759278,0.007840000092983246
1,,,,,,,,,,,2.1035446070018224,29.152855373929867,70,0,70,0,,,,,,,,OUTBOUND,,-0.07841967495633641,0.007840000092983246
1,,,,,,,,,,,2.1186006119824015,29.140774433529963,71,0,71,0,,,,,,,,OUTBOUND,,-0.09218581882294806,0.007840000092983246
1,,,,,,,,,,,2.227007090987172,29.12869685338379,72,0,72,0,,,,,,,,OUTBOUND,,-0.10867150652176212,0.007840000092983246
1,,,,,,,,,,,2.2432303139939904,29.116599619706417,73,0,73,0,,,,,,,,OUTBOUND,,-0.12614640940155547,0.007840000092983246
1,,,,,,,,,,,2.2566339839831926,29.104486870030446,74,0,74,0,,,,,,,,OUTBOUND,,-0.13556958347484413,0.007840000092983246
1,,,,,,,,,,,2.269345926993992,29.09238043186535,75,0,75,0,,,,,,,,OUTBOUND,,-0.14243700676119933,0.007840000092983246
1,,,,,,,,,,,2.28382866299944,29.08024730725546,76,0,76,0,,,,,,,,OUTBOUND,,-0.16955727877217433,0.007840000092983246
1,,,,,,,,,,,2.2967976609943435,29.06808748776199,77,0,77,0,,,,,,,,OUTBOUND,,-0.21085310954488665,0.007840000092983246
1,,,,,,,,,,,2.39259508397663,29.055904660438724,78,0,78,0,,,,,,,,OUTBOUND,,-0.23241997484113125,0.007840000092983246
1,,,,,,,,,,,2.4038570989796426,29.043719305494726,79,0,79,0,,,,,,,,OUTBOUND,,-0.21992340506505154,0.007840000092983246
1,,,,,,,,,,,2.4165131929912604,29.031546239240942,80,0,80,0,,,,,,,,OUTBOUND,,-0.20942154969010082,0.007840000092983246
1,,,,,,,,,,,2.4299601899983827,29.019389281040215,81,0,81,0,,,,,,,,OUTBOUND,,-0.210523311286413,0.007840000092983246
1,,,,,,,,,,,2.4449382729944773,29.007200818275333,82,0,82,0,,,,,,,,OUTBOUND,,-0.19344210883000346,0.007840000092983246
0,,,,,,,,,,,2.539188547001686,28.994984112057193,83,0,83,1,,WATCHDOG_DEADLINE,,,,,,OUTBOUND,,-0.16021945304101773,0.007840000092983246
1,,,,,,,,,,,2.553408653999213,28.98284818860172,84,0,84,0,,,,,,,,OUTBOUND,,-0.1431352622009138,0.007840000092983246
1,,,,,,,,,,,2.566081042983569,28.970713347979235,85,0,85,0,,,,,,,,OUTBOUND,,-0.15132290775489637,0.007840000092983246
1,,,,,,,,,,,2.5795165469753556,28.95858045546364,86,0,86,0,,,,,,,,OUTBOUND,,-0.17677070348339688,0.007840000092983246
1,,,,,,,,,,,2.5961115129757673,28.946424982230393,87,0,87,0,,,,,,,,OUTBOUND,,-0.1924461188548149,0.007840000092983246
1,,,,,,,,,,,2.6974863919895142,28.934259838106946,88,0,88,0,,,,,,,,OUTBOUND,,-0.20198068297687613,0.007840000092983246
1,,,,,,,,,,,2.7122862249962054,28.922095546411864,89,0,89,0,,,,,,,,OUTBOUND,,-0.2292675873281207,0.007840000092983246
1,,,,,,,,,,,2.7253166569862515,28.909908537526388,90,0,90,0,,,,,,,,OUTBOUND,,-0.22432587233065493,0.007840000092983246
0,,,,,,,,,,,2.7330523879791144,28.89768751403676,91,0,91,1,,NO_GENERATOR_SET,,,,,,OUTBOUND,,-0.18671583421193566,0.007840000092983246
0,,,,,,,,,,,2.7411954639828764,28.885482490547133,92,0,92,1,,NO_GENERATOR_SET,,,,,,OUTBOUND,,-0.1521773749986731,0.007840000092983246
0,,,,,,,,,,,2.7537128849944565,28.873285334384764,93,0,93,1,,NO_GENERATOR_SET,,,,,,OUTBOUND,,-0.12068978274183254,0.007840000092983246
1,,,,,,,,,,,2.769915338983992,28.861079778890744,94,0,94,0,,,,,,,,OUTBOUND,,-0.08423271264524737,0.007840000092983246
1,,,,,,,,,,,2.874841471988475,28.848901278353782,95,0,95,0,,,,,,,,OUTBOUND,,-0.05844050568646049,0.007840000092983246
1,,,,,,,,,,,2.8893252209818456,28.83671390294219,96,0,96,0,,,,,,,,OUTBOUND,,-0.04755955653024283,0.007840000092983246
1,,,,,,,,,,,2.9030713099928107,28.824543575561364,97,0,97,0,,,,,,,,OUTBOUND,,-0.06139366583993223,0.007840000092983246
1,,,,,,,,,,,2.9150674330012407,28.81234939356903,98,0,98,0,,,,,,,,OUTBOUND,,-0.06690808728565371,0.007840000092983246
1,,,,,,,,,,,2.928186918987194,28.800203560332896,99,0,99,0,,,,,,,,OUTBOUND,,-0.04452261786244994,0.007840000092983246
0,,,,,,,,,,,3.0265462279785424,28.788013021083554,100,0,100,1,,STALE_OR_INCOMPLETE_BUNDLE,,,,,,OUTBOUND,,-0.045309284688864256,0.007840000092983246
1,,,,,,,,,,,3.043846588989254,28.77580767288383,101,0,101,0,,,,,,,,OUTBOUND,,-0.06781027643047487,0.007840000092983246
1,,,,,,,,,,,3.062828340975102,28.763607457556738,102,0,102,0,,,,,,,,OUTBOUND,,-0.09316580493441956,0.007840000092983246
1,,,,,,,,,,,3.0782738859998062,28.75137577327423,103,0,103,0,,,,,,,,OUTBOUND,,-0.08684158862599278,0.007840000092983246
1,,,,,,,,,,,3.0950813749805093,28.739180343122197,104,0,104,0,,,,,,,,OUTBOUND,,-0.06026052229281389,0.007840000092983246
1,,,,,,,,,,,3.216095511976164,28.72702093072409,105,0,105,0,,,,,,,,OUTBOUND,,-0.07492028143885864,0.007840000092983246
1,,,,,,,,,,,3.2325726749841124,28.71487302774497,106,0,106,0,,,,,,,,OUTBOUND,,-0.11778619435398949,0.007840000092983246
1,,,,,,,,,,,3.243813708977541,28.70274335550648,107,0,107,0,,,,,,,,OUTBOUND,,-0.13486079175990515,0.007840000092983246
1,,,,,,,,,,,3.255158608983038,28.69058175570915,108,0,108,0,,,,,,,,OUTBOUND,,-0.15822737423681674,0.007840000092983246
1,,,,,,,,,,,3.269864456000505,28.67843642582946,109,0,109,0,,,,,,,,OUTBOUND,,-0.19928260576089088,0.007840000092983246
1,,,,,,,,,,,3.2858691079891287,28.666282692301657,110,0,110,0,,,,,,,,OUTBOUND,,-0.2228117159447695,0.007840000092983246
1,,,,,,,,,,,3.40063679497689,28.654102057235427,111,0,111,0,,,,,,,,OUTBOUND,,-0.2064070385902459,0.007840000092983246
1,,,,,,,,,,,3.4114854939980432,28.641952716791735,112,0,112,0,,,,,,,,OUTBOUND,,-0.18730175564350637,0.007840000092983246
1,,,,,,,,,,,3.4231420189898927,28.629790316128535,113,0,113,0,,,,,,,,OUTBOUND,,-0.16377975307826634,0.007840000092983246
1,,,,,,,,,,,3.4373886159737594,28.617658597607516,114,0,114,0,,,,,,,,OUTBOUND,,-0.14150980745586433,0.007840000092983246
1,,,,,,,,,,,3.4519863039895426,28.605548975947094,115,0,115,0,,,,,,,,OUTBOUND,,-0.169228806366386,0.007840000092983246
0,,,,,,,,,,,3.5775098929880187,28.593361397274922,116,0,116,1,,WATCHDOG_DEADLINE,,,,,,OUTBOUND,,-0.19936094099034748,0.007840000092983246
1,,,,,,,,,,,3.5902046709961724,28.58118360318678,117,0,117,0,,,,,,,,OUTBOUND,,-0.2023571780356105,0.007840000092983246
1,,,,,,,,,,,3.607455127988942,28.568974007722556,118,0,118,0,,,,,,,,OUTBOUND,,-0.20283829749318755,0.007750638760626316
1,,,,,,,,,,,3.6215950299811084,28.556718514577454,119,0,119,0,,,,,,,,OUTBOUND,,-0.19454087924507316,0.007840000092983246
1,,,,,,,,,,,3.637122197978897,28.544508998756786,120,0,120,0,,,,,,,,OUTBOUND,,-0.1878612233175222,0.007840000092983246
1,,,,,,,,,,,3.7491280129761435,28.532263123224283,121,0,121,0,,,,,,,,OUTBOUND,,-0.16898446362028866,0.007840000092983246
1,,,,,,,,,,,3.760212250985205,28.52005251199407,122,0,122,0,,,,,,,,OUTBOUND,,-0.14004967084228795,0.007840000092983246
1,,,,,,,,,,,3.7736103319912218,28.50781210412544,123,0,123,0,,,,,,,,OUTBOUND,,-0.13418954116498968,0.007840000092983246
1,,,,,,,,,,,3.785288605984533,28.495618125252253,124,0,124,0,,,,,,,,OUTBOUND,,-0.10062044300692449,0.007840000092983246
1,,,,,,,,,,,3.8070186889963225,28.483447982843554,125,0,125,0,,,,,,,,OUTBOUND,,-0.07105416694365009,0.007840000092983246
1,,,,,,,,,,,3.8231795329775196,28.47125976615106,126,0,126,0,,,,,,,,OUTBOUND,,-0.08308738760924887,0.007840000092983246
1,,,,,,,,,,,3.9257148600008804,28.459043285793737,127,0,127,0,,,,,,,,OUTBOUND,,-0.10224375527985723,0.007840000092983246
1,,,,,,,,,,,3.9372005850018468,28.44678480263429,128,0,128,0,,,,,,,,OUTBOUND,,-0.0863296138168057,0.007840000092983246
1,,,,,,,,,,,3.95115721898037,28.43457347393394,129,0,129,0,,,,,,,,OUTBOUND,,-0.08345559132632481,0.007840000092983246
1,,,,,,,,,,,3.964507849974325,28.42234353256304,130,0,130,0,,,,,,,,OUTBOUND,,-0.07790167235965095,0.007840000092983246
1,,,,,,,,,,,3.977201122994302,28.410147093187682,131,0,131,0,,,,,,,,OUTBOUND,,-0.029816911502561726,0.007840000092983246
0,,,,,,,,,,,4.082846683973912,28.39790295412495,132,0,132,1,,WATCHDOG_DEADLINE,,,,,,OUTBOUND,,-0.05478448521369889,0.007840000092983246
1,,,,,,,,,,,4.095251721999375,28.385709750139615,133,0,133,0,,,,,,,,OUTBOUND,,-0.09414982056635447,0.007840000092983246
1,,,,,,,,,,,4.10623071398004,28.373503192546906,134,0,134,0,,,,,,,,OUTBOUND,,-0.08090871051975479,0.007840000092983246
1,,,,,,,,,,,4.118834119988605,28.36136573232208,135,0,135,0,,,,,,,,OUTBOUND,,-0.07539379421390764,0.007840000092983246
1,,,,,,,,,,,4.131261499976972,28.349208375517506,136,0,136,0,,,,,,,,OUTBOUND,,-0.054298897859089465,0.007840000092983246
1,,,,,,,,,,,4.247265179990791,28.337027812183383,137,0,137,0,,,,,,,,OUTBOUND,,-0.021046249188519307,0.007840000092983246
1,,,,,,,,,,,4.259181330999127,28.32490709194365,138,0,138,0,,,,,,,,OUTBOUND,,-0.002511128660140053,0.007840000092983246
1,,,,,,,,,,,4.270220801990945,28.31283181947634,139,0,139,0,,,,,,,,OUTBOUND,,-0.00814000984513159,0.007840000092983246
1,,,,,,,,,,,4.2812213439901825,28.300731757993677,140,0,140,0,,,,,,,,OUTBOUND,,-0.02988087833621696,0.007840000092983246
1,,,,,,,,,,,4.294632914999966,28.288612222169775,141,0,141,0,,,,,,,,OUTBOUND,,-0.04227420640759967,0.007840000092983246
1,,,,,,,,,,,4.307555395993404,28.27648386385267,142,0,142,0,,,,,,,,OUTBOUND,,-0.02896226686272879,0.007840000092983246
1,,,,,,,,,,,4.410872042994015,28.26435128599767,143,0,143,0,,,,,,,,OUTBOUND,,0.0024146865754974605,0.007840000092983246
1,,,,,,,,,,,4.423109508992638,28.252269784553025,144,0,144,0,,,,,,,,OUTBOUND,,0.03413108330024913,0.007840000092983246
1,,,,,,,,,,,4.434808468999108,28.240160242640993,145,0,145,0,,,,,,,,OUTBOUND,,0.07464879959101689,0.007840000092983246
1,,,,,,,,,,,4.447908194997581,28.228028224232556,146,0,146,0,,,,,,,,OUTBOUND,,0.08440028545758652,0.007840000092983246
1,,,,,,,,,,,4.462568456976442,28.215882860427968,147,0,147,0,,,,,,,,OUTBOUND,,0.03868442649835631,0.007840000092983246
0,,,,,,,,,,,4.574612172000343,28.203726128967133,148,0,148,1,,WATCHDOG_DEADLINE,,,,,,OUTBOUND,,-0.03519083902951205,0.007840000092983246
1,,,,,,,,,,,4.590093979990343,28.191633949593488,149,0,149,0,,,,,,,,OUTBOUND,,-0.05539394822740405,0.007840000092983246
1,,,,,,,,,,,4.601690771989524,28.17956316177098,150,0,150,0,,,,,,,,OUTBOUND,,-0.024323291795849182,0.007840000092983246
1,,,,,,,,,,,4.613497733982513,28.167463984508412,151,0,151,0,,,,,,,,OUTBOUND,,0.0013503616814032895,0.007840000092983246
1,,,,,,,,,,,4.626731936994474,28.15539472414892,152,0,152,0,,,,,,,,OUTBOUND,,0.0002587709120446405,0.007840000092983246
1,,,,,,,,,,,4.744369890977396,28.14333451033041,153,0,153,0,,,,,,,,OUTBOUND,,-0.005309105084409089,0.007840000092983246
1,,,,,,,,,,,4.757458930980647,28.131242042050214,154,0,154,0,,,,,,,,OUTBOUND,,0.03675410797944609,0.007840000092983246
1,,,,,,,,,,,4.77317772898823,28.11912153047535,155,0,155,0,,,,,,,,OUTBOUND,,0.0924168564436343,0.007840000092983246
1,,,,,,,,,,,4.79010594097781,28.106986346676443,156,0,156,0,,,,,,,,OUTBOUND,,0.12137385445435561,0.007840000092983246
1,,,,,,,,,,,4.802069487981498,28.094851405551246,157,0,157,0,,,,,,,,OUTBOUND,,0.11671820477341145,0.007840000092983246
1,,,,,,,,,,,4.817675081983907,28.08270783723724,158,0,158,0,,,,,,,,OUTBOUND,,0.08498442733122635,0.007840000092983246
0,,,,,,,,,,,4.925040174974129,28.07053493169137,159,0,159,1,,WATCHDOG_DEADLINE,,,,,,OUTBOUND,,0.020021888929025133,0.007840000092983246
1,,,,,,,,,,,4.937070485990262,28.05845671244179,160,0,160,0,,,,,,,,OUTBOUND,,-0.010796765868655219,0.007840000092983246
1,,,,,,,,,,,4.947955678973813,28.046382753267686,161,0,161,0,,,,,,,,OUTBOUND,,-0.004087019884384243,0.007840000092983246
1,,,,,,,,,,,4.963031384977512,28.03427180103895,162,0,162,0,,,,,,,,OUTBOUND,,0.007659947787546243,0.007840000092983246
1,,,,,,,,,,,4.975953073997516,28.022146319171696,163,0,163,0,,,,,,,,OUTBOUND,,0.04561895447268694,0.007840000092983246
1,,,,,,,,,,,5.09040592997917,28.00997903694049,164,0,164,0,,,,,,,,OUTBOUND,,0.043194482681323365,0.007840000092983246
1,,,,,,,,,,,5.106484671996441,27.997873174937975,165,0,165,0,,,,,,,,OUTBOUND,,0.03996917859583998,0.007840000092983246
1,,,,,,,,,,,5.119258975988487,27.985748141607445,166,0,166,0,,,,,,,,OUTBOUND,,0.05030656131915837,0.007840000092983246
1,,,,,,,,,,,5.13356069297879,27.973639649768135,167,0,167,0,,,,,,,,OUTBOUND,,0.041427073073685365,0.007840000092983246
1,,,,,,,,,,,5.147352733998559,27.9614858456414,168,0,168,0,,,,,,,,OUTBOUND,,0.06436391082467452,0.007840000092983246
0,,,,,,,,,,,5.2580675989738666,27.949296352211405,169,0,169,1,,WATCHDOG_DEADLINE,,,,,,OUTBOUND,,0.04662665560806044,0.007840000092983246
1,,,,,,,,,,,5.2715940149792,27.937253044161235,170,0,170,0,,,,,,,,OUTBOUND,,0.026552291423725827,0.007840000092983246
1,,,,,,,,,,,5.282851668976946,27.92516334520684,171,0,171,0,,,,,,,,OUTBOUND,,0.01851443546631797,0.007840000092983246
1,,,,,,,,,,,5.2942236889794,27.913101832871046,172,0,172,0,,,,,,,,OUTBOUND,,-0.033489648063925764,0.007840000092983246
1,,,,,,,,,,,5.30863975797547,27.901051267049702,173,0,173,0,,,,,,,,OUTBOUND,,-0.03842001481005686,0.007840000092983246
1,,,,,,,,,,,5.319698217994301,27.888997715687598,174,0,174,0,,,,,,,,OUTBOUND,,-0.035481154357464816,0.007840000092983246
1,,,,,,,,,,,5.333271140989382,27.876889068743218,175,0,175,0,,,,,,,,OUTBOUND,,-0.07419528484082377,0.007840000092983246
0,,,,,,,,,,,5.444921167974826,27.86468327087808,176,0,176,1,,WATCHDOG_DEADLINE,,,,,,OUTBOUND,,-0.13238208539204366,0.007840000092983246
1,,,,,,,,,,,5.458088663988747,27.8524995918625,177,0,177,0,,,,,,,,OUTBOUND,,-0.19534484879974348,0.007840000092983246
1,,,,,,,,,,,5.469817940989742,27.840336848924178,178,0,178,0,,,,,,,,OUTBOUND,,-0.23059527300236599,0.007840000092983246
1,,,,,,,,,,,5.4826029620016925,27.82813745778927,179,0,179,0,,,,,,,,OUTBOUND,,-0.2300250838284175,0.007840000092983246
1,,,,,,,,,,,5.494208643998718,27.81590007533524,180,0,180,0,,,,,,,,OUTBOUND,,-0.18482035766048113,0.007840000092983246
1,,,,,,,,,,,5.598995531996479,27.803742504492384,181,0,181,0,,,,,,,,OUTBOUND,,-0.14482739590108176,0.007840000092983246
1,,,,,,,,,,,5.616745773993898,27.79162384664922,182,0,182,0,,,,,,,,OUTBOUND,,-0.11828836494624673,0.007840000092983246
1,,,,,,,,,,,5.629346906993305,27.77951268665556,183,0,183,0,,,,,,,,OUTBOUND,,-0.08560225222758999,0.007840000092983246
1,,,,,,,,,,,5.643946937983856,27.767383792119734,184,0,184,0,,,,,,,,OUTBOUND,,-0.052521784940061586,0.007840000092983246
1,,,,,,,,,,,5.656393753975863,27.7552725496471,185,0,185,0,,,,,,,,OUTBOUND,,-0.051306861644171954,0.007840000092983246
0,,,,,,,,,,,5.753308878978714,27.74306752140264,186,0,186,1,,WATCHDOG_DEADLINE,,,,,,OUTBOUND,,-0.11176207136182124,0.007840000092983246
1,,,,,,,,,,,5.764491209993139,27.73084082355833,187,0,187,0,,,,,,,,OUTBOUND,,-0.15094486844320817,0.007840000092983246
1,,,,,,,,,,,5.776662821997888,27.71861071092132,188,0,188,0,,,,,,,,OUTBOUND,,-0.12359002560080877,0.007840000092983246
1,,,,,,,,,,,5.790039404993877,27.706451784226303,189,0,189,0,,,,,,,,OUTBOUND,,-0.1091686334944217,0.007840000092983246
1,,,,,,,,,,,5.800841653981479,27.69426939531075,190,0,190,0,,,,,,,,OUTBOUND,,-0.09215568114858476,0.007840000092983246
1,,,,,,,,,,,5.812219740997534,27.6821364641255,191,0,191,0,,,,,,,,OUTBOUND,,-0.047301374313942345,0.007840000092983246
1,,,,,,,,,,,5.827593533002073,27.670052052525673,192,0,192,0,,,,,,,,OUTBOUND,,-0.011527271070509368,0.007840000092983246
0,,,,,,,,,,,5.940996342978906,27.657925918705395,193,0,193,1,,WATCHDOG_DEADLINE,,,,,,OUTBOUND,,-0.03349861992309566,0.007840000092983246
1,,,,,,,,,,,5.956243344990071,27.645798207369005,194,0,194,0,,,,,,,,OUTBOUND,,-0.06284041811489985,0.007840000092983246
1,,,,,,,,,,,5.968096402997617,27.633703403574295,195,0,195,0,,,,,,,,OUTBOUND,,-0.030750205886041996,0.007840000092983246
1,,,,,,,,,,,5.979234268976143,27.621611670915893,196,0,196,0,,,,,,,,OUTBOUND,,0.003513907707004263,0.007840000092983246
1,,,,,,,,,,,5.9947157069982495,27.609496903350188,197,0,197,0,,,,,,,,OUTBOUND,,-0.004470022442639905,0.007840000092983246
1,,,,,,,,,,,6.0926316599943675,27.59743242782487,198,0,198,0,,,,,,,,OUTBOUND,,-0.03831772970224352,0.007840000092983246
1,,,,,,,,,,,6.106140208983561,27.58533571795182,199,0,199,0,,,,,,,,OUTBOUND,,-0.07650854556853695,0.007840000092983246
1,,,,,,,,,,,6.121378519979771,27.573196049495575,200,0,200,0,,,,,,,,OUTBOUND,,-0.07631057981397504,0.007840000092983246
1,60,0.9375,1.8771952390670776,5.007747173309326,updated,1.0003000497817993,-0.0,33.03218460083008,23.855365753173828,24.93132209777832,6.227796776976902,27.561091572536476,201,0,201,0,4,,1,63,-6.9281487464904785,4.9117817878723145,-2.0704190731048584,OUTBOUND,-0.05536440759897232,-0.06944299963318246,0.007840000092983246
1,59,0.921875,2.0238397121429443,5.173692226409912,updated,1.0006005764007568,-0.000610755814705044,33.74803924560547,24.909652709960938,25.981285095214844,6.2517015949997585,27.54895969935153,202,0,202,0,5,,0,64,-6.927958011627197,5.035852909088135,-2.6786820888519287,OUTBOUND,-0.0970284715294838,-0.09444415230731479,0.007840000092983246
0,59,0.921875,1.3859294652938843,5.122258186340332,updated,1.0009008646011353,-0.0011685758363455534,33.37689208984375,24.97606086730957,25.98673439025879,6.35550597999827,27.536764628821565,203,0,203,1,5,WATCHDOG_DEADLINE,0,64,-6.928152084350586,4.9465131759643555,-2.243288040161133,OUTBOUND,-0.1361590027809143,-0.14235502221084054,0.007840000092983246
1,57,0.890625,0.9398003816604614,5.121952056884766,updated,1.001200795173645,-0.0017204161267727613,31.170305252075195,22.865577697753906,23.760087966918945,6.379899982974166,27.524570656358282,204,0,204,0,7,,2,62,-6.927958011627197,4.910721302032471,-2.142158269882202,OUTBOUND,-0.17330962419509888,-0.16851049112870456,0.007840000092983246
1,57,0.890625,1.1683976650238037,5.145691394805908,updated,1.0015006065368652,-0.0022812634706497192,30.75201988220215,21.989212036132812,22.80071449279785,6.4040906529990025,27.51238937453932,205,0,205,0,7,,1,63,-6.927958011627197,4.900925159454346,-2.2334394454956055,OUTBOUND,-0.20701444149017334,-0.12602773181164267,0.007840000092983246
1,58,0.90625,1.2924333810806274,5.206536769866943,updated,1.001800537109375,-0.0028896371368318796,31.128528594970703,22.002399444580078,22.78742027282715,6.431366979988525,27.500259985559342,206,0,206,0,6,,0,64,-6.927958011627197,4.927097797393799,-2.233398675918579,OUTBOUND,-0.24050986766815186,-0.07914836802675565,0.007840000092983246
1,60,0.9375,1.1734892129898071,5.224000930786133,updated,1.0021004676818848,-0.0034406022168695927,31.291799545288086,21.94827651977539,22.690933227539062,6.457253850996494,27.488201666139233,207,0,207,0,4,,0,64,-6.927957534790039,4.912621021270752,-2.1653900146484375,OUTBOUND,-0.27181753516197205,-0.04674125207229234,0.007840000092983246
1,59,0.921875,1.1465030908584595,5.277235984802246,updated,1.002400517463684,-0.004055975005030632,31.136449813842773,21.41851043701172,22.107669830322266,6.481329060974531,27.476136435000253,208,0,208,0,5,,1,63,-6.927958011627197,4.933056831359863,-2.0734620094299316,OUTBOUND,-0.3025389611721039,-0.05611621712356994,0.007840000092983246
1,59,0.921875,1.2904809713363647,5.310453414916992,updated,1.0027008056640625,-0.004634469281882048,31.65287971496582,21.252283096313477,21.901344299316406,6.506203113996889,27.46405696021603,209,0,209,0,5,,1,63,-6.928152084350586,4.932928085327148,-2.0636091232299805,OUTBOUND,-0.33369192481040955,-0.07963725936092192,0.007840000092983246
0,56,0.875,1.1950100660324097,5.334644317626953,updated,1.003001093864441,-0.00518409488722682,31.418500900268555,20.185880661010742,20.793001174926758,6.6198208239802625,27.451906474138493,210,0,210,1,8,WATCHDOG_DEADLINE,2,62,-6.927958011627197,4.922070503234863,-2.2157840728759766,OUTBOUND,-0.3665044903755188,-0.12724239946191687,0.007840000092983246
1,54,0.84375,0.8971483111381531,5.3333353996276855,updated,1.0033011436462402,-0.005650427658110857,33.35303497314453,21.162073135375977,21.76000213623047,6.645254256000044,27.439741970013998,211,0,211,0,10,,1,63,-6.927958011627197,4.88560676574707,-1.8829046487808228,OUTBOUND,-0.39973899722099304,-0.17731346524432584,0.007840000092983246
1,60,0.9375,1.0998072624206543,5.373464107513428,updated,1.00360107421875,-0.006223698612302542,34.24220275878906,20.71988296508789,21.296749114990234,6.666175658989232,27.427549410600047,212,0,212,0,4,,0,64,-6.927957534790039,4.888406276702881,-1.6236522197723389,OUTBOUND,-0.4337159991264343,-0.16170201862392122,0.007840000092983246
1,58,0.90625,0.39319145679473877,5.428857803344727,updated,1.0039011240005493,-0.006848577875643969,34.54901123046875,19.9904842376709,20.514970779418945,6.6914113799866755,27.415378199227213,213,0,213,0,6,,1,63,-6.927958011627197,4.905223369598389,-1.8549714088439941,OUTBOUND,-0.46900975704193115,-0.13793392684737302,0.007840000092983246
1,57,0.890625,0.9643494486808777,5.4589409828186035,updated,1.004201054573059,-0.007377612870186567,35.66170120239258,19.954843521118164,20.456802368164062,6.7162293839792255,27.4031948480689,214,0,214,0,7,,1,63,-6.928158760070801,4.894859313964844,-1.7420824766159058,OUTBOUND,-0.5059172511100769,-0.13371311321911208,0.007840000092983246
1,60,0.9375,1.1442543268203735,5.503645420074463,updated,1.0045009851455688,-0.007949268445372581,36.65855026245117,19.719390869140625,20.207246780395508,6.837833906000014,27.391014398947366,215,0,215,0,4,,1,63,-6.9281487464904785,4.8961944580078125,-1.6829971075057983,OUTBOUND,-0.5453636050224304,-0.12798720017122997,0.007840000092983246
1,58,0.90625,0.46635130047798157,5.554478168487549,updated,1.0048010349273682,-0.008548966608941555,35.938255310058594,18.45936393737793,18.910682678222656,6.861308961990289,27.378829897093496,216,0,216,0,6,,3,61,-6.927958011627197,4.903629779815674,-1.808045744895935,OUTBOUND,-0.5857319235801697,-0.10594070397734585,0.007840000092983246
1,56,0.875,0.66888427734375,5.599302768707275,updated,1.005101203918457,-0.009105250239372253,37.83647537231445,18.475814819335938,18.95741844177246,6.88435801997548,27.366650630774153,217,0,217,0,8,,1,63,-6.928162574768066,4.9010725021362305,-1.628976583480835,OUTBOUND,-0.629990816116333,-0.06264748513157266,0.007840000092983246
1,59,0.921875,1.3237419128417969,5.621781349182129,updated,1.0054011344909668,-0.009533240459859371,39.69308090209961,18.849050521850586,19.354230880737305,6.906089304975467,27.354511341648248,218,0,218,0,5,,1,63,-6.927958011627197,4.873606204986572,-1.42638099193573,OUTBOUND,-0.6756981015205383,-0.0574272614668924,0.007840000092983246
1,59,0.921875,0.8619577884674072,5.707785606384277,updated,1.0057011842727661,-0.010286815464496613,40.16394805908203,18.330196380615234,18.833721160888672,6.93199572499725,27.342369701915075,219,0,219,0,5,,2,62,-6.928152084350586,4.909724235534668,-1.5878769159317017,OUTBOUND,-0.7218869924545288,-0.06263170118451118,0.007840000092983246
0,57,0.890625,0.8646514415740967,5.743957042694092,updated,1.006001353263855,-0.010754778049886227,41.190555572509766,17.91353988647461,18.45294952392578,7.053578080987791,27.330245729012795,220,0,220,1,7,WATCHDOG_DEADLINE,2,62,-6.927958011627197,4.891768455505371,-1.6948903799057007,OUTBOUND,-0.7721835970878601,-0.08103774243129235,0.007840000092983246
1,56,0.875,1.1566241979599,5.737148284912109,updated,1.006300926208496,-0.010957992635667324,42.55846405029297,17.465757369995117,18.025779724121094,7.08207423199201,27.318116212121307,221,0,221,0,8,,1,63,-6.928162574768066,4.831379413604736,-1.8425376415252686,OUTBOUND,-0.8234444856643677,-0.11614125302656526,0.007840000092983246
1,57,0.890625,0.6540442109107971,5.850717067718506,updated,1.0066006183624268,-0.011841317638754845,43.47940444946289,16.902484893798828,17.513877868652344,7.105941009998787,27.30598348094696,222,0,222,0,7,,1,63,-6.927958011627197,4.885194778442383,-1.7425798177719116,OUTBOUND,-0.8785077333450317,-0.09535868777434126,0.007840000092983246
1,57,0.890625,1.0223019123077393,5.925629138946533,updated,1.0069005489349365,-0.012499595992267132,44.02606964111328,16.398027420043945,17.026100158691406,7.129342357977293,27.293880905199757,223,0,223,0,7,,2,62,-6.928159713745117,4.899935722351074,-1.6302118301391602,OUTBOUND,-0.9350382089614868,-0.07346159405658487,0.007840000092983246
1,58,0.90625,1.1091175079345703,5.9659199714660645,updated,1.0072004795074463,-0.012909659184515476,46.64622116088867,16.366291046142578,17.056827545166016,7.154850016988348,27.281793926502214,224,0,224,0,6,,0,64,-6.928155899047852,4.877263069152832,-1.9713200330734253,OUTBOUND,-0.9937098622322083,-0.08321823355052778,0.007840000092983246
1,59,0.921875,0.8408800363540649,6.05689811706543,updated,1.0075006484985352,-0.013652062974870205,46.722564697265625,15.585729598999023,16.288570404052734,7.184484425990377,27.26969926449456,225,0,225,0,5,,1,63,-6.927958011627197,4.902822494506836,-1.7222172021865845,OUTBOUND,-1.0544904470443726,-0.08024499243231308,0.007840000092983246
1,61,0.953125,1.3896877765655518,6.147271633148193,updated,1.0078012943267822,-0.014370357617735863,47.44670486450195,14.921452522277832,15.666823387145996,7.211785827996209,27.257602189960473,226,0,226,0,3,,1,63,-6.927958011627197,4.923070907592773,-2.1733319759368896,OUTBOUND,-1.120141625404358,-0.08751347277496373,0.007840000092983246
0,55,0.859375,0.9501780867576599,6.1937575340271,updated,1.0081020593643188,-0.014760316349565983,48.682376861572266,14.821420669555664,15.605273246765137,7.337567726994166,27.24548334354158,227,0,227,1,9,WATCHDOG_DEADLINE,2,62,-6.9279584884643555,4.899416923522949,-1.475240707397461,OUTBOUND,-1.1864020824432373,-0.1391559833478757,0.007840000092983246
1,56,0.875,1.2026475667953491,6.261281490325928,updated,1.008402943611145,-0.015276825986802578,48.84127426147461,14.173640251159668,14.984731674194336,7.366539256996475,27.23336361003422,228,0,228,0,8,,3,61,-6.927958011627197,4.893177032470703,-1.507645845413208,OUTBOUND,-1.256426215171814,-0.17472276580380988,0.007840000092983246
1,57,0.890625,0.9990414977073669,6.333935260772705,updated,1.0087039470672607,-0.01580936089158058,52.5547981262207,14.142936706542969,15.023799896240234,7.393797767988872,27.22123896089353,229,0,229,0,7,,0,64,-6.927958011627197,4.88929557800293,-1.4805389642715454,OUTBOUND,-1.3286799192428589,-0.16111586671964,0.007840000092983246
1,59,0.921875,1.4455171823501587,6.38004732131958,updated,1.0090045928955078,-0.016073478385806084,53.88270950317383,13.729621887207031,14.650294303894043,7.4168285459745675,27.20912390059755,230,0,230,0,5,,0,64,-6.927958011627197,4.854716777801514,-2.1454579830169678,OUTBOUND,-1.4044291973114014,-0.13363485747310178,0.007840000092983246
1,57,0.890625,1.1043787002563477,6.4872541427612305,updated,1.0093052387237549,-0.016823235899209976,52.50431442260742,12.741903305053711,13.6748685836792,7.442073789978167,27.19700915903943,231,0,231,0,7,,2,62,-6.927958011627197,4.876698970794678,-1.5049530267715454,OUTBOUND,-1.4848684072494507,-0.113604035072535,0.007840000092983246
1,57,0.890625,0.945330023765564,6.55176305770874,updated,1.0096055269241333,-0.01720266230404377,53.605247497558594,12.337363243103027,13.294408798217773,7.559759398980532,27.184910551747464,232,0,232,0,7,,2,62,-6.928158760070801,4.857306957244873,-2.0937681198120117,OUTBOUND,-1.5650819540023804,-0.09255705277082592,0.007840000092983246
1,57,0.890625,1.4638481140136719,6.724536418914795,updated,1.0099067687988281,-0.018550407141447067,52.36826705932617,11.279277801513672,12.242412567138672,7.583194443985121,27.172837316266865,233,0,233,0,7,,3,61,-6.927958011627197,4.940473556518555,-1.8575938940048218,OUTBOUND,-1.64989173412323,-0.07889482451429526,0.007840000092983246
1,54,0.84375,1.2790192365646362,6.681375026702881,updated,1.0102070569992065,-0.01779528707265854,54.049434661865234,10.836461067199707,11.857999801635742,7.606993578985566,27.160740312256532,234,0,234,0,10,,2,62,-6.927958011627197,4.805163860321045,-1.894331455230713,OUTBOUND,-1.7381086349487305,-0.04627892487491567,0.007840000092983246
1,60,0.9375,0.45235463976860046,6.797361850738525,updated,1.0105067491531372,-0.018534786999225616,56.344078063964844,10.590306282043457,11.665827751159668,7.628092345985351,27.148684069742842,235,0,235,0,4,,1,63,-6.927957534790039,4.825137615203857,-1.916966199874878,OUTBOUND,-1.8290871381759644,0.0017975097915442682,0.007840000092983246
1,59,0.921875,0.772328794002533,6.937972545623779,updated,1.0108065605163574,-0.019489090889692307,57.44279479980469,10.20721435546875,11.338980674743652,7.652687517984305,27.136628134222562,236,0,236,0,5,,1,63,-6.927958011627197,4.864634990692139,-1.5810073614120483,OUTBOUND,-1.9244381189346313,0.003348155057182926,0.007840000092983246
0,59,0.921875,0.6530466079711914,6.997467994689941,updated,1.0111058950424194,-0.01960054039955139,58.30612564086914,9.420236587524414,10.594186782836914,7.769103696977254,27.124540022266537,237,0,237,1,5,WATCHDOG_DEADLINE,0,64,-6.927958011627197,4.823546886444092,-1.5734907388687134,OUTBOUND,-2.0210423469543457,-0.04317966787762475,0.007840000092983246
1,58,0.90625,0.4632064700126648,7.130337238311768,updated,1.011405110359192,-0.020424235612154007,56.58265686035156,8.878259658813477,10.031591415405273,7.793093788000988,27.11246384754447,238,0,238,0,6,,2,62,-6.928155899047852,4.849239826202393,-1.8400866985321045,OUTBOUND,-2.1229047775268555,-0.05301497116509705,0.007840000092983246
1,59,0.921875,1.159129023551941,7.299498081207275,updated,1.0117050409317017,-0.02160286344587803,56.93555450439453,8.046862602233887,9.241937637329102,7.816219164989889,27.10040118089518,239,0,239,0,5,,1,63,-6.927958011627197,4.9049153327941895,-1.7958976030349731,OUTBOUND,-2.2298874855041504,-0.028609236894057893,0.007840000092983246
1,60,0.9375,0.9717397689819336,7.394351482391357,updated,1.01200532913208,-0.022006316110491753,57.8629264831543,7.712275505065918,8.931052207946777,7.840431006974541,27.088333196547403,240,0,240,0,4,,1,63,-6.927957534790039,4.891055107116699,-1.9010257720947266,OUTBOUND,-2.3357064723968506,-0.0052635007303708636,0.007840000092983246
1,57,0.890625,0.8942320346832275,7.517166614532471,updated,1.0123060941696167,-0.02261245809495449,59.898963928222656,7.348189353942871,8.635149002075195,7.862962144979974,27.076276238423326,241,0,241,0,7,,0,64,-6.927958011627197,4.894819259643555,-1.6363725662231445,OUTBOUND,-2.449911117553711,0.024270922728370378,0.007840000092983246
1,58,0.90625,1.3763837814331055,7.612292289733887,updated,1.0126069784164429,-0.02295772358775139,59.544525146484375,6.7567033767700195,8.040726661682129,7.887475085997721,27.064207135049624,242,0,242,0,6,,0,64,-6.927958011627197,4.877019882202148,-1.9689818620681763,OUTBOUND,-2.5586893558502197,0.022788800109461185,0.007840000092983246
1,58,0.90625,0.7112594842910767,7.727365493774414,updated,1.012907862663269,-0.023335954174399376,55.117977142333984,6.0455241203308105,7.269063472747803,7.908259112999076,27.052124145789943,243,0,243,0,6,,2,62,-6.927958011627197,4.862683296203613,-1.9468753337860107,OUTBOUND,-2.682572364807129,0.0177298517688442,0.007840000092983246
0,59,0.921875,0.7444505095481873,7.907210826873779,updated,1.013209342956543,-0.02459811232984066,58.70231246948242,5.635772705078125,6.93898868560791,8.017619208985707,27.040041284962438,244,0,244,1,5,WATCHDOG_DEADLINE,0,64,-6.927958011627197,4.9179487228393555,-1.7136075496673584,OUTBOUND,-2.80192232131958,-0.008236690446367786,0.007840000092983246
1,58,0.90625,1.011525273323059,8.003399848937988,updated,1.0135111808776855,-0.024746131151914597,56.57313537597656,4.886773586273193,6.1578145027160645,8.03849133697804,27.02798927950881,245,0,245,0,6,,0,64,-6.927958011627197,4.885721206665039,-1.919704794883728,OUTBOUND,-2.9243602752685547,-0.022652756369311373,0.007840000092983246
1,57,0.890625,0.8223143815994263,8.154273986816406,updated,1.0138134956359863,-0.025594007223844528,55.809879302978516,4.7324934005737305,5.9825663566589355,8.071443789987825,27.01593377157756,246,0,246,0,7,,1,63,-6.927958011627197,4.907052516937256,-1.7101280689239502,OUTBOUND,-3.0522775650024414,-0.017331926718056986,0.007840000092983246
1,59,0.921875,0.7984837889671326,8.189179420471191,updated,1.0141149759292603,-0.024878377094864845,52.50197219848633,3.959900379180908,5.1581525802612305,8.099270488979528,27.003895618958843,247,0,247,0,5,,1,63,-6.928152084350586,4.813436508178711,-1.9633666276931763,OUTBOUND,-3.179717540740967,-0.01860896722628876,0.007840000092983246
1,56,0.875,1.0100305080413818,8.321868896484375,updated,1.0144157409667969,-0.025319302454590797,54.8209342956543,3.6558828353881836,4.908812046051025,8.123607674991945,26.991871727102215,248,0,248,0,8,,0,64,-6.927958011627197,4.806422233581543,-1.723366379737854,OUTBOUND,-3.3140597343444824,-0.005298559086307599,0.007840000092983246
1,59,0.921875,1.2079840898513794,8.51393985748291,updated,1.014716625213623,-0.026675058528780937,51.97175979614258,3.06227707862854,4.243087291717529,8.235875790996943,26.979847405828934,249,0,249,0,5,,0,64,-6.927958011627197,4.863719463348389,-1.991102933883667,OUTBOUND,-3.444385528564453,0.010058821096680732,0.007840000092983246
1,60,0.9375,1.0812995433807373,8.610352516174316,updated,1.015017032623291,-0.02658206596970558,48.47016906738281,2.7877235412597656,3.8843843936920166,8.261290094989818,26.96781001793527,250,0,250,0,4,,1,63,-6.927957534790039,4.819523811340332,-1.38529634475708,OUTBOUND,-3.581423282623291,0.019100119267559022,0.007840000092983246
1,61,0.953125,0.8071026802062988,8.813912391662598,updated,1.0153179168701172,-0.028141740709543228,50.0178108215332,2.4355382919311523,3.552835464477539,8.284124775993405,26.95578115840706,251,0,251,0,3,,0,64,-6.927958011627197,4.888030529022217,-2.0094995498657227,OUTBOUND,-3.715618133544922,0.022113166251106625,0.007840000092983246
1,58,0.90625,0.7652350664138794,8.903761863708496,updated,1.0156185626983643,-0.028010807931423187,41.84355163574219,2.2218527793884277,3.154848098754883,8.314303809980629,26.94373176270503,252,0,252,0,6,,2,62,-6.927958011627197,4.842606544494629,-1.6499104499816895,OUTBOUND,-3.8498477935791016,0.036755750821621636,0.007840000092983246
1,60,0.9375,0.7283720374107361,9.07672119140625,updated,1.0159196853637695,-0.029080398380756378,41.94984436035156,1.8276751041412354,2.743121385574341,8.341676798998378,26.931649406810614,253,0,253,0,4,,1,63,-6.927957534790039,4.876410961151123,-2.007289409637451,OUTBOUND,-3.9864115715026855,0.05051740389656089,0.007840000092983246
0,57,0.890625,1.1065013408660889,9.200240135192871,updated,1.0162206888198853,-0.029264889657497406,39.7115478515625,1.1910090446472168,2.046138048171997,8.463860344985733,26.91954418135369,254,0,254,1,7,WATCHDOG_DEADLINE,0,64,-6.927958011627197,4.852879524230957,-1.684149146080017,OUTBOUND,-4.133745193481445,0.020277202549713227,0.007840000092983246
1,61,0.953125,1.3388246297836304,9.342476844787598,updated,1.01652193069458,-0.030018415302038193,36.513511657714844,1.2914549112319946,2.054232597351074,8.48929024397512,26.907500582911105,255,0,255,0,3,,1,63,-6.927958011627197,4.865589141845703,-2.0694425106048584,OUTBOUND,-4.26328182220459,0.002091607653509986,0.007840000092983246
1,57,0.890625,0.7932828068733215,9.540386199951172,updated,1.0168241262435913,-0.03151656687259674,32.567447662353516,1.0546844005584717,1.7290090322494507,8.50996071798727,26.895452916171955,256,0,256,0,7,,1,63,-6.927958011627197,4.923268795013428,-1.8330425024032593,OUTBOUND,-4.401471138000488,0.008194198679372959,0.007840000092983246
1,58,0.90625,1.3351982831954956,9.702847480773926,updated,1.0171276330947876,-0.03261158987879753,30.941207885742188,0.607859194278717,1.2284718751907349,8.533016040979419,26.883394213836198,257,0,257,0,6,,0,64,-6.927958011627197,4.954636096954346,-2.213179111480713,OUTBOUND,-4.536690711975098,-0.02919117957989132,0.007840000092983246
1,57,0.890625,0.8301236033439636,9.761905670166016,updated,1.0174312591552734,-0.03196311742067337,25.992259979248047,0.7483540773391724,1.250058889389038,8.559000441979151,26.87134338223172,258,0,258,0,7,,1,63,-6.927958011627197,4.882107734680176,-1.8577032089233398,OUTBOUND,-4.667369365692139,-0.06397848310606839,0.007840000092983246
1,60,0.9375,1.1541187763214111,9.886883735656738,updated,1.0177351236343384,-0.03256019577383995,23.446182250976562,0.31679216027259827,0.7468137741088867,8.597954487981042,26.859267956779732,259,0,259,0,4,,0,64,-6.927957534790039,4.884150981903076,-2.1336209774017334,OUTBOUND,-4.796024322509766,-0.07340167304640137,0.007840000092983246
1,58,0.90625,1.2861300706863403,10.01953125,updated,1.018039345741272,-0.03335706144571304,20.49107551574707,0.5530668497085571,0.9111212491989136,8.631593754980713,26.847174152253697,260,0,260,0,6,,1,63,-6.927958011627197,4.89747953414917,-1.8613370656967163,OUTBOUND,-4.914248466491699,-0.0947724852222663,0.007840000092983246
0,60,0.9375,1.2290512323379517,10.1211519241333,updated,1.0183436870574951,-0.033732544630765915,16.402973175048828,0.12932699918746948,0.39097896218299866,8.748104261991102,26.835028296523163,261,0,261,1,4,WATCHDOG_DEADLINE,0,64,-6.927957534790039,4.886765003204346,-2.0705020427703857,OUTBOUND,-5.035038948059082,-0.15622683181589686,0.007840000092983246
1,60,0.9375,1.2813252210617065,10.184931755065918,updated,1.0186476707458496,-0.03355801850557327,11.411356925964355,0.39556360244750977,0.5569506883621216,8.775414501986234,26.82289570100115,262,0,262,0,4,,1,63,-6.927957534790039,4.846135139465332,-1.7991657257080078,OUTBOUND,-5.145019054412842,-0.2018025663957045,0.007840000092983246
1,59,0.921875,0.989560067653656,10.290275573730469,updated,1.0189515352249146,-0.03436317294836044,10.799962043762207,0.07228393107652664,0.21358315646648407,8.80126653399202,26.81077289873676,263,0,263,0,5,,0,64,-6.927958011627197,4.859888076782227,-1.7354686260223389,OUTBOUND,-5.243556976318359,-0.21324734435981504,0.007840000092983246
1,59,0.921875,0.8544216156005859,10.428627014160156,updated,1.0192558765411377,-0.03565313294529915,7.257971286773682,0.032500311732292175,0.10633644461631775,8.82510671397904,26.79860984480624,264,0,264,0,5,,0,64,-6.928152084350586,4.899049758911133,-1.547532081604004,OUTBOUND,-5.348998069763184,-0.18982597997492176,0.007840000092983246
1,58,0.90625,0.8023576140403748,10.46550464630127,updated,1.0195598602294922,-0.0353209525346756,5.11964225769043,0.43339622020721436,0.4220481216907501,8.852618176984834,26.786447661663093,265,0,265,0,6,,1,63,-6.927958011627197,4.851902961730957,-1.8174140453338623,OUTBOUND,-5.438462734222412,-0.16739150438829228,0.007840000092983246
1,58,0.90625,0.625522255897522,10.633577346801758,updated,1.0198650360107422,-0.037747886031866074,4.632608890533447,0.0558244064450264,0.052235331386327744,8.97361078497488,26.77432958733812,266,0,266,0,6,,0,64,-6.928155422210693,4.948675632476807,-1.9506151676177979,OUTBOUND,-5.517274856567383,-0.19281774182967149,0.007840000092983246
1,61,0.953125,1.363452672958374,10.5552339553833,updated,1.0201693773269653,-0.035663362592458725,5.487936019897461,0.11101497709751129,0.07910241186618805,8.99470086497604,26.76220188292457,267,0,267,0,3,,0,64,-6.927958011627197,4.813055515289307,-1.9393543004989624,OUTBOUND,-5.586555004119873,-0.21095194432015735,0.007840000092983246
1,56,0.875,0.8992326855659485,10.698980331420898,updated,1.0204740762710571,-0.037905093282461166,9.578492164611816,0.5336856245994568,0.46293339133262634,9.01991254099994,26.750071969915282,268,0,268,0,8,,1,63,-6.927958011627197,4.898231506347656,-1.8872692584991455,OUTBOUND,-5.648545742034912,-0.20359787634996607,0.007840000092983246
1,58,0.90625,0.8769016265869141,10.718213081359863,updated,1.020778775215149,-0.03793187811970711,8.014702796936035,0.10388639569282532,0.05350193753838539,9.050071356992703,26.737910802747535,269,0,269,0,6,,0,64,-6.927958011627197,4.871581554412842,-1.5555423498153687,OUTBOUND,-5.701714515686035,-0.22064855101121228,0.007840000092983246
1,55,0.859375,0.8549658060073853,10.722380638122559,updated,1.021083116531372,-0.03788290172815323,15.619545936584473,0.5474137663841248,0.45945826172828674,9.078637945989612,26.725744208482407,270,0,270,0,9,,1,63,-6.9279584884643555,4.84202766418457,-1.9896647930145264,OUTBOUND,-5.747164249420166,-0.26409329096131207,0.007840000092983246
0,57,0.890625,0.7473626136779785,10.802979469299316,updated,1.0213879346847534,-0.03953783959150314,15.923291206359863,0.5915253758430481,0.5175917148590088,9.188078282983042,26.713541788907985,271,0,271,1,7,WATCHDOG_DEADLINE,1,63,-6.927958011627197,4.895028591156006,-1.9033195972442627,OUTBOUND,-5.778897285461426,-0.3213766837831386,0.007594704162329435
1,60,0.9375,0.5408042669296265,10.788684844970703,updated,1.0216926336288452,-0.039518825709819794,16.660171508789062,0.5790485739707947,0.5208784341812134,9.213893586973427,26.7013016120718,272,0,272,0,4,,1,63,-6.928487777709961,4.867407321929932,-1.9401780366897583,OUTBOUND,-5.801525115966797,-0.339127443803082,0.007840000092983246
1,59,0.921875,0.8698927760124207,10.850098609924316,updated,1.0219979286193848,-0.04091987758874893,12.71600341796875,0.14966517686843872,0.12429022043943405,9.236924272001488,26.689087473789087,273,0,273,0,5,,0,64,-6.928691387176514,4.906732082366943,-1.446882963180542,OUTBOUND,-5.8241963386535645,-0.3195095114064043,0.007840000092983246
1,61,0.953125,0.8009918332099915,10.829363822937012,updated,1.0223034620285034,-0.040957991033792496,15.344183921813965,0.5336697697639465,0.5203273892402649,9.257249236979987,26.676862130377113,274,0,274,0,3,,1,63,-6.927958011627197,4.882302284240723,-1.806764841079712,OUTBOUND,-5.829249382019043,-0.3066473334673983,0.007840000092983246
1,57,0.890625,1.232887864112854,10.84311580657959,updated,1.0226093530654907,-0.04189492017030716,19.997228622436523,0.9478063583374023,0.9422918558120728,9.281313070998294,26.66466844201709,275,0,275,0,7,,2,62,-6.928159713745117,4.899275779724121,-1.5562490224838257,OUTBOUND,-5.828375816345215,-0.29796609046572214,0.007840000092983246
1,54,0.84375,1.013018012046814,10.833107948303223,updated,1.0229156017303467,-0.04246136546134949,18.57558250427246,0.9394529461860657,0.9452975988388062,9.307805860997178,26.652475748236153,276,0,276,0,10,,2,62,-6.928170680999756,4.899198055267334,-1.9575722217559814,OUTBOUND,-5.823860168457031,-0.2911589296776839,0.007840000092983246
1,61,0.953125,0.99872887134552,10.82646369934082,updated,1.0232218503952026,-0.0425737090408802,12.869565963745117,0.11032655090093613,0.1307627111673355,9.330532264983049,26.64027341941132,277,0,277,0,3,,0,64,-6.927958011627197,4.879059314727783,-1.5327123403549194,OUTBOUND,-5.839514255523682,-0.2628520308157413,0.007840000092983246
0,59,0.921875,0.7533811330795288,10.8076810836792,updated,1.0235280990600586,-0.0430755540728569,16.46202278137207,0.868668258190155,0.9030484557151794,9.440158058976522,26.62806719608942,278,0,278,1,5,WATCHDOG_DEADLINE,2,62,-6.927958011627197,4.876415729522705,-1.6034142971038818,OUTBOUND,-5.826035022735596,-0.27401788837590724,0.007840000092983246
1,61,0.953125,0.9518226385116577,10.78615665435791,updated,1.023834228515625,-0.04335693269968033,10.90035629272461,0.09589388221502304,0.12313207238912582,9.46317742500105,26.615858205078336,279,0,279,0,3,,0,64,-6.928479194641113,4.864366054534912,-1.6153788566589355,OUTBOUND,-5.82219123840332,-0.2872612876640104,0.007840000092983246
1,61,0.953125,0.9334326386451721,10.776069641113281,updated,1.0241403579711914,-0.04410436376929283,6.827240467071533,0.04345398396253586,0.06256482005119324,9.489714149996871,26.6036918803157,280,0,280,0,3,,0,64,-6.928479194641113,4.872426986694336,-1.8194642066955566,OUTBOUND,-5.804231643676758,-0.25029598623103494,0.007840000092983246
1,61,0.953125,0.944200873374939,10.753780364990234,updated,1.0244466066360474,-0.0447656512260437,10.95928955078125,0.4452548921108246,0.4786776602268219,9.517583504988579,26.59154587604539,281,0,281,0,3,,1,63,-6.927958011627197,4.876680850982666,-1.726957082748413,OUTBOUND,-5.77933931350708,-0.24820605282435418,0.007840000092983246
1,55,0.859375,1.1110827922821045,10.715418815612793,updated,1.0247524976730347,-0.04473832622170448,9.768158912658691,0.423257052898407,0.45528218150138855,9.550147601985373,26.57937678032541,282,0,282,0,9,,1,63,-6.9279584884643555,4.852321624755859,-1.6530389785766602,OUTBOUND,-5.766733169555664,-0.25853230622895673,0.007840000092983246
1,59,0.921875,0.6923884153366089,10.730756759643555,updated,1.0250588655471802,-0.046396125108003616,3.4665327072143555,0.06522712111473083,0.07743064314126968,9.669502867996925,26.567217728949693,283,0,283,0,5,,0,64,-6.927958011627197,4.897502422332764,-1.549405813217163,OUTBOUND,-5.7348551750183105,-0.22887187706949277,0.007840000092983246
1,54,0.84375,0.5845422744750977,10.707738876342773,updated,1.0253655910491943,-0.04693925753235817,5.565718650817871,0.4057338833808899,0.42364010214805603,9.693319596000947,26.555087481584927,284,0,284,0,10,,1,63,-6.927958011627197,4.896530628204346,-1.6947293281555176,OUTBOUND,-5.708582401275635,-0.22962204162893043,0.007840000092983246
1,59,0.921875,1.114959716796875,10.6912841796875,updated,1.0256727933883667,-0.047692712396383286,5.024853229522705,0.41600731015205383,0.43436336517333984,9.719236451986944,26.5428942649227,285,0,285,0,5,,1,63,-6.927958011627197,4.903959274291992,-2.048292398452759,OUTBOUND,-5.6880717277526855,-0.22621738338510544,0.007840000092983246
1,58,0.90625,0.6118542551994324,10.661487579345703,updated,1.0259802341461182,-0.048077359795570374,2.5699379444122314,0.4179781377315521,0.4281206429004669,9.74689333999413,26.530739854874007,286,0,286,0,6,,1,63,-6.928155899047852,4.896637439727783,-1.720272421836853,OUTBOUND,-5.659397125244141,-0.17738932304222454,0.007840000092983246
1,60,0.9375,0.5994746685028076,10.605051040649414,updated,1.0262874364852905,-0.04779405519366264,1.8771003484725952,0.4221991300582886,0.41989773511886597,9.768507447995944,26.518625829528098,287,0,287,0,4,,1,63,-6.927957534790039,4.863428115844727,-1.5711182355880737,OUTBOUND,-5.63372278213501,-0.16952355836044106,0.007840000092983246
0,57,0.890625,1.485373616218567,10.644644737243652,updated,1.0265953540802002,-0.049758926033973694,1.2697978019714355,0.39067304134368896,0.39022204279899597,9.895635212975321,26.506483970522922,288,0,288,1,7,WATCHDOG_DEADLINE,1,63,-6.927958011627197,4.917649269104004,-1.9484262466430664,OUTBOUND,-5.61907958984375,-0.18242403297304266,0.007840000092983246
1,59,0.921875,1.1514766216278076,10.574408531188965,updated,1.0269029140472412,-0.04890512675046921,6.124504566192627,0.0697820857167244,0.0564422607421875,9.92267462797463,26.49434973719048,289,0,289,0,5,,0,64,-6.928496837615967,4.863208293914795,-1.7083561420440674,OUTBOUND,-5.596568584442139,-0.15305468145078585,0.007840000092983246
1,57,0.890625,0.6149715185165405,10.595871925354004,updated,1.0272109508514404,-0.050452735275030136,1.598827600479126,0.8232917189598083,0.817594587802887,9.949957986973459,26.482260079816246,290,0,290,0,7,,2,62,-6.927958011627197,4.900475978851318,-1.7563875913619995,OUTBOUND,-5.574161529541016,-0.11580884790115793,0.007840000092983246
1,57,0.890625,0.8667212128639221,10.572315216064453,updated,1.0275189876556396,-0.050648871809244156,1.3761886358261108,0.7945296764373779,0.7938448786735535,9.968399490986485,26.47015061046366,291,0,291,0,7,,2,62,-6.928159713745117,4.886554718017578,-1.761745572090149,FAILURE,-5.563354969024658,-0.07807739387123305,0.007840000092983246
1,57,0.890625,1.009256362915039,10.55427074432373,updated,1.0278270244598389,-0.05088650807738304,5.528366565704346,0.45553070306777954,0.4477689564228058,9.997712782991584,29.98798738808913,292,1,1,0,7,,1,63,-6.927958011627197,4.8744683265686035,-1.92313814163208,OUTBOUND,-5.550869941711426,-0.022565827897500584,0.007840000092983246
1,56,0.875,0.7185840606689453,10.543999671936035,updated,1.0281349420547485,-0.051254723221063614,5.009110450744629,0.41688501834869385,0.40952643752098083,10.030667504994199,29.975930108407756,293,1,2,0,8,,1,63,-6.927958011627197,4.867413520812988,-1.8106883764266968,OUTBOUND,-5.5441789627075195,-0.052377219953147224,0.007840000092983246
1,60,0.9375,0.6301811337471008,10.558581352233887,updated,1.0284429788589478,-0.052277691662311554,6.618557453155518,0.110349141061306,0.1044345423579216,10.061236592999194,29.963884262784447,294,1,3,0,4,,0,64,-6.928487777709961,4.884124755859375,-1.794180154800415,OUTBOUND,-5.5399909019470215,-0.07332569844723744,0.007840000092983246
1,58,0.90625,0.9673142433166504,10.54281997680664,updated,1.0287508964538574,-0.05241093784570694,7.4964470863342285,0.4552522301673889,0.4500845670700073,10.194500279001659,29.951800870790798,295,1,4,0,6,,1,63,-6.928155899047852,4.868752479553223,-1.9957526922225952,OUTBOUND,-5.531599044799805,-0.05814173061284505,0.007840000092983246
1,60,0.9375,1.21684730052948,10.565388679504395,updated,1.0290589332580566,-0.05351634323596954,6.874077796936035,0.5969076752662659,0.5924282670021057,10.218934515985893,29.93972750860925,296,1,5,0,4,,1,63,-6.927957534790039,4.888015270233154,-1.6715596914291382,OUTBOUND,-5.5318803787231445,-0.024796207699357836,0.007840000092983246
1,60,0.9375,0.7229774594306946,10.625203132629395,updated,1.0293678045272827,-0.055174198001623154,10.363858222961426,0.14976179599761963,0.14885880053043365,10.2427360379952,29.927655283793083,297,1,6,0,4,,0,64,-6.927957534790039,4.926155090332031,-1.9688698053359985,OUTBOUND,-5.545703411102295,-0.026733130321670254,0.007840000092983246
1,58,0.90625,0.859175443649292,10.56756591796875,updated,1.0296763181686401,-0.05390271544456482,4.130772113800049,0.8755212426185608,0.8723205327987671,10.266780895995907,29.91554644163551,298,1,7,0,6,,2,62,-6.927958011627197,4.862258434295654,-1.824567198753357,OUTBOUND,-5.547839641571045,-0.049388815091650454,0.007840000092983246
1,58,0.90625,1.2908252477645874,10.660894393920898,updated,1.0299856662750244,-0.056428663432598114,8.336376190185547,0.08199015259742737,0.0820908173918724,10.291889833984897,29.903454908859935,299,1,8,0,6,,0,64,-6.927958011627197,4.929544448852539,-1.7537446022033691,OUTBOUND,-5.571494102478027,-0.06626536075838832,0.007840000092983246
0,56,0.875,0.8290916681289673,10.591660499572754,updated,1.0302945375442505,-0.05460705980658531,9.624366760253906,0.46809902787208557,0.46694743633270264,10.419600737979636,29.891320824718868,300,1,9,1,8,WATCHDOG_DEADLINE,1,63,-6.928730487823486,4.848271369934082,-1.7921861410140991,OUTBOUND,-5.575891494750977,-0.0669248739339838,0.007840000092983246
1,60,0.9375,1.114677906036377,10.61142349243164,updated,1.0306029319763184,-0.05513613298535347,10.425780296325684,0.1793442815542221,0.1853993535041809,10.442362007976044,29.879185823189104,301,1,10,0,4,,0,64,-6.927957534790039,4.8474321365356445,-2.2574925422668457,OUTBOUND,-5.597599506378174,-0.05214878300592546,0.007840000092983246
1,60,0.9375,0.6982819437980652,10.660968780517578,updated,1.0309112071990967,-0.05621539056301117,9.88465690612793,0.09421027451753616,0.10235344618558884,10.465509093977744,29.867110958780025,302,1,11,0,4,,0,64,-6.9281487464904785,4.864892482757568,-1.6613322496414185,OUTBOUND,-5.619802474975586,-0.046883689300009704,0.007840000092983246
1,56,0.875,1.1667903661727905,10.727763175964355,updated,1.0312199592590332,-0.058070771396160126,9.058067321777344,0.43885111808776855,0.44559919834136963,10.48867835997953,29.855016511472638,303,1,12,0,8,,1,63,-6.927958011627197,4.9075188636779785,-1.9578826427459717,OUTBOUND,-5.64019250869751,-0.07267104708040659,0.007840000092983246
1,55,0.859375,1.2459453344345093,10.689692497253418,updated,1.0315282344818115,-0.05660809203982353,4.084029197692871,0.7670460939407349,0.7722205519676208,10.511928449996049,29.842913085629075,304,1,13,0,9,,2,62,-6.9279584884643555,4.841358661651611,-1.5899686813354492,OUTBOUND,-5.667189598083496,-0.0823254036515974,0.007840000092983246
1,58,0.90625,0.6434587240219116,10.78148365020752,updated,1.031836986541748,-0.05907793715596199,9.214458465576172,0.09447413682937622,0.10376254469156265,10.624785952997627,29.830808471025993,305,1,14,0,6,,0,64,-6.928155422210693,4.903193473815918,-1.8827416896820068,OUTBOUND,-5.696708679199219,-0.07366126400850857,0.007840000092983246
1,57,0.890625,1.5204468965530396,10.812150955200195,updated,1.0321462154388428,-0.05962188541889191,2.4880552291870117,0.9272896647453308,0.9234845042228699,10.646480454975972,29.81872696590025,306,1,15,0,7,,2,62,-6.927958011627197,4.9023756980896,-1.741884708404541,OUTBOUND,-5.729193210601807,-0.09272753792724046,0.007840000092983246
1,58,0.90625,0.8276836276054382,10.844921112060547,updated,1.0324559211730957,-0.06057305634021759,7.341590404510498,0.12443485110998154,0.13062170147895813,10.669232590997126,29.806598385888453,307,1,16,0,6,,0,64,-6.927958011627197,4.914424896240234,-1.8998181819915771,OUTBOUND,-5.744564056396484,-0.12932532633005236,0.007840000092983246
1,56,0.875,1.0006252527236938,10.845396995544434,updated,1.0327657461166382,-0.06012412905693054,3.7868242263793945,0.5392464995384216,0.5414748787879944,10.690086887974758,29.79444713416918,308,1,17,0,8,,1,63,-6.927958011627197,4.882384777069092,-1.7712152004241943,OUTBOUND,-5.779136657714844,-0.1539175830801698,0.007840000092983246
1,57,0.890625,1.027313470840454,10.857544898986816,updated,1.0330753326416016,-0.06010385975241661,4.2820940017700195,0.5814469456672668,0.5822077393531799,10.718849756987765,29.782272468465347,309,1,18,0,7,,1,63,-6.927958011627197,4.8642401695251465,-1.8299710750579834,OUTBOUND,-5.8027191162109375,-0.1359068593883542,0.007840000092983246
1,56,0.875,0.961801290512085,10.924664497375488,updated,1.033385157585144,-0.06155059114098549,7.787216663360596,0.07676412165164948,0.08809484541416168,10.743670219992055,29.770106520785745,310,1,19,0,8,,0,64,-6.928162574768066,4.8915300369262695,-1.8032749891281128,OUTBOUND,-5.845009803771973,-0.13549610850005048,0.007840000092983246
0,61,0.953125,0.705895721912384,10.953821182250977,updated,1.033695101737976,-0.06220034509897232,5.144885063171387,0.07133737206459045,0.07629480957984924,10.872318627982168,29.75784972790855,311,1,20,1,3,WATCHDOG_DEADLINE,0,64,-6.928479194641113,4.894046306610107,-1.8614108562469482,OUTBOUND,-5.867802619934082,-0.12833094718669225,0.007840000092983246
1,57,0.890625,0.45968589186668396,11.0067720413208,updated,1.034005880355835,-0.06388790905475616,4.9683380126953125,0.08812908083200455,0.09594188630580902,10.89784143900033,29.74566181320322,312,1,21,0,7,,0,64,-6.927958011627197,4.927824974060059,-1.7783371210098267,OUTBOUND,-5.885317802429199,-0.09060926886003648,0.007840000092983246
1,56,0.875,1.5734262466430664,10.973000526428223,updated,1.0343165397644043,-0.06264656782150269,1.7907569408416748,0.4189300835132599,0.4191751182079315,10.924150167993503,29.73346479928879,313,1,22,0,8,,1,63,-6.928525447845459,4.87337589263916,-1.7265366315841675,OUTBOUND,-5.911184310913086,-0.08766810792665074,0.007840000092983246
1,58,0.90625,0.9100127220153809,11.004622459411621,updated,1.0346267223358154,-0.06279878318309784,5.138361930847168,0.4468001127243042,0.45226943492889404,10.952480053994805,29.721302378281674,314,1,23,0,6,,1,63,-6.928155422210693,4.861211776733398,-1.7328412532806396,OUTBOUND,-5.949447154998779,-0.08514243826748495,0.007840000092983246
1,57,0.890625,0.714955747127533,11.06434154510498,updated,1.0349372625350952,-0.06445226818323135,0.5797227025032043,0.6006304025650024,0.5960954427719116,10.978221755998675,29.709170998166048,315,1,24,0,7,,1,63,-6.927958011627197,4.893385410308838,-1.8491092920303345,OUTBOUND,-5.970390319824219,-0.07744055317380809,0.007840000092983246
1,59,0.921875,0.8376187086105347,11.09659481048584,updated,1.0352481603622437,-0.06536531448364258,2.664395570755005,0.07724004983901978,0.08064649999141693,11.097716977994423,29.697015075110453,316,1,25,0,5,,0,64,-6.927958011627197,4.903428554534912,-1.795684576034546,OUTBOUND,-5.996121406555176,-0.06120266215652542,0.007840000092983246
1,58,0.90625,1.2887771129608154,11.150196075439453,updated,1.0355595350265503,-0.06650081276893616,5.222396373748779,0.08090540021657944,0.08416292071342468,11.124343668983784,29.68487023535079,317,1,26,0,6,,0,64,-6.927958011627197,4.919705390930176,-2.0510988235473633,OUTBOUND,-6.026663780212402,-0.04001133702293954,0.007840000092983246
1,57,0.890625,0.7864890098571777,11.140475273132324,updated,1.035871148109436,-0.06619663536548615,0.4078062176704407,0.0586247444152832,0.06257427483797073,11.154408786998829,29.67269572639487,318,1,27,0,7,,0,64,-6.927958011627197,4.89447546005249,-2.055177927017212,OUTBOUND,-6.050663948059082,-0.05881029985452543,0.007840000092983246
1,58,0.90625,0.9222761988639832,11.158417701721191,updated,1.0361827611923218,-0.06645375490188599,3.464292049407959,0.048200033605098724,0.050795312970876694,11.182965361978859,29.660575375161613,319,1,28,0,6,,0,64,-6.927958011627197,4.885599613189697,-1.8462897539138794,OUTBOUND,-6.072977542877197,-0.09413725727760709,0.007840000092983246
1,59,0.921875,0.8372838497161865,11.115638732910156,updated,1.0364935398101807,-0.0653252899646759,0.9655477404594421,0.6499508023262024,0.6433866024017334,11.203937099984614,29.648426861495263,320,1,29,0,5,,1,63,-6.928496837615967,4.837896823883057,-1.9717453718185425,OUTBOUND,-6.079977512359619,-0.10688301579938136,0.007840000092983246
0,60,0.9375,0.5435249209403992,11.18191909790039,updated,1.036804437637329,-0.06731230765581131,0.6779564023017883,0.4013611376285553,0.40032723546028137,11.319147092988715,29.636254466510387,321,1,30,1,4,WATCHDOG_DEADLINE,1,63,-6.927957534790039,4.877951622009277,-1.7994407415390015,OUTBOUND,-6.106313705444336,-0.0917494426669265,0.007840000092983246
1,55,0.859375,1.2038782835006714,11.231128692626953,updated,1.0371156930923462,-0.06878531724214554,7.068925380706787,0.8035264015197754,0.7986290454864502,11.345177358976798,29.624103881500805,322,1,31,0,9,,2,62,-6.928166389465332,4.903127193450928,-1.9062823057174683,OUTBOUND,-6.131651878356934,-0.09394008649176386,0.007840000092983246
1,57,0.890625,1.0712597370147705,11.284090995788574,updated,1.0374279022216797,-0.07100983709096909,3.7986841201782227,0.47001639008522034,0.4712054431438446,11.372669100994244,29.61198104445049,323,1,32,0,7,,1,63,-6.928515434265137,4.948493957519531,-1.9076833724975586,OUTBOUND,-6.137819766998291,-0.09415653385399728,0.007840000092983246
1,57,0.890625,0.5639405846595764,11.176667213439941,updated,1.0377395153045654,-0.06777554005384445,5.300557613372803,0.7689871788024902,0.7659353017807007,11.402908980991924,29.599880439769567,324,1,33,0,7,,2,62,-6.927958011627197,4.844510078430176,-1.7842611074447632,OUTBOUND,-6.143157958984375,-0.05498409490474746,0.007840000092983246
1,58,0.90625,1.4179860353469849,11.211048126220703,updated,1.038050889968872,-0.06914911419153214,0.42274993658065796,0.4525327980518341,0.4531317353248596,11.431450602976838,29.587821294779282,325,1,34,0,6,,1,63,-6.927958011627197,4.866636276245117,-2.1854805946350098,OUTBOUND,-6.1552276611328125,-0.04901179011430202,0.007840000092983246
1,58,0.90625,0.6924707293510437,11.273492813110352,updated,1.0383628606796265,-0.07186516374349594,1.1171956062316895,0.4293561577796936,0.4297105073928833,11.454335185990203,29.575745498646956,326,1,35,0,6,,1,63,-6.928505897521973,4.9243693351745605,-1.7909786701202393,OUTBOUND,-6.151820182800293,-0.0877905839565357,0.007840000092983246
1,58,0.90625,0.8401556015014648,11.20427417755127,updated,1.0386744737625122,-0.06981339305639267,1.2605501413345337,0.5928816199302673,0.5876179337501526,11.479058767989045,29.563664506958816,327,1,36,0,6,,1,63,-6.928155899047852,4.8545026779174805,-1.6976920366287231,OUTBOUND,-6.163558483123779,-0.1160407231147397,0.007840000092983246
0,60,0.9375,0.47397109866142273,11.245119094848633,updated,1.0389862060546875,-0.07147495448589325,6.543177604675293,0.07406643033027649,0.07272201031446457,11.598838031990454,29.55151304537198,328,1,37,1,4,WATCHDOG_DEADLINE,0,64,-6.9281487464904785,4.883627414703369,-1.8881279230117798,OUTBOUND,-6.164172649383545,-0.10859814692861343,0.007840000092983246
1,56,0.875,1.1156599521636963,11.238978385925293,updated,1.0392978191375732,-0.07175665348768234,3.455242872238159,0.05650969222187996,0.05751858279109001,11.622294020984555,29.53941341142091,329,1,38,0,8,,0,64,-6.927958011627197,4.876217365264893,-1.8475958108901978,OUTBOUND,-6.158919811248779,-0.09955043862055446,0.007840000092983246
1,56,0.875,0.5600953102111816,11.315485954284668,updated,1.0396101474761963,-0.07450933754444122,3.963513135910034,0.4151005148887634,0.4124491512775421,11.64791371699539,29.527301794224986,330,1,39,0,8,,1,63,-6.928730487823486,4.933035373687744,-1.699788212776184,OUTBOUND,-6.176531791687012,-0.10581484644122319,0.007840000092983246
1,57,0.890625,0.840275764465332,11.274250030517578,updated,1.0399224758148193,-0.07284046709537506,6.088268280029297,0.05468174070119858,0.05417965352535248,11.67217551599606,29.515199006505913,331,1,40,0,7,,0,64,-6.927958011627197,4.87511682510376,-1.722071647644043,OUTBOUND,-6.193980693817139,-0.0748782621204064,0.007840000092983246
1,57,0.890625,0.8827881217002869,11.300355911254883,updated,1.040234923362732,-0.07394148409366608,4.308759689331055,0.4171373248100281,0.41490113735198975,11.693535667989636,29.503139023517896,332,1,41,0,7,,1,63,-6.927958011627197,4.888855457305908,-1.6788890361785889,OUTBOUND,-6.202073574066162,-0.03903519179425312,0.007840000092983246
1,61,0.953125,1.2719675302505493,11.353419303894043,updated,1.0405478477478027,-0.07570509612560272,4.795665264129639,0.0910390168428421,0.08829573541879654,11.809058913990157,29.491069522747907,333,1,42,0,3,,0,64,-6.927958011627197,4.919182777404785,-2.0977745056152344,OUTBOUND,-6.21613073348999,-0.060235886966341676,0.007840000092983246
1,57,0.890625,0.6173453330993652,11.30858325958252,updated,1.0408605337142944,-0.07423696666955948,3.2704291343688965,0.9765170812606812,0.9721640944480896,11.836596617999021,29.478970136292986,334,1,43,0,7,,2,62,-6.927958011627197,4.867721080780029,-1.8479429483413696,OUTBOUND,-6.22902774810791,-0.11063388133146176,0.007840000092983246
1,59,0.921875,1.153968334197998,11.31513500213623,updated,1.041172981262207,-0.07485774159431458,1.575166940689087,0.45745649933815,0.45911142230033875,11.858984702994348,29.46685855402496,335,1,44,0,5,,1,63,-6.927958011627197,4.869210243225098,-1.6771655082702637,OUTBOUND,-6.232008934020996,-0.1339237328455282,0.007840000092983246
1,58,0.90625,1.273768663406372,11.377564430236816,updated,1.0414857864379883,-0.07673044502735138,6.0512871742248535,0.06395543366670609,0.06451497972011566,11.884188258991344,29.45472522009121,336,1,45,0,6,,0,64,-6.927958011627197,4.901718616485596,-1.464507818222046,OUTBOUND,-6.259451389312744,-0.1326867433989827,0.007840000092983246
1,59,0.921875,1.3698371648788452,11.348735809326172,updated,1.0417983531951904,-0.07582299411296844,0.9583538174629211,0.45065322518348694,0.4479494094848633,11.912083917995915,29.44258570381792,337,1,46,0,5,,1,63,-6.927958011627197,4.865341663360596,-1.7909319400787354,OUTBOUND,-6.268096923828125,-0.13463322829324464,0.007840000092983246
0,59,0.921875,0.7262848019599915,11.403351783752441,updated,1.0421111583709717,-0.07783233374357224,4.349740505218506,0.3955010771751404,0.39676138758659363,12.028517497994471,29.43037465530037,338,1,47,1,5,WATCHDOG_DEADLINE,1,63,-6.928152084350586,4.900744438171387,-1.70969557762146,OUTBOUND,-6.281191349029541,-0.12740994260321145,0.007840000092983246
1,59,0.921875,0.9731940627098083,11.416117668151855,updated,1.0424243211746216,-0.07861297577619553,5.3791608810424805,0.08324692398309708,0.08509523421525955,12.052348103985423,29.41814666213093,339,1,48,0,5,,0,64,-6.928152084350586,4.905834674835205,-1.6897764205932617,OUTBOUND,-6.290014266967773,-0.13178033133499606,0.007840000092983246
1,55,0.859375,1.086635947227478,11.3930025100708,updated,1.0427372455596924,-0.07729899138212204,5.129527568817139,0.08214232325553894,0.08639676868915558,12.080056979000801,29.405979776803527,340,1,49,0,9,,0,64,-6.9279584884643555,4.860424995422363,-1.7644164562225342,OUTBOUND,-6.307260513305664,-0.15920070908353182,0.007840000092983246
1,60,0.9375,0.6793657541275024,11.41854190826416,updated,1.0430498123168945,-0.07808829843997955,2.506441593170166,0.4324895441532135,0.43730828166007996,12.106739404000109,29.39375462465947,341,1,50,0,4,,1,63,-6.928487777709961,4.865945816040039,-1.792414903640747,OUTBOUND,-6.3267059326171875,-0.13530075624661247,0.007840000092983246
1,60,0.9375,1.2066261768341064,11.467901229858398,updated,1.0433626174926758,-0.07970031350851059,4.230539798736572,0.13232524693012238,0.13984861969947815,12.135128883994184,29.38158642320334,342,1,51,0,4,,0,64,-6.927957534790039,4.890921115875244,-1.8226968050003052,OUTBOUND,-6.347486972808838,-0.0852017178425248,0.007840000092983246
1,57,0.890625,0.8118587732315063,11.475554466247559,updated,1.043675422668457,-0.07969658821821213,3.1526103019714355,0.31272995471954346,0.3113836944103241,12.164432653982658,29.369397810595448,343,1,52,0,7,,0,64,-6.928158760070801,4.877475738525391,-1.589781641960144,OUTBOUND,-6.365652084350586,-0.06742475560857956,0.007840000092983246
1,60,0.9375,0.6188268661499023,11.509119033813477,updated,1.0439884662628174,-0.08102631568908691,5.875314235687256,1.0525628328323364,1.041623592376709,12.18990544998087,29.35718195215774,344,1,53,0,4,,2,62,-6.927957534790039,4.895416259765625,-1.734268307685852,OUTBOUND,-6.386521339416504,-0.0449373719401226,0.007840000092983246
0,58,0.90625,1.2987561225891113,11.469030380249023,updated,1.044301152229309,-0.07965872436761856,2.136373996734619,0.39236679673194885,0.39152097702026367,12.297211793978931,29.344934347110758,345,1,54,1,6,WATCHDOG_DEADLINE,1,63,-6.927958011627197,4.850441932678223,-1.6842435598373413,OUTBOUND,-6.390559673309326,-0.04787330746535205,0.007840000092983246
1,55,0.859375,1.038543462753296,11.539163589477539,updated,1.0446141958236694,-0.08248714357614517,2.046994209289551,0.6753473281860352,0.672837495803833,12.320042020990513,29.332655625594693,346,1,55,0,9,,1,63,-6.9279584884643555,4.902910232543945,-1.5185948610305786,OUTBOUND,-6.408389091491699,-0.09936169878242936,0.007680226117372513
1,57,0.890625,0.4152970314025879,11.558712005615234,updated,1.0449275970458984,-0.08300027996301651,5.4164862632751465,0.06839413195848465,0.0693403035402298,12.345561613998143,29.320392111109694,347,1,56,0,7,,0,64,-6.927958011627197,4.901599407196045,-1.71686589717865,OUTBOUND,-6.424134254455566,-0.1347782190120581,0.007632856722921133
1,57,0.890625,0.8205263614654541,11.539529800415039,updated,1.045240879058838,-0.08241093158721924,7.957479476928711,0.06920167803764343,0.07487358897924423,12.372704899986275,29.308098909265702,348,1,57,0,7,,0,64,-6.928319454193115,4.875208854675293,-1.7307332754135132,OUTBOUND,-6.432422161102295,-0.16840136627265975,0.007572985719889402
1,56,0.875,1.0074924230575562,11.620574951171875,updated,1.0455549955368042,-0.08507410436868668,0.6897248029708862,0.41136887669563293,0.40881457924842834,12.398181722994195,29.295817322663392,349,1,58,0,8,,1,63,-6.927958011627197,4.922691345214844,-2.0856921672821045,OUTBOUND,-6.453986167907715,-0.17990301217850652,0.007840000092983246
1,57,0.890625,0.7235614657402039,11.597427368164062,updated,1.045868992805481,-0.0839042142033577,1.040124773979187,1.0308337211608887,1.025756597518921,12.507351045991527,29.283587104744072,350,1,59,0,7,,2,62,-6.9291863441467285,4.88346529006958,-1.9631545543670654,OUTBOUND,-6.4792585372924805,-0.14589346892161983,0.007840000092983246
1,57,0.890625,0.7642351388931274,11.63039779663086,updated,1.0461831092834473,-0.08472908288240433,5.430798530578613,0.05693197250366211,0.06095246225595474,12.533373542974005,29.271350029476608,351,1,60,0,7,,0,64,-6.928319454193115,4.889245986938477,-1.9777536392211914,OUTBOUND,-6.5011162757873535,-0.11921554638869823,0.007840000092983246
1,57,0.890625,0.6947452425956726,11.622313499450684,updated,1.0464969873428345,-0.08427022397518158,0.5105614066123962,0.7610244750976562,0.7553985714912415,12.557430515997112,29.259092376947002,352,1,61,0,7,,2,62,-6.928628921508789,4.86651611328125,-1.6056127548217773,OUTBOUND,-6.513615608215332,-0.10700484402336678,0.007840000092983246
1,60,0.9375,0.8029614090919495,11.585465431213379,updated,1.0468100309371948,-0.08287717401981354,5.804833889007568,0.06746341288089752,0.06949275732040405,12.581459114997415,29.246815836239843,353,1,62,0,4,,0,64,-6.928403854370117,4.823544025421143,-1.4941171407699585,OUTBOUND,-6.516913414001465,-0.08812060906322618,0.007840000092983246
1,54,0.84375,0.9529969096183777,11.715351104736328,updated,1.0471237897872925,-0.08782539516687393,2.9476242065429688,0.42772766947746277,0.42524006962776184,12.604609798989259,29.234561036694952,354,1,63,0,10,,1,63,-6.927958011627197,4.91978645324707,-2.1521246433258057,OUTBOUND,-6.539876461029053,-0.09789676144981022,0.007840000092983246
0,55,0.859375,1.1669206619262695,11.710142135620117,updated,1.0474380254745483,-0.0880526602268219,2.5630686283111572,1.0322567224502563,1.0273544788360596,12.745894767984282,29.222280488358702,355,1,64,1,9,WATCHDOG_DEADLINE,2,62,-6.928588390350342,4.912228107452393,-2.052124500274658,OUTBOUND,-6.551185607910156,-0.1672509632484188,0.007665679790079594
1,57,0.890625,0.8532254695892334,11.76611042022705,updated,1.0477532148361206,-0.0897766649723053,1.2952287197113037,0.696618378162384,0.6927528977394104,12.775994542986155,29.210026582540564,356,1,65,0,7,,1,63,-6.92896032333374,4.937044143676758,-1.9393346309661865,OUTBOUND,-6.582450866699219,-0.21257542640646254,0.007774770725518465
1,55,0.859375,0.879040539264679,11.715665817260742,updated,1.0480682849884033,-0.08781403303146362,4.561958312988281,1.1838886737823486,1.180908441543579,12.800700044987025,29.197776670412033,357,1,66,0,9,,2,62,-6.928332328796387,4.8824782371521,-1.6117275953292847,OUTBOUND,-6.586048603057861,-0.23337328845523614,0.0076163350604474545
1,59,0.921875,0.6934260725975037,11.689509391784668,updated,1.0483828783035278,-0.08669200539588928,2.6728405952453613,1.0589920282363892,1.0501471757888794,12.8250091119844,29.185504105898918,358,1,67,0,5,,2,62,-6.928544998168945,4.846522808074951,-1.6189601421356201,OUTBOUND,-6.601802349090576,-0.22789700197750096,0.007840000092983246
1,58,0.90625,0.5602861642837524,11.746910095214844,updated,1.0486974716186523,-0.08937495201826096,5.0520195960998535,0.05756456032395363,0.056914906948804855,12.851153659983538,29.173261749249466,359,1,68,0,6,,0,64,-6.927958011627197,4.891580581665039,-1.674133539199829,OUTBOUND,-6.611301422119141,-0.1702660839620498,0.007840000092983246
1,58,0.90625,0.9777377843856812,11.765777587890625,updated,1.049012541770935,-0.09031593054533005,7.448553085327148,0.07733931392431259,0.07973941415548325,12.880508118978469,29.161023627586502,360,1,69,0,6,,0,64,-6.928505897521973,4.899430751800537,-1.7498729228973389,OUTBOUND,-6.6104817390441895,-0.1474082775307174,0.007840000092983246
1,55,0.859375,0.6543288826942444,11.721911430358887,updated,1.0493268966674805,-0.08814425766468048,8.18535041809082,0.10977412760257721,0.11109314113855362,12.904936808976345,29.1488481299184,361,1,70,0,9,,0,64,-6.9284844398498535,4.842124938964844,-1.9897360801696777,OUTBOUND,-6.626862525939941,-0.1636512464845033,0.007840000092983246
0,56,0.875,1.274166226387024,11.842378616333008,updated,1.0496420860290527,-0.09299319237470627,1.56293523311615,0.7490144371986389,0.7455320358276367,13.040860387001885,29.136615474818097,362,1,71,1,8,WATCHDOG_DEADLINE,1,63,-6.929042339324951,4.931368827819824,-2.084735870361328,OUTBOUND,-6.649726867675781,-0.214617893746134,0.007840000092983246
1,58,0.90625,0.555893063545227,11.786744117736816,updated,1.0499567985534668,-0.09000279009342194,7.736910820007324,0.09084285795688629,0.09140218049287796,13.071611415973166,29.124425425579087,363,1,72,0,6,,0,64,-6.928506374359131,4.8576741218566895,-1.8803213834762573,OUTBOUND,-6.664620876312256,-0.26314155545305457,0.007830899208784103
1,53,0.828125,0.3637421429157257,11.802644729614258,updated,1.0502712726593018,-0.09043904393911362,0.37929293513298035,0.45278096199035645,0.45129042863845825,13.099471460998757,29.112202112181684,364,1,73,0,11,,1,63,-6.928828239440918,4.855195999145508,-1.8304011821746826,OUTBOUND,-6.6838884353637695,-0.24067164900283106,0.007840000092983246
1,62,0.96875,1.0479092597961426,11.79870891571045,updated,1.0505850315093994,-0.0899437740445137,7.565779685974121,0.09319862723350525,0.095819391310215,13.128401680995012,29.10001599336648,365,1,74,0,2,,0,64,-6.928983688354492,4.833772659301758,-2.090000867843628,OUTBOUND,-6.700123310089111,-0.19198570662905368,0.007840000092983246
1,56,0.875,0.6151924729347229,11.913169860839844,updated,1.0508992671966553,-0.09359657764434814,6.655500411987305,0.10064750909805298,0.10296813398599625,13.156212653993862,29.08781696456675,366,1,75,0,8,,0,64,-6.92931604385376,4.896695137023926,-1.9594593048095703,OUTBOUND,-6.739319801330566,-0.15635207152480401,0.007840000092983246
1,58,0.90625,0.653308629989624,11.929296493530273,updated,1.0512138605117798,-0.09436927735805511,3.0424444675445557,0.7355964779853821,0.7339059114456177,13.293964258977212,29.07559747827394,367,1,76,0,6,,1,63,-6.929656028747559,4.900835990905762,-1.8631234169006348,OUTBOUND,-6.755893707275391,-0.12604677912820036,0.007840000092983246
1,59,0.921875,0.446999728679657,11.94615364074707,updated,1.051528811454773,-0.09479384869337082,1.1212178468704224,0.44306913018226624,0.440139502286911,13.322079027973814,29.063366712239166,368,1,77,0,5,,1,63,-6.928501605987549,4.897944927215576,-1.8841887712478638,OUTBOUND,-6.772514343261719,-0.10580524606061106,0.007840000092983246
1,56,0.875,0.8485308289527893,11.94703197479248,updated,1.0518434047698975,-0.09309202432632446,6.239696502685547,0.0598369836807251,0.06368470937013626,13.348255881981459,29.051136062791784,369,1,78,0,8,,0,64,-6.928842067718506,4.852757453918457,-1.7594574689865112,OUTBOUND,-6.816559314727783,-0.0762292482042009,0.007840000092983246
1,59,0.921875,0.6862668395042419,11.997684478759766,updated,1.0521584749221802,-0.09615658968687057,1.2738202810287476,0.7802191972732544,0.7772387266159058,13.373339459998533,29.03892649704358,370,1,79,0,5,,2,62,-6.928496837615967,4.902424335479736,-1.7312966585159302,OUTBOUND,-6.823583602905273,-0.036148387208091354,0.007840000092983246
1,59,0.921875,0.7817578911781311,12.007564544677734,updated,1.0524736642837524,-0.09588401019573212,6.724393844604492,0.0512872040271759,0.05473434180021286,13.404119972983608,29.026737136498177,371,1,80,0,5,,0,64,-6.927977561950684,4.885858535766602,-1.7228362560272217,OUTBOUND,-6.840695381164551,-0.013240194160077164,0.007840000092983246
0,60,0.9375,1.3309699296951294,12.02828311920166,updated,1.0527887344360352,-0.09555601328611374,4.651801586151123,0.06135134398937225,0.06384139508008957,13.529465561994584,29.014558851997137,372,1,81,1,4,WATCHDOG_DEADLINE,0,64,-6.928726673126221,4.8684000968933105,-1.391471266746521,OUTBOUND,-6.879444599151611,-0.053041132052305845,0.007840000092983246
1,58,0.90625,0.9429137706756592,12.070600509643555,updated,1.0531041622161865,-0.09758761525154114,3.955554723739624,0.0392175130546093,0.04146265983581543,13.5551721949887,29.002454181176347,373,1,82,0,6,,0,64,-6.927958011627197,4.897021770477295,-1.661387324333191,OUTBOUND,-6.889209747314453,-0.1203654256574148,0.007840000092983246
1,58,0.90625,0.9491872787475586,12.09614372253418,updated,1.053419589996338,-0.09712059795856476,0.6608118414878845,0.42800381779670715,0.4260574281215668,13.580695341981482,28.99033596767783,374,1,83,0,6,,1,63,-6.928844451904297,4.877013206481934,-1.9894510507583618,OUTBOUND,-6.926916122436523,-0.1340035720760731,0.007840000092983246
1,55,0.859375,1.3440412282943726,12.105611801147461,updated,1.0537347793579102,-0.09684180468320847,6.055752277374268,0.05421144887804985,0.05649701878428459,13.609426770999562,28.978197335828842,375,1,84,0,9,,0,64,-6.928518772125244,4.860854625701904,-1.9187486171722412,OUTBOUND,-6.953813076019287,-0.09601184673879354,0.007840000092983246
1,57,0.890625,0.7900848388671875,12.11917495727539,updated,1.0540497303009033,-0.0974150225520134,2.90321683883667,0.8164257407188416,0.8085002899169922,13.63444659099332,28.96612722591276,376,1,85,0,7,,2,62,-6.927978515625,4.861170768737793,-1.763593316078186,OUTBOUND,-6.973747253417969,-0.04538297564415014,0.007840000092983246
1,59,0.921875,0.4630400240421295,12.125190734863281,updated,1.0543643236160278,-0.09740005433559418,2.089444637298584,0.07810922712087631,0.07707817107439041,13.680904279986862,28.954071244393827,377,1,86,0,5,,0,64,-6.928691387176514,4.850318908691406,-1.8372076749801636,OUTBOUND,-6.991378307342529,0.001080066411598946,0.007840000092983246
1,59,0.921875,0.5682550072669983,12.131926536560059,updated,1.0546785593032837,-0.09725864231586456,1.630527138710022,0.41780295968055725,0.4146619439125061,13.71508827697835,28.942020608326214,378,1,87,0,5,,1,63,-6.9285454750061035,4.837214946746826,-1.7790251970291138,OUTBOUND,-7.0159382820129395,0.020674337838028786,0.007840000092983246
0,58,0.90625,0.8888976573944092,12.184601783752441,updated,1.05499267578125,-0.09929219633340836,6.953132629394531,0.7925021052360535,0.7872364521026611,13.844590863998746,28.92992310140243,379,1,88,1,6,WATCHDOG_DEADLINE,2,62,-6.928155899047852,4.865133285522461,-1.5602619647979736,OUTBOUND,-7.0364909172058105,-0.030565584671452675,0.007840000092983246
1,60,0.9375,0.9412091970443726,12.17578125,updated,1.0553065538406372,-0.09897249191999435,1.4537465572357178,0.4182097017765045,0.4151253402233124,13.871573052980239,28.917865594450518,380,1,89,0,4,,1,63,-6.929603576660156,4.848785400390625,-1.6288169622421265,OUTBOUND,-7.049147129058838,-0.08175918578555294,0.007840000092983246
1,59,0.921875,0.5401475429534912,12.17457389831543,updated,1.0556203126907349,-0.09946712106466293,3.241057872772217,0.8009454011917114,0.7965078949928284,13.89883763800026,28.90576056399137,381,1,90,0,5,,1,63,-6.927958011627197,4.8477559089660645,-1.9835718870162964,OUTBOUND,-7.056391716003418,-0.09566962228181676,0.007840000092983246
1,60,0.9375,0.43517181277275085,12.243193626403809,updated,1.0559347867965698,-0.10370519757270813,0.7808324694633484,0.4058605432510376,0.40522053837776184,13.924622717982857,28.893701079664275,382,1,91,0,4,,1,63,-6.92920446395874,4.91590690612793,-1.7810403108596802,OUTBOUND,-7.047906398773193,-0.09520689853709303,0.007840000092983246
1,57,0.890625,0.4490044414997101,12.218608856201172,updated,1.0562494993209839,-0.10192481428384781,4.249382972717285,0.06225888431072235,0.06141231954097748,13.952060747978976,28.88163716628269,383,1,92,0,7,,0,64,-6.927958011627197,4.872706890106201,-1.7109638452529907,OUTBOUND,-7.061446189880371,-0.07137998219759786,0.007840000092983246
1,56,0.875,0.9395298361778259,12.252243041992188,updated,1.0565646886825562,-0.10380206257104874,5.357971668243408,0.45339101552963257,0.4539337456226349,14.088922682974953,28.869571414831473,384,1,93,0,8,,1,63,-6.929042816162109,4.896812915802002,-1.771381139755249,OUTBOUND,-7.061798095703125,-0.024114474125512046,0.007840000092983246
1,55,0.859375,1.3590641021728516,12.234627723693848,updated,1.056879997253418,-0.10286718606948853,2.738820791244507,0.03832245245575905,0.038699518889188766,14.111269639979582,28.85754547021472,385,1,94,0,9,,0,64,-6.9279584884643555,4.869536399841309,-1.93219792842865,OUTBOUND,-7.0765509605407715,-0.0036845848963069205,0.007840000092983246
1,59,0.921875,0.7595189809799194,12.24911117553711,updated,1.0571951866149902,-0.10322035849094391,1.5418922901153564,0.8069284558296204,0.8029115200042725,14.136849080998218,28.845505089191914,386,1,95,0,5,,1,63,-6.928448677062988,4.865839004516602,-1.958479404449463,OUTBOUND,-7.088956356048584,-0.04178944094370076,0.007840000092983246
1,54,0.84375,0.811709463596344,12.306288719177246,updated,1.0575109720230103,-0.1057349145412445,3.729149341583252,0.4284719228744507,0.42602208256721497,14.164369248988805,28.833440647391686,387,1,96,0,10,,1,63,-6.929117202758789,4.901045799255371,-1.7747567892074585,OUTBOUND,-7.1082658767700195,-0.05658048715771454,0.007840000092983246
1,57,0.890625,0.3999423384666443,12.303062438964844,updated,1.0578268766403198,-0.10510410368442535,3.3911502361297607,0.08695455640554428,0.08422471582889557,14.188958560000174,28.82138220928681,388,1,97,0,7,,0,64,-6.9283528327941895,4.879611492156982,-1.8061258792877197,OUTBOUND,-7.124729633331299,-0.032916479033043386,0.007840000092983246
0,57,0.890625,0.7832809686660767,12.287694931030273,updated,1.0581424236297607,-0.10372055321931839,6.345282077789307,0.08045152574777603,0.07993222773075104,14.320550856995396,28.80930647056003,389,1,98,1,7,WATCHDOG_DEADLINE,0,64,-6.928339958190918,4.845013618469238,-1.5154719352722168,OUTBOUND,-7.13547945022583,-0.06295741592809022,0.007840000092983246
1,57,0.890625,0.6319298148155212,12.280980110168457,updated,1.058457374572754,-0.10321192443370819,2.8886971473693848,1.150968313217163,1.1438993215560913,14.346340356976725,28.79720253249935,390,1,99,0,7,,2,62,-6.929379463195801,4.826276779174805,-1.758166790008545,OUTBOUND,-7.155459880828857,-0.07076594960873157,0.007840000092983246
1,56,0.875,1.22474205493927,12.35423469543457,updated,1.0587726831436157,-0.10731406509876251,1.6169437170028687,0.7772305607795715,0.7712515592575073,14.373835268983385,28.785161250817566,391,1,100,0,8,,2,62,-6.927958011627197,4.888916492462158,-1.6117559671401978,OUTBOUND,-7.1617960929870605,-0.06327799504673026,0.007840000092983246
1,56,0.875,0.803630530834198,12.395292282104492,updated,1.0590885877609253,-0.10860326141119003,7.667812347412109,0.10411737859249115,0.10405699908733368,14.403309541987255,28.77305369105907,392,1,101,0,8,,0,64,-6.927958011627197,4.901638507843018,-1.929870367050171,OUTBOUND,-7.186583042144775,-0.04960498822043354,0.007840000092983246
1,58,0.90625,0.705136775970459,12.379563331604004,updated,1.0594044923782349,-0.1069878414273262,5.9297194480896,0.07340263575315475,0.07243943959474564,14.425522108998848,28.761039261473638,393,1,102,0,6,,0,64,-6.928101539611816,4.863616943359375,-1.726672649383545,OUTBOUND,-7.206011772155762,-0.029244753969847062,0.007840000092983246
1,57,0.890625,0.9571554064750671,12.428714752197266,updated,1.0597206354141235,-0.1088421419262886,5.5774455070495605,0.07119123637676239,0.07462095469236374,14.450472098978935,28.748988231825074,394,1,103,0,7,,0,64,-6.928159713745117,4.886118412017822,-1.7220920324325562,OUTBOUND,-7.230842113494873,-0.02341368268814527,0.007840000092983246
1,59,0.921875,1.3541055917739868,12.472567558288574,updated,1.0600372552871704,-0.1096702367067337,5.585772514343262,0.06901951134204865,0.07091667503118515,14.474638417974347,28.736968376297582,395,1,104,0,5,,0,64,-6.928767681121826,4.89069128036499,-2.3658735752105713,OUTBOUND,-7.267141342163086,-0.013242490650784757,0.007840000092983246
0,59,0.921875,0.8129469156265259,12.466605186462402,updated,1.0603539943695068,-0.10955110937356949,6.331823348999023,1.211669683456421,1.2045730352401733,14.605306279001525,28.72489189171072,396,1,105,1,5,WATCHDOG_DEADLINE,2,62,-6.927958011627197,4.878961563110352,-1.8022855520248413,OUTBOUND,-7.270973205566406,-0.06870604987467575,0.007840000092983246
1,55,0.859375,0.8435900211334229,12.501289367675781,updated,1.0606712102890015,-0.11114966124296188,4.899782657623291,1.6022111177444458,1.5887532234191895,14.633501445990987,28.712796880880013,397,1,106,0,9,,3,61,-6.9284844398498535,4.896660804748535,-1.6564043760299683,OUTBOUND,-7.291841983795166,-0.12774410610754727,0.007840000092983246
1,56,0.875,0.4502403438091278,12.513577461242676,updated,1.0609886646270752,-0.11158253252506256,2.34616756439209,0.4175308346748352,0.41639193892478943,14.666411895974306,28.700695782439027,398,1,107,0,8,,1,63,-6.928525447845459,4.894379615783691,-1.7295678853988647,OUTBOUND,-7.308262348175049,-0.15295883654962394,0.007840000092983246
1,58,0.90625,0.9720421433448792,12.565855979919434,updated,1.0613069534301758,-0.11360958218574524,8.313243865966797,0.0852091982960701,0.08789786696434021,14.691770177974831,28.68859303334832,399,1,108,0,6,,0,64,-6.927958011627197,4.919042110443115,-1.816496729850769,OUTBOUND,-7.322923183441162,-0.17128790719053724,0.007840000092983246
1,57,0.890625,0.9360702037811279,12.54233169555664,updated,1.0616251230239868,-0.11152897030115128,2.4392707347869873,0.8505364060401917,0.8486021757125854,14.71656474599149,28.676460591248432,400,1,109,0,7,,1,63,-6.927958011627197,4.874401569366455,-1.9700114727020264,OUTBOUND,-7.354001522064209,-0.18971497284828864,0.007840000092983246
1,56,0.875,0.5164117217063904,12.559327125549316,updated,1.061943531036377,-0.1129428893327713,5.206201553344727,0.08156458288431168,0.08469623327255249,14.847041464992799,28.66428225162402,401,1,110,0,8,,0,64,-6.928525447845459,4.888648986816406,-1.942203164100647,OUTBOUND,-7.351449012756348,-0.16245137268796395,0.007840000092983246
1,60,0.9375,1.4216506481170654,12.62062931060791,updated,1.0622624158859253,-0.11472196131944656,1.3306466341018677,0.45289483666419983,0.4555719196796417,14.872813985974062,28.65216619720433,402,1,111,0,4,,1,63,-6.9281487464904785,4.90882682800293,-1.5494743585586548,OUTBOUND,-7.38625955581665,-0.0986035637842613,0.007840000092983246
1,58,0.90625,1.2138581275939941,12.700699806213379,updated,1.0625827312469482,-0.11878851056098938,0.6719173789024353,0.12098944932222366,0.12505124509334564,14.896143935999135,28.640087259779115,403,1,112,0,6,,0,64,-6.927958011627197,4.966663837432861,-2.1432619094848633,OUTBOUND,-7.401185989379883,-0.08729478215163396,0.007840000092983246
1,55,0.859375,0.9457273483276367,12.640233039855957,updated,1.0629030466079712,-0.11472509801387787,3.1089248657226562,0.43566569685935974,0.4355489909648895,14.924270139978034,28.62799408589051,404,1,113,0,9,,1,63,-6.928853988647461,4.889956951141357,-1.7595494985580444,OUTBOUND,-7.416356086730957,-0.08091703418429338,0.007840000092983246
1,58,0.90625,0.511526346206665,12.635868072509766,updated,1.063222885131836,-0.11310995370149612,1.4834957122802734,0.42066723108291626,0.4179578423500061,14.951942382002017,28.61594343086016,405,1,114,0,6,,1,63,-6.928102016448975,4.854142665863037,-1.8123966455459595,OUTBOUND,-7.454295635223389,-0.03948963885047118,0.007840000092983246
0,55,0.859375,0.8760656118392944,12.697525978088379,updated,1.0635428428649902,-0.11661331355571747,6.5790300369262695,0.06861935555934906,0.07037718594074249,15.089789011981338,28.603859882306914,406,1,115,1,9,WATCHDOG_DEADLINE,0,64,-6.928557872772217,4.902192115783691,-2.095538377761841,OUTBOUND,-7.4585442543029785,-0.06174778399268323,0.007840000092983246
1,56,0.875,0.5111091136932373,12.709485054016113,updated,1.063862919807434,-0.11594875156879425,5.2434234619140625,0.11746859550476074,0.11987029761075974,15.120538218994625,28.59176395549313,407,1,116,0,8,,0,64,-6.9294562339782715,4.882111549377441,-1.831654667854309,OUTBOUND,-7.490561485290527,-0.0904059902493132,0.007840000092983246
1,61,0.953125,0.24185699224472046,12.685309410095215,updated,1.064182162284851,-0.11356768012046814,2.726746082305908,0.43837183713912964,0.43614763021469116,15.153959728981135,28.579686310619362,408,1,117,0,3,,1,63,-6.928295135498047,4.834502696990967,-1.7937489748001099,OUTBOUND,-7.516836166381836,-0.06665566497002674,0.007840000092983246
1,57,0.890625,0.9497569799423218,12.782672882080078,updated,1.0645020008087158,-0.11945170909166336,6.233041763305664,0.10244688391685486,0.10215058922767639,15.179291672975523,28.567581054014383,409,1,118,0,7,,0,64,-6.927958011627197,4.920243263244629,-1.760090708732605,OUTBOUND,-7.5217180252075195,-0.04116814730878305,0.007840000092983246
1,59,0.921875,1.2769473791122437,12.814652442932129,updated,1.0648221969604492,-0.11885162442922592,4.566249370574951,0.15019433200359344,0.1525897979736328,15.205390655988595,28.555527241939554,410,1,119,0,5,,0,64,-6.927958011627197,4.90140962600708,-2.0487327575683594,OUTBOUND,-7.573193073272705,-0.02878115220251072,0.007840000092983246
1,57,0.890625,0.8701740503311157,12.800329208374023,updated,1.065142273902893,-0.1177656278014183,1.3538118600845337,0.8002532720565796,0.7977380752563477,15.225962678989163,28.54346518505545,411,1,120,0,7,,2,62,-6.928515434265137,4.875014305114746,-1.6715340614318848,OUTBOUND,-7.58573579788208,-0.05141242143733586,0.007840000092983246
1,56,0.875,0.866615355014801,12.881477355957031,updated,1.0654630661010742,-0.12138479202985764,2.362344980239868,0.9126859903335571,0.9059920310974121,15.250337844976457,28.53138552259147,412,1,121,0,8,,1,63,-6.9284749031066895,4.923433780670166,-2.00602388381958,OUTBOUND,-7.617321491241455,-0.06296183941827191,0.007840000092983246
0,57,0.890625,0.8732791543006897,12.870312690734863,updated,1.065783977508545,-0.12056781351566315,5.881315231323242,1.2962394952774048,1.2889760732650757,15.379374002979603,28.519269183986577,413,1,122,1,7,WATCHDOG_DEADLINE,2,62,-6.929136753082275,4.901416778564453,-1.7765060663223267,OUTBOUND,-7.6356000900268555,-0.09384988508852518,0.007840000092983246
1,58,0.90625,0.5936627984046936,12.88352108001709,updated,1.0661051273345947,-0.12067301571369171,5.820377826690674,0.1296679675579071,0.1346827745437622,15.405891943984898,28.507150154283384,414,1,123,0,6,,0,64,-6.927958011627197,4.894078731536865,-1.73460853099823,OUTBOUND,-7.647671699523926,-0.15652176607732857,0.007840000092983246
1,54,0.84375,0.7313202023506165,12.826558113098145,updated,1.066425085067749,-0.11671759188175201,6.552762985229492,0.05690687522292137,0.05924311280250549,15.429953769984422,28.49502829295573,415,1,124,0,10,,0,64,-6.928546905517578,4.823374271392822,-1.6219277381896973,OUTBOUND,-7.6642231941223145,-0.1650163913495323,0.007840000092983246
1,59,0.921875,0.8332434296607971,12.90346908569336,updated,1.0667449235916138,-0.11964014172554016,4.839993953704834,0.05266411975026131,0.05381843447685242,15.461943686997984,28.48293213897205,416,1,125,0,5,,0,64,-6.928691387176514,4.860306739807129,-1.7866045236587524,OUTBOUND,-7.698259353637695,-0.14397371678700038,0.007840000092983246
1,57,0.890625,0.6335190534591675,12.934771537780762,updated,1.0670644044876099,-0.12024793773889542,4.28459358215332,0.04338790848851204,0.04268503934144974,15.487257378990762,28.47082949148381,417,1,126,0,7,,0,64,-6.929182529449463,4.861082077026367,-1.9695360660552979,OUTBOUND,-7.7179131507873535,-0.11653459356836421,0.007840000092983246
1,59,0.921875,1.2997413873672485,12.95955753326416,updated,1.0673837661743164,-0.12125958502292633,3.8379056453704834,0.9544658064842224,0.9524842500686646,15.621461595990695,28.458744925898632,418,1,127,0,5,,1,63,-6.928533554077148,4.868081092834473,-1.5043015480041504,OUTBOUND,-7.741878509521484,-0.12158253795760039,0.007840000092983246
1,53,0.828125,0.5220504999160767,12.983083724975586,updated,1.0677032470703125,-0.12263825535774231,6.246078968048096,0.06015947833657265,0.06228475272655487,15.645512068993412,28.446651425824005,419,1,128,0,11,,0,64,-6.92850399017334,4.880649566650391,-1.9171158075332642,OUTBOUND,-7.749077320098877,-0.14624486415785887,0.007840000092983246
1,53,0.828125,0.7231422662734985,12.988444328308105,updated,1.0680227279663086,-0.12252989411354065,1.4830322265625,0.421548455953598,0.41877827048301697,15.671147543995176,28.43455316163356,420,1,129,0,11,,1,63,-6.927958011627197,4.87040376663208,-1.6667786836624146,OUTBOUND,-7.765185356140137,-0.12869403448271347,0.007840000092983246
1,55,0.859375,1.177225112915039,13.022621154785156,updated,1.0683422088623047,-0.12346692383289337,2.4364936351776123,0.04410259425640106,0.045442190021276474,15.700499685975956,28.422448239592395,421,1,130,0,9,,0,64,-6.9279584884643555,4.876140117645264,-1.7301126718521118,OUTBOUND,-7.791675567626953,-0.09783070539266177,0.007840000092983246
1,62,0.96875,1.0078107118606567,13.010581016540527,updated,1.0686609745025635,-0.12090601027011871,3.6231167316436768,0.06080160290002823,0.06210848689079285,15.73257182497764,28.410375657586915,422,1,131,0,2,,0,64,-6.928505897521973,4.828913688659668,-2.012040138244629,OUTBOUND,-7.829513072967529,-0.10642938090014105,0.007840000092983246
0,59,0.921875,0.7968485355377197,13.067424774169922,updated,1.0689798593521118,-0.12420385330915451,4.374699592590332,0.07930893450975418,0.08273085206747055,15.864308764983434,28.39826337986319,423,1,132,1,5,WATCHDOG_DEADLINE,0,64,-6.927958011627197,4.870357513427734,-2.025542736053467,OUTBOUND,-7.830283164978027,-0.166736442873107,0.007840000092983246
1,57,0.890625,0.5129889845848083,13.131306648254395,updated,1.0692989826202393,-0.12580159306526184,2.5679943561553955,0.048052914440631866,0.04691019281744957,15.889832385000773,28.38611725988877,424,1,133,0,7,,0,64,-6.928104877471924,4.8859453201293945,-1.7241770029067993,OUTBOUND,-7.880325794219971,-0.1879373888364062,0.007840000092983246
1,60,0.9375,0.8138073682785034,13.14318561553955,updated,1.0696187019348145,-0.12732556462287903,1.7465965747833252,0.9565140008926392,0.9527679085731506,15.913264798989985,28.37400882055175,425,1,134,0,4,,1,63,-6.928440570831299,4.90028715133667,-1.8064931631088257,OUTBOUND,-7.883530616760254,-0.16186217314202608,0.007840000092983246
1,60,0.9375,1.03875732421875,13.141016006469727,updated,1.0699386596679688,-0.12679694592952728,4.336126327514648,0.4329821467399597,0.4306824207305908,15.934669627982657,28.36187997752625,426,1,135,0,4,,1,63,-6.928535461425781,4.883993625640869,-1.8427425622940063,OUTBOUND,-7.906252384185791,-0.14669712269155827,0.007840000092983246
1,60,0.9375,0.9561396837234497,13.154536247253418,updated,1.070258378982544,-0.12604619562625885,2.701922655105591,0.052430033683776855,0.05193455144762993,15.962020849983674,28.349759835773657,427,1,136,0,4,,0,64,-6.928674697875977,4.864554405212402,-1.5064254999160767,OUTBOUND,-7.92838191986084,-0.1441207474780496,0.007840000092983246
1,55,0.859375,0.8353384733200073,13.181252479553223,updated,1.0705783367156982,-0.12784641981124878,1.251842737197876,0.42637965083122253,0.4267598092556,15.985864030983066,28.337613148080706,428,1,137,0,9,,1,63,-6.92857551574707,4.8828606605529785,-1.7253564596176147,OUTBOUND,-7.93574857711792,-0.13679280066238034,0.007840000092983246
1,56,0.875,0.6370483040809631,13.225241661071777,updated,1.0708991289138794,-0.1308228224515915,2.901346206665039,0.04233263432979584,0.042631395161151886,16.009691218001535,28.325475194664964,429,1,138,0,8,,0,64,-6.927958011627197,4.918250560760498,-1.8264275789260864,OUTBOUND,-7.955867767333984,-0.10983750094113602,0.007840000092983246
0,57,0.890625,0.6659724116325378,13.229602813720703,updated,1.07122004032135,-0.12934763729572296,3.055095672607422,0.3990788459777832,0.39742615818977356,16.15256054297788,28.313322611771103,430,1,139,1,7,WATCHDOG_DEADLINE,1,63,-6.929631233215332,4.8883256912231445,-2.067227840423584,OUTBOUND,-7.976191520690918,-0.12005819435430636,0.007840000092983246
1,57,0.890625,0.8570407032966614,13.20689868927002,updated,1.0715408325195312,-0.12824779748916626,3.4081246852874756,0.06628546863794327,0.06651293486356735,16.181354167987593,28.301189937393723,431,1,140,0,7,,0,64,-6.9284987449646,4.864113807678223,-1.5325695276260376,OUTBOUND,-7.986884593963623,-0.17188376194827598,0.007840000092983246
1,57,0.890625,0.6745671629905701,13.2424955368042,updated,1.0718618631362915,-0.1302998960018158,5.350300312042236,0.059113286435604095,0.06116221845149994,16.207312724000076,28.289011269813837,432,1,141,0,7,,0,64,-6.927978515625,4.885735034942627,-1.9882323741912842,OUTBOUND,-7.988608360290527,-0.16876589837663744,0.007840000092983246
1,58,0.90625,1.1134531497955322,13.338653564453125,updated,1.0721838474273682,-0.13485018908977509,5.278024673461914,0.7960532903671265,0.7899156808853149,16.22915152600035,28.276868435332215,433,1,142,0,6,,2,62,-6.929042339324951,4.9431657791137695,-2.0016493797302246,OUTBOUND,-8.019329071044922,-0.14174177160519977,0.007840000092983246
1,56,0.875,0.6376358866691589,13.28148365020752,updated,1.072506070137024,-0.13132433593273163,3.9762470722198486,0.07270271331071854,0.07274223864078522,16.257002484984696,28.264743012815572,434,1,143,0,8,,0,64,-6.928525447845459,4.884202003479004,-1.8863214254379272,OUTBOUND,-8.027914047241211,-0.1737549803275055,0.007840000092983246
1,57,0.890625,0.7762848138809204,13.282051086425781,updated,1.0728280544281006,-0.1310068666934967,4.853574275970459,0.06723552942276001,0.06603045761585236,16.391030510974815,28.252588679224733,435,1,144,0,7,,0,64,-6.929325103759766,4.871580123901367,-1.6239622831344604,OUTBOUND,-8.037039756774902,-0.21436737271675088,0.007840000092983246
1,58,0.90625,0.73943692445755,13.322888374328613,updated,1.0731502771377563,-0.13333110511302948,5.3482441902160645,0.07680954039096832,0.07896159589290619,16.415772737993393,28.24040364980725,436,1,145,0,6,,0,64,-6.928505897521973,4.896651268005371,-2.058342695236206,OUTBOUND,-8.051567077636719,-0.2088043978349376,0.007840000092983246
1,55,0.859375,0.6646185517311096,13.32630729675293,updated,1.0734723806381226,-0.13188253343105316,1.489565372467041,0.45884987711906433,0.45654401183128357,16.44308165999246,28.228243063755336,437,1,146,0,9,,1,63,-6.9279584884643555,4.8680644035339355,-2.022559642791748,OUTBOUND,-8.085065841674805,-0.17804691764344072,0.007840000092983246
1,59,0.921875,0.8205861449241638,13.336997985839844,updated,1.0737941265106201,-0.1320992112159729,1.6004141569137573,0.46228232979774475,0.4585602283477783,16.473830842995085,28.216133182870433,438,1,147,0,5,,1,63,-6.927958011627197,4.863214492797852,-1.75990629196167,OUTBOUND,-8.09465503692627,-0.16983327630452572,0.007840000092983246
1,61,0.953125,1.303228735923767,13.35141372680664,updated,1.0741159915924072,-0.13354356586933136,6.809563636779785,0.05827104672789574,0.06084243953227997,16.501907086989377,28.203990173331654,439,1,148,0,3,,0,64,-6.927958011627197,4.875657081604004,-2.2924306392669678,OUTBOUND,-8.097819328308105,-0.15331442584402777,0.007840000092983246
0,59,0.921875,0.3178185820579529,13.3977632522583,updated,1.0744378566741943,-0.1345939338207245,7.177290439605713,0.07931447774171829,0.0801011249423027,16.64457743798266,28.191840158114417,440,1,149,1,5,WATCHDOG_DEADLINE,0,64,-6.927958011627197,4.882486820220947,-1.8242429494857788,OUTBOUND,-8.123804092407227,-0.15170646159282297,0.007840000092983246
1,57,0.890625,0.6760262250900269,13.422353744506836,updated,1.0747599601745605,-0.13567237555980682,3.684828758239746,0.04072634130716324,0.03967345878481865,16.66795023798477,28.17973314451702,441,1,150,0,7,,0,64,-6.927978515625,4.889651298522949,-1.797383189201355,OUTBOUND,-8.143836975097656,-0.1637100359823325,0.007840000092983246
1,56,0.875,1.7488240003585815,13.401151657104492,updated,1.0750819444656372,-0.13428513705730438,3.877918243408203,1.015430212020874,1.0095609426498413,16.6970942709886,28.167614237874055,442,1,151,0,8,,1,63,-6.928162574768066,4.862553119659424,-2.3047752380371094,OUTBOUND,-8.16159725189209,-0.15365366849680903,0.007840000092983246
1,57,0.890625,1.4442940950393677,13.391560554504395,updated,1.0754029750823975,-0.1320468932390213,6.6540021896362305,0.05683209002017975,0.05786902457475662,16.725183880975237,28.15549121679415,443,1,152,0,7,,0,64,-6.928565979003906,4.82393217086792,-2.0770084857940674,OUTBOUND,-8.181390762329102,-0.13616789879008842,0.007840000092983246
1,58,0.90625,0.9657756090164185,13.502542495727539,updated,1.0757243633270264,-0.13734640181064606,6.136513710021973,0.059125643223524094,0.060365863144397736,16.75011348197586,28.14340778016545,444,1,153,0,6,,0,64,-6.928506374359131,4.889339447021484,-1.4556562900543213,OUTBOUND,-8.20964527130127,-0.09741635029736542,0.007840000092983246
1,60,0.9375,0.6436471939086914,13.49167251586914,updated,1.0760456323623657,-0.13587266206741333,2.1420514583587646,1.0578614473342896,1.056203007698059,16.7773444079794,28.13135578939527,445,1,154,0,4,,1,63,-6.928300857543945,4.861414909362793,-1.8684487342834473,OUTBOUND,-8.238876342773438,-0.07427655068307928,0.007840000092983246
1,62,0.96875,1.4254016876220703,13.51565170288086,updated,1.0763670206069946,-0.1372756063938141,4.880794525146484,0.033220112323760986,0.03530289977788925,16.802051863982342,28.119303496848485,446,1,155,0,2,,0,64,-6.928516864776611,4.8729729652404785,-1.7823834419250488,OUTBOUND,-8.251821517944336,-0.08628315744404069,0.007840000092983246
0,59,0.921875,1.029975414276123,13.598114967346191,updated,1.0766890048980713,-0.1404905617237091,3.6007654666900635,0.04553611949086189,0.046708427369594574,16.921971532981843,28.10717612183273,447,1,156,1,5,WATCHDOG_DEADLINE,0,64,-6.928411960601807,4.909060001373291,-1.5633914470672607,OUTBOUND,-8.286398887634277,-0.11977127269824456,0.007840000092983246
1,54,0.84375,0.5830175876617432,13.620898246765137,updated,1.0770114660263062,-0.14041933417320251,4.126925468444824,0.03349851444363594,0.03606623411178589,16.944276130001526,28.095083747063285,448,1,157,0,10,,0,64,-6.928600311279297,4.9003682136535645,-1.8938127756118774,OUTBOUND,-8.319380760192871,-0.1555368578633769,0.007840000092983246
1,58,0.90625,0.6129653453826904,13.627434730529785,updated,1.0773341655731201,-0.13998745381832123,0.41682860255241394,0.4279894530773163,0.42595601081848145,16.966586277994793,28.08298242518274,449,1,158,0,6,,1,63,-6.928102016448975,4.886876106262207,-1.6691211462020874,OUTBOUND,-8.33546257019043,-0.18304001714686807,0.007840000092983246
1,59,0.921875,0.8247974514961243,13.605464935302734,updated,1.0776563882827759,-0.13766609132289886,2.821120262145996,0.5019844770431519,0.49659839272499084,16.988113258994417,28.070838673663502,450,1,159,0,5,,1,63,-6.928707122802734,4.8481245040893555,-1.6471381187438965,OUTBOUND,-8.368879318237305,-0.16416424020887144,0.007840000092983246
1,56,0.875,0.7865031361579895,13.608662605285645,updated,1.0779781341552734,-0.1377735584974289,0.5136255025863647,0.4335823059082031,0.4322558343410492,17.010350262979046,28.058728339290013,451,1,160,0,8,,1,63,-6.928525447845459,4.8421711921691895,-1.998318076133728,OUTBOUND,-8.374329566955566,-0.11461517239943103,0.007840000092983246
1,59,0.921875,0.9470407962799072,13.678268432617188,updated,1.0782999992370605,-0.14055663347244263,0.7080391049385071,0.4240227937698364,0.4237041473388672,17.141456140991068,28.046637216370545,452,1,161,0,5,,1,63,-6.928544998168945,4.87191104888916,-1.6929682493209839,OUTBOUND,-8.40155029296875,-0.10522111084787757,0.007840000092983246
1,58,0.90625,1.2935218811035156,13.691780090332031,updated,1.0786219835281372,-0.14131997525691986,0.4802941381931305,0.4057323932647705,0.4034896194934845,17.163300058979075,28.034522775546442,453,1,162,0,6,,1,63,-6.928313255310059,4.874625205993652,-1.5115265846252441,OUTBOUND,-8.414162635803223,-0.11858955727847614,0.007840000092983246
1,59,0.921875,0.6564430594444275,13.669398307800293,updated,1.0789436101913452,-0.139997661113739,4.3321404457092285,0.05416727066040039,0.054735686630010605,17.190416386001743,28.022365916356172,454,1,163,0,5,,0,64,-6.928152084350586,4.84976053237915,-1.8420647382736206,OUTBOUND,-8.418716430664062,-0.11283126379728124,0.007840000092983246
1,59,0.921875,0.7823989987373352,13.71835708618164,updated,1.0792651176452637,-0.14118622243404388,5.897114276885986,0.05578215792775154,0.05729241669178009,17.215242955979193,28.01026455579237,455,1,164,0,5,,0,64,-6.92889404296875,4.858143329620361,-1.6921945810317993,OUTBOUND,-8.449941635131836,-0.11732728695585572,0.007840000092983246
1,59,0.921875,0.5893974304199219,13.776437759399414,updated,1.0795869827270508,-0.14391981065273285,0.9545627236366272,0.06463313847780228,0.06527148932218552,17.239265938987955,27.99815703588829,456,1,165,0,5,,0,64,-6.92868709564209,4.886722087860107,-1.7335150241851807,OUTBOUND,-8.485095977783203,-0.10881727384293358,0.007840000092983246
0,53,0.828125,0.9800468683242798,13.789461135864258,updated,1.0799092054367065,-0.14396686851978302,5.331730365753174,0.05497084930539131,0.054845087230205536,17.368942160974257,27.98605465411685,457,1,166,1,11,WATCHDOG_DEADLINE,0,64,-6.927958011627197,4.879988193511963,-1.6770269870758057,OUTBOUND,-8.496212005615234,-0.11053821649848283,0.007840000092983246
1,58,0.90625,0.9217596650123596,13.8179931640625,updated,1.0802314281463623,-0.14408476650714874,3.453587532043457,0.04845474287867546,0.04873831942677498,17.402258799993433,27.97395566401618,458,1,167,0,6,,0,64,-6.928420066833496,4.874225616455078,-1.7180978059768677,OUTBOUND,-8.527790069580078,-0.14644732456085094,0.007840000092983246
1,55,0.859375,0.6940665245056152,13.840737342834473,updated,1.0805541276931763,-0.1457776129245758,3.930673837661743,0.05127568542957306,0.052181486040353775,17.429057412984548,27.961801003503883,459,1,168,0,9,,0,64,-6.9285888671875,4.888915061950684,-1.9104470014572144,OUTBOUND,-8.536713600158691,-0.12271951979323178,0.007840000092983246
1,59,0.921875,0.6850231885910034,13.822427749633789,updated,1.080876350402832,-0.14271734654903412,5.268159866333008,0.04819917306303978,0.052047498524188995,17.454445240000496,27.949692197718967,460,1,169,0,5,,0,64,-6.928496837615967,4.842133522033691,-1.5605052709579468,OUTBOUND,-8.550421714782715,-0.09843535284843462,0.007840000092983246
1,60,0.9375,0.7876557111740112,13.923850059509277,updated,1.0811989307403564,-0.1472434401512146,0.6270787715911865,0.48090794682502747,0.4788226783275604,17.478908411983866,27.93757077477434,461,1,170,0,4,,1,63,-6.9281487464904785,4.893267631530762,-1.8414212465286255,OUTBOUND,-8.60385513305664,-0.11409249355822021,0.007840000092983246
1,57,0.890625,0.6605222225189209,13.895071029663086,updated,1.0815215110778809,-0.14475372433662415,2.3080265522003174,0.07203657925128937,0.07528410106897354,17.50419003199204,27.925458759220344,462,1,171,0,7,,0,64,-6.929131984710693,4.8541388511657715,-1.8404468297958374,OUTBOUND,-8.616020202636719,-0.09384682112531666,0.007840000092983246
1,55,0.859375,1.1091057062149048,13.943875312805176,updated,1.0818438529968262,-0.14566873013973236,4.470292091369629,0.06527705490589142,0.06683258712291718,17.529537636990426,27.913367819290457,463,1,172,0,9,,0,64,-6.928445339202881,4.858758449554443,-2.02856183052063,OUTBOUND,-8.654386520385742,-0.08726711635685568,0.007840000092983246
0,58,0.90625,1.1243209838867188,13.998400688171387,updated,1.0821666717529297,-0.14891624450683594,2.4004669189453125,0.46759530901908875,0.46546849608421326,17.649461863999022,27.901227018152248,464,1,173,1,6,WATCHDOG_DEADLINE,1,63,-6.92889404296875,4.892999649047852,-2.1148252487182617,OUTBOUND,-8.66828727722168,-0.13759455327510334,0.007840000092983246
1,60,0.9375,0.6163987517356873,14.001200675964355,updated,1.0824898481369019,-0.14893299341201782,2.7582831382751465,0.039305783808231354,0.04082052782177925,17.671474214992486,27.88905978735065,465,1,174,0,4,,0,64,-6.927957534790039,4.886059284210205,-1.8357123136520386,OUTBOUND,-8.688206672668457,-0.17585780862246983,0.007840000092983246
1,59,0.921875,0.5335129499435425,13.995756149291992,updated,1.082812786102295,-0.1468249410390854,5.328346252441406,1.1507134437561035,1.1485322713851929,17.6945785949938,27.87694424886521,466,1,175,0,5,,1,63,-6.9281721115112305,4.852357864379883,-1.9898102283477783,OUTBOUND,-8.728154182434082,-0.1976105078977695,0.007840000092983246
1,57,0.890625,1.1209203004837036,14.033350944519043,updated,1.0831360816955566,-0.15055154263973236,4.332155704498291,1.1767258644104004,1.1722203493118286,17.72116449699388,27.86482452452779,467,1,176,0,7,,1,63,-6.928319454193115,4.8922529220581055,-1.8559731245040894,OUTBOUND,-8.715588569641113,-0.216510270700497,0.007840000092983246
1,58,0.90625,0.5439882874488831,14.046631813049316,updated,1.0834598541259766,-0.15069414675235748,4.386227607727051,0.0593884140253067,0.059728674590587616,17.751209394977195,27.85269447668443,468,1,177,0,6,,0,64,-6.928555011749268,4.886963844299316,-1.7737984657287598,OUTBOUND,-8.739739418029785,-0.20631735985706412,0.007840000092983246
1,59,0.921875,0.9471437931060791,14.070939064025879,updated,1.0837838649749756,-0.15178483724594116,3.552813768386841,0.05714036524295807,0.058960165828466415,17.87846299598459,27.840564011543705,469,1,178,0,5,,0,64,-6.927977561950684,4.893536567687988,-1.7204468250274658,OUTBOUND,-8.750714302062988,-0.20597537391680043,0.007840000092983246
1,56,0.875,0.5537616014480591,14.004220008850098,updated,1.0841069221496582,-0.14558196067810059,2.4143948554992676,0.03641703724861145,0.038409147411584854,17.908512042980874,27.828394095441027,470,1,179,0,8,,0,64,-6.927958011627197,4.809403419494629,-1.8433912992477417,OUTBOUND,-8.780744552612305,-0.21239963949073382,0.007840000092983246
1,60,0.9375,0.6377384662628174,14.083040237426758,updated,1.0844299793243408,-0.15020518004894257,0.8429651260375977,0.43710702657699585,0.4367501437664032,17.930747758975485,27.816256656912113,471,1,180,0,4,,1,63,-6.928097248077393,4.859975337982178,-1.674737811088562,OUTBOUND,-8.79585075378418,-0.19348558891394985,0.007840000092983246
1,57,0.890625,0.9346554279327393,14.116179466247559,updated,1.084753394126892,-0.15290383994579315,1.7941361665725708,0.43689045310020447,0.435433030128479,17.95800241699908,27.80410261145654,472,1,181,0,7,,1,63,-6.9283528327941895,4.886432647705078,-2.032947063446045,OUTBOUND,-8.810056686401367,-0.15026637259080217,0.007840000092983246
1,56,0.875,0.8350557684898376,14.067463874816895,updated,1.0850763320922852,-0.1493569314479828,1.5132097005844116,0.4702035188674927,0.468509316444397,17.980928452976514,27.791979544477066,473,1,182,0,8,,1,63,-6.929259777069092,4.835919380187988,-1.9543988704681396,OUTBOUND,-8.801203727722168,-0.11962899080638377,0.007840000092983246
0,55,0.859375,0.9065584540367126,14.155241966247559,updated,1.0853997468948364,-0.15459147095680237,5.414168834686279,0.037812940776348114,0.03848738595843315,18.110650094982702,27.779835093796898,474,1,183,1,9,WATCHDOG_DEADLINE,0,64,-6.928166389465332,4.893336296081543,-1.6749571561813354,OUTBOUND,-8.820823669433594,-0.1468813947445387,0.007840000092983246
1,54,0.84375,0.27824607491493225,14.104948043823242,updated,1.0857223272323608,-0.14850205183029175,7.096031665802002,0.06473993510007858,0.06446541845798492,18.13425689097494,27.767674861624982,475,1,184,0,10,,0,64,-6.927958011627197,4.8121418952941895,-1.7897745370864868,OUTBOUND,-8.854674339294434,-0.15428548326350253,0.007840000092983246
1,58,0.90625,0.9250537157058716,14.175545692443848,updated,1.0860456228256226,-0.15593348443508148,12.771777153015137,1.6987578868865967,1.6958378553390503,18.158910456986632,27.755511876448672,476,1,185,0,6,,2,62,-6.928457260131836,4.8959503173828125,-1.8886475563049316,OUTBOUND,-8.850435256958008,-0.12796017563453221,0.007840000092983246
1,60,0.9375,0.7091272473335266,14.179625511169434,updated,1.086369276046753,-0.15551020205020905,6.730529308319092,0.07984443008899689,0.07893522828817368,18.181690856989007,27.74335593899677,477,1,186,0,4,,0,64,-6.928404331207275,4.88398551940918,-1.6087168455123901,OUTBOUND,-8.860967636108398,-0.10050224532419708,0.007840000092983246
1,60,0.9375,1.3930189609527588,14.22707748413086,updated,1.0866934061050415,-0.15699447691440582,5.4521284103393555,0.04842982068657875,0.045730505138635635,18.20379354499164,27.73125385864438,478,1,187,0,4,,0,64,-6.9284234046936035,4.8951263427734375,-1.623680591583252,OUTBOUND,-8.897784233093262,-0.07320579531780766,0.007840000092983246
1,57,0.890625,1.0749011039733887,14.282665252685547,updated,1.0870187282562256,-0.1605513095855713,1.8381844758987427,0.4359181225299835,0.4354099631309509,18.224623053974938,27.719157887222508,479,1,188,0,7,,1,63,-6.928104400634766,4.931107044219971,-1.7122013568878174,OUTBOUND,-8.900331497192383,-0.04992093266508119,0.007840000092983246
1,56,0.875,1.0806235074996948,14.24393367767334,updated,1.0873441696166992,-0.15760257840156555,0.7007143497467041,0.45445048809051514,0.45319828391075134,18.246385877981083,27.707070573896203,480,1,189,0,8,,1,63,-6.928781986236572,4.888840675354004,-1.6454039812088013,OUTBOUND,-8.921767234802246,-0.01990362973210926,0.007840000092983246
0,59,0.921875,0.5466766357421875,14.281320571899414,updated,1.087670087814331,-0.15835925936698914,3.0555174350738525,0.17831024527549744,0.18068194389343262,18.374994584999513,27.69502352412867,481,1,190,1,5,WATCHDOG_DEADLINE,0,64,-6.927958011627197,4.891122817993164,-1.7820624113082886,OUTBOUND,-8.941197395324707,-0.03732185387757986,0.007840000092983246
1,59,0.921875,1.076366662979126,14.273157119750977,updated,1.0879956483840942,-0.15600334107875824,9.899526596069336,0.08579794317483902,0.08613584190607071,18.396831557998667,27.68295278720921,482,1,191,0,5,,0,64,-6.929128646850586,4.856346130371094,-1.8997615575790405,OUTBOUND,-8.962477684020996,-0.0488784438627722,0.007840000092983246
1,49,0.765625,0.9390853047370911,14.316580772399902,updated,1.0883212089538574,-0.1576271802186966,2.701725959777832,0.45337608456611633,0.4533325731754303,18.418055774993263,27.670917934959505,483,1,192,0,15,,1,63,-6.928417205810547,4.869012832641602,-1.8418247699737549,OUTBOUND,-8.98936939239502,-0.020442937575890177,0.007840000092983246
1,55,0.859375,0.6146041750907898,14.353368759155273,updated,1.0886472463607788,-0.1610596925020218,1.4161478281021118,1.2571415901184082,1.2589079141616821,18.44055803999072,27.65890902000639,484,1,193,0,9,,1,63,-6.928557395935059,4.902963161468506,-1.8474912643432617,OUTBOUND,-8.989143371582031,-0.01044544992705114,0.007840000092983246
1,56,0.875,0.8386324048042297,14.358642578125,updated,1.0889729261398315,-0.1575925499200821,5.2421393394470215,0.05006084591150284,0.05183325707912445,18.4650070409989,27.646880396817753,485,1,194,0,8,,0,64,-6.927978515625,4.855430603027344,-1.5567883253097534,OUTBOUND,-9.04536247253418,0.004551073086321592,0.007840000092983246
1,52,0.8125,0.9527609944343567,14.426371574401855,updated,1.089298963546753,-0.16044282913208008,4.890835285186768,0.45211854577064514,0.44807466864585876,18.584180882986402,27.634838671899413,486,1,195,0,12,,1,63,-6.928118705749512,4.882358074188232,-1.763541340827942,OUTBOUND,-9.075727462768555,0.01606996426863097,0.007840000092983246
1,54,0.84375,1.1719385385513306,14.423027038574219,updated,1.0896248817443848,-0.1601136475801468,1.0963586568832397,0.47558948397636414,0.47155627608299255,18.605516035982873,27.622775814167543,487,1,196,0,10,,1,63,-6.928396224975586,4.871923446655273,-1.9773590564727783,OUTBOUND,-9.091602325439453,0.0324155049622848,0.007840000092983246
1,58,0.90625,0.747052013874054,14.454839706420898,updated,1.0899512767791748,-0.1628955602645874,4.127311706542969,1.3456761837005615,1.3454151153564453,18.626808620989323,27.61070768952054,488,1,197,0,6,,1,63,-6.928102016448975,4.897809028625488,-1.79297935962677,OUTBOUND,-9.1044921875,0.0634685896773495,0.007840000092983246
1,56,0.875,0.7204493284225464,14.445457458496094,updated,1.0902775526046753,-0.1606975495815277,3.826317071914673,0.14596793055534363,0.1490161269903183,18.65478688798612,27.598629707818542,489,1,198,0,8,,0,64,-6.928525447845459,4.865691661834717,-1.8450658321380615,OUTBOUND,-9.120936393737793,0.05926019332583407,0.007840000092983246
1,58,0.90625,0.3631540536880493,14.476834297180176,updated,1.0906039476394653,-0.1624780148267746,3.2670347690582275,0.06487882137298584,0.06454218178987503,18.68417828498059,27.586549425616955,490,1,199,0,6,,0,64,-6.927958011627197,4.879830837249756,-1.7788317203521729,OUTBOUND,-9.133980751037598,0.03566896041755175,0.007840000092983246
0,58,0.90625,0.8500889539718628,14.478110313415527,updated,1.0909305810928345,-0.16321924328804016,8.927491188049316,1.687467098236084,1.6857872009277344,18.811284340976272,27.574427991662237,491,1,200,1,6,WATCHDOG_DEADLINE,2,62,-6.927958011627197,4.881887912750244,-1.917475700378418,OUTBOUND,-9.145051956176758,-0.011134941416078096,0.007840000092983246
1,60,0.9375,0.7079547643661499,14.514554977416992,updated,1.0912573337554932,-0.16430386900901794,6.901483535766602,0.09046818315982819,0.09270843118429184,18.842000363976695,27.562344608665722,492,1,201,0,4,,0,64,-6.927957534790039,4.887876987457275,-2.130009412765503,OUTBOUND,-9.169561386108398,-0.041325260331912486,0.007840000092983246
1,63,0.984375,0.693775475025177,14.52573013305664,updated,1.0915842056274414,-0.16375732421875,5.381546974182129,0.0601632297039032,0.06340484321117401,18.879360884980997,27.55025793661112,493,1,202,0,1,,0,64,-6.927957534790039,4.875143527984619,-2.0316364765167236,OUTBOUND,-9.183656692504883,-0.015410806721080634,0.007840000092983246
1,53,0.828125,1.0470231771469116,14.569409370422363,updated,1.0919114351272583,-0.1659402698278427,8.03825569152832,0.070619136095047,0.07020213454961777,18.909501246991567,27.53818218498816,494,1,203,0,11,,0,64,-6.9281744956970215,4.893645286560059,-1.5663120746612549,OUTBOUND,-9.20040512084961,-0.025368481549623317,0.007840000092983246
1,57,0.890625,0.8697785139083862,14.58963394165039,updated,1.0922387838363647,-0.1653033345937729,2.7901182174682617,0.4544699192047119,0.45004990696907043,18.93377399299061,27.52610117470943,495,1,204,0,7,,1,63,-6.927978515625,4.879946708679199,-1.4886819124221802,OUTBOUND,-9.236058235168457,-0.056091129525941474,0.007840000092983246
1,60,0.9375,0.8149736523628235,14.616005897521973,updated,1.0925663709640503,-0.1667790412902832,1.243021845817566,0.4428935647010803,0.44046714901924133,18.958426571974996,27.514016667354948,496,1,205,0,4,,1,63,-6.928543567657471,4.890286445617676,-1.6354771852493286,OUTBOUND,-9.25639820098877,-0.05197430101722823,0.007840000092983246
1,61,0.953125,0.5498693585395813,14.681912422180176,updated,1.0928946733474731,-0.16971957683563232,3.3699259757995605,0.45797714591026306,0.4555681645870209,18.983488124998985,27.501938646289712,497,1,206,0,3,,1,63,-6.928871154785156,4.917099475860596,-1.9090675115585327,OUTBOUND,-9.288064002990723,-0.031050529083185868,0.007840000092983246
0,58,0.90625,1.0506037473678589,14.676860809326172,updated,1.093223214149475,-0.16823695600032806,6.115590572357178,0.04936327040195465,0.04917154833674431,19.115022275975207,27.489881172588134,498,1,207,1,6,WATCHDOG_DEADLINE,0,64,-6.928555011749268,4.893924713134766,-1.6884338855743408,OUTBOUND,-9.299437522888184,-0.04914521634310264,0.007840000092983246
1,59,0.921875,0.6911598443984985,14.681778907775879,updated,1.0935513973236084,-0.16576939821243286,0.7699227333068848,0.4408843517303467,0.4358444809913635,19.13479000199004,27.47780928510099,499,1,208,0,5,,1,63,-6.928307056427002,4.859853267669678,-1.745315670967102,OUTBOUND,-9.343302726745605,-0.10695364905642549,0.007840000092983246
1,61,0.953125,0.9088334441184998,14.71792984008789,updated,1.0938795804977417,-0.16831262409687042,6.581528186798096,1.729113221168518,1.7245595455169678,19.15641165798297,27.465718005669604,500,1,209,0,3,,2,62,-6.927958011627197,4.882049083709717,-1.755184292793274,OUTBOUND,-9.356208801269531,-0.13903857219133037,0.007840000092983246
1,60,0.9375,0.7213291525840759,14.719523429870605,updated,1.094207763671875,-0.16765163838863373,5.265933036804199,0.0993320569396019,0.10203762352466583,19.18029894499341,27.453595412681963,501,1,210,0,4,,0,64,-6.92920446395874,4.868387222290039,-1.6108921766281128,OUTBOUND,-9.373102188110352,-0.12933598815441183,0.007840000092983246
1,55,0.859375,0.709237277507782,14.762693405151367,updated,1.0945359468460083,-0.16910052299499512,0.2371734380722046,0.4655553102493286,0.46436741948127747,19.201175133988727,27.441521217081075,502,1,211,0,9,,1,63,-6.9285359382629395,4.8782572746276855,-1.7022475004196167,OUTBOUND,-9.396781921386719,-0.10375125893301686,0.007840000092983246
1,58,0.90625,0.7210755944252014,14.791622161865234,updated,1.0948644876480103,-0.1714606136083603,4.135257244110107,1.3497121334075928,1.3499455451965332,19.328629164985614,27.429449488148926,503,1,212,0,6,,1,63,-6.928155422210693,4.898149013519287,-1.6263054609298706,OUTBOUND,-9.414009094238281,-0.09849749837661967,0.007840000092983246
1,58,0.90625,0.9517825245857239,14.74887752532959,updated,1.0951924324035645,-0.16683413088321686,0.33604031801223755,0.4392557442188263,0.435517817735672,19.352048321976326,27.41738406205351,504,1,213,0,6,,1,63,-6.927958011627197,4.840816020965576,-1.789578914642334,OUTBOUND,-9.428337097167969,-0.11424876937012633,0.007840000092983246
1,56,0.875,0.5595769286155701,14.733856201171875,updated,1.0955194234848022,-0.1654878407716751,0.5211451053619385,0.45866748690605164,0.4558621942996979,19.370281569979852,27.405292078131655,505,1,214,0,8,,1,63,-6.927958011627197,4.819946765899658,-1.8402162790298462,FAILURE,-9.435074806213379,-0.09914251648927927,0.007840000092983246
1,59,0.921875,1.0144456624984741,14.811357498168945,updated,1.0958467721939087,-0.17196355760097504,9.209761619567871,0.05963625758886337,0.05963057652115822,19.39685560797807,29.98798061564294,506,2,1,0,5,,0,64,-6.929347991943359,4.884974002838135,-1.8015848398208618,OUTBOUND,-9.43421745300293,-0.02568258408747233,0.007840000092983246
1,59,0.921875,0.6042509078979492,14.834288597106934,updated,1.0961743593215942,-0.17195798456668854,4.399332523345947,0.06607507169246674,0.06661272048950195,19.423534568981268,29.97593481901206,507,2,2,0,5,,0,64,-6.928496837615967,4.878759860992432,-1.7292120456695557,OUTBOUND,-9.466071128845215,-0.04023776151666648,0.007840000092983246
0,59,0.921875,1.12616765499115,14.819647789001465,updated,1.0965014696121216,-0.16948799788951874,3.4607694149017334,0.11654919385910034,0.11819536983966827,19.550649919983698,29.96385692632331,508,2,3,1,5,WATCHDOG_DEADLINE,0,64,-6.927958011627197,4.845747470855713,-1.9926096200942993,OUTBOUND,-9.474634170532227,-0.03496037495290143,0.007840000092983246
1,53,0.828125,1.0402582883834839,14.89083194732666,updated,1.0968289375305176,-0.1737627238035202,6.333306789398193,0.05798720568418503,0.06306154280900955,19.572465957986424,29.951756045500353,509,2,4,0,11,,0,64,-6.928382873535156,4.886169910430908,-1.8791108131408691,OUTBOUND,-9.51207160949707,-0.007196013165225135,0.007840000092983246
1,58,0.90625,0.8279892206192017,14.956036567687988,updated,1.0971568822860718,-0.17450818419456482,4.309488773345947,1.4149960279464722,1.4119982719421387,19.59672516299179,29.939686568355835,510,2,5,0,6,,1,63,-6.929664134979248,4.888141632080078,-1.7367925643920898,OUTBOUND,-9.563241958618164,0.035687215335043806,0.007840000092983246
1,59,0.921875,1.1043108701705933,15.03513240814209,updated,1.0974862575531006,-0.1820676028728485,0.37255802750587463,0.47261112928390503,0.47059327363967896,19.627967068983708,29.927599238379266,511,2,6,0,5,,1,63,-6.9287109375,4.963582992553711,-2.128203868865967,OUTBOUND,-9.566929817199707,0.03116256215888872,0.007840000092983246
1,53,0.828125,1.1302757263183594,14.977800369262695,updated,1.097815752029419,-0.17491436004638672,7.150558948516846,0.06202293932437897,0.06311022490262985,19.65797780099092,29.91557644403919,512,2,7,0,11,,0,64,-6.928715705871582,4.880348205566406,-2.1451423168182373,OUTBOUND,-9.588103294372559,-0.003998089351475551,0.007840000092983246
1,56,0.875,0.7390440106391907,14.946433067321777,updated,1.0981446504592896,-0.1719653606414795,9.984496116638184,0.08220043778419495,0.08383477479219437,19.67867549197399,29.903556743449972,513,2,8,0,8,,0,64,-6.927958011627197,4.842698097229004,-1.7481155395507812,OUTBOUND,-9.602466583251953,-0.0016362470641289124,0.007840000092983246
1,55,0.859375,0.9610570073127747,15.084264755249023,updated,1.098474144935608,-0.17814242839813232,1.6834295988082886,0.4794216454029083,0.4776430130004883,19.7084674279904,29.891535824598602,514,2,9,0,9,,1,63,-6.9285888671875,4.902781009674072,-2.1618971824645996,OUTBOUND,-9.653197288513184,-0.001817202627997628,0.007840000092983246
0,51,0.796875,0.7218580842018127,15.10111141204834,updated,1.0988041162490845,-0.17959770560264587,0.3541516661643982,0.4477611482143402,0.4469158351421356,19.830976193974493,29.8794942961769,515,2,10,1,13,WATCHDOG_DEADLINE,1,63,-6.927958011627197,4.912199020385742,-1.814009428024292,OUTBOUND,-9.682875633239746,-0.017729055052911773,0.007840000092983246
1,59,0.921875,0.49860143661499023,15.08021068572998,updated,1.099134087562561,-0.17641766369342804,8.146561622619629,1.4668947458267212,1.4664186239242554,19.852516799001023,29.867438688118252,516,2,11,0,5,,1,63,-6.929083824157715,4.872352600097656,-1.9110653400421143,OUTBOUND,-9.705985069274902,-0.006077581316064415,0.007840000092983246
1,54,0.84375,0.6507620215415955,15.096795082092285,updated,1.0994638204574585,-0.1764838546514511,0.8212696313858032,0.07997304946184158,0.0790797770023346,19.87411347500165,29.855390797941578,517,2,12,0,10,,0,64,-6.928835391998291,4.867105960845947,-1.8594828844070435,OUTBOUND,-9.726131439208984,0.02253353631636862,0.007840000092983246
1,55,0.859375,0.8330671191215515,15.149487495422363,updated,1.0997941493988037,-0.1811450719833374,9.597477912902832,1.8493915796279907,1.8487986326217651,19.897405878989957,29.84332366356934,518,2,13,0,9,,2,62,-6.9279584884643555,4.9103569984436035,-1.9536641836166382,OUTBOUND,-9.738893508911133,0.009889904768345979,0.007840000092983246
1,53,0.828125,1.1639995574951172,15.109152793884277,updated,1.1001238822937012,-0.1751341074705124,0.9205710291862488,0.46244731545448303,0.4607456624507904,19.924720511975465,29.83129438298456,519,2,14,0,11,,1,63,-6.928346633911133,4.841133117675781,-2.105658769607544,OUTBOUND,-9.75879955291748,-0.01828700290776674,0.007840000092983246
1,55,0.859375,0.6897785067558289,15.162629127502441,updated,1.1004540920257568,-0.1820516288280487,2.2713916301727295,0.5046549439430237,0.5010355114936829,20.074033559998497,29.819232799604976,520,2,15,0,9,,1,63,-6.929450035095215,4.907843112945557,-1.8321119546890259,OUTBOUND,-9.751728057861328,-0.0413068035256565,0.007840000092983246
1,60,0.9375,1.1067122220993042,15.084637641906738,updated,1.1007834672927856,-0.17488223314285278,9.7920560836792,0.06044141203165054,0.05875663459300995,20.1001683989889,29.807144931588745,521,2,16,0,4,,0,64,-6.928097248077393,4.826962947845459,-1.618462085723877,OUTBOUND,-9.757314682006836,-0.08827101463983042,0.007840000092983246
1,56,0.875,0.5813286900520325,15.16943359375,updated,1.101113200187683,-0.1810304820537567,8.522878646850586,0.08206083625555038,0.08214748650789261,20.1278230099997,29.79502379808129,522,2,17,0,8,,0,64,-6.928978443145752,4.885298252105713,-1.803744912147522,OUTBOUND,-9.772367477416992,-0.09279834378436598,0.007840000092983246
1,58,0.90625,1.1245975494384766,15.11581802368164,updated,1.1014416217803955,-0.17373986542224884,3.6897919178009033,1.4830067157745361,1.4854302406311035,20.151832173985895,29.782938955200564,523,2,18,0,6,,1,63,-6.927958011627197,4.803746700286865,-2.133432626724243,OUTBOUND,-9.812663078308105,-0.08254936908210987,0.007840000092983246
1,58,0.90625,0.7734645009040833,15.154659271240234,updated,1.1017693281173706,-0.17587043344974518,9.386795997619629,0.05096319317817688,0.04865502938628197,20.174520311993547,29.77083935921178,524,2,19,0,6,,0,64,-6.929219722747803,4.820229530334473,-1.8423629999160767,OUTBOUND,-9.8156156539917,-0.1044152277091446,0.007840000092983246
0,56,0.875,0.9411510229110718,15.216702461242676,updated,1.1020971536636353,-0.18052463233470917,6.908167839050293,1.897007703781128,1.8937095403671265,20.29031034000218,29.758675512242956,525,2,20,1,8,WATCHDOG_DEADLINE,2,62,-6.927958011627197,4.86266565322876,-1.5971405506134033,OUTBOUND,-9.8419189453125,-0.09731484868400962,0.007840000092983246
1,54,0.84375,0.6527220606803894,15.245576858520508,updated,1.1024253368377686,-0.18267522752285004,6.248563289642334,1.877079725265503,1.877955675125122,20.316680002986686,29.74659119183894,526,2,21,0,10,,2,62,-6.927958011627197,4.879086971282959,-1.7259881496429443,OUTBOUND,-9.85423469543457,-0.1028661844533053,0.007840000092983246
1,57,0.890625,1.255533218383789,15.238248825073242,updated,1.1027538776397705,-0.18396569788455963,5.937779903411865,1.5780261754989624,1.5753283500671387,20.339434554975014,29.734500246334644,527,2,22,0,7,,1,63,-6.928586006164551,4.886584758758545,-1.7295191287994385,OUTBOUND,-9.856582641601562,-0.1214798766598395,0.007840000092983246
1,53,0.828125,1.2084450721740723,15.326287269592285,updated,1.103083610534668,-0.18872962892055511,7.61465311050415,0.09982345998287201,0.09973333775997162,20.361234785988927,29.722397185141755,528,2,23,0,11,,0,64,-6.928346633911133,4.9295430183410645,-1.7663401365280151,OUTBOUND,-9.883858680725098,-0.10871167047501645,0.007840000092983246
1,60,0.9375,0.6779165267944336,15.26281452178955,updated,1.1034133434295654,-0.18354909121990204,2.5996077060699463,1.6040797233581543,1.6014000177383423,20.39103048297693,29.71032386577523,529,2,24,0,4,,1,63,-6.9284234046936035,4.870859622955322,-1.8396376371383667,OUTBOUND,-9.881985664367676,-0.09057739450384504,0.007840000092983246
1,53,0.828125,0.7964121699333191,15.247215270996094,updated,1.1037425994873047,-0.18126247823238373,5.6962127685546875,1.533416509628296,1.5363633632659912,20.417036835977342,29.698261944191604,530,2,25,0,11,,1,63,-6.928774356842041,4.8419413566589355,-2.032358169555664,OUTBOUND,-9.896225929260254,-0.08378177048759625,0.007840000092983246
1,57,0.890625,1.4926244020462036,15.348742485046387,updated,1.1040724515914917,-0.18727099895477295,14.256583213806152,0.08468089252710342,0.08583099395036697,20.43992909399094,29.686172566645208,531,2,26,0,7,,0,64,-6.929182529449463,4.89724588394165,-1.4779895544052124,OUTBOUND,-9.905359268188477,-0.10902101729784358,0.007840000092983246
0,53,0.828125,0.9391024708747864,15.326451301574707,updated,1.1044023036956787,-0.1846734881401062,16.197429656982422,0.10327187180519104,0.10541334748268127,20.564139796973905,29.67403160011987,532,2,27,1,11,WATCHDOG_DEADLINE,0,64,-6.929035663604736,4.865283966064453,-1.538081169128418,OUTBOUND,-9.913630485534668,-0.09689997650458286,0.007840000092983246
1,54,0.84375,1.3354427814483643,15.48704719543457,updated,1.1047331094741821,-0.19153308868408203,12.677310943603516,0.09118163585662842,0.09312934428453445,20.586394338984974,29.66192214243524,533,2,28,0,10,,0,64,-6.927958011627197,4.928750038146973,-1.7393386363983154,OUTBOUND,-9.981619834899902,-0.04593413724526186,0.007840000092983246
1,58,0.90625,0.6369606852531433,15.505815505981445,updated,1.1050642728805542,-0.18853096663951874,9.280122756958008,0.06816460192203522,0.06896164268255234,20.60836579199531,29.649825257123283,534,2,29,0,6,,0,64,-6.927958011627197,4.892809867858887,-1.5976874828338623,OUTBOUND,-10.041171073913574,-0.026748278550031198,0.007840000092983246
1,59,0.921875,1.2923542261123657,15.525588035583496,updated,1.1053950786590576,-0.18513888120651245,1.184515357017517,0.47728344798088074,0.4732908606529236,20.63755323397345,29.637728381977507,535,2,30,0,5,,1,63,-6.927958011627197,4.853176593780518,-1.8703263998031616,OUTBOUND,-10.093521118164062,-0.011565493396282467,0.007840000092983246
1,59,0.921875,1.5006155967712402,15.570176124572754,updated,1.105725646018982,-0.18517982959747314,2.8609683513641357,0.08001277595758438,0.08299273252487183,20.659943439997733,29.625657298077957,536,2,31,0,5,,0,64,-6.928480625152588,4.848049163818359,-1.4766017198562622,OUTBOUND,-10.15121841430664,0.009546058262008916,0.007840000092983246
1,55,0.859375,0.8493260145187378,15.651158332824707,updated,1.1060562133789062,-0.18879438936710358,0.7957586646080017,0.07642342895269394,0.07610663771629333,20.777755315997638,29.613587855778178,537,2,32,0,9,,0,64,-6.928853988647461,4.8785176277160645,-1.740530014038086,OUTBOUND,-10.199487686157227,0.0029144850542232132,0.007840000092983246
1,51,0.796875,1.0854086875915527,15.73475456237793,updated,1.1063878536224365,-0.19443511962890625,6.408289432525635,0.5163590312004089,0.5126609802246094,20.80386801698478,29.60156902922388,538,2,33,0,13,,1,63,-6.927958011627197,4.928905963897705,-1.501975417137146,OUTBOUND,-10.238757133483887,-0.014310775146062157,0.007840000092983246
1,56,0.875,0.37867289781570435,15.741203308105469,updated,1.106719732284546,-0.19120946526527405,1.2453746795654297,0.03801063820719719,0.038923393934965134,20.82664160398417,29.58951349854069,539,2,34,0,8,,0,64,-6.927958011627197,4.8912811279296875,-1.8196805715560913,OUTBOUND,-10.298846244812012,-0.04583404375426162,0.007840000092983246
1,57,0.890625,0.8527032732963562,15.755217552185059,updated,1.1070518493652344,-0.1912655085325241,7.56428861618042,0.09763824194669724,0.09785544872283936,20.84887376698316,29.577436864404252,540,2,35,0,7,,0,64,-6.928465843200684,4.8862385749816895,-1.9583818912506104,OUTBOUND,-10.320781707763672,-0.08931335436470011,0.007840000092983246
1,57,0.890625,0.7151446342468262,15.747876167297363,updated,1.1073843240737915,-0.19291375577449799,10.29356575012207,1.6198514699935913,1.6233124732971191,20.87956045399187,29.565323307145555,541,2,36,0,7,,1,63,-6.927958011627197,4.896880626678467,-1.944581151008606,OUTBOUND,-10.31942081451416,-0.1117786116875128,0.007840000092983246
0,57,0.890625,0.9720154404640198,15.744658470153809,updated,1.1077167987823486,-0.1910714954137802,0.8117192387580872,0.08450111001729965,0.08409568667411804,21.011732054990716,29.55313028495116,542,2,37,1,7,WATCHDOG_DEADLINE,0,64,-6.928575038909912,4.873234748840332,-2.008269786834717,OUTBOUND,-10.349658966064453,-0.08948425937843996,0.007840000092983246
1,56,0.875,0.5203999280929565,15.76269817352295,updated,1.1080493927001953,-0.19342592358589172,0.15462565422058105,0.05025631561875343,0.0494525209069252,21.035096717998385,29.5410052318674,543,2,38,0,8,,0,64,-6.929183483123779,4.890754222869873,-1.7731894254684448,OUTBOUND,-10.340140342712402,-0.06392831617849618,0.007840000092983246
1,51,0.796875,1.2507588863372803,15.760309219360352,updated,1.1083824634552002,-0.1947748363018036,10.002523422241211,1.640218734741211,1.645218849182129,21.05993839399889,29.52885605478891,544,2,39,0,13,,1,63,-6.929008483886719,4.898367881774902,-2.2009615898132324,OUTBOUND,-10.343646049499512,-0.05502315665948395,0.007840000092983246
1,59,0.921875,0.598747730255127,15.769923210144043,updated,1.1087160110473633,-0.19699795544147491,2.394113540649414,0.06851942092180252,0.07049679756164551,21.0860606879869,29.516687562439607,545,2,40,0,5,,0,64,-6.927958011627197,4.9144287109375,-1.8217123746871948,OUTBOUND,-10.331514358520508,-0.0368281061409281,0.007840000092983246
1,60,0.9375,0.7747799158096313,15.71414852142334,updated,1.1090493202209473,-0.19192472100257874,9.063750267028809,0.08045516908168793,0.08023124933242798,21.109984597977018,29.50449536354821,546,2,41,0,4,,0,64,-6.927957534790039,4.8596882820129395,-1.499271273612976,OUTBOUND,-10.319472312927246,-0.04339320168962353,0.007840000092983246
1,55,0.859375,0.6024883389472961,15.773832321166992,updated,1.1093825101852417,-0.19450613856315613,3.8569979667663574,0.06922779977321625,0.06744270771741867,21.130237309000222,29.49230577499126,547,2,42,0,9,,0,64,-6.9284844398498535,4.8792290687561035,-1.7014762163162231,OUTBOUND,-10.343764305114746,-0.052172852866775046,0.007840000092983246
1,56,0.875,0.8703591823577881,15.787992477416992,updated,1.1097157001495361,-0.19444869458675385,5.171755313873291,0.11767463386058807,0.11600783467292786,21.152499125979375,29.480084713984684,548,2,43,0,8,,0,64,-6.928525447845459,4.873237609863281,-2.0865235328674316,OUTBOUND,-10.363993644714355,-0.06951978585546587,0.007840000092983246
0,59,0.921875,0.6658299565315247,15.804729461669922,updated,1.1100492477416992,-0.19790275394916534,5.029026508331299,0.04259519279003143,0.0421881340444088,21.27318709300016,29.467889776168406,549,2,44,1,5,WATCHDOG_DEADLINE,0,64,-6.927958011627197,4.901013374328613,-1.8864630460739136,OUTBOUND,-10.354536056518555,-0.08468844276379327,0.007832086645066738
1,56,0.875,0.7954931259155273,15.811460494995117,updated,1.1103827953338623,-0.19690310955047607,10.528383255004883,2.0978660583496094,2.0934195518493652,21.299662992998492,29.45568656236781,550,2,45,0,8,,2,62,-6.928162574768066,4.8859663009643555,-1.8902963399887085,OUTBOUND,-10.370590209960938,-0.10939247821972659,0.007840000092983246
1,60,0.9375,0.9785348773002625,15.837435722351074,updated,1.1107171773910522,-0.20062284171581268,4.41269063949585,1.6946183443069458,1.6986981630325317,21.322051045979606,29.443493583541855,551,2,46,0,4,,1,63,-6.927977085113525,4.916079044342041,-1.781665325164795,OUTBOUND,-10.378484725952148,-0.1614741001836797,0.007840000092983246
1,59,0.921875,0.5772138833999634,15.765204429626465,updated,1.1110509634017944,-0.1947566419839859,2.5194592475891113,2.0860390663146973,2.0831942558288574,21.345878294989234,29.431284742420818,552,2,47,0,5,,2,62,-6.927977561950684,4.854721546173096,-2.0756068229675293,OUTBOUND,-10.380050659179688,-0.19350787590309243,0.007840000092983246
1,58,0.90625,1.1129978895187378,15.788337707519531,updated,1.111384630203247,-0.19732235372066498,6.253017425537109,0.4543035328388214,0.4518793523311615,21.370625117997406,29.419076641799535,553,2,48,0,6,,1,63,-6.928506374359131,4.873793125152588,-1.6041061878204346,OUTBOUND,-10.382792472839355,-0.21042072987805674,0.007840000092983246
1,59,0.921875,0.692248523235321,15.7770357131958,updated,1.111717700958252,-0.19410556554794312,3.8181991577148438,0.8798326253890991,0.8727505207061768,21.49912462098291,29.406890465454495,554,2,49,0,5,,2,62,-6.927958011627197,4.838004112243652,-1.5253419876098633,OUTBOUND,-10.388185501098633,-0.219806493686683,0.007840000092983246
1,57,0.890625,0.6822324991226196,15.839561462402344,updated,1.1120508909225464,-0.19936326146125793,4.618716716766357,1.674486517906189,1.6797044277191162,21.52760991299874,29.394681579068205,555,2,50,0,7,,1,63,-6.927958011627197,4.882449626922607,-1.9293965101242065,OUTBOUND,-10.404556274414062,-0.24405383687069104,0.007840000092983246
1,60,0.9375,0.5269544720649719,15.859028816223145,updated,1.1123839616775513,-0.19812819361686707,16.188690185546875,0.09646110236644745,0.0990019217133522,21.55130287798238,29.38242165013879,556,2,51,0,4,,0,64,-6.927957534790039,4.865508556365967,-1.5948430299758911,OUTBOUND,-10.421560287475586,-0.23747222571853485,0.007840000092983246
1,57,0.890625,0.722632884979248,15.96645736694336,updated,1.1127179861068726,-0.20533360540866852,0.8469082117080688,0.9061563014984131,0.8995038866996765,21.575330209976528,29.370226885540216,557,2,52,0,7,,2,62,-6.928465843200684,4.927916526794434,-2.002671718597412,OUTBOUND,-10.448027610778809,-0.2326757009772085,0.007840000092983246
1,55,0.859375,1.17974853515625,15.952943801879883,updated,1.1130520105361938,-0.2001485526561737,12.611954689025879,0.09047486633062363,0.09218281507492065,21.601450287998887,29.35798862765133,558,2,53,0,9,,0,64,-6.929114818572998,4.873950958251953,-1.5983506441116333,OUTBOUND,-10.482802391052246,-0.22993973041277938,0.007840000092983246
0,58,0.90625,0.8977806568145752,16.003585815429688,updated,1.1133856773376465,-0.19957147538661957,9.332474708557129,0.0857902467250824,0.08657152205705643,21.732770672999322,29.345750925042893,559,2,54,1,6,WATCHDOG_DEADLINE,0,64,-6.927958011627197,4.863311767578125,-1.7481884956359863,OUTBOUND,-10.533440589904785,-0.19003040709452962,0.007840000092983246
1,56,0.875,1.1004364490509033,16.03751564025879,updated,1.113718867301941,-0.19770373404026031,8.529481887817383,0.07802747189998627,0.08040653169155121,21.762507776991697,29.333542138237778,560,2,55,0,8,,0,64,-6.9284749031066895,4.840721130371094,-1.739876389503479,OUTBOUND,-10.592408180236816,-0.15320256285083525,0.007840000092983246
1,59,0.921875,0.8541528582572937,16.110565185546875,updated,1.1140518188476562,-0.1998981237411499,3.3647401332855225,0.10403218120336533,0.10362067818641663,21.78798114298843,29.321401565127655,561,2,56,0,5,,0,64,-6.927958011627197,4.855982303619385,-1.5293718576431274,OUTBOUND,-10.643585205078125,-0.12046986666959761,0.007840000092983246
1,62,0.96875,0.5607483386993408,16.230722427368164,updated,1.1143851280212402,-0.20493249595165253,2.9362995624542236,0.05558598041534424,0.05535120517015457,21.811045894981362,29.309283468540624,562,2,57,0,2,,0,64,-6.9280924797058105,4.897459506988525,-1.90571129322052,OUTBOUND,-10.721633911132812,-0.09982910156792375,0.007840000092983246
1,58,0.90625,0.7221447229385376,16.208520889282227,updated,1.1147183179855347,-0.2005847692489624,12.045034408569336,1.7738733291625977,1.7807124853134155,21.838836265000282,29.297158100937104,563,2,58,0,6,,1,63,-6.927958011627197,4.852072715759277,-1.497139811515808,OUTBOUND,-10.759571075439453,-0.09964176000263211,0.007840000092983246
1,57,0.890625,0.45059123635292053,16.273387908935547,updated,1.1150516271591187,-0.20460668206214905,3.0050790309906006,0.46715936064720154,0.46313679218292236,21.86697351897601,29.285037209829767,564,2,59,0,7,,1,63,-6.928158760070801,4.884009838104248,-1.7929023504257202,OUTBOUND,-10.794142723083496,-0.12643920338357237,0.007840000092983246
1,56,0.875,0.8736022114753723,16.277238845825195,updated,1.1153850555419922,-0.20384572446346283,18.79922103881836,2.2000272274017334,2.1985740661621094,21.897159468993777,29.272898309386377,565,2,60,0,8,,2,62,-6.928436279296875,4.871849536895752,-1.640507459640503,OUTBOUND,-10.84604263305664,-0.12386215314399657,0.007840000092983246
0,56,0.875,0.4592837393283844,16.279253005981445,updated,1.1157188415527344,-0.20650610327720642,1.697245478630066,0.08720196783542633,0.08678776025772095,22.01571643599891,29.26072088032249,566,2,61,1,8,WATCHDOG_DEADLINE,0,64,-6.927958011627197,4.891086578369141,-1.8095834255218506,OUTBOUND,-10.824982643127441,-0.09943593574411644,0.007840000092983246
1,59,0.921875,1.0593454837799072,16.268552780151367,updated,1.1160529851913452,-0.2069411724805832,2.068397283554077,0.4831782281398773,0.47601318359375,22.04221340100048,29.248511626743937,567,2,62,0,5,,1,63,-6.927958011627197,4.889892578125,-1.8262444734573364,OUTBOUND,-10.824788093566895,-0.06321657416762903,0.007840000092983246
1,54,0.84375,0.4791516661643982,16.293542861938477,updated,1.1163873672485352,-0.20726913213729858,2.2410874366760254,0.5054261684417725,0.50313800573349,22.06736955998349,29.236323136877402,568,2,63,0,10,,1,63,-6.928112983703613,4.887725830078125,-1.6739685535430908,OUTBOUND,-10.830753326416016,-0.038188258849822,0.007840000092983246
1,61,0.953125,0.5221659541130066,16.28907012939453,updated,1.1167219877243042,-0.20752090215682983,11.196815490722656,0.07510417699813843,0.07545235008001328,22.093157375988085,29.224157147034816,569,2,64,0,3,,0,64,-6.927958011627197,4.884875774383545,-1.906645655632019,OUTBOUND,-10.82257080078125,-0.07875072995762436,0.007840000092983246
1,53,0.828125,0.8040988445281982,16.30529022216797,updated,1.1170563697814941,-0.20554961264133453,9.38782024383545,0.08476080000400543,0.08518124371767044,22.11519757498172,29.2120198991359,570,2,65,0,11,,0,64,-6.928382873535156,4.861902713775635,-1.767350435256958,OUTBOUND,-10.843843460083008,-0.12316735981187402,0.007840000092983246
1,59,0.921875,0.697622537612915,16.404146194458008,updated,1.1173914670944214,-0.21152646839618683,8.521520614624023,0.07178181409835815,0.07191664725542068,22.235791045997757,29.199875828281755,571,2,66,0,5,,0,64,-6.928152084350586,4.910859107971191,-1.872721552848816,OUTBOUND,-10.883367538452148,-0.14119279453328246,0.007840000092983246
1,57,0.890625,0.5736688375473022,16.34256935119629,updated,1.1177258491516113,-0.2034740149974823,2.7267847061157227,0.1284724771976471,0.13061398267745972,22.259082092001336,29.187729970304403,572,2,67,0,7,,0,64,-6.927978515625,4.833148956298828,-1.6951829195022583,OUTBOUND,-10.889631271362305,-0.15581149951590634,0.007840000092983246
1,58,0.90625,0.8717767000198364,16.458206176757812,updated,1.118060827255249,-0.21165485680103302,9.040789604187012,0.08318930119276047,0.08260130882263184,22.284273867990123,29.175582802518395,573,2,68,0,6,,0,64,-6.929037570953369,4.901726722717285,-1.9037359952926636,OUTBOUND,-10.935746192932129,-0.15306974094570863,0.007840000092983246
1,56,0.875,0.9625619053840637,16.46406364440918,updated,1.1183953285217285,-0.20696118474006653,2.8809306621551514,0.06944122165441513,0.06876744329929352,22.306878089992097,29.16346993173292,574,2,69,0,8,,0,64,-6.928325653076172,4.8545613288879395,-1.8976114988327026,OUTBOUND,-10.997343063354492,-0.13992982044893934,0.007840000092983246
1,55,0.859375,0.7716460227966309,16.492307662963867,updated,1.118729829788208,-0.2087370753288269,2.3929028511047363,0.46676191687583923,0.46032702922821045,22.33111264699255,29.151357635990834,575,2,70,0,9,,1,63,-6.9279584884643555,4.865472793579102,-1.820761799812317,OUTBOUND,-11.015751838684082,-0.1388300097928589,0.007840000092983246
0,59,0.921875,0.7541067600250244,16.59898567199707,updated,1.1190654039382935,-0.216129332780838,12.00992202758789,1.8930504322052002,1.8965330123901367,22.454649526975118,29.139185583284704,576,2,71,1,5,WATCHDOG_DEADLINE,1,63,-6.928326606750488,4.926388263702393,-1.907958745956421,OUTBOUND,-11.067638397216797,-0.14029623591116183,0.007840000092983246
1,59,0.921875,0.913308322429657,16.505184173583984,updated,1.1194010972976685,-0.2127193808555603,12.76858139038086,1.8640180826187134,1.8671094179153442,22.4768043999793,29.127057190763697,577,2,72,0,5,,1,63,-6.927958011627197,4.890942096710205,-1.934308409690857,OUTBOUND,-11.035746574401855,-0.10568725054747197,0.007840000092983246
1,57,0.890625,0.4045896530151367,16.537763595581055,updated,1.1197370290756226,-0.21244657039642334,3.3251912593841553,0.05484304949641228,0.0539388433098793,22.50391974998638,29.114929338782993,578,2,73,0,7,,0,64,-6.927958011627197,4.883493900299072,-1.9226269721984863,OUTBOUND,-11.07192325592041,-0.10780916938874528,0.007840000092983246
1,55,0.859375,0.8919328451156616,16.554555892944336,updated,1.1200734376907349,-0.21474799513816833,5.428739547729492,0.8906715512275696,0.8820255398750305,22.523703895974904,29.102803881677847,579,2,74,0,9,,2,62,-6.928110122680664,4.898846626281738,-2.2200140953063965,OUTBOUND,-11.078500747680664,-0.15497217144297512,0.007840000092983246
1,57,0.890625,0.9110946655273438,16.5727481842041,updated,1.120410680770874,-0.21901270747184753,5.080360412597656,1.8505233526229858,1.8545029163360596,22.548714159987867,29.09065588967145,580,2,75,0,7,,1,63,-6.9283528327941895,4.931427001953125,-1.9137998819351196,OUTBOUND,-11.058319091796875,-0.13971170986896778,0.007840000092983246
1,59,0.921875,0.4076518416404724,16.572887420654297,updated,1.1207484006881714,-0.21786263585090637,7.729690074920654,0.06180903688073158,0.06077730655670166,22.5759648589883,29.078532085075715,581,2,76,0,5,,0,64,-6.9285454750061035,4.916198253631592,-1.8268778324127197,OUTBOUND,-11.063948631286621,-0.12369220126695202,0.007840000092983246
1,58,0.90625,0.5664716958999634,16.49342155456543,updated,1.1210856437683105,-0.21112245321273804,7.389533519744873,0.47533440589904785,0.4718989431858063,22.59979396799463,29.066386067611695,582,2,77,0,6,,1,63,-6.928333282470703,4.852004528045654,-1.8773411512374878,OUTBOUND,-11.046844482421875,-0.12795062462072626,0.007840000092983246
0,58,0.90625,0.6678786873817444,16.59476089477539,updated,1.1214231252670288,-0.21631254255771637,13.952277183532715,0.08271849900484085,0.08340330421924591,22.71926855199854,29.05420359407846,583,2,78,1,6,WATCHDOG_DEADLINE,0,64,-6.927958011627197,4.892538070678711,-1.9754019975662231,OUTBOUND,-11.067057609558105,-0.12703105993099592,0.007840000092983246
1,61,0.953125,0.46108749508857727,16.596948623657227,updated,1.1217602491378784,-0.2132522463798523,11.386372566223145,0.0781184509396553,0.0781489759683609,22.746898022975074,29.0419960825925,584,2,79,0,3,,0,64,-6.928326606750488,4.860862731933594,-1.9509220123291016,OUTBOUND,-11.098125457763672,-0.11638972850363366,0.007840000092983246
1,56,0.875,1.053223729133606,16.62870216369629,updated,1.1220970153808594,-0.21442703902721405,6.041782855987549,0.49674925208091736,0.48954537510871887,22.767986961000133,29.029805820752387,585,2,80,0,8,,1,63,-6.928435802459717,4.866220951080322,-1.9342517852783203,OUTBOUND,-11.113481521606445,-0.0958544459791981,0.007840000092983246
1,59,0.921875,0.5198072791099548,16.649839401245117,updated,1.1224333047866821,-0.21223288774490356,11.244243621826172,0.06295479089021683,0.06420762836933136,22.78944851399865,29.017619627479718,586,2,81,0,5,,0,64,-6.927958011627197,4.842310428619385,-2.0962178707122803,OUTBOUND,-11.160221099853516,-0.07490951716294515,0.007840000092983246
1,59,0.921875,1.008286714553833,16.789857864379883,updated,1.1227701902389526,-0.2205173224210739,3.7879574298858643,0.055550675839185715,0.05451542139053345,22.80961993697565,29.00542536076525,587,2,82,0,5,,0,64,-6.927958011627197,4.9092583656311035,-1.9064664840698242,OUTBOUND,-11.236507415771484,-0.06831209971492629,0.007840000092983246
1,58,0.90625,0.8046663403511047,16.864194869995117,updated,1.1231077909469604,-0.22188279032707214,4.797245025634766,0.06878875195980072,0.06777523458003998,22.94295978397713,28.993272413593726,588,2,83,0,6,,0,64,-6.928172588348389,4.916101932525635,-1.7834925651550293,OUTBOUND,-11.289457321166992,-0.09779663977954739,0.007840000092983246
1,53,0.828125,0.8744817972183228,16.843812942504883,updated,1.1234451532363892,-0.217219278216362,21.81048011779785,2.79531192779541,2.793822765350342,22.97341869099182,28.98112142885522,589,2,84,0,11,,3,61,-6.927958011627197,4.870973587036133,-1.7516438961029053,OUTBOUND,-11.342331886291504,-0.1238780204247525,0.007840000092983246
1,57,0.890625,0.9828993082046509,16.839900970458984,updated,1.1237820386886597,-0.21490426361560822,0.6708785891532898,0.1981862634420395,0.19687287509441376,22.999100469984114,28.968946304237562,590,2,85,0,7,,0,64,-6.928104877471924,4.846256256103516,-1.9047034978866577,OUTBOUND,-11.363693237304688,-0.13013841002013035,0.007840000092983246
1,59,0.921875,0.7057471871376038,16.881744384765625,updated,1.1241190433502197,-0.219481959939003,6.405596733093262,0.4835720956325531,0.4772717356681824,23.02550325897755,28.956801056481705,591,2,86,0,5,,1,63,-6.928307056427002,4.880739212036133,-1.8123302459716797,OUTBOUND,-11.381213188171387,-0.14414757851677584,0.007840000092983246
1,60,0.9375,0.8247244358062744,16.909500122070312,updated,1.1244566440582275,-0.22389204800128937,4.939481735229492,0.5233704447746277,0.5159717798233032,23.047890316986013,28.944643894457666,592,2,87,0,4,,1,63,-6.927957534790039,4.913613319396973,-2.0966365337371826,OUTBOUND,-11.387351989746094,-0.17349551152871368,0.007840000092983246
0,57,0.890625,0.5144532322883606,16.903942108154297,updated,1.1247947216033936,-0.22310881316661835,1.7777796983718872,0.4589889347553253,0.4544474482536316,23.165661222999915,28.932436048648157,593,2,88,1,7,WATCHDOG_DEADLINE,1,63,-6.927958011627197,4.902036666870117,-1.759058952331543,OUTBOUND,-11.398252487182617,-0.2094307437222147,0.007840000092983246
1,57,0.890625,0.5241797566413879,16.899267196655273,updated,1.1251330375671387,-0.22303076088428497,13.24933910369873,2.4173150062561035,2.412693738937378,23.18896671300172,28.92021138234024,594,2,89,0,7,,2,62,-6.927958011627197,4.896511077880859,-1.8710592985153198,OUTBOUND,-11.422297477722168,-0.2240058529078083,0.007840000092983246
1,56,0.875,0.7579501867294312,16.91598129272461,updated,1.1254724264144897,-0.2283480018377304,9.082307815551758,0.060163289308547974,0.05951990559697151,23.21192670398159,28.908019616561177,595,2,90,0,8,,0,64,-6.927958011627197,4.936771869659424,-1.8441232442855835,OUTBOUND,-11.367936134338379,-0.2376308521087058,0.007840000092983246
1,60,0.9375,0.7357150316238403,16.83564567565918,updated,1.1258108615875244,-0.2170654982328415,5.943216323852539,0.4725944697856903,0.46874094009399414,23.234087713994086,28.895842184052796,596,2,91,0,4,,1,63,-6.928734302520752,4.836380481719971,-1.6234573125839233,OUTBOUND,-11.382787704467773,-0.2576572026635428,0.0077789826318621635
1,54,0.84375,1.2351518869400024,16.904088973999023,updated,1.1261494159698486,-0.22292472422122955,12.327104568481445,0.06577466428279877,0.06651216745376587,23.25806863498292,28.883628646880766,597,2,92,0,10,,0,64,-6.927976608276367,4.88116455078125,-1.5853184461593628,OUTBOUND,-11.394807815551758,-0.2769423603410333,0.0076480163261294365
1,60,0.9375,0.5768366456031799,16.9250431060791,updated,1.1264877319335938,-0.2220943123102188,7.611180305480957,0.08801918476819992,0.0860787108540535,23.28483538297587,28.87143272403754,598,2,93,0,4,,0,64,-6.9288153648376465,4.869414806365967,-1.675431489944458,OUTBOUND,-11.41515827178955,-0.28484097712327666,0.007715652231127024
1,53,0.828125,0.9942653775215149,16.955074310302734,updated,1.1268256902694702,-0.2213323712348938,12.416919708251953,0.06873475015163422,0.06923484802246094,23.309448653977597,28.859210383538514,599,2,94,0,11,,0,64,-6.928661823272705,4.858303070068359,-2.190549850463867,OUTBOUND,-11.427384376525879,-0.2728225735174117,0.007840000092983246
0,58,0.90625,0.7848701477050781,16.916484832763672,updated,1.1271620988845825,-0.2132817655801773,12.535758972167969,0.06691015511751175,0.06738930940628052,23.429385327995988,28.847005736777596,600,2,95,1,6,WATCHDOG_DEADLINE,0,64,-6.928173065185547,4.786211013793945,-2.109551191329956,OUTBOUND,-11.47323226928711,-0.29973801828317137,0.007560000289231539
1,54,0.84375,0.8514721393585205,17.122758865356445,updated,1.1274988651275635,-0.2262478917837143,13.89873218536377,2.397317886352539,2.4004592895507812,23.44918492998113,28.834758499705604,601,2,96,0,10,,2,62,-6.928457736968994,4.890076637268066,-2.0036678314208984,OUTBOUND,-11.5620698928833,-0.32178051400589874,0.007702123839408159
1,56,0.875,0.8100253343582153,17.108562469482422,updated,1.127835988998413,-0.22565412521362305,7.036122798919678,0.8764959573745728,0.8674533367156982,23.474555087974295,28.822527523363163,602,2,97,0,8,,2,62,-6.928107261657715,4.880423069000244,-1.839623212814331,OUTBOUND,-11.58897590637207,-0.28238933627903795,0.007840000092983246
1,52,0.8125,1.0259512662887573,17.178524017333984,updated,1.128174066543579,-0.23224350810050964,2.6122584342956543,0.4618069529533386,0.45619896054267883,23.496425904973876,28.810352708534804,603,2,98,0,12,,1,63,-6.928585529327393,4.930524826049805,-1.8238131999969482,OUTBOUND,-11.595019340515137,-0.24663033180615868,0.007840000092983246
1,58,0.90625,0.7674117088317871,17.132266998291016,updated,1.1285117864608765,-0.2230691760778427,6.309090614318848,0.05142735689878464,0.050810977816581726,23.516970904980553,28.798181509353526,604,2,99,0,6,,0,64,-6.928860187530518,4.849654197692871,-1.7344179153442383,OUTBOUND,-11.639472007751465,-0.22748750183450006,0.007840000092983246
1,59,0.921875,0.8748160600662231,17.2152156829834,updated,1.128849983215332,-0.2295646071434021,1.4796963930130005,0.48212650418281555,0.4766511619091034,23.649158228974557,28.786016746837152,605,2,100,0,5,,1,63,-6.927977561950684,4.898801803588867,-1.6077373027801514,OUTBOUND,-11.663991928100586,-0.20928995008122905,0.007840000092983246
1,62,0.96875,0.5993559956550598,17.177846908569336,updated,1.1291879415512085,-0.22538594901561737,9.124032020568848,0.052371472120285034,0.0503082200884819,23.67462018999504,28.773847834093345,606,2,101,0,2,,0,64,-6.928390026092529,4.8596296310424805,-1.6630395650863647,OUTBOUND,-11.660813331604004,-0.18032147234029244,0.007840000092983246
1,56,0.875,0.8032984733581543,17.237443923950195,updated,1.1295255422592163,-0.22492758929729462,7.841384410858154,0.07142375409603119,0.07026815414428711,23.699396237992914,28.761703012524723,607,2,102,0,8,,0,64,-6.927958011627197,4.85127592086792,-1.508355736732483,OUTBOUND,-11.714509963989258,-0.14853320394519237,0.007840000092983246
1,53,0.828125,0.5635033249855042,17.287899017333984,updated,1.1298632621765137,-0.22904075682163239,17.50935173034668,2.491468906402588,2.4950530529022217,23.72287358698668,28.749535383665457,608,2,103,0,11,,2,62,-6.929117679595947,4.880502223968506,-1.5618212223052979,OUTBOUND,-11.75804328918457,-0.17104718263651472,0.007840000092983246
1,61,0.953125,0.9642229676246643,17.287874221801758,updated,1.1302011013031006,-0.22828111052513123,9.342290878295898,2.0580332279205322,2.0659749507904053,23.74378322198754,28.737340752207114,609,2,104,0,3,,1,63,-6.928094863891602,4.869675159454346,-1.7315047979354858,OUTBOUND,-11.788642883300781,-0.1592836394125068,0.007840000092983246
0,60,0.9375,1.3385579586029053,17.309062957763672,updated,1.130539059638977,-0.22937460243701935,4.892791748046875,0.05381995439529419,0.05385833606123924,23.869946168997558,28.725148478901737,610,2,105,1,4,WATCHDOG_DEADLINE,0,64,-6.92890739440918,4.87404203414917,-2.170987606048584,OUTBOUND,-11.792667388916016,-0.15516987481022013,0.007840000092983246
1,58,0.90625,1.1026146411895752,17.29595184326172,updated,1.1308774948120117,-0.2326515167951584,0.8788473606109619,0.8976925611495972,0.8868167400360107,23.908421063999413,28.712956868835324,611,2,106,0,6,,2,62,-6.927958011627197,4.89618444442749,-1.6627177000045776,OUTBOUND,-11.759581565856934,-0.1822540836933043,0.007840000092983246
1,53,0.828125,0.7345390915870667,17.274045944213867,updated,1.1312159299850464,-0.2309950590133667,17.956241607666016,2.9260072708129883,2.9190642833709717,23.942209337983513,28.700796636386656,612,2,107,0,11,,3,61,-6.927958011627197,4.8781023025512695,-1.766676664352417,OUTBOUND,-11.763705253601074,-0.15354527899403625,0.007840000092983246
1,56,0.875,0.7838560342788696,17.270639419555664,updated,1.1315546035766602,-0.23117169737815857,6.587118625640869,0.5887234210968018,0.585891604423523,23.966199081973173,28.688637144273205,613,2,108,0,8,,1,63,-6.928274631500244,4.87497615814209,-1.756900429725647,OUTBOUND,-11.757492065429688,-0.13228471943436493,0.007840000092983246
1,57,0.890625,0.8926027417182922,17.27025604248047,updated,1.1318933963775635,-0.23295579850673676,15.55146598815918,0.08759091049432755,0.08887728303670883,23.98619499799679,28.67644825159167,614,2,109,0,7,,0,64,-6.928448677062988,4.884871482849121,-1.5191025733947754,OUTBOUND,-11.736695289611816,-0.14603492854700112,0.007840000092983246
1,56,0.875,1.4571070671081543,17.326087951660156,updated,1.132232904434204,-0.23628495633602142,13.457721710205078,0.07545872777700424,0.07677100598812103,24.008791765983915,28.66423916174751,615,2,110,0,8,,0,64,-6.928746700286865,4.907188415527344,-1.8998795747756958,OUTBOUND,-11.760269165039062,-0.1366201336841448,0.007840000092983246
1,60,0.9375,0.9807196259498596,17.402191162109375,updated,1.1325724124908447,-0.23357057571411133,12.258540153503418,0.05979451909661293,0.05993809551000595,24.03076583199436,28.65206236938309,616,2,111,0,4,,0,64,-6.928116321563721,4.880726337432861,-1.7102795839309692,OUTBOUND,-11.828926086425781,-0.09992223800816429,0.007840000092983246
0,59,0.921875,1.3395508527755737,17.448713302612305,updated,1.1329126358032227,-0.2380768358707428,2.5632383823394775,2.1073203086853027,2.1153388023376465,24.155521087988745,28.63986519163797,617,2,112,1,5,WATCHDOG_DEADLINE,1,63,-6.927958011627197,4.912394046783447,-2.1034200191497803,OUTBOUND,-11.838823318481445,-0.12687858991038278,0.007840000092983246
1,59,0.921875,0.37416872382164,17.48518180847168,updated,1.1332532167434692,-0.23630227148532867,10.593138694763184,0.06396099925041199,0.06421801447868347,24.182678491983097,28.627689129062937,618,2,113,0,5,,0,64,-6.927958011627197,4.893571376800537,-1.9047517776489258,OUTBOUND,-11.888341903686523,-0.16791050110316844,0.007840000092983246
1,55,0.859375,0.947608232498169,17.526248931884766,updated,1.1335939168930054,-0.23696386814117432,4.355936050415039,0.7131203413009644,0.7063601613044739,24.207434349984396,28.615491507494013,619,2,114,0,9,,1,63,-6.9279584884643555,4.894310474395752,-1.6933839321136475,OUTBOUND,-11.934703826904297,-0.17334399799805025,0.007840000092983246
1,59,0.921875,0.738817036151886,17.545063018798828,updated,1.1339349746704102,-0.23733709752559662,2.241288185119629,0.46711164712905884,0.46127089858055115,24.228589519974776,28.603286724824372,620,2,115,0,5,,1,63,-6.928258895874023,4.892744541168213,-1.5670905113220215,OUTBOUND,-11.954096794128418,-0.19168798074498924,0.007840000092983246
1,57,0.890625,0.6213246583938599,17.6367244720459,updated,1.134276032447815,-0.2366413027048111,4.89448881149292,0.08119003474712372,0.07987497746944427,24.252444122976158,28.591072711291027,621,2,116,0,7,,0,64,-6.9284281730651855,4.8826799392700195,-1.7547917366027832,OUTBOUND,-12.04287052154541,-0.18692954658956032,0.007840000092983246
1,54,0.84375,0.4251653552055359,17.610502243041992,updated,1.1346168518066406,-0.23530592024326324,8.605031967163086,2.2049310207366943,2.2108819484710693,24.368395832978422,28.578848245705103,622,2,117,0,10,,1,63,-6.928436279296875,4.867588043212891,-1.7313532829284668,OUTBOUND,-12.060566902160645,-0.15569868222451894,0.007840000092983246
1,56,0.875,0.5631844401359558,17.688940048217773,updated,1.1349576711654663,-0.23797300457954407,2.791131019592285,0.04793110862374306,0.04773649200797081,24.388704989978578,28.566666167080445,623,2,118,0,8,,0,64,-6.929309844970703,4.884263515472412,-1.6669028997421265,OUTBOUND,-12.123560905456543,-0.11206099709000017,0.007840000092983246
1,56,0.875,0.44209519028663635,17.692628860473633,updated,1.135298490524292,-0.23718377947807312,5.720549583435059,0.05961807072162628,0.05815863236784935,24.41581241399399,28.55451017897116,624,2,119,0,8,,0,64,-6.928768157958984,4.8735575675964355,-1.5981589555740356,OUTBOUND,-12.123527526855469,-0.06897224674680967,0.007840000092983246
1,55,0.859375,0.44081711769104004,17.762788772583008,updated,1.1356397867202759,-0.24075035750865936,5.023356914520264,0.04862290993332863,0.04887780919671059,24.440874355001142,28.542343342883743,625,2,120,0,9,,0,64,-6.928508758544922,4.897230625152588,-1.723097562789917,OUTBOUND,-12.16539478302002,-0.06627016789068754,0.007840000092983246
1,55,0.859375,0.5305103659629822,17.7218074798584,updated,1.1359801292419434,-0.23345144093036652,13.450668334960938,2.6604182720184326,2.6633501052856445,24.46489442998427,28.530143232796366,626,2,121,0,9,,2,62,-6.928184986114502,4.8353657722473145,-1.8126051425933838,OUTBOUND,-12.200822830200195,-0.06158877181334762,0.007840000092983246
0,54,0.84375,0.7615046501159668,17.7646541595459,updated,1.1363208293914795,-0.2412898987531662,5.107040882110596,0.07471150159835815,0.07444128394126892,24.593732341978466,28.51789471372475,627,2,122,1,10,WATCHDOG_DEADLINE,0,64,-6.928399085998535,4.892531871795654,-1.6939934492111206,OUTBOUND,-12.194589614868164,-0.09151285751611674,0.007840000092983246
1,51,0.796875,0.7743746638298035,17.797006607055664,updated,1.1366621255874634,-0.24278759956359863,8.3255033493042,2.277423620223999,2.2799837589263916,24.62487965298351,28.50569193294032,628,2,123,0,13,,1,63,-6.927958011627197,4.899809837341309,-1.5899841785430908,OUTBOUND,-12.230843544006348,-0.1493178363628237,0.007840000092983246
1,60,0.9375,0.5222917795181274,17.769697189331055,updated,1.1370030641555786,-0.23923510313034058,6.060220718383789,0.8986866474151611,0.8843561410903931,24.654899340996053,28.493506389126505,629,2,124,0,4,,2,62,-6.928510665893555,4.867624282836914,-1.753987193107605,OUTBOUND,-12.234729766845703,-0.1379294181588302,0.007840000092983246
1,57,0.890625,0.6035476922988892,17.775226593017578,updated,1.1373438835144043,-0.23866908252239227,5.989344596862793,0.07622447609901428,0.07788542658090591,24.683650597988162,28.481325882961464,630,2,125,0,7,,0,64,-6.929168224334717,4.858852386474609,-1.6308765411376953,OUTBOUND,-12.249638557434082,-0.12675570103754766,0.007840000092983246
1,56,0.875,0.642697274684906,17.81482696533203,updated,1.1376845836639404,-0.24110020697116852,8.002315521240234,0.07202006131410599,0.07334880530834198,24.708454006991815,28.46913017767209,631,2,126,0,8,,0,64,-6.928325653076172,4.873415470123291,-1.8826045989990234,OUTBOUND,-12.25949764251709,-0.13223125661730617,0.007840000092983246
1,59,0.921875,0.9195756316184998,17.806888580322266,updated,1.1380255222320557,-0.24344559013843536,3.962900161743164,0.1107197254896164,0.110775887966156,24.73218686398468,28.456961554064037,632,2,127,0,5,,0,64,-6.928110122680664,4.887247085571289,-1.7322819232940674,OUTBOUND,-12.232477188110352,-0.13714872374296436,0.007840000092983246
1,56,0.875,0.9195512533187866,17.80343246459961,updated,1.1383655071258545,-0.23431900143623352,9.962639808654785,0.0841483324766159,0.08366438746452332,24.75785675298539,28.444756144840934,633,2,128,0,8,,0,64,-6.92860746383667,4.81228494644165,-1.7925760746002197,OUTBOUND,-12.299275398254395,-0.14409503304669963,0.007840000092983246
0,56,0.875,0.7799906730651855,17.8912410736084,updated,1.1387051343917847,-0.23976044356822968,2.9234814643859863,0.5012798309326172,0.49419406056404114,24.87953722398379,28.432470412372844,634,2,129,1,8,WATCHDOG_DEADLINE,1,63,-6.927958011627197,4.85009765625,-1.6466007232666016,OUTBOUND,-12.321878433227539,-0.18450857482524566,0.007840000092983246
1,54,0.84375,0.6398647427558899,17.84143829345703,updated,1.1390436887741089,-0.23455125093460083,15.14877986907959,2.733764410018921,2.732717752456665,24.907768826000392,28.4202323844548,635,2,130,0,10,,2,62,-6.929012775421143,4.805744171142578,-1.6722265481948853,OUTBOUND,-12.345945358276367,-0.246172659249999,0.007840000092983246
1,58,0.90625,1.0727654695510864,17.97887420654297,updated,1.139383316040039,-0.25003284215927124,2.8155267238616943,0.06303302198648453,0.063147634267807,24.932810440979665,28.40796963019085,636,2,131,0,6,,0,64,-6.928365707397461,4.920536994934082,-1.9114255905151367,OUTBOUND,-12.360398292541504,-0.26625095481302136,0.007840000092983246
1,57,0.890625,1.1036741733551025,17.94306755065918,updated,1.1397234201431274,-0.246074378490448,9.9176607131958,0.09008996188640594,0.08808067440986633,24.957717319979565,28.39568815758606,637,2,132,0,7,,0,64,-6.9287543296813965,4.885811805725098,-1.6558278799057007,OUTBOUND,-12.340559959411621,-0.2461610788742141,0.007840000092983246
1,59,0.921875,0.8069602847099304,17.995927810668945,updated,1.1400643587112427,-0.24989207088947296,12.397903442382812,2.390415668487549,2.397372245788574,24.983355053991545,28.383415847396957,638,2,133,0,5,,1,63,-6.927958011627197,4.910699367523193,-1.9690324068069458,OUTBOUND,-12.38668155670166,-0.2464753489936447,0.007840000092983246
1,57,0.890625,0.38156628608703613,17.987770080566406,updated,1.1404057741165161,-0.24915452301502228,6.0526275634765625,2.3426215648651123,2.34751033782959,25.10454715800006,28.37115515212051,639,2,134,0,7,,1,63,-6.928256511688232,4.900713920593262,-1.88419771194458,OUTBOUND,-12.394909858703613,-0.24957611838145333,0.007840000092983246
1,57,0.890625,1.1621887683868408,18.003475189208984,updated,1.1407476663589478,-0.24915318191051483,2.126049280166626,0.5623489022254944,0.5552669763565063,25.12494757998502,28.358906704469863,640,2,135,0,7,,1,63,-6.928860187530518,4.896371841430664,-1.9910845756530762,OUTBOUND,-12.411022186279297,-0.22988714216652234,0.007840000092983246
1,52,0.8125,0.7752180695533752,17.979228973388672,updated,1.1410894393920898,-0.24634529650211334,8.836421966552734,0.14576803147792816,0.14678579568862915,25.149399934976827,28.346690989285882,641,2,136,0,12,,0,64,-6.928127765655518,4.870732307434082,-2.1663668155670166,OUTBOUND,-12.434549331665039,-0.24439739541994662,0.007840000092983246
1,55,0.859375,0.5875731110572815,18.004728317260742,updated,1.141431212425232,-0.24682565033435822,16.87820053100586,0.1189764067530632,0.1186455637216568,25.17823928198777,28.334497609188688,642,2,137,0,9,,0,64,-6.929030418395996,4.870124816894531,-1.791986346244812,OUTBOUND,-12.40445613861084,-0.24722196883662087,0.007840000092983246
1,56,0.875,1.2252013683319092,18.155454635620117,updated,1.1417741775512695,-0.25648826360702515,12.899813652038574,0.15211622416973114,0.15334731340408325,25.205292327998905,28.322281521296503,643,2,138,0,8,,0,64,-6.92860746383667,4.938936710357666,-2.165395736694336,OUTBOUND,-12.439047813415527,-0.25246758266649494,0.007840000092983246
0,59,0.921875,0.6999887228012085,18.141183853149414,updated,1.1421170234680176,-0.24815116822719574,11.093367576599121,0.12566980719566345,0.12671461701393127,25.3248789649806,28.310049084834166,644,2,139,1,5,WATCHDOG_DEADLINE,0,64,-6.927958011627197,4.871661186218262,-1.83010733127594,OUTBOUND,-12.505946159362793,-0.29890143472957514,0.007825655862689018
1,56,0.875,0.4868655204772949,18.149168014526367,updated,1.1424589157104492,-0.24243022501468658,9.857081413269043,2.371039867401123,2.3802292346954346,25.350558692996856,28.297867142351464,645,2,140,0,8,,1,63,-6.928677558898926,4.824380397796631,-1.891010046005249,OUTBOUND,-12.602234840393066,-0.33391020023338547,0.007710669655352831
1,55,0.859375,1.0479450225830078,18.2839412689209,updated,1.1428011655807495,-0.251348078250885,9.401036262512207,0.08959522843360901,0.08890369534492493,25.37332306697499,28.28562418924014,646,2,141,0,9,,0,64,-6.928332328796387,4.887239933013916,-2.2296881675720215,OUTBOUND,-12.63038158416748,-0.30547352866345484,0.007840000092983246
1,56,0.875,0.9378417730331421,18.329648971557617,updated,1.143143892288208,-0.253402978181839,4.59639310836792,0.05487620830535889,0.05349879711866379,25.396773415995995,28.273407669821168,647,2,142,0,8,,0,64,-6.927978992462158,4.898399829864502,-1.9566854238510132,OUTBOUND,-12.660563468933105,-0.2563290021179111,0.007840000092983246
1,60,0.9375,0.5395123362541199,18.33989906311035,updated,1.1434860229492188,-0.24715963006019592,1.519576072692871,0.05700886622071266,0.05667281150817871,25.423937475978164,28.261245483698016,648,2,143,0,4,,0,64,-6.92840051651001,4.847477912902832,-1.8425443172454834,OUTBOUND,-12.743906021118164,-0.22138466020791003,0.007840000092983246
1,59,0.921875,0.7050428986549377,18.472944259643555,updated,1.143829107284546,-0.2578561305999756,8.144277572631836,0.49527817964553833,0.4868282079696655,25.452014257985866,28.249081486305176,649,2,144,0,5,,1,63,-6.9286065101623535,4.923129558563232,-2.050964832305908,OUTBOUND,-12.805623054504395,-0.21718725101713737,0.007840000092983246
1,58,0.90625,0.8183168768882751,18.472631454467773,updated,1.1441730260849,-0.2576853632926941,11.905845642089844,0.5105763673782349,0.5044510364532471,25.47605131898308,28.23693744655933,650,2,145,0,6,,1,63,-6.927958011627197,4.917564868927002,-2.1810097694396973,OUTBOUND,-12.818443298339844,-0.2339723653742191,0.007840000092983246
0,56,0.875,0.7698914408683777,18.438955307006836,updated,1.1445165872573853,-0.251030832529068,3.4014363288879395,0.48318302631378174,0.4769706428050995,25.612677990982775,28.224768517560733,651,2,146,1,8,WATCHDOG_DEADLINE,1,63,-6.928183555603027,4.8638763427734375,-1.8557182550430298,OUTBOUND,-12.859796524047852,-0.23712448893080681,0.007840000092983246
1,57,0.890625,0.5040347576141357,18.499122619628906,updated,1.144861102104187,-0.2596234679222107,1.03639554977417,0.049859777092933655,0.049963951110839844,25.63424287797534,28.212616828764393,652,2,147,0,7,,0,64,-6.928393363952637,4.9233880043029785,-1.9500325918197632,OUTBOUND,-12.843632698059082,-0.2404215385511757,0.007840000092983246
1,56,0.875,0.7631586194038391,18.460798263549805,updated,1.1452057361602783,-0.25629180669784546,1.0482600927352905,0.04456697776913643,0.04438400641083717,25.659722384996712,28.20044879907534,653,2,148,0,8,,0,64,-6.928847312927246,4.894482612609863,-1.8057657480239868,OUTBOUND,-12.856748580932617,-0.21831656742617325,0.007840000092983246
1,56,0.875,0.7956952452659607,18.426172256469727,updated,1.1455501317977905,-0.2533367872238159,10.529813766479492,2.4584977626800537,2.466322898864746,25.687778194987914,28.188305961030323,654,2,149,0,8,,1,63,-6.927958011627197,4.8684821128845215,-1.7923424243927002,OUTBOUND,-12.839664459228516,-0.1785733214644286,0.007840000092983246
1,59,0.921875,0.7321791648864746,18.409521102905273,updated,1.1458944082260132,-0.2542478144168854,6.3725080490112305,0.0744648203253746,0.07542872428894043,25.709160493977834,28.176174724705806,655,2,150,0,5,,0,64,-6.929659366607666,4.871051788330078,-1.518139123916626,OUTBOUND,-12.832701683044434,-0.13456027214877408,0.007840000092983246
1,52,0.8125,1.0742897987365723,18.419828414916992,updated,1.1462384462356567,-0.2547575831413269,0.6408110857009888,0.5116977095603943,0.5048969388008118,25.82005519597442,28.16408142947727,656,2,151,0,12,,1,63,-6.927993297576904,4.870666980743408,-1.5671747922897339,OUTBOUND,-12.85624885559082,-0.12210260882037674,0.007840000092983246
1,54,0.84375,0.8839207887649536,18.472976684570312,updated,1.1465826034545898,-0.2563552260398865,8.83492374420166,0.04399585723876953,0.04527054727077484,25.840411803976167,28.151960271453518,657,2,152,0,10,,0,64,-6.928835391998291,4.878256797790527,-1.9590082168579102,OUTBOUND,-12.863091468811035,-0.13929164378230566,0.007840000092983246
1,55,0.859375,0.693859338760376,18.510929107666016,updated,1.1469268798828125,-0.25734561681747437,3.289677143096924,0.491910845041275,0.48472774028778076,25.864615709986538,28.139819394942865,658,2,153,0,9,,1,63,-6.9281005859375,4.881375312805176,-1.6423836946487427,OUTBOUND,-12.884583473205566,-0.12847749392562907,0.007840000092983246
1,51,0.796875,0.868106484413147,18.534866333007812,updated,1.1472713947296143,-0.25964751839637756,0.5951853394508362,0.48671919107437134,0.4788912832736969,25.891301313997246,28.127678024995138,659,2,154,0,13,,1,63,-6.928671360015869,4.894047737121582,-1.8206186294555664,OUTBOUND,-12.89914608001709,-0.08691189612613137,0.007840000092983246
1,50,0.78125,1.034396767616272,18.545433044433594,updated,1.1476161479949951,-0.2600879967212677,10.124370574951172,0.07151731848716736,0.06622646003961563,25.91740623099031,28.115571962968502,660,2,155,0,14,,0,64,-6.928926467895508,4.893112659454346,-1.4756386280059814,OUTBOUND,-12.91729736328125,-0.029090659734795233,0.007840000092983246
0,57,0.890625,1.1744763851165771,18.652538299560547,updated,1.1479618549346924,-0.26546141505241394,6.900835037231445,0.043375007808208466,0.03932640701532364,26.052517080999678,28.10346622425477,661,2,156,1,7,WATCHDOG_DEADLINE,0,64,-6.928249835968018,4.92800760269165,-2.08182692527771,OUTBOUND,-12.96113395690918,-0.01524402372791988,0.007840000092983246
1,60,0.9375,0.7682644128799438,18.618602752685547,updated,1.1483073234558105,-0.2585545778274536,0.9728788733482361,0.46025583148002625,0.45192208886146545,26.083342735975748,28.091348236005054,662,2,157,0,4,,1,63,-6.92918586730957,4.873745918273926,-1.5642892122268677,OUTBOUND,-12.976314544677734,-0.051002124627231624,0.007840000092983246
1,58,0.90625,0.7803732752799988,18.67913818359375,updated,1.1486523151397705,-0.2562689781188965,8.118152618408203,0.0697246864438057,0.06420055776834488,26.1112295879866,28.079196202594698,663,2,158,0,6,,0,64,-6.928543567657471,4.853140354156494,-1.6488019227981567,OUTBOUND,-13.05742073059082,-0.0491294351870834,0.007840000092983246
1,57,0.890625,1.189385175704956,18.692543029785156,updated,1.14899742603302,-0.2610827684402466,15.562013626098633,2.9618988037109375,2.9736669063568115,26.135956635989714,28.067048247731975,664,2,159,0,7,,2,62,-6.9290361404418945,4.8838582038879395,-1.8045064210891724,OUTBOUND,-13.06719970703125,-0.05292967178238144,0.007840000092983246
1,60,0.9375,0.5815409421920776,18.73479461669922,updated,1.14934241771698,-0.2594996690750122,9.25257396697998,0.06937999278306961,0.06621985137462616,26.16713451797841,28.054884144988467,665,2,160,0,4,,0,64,-6.928893089294434,4.868385314941406,-1.7058348655700684,OUTBOUND,-13.109504699707031,-0.07042853869581803,0.007840000092983246
1,55,0.859375,1.0490803718566895,18.690650939941406,updated,1.1496860980987549,-0.25196409225463867,1.7939363718032837,0.5094347596168518,0.5018524527549744,26.194107749994146,28.042754950825618,666,2,161,0,9,,1,63,-6.929199695587158,4.810217380523682,-1.5124672651290894,OUTBOUND,-13.129680633544922,-0.04197852056091156,0.007840000092983246
1,57,0.890625,0.8416260480880737,18.82418441772461,updated,1.150030493736267,-0.2652525305747986,5.332911014556885,0.057412274181842804,0.058989785611629486,26.218485058983788,28.03062182881939,667,2,162,0,7,,0,64,-6.928267478942871,4.901602268218994,-1.6891658306121826,OUTBOUND,-13.164732933044434,-0.03147557559359493,0.007840000092983246
0,55,0.859375,0.8315467238426208,18.851905822753906,updated,1.150375485420227,-0.26719313859939575,2.527036190032959,0.14711077511310577,0.14830875396728516,26.339750087994616,28.018510699084786,668,2,163,1,9,WATCHDOG_DEADLINE,0,64,-6.929171562194824,4.911410808563232,-2.0208775997161865,OUTBOUND,-13.193169593811035,-0.05032347779307119,0.007840000092983246
1,56,0.875,0.870487630367279,18.839975357055664,updated,1.150720477104187,-0.26258665323257446,4.744433403015137,0.4847046434879303,0.4764077067375183,26.369213198981015,28.00638560502491,669,2,164,0,8,,1,63,-6.928243160247803,4.8744354248046875,-1.5317411422729492,OUTBOUND,-13.22232437133789,-0.0582171106027882,0.007840000092983246
1,61,0.953125,0.8868510127067566,18.885339736938477,updated,1.1510661840438843,-0.268289715051651,5.061954498291016,0.08215028047561646,0.08351526409387589,26.391881507996004,27.994289485335727,670,2,165,0,3,,0,64,-6.929121971130371,4.911054611206055,-2.05671763420105,OUTBOUND,-13.218814849853516,-0.0600937415539245,0.007840000092983246
1,57,0.890625,0.32182684540748596,18.837583541870117,updated,1.1514122486114502,-0.2671794295310974,28.66404151916504,5.19649600982666,5.202203750610352,26.42003306298284,27.98220458402954,671,2,166,0,7,,2,62,-6.928393363952637,4.899083137512207,-1.8004440069198608,OUTBOUND,-13.220444679260254,-0.07444168356201843,0.007840000092983246
1,55,0.859375,0.9293102025985718,18.80272102355957,updated,1.1517583131790161,-0.26493871212005615,2.9215519428253174,0.1849980503320694,0.18682266771793365,26.445623628998874,27.97013664269648,672,2,167,0,9,,0,64,-6.928699970245361,4.879141330718994,-1.8680163621902466,OUTBOUND,-13.211750030517578,-0.07830665713586968,0.007840000092983246
1,60,0.9375,0.486762672662735,18.796424865722656,updated,1.1521042585372925,-0.26495304703712463,1.6474486589431763,2.613614082336426,2.623814582824707,26.56392562200199,27.95807436628196,673,2,168,0,4,,1,63,-6.9289069175720215,4.875246524810791,-1.8836636543273926,OUTBOUND,-13.193523406982422,-0.08272810789655288,0.007840000092983246
1,61,0.953125,0.8927702307701111,18.751575469970703,updated,1.152449607849121,-0.26077139377593994,17.629135131835938,0.10162994265556335,0.10330146551132202,26.58997858199291,27.945964943713882,674,2,169,0,3,,0,64,-6.928802967071533,4.84173583984375,-1.953024983406067,OUTBOUND,-13.156394004821777,-0.06976914584362284,0.007840000092983246
1,56,0.875,1.0140049457550049,18.817142486572266,updated,1.1527942419052124,-0.26080581545829773,16.888965606689453,0.10473224520683289,0.10505339503288269,26.615594134986168,27.933913000534325,675,2,170,0,8,,0,64,-6.927958011627197,4.838088035583496,-1.978390097618103,OUTBOUND,-13.199374198913574,-0.05219614703655182,0.007840000092983246
1,56,0.875,0.7234577536582947,18.857641220092773,updated,1.153138518333435,-0.26244136691093445,17.180740356445312,0.13484887778759003,0.1330060362815857,26.64209886698518,27.92186639051394,676,2,171,0,8,,0,64,-6.927978515625,4.845725059509277,-1.7505719661712646,OUTBOUND,-13.214231491088867,-0.04177341038833797,0.007840000092983246
1,61,0.953125,0.6713382601737976,18.934375762939453,updated,1.1534826755523682,-0.2651601731777191,3.28615665435791,2.7083775997161865,2.7122411727905273,26.66584257199429,27.909818870970316,677,2,172,0,3,,1,63,-6.927974700927734,4.86093807220459,-1.8326776027679443,OUTBOUND,-13.279248237609863,-0.050829584192424226,0.007840000092983246
0,56,0.875,0.8715654611587524,19.024383544921875,updated,1.1538270711898804,-0.2682880759239197,1.6720519065856934,0.5294273495674133,0.5223686695098877,26.79006823999225,27.897729944940764,678,2,173,1,8,WATCHDOG_DEADLINE,1,63,-6.929733753204346,4.878955364227295,-1.9219142198562622,OUTBOUND,-13.341352462768555,-0.07176208160642461,0.007840000092983246
1,59,0.921875,1.0349345207214355,19.037765502929688,updated,1.1541718244552612,-0.26903700828552246,6.511594772338867,2.655863046646118,2.6703708171844482,26.813499205978587,27.885672039388407,679,2,174,0,5,,1,63,-6.928228855133057,4.880268573760986,-2.324859142303467,OUTBOUND,-13.385082244873047,-0.0659266583751549,0.007840000092983246
1,60,0.9375,0.6667497158050537,19.116512298583984,updated,1.1545170545578003,-0.2721753716468811,10.71759033203125,0.08628494292497635,0.08226378262042999,26.837082499987446,27.8735974877586,680,2,175,0,4,,0,64,-6.928699970245361,4.898239612579346,-1.6727184057235718,OUTBOUND,-13.414917945861816,-0.08676044781726044,0.007840000092983246
1,59,0.921875,0.7525815963745117,19.144285202026367,updated,1.1548629999160767,-0.2748022675514221,20.34235954284668,3.1122944355010986,3.1221120357513428,26.860428781976225,27.86149576276814,681,2,176,0,5,,2,62,-6.928581237792969,4.912571430206299,-1.6724132299423218,OUTBOUND,-13.465662956237793,-0.1043506080970948,0.007840000092983246
1,55,0.859375,0.7477084994316101,19.088647842407227,updated,1.1552091836929321,-0.27094602584838867,9.332907676696777,0.06480064243078232,0.06303752213716507,26.884300824982347,27.84936968524049,682,2,177,0,9,,0,64,-6.9284844398498535,4.881807804107666,-1.907512903213501,OUTBOUND,-13.446425437927246,-0.08467949360287161,0.007840000092983246
1,58,0.90625,0.8280563950538635,19.224199295043945,updated,1.1555564403533936,-0.27909594774246216,8.341050148010254,0.06778176128864288,0.06798546016216278,26.910520574980183,27.83726729575069,683,2,178,0,6,,0,64,-6.928640842437744,4.934385776519775,-1.8201359510421753,OUTBOUND,-13.489235877990723,-0.09519276837866252,0.007840000092983246
1,57,0.890625,0.328431636095047,19.247289657592773,updated,1.1559042930603027,-0.27576225996017456,1.9017056226730347,0.050850749015808105,0.05203419551253319,26.938879975990858,27.825129780577733,684,2,179,0,7,,0,64,-6.928596019744873,4.907306671142578,-1.771663784980774,OUTBOUND,-13.53983211517334,-0.10174118184990504,0.007840000092983246
0,57,0.890625,0.9126169085502625,19.261144638061523,updated,1.1562525033950806,-0.27673912048339844,0.4422096908092499,0.5221460461616516,0.5141096711158752,27.054253625974525,27.813037965231292,685,2,180,1,7,WATCHDOG_DEADLINE,1,63,-6.927958011627197,4.9100871086120605,-1.7532256841659546,OUTBOUND,-13.553668975830078,-0.06860473972506433,0.007840000092983246
1,61,0.953125,0.7314993143081665,19.28429412841797,updated,1.156601071357727,-0.2750432789325714,6.013052463531494,0.07900967448949814,0.07818420231342316,27.078632656979607,27.800939202841086,686,2,181,0,3,,0,64,-6.928691387176514,4.894443511962891,-1.6924175024032593,OUTBOUND,-13.583483695983887,-0.08288049022722327,0.007840000092983246
1,52,0.8125,0.6614339351654053,19.321134567260742,updated,1.1569498777389526,-0.27739396691322327,15.998621940612793,2.8448078632354736,2.8445332050323486,27.104035017982824,27.78880346409837,687,2,182,0,12,,1,63,-6.9283905029296875,4.906676769256592,-1.7697956562042236,OUTBOUND,-13.61838150024414,-0.11573590960933813,0.007840000092983246
1,54,0.84375,1.0135241746902466,19.318361282348633,updated,1.1572996377944946,-0.2816292941570282,15.858644485473633,3.195403575897217,3.198140859603882,27.12850713598891,27.7766707135104,688,2,183,0,10,,2,62,-6.928740501403809,4.931783676147461,-2.04386830329895,OUTBOUND,-13.61013412475586,-0.10615770926164603,0.007840000092983246
1,53,0.828125,1.1390516757965088,19.249608993530273,updated,1.1576491594314575,-0.2752712070941925,11.22843074798584,0.05790887400507927,0.05819135531783104,27.152716076991055,27.764561335933255,689,2,184,0,11,,0,64,-6.928346633911133,4.884265899658203,-1.5972856283187866,OUTBOUND,-13.617450714111328,-0.09672587699533297,0.007840000092983246
1,57,0.890625,0.7547211050987244,19.363950729370117,updated,1.1579996347427368,-0.28383857011795044,13.917916297912598,0.0749179869890213,0.07645481079816818,27.27602653199574,27.75244766226801,690,2,185,0,7,,0,64,-6.92809534072876,4.938901901245117,-1.8650554418563843,OUTBOUND,-13.645177841186523,-0.11856617743012472,0.007840000092983246
1,56,0.875,0.7599774599075317,19.29831886291504,updated,1.1583495140075684,-0.27269384264945984,4.432805061340332,0.1204228550195694,0.11942779272794724,27.300289508973947,27.7402962502881,691,2,186,0,8,,0,64,-6.9282546043396,4.8589277267456055,-1.4625922441482544,OUTBOUND,-13.63156509399414,-0.14296170045319745,0.007840000092983246
1,58,0.90625,0.991295576095581,19.350341796875,updated,1.1586993932724,-0.2777033746242523,7.831384181976318,2.769251823425293,2.7824547290802,27.324946964974515,27.72816671237444,692,2,187,0,6,,1,63,-6.928774833679199,4.889187335968018,-1.645530343055725,OUTBOUND,-13.69217300415039,-0.1240163894519611,0.007840000092983246
1,58,0.90625,0.9393545985221863,19.353439331054688,updated,1.1590492725372314,-0.2777267396450043,7.194448947906494,0.9433597326278687,0.9314786791801453,27.349584579991642,27.716062752082305,693,2,188,0,6,,2,62,-6.9280924797058105,4.885472774505615,-2.1220855712890625,OUTBOUND,-13.697182655334473,-0.11735908457028067,0.007840000092983246
0,53,0.828125,0.6830162405967712,19.357458114624023,updated,1.1593990325927734,-0.27827635407447815,5.925258636474609,0.5344767570495605,0.5376332402229309,27.365007616986986,27.703898946176768,694,2,189,1,11,NO_GENERATOR_SET,1,63,-6.928503513336182,4.885340213775635,-1.9466497898101807,OUTBOUND,-13.68630599975586,-0.10065862994986148,0.007840000092983246
0,52,0.8125,0.9484272599220276,19.382728576660156,updated,1.1597474813461304,-0.268760085105896,14.854262351989746,0.11274036765098572,0.109832763671875,27.381490977975773,27.69179851531722,695,2,190,1,12,INSUFFICIENT_RECOVERY_RESERVE,0,64,-6.928774833679199,4.817152976989746,-2.113943576812744,OUTBOUND,-13.740827560424805,-0.036208663933809025,0.007840000092983246
0,53,0.828125,1.4062976837158203,19.45920181274414,updated,1.1600960493087769,-0.27897942066192627,5.47667121887207,0.4883895516395569,0.4933834671974182,27.49711011798354,27.679725280575077,696,2,191,1,11,NO_GENERATOR_SET,1,63,-6.929103851318359,4.88242244720459,-1.7355424165725708,OUTBOUND,-13.727697372436523,0.012831361108673072,0.007840000092983246
1,51,0.796875,0.6607357859611511,19.56264877319336,updated,1.1604453325271606,-0.28485608100891113,11.348581314086914,0.05917855724692345,0.05775199830532074,27.519897281978047,27.667634569194693,697,2,192,0,13,,0,64,-6.928111553192139,4.918186664581299,-1.7475885152816772,OUTBOUND,-13.783894538879395,0.05619126670013889,0.007840000092983246
1,59,0.921875,0.6785348653793335,19.6180419921875,updated,1.1607950925827026,-0.28396159410476685,7.842452049255371,0.0642448291182518,0.05970478802919388,27.545207233983092,27.655546879289393,698,2,193,0,5,,0,64,-6.927978038787842,4.908295154571533,-1.7181262969970703,OUTBOUND,-13.86418342590332,0.09723295586395114,0.007840000092983246
1,57,0.890625,0.8660083413124084,19.63123321533203,updated,1.1611450910568237,-0.2840856909751892,9.494175910949707,2.8468618392944336,2.8592681884765625,27.570347626984585,27.64343637619574,699,2,194,0,7,,1,63,-6.927958011627197,4.905270099639893,-1.5807812213897705,OUTBOUND,-13.888867378234863,0.11215372954862007,0.007840000092983246
1,58,0.90625,0.6887795925140381,19.63833999633789,updated,1.1614952087402344,-0.28143155574798584,7.160629749298096,0.08692394196987152,0.08753911405801773,27.59358656697441,27.631304041250637,700,2,195,0,6,,0,64,-6.9280924797058105,4.883660793304443,-1.8516653776168823,OUTBOUND,-13.915107727050781,0.0921067959694213,0.007840000092983246
1,54,0.84375,0.7160022258758545,19.68240737915039,updated,1.161845326423645,-0.2832057774066925,6.070251941680908,0.501278281211853,0.5057332515716553,27.616005433985265,27.61918537363617,701,2,196,0,10,,1,63,-6.928454399108887,4.891719341278076,-2.057461738586426,FAILURE,-13.963955879211426,0.06308634475981016,0.007840000092983246
1,56,0.875,0.7437617182731628,19.673433303833008,updated,1.1621942520141602,-0.2722990810871124,4.872584819793701,0.5054014325141907,0.49845755100250244,27.645322682976257,29.987990690945118,702,3,1,0,8,,1,63,-6.9283928871154785,4.815211296081543,-1.650950312614441,OUTBOUND,-14.035877227783203,0.006634828890212857,0.007840000092983246
0,56,0.875,0.9889140725135803,19.656497955322266,updated,1.1625416278839111,-0.2691299617290497,1.2968229055404663,0.05635122209787369,0.054600246250629425,27.75779136197525,29.97593013992827,703,3,2,1,8,WATCHDOG_DEADLINE,0,64,-6.9284749031066895,4.790501117706299,-1.91067636013031,OUTBOUND,-14.066429138183594,0.01840738053935396,0.007840000092983246
1,59,0.921875,0.6213634610176086,19.751991271972656,updated,1.1628892421722412,-0.2837134301662445,1.6090872287750244,0.13599331676959991,0.13914811611175537,27.788688244996592,29.96386488384837,704,3,3,0,5,,0,64,-6.928228855133057,4.8837785720825195,-1.720876932144165,OUTBOUND,-14.064105987548828,0.027171377143163485,0.007840000092983246
1,55,0.859375,1.1400049924850464,19.741498947143555,updated,1.163236379623413,-0.2780197262763977,3.20060396194458,0.052396681159734726,0.05169636756181717,27.8151779389882,29.951816613174266,705,3,4,0,9,,0,64,-6.928133964538574,4.8423171043396,-1.5348119735717773,OUTBOUND,-14.092345237731934,0.06041015850295518,0.007840000092983246
1,60,0.9375,0.9632141590118408,19.707181930541992,updated,1.1635832786560059,-0.27974560856819153,20.60702133178711,3.4084036350250244,3.4088542461395264,27.83964281299268,29.93974089633758,706,3,5,0,4,,2,62,-6.92903995513916,4.850094318389893,-1.836402416229248,OUTBOUND,-14.084839820861816,0.08963292865220479,0.007840000092983246
1,54,0.84375,0.9587742686271667,19.803430557250977,updated,1.1639302968978882,-0.28377872705459595,9.983997344970703,0.04998800531029701,0.05093054845929146,27.862215533998096,29.927651640283784,707,3,6,0,10,,0,64,-6.927958011627197,4.873074531555176,-1.7897149324417114,OUTBOUND,-14.098889350891113,0.07889853879419417,0.007840000092983246
1,57,0.890625,0.6974034309387207,19.707910537719727,updated,1.1642767190933228,-0.27809542417526245,3.9727935791015625,0.9280771613121033,0.9365059733390808,27.980213765986264,29.915577551011644,708,3,7,0,7,,2,62,-6.928613662719727,4.831956386566162,-1.670992136001587,OUTBOUND,-14.086084365844727,0.03672335417277772,0.007840000092983246
1,54,0.84375,0.6044343113899231,19.763147354125977,updated,1.1646230220794678,-0.2822926938533783,1.1584858894348145,0.1265687793493271,0.12738877534866333,28.001341911993222,29.903524516111286,709,3,8,0,10,,0,64,-6.928466796875,4.855967044830322,-1.8337881565093994,OUTBOUND,-14.10036849975586,0.03852205013768389,0.007840000092983246
1,58,0.90625,1.0665149688720703,19.851734161376953,updated,1.1649702787399292,-0.2910163998603821,11.689011573791504,0.14145112037658691,0.14266018569469452,28.025450581975747,29.891422774629305,710,3,9,0,6,,0,64,-6.928561210632324,4.909587860107422,-2.0931506156921387,OUTBOUND,-14.098631858825684,0.033595315685195845,0.007840000092983246
1,60,0.9375,0.5327023863792419,19.790651321411133,updated,1.1653172969818115,-0.2823706269264221,5.643150806427002,0.5097201466560364,0.5006467700004578,28.049031945993192,29.879378541215534,711,3,10,0,4,,1,63,-6.928370952606201,4.849238872528076,-1.668993353843689,OUTBOUND,-14.119272232055664,0.013662478007924831,0.007840000092983246
1,59,0.921875,1.35928475856781,19.942461013793945,updated,1.1656655073165894,-0.2948523163795471,2.2377614974975586,0.5079010128974915,0.5015954971313477,28.07874779397389,29.86731548932547,712,3,11,0,5,,1,63,-6.927958011627197,4.927221775054932,-1.996114730834961,OUTBOUND,-14.144865036010742,0.02452985219795746,0.007840000092983246
0,53,0.828125,0.7334967255592346,19.81723976135254,updated,1.1660133600234985,-0.28327250480651855,31.146230697631836,6.4159321784973145,6.434686183929443,28.206104256998515,29.85523077788084,713,3,12,1,11,WATCHDOG_DEADLINE,3,61,-6.929415225982666,4.847925186157227,-1.9383615255355835,OUTBOUND,-14.183959007263184,0.012618125730549316,0.007840000092983246
1,56,0.875,0.5877058506011963,19.70870590209961,updated,1.1663607358932495,-0.2819283902645111,11.840458869934082,3.445676565170288,3.4546101093292236,28.23131650299183,29.84317705407389,714,3,13,0,8,,2,62,-6.928882598876953,4.835583686828613,-1.7219420671463013,OUTBOUND,-14.119431495666504,-0.021344373296424465,0.007840000092983246
1,59,0.921875,0.9454393982887268,19.777517318725586,updated,1.1667084693908691,-0.2904525101184845,8.133413314819336,0.9778469800949097,0.9855796098709106,28.25566223397618,29.83108921932847,715,3,14,0,5,,2,62,-6.928258895874023,4.887422561645508,-1.9323490858078003,OUTBOUND,-14.074281692504883,-0.01304147780556696,0.007840000092983246
1,56,0.875,0.8257392048835754,19.767045974731445,updated,1.1670564413070679,-0.2886449694633484,31.906997680664062,0.1834833025932312,0.19036459922790527,28.279939353989903,29.819033129136965,716,3,15,0,8,,0,64,-6.927958011627197,4.872050762176514,-1.8190540075302124,OUTBOUND,-14.051595687866211,0.006525053501545985,0.007840000092983246
1,52,0.8125,0.7619800567626953,19.88779640197754,updated,1.167405128479004,-0.29358476400375366,19.772489547729492,0.5654305815696716,0.5594737529754639,28.306459425977664,29.806950161146844,717,3,16,0,12,,1,63,-6.927958011627197,4.9004130363464355,-1.8410720825195312,OUTBOUND,-14.113619804382324,-0.02554270905963015,0.007840000092983246
1,58,0.90625,0.8335618376731873,19.979337692260742,updated,1.16775381565094,-0.2899535298347473,24.33224105834961,0.2106093317270279,0.2111341655254364,28.331757039995864,29.79484249376953,718,3,17,0,6,,0,64,-6.929394721984863,4.87328577041626,-1.7654144763946533,OUTBOUND,-14.185478210449219,-0.06428051687929658,0.007840000092983246
1,53,0.828125,1.1798206567764282,20.052371978759766,updated,1.1681034564971924,-0.2976192235946655,2.1156797409057617,3.083648204803467,3.0878939628601074,28.35996272598277,29.78269559646558,719,3,18,0,11,,1,63,-6.927980422973633,4.919107913970947,-1.6313484907150269,OUTBOUND,-14.21977424621582,-0.06915006466957144,0.007840000092983246
0,55,0.859375,0.8777262568473816,20.065326690673828,updated,1.1684532165527344,-0.2916019856929779,5.910855770111084,0.5629608631134033,0.5548432469367981,28.47212923798361,29.770525593183873,720,3,19,1,9,WATCHDOG_DEADLINE,1,63,-6.928332328796387,4.876684188842773,-1.9634828567504883,OUTBOUND,-14.287252426147461,-0.06627336163655649,0.007840000092983246
1,59,0.921875,0.5648461580276489,20.21504783630371,updated,1.1688029766082764,-0.29068320989608765,1.2311054468154907,0.5329763889312744,0.5250707864761353,28.49684163898928,29.758365715077087,721,3,20,0,5,,1,63,-6.927958011627197,4.867173671722412,-1.8336948156356812,OUTBOUND,-14.430675506591797,-0.06631121492246446,0.007840000092983246
1,53,0.828125,0.6833892464637756,20.317007064819336,updated,1.1691529750823975,-0.2950502634048462,0.9209489822387695,0.09404418617486954,0.09538507461547852,28.52383787499275,29.74620986132163,722,3,21,0,11,,0,64,-6.929224967956543,4.8915886878967285,-1.7802186012268066,OUTBOUND,-14.503637313842773,-0.06694276029031374,0.007840000092983246
1,57,0.890625,0.7383376359939575,20.34088706970215,updated,1.1695036888122559,-0.29768383502960205,9.503683090209961,0.591180682182312,0.5956469178199768,28.554051477985922,29.734025474256814,723,3,22,0,7,,1,63,-6.929153919219971,4.904816150665283,-1.7949079275131226,OUTBOUND,-14.54083251953125,-0.07317617187819722,0.007840000092983246
1,54,0.84375,0.4668686091899872,20.38123893737793,updated,1.1698545217514038,-0.2950364947319031,5.185344219207764,0.04804455488920212,0.04881459102034569,28.582905927993124,29.721802753565694,724,3,23,0,10,,0,64,-6.927958011627197,4.884260177612305,-1.8334871530532837,OUTBOUND,-14.634902000427246,-0.09159003522243075,0.007840000092983246
1,52,0.8125,0.682864248752594,20.344669342041016,updated,1.170204997062683,-0.29076358675956726,8.922932624816895,0.08907391130924225,0.08857212215662003,28.708710222999798,29.709614468866274,725,3,24,0,12,,0,64,-6.928178787231445,4.853420734405518,-1.8766944408416748,OUTBOUND,-14.664351463317871,-0.08455103150426878,0.007840000092983246
1,58,0.90625,0.47395211458206177,20.341947555541992,updated,1.170555591583252,-0.2954663038253784,27.134159088134766,3.267357110977173,3.2716875076293945,28.731873825978255,29.6974771081702,726,3,25,0,6,,1,63,-6.927958011627197,4.879807949066162,-1.6744519472122192,OUTBOUND,-14.682720184326172,-0.04423800487333728,0.007840000092983246
1,53,0.828125,0.4472668468952179,20.31186294555664,updated,1.1709054708480835,-0.2887568175792694,1.0899332761764526,0.055977750569581985,0.056194692850112915,28.758228119986597,29.68533470252916,727,3,26,0,11,,0,64,-6.929296970367432,4.833626747131348,-1.8948323726654053,OUTBOUND,-14.699840545654297,-0.059061876367817144,0.007840000092983246
1,59,0.921875,0.9661535620689392,20.229719161987305,updated,1.1712547540664673,-0.2894730865955353,2.6775436401367188,0.5102986693382263,0.5037279725074768,28.782269098999677,29.67316760695618,728,3,27,0,5,,1,63,-6.927958011627197,4.83469295501709,-1.3801493644714355,OUTBOUND,-14.592307090759277,-0.10801760678733319,0.007840000092983246
1,56,0.875,0.6016903519630432,20.33077049255371,updated,1.1716047525405884,-0.300662100315094,3.7346818447113037,0.48312416672706604,0.49231886863708496,28.804026645986596,29.661007244746735,729,3,28,0,8,,1,63,-6.927978515625,4.90201473236084,-1.8125077486038208,OUTBOUND,-14.602662086486816,-0.10547006840698568,0.007840000092983246
0,51,0.796875,0.6050290465354919,20.317602157592773,updated,1.1719558238983154,-0.3053995966911316,3.619579553604126,3.156057357788086,3.1662135124206543,28.95840041898191,29.648854334517413,730,3,29,1,13,WATCHDOG_DEADLINE,1,63,-6.929162502288818,4.928339958190918,-1.798905611038208,OUTBOUND,-14.578935623168945,-0.09636435597958068,0.007840000092983246
1,55,0.859375,0.41782450675964355,20.17290687561035,updated,1.1723066568374634,-0.2947964668273926,7.252322196960449,3.6945862770080566,3.688537120819092,28.985045369976433,29.636696179468046,731,3,30,0,9,,2,62,-6.928445339202881,4.857874870300293,-1.860325813293457,OUTBOUND,-14.526102066040039,-0.08774369240343768,0.007840000092983246
1,53,0.828125,0.762357771396637,20.18773078918457,updated,1.1726577281951904,-0.3000033497810364,16.496583938598633,0.5527138710021973,0.5480391979217529,29.007580188976135,29.624567473995015,732,3,31,0,11,,1,63,-6.928594589233398,4.887131214141846,-2.111971855163574,OUTBOUND,-14.462478637695312,-0.07785053617300158,0.007840000092983246
1,60,0.9375,0.6810043454170227,20.19239044189453,updated,1.1730083227157593,-0.2930832505226135,32.565277099609375,0.18885347247123718,0.18792061507701874,29.029299097979674,29.612469265086425,733,3,32,0,4,,0,64,-6.928224086761475,4.840134143829346,-1.7908774614334106,OUTBOUND,-14.453240394592285,-0.08412584538536232,0.007840000092983246
1,56,0.875,1.1425747871398926,20.393938064575195,updated,1.1733593940734863,-0.3032858073711395,18.83057403564453,0.5614690184593201,0.5507267117500305,29.051126095990185,29.60036507694196,734,3,33,0,8,,1,63,-6.927978515625,4.900624752044678,-2.0139732360839844,OUTBOUND,-14.539016723632812,-0.10204063835480899,0.007840000092983246
1,57,0.890625,0.6392155885696411,20.38401985168457,updated,1.1737109422683716,-0.3023335039615631,23.21321678161621,6.752121448516846,6.7866411209106445,29.07493159599835,29.588233498257985,735,3,34,0,7,,3,61,-6.928693771362305,4.891109943389893,-1.8561216592788696,OUTBOUND,-14.603743553161621,-0.12436521639240151,0.007840000092983246
1,53,0.828125,1.266076922416687,20.526355743408203,updated,1.1740633249282837,-0.3075883984565735,17.28291130065918,0.0952938124537468,0.07863838225603104,29.098369631974492,29.57608827877321,736,3,35,0,11,,0,64,-6.929638385772705,4.920381546020508,-2.1065993309020996,OUTBOUND,-14.706026077270508,-0.14889971290826803,0.007840000092983246
0,57,0.890625,0.6969912648200989,20.53841209411621,updated,1.1744149923324585,-0.2951921820640564,18.13411521911621,0.09702867269515991,0.08228179067373276,29.21941027700086,29.56388391826353,737,3,36,1,7,WATCHDOG_DEADLINE,0,64,-6.928339958190918,4.839540481567383,-1.6190640926361084,OUTBOUND,-14.764142990112305,-0.18386894546657137,0.007840000092983246
1,56,0.875,0.6660857796669006,20.61701774597168,updated,1.1747668981552124,-0.30303481221199036,4.8865485191345215,0.5311587452888489,0.5313681960105896,29.245031422993634,29.551673537574732,738,3,37,0,8,,1,63,-6.928275108337402,4.884895324707031,-1.7372190952301025,OUTBOUND,-14.796398162841797,-0.20719610350486445,0.007840000092983246
1,57,0.890625,0.8438657522201538,20.732847213745117,updated,1.1751188039779663,-0.301435649394989,5.618157863616943,0.04961966723203659,0.04580247029662132,29.267845994996605,29.539439172924183,739,3,38,0,7,,0,64,-6.9284987449646,4.871460437774658,-1.8027596473693848,OUTBOUND,-14.909618377685547,-0.21319551365108175,0.0077726771123707294
1,56,0.875,0.7125222086906433,20.823843002319336,updated,1.1754708290100098,-0.30324333906173706,2.3388986587524414,0.0711829662322998,0.07194924354553223,29.289629261998925,29.527221822869645,740,3,39,0,8,,0,64,-6.927978515625,4.879188537597656,-1.5626565217971802,OUTBOUND,-15.002820014953613,-0.19093352246533205,0.007840000092983246
1,56,0.875,0.527611494064331,20.93440055847168,updated,1.1758232116699219,-0.3054347038269043,12.698745727539062,0.5410242080688477,0.5342780351638794,29.315072005992988,29.515032924953736,741,3,40,0,8,,1,63,-6.9286112785339355,4.889261722564697,-1.6965792179107666,OUTBOUND,-15.102582931518555,-0.16877773156121967,0.007840000092983246
1,58,0.90625,0.8402017951011658,20.94291877746582,updated,1.1761759519577026,-0.30699387192726135,18.0070743560791,0.5581181049346924,0.5469694137573242,29.429912787978537,29.5028368251945,742,3,41,0,6,,1,63,-6.928313255310059,4.895392417907715,-1.5062671899795532,OUTBOUND,-15.168142318725586,-0.16241866412008213,0.00764760747551918
1,59,0.921875,0.7707607746124268,20.838937759399414,updated,1.176529049873352,-0.3069452941417694,34.761756896972656,3.871908664703369,3.864504337310791,29.45257967300131,29.490624535305848,743,3,42,0,5,,2,62,-6.928623199462891,4.891589164733887,-1.7624964714050293,OUTBOUND,-15.15812873840332,-0.17479738060723754,0.0077613601461052895
1,56,0.875,0.39327472448349,20.738651275634766,updated,1.1768819093704224,-0.3038870394229889,19.33751106262207,0.5870393514633179,0.5775460004806519,29.479313376999926,29.478402377314133,744,3,43,0,8,,1,63,-6.927958011627197,4.869284629821777,-1.9158458709716797,OUTBOUND,-15.106985092163086,-0.15400899264015477,0.007840000092983246
1,60,0.9375,0.9187321662902832,20.707963943481445,updated,1.1772353649139404,-0.30946505069732666,14.969820976257324,0.07754731923341751,0.09002801775932312,29.50110080197919,29.466225906564688,745,3,44,0,4,,0,64,-6.928354263305664,4.900091171264648,-1.7972766160964966,OUTBOUND,-14.98629379272461,-0.11078402165356134,0.007840000092983246
1,59,0.921875,0.9407130479812622,20.584196090698242,updated,1.1775879859924316,-0.29980382323265076,19.11876106262207,3.823016405105591,3.8025691509246826,29.526602856989484,29.454059336278334,746,3,45,0,5,,2,62,-6.928099632263184,4.8373847007751465,-1.850319504737854,OUTBOUND,-14.953104019165039,-0.10125259564964684,0.007840000092983246
0,61,0.953125,0.315765917301178,20.58089828491211,updated,1.1779416799545288,-0.3151964843273163,2.6481151580810547,3.7216134071350098,3.7266557216644287,29.641741873987485,29.44187298965328,747,3,46,1,3,WATCHDOG_DEADLINE,2,62,-6.927958011627197,4.9281816482543945,-1.8496549129486084,OUTBOUND,-14.856698989868164,-0.13577251051710282,0.007840000092983246
1,57,0.890625,0.6746817827224731,20.54825782775879,updated,1.178295373916626,-0.3077485263347626,36.7594108581543,0.22503449022769928,0.2389703243970871,29.6731998299947,29.429698326790408,748,3,47,0,7,,0,64,-6.928742408752441,4.879167079925537,-1.7950688600540161,OUTBOUND,-14.80202865600586,-0.16306687339483059,0.007840000092983246
1,55,0.859375,1.0610333681106567,20.612234115600586,updated,1.1786493062973022,-0.3096628785133362,37.40329360961914,0.23990318179130554,0.24069546163082123,29.698299381998368,29.417496343489216,749,3,48,0,9,,0,64,-6.9287109375,4.887396335601807,-1.6688593626022339,OUTBOUND,-14.772948265075684,-0.12628992116979748,0.007840000092983246
1,57,0.890625,0.8642112612724304,20.7485294342041,updated,1.179003357887268,-0.30931416153907776,31.92940902709961,0.22617168724536896,0.21526303887367249,29.72078204297577,29.405322933233286,750,3,49,0,7,,0,64,-6.9287428855896,4.881826400756836,-1.7859392166137695,OUTBOUND,-14.876729011535645,-0.10706461586015499,0.007840000092983246
1,53,0.828125,0.6063899993896484,20.875242233276367,updated,1.1793572902679443,-0.30841895937919617,4.966150283813477,3.4112298488616943,3.413717031478882,29.741480014985427,29.393150483192045,751,3,50,0,11,,1,63,-6.928426265716553,4.872957706451416,-1.849124550819397,OUTBOUND,-14.999876022338867,-0.09651553634609882,0.007840000092983246
1,58,0.90625,0.4731627106666565,20.95427131652832,updated,1.179710865020752,-0.30676451325416565,8.632124900817871,0.5393985509872437,0.5362858772277832,29.771857346990146,29.38100556426355,752,3,51,0,6,,1,63,-6.927958011627197,4.859521865844727,-1.7726882696151733,OUTBOUND,-15.11038875579834,-0.06470338636009944,0.007840000092983246
1,58,0.90625,0.8359032273292542,21.03623390197754,updated,1.1800639629364014,-0.3047107458114624,2.366464376449585,0.5075838565826416,0.4997830092906952,29.801143061980838,29.368862711544338,753,3,52,0,6,,1,63,-6.928345203399658,4.843721389770508,-1.603378176689148,OUTBOUND,-15.208547592163086,-0.033787555997544134,0.007840000092983246
0,56,0.875,1.2681992053985596,21.128957748413086,updated,1.180417776107788,-0.3171217739582062,26.593172073364258,3.9636940956115723,3.9817683696746826,29.92344101399067,29.35667189381866,754,3,53,1,8,WATCHDOG_DEADLINE,2,62,-6.928539752960205,4.91534948348999,-1.637939214706421,OUTBOUND,-15.292369842529297,-0.061491813756280767,0.007840000092983246
1,59,0.921875,1.2014753818511963,21.195453643798828,updated,1.1807730197906494,-0.3228950500488281,4.108044147491455,0.5238956809043884,0.5183513760566711,29.950348410988227,29.34451268483899,755,3,54,0,5,,1,63,-6.928129196166992,4.946692943572998,-2.232300043106079,OUTBOUND,-15.314739227294922,-0.08948438489918879,0.007840000092983246
1,51,0.796875,0.7149165868759155,21.21286392211914,updated,1.1811286211013794,-0.3154344856739044,2.823085069656372,0.060753170400857925,0.060471758246421814,29.97275994697702,29.332359177970623,756,3,55,0,13,,0,64,-6.929158687591553,4.898271083831787,-1.7038638591766357,OUTBOUND,-15.398412704467773,-0.07597295793872828,0.007840000092983246
1,53,0.828125,0.6612062454223633,21.177289962768555,updated,1.1814841032028198,-0.3132222592830658,4.522005081176758,0.5008174180984497,0.504938006401062,29.999349588993937,29.320161688602745,757,3,56,0,11,,1,63,-6.927958011627197,4.8815484046936035,-1.7715036869049072,OUTBOUND,-15.382523536682129,-0.08393497079569052,0.007840000092983246
1,58,0.90625,0.9656626582145691,21.2027645111084,updated,1.1818394660949707,-0.31231486797332764,19.30655288696289,1.0283901691436768,1.0155415534973145,30.02784615699784,29.308009071243728,758,3,57,0,6,,2,62,-6.927958011627197,4.8727126121521,-1.6368722915649414,OUTBOUND,-15.445097923278809,-0.08888584680455867,0.007840000092983246
1,56,0.875,0.9880881309509277,21.158849716186523,updated,1.1821945905685425,-0.31189197301864624,8.750943183898926,0.5453169941902161,0.5322989225387573,30.172424775984837,29.2959046156059,759,3,58,0,8,,1,63,-6.928097248077393,4.8668107986450195,-1.5290783643722534,OUTBOUND,-15.444607734680176,-0.09698641764472336,0.007840000092983246
1,59,0.921875,0.7650401592254639,21.178466796875,updated,1.182550311088562,-0.32025933265686035,7.081474304199219,0.9879862070083618,0.9795489311218262,30.196181531995535,29.28377269828697,760,3,59,0,5,,2,62,-6.928339004516602,4.9134521484375,-2.003157615661621,OUTBOUND,-15.415886878967285,-0.07196757422934201,0.007840000092983246
1,61,0.953125,0.6352263689041138,21.100543975830078,updated,1.182906150817871,-0.3154723644256592,16.810163497924805,0.1232602521777153,0.13369601964950562,30.221477437997237,29.27165726377636,761,3,60,0,3,,0,64,-6.929260730743408,4.881468772888184,-1.6037105321884155,OUTBOUND,-15.340654373168945,-0.06018718532248428,0.007840000092983246
1,59,0.921875,0.9294403791427612,21.206932067871094,updated,1.1832627058029175,-0.3237157464027405,18.249502182006836,0.10033037513494492,0.11103202402591705,30.246003866981482,29.25951274499036,762,3,61,0,5,,0,64,-6.92844295501709,4.927175045013428,-1.955262541770935,OUTBOUND,-15.350019454956055,-0.10302684427326783,0.007840000092983246
1,61,0.953125,0.9151303768157959,21.205669403076172,updated,1.183619499206543,-0.31837400794029236,4.836367130279541,0.5515646934509277,0.5585830211639404,30.27453949098708,29.247383862147338,763,3,62,0,3,,1,63,-6.928402423858643,4.891979217529297,-1.9518113136291504,OUTBOUND,-15.37718391418457,-0.0980918110969803,0.007840000092983246
0,55,0.859375,1.2576241493225098,21.324913024902344,updated,1.1839768886566162,-0.3233174979686737,15.113176345825195,0.20287014544010162,0.20329853892326355,30.399059055984253,29.235219070908336,764,3,63,1,9,WATCHDOG_DEADLINE,0,64,-6.928406238555908,4.9179205894470215,-1.8869707584381104,OUTBOUND,-15.445634841918945,-0.11778704451279266,0.007840000092983246
1,60,0.9375,0.6398236751556396,21.318115234375,updated,1.1843339204788208,-0.3153963088989258,12.75976848602295,0.09042255580425262,0.08708126842975616,30.428045912995003,29.22310352517097,765,3,64,0,4,,0,64,-6.9286956787109375,4.867587089538574,-1.7360919713974,OUTBOUND,-15.478873252868652,-0.16380163914502852,0.007840000092983246
1,58,0.90625,0.5203125476837158,21.390588760375977,updated,1.1846907138824463,-0.31734341382980347,4.495861053466797,0.9840250611305237,0.9693741798400879,30.455179993994534,29.210976834910213,766,3,65,0,6,,2,62,-6.928555011749268,4.875768661499023,-1.681517243385315,OUTBOUND,-15.531710624694824,-0.13721628190202637,0.007840000092983246
1,58,0.90625,0.8736271858215332,21.40558624267578,updated,1.1850475072860718,-0.31839603185653687,12.034557342529297,3.586427927017212,3.6067581176757812,30.483335994998924,29.198866454649746,767,3,66,0,6,,1,63,-6.928456783294678,4.878645420074463,-1.584143042564392,OUTBOUND,-15.603911399841309,-0.11349345712561264,0.007840000092983246
1,59,0.921875,1.2553036212921143,21.37155532836914,updated,1.1854040622711182,-0.3180861175060272,8.94518756866455,0.9651211500167847,0.978824257850647,30.511318053992,29.18674571281952,768,3,67,0,5,,2,62,-6.927977561950684,4.873487949371338,-1.5490357875823975,OUTBOUND,-15.574732780456543,-0.07918645326922781,0.007840000092983246
1,56,0.875,0.8510115742683411,21.425317764282227,updated,1.1857606172561646,-0.32032039761543274,5.816215515136719,0.08411822468042374,0.08191174268722534,30.534155217988882,29.17470174595184,769,3,68,0,8,,0,64,-6.9282546043396,4.8833112716674805,-1.6165485382080078,OUTBOUND,-15.639044761657715,-0.048445549631083926,0.007840000092983246
1,60,0.9375,0.9621274471282959,21.454792022705078,updated,1.1861168146133423,-0.3168128430843353,7.7531352043151855,3.6216697692871094,3.6349549293518066,30.559729335975135,29.162658263743754,770,3,69,0,4,,1,63,-6.928332328796387,4.859399795532227,-1.5951231718063354,OUTBOUND,-15.672697067260742,-0.06442221276923749,0.007840000092983246
0,58,0.90625,0.9041513800621033,21.452787399291992,updated,1.1864733695983887,-0.323103666305542,1.0777661800384521,0.516735851764679,0.5207364559173584,30.688252390973503,29.150565631998266,771,3,70,1,6,WATCHDOG_DEADLINE,1,63,-6.9280924797058105,4.892984390258789,-1.7929434776306152,OUTBOUND,-15.645580291748047,-0.12136326056226476,0.007840000092983246
1,51,0.796875,0.8311700820922852,21.481584548950195,updated,1.1868292093276978,-0.31499359011650085,10.187299728393555,0.1064862608909607,0.1088140681385994,30.71085963299265,29.138427368631415,772,3,71,0,13,,0,64,-6.928929328918457,4.842225551605225,-1.9580029249191284,OUTBOUND,-15.722847938537598,-0.1337907267889213,0.007840000092983246
1,54,0.84375,0.5321680307388306,21.405649185180664,updated,1.18718421459198,-0.31393563747406006,23.124650955200195,4.1287360191345215,4.1292643547058105,30.736627278995,29.126358821234916,773,3,72,0,10,,2,62,-6.927958011627197,4.832824230194092,-1.639597773551941,OUTBOUND,-15.678362846374512,-0.08734741324042676,0.007840000092983246
1,60,0.9375,1.0143604278564453,21.497987747192383,updated,1.1875406503677368,-0.3334932327270508,6.699615478515625,3.6956212520599365,3.6948060989379883,30.76906745697488,29.114276793369086,774,3,73,0,4,,1,63,-6.927957534790039,4.9436116218566895,-1.901012659072876,OUTBOUND,-15.639719009399414,-0.046035496994922674,0.007840000092983246
1,57,0.890625,0.8091031908988953,21.466793060302734,updated,1.1878974437713623,-0.32682135701179504,17.838354110717773,0.13763214647769928,0.1519239842891693,30.798745221982244,29.1022041668605,775,3,74,0,7,,0,64,-6.928900241851807,4.901401519775391,-2.142882823944092,OUTBOUND,-15.661468505859375,-0.007384671727164052,0.007840000092983246
1,58,0.90625,0.9144613742828369,21.461978912353516,updated,1.1882542371749878,-0.3225814998149872,9.819985389709473,4.594927787780762,4.592032432556152,30.924152950989082,29.090142895363282,776,3,75,0,6,,3,61,-6.927958011627197,4.873459339141846,-1.730072259902954,OUTBOUND,-15.681036949157715,0.006988339533959901,0.007840000092983246
1,57,0.890625,0.5746539831161499,21.551530838012695,updated,1.1886118650436401,-0.33201873302459717,3.0039587020874023,3.7039949893951416,3.7068448066711426,30.94898001899128,29.07810725638013,777,3,76,0,7,,1,63,-6.929173469543457,4.924911022186279,-1.9235973358154297,OUTBOUND,-15.710193634033203,-0.013255651723723004,0.007840000092983246
1,57,0.890625,0.38120347261428833,21.51200294494629,updated,1.1889697313308716,-0.3273093104362488,32.986000061035156,0.19071684777736664,0.1966729611158371,30.97965822799597,29.06605964161643,778,3,77,0,7,,0,64,-6.928549289703369,4.894303321838379,-1.8773316144943237,OUTBOUND,-15.651453971862793,-0.010491345631169463,0.007840000092983246
1,57,0.890625,0.5399891138076782,21.568384170532227,updated,1.1893284320831299,-0.332770973443985,12.425350189208984,0.5680798292160034,0.5587929487228394,31.010124708001968,29.0540166324727,779,3,78,0,7,,1,63,-6.928596019744873,4.922562599182129,-1.9426478147506714,OUTBOUND,-15.659355163574219,0.009302119066048884,0.007840000092983246
1,54,0.84375,0.490380197763443,21.650203704833984,updated,1.18968665599823,-0.3229435384273529,16.47589874267578,0.09402880817651749,0.08964380621910095,31.037809557979926,29.041968997204606,780,3,79,0,10,,0,64,-6.929214954376221,4.862540245056152,-1.7366827726364136,OUTBOUND,-15.784198760986328,-0.025746515922929942,0.007840000092983246
0,54,0.84375,0.9742854237556458,21.916305541992188,updated,1.1900469064712524,-0.34681954979896545,6.634265899658203,0.5774520635604858,0.5661160349845886,31.170899533986812,29.029886187720695,781,3,80,1,10,WATCHDOG_DEADLINE,1,63,-6.928102970123291,4.996774196624756,-2.1432108879089355,OUTBOUND,-15.858837127685547,-0.0972224420655184,0.007840000092983246
1,54,0.84375,0.5786092877388,21.77418327331543,updated,1.1904065608978271,-0.3235212564468384,14.402255058288574,4.271075248718262,4.278436183929443,31.195881116989767,29.017771427948496,782,3,81,0,10,,2,62,-6.927958011627197,4.859395503997803,-1.8132332563400269,OUTBOUND,-15.907259941101074,-0.1402631456595477,0.007840000092983246
1,54,0.84375,1.1290340423583984,21.959095001220703,updated,1.1907674074172974,-0.34017330408096313,2.1209094524383545,0.5382760763168335,0.5280073881149292,31.221770937991096,29.00565818300385,783,3,82,0,10,,1,63,-6.928417205810547,4.951711177825928,-2.2124617099761963,OUTBOUND,-15.99569320678711,-0.1340396294174139,0.007840000092983246
1,54,0.84375,0.27759966254234314,21.93004035949707,updated,1.1911276578903198,-0.3261878490447998,1.9769481420516968,0.5144277215003967,0.5177822709083557,31.248451931984164,28.99355019284091,784,3,83,0,10,,1,63,-6.928685665130615,4.868222713470459,-1.8417755365371704,OUTBOUND,-16.06203842163086,-0.1439149699326803,0.007840000092983246
1,58,0.90625,1.0561749935150146,21.95504379272461,updated,1.1914879083633423,-0.3307187259197235,8.716588973999023,0.1040748655796051,0.10339529067277908,31.281665613001678,28.98141525216857,785,3,84,0,6,,0,64,-6.928812026977539,4.890895843505859,-2.0270915031433105,OUTBOUND,-16.084598541259766,-0.15159551867448687,0.007840000092983246
1,57,0.890625,0.9050194025039673,22.007225036621094,updated,1.1918472051620483,-0.32220110297203064,0.28399062156677246,0.09310822188854218,0.09655188024044037,31.30675209299079,28.96929007343137,786,3,85,0,7,,0,64,-6.927958011627197,4.839016914367676,-1.9046138525009155,OUTBOUND,-16.15329933166504,-0.11882253079855719,0.007840000092983246
1,53,0.828125,0.46748948097229004,22.10259246826172,updated,1.192206621170044,-0.3318866491317749,10.314302444458008,0.522072970867157,0.5233739614486694,31.333366490987828,28.95719866480842,787,3,86,0,11,,1,63,-6.928346633911133,4.8910441398620605,-2.053245782852173,OUTBOUND,-16.2264404296875,-0.10601775170726846,0.007840000092983246
0,58,0.90625,0.5907962322235107,22.1618709564209,updated,1.1925668716430664,-0.33978110551834106,5.097367286682129,0.10664555430412292,0.10445608198642731,31.451073198986705,28.94507230490671,788,3,87,1,6,WATCHDOG_DEADLINE,0,64,-6.928597450256348,4.932705402374268,-1.9514631032943726,OUTBOUND,-16.263097763061523,-0.14222490786081776,0.007840000092983246
1,57,0.890625,1.115869402885437,22.103038787841797,updated,1.192927360534668,-0.33456721901893616,1.1348350048065186,0.06803032010793686,0.07111544907093048,31.474468058993807,28.932937180846793,789,3,88,0,7,,0,64,-6.928370475769043,4.899783611297607,-2.057898759841919,OUTBOUND,-16.24566650390625,-0.18095847274124574,0.007840000092983246
1,54,0.84375,0.68871009349823,22.046133041381836,updated,1.1932871341705322,-0.32712921500205994,5.843750476837158,0.13763533532619476,0.13343489170074463,31.499979818996508,28.920780182781602,790,3,89,0,10,,0,64,-6.928287029266357,4.854366779327393,-1.958180546760559,OUTBOUND,-16.265419006347656,-0.19643708402375468,0.007840000092983246
1,57,0.890625,0.9826207160949707,22.10545539855957,updated,1.193647027015686,-0.33420515060424805,7.391147136688232,0.5754027366638184,0.5634078979492188,31.529690886993194,28.908639573747266,791,3,90,0,7,,1,63,-6.927958011627197,4.891243934631348,-1.9890691041946411,OUTBOUND,-16.27652931213379,-0.18287386771506006,0.007840000092983246
1,58,0.90625,0.46460142731666565,22.117048263549805,updated,1.1940068006515503,-0.33276838064193726,2.564451217651367,0.10441457480192184,0.10521294176578522,31.558140308974544,28.896504590105287,792,3,91,0,6,,0,64,-6.929004192352295,4.8799052238464355,-2.0072004795074463,OUTBOUND,-16.26900291442871,-0.1311032145542105,0.007840000092983246
1,52,0.8125,0.6601139307022095,22.1666259765625,updated,1.194366693496704,-0.3354485332965851,7.427120208740234,0.06173420697450638,0.0630529373884201,31.682024565991014,28.884432060725995,793,3,92,0,12,,0,64,-6.928832530975342,4.8918256759643555,-1.6822173595428467,OUTBOUND,-16.290374755859375,-0.08006335153743714,0.007840000092983246
1,54,0.84375,0.7078922390937805,22.20294189453125,updated,1.1947273015975952,-0.3413865268230438,5.288286209106445,0.06969005614519119,0.06993095576763153,31.707327839976642,28.872349973592744,794,3,93,0,10,,0,64,-6.928417205810547,4.922047138214111,-1.8879643678665161,OUTBOUND,-16.280885696411133,-0.033586616068143435,0.007840000092983246
1,54,0.84375,0.6047652959823608,22.153059005737305,updated,1.1950880289077759,-0.33737874031066895,17.14224624633789,3.937702178955078,3.9450151920318604,31.7368693749886,28.86028947626236,795,3,94,0,10,,1,63,-6.928287029266357,4.896260738372803,-1.7953474521636963,OUTBOUND,-16.338542938232422,-0.02495643915105045,0.007840000092983246
1,55,0.859375,0.8015889525413513,21.990388870239258,updated,1.1954474449157715,-0.3233771324157715,12.295930862426758,3.931839942932129,3.9405722618103027,31.763386657985393,28.848234038929323,796,3,95,0,9,,1,63,-6.928571701049805,4.814484119415283,-1.906092882156372,OUTBOUND,-16.28668975830078,-0.041834654405981886,0.007840000092983246
1,58,0.90625,0.52105712890625,22.18522834777832,updated,1.1958080530166626,-0.34777167439460754,17.147743225097656,0.07727508991956711,0.07642163336277008,31.791322434990434,28.83619543620602,797,3,96,0,6,,0,64,-6.927958011627197,4.948077201843262,-1.893763542175293,OUTBOUND,-16.259647369384766,-0.05085345781603408,0.007840000092983246
0,58,0.90625,0.8699859380722046,22.045406341552734,updated,1.1961675882339478,-0.32696646451950073,23.08578872680664,0.11812102049589157,0.114533431828022,31.92658357997425,28.824116123219206,798,3,97,1,6,WATCHDOG_DEADLINE,0,64,-6.928132057189941,4.828444957733154,-1.670854091644287,OUTBOUND,-16.23810386657715,-0.09753148247548758,0.007840000092983246
1,61,0.953125,1.2149676084518433,22.160079956054688,updated,1.1965277194976807,-0.3426440358161926,28.76058006286621,7.742569923400879,7.758490562438965,31.950919096998405,28.812033116736842,799,3,98,0,3,,2,62,-6.928326606750488,4.912901401519775,-1.8483966588974,OUTBOUND,-16.318572998046875,-0.1419574114504351,0.007840000092983246
1,53,0.828125,0.9286556839942932,22.004871368408203,updated,1.196886420249939,-0.324379026889801,8.327139854431152,4.354296684265137,4.3634538650512695,31.980339147994528,28.79992085285075,800,3,99,0,11,,2,62,-6.929839611053467,4.8078932762146,-2.0701351165771484,OUTBOUND,-16.277652740478516,-0.15185008314426376,0.007840000092983246
1,57,0.890625,1.071524739265442,22.152620315551758,updated,1.1972452402114868,-0.33770132064819336,14.402565956115723,0.5437914133071899,0.5453097820281982,32.00571849299013,28.787790600769952,801,3,100,0,7,,1,63,-6.928565979003906,4.879004955291748,-2.123288631439209,OUTBOUND,-16.29589080810547,-0.1412984678319662,0.007840000092983246
1,58,0.90625,0.532549262046814,22.112003326416016,updated,1.1976046562194824,-0.34272047877311707,9.65347671508789,3.9692983627319336,3.9767794609069824,32.02941699899384,28.775688835287564,802,3,101,0,6,,1,63,-6.928407192230225,4.903756141662598,-1.5835095643997192,OUTBOUND,-16.225189208984375,-0.13646054600202517,0.007840000092983246
1,56,0.875,0.6207183599472046,22.151546478271484,updated,1.1979639530181885,-0.33792969584465027,21.24190902709961,0.596282958984375,0.5929028391838074,32.05668834899552,28.76359046363431,803,3,102,0,8,,1,63,-6.928459644317627,4.874020576477051,-1.909099817276001,OUTBOUND,-16.26837158203125,-0.1505302064662681,0.007840000092983246
1,59,0.921875,0.5969378352165222,22.34604835510254,updated,1.1983232498168945,-0.339171826839447,27.410741806030273,0.12395776808261871,0.12688666582107544,32.08199505598168,28.751472830057388,804,3,103,0,5,,0,64,-6.927977561950684,4.87778377532959,-1.6523445844650269,OUTBOUND,-16.384132385253906,-0.1567766263975526,0.007840000092983246
0,54,0.84375,0.7963682413101196,22.401123046875,updated,1.198682427406311,-0.3375997543334961,9.202383995056152,0.553272545337677,0.5451228022575378,32.204356295987964,28.739325338182134,805,3,104,1,10,WATCHDOG_DEADLINE,1,63,-6.928600311279297,4.865982532501221,-1.8176015615463257,OUTBOUND,-16.481962203979492,-0.1802569852569666,0.007840000092983246
1,57,0.890625,0.6932517886161804,22.530467987060547,updated,1.1990423202514648,-0.34581196308135986,18.41275405883789,0.07960395514965057,0.07605427503585815,32.2311274719832,28.727169135424965,806,3,105,0,7,,0,64,-6.927978515625,4.908212661743164,-1.6771295070648193,OUTBOUND,-16.510986328125,-0.18637421350542455,0.007840000092983246
1,53,0.828125,0.8454845547676086,22.677165985107422,updated,1.1994028091430664,-0.3473961353302002,9.554606437683105,0.527125358581543,0.5227116346359253,32.255335624999134,28.715023742778826,807,3,106,0,11,,1,63,-6.928155422210693,4.913784503936768,-1.8597534894943237,OUTBOUND,-16.680545806884766,-0.19593788830679842,0.007840000092983246
1,57,0.890625,0.6942868232727051,22.673601150512695,updated,1.1997625827789307,-0.33492013812065125,11.150927543640137,0.5119296312332153,0.5206052660942078,32.27810320397839,28.702859655015132,808,3,107,0,7,,1,63,-6.929134368896484,4.842004776000977,-1.5985174179077148,OUTBOUND,-16.780899047851562,-0.21900353066490602,0.007840000092983246
1,54,0.84375,0.5181912779808044,22.72838020324707,updated,1.200122594833374,-0.34472543001174927,35.522705078125,4.1352219581604,4.154713153839111,32.30073072598316,28.690682602064484,809,3,108,0,10,,1,63,-6.928454399108887,4.892809867858887,-1.7145670652389526,OUTBOUND,-16.86616325378418,-0.21374038006534482,0.007840000092983246
1,53,0.828125,0.6861944794654846,22.702743530273438,updated,1.2004824876785278,-0.33968913555145264,10.120314598083496,0.09434875845909119,0.09431447088718414,32.42090812098468,28.67852042893537,810,3,109,0,11,,0,64,-6.928292274475098,4.862088203430176,-1.5913077592849731,OUTBOUND,-16.860795974731445,-0.189403377131498,0.007840000092983246
1,54,0.84375,0.8701431155204773,22.653560638427734,updated,1.2008416652679443,-0.3366858661174774,6.322791576385498,0.08408968150615692,0.08509700745344162,32.44726281097974,28.66637146908171,811,3,110,0,10,,0,64,-6.928192138671875,4.842597007751465,-1.5570526123046875,OUTBOUND,-16.864593505859375,-0.12447717112933661,0.007840000092983246
1,55,0.859375,0.6865924000740051,22.534976959228516,updated,1.20120108127594,-0.34386146068573,46.126197814941406,8.208074569702148,8.199596405029297,32.47316188598052,28.65429219665697,812,3,111,0,9,,2,62,-6.928864002227783,4.878790855407715,-1.6698929071426392,OUTBOUND,-16.792743682861328,-0.0750109504362816,0.007840000092983246
1,61,0.953125,1.2352808713912964,22.42341423034668,updated,1.2015604972839355,-0.34367692470550537,2.783921480178833,1.0057029724121094,1.001024842262268,32.50229167897487,28.642219793284532,813,3,112,0,3,,2,62,-6.927958011627197,4.8747172355651855,-1.8062623739242554,OUTBOUND,-16.666400909423828,-0.06843901603136766,0.007840000092983246
1,57,0.890625,1.16914701461792,22.324810028076172,updated,1.201919436454773,-0.3387296199798584,34.78505325317383,0.1641087532043457,0.18587225675582886,32.53252252799575,28.630117716005138,814,3,113,0,7,,0,64,-6.927958011627197,4.844720363616943,-1.7192254066467285,OUTBOUND,-16.53514862060547,-0.06850747067875226,0.007840000092983246
0,56,0.875,0.9266371130943298,22.486040115356445,updated,1.2022788524627686,-0.348023384809494,27.77743911743164,0.12456190586090088,0.13769546151161194,32.667536895984085,28.617962144081844,815,3,114,1,8,WATCHDOG_DEADLINE,0,64,-6.927958011627197,4.892256259918213,-1.7530516386032104,OUTBOUND,-16.587268829345703,-0.10180375084355148,0.007840000092983246
1,54,0.84375,0.8898589015007019,22.460161209106445,updated,1.2026382684707642,-0.3437758982181549,11.239625930786133,5.008326530456543,5.014688014984131,32.698798323981464,28.605809459396074,816,3,115,0,10,,3,61,-6.9282660484313965,4.866127967834473,-1.6965148448944092,OUTBOUND,-16.589229583740234,-0.15746326669943775,0.007840000092983246
1,57,0.890625,0.5449458956718445,22.542137145996094,updated,1.202998161315918,-0.35019785165786743,26.021860122680664,0.6176958680152893,0.6097192168235779,32.72834176098695,28.593675679747538,817,3,116,0,7,,1,63,-6.9280104637146,4.897909641265869,-1.7614498138427734,OUTBOUND,-16.611251831054688,-0.19165843818649328,0.007840000092983246
1,55,0.859375,0.5906121134757996,22.616209030151367,updated,1.2033573389053345,-0.3391153812408447,35.91050720214844,0.19558316469192505,0.18590188026428223,32.75219695398118,28.581530586361588,818,3,117,0,9,,0,64,-6.928332328796387,4.834872245788574,-1.7935892343521118,OUTBOUND,-16.68178367614746,-0.1772586850736909,0.007840000092983246
1,58,0.90625,0.8755305409431458,22.847888946533203,updated,1.2037172317504883,-0.3524698317050934,20.725597381591797,0.13230854272842407,0.12057586014270782,32.77434782899218,28.569413299978,819,3,118,0,6,,0,64,-6.928345680236816,4.904054164886475,-1.746707558631897,OUTBOUND,-16.815528869628906,-0.13690927113572865,0.007840000092983246
1,56,0.875,0.9934483170509338,23.014286041259766,updated,1.204078197479248,-0.35693445801734924,14.967974662780762,0.09440052509307861,0.08535612374544144,32.79845611497876,28.55729651471351,820,3,119,0,8,,0,64,-6.928097248077393,4.9250617027282715,-2.065614938735962,OUTBOUND,-16.931060791015625,-0.09818847309740601,0.007840000092983246
1,59,0.921875,0.5848084092140198,23.113088607788086,updated,1.204439640045166,-0.3528907001018524,12.734336853027344,0.5244302749633789,0.5354482531547546,32.824860486987745,28.545205653350504,821,3,120,0,5,,1,63,-6.9279890060424805,4.900180339813232,-1.8650686740875244,OUTBOUND,-17.08800506591797,-0.07324055412612943,0.007840000092983246
0,59,0.921875,0.709113597869873,23.146202087402344,updated,1.2048002481460571,-0.34098055958747864,14.301851272583008,0.07242117822170258,0.07952611148357391,32.94390804099385,28.533066591604165,822,3,121,1,5,WATCHDOG_DEADLINE,0,64,-6.928339004516602,4.8330864906311035,-1.708660364151001,OUTBOUND,-17.24625015258789,-0.11666089183733225,0.007840000092983246
1,57,0.890625,0.9046328067779541,23.2552433013916,updated,1.2051620483398438,-0.3604450821876526,20.643892288208008,0.12402822077274323,0.13234339654445648,32.9683105229924,28.520915310022417,823,3,122,0,7,,0,64,-6.928104877471924,4.93461275100708,-2.0178616046905518,OUTBOUND,-17.302818298339844,-0.12110010183646243,0.007840000092983246
1,57,0.890625,0.881104052066803,23.250247955322266,updated,1.2055245637893677,-0.3580496609210968,31.825237274169922,0.6226433515548706,0.6125401258468628,32.9934978709789,28.5087749352496,824,3,123,0,7,,1,63,-6.928104877471924,4.918664455413818,-1.6020275354385376,OUTBOUND,-17.351760864257812,-0.12163310502875221,0.007840000092983246
1,56,0.875,0.9745495915412903,23.07734489440918,updated,1.2058864831924438,-0.34511539340019226,9.457098007202148,0.07593392580747604,0.07600453495979309,33.01862059897394,28.496646521279427,825,3,124,0,8,,0,64,-6.928525447845459,4.846377849578857,-1.8460605144500732,OUTBOUND,-17.276302337646484,-0.13306387465023922,0.007840000092983246
1,56,0.875,0.9014522433280945,23.043228149414062,updated,1.20624840259552,-0.3514029383659363,5.09912109375,0.10559892654418945,0.10042212903499603,33.04311281099217,28.484577099098292,826,3,125,0,8,,0,64,-6.928112030029297,4.877001762390137,-1.7830227613449097,OUTBOUND,-17.209352493286133,-0.1108142325405837,0.007840000092983246
1,55,0.859375,0.9782940149307251,23.069936752319336,updated,1.206610918045044,-0.35817211866378784,16.984045028686523,0.6778278946876526,0.6597791314125061,33.16683810399263,28.47249389741882,827,3,126,0,9,,1,63,-6.9279584884643555,4.910098075866699,-2.0941851139068604,OUTBOUND,-17.235713958740234,-0.12764522563087158,0.007840000092983246
1,56,0.875,0.7469879984855652,23.015880584716797,updated,1.2069737911224365,-0.35622861981391907,3.610727071762085,0.5393378734588623,0.5328675508499146,33.1944778309844,28.460370430652983,828,3,127,0,8,,1,63,-6.927958011627197,4.896693706512451,-1.7956327199935913,OUTBOUND,-17.137102127075195,-0.10954816462329997,0.007840000092983246
1,58,0.90625,1.2763880491256714,22.87192153930664,updated,1.2073360681533813,-0.3471696376800537,11.197271347045898,0.5556331872940063,0.552621603012085,33.22282247999101,28.448306650591896,829,3,128,0,6,,1,63,-6.927958011627197,4.845505237579346,-1.8459486961364746,OUTBOUND,-17.06797218322754,-0.06609526391870021,0.007840000092983246
1,59,0.921875,1.1759427785873413,22.91519546508789,updated,1.2076982259750366,-0.3536766469478607,7.989933013916016,4.681378364562988,4.6841654777526855,33.24674865999259,28.436243926115573,830,3,129,0,5,,2,62,-6.928797721862793,4.877101898193359,-1.8493075370788574,OUTBOUND,-17.06239891052246,-0.026593542582784888,0.007840000092983246
1,58,0.90625,0.8128270506858826,22.8321475982666,updated,1.2080607414245605,-0.35650572180747986,9.250778198242188,4.260723114013672,4.266834735870361,33.272433376987465,28.424175375561205,831,3,130,0,6,,1,63,-6.928933620452881,4.889109134674072,-1.6238008737564087,OUTBOUND,-16.970932006835938,0.013724241352126453,0.007840000092983246
0,58,0.90625,0.7491098642349243,22.863666534423828,updated,1.2084232568740845,-0.35544559359550476,30.51087760925293,0.6515518426895142,0.6463181376457214,33.41225631197449,28.41209726711597,832,3,131,1,6,WATCHDOG_DEADLINE,1,63,-6.927958011627197,4.880501747131348,-1.7910833358764648,OUTBOUND,-16.940025329589844,-0.009239104418376609,0.007840000092983246
1,55,0.859375,0.9318568110466003,22.971073150634766,updated,1.2087864875793457,-0.36177632212638855,15.262124061584473,4.395921230316162,4.387816429138184,33.4414322769735,28.400054118742908,833,3,132,0,9,,1,63,-6.9285359382629395,4.910962104797363,-1.5089576244354248,OUTBOUND,-16.98626708984375,-0.05263138608768878,0.007840000092983246
1,58,0.90625,0.8285535573959351,23.086286544799805,updated,1.2091503143310547,-0.3625738322734833,9.750685691833496,4.321908473968506,4.319344520568848,33.472906245995546,28.38800228807439,834,3,133,0,6,,1,63,-6.929727077484131,4.912138938903809,-1.6888737678527832,OUTBOUND,-17.086217880249023,-0.05589335078650309,0.007840000092983246
1,59,0.921875,0.7215349078178406,23.01264190673828,updated,1.2095133066177368,-0.34964972734451294,5.9490203857421875,4.317637920379639,4.324304103851318,33.50212466597441,28.375960397325176,835,3,134,0,5,,1,63,-6.928378582000732,4.841057777404785,-1.9442929029464722,OUTBOUND,-17.089134216308594,-0.06541172519916812,0.007840000092983246
1,57,0.890625,0.8896992206573486,23.073144912719727,updated,1.2098755836486816,-0.349103718996048,4.782674789428711,4.80377197265625,4.8000898361206055,33.525412338989554,28.36388735849101,836,3,135,0,7,,2,62,-6.927958011627197,4.835281848907471,-1.8018370866775513,OUTBOUND,-17.181610107421875,-0.09742228098589552,0.007840000092983246
1,56,0.875,0.4821992516517639,23.197662353515625,updated,1.2102375030517578,-0.3540298342704773,14.75239086151123,0.09882962703704834,0.0946190357208252,33.55259929498425,28.35179691168315,837,3,136,0,8,,0,64,-6.92917537689209,4.8582539558410645,-1.7871453762054443,OUTBOUND,-17.24281883239746,-0.11434221659139235,0.007840000092983246
1,58,0.90625,0.5684331655502319,23.385900497436523,updated,1.2106000185012817,-0.3626048266887665,7.218911170959473,0.5787293314933777,0.5700769424438477,33.58234178699786,28.33969641040272,838,3,137,0,6,,1,63,-6.928584575653076,4.900278568267822,-1.8884493112564087,OUTBOUND,-17.36172866821289,-0.12450975303694994,0.007840000092983246
0,54,0.84375,0.8814525604248047,23.357364654541016,updated,1.2109626531600952,-0.3583255708217621,7.000542163848877,0.6395893096923828,0.6343588829040527,33.70389719499508,28.327547385502175,839,3,138,1,10,WATCHDOG_DEADLINE,1,63,-6.9282660484313965,4.874909400939941,-2.023959159851074,OUTBOUND,-17.35918617248535,-0.1617251280072363,0.007840000092983246
1,58,0.90625,0.6889979243278503,23.591962814331055,updated,1.2113256454467773,-0.3627732992172241,6.3805251121521,0.07155429571866989,0.07282570749521255,33.72693897498539,28.31541735374089,840,3,139,0,6,,0,64,-6.927958011627197,4.895212650299072,-1.579078197479248,OUTBOUND,-17.56739044189453,-0.1928403833236816,0.007840000092983246
1,58,0.90625,0.7115864753723145,23.704059600830078,updated,1.2116899490356445,-0.3723922073841095,6.2846245765686035,0.0542600154876709,0.05251818895339966,33.74930343197775,28.303290671050924,841,3,140,0,6,,0,64,-6.928133964538574,4.942422866821289,-1.9474718570709229,OUTBOUND,-17.673860549926758,-0.18442866422690837,0.007840000092983246
1,55,0.859375,0.7998436689376831,23.649444580078125,updated,1.2120530605316162,-0.3487348258495331,4.992064476013184,0.06470947712659836,0.06261935085058212,33.77499662199989,28.291170835959147,842,3,141,0,9,,0,64,-6.9279584884643555,4.816175937652588,-1.871016263961792,OUTBOUND,-17.734806060791016,-0.17897243794497,0.007840000092983246
1,57,0.890625,0.6301901340484619,23.68502426147461,updated,1.212416648864746,-0.3658636808395386,6.9626970291137695,0.0863172858953476,0.08393356204032898,33.800968555995496,28.27900210886268,843,3,142,0,7,,0,64,-6.928426742553711,4.9024128913879395,-1.9456470012664795,OUTBOUND,-17.680152893066406,-0.1528541509513375,0.007840000092983246
1,57,0.890625,1.1086846590042114,23.789302825927734,updated,1.2127814292907715,-0.37371471524238586,16.41353988647461,0.17106138169765472,0.1711055040359497,33.92330992600182,28.26684437575891,844,3,143,0,7,,0,64,-6.928851127624512,4.940210342407227,-1.7759017944335938,OUTBOUND,-17.804224014282227,-0.136633708507808,0.007840000092983246
1,56,0.875,0.6718587279319763,23.762042999267578,updated,1.2131465673446655,-0.3653394281864166,14.823476791381836,0.11663126200437546,0.11711067706346512,33.95760685199639,28.254651994792034,845,3,144,0,8,,0,64,-6.928347110748291,4.893770694732666,-1.7353862524032593,OUTBOUND,-17.88323402404785,-0.16597073933521875,0.007840000092983246
1,59,0.921875,0.7026841640472412,23.56485366821289,updated,1.2135119438171387,-0.3669571578502655,43.4030647277832,5.127954483032227,5.12098503112793,33.993702081992524,28.24242934200771,846,3,145,0,5,,2,62,-6.928609848022461,4.899193286895752,-1.8072165250778198,OUTBOUND,-17.735740661621094,-0.15059196068531003,0.007840000092983246
1,57,0.890625,0.7274488210678101,23.601831436157227,updated,1.2138779163360596,-0.37117800116539,10.754776954650879,0.07654087990522385,0.07481303066015244,34.020066882978426,28.23023514729079,847,3,146,0,7,,0,64,-6.928825378417969,4.91804838180542,-1.9248077869415283,OUTBOUND,-17.714906692504883,-0.11344519992956867,0.007840000092983246
1,54,0.84375,0.6880232095718384,23.44889259338379,updated,1.2142434120178223,-0.3599441349506378,3.177764892578125,1.0087997913360596,0.9903019070625305,34.04582155199023,28.218081082249395,848,3,147,0,10,,2,62,-6.928117752075195,4.8571038246154785,-1.8549940586090088,OUTBOUND,-17.60219383239746,-0.07694710452484259,0.007840000092983246
0,56,0.875,0.710029661655426,23.389141082763672,updated,1.2146086692810059,-0.36349382996559143,20.750179290771484,0.6005045175552368,0.5935870409011841,34.164704811992124,28.205941017713478,849,3,148,1,8,WATCHDOG_DEADLINE,1,63,-6.928540229797363,4.872509479522705,-1.7365440130233765,OUTBOUND,-17.495452880859375,-0.08945178511404685,0.007840000092983246
1,59,0.921875,1.6741925477981567,23.414573669433594,updated,1.2149733304977417,-0.35901138186454773,26.623130798339844,0.6200072765350342,0.6234824657440186,34.18661375899683,28.193838960938372,850,3,149,0,5,,1,63,-6.928379058837891,4.8465576171875,-1.7442281246185303,OUTBOUND,-17.47873878479004,-0.1213462847147701,0.007840000092983246
1,54,0.84375,0.6609456539154053,23.58858871459961,updated,1.2153379917144775,-0.3663105070590973,24.417648315429688,0.6178887486457825,0.6069570183753967,34.20873513998231,28.181728112783986,851,3,150,0,10,,1,63,-6.927958011627197,4.881196022033691,-1.577383279800415,OUTBOUND,-17.548274993896484,-0.09975950316620293,0.007840000092983246
1,53,0.828125,0.5939422845840454,23.654056549072266,updated,1.2157033681869507,-0.37189945578575134,1.2755714654922485,4.5214691162109375,4.5267109870910645,34.23179179499857,28.169674636234195,852,3,151,0,11,,1,63,-6.92838191986084,4.90695858001709,-1.7414097785949707,OUTBOUND,-17.59951400756836,-0.10047167522104918,0.007840000092983246
1,55,0.859375,0.5807050466537476,23.757064819335938,updated,1.2160691022872925,-0.3724345266819,13.723183631896973,0.5656965374946594,0.5514570474624634,34.25613001099555,28.1576032952403,853,3,152,0,9,,1,63,-6.928536891937256,4.906764507293701,-1.63724684715271,OUTBOUND,-17.717588424682617,-0.10437409502465403,0.007840000092983246
1,57,0.890625,0.343671053647995,23.80438804626465,updated,1.2164349555969238,-0.36930689215660095,12.440652847290039,0.0867534875869751,0.08456550538539886,34.283686497976305,28.145517866316162,854,3,153,0,7,,0,64,-6.928238391876221,4.887844085693359,-1.7612676620483398,OUTBOUND,-17.76783561706543,-0.060274143653238035,0.007840000092983246
1,58,0.90625,0.78806072473526,23.956867218017578,updated,1.2168010473251343,-0.3694320023059845,8.243825912475586,0.13345398008823395,0.1313517689704895,34.30861674697371,28.13347239289591,855,3,154,0,6,,0,64,-6.928313255310059,4.885583877563477,-1.5541620254516602,OUTBOUND,-17.910995483398438,-0.03449324701088372,0.007840000092983246
0,59,0.921875,0.9326145648956299,23.944597244262695,updated,1.2171655893325806,-0.3548455536365509,16.85063934326172,0.6020885705947876,0.597882091999054,34.43010841097566,28.12136108254772,856,3,155,1,5,WATCHDOG_DEADLINE,1,63,-6.928128719329834,4.808358192443848,-2.125990867614746,OUTBOUND,-18.025012969970703,-0.08280408706692906,0.007840000092983246
1,59,0.921875,0.5808895230293274,24.063493728637695,updated,1.2175302505493164,-0.36896514892578125,7.0042924880981445,0.05945735424757004,0.06185458227992058,34.45710429098108,28.109268706727445,857,3,156,0,5,,0,64,-6.927958011627197,4.877447605133057,-1.9050453901290894,OUTBOUND,-18.068248748779297,-0.13818492932051443,0.007840000092983246
1,59,0.921875,0.8601782321929932,24.033721923828125,updated,1.217894434928894,-0.3630997836589813,7.636067867279053,0.10246454179286957,0.10048457980155945,34.48313996999059,28.097136083545603,858,3,157,0,5,,0,64,-6.928160190582275,4.844789505004883,-1.7270448207855225,OUTBOUND,-18.102062225341797,-0.13776932955645474,0.007840000092983246
1,58,0.90625,1.010263442993164,24.107707977294922,updated,1.2182592153549194,-0.37538060545921326,19.385671615600586,0.5929496884346008,0.5778270959854126,34.50484618599876,28.085040788895743,859,3,158,0,6,,1,63,-6.928132057189941,4.904292106628418,-1.9188884496688843,OUTBOUND,-18.139606475830078,-0.12216955883521352,0.007840000092983246
1,58,0.90625,0.8850923776626587,24.091089248657227,updated,1.2186238765716553,-0.3696556091308594,8.291058540344238,0.057723116129636765,0.054703786969184875,34.52997607999714,28.072937498654042,860,3,159,0,6,,0,64,-6.928772926330566,4.872405052185059,-1.4727534055709839,OUTBOUND,-18.18819808959961,-0.13414217400522283,0.007840000092983246
1,57,0.890625,0.9099889397621155,24.052873611450195,updated,1.2189886569976807,-0.3693276345729828,14.783025741577148,0.5843943953514099,0.5710523128509521,34.6685633949819,28.060805794388948,861,3,160,0,7,,1,63,-6.928854465484619,4.867910861968994,-1.5289474725723267,OUTBOUND,-18.159318923950195,-0.1194564008033353,0.007840000092983246
1,57,0.890625,0.9259337186813354,23.98299217224121,updated,1.2193529605865479,-0.36747071146965027,7.284650802612305,0.5546525120735168,0.5429069995880127,34.700825841980986,28.048711284286103,862,3,161,0,7,,1,63,-6.928336143493652,4.855710983276367,-1.890015959739685,OUTBOUND,-18.124910354614258,-0.07149054672535658,0.007840000092983246
1,57,0.890625,0.6134068369865417,23.923255920410156,updated,1.2197177410125732,-0.37462979555130005,14.70456314086914,0.07340709865093231,0.07966533303260803,34.72960394699476,28.036663487908807,863,3,162,0,7,,0,64,-6.927958011627197,4.889013290405273,-1.9598703384399414,OUTBOUND,-18.013118743896484,-0.05219204679306682,0.007840000092983246
1,54,0.84375,0.9481292963027954,23.93116569519043,updated,1.2200827598571777,-0.3731154799461365,13.793907165527344,0.5699350237846375,0.5739908218383789,34.752735041984124,28.024617129475708,864,3,163,0,10,,1,63,-6.927958011627197,4.878543853759766,-1.7586112022399902,OUTBOUND,-17.947437286376953,-0.04182153389652883,0.007840000092983246
1,58,0.90625,0.8664761781692505,23.89890480041504,updated,1.2204477787017822,-0.37371230125427246,3.286506175994873,4.828066825866699,4.847252368927002,34.777067421993706,28.012546549313985,865,3,164,0,6,,1,63,-6.927958011627197,4.878718852996826,-1.7928011417388916,OUTBOUND,-17.920608520507812,-0.03121179758125643,0.007840000092983246
0,60,0.9375,0.9274690747261047,24.052297592163086,updated,1.22081458568573,-0.3897412419319153,18.079856872558594,0.569704532623291,0.5704701542854309,34.901280420977855,28.00048769152573,866,3,165,1,4,WATCHDOG_DEADLINE,1,63,-6.92851448059082,4.956357479095459,-2.0216195583343506,OUTBOUND,-17.96395492553711,-0.07046433647666148,0.007840000092983246
1,57,0.890625,1.3195550441741943,24.10779571533203,updated,1.2211813926696777,-0.37612372636795044,26.650760650634766,0.13713079690933228,0.12846137583255768,34.924968140985584,27.988401242481775,867,3,166,0,7,,0,64,-6.928304195404053,4.885159015655518,-2.0264697074890137,OUTBOUND,-18.057470321655273,-0.08835297288714257,0.007840000092983246
1,57,0.890625,0.8510684967041016,24.17035675048828,updated,1.2215479612350464,-0.373349130153656,15.139937400817871,0.1233367845416069,0.11690093576908112,34.95709627197357,27.976331506180678,868,3,167,0,7,,0,64,-6.928238868713379,4.868439197540283,-1.8248932361602783,OUTBOUND,-18.13030433654785,-0.06478094572830567,0.007840000092983246
1,59,0.921875,0.9605929851531982,24.315532684326172,updated,1.2219152450561523,-0.3814830482006073,1.883941411972046,0.5383359789848328,0.5282843112945557,34.97920387299382,27.96425585668291,869,3,168,0,5,,1,63,-6.928104400634766,4.9062819480896,-2.0472450256347656,OUTBOUND,-18.20616912841797,-0.03848999125058515,0.007840000092983246
1,58,0.90625,0.7613235712051392,24.360017776489258,updated,1.2222810983657837,-0.3629172444343567,4.244846343994141,0.1017489805817604,0.10591070353984833,35.0076483739831,27.95215686136296,870,3,169,0,6,,0,64,-6.928233623504639,4.810788154602051,-1.6892483234405518,OUTBOUND,-18.396413803100586,0.01329522918906756,0.007840000092983246
1,60,0.9375,0.9520658254623413,24.32330894470215,updated,1.2226470708847046,-0.3776707053184509,33.74578094482422,4.971520900726318,4.983643054962158,35.03744302497944,27.94005862748154,871,3,170,0,4,,1,63,-6.928235054016113,4.881590843200684,-1.8310434818267822,OUTBOUND,-18.380615234375,0.02901156720003531,0.007840000092983246
1,57,0.890625,1.0552233457565308,24.311506271362305,updated,1.223013162612915,-0.37653517723083496,2.515717029571533,0.0656742975115776,0.06479457020759583,35.06715902200085,27.927928938279244,872,3,171,0,7,,0,64,-6.927958011627197,4.873139381408691,-1.4847818613052368,OUTBOUND,-18.352279663085938,0.043526649243461425,0.007840000092983246
0,55,0.859375,1.0849100351333618,24.42138671875,updated,1.2233806848526,-0.3914761245250702,0.9647812247276306,0.5394206047058105,0.5465345978736877,35.21452180398046,27.915807210821377,873,3,172,1,9,WATCHDOG_DEADLINE,1,63,-6.928249359130859,4.9445695877075195,-2.195802688598633,OUTBOUND,-18.365129470825195,0.04022047573942794,0.007840000092983246
1,59,0.921875,0.6482502818107605,24.3580265045166,updated,1.223747968673706,-0.37748780846595764,2.028468608856201,0.10701900720596313,0.10679316520690918,35.23851086999639,27.90375138045658,874,3,173,0,5,,0,64,-6.928104400634766,4.872291564941406,-1.6726877689361572,OUTBOUND,-18.396677017211914,0.020692931747221435,0.007840000092983246
1,59,0.921875,0.9719504117965698,24.352346420288086,updated,1.2241159677505493,-0.3867233693599701,21.991735458374023,4.951749324798584,4.9496283531188965,35.26391352099017,27.891651780438202,875,3,174,0,5,,1,63,-6.928377628326416,4.915246963500977,-1.9834306240081787,OUTBOUND,-18.358829498291016,0.05171598559212101,0.007840000092983246
1,53,0.828125,1.104966163635254,24.346736907958984,updated,1.2244840860366821,-0.38011276721954346,19.274864196777344,0.10709364712238312,0.11424428224563599,35.287978350999765,27.879578483422325,876,3,175,0,11,,0,64,-6.928150177001953,4.879708766937256,-1.7431162595748901,OUTBOUND,-18.35113525390625,0.08564456905870192,0.007840000092983246
1,57,0.890625,0.9902791380882263,24.394733428955078,updated,1.2248516082763672,-0.37567639350891113,19.05219841003418,0.10900530219078064,0.11658650636672974,35.31427096697735,27.867482422015236,877,3,176,0,7,,0,64,-6.9284281730651855,4.8550124168396,-1.402156949043274,OUTBOUND,-18.389244079589844,0.11282658744979443,0.007840000092983246
1,57,0.890625,0.5423468947410583,24.490388870239258,updated,1.2252198457717896,-0.3878438174724579,15.98498249053955,0.08737233281135559,0.08636321872472763,35.4498070589907,27.855360633383963,878,3,177,0,7,,0,64,-6.928269386291504,4.912259101867676,-1.8954732418060303,OUTBOUND,-18.408138275146484,0.10142550218512768,0.007840000092983246
1,58,0.90625,0.7770469784736633,24.670202255249023,updated,1.2255887985229492,-0.39005666971206665,13.008760452270508,1.0242595672607422,1.007748007774353,35.48189879997517,27.84323922195552,879,3,178,0,6,,2,62,-6.929959297180176,4.920323848724365,-1.7150360345840454,OUTBOUND,-18.586040496826172,0.04641058056821283,0.007840000092983246
1,53,0.828125,1.0937087535858154,24.5159912109375,updated,1.225956678390503,-0.370655357837677,4.096031188964844,0.5315566658973694,0.5346137285232544,35.511298696976155,27.831147452784595,880,3,179,0,11,,1,63,-6.929195880889893,4.82210636138916,-2.038163185119629,OUTBOUND,-18.522497177124023,0.00606383629292456,0.007840000092983246
1,54,0.84375,1.1328412294387817,24.614219665527344,updated,1.2263240814208984,-0.37868931889533997,4.107199192047119,0.5742831230163574,0.5657450556755066,35.5394474779896,27.81903948831917,881,3,180,0,10,,1,63,-6.928254127502441,4.858858585357666,-1.3583449125289917,OUTBOUND,-18.6037540435791,-0.0265503790355819,0.007840000092983246
1,57,0.890625,1.1796183586120605,24.70762062072754,updated,1.2266918420791626,-0.3850099444389343,11.984535217285156,0.08612632751464844,0.0837305337190628,35.57042170999921,27.806931514551156,882,3,181,0,7,,0,64,-6.927958011627197,4.8871073722839355,-1.8718998432159424,OUTBOUND,-18.642946243286133,-0.06167244906979249,0.007840000092983246
0,60,0.9375,0.8205041885375977,24.75078773498535,updated,1.227060079574585,-0.3886971175670624,2.2043750286102295,0.08238189667463303,0.0839383527636528,35.71414177797851,27.79482092965809,883,3,182,1,4,WATCHDOG_DEADLINE,0,64,-6.928165912628174,4.902384281158447,-1.9686955213546753,OUTBOUND,-18.661117553710938,-0.09826231438532704,0.007840000092983246
1,60,0.9375,1.0054835081100464,24.886310577392578,updated,1.2274296283721924,-0.3978675901889801,1.3131871223449707,0.1013130247592926,0.09980400651693344,35.74116941000102,27.782708274136187,884,3,183,0,4,,0,64,-6.928370952606201,4.944411277770996,-1.858998417854309,OUTBOUND,-18.76404571533203,-0.10918214956055697,0.007840000092983246
1,58,0.90625,1.184990406036377,24.791378021240234,updated,1.2277992963790894,-0.38696059584617615,12.590339660644531,0.5797779560089111,0.5834078192710876,35.76839775798726,27.770610050621983,885,3,184,0,6,,1,63,-6.9283857345581055,4.888329029083252,-1.7989243268966675,OUTBOUND,-18.73805046081543,-0.0948318949074143,0.007840000092983246
1,57,0.890625,0.6157490015029907,24.799800872802734,updated,1.2281688451766968,-0.38607949018478394,4.627033710479736,0.14450621604919434,0.14148150384426117,35.792685809981776,27.758498704396878,886,3,185,0,7,,0,64,-6.928456783294678,4.881264686584473,-1.8910521268844604,OUTBOUND,-18.815563201904297,-0.08270757399123603,0.007840000092983246
1,55,0.859375,0.6472552418708801,24.817340850830078,updated,1.2285388708114624,-0.39166659116744995,9.220259666442871,0.09514829516410828,0.09924103319644928,35.81718545599142,27.74640536466378,887,3,186,0,9,,0,64,-6.929281234741211,4.905694484710693,-1.5975018739700317,OUTBOUND,-18.748565673828125,-0.055707363927619866,0.007840000092983246
1,59,0.921875,0.8264942765235901,24.797664642333984,updated,1.228908896446228,-0.38762909173965454,3.4595391750335693,0.598703920841217,0.5889991521835327,35.84181602098397,27.734342164046343,888,3,187,0,5,,1,63,-6.927958011627197,4.883289337158203,-1.666915774345398,OUTBOUND,-18.775997161865234,-0.032274335268369835,0.007840000092983246
1,57,0.890625,0.7031517624855042,24.863542556762695,updated,1.2292791604995728,-0.39107850193977356,13.577412605285645,0.07498994469642639,0.07801772654056549,35.87357061498915,27.722246059519687,889,3,188,0,7,,0,64,-6.928427696228027,4.897272109985352,-1.5570464134216309,OUTBOUND,-18.82084846496582,0.010308529291599713,0.007840000092983246
0,55,0.859375,0.7863221764564514,24.837596893310547,updated,1.2296485900878906,-0.3800812065601349,6.459827423095703,0.09805378317832947,0.10368512570858002,36.00216299598105,27.710133218155075,890,3,189,1,9,WATCHDOG_DEADLINE,0,64,-6.928737640380859,4.841229438781738,-2.072171688079834,OUTBOUND,-18.82635498046875,0.019980815386476544,0.007840000092983246
1,56,0.875,1.0382013320922852,24.871835708618164,updated,1.2300177812576294,-0.3849247992038727,8.914910316467285,0.6535347104072571,0.6423369646072388,36.02753227498033,27.69811062937108,891,3,190,0,8,,1,63,-6.928641319274902,4.8619818687438965,-1.797256350517273,OUTBOUND,-18.879667282104492,-0.01662901947971057,0.007840000092983246
1,60,0.9375,0.8032941818237305,24.87167739868164,updated,1.2303868532180786,-0.38809382915496826,3.142519950866699,0.12269812822341919,0.12408048659563065,36.05192878199159,27.68606679151565,892,3,191,0,4,,0,64,-6.928317070007324,4.874589920043945,-1.6178449392318726,OUTBOUND,-18.862316131591797,-0.04082986659373305,0.007840000092983246
1,56,0.875,0.9581867456436157,24.943466186523438,updated,1.230756163597107,-0.39240574836730957,5.777976036071777,0.1566401720046997,0.15333028137683868,36.078341249987716,27.67399117924909,893,3,192,0,8,,0,64,-6.928359508514404,4.892675876617432,-2.0198159217834473,OUTBOUND,-18.907054901123047,-0.031126871978132017,0.007840000092983246
1,59,0.921875,0.9550294280052185,25.018531799316406,updated,1.2311259508132935,-0.3940405249595642,3.154993772506714,0.40375611186027527,0.4068818688392639,36.10789801599458,27.661947484085967,894,3,193,0,5,,0,64,-6.928129196166992,4.897812843322754,-1.7101497650146484,OUTBOUND,-18.965532302856445,-0.0030635494145843183,0.007840000092983246
1,61,0.953125,0.9970851540565491,25.016355514526367,updated,1.2314952611923218,-0.38551196455955505,2.897033214569092,0.07992281019687653,0.07753772288560867,36.23328894699807,27.64990461483829,895,3,194,0,3,,0,64,-6.928454875946045,4.854053974151611,-1.7301650047302246,OUTBOUND,-19.00428581237793,0.009943822631102606,0.007840000092983246
1,55,0.859375,0.8559491038322449,25.085655212402344,updated,1.2318646907806396,-0.39141038060188293,8.620607376098633,0.5775216817855835,0.5856605172157288,36.25758868799312,27.63786108712922,896,3,195,0,9,,1,63,-6.9279584884643555,4.8797101974487305,-1.8593969345092773,OUTBOUND,-19.039642333984375,0.019755049013491677,0.007840000092983246
1,54,0.84375,0.41444477438926697,25.042097091674805,updated,1.2322337627410889,-0.3887288272380829,7.9146318435668945,0.15397308766841888,0.15253901481628418,36.282195487001445,27.625794212622978,897,3,196,0,10,,0,64,-6.927958011627197,4.864147663116455,-1.7253021001815796,OUTBOUND,-19.01858139038086,-0.0033426919014319734,0.007840000092983246
1,55,0.859375,0.8737173676490784,25.082502365112305,updated,1.232602596282959,-0.38718315958976746,13.335657119750977,0.09501779079437256,0.09366875886917114,36.31093901497661,27.613734814989805,898,3,197,0,9,,0,64,-6.927979469299316,4.854071140289307,-1.9536770582199097,OUTBOUND,-19.036090850830078,-0.04473859569076216,0.007840000092983246
1,55,0.859375,1.1337506771087646,25.128536224365234,updated,1.2329720258712769,-0.39865168929100037,23.003841400146484,5.280710697174072,5.297883987426758,36.33989603599184,27.601666901451054,899,3,198,0,9,,1,63,-6.928410053253174,4.9062581062316895,-1.8692843914031982,OUTBOUND,-19.093366622924805,-0.07444312982413936,0.007840000092983246
0,59,0.921875,0.513364315032959,25.097900390625,updated,1.233341932296753,-0.3975403308868408,4.349819660186768,0.14216968417167664,0.14122053980827332,36.4817533249734,27.589569268122165,900,3,199,1,5,WATCHDOG_DEADLINE,0,64,-6.928258895874023,4.898224353790283,-1.8464264869689941,OUTBOUND,-19.052167892456055,-0.11802309510622454,0.007840000092983246
1,53,0.828125,0.987748920917511,25.04595184326172,updated,1.2337111234664917,-0.3863966166973114,7.279389381408691,0.5589419007301331,0.565453290939331,36.510686538997106,27.577449424724463,901,3,200,0,11,,1,63,-6.928346633911133,4.842374324798584,-1.9081025123596191,OUTBOUND,-19.03219985961914,-0.16304279575628783,0.007840000092983246
1,57,0.890625,0.6395547986030579,24.992136001586914,updated,1.2340803146362305,-0.39257851243019104,67.74964904785156,11.490900039672852,11.482833862304688,36.540096032986185,27.565315418264003,902,3,201,0,7,,4,60,-6.928515911102295,4.86918306350708,-1.727117657661438,OUTBOUND,-19.10281753540039,-0.1906727617651612,0.007840000092983246
1,57,0.890625,0.7440180778503418,24.99704933166504,updated,1.2344506978988647,-0.4057982265949249,23.940135955810547,0.6000149846076965,0.6124060750007629,36.573859308991814,27.553157488226702,903,3,202,0,7,,1,63,-6.927958011627197,4.92937707901001,-1.8801292181015015,OUTBOUND,-18.98563575744629,-0.2155675798323655,0.007840000092983246
1,60,0.9375,1.1812433004379272,24.86907958984375,updated,1.2348204851150513,-0.3893030881881714,30.8560791015625,0.6284872889518738,0.6406797170639038,36.608016961981775,27.540968059101576,904,3,203,0,4,,1,63,-6.928487777709961,4.84831428527832,-2.0789670944213867,OUTBOUND,-18.861064910888672,-0.24544583815302953,0.007840000092983246
1,51,0.796875,1.0283194780349731,25.062768936157227,updated,1.2351900339126587,-0.3922679126262665,33.314247131347656,0.671482503414154,0.6798652410507202,36.645341882976936,27.52879578167804,905,3,204,0,13,,1,63,-6.927958011627197,4.859745502471924,-1.7083593606948853,OUTBOUND,-18.951475143432617,-0.2771326927530091,0.007840000092983246
1,61,0.953125,0.8911865949630737,25.03622817993164,updated,1.2355600595474243,-0.4007848799228668,3.458012342453003,5.770281791687012,5.790595531463623,36.681637821980985,27.5165872422052,906,3,205,0,3,,2,62,-6.9286370277404785,4.897432804107666,-1.9896612167358398,OUTBOUND,-18.922626495361328,-0.2704521343574775,0.007840000092983246
0,50,0.78125,1.0521018505096436,25.130573272705078,updated,1.2359297275543213,-0.3923357129096985,15.47218132019043,1.164259433746338,1.156407356262207,36.83225660698372,27.504400225337168,907,3,206,1,14,WATCHDOG_DEADLINE,2,62,-6.928159236907959,4.854802131652832,-2.0372328758239746,OUTBOUND,-18.99107551574707,-0.2762425975805541,0.007840000092983246
1,58,0.90625,1.0099828243255615,25.33110237121582,updated,1.2362998723983765,-0.40112024545669556,17.41344451904297,0.5862018465995789,0.5839309692382812,36.868359662999865,27.492219862296814,908,3,207,0,6,,1,63,-6.928699493408203,4.89365291595459,-1.628570318222046,OUTBOUND,-19.160369873046875,-0.30550644725060366,0.007730581797659397
1,56,0.875,1.1551192998886108,25.358627319335938,updated,1.2366697788238525,-0.39487090706825256,3.637786865234375,1.0479938983917236,1.0440279245376587,36.89863381299074,27.480021741484524,909,3,208,0,8,,2,62,-6.929011344909668,4.8615193367004395,-1.7433401346206665,OUTBOUND,-19.2384090423584,-0.3051547863433498,0.0077654048800468445
1,59,0.921875,0.81844562292099,25.51797103881836,updated,1.2370399236679077,-0.40052077174186707,8.693989753723145,0.0724988728761673,0.07038937509059906,36.932107633998385,27.467810752041803,910,3,209,0,5,,0,64,-6.9286675453186035,4.885495662689209,-1.8300600051879883,OUTBOUND,-19.344406127929688,-0.31760881928532336,0.007691319566220045
1,55,0.859375,0.9310715794563293,25.493040084838867,updated,1.237409234046936,-0.3885398507118225,7.807917594909668,0.5803157091140747,0.5861217379570007,36.96461020800052,27.455606864000064,911,3,210,0,9,,1,63,-6.9285359382629395,4.8265204429626465,-1.4282565116882324,OUTBOUND,-19.43927574157715,-0.31270727902162176,0.00783737562596798
1,55,0.859375,0.7198191285133362,25.59760284423828,updated,1.2377785444259644,-0.3980567157268524,25.567285537719727,0.6423020958900452,0.6494179964065552,37.10003914299887,27.44337722980176,912,3,211,0,9,,1,63,-6.9285359382629395,4.868636131286621,-1.8846796751022339,OUTBOUND,-19.570331573486328,-0.25496697962745973,0.007840000092983246
1,56,0.875,0.7570626139640808,25.609800338745117,updated,1.2381484508514404,-0.4039779603481293,14.180246353149414,0.2809253931045532,0.279605895280838,37.12672874898999,27.431190538925502,913,3,212,0,8,,0,64,-6.928530693054199,4.893779754638672,-1.5511692762374878,OUTBOUND,-19.55560302734375,-0.20563856162127458,0.007840000092983246
1,57,0.890625,0.8767492771148682,25.568988800048828,updated,1.2385181188583374,-0.3963680863380432,9.217589378356934,0.6153507232666016,0.6185694336891174,37.1516702020017,27.419011348762606,914,3,213,0,7,,1,63,-6.928703308105469,4.8555073738098145,-1.757335901260376,OUTBOUND,-19.555622100830078,-0.1766316762702309,0.007840000092983246
1,58,0.90625,0.660428524017334,25.46367073059082,updated,1.2388882637023926,-0.40462249517440796,32.86423110961914,6.022145748138428,6.015396595001221,37.185562398983166,27.40684932919894,915,3,214,0,6,,2,62,-6.928131580352783,4.891505241394043,-1.8638509511947632,OUTBOUND,-19.479984283447266,-0.1393702335306235,0.007840000092983246
1,52,0.8125,1.2097887992858887,25.43833351135254,updated,1.2392596006393433,-0.4133099317550659,7.261163234710693,0.5770697593688965,0.5835210084915161,37.21750840797904,27.39476964012937,916,3,215,0,12,,1,63,-6.927958011627197,4.929421424865723,-1.8327884674072266,OUTBOUND,-19.413944244384766,-0.11033631613995393,0.007840000092983246
0,60,0.9375,0.818977415561676,25.448278427124023,updated,1.239630937576294,-0.40174537897109985,19.794958114624023,0.09353787451982498,0.1047201082110405,37.34501495299628,27.382667369234508,917,3,216,1,4,WATCHDOG_DEADLINE,0,64,-6.928462505340576,4.87281608581543,-2.0538766384124756,OUTBOUND,-19.41771125793457,-0.1342093623026329,0.007840000092983246
1,56,0.875,0.564042866230011,25.5020809173584,updated,1.240002989768982,-0.4115348756313324,20.28904151916504,0.594471275806427,0.6005678176879883,37.371349446999375,27.37055525833627,918,3,217,0,8,,1,63,-6.9296793937683105,4.915775775909424,-1.8326388597488403,OUTBOUND,-19.39421272277832,-0.17085680900999925,0.007840000092983246
1,57,0.890625,0.8539977669715881,25.559602737426758,updated,1.2403755187988281,-0.4073984920978546,32.369102478027344,0.15769770741462708,0.15815359354019165,37.400155963987345,27.358445411324592,919,3,218,0,7,,0,64,-6.928438186645508,4.893874168395996,-1.9904179573059082,OUTBOUND,-19.409873962402344,-0.16997847442053307,0.007840000092983246
1,53,0.828125,0.7986882328987122,25.787471771240234,updated,1.2407480478286743,-0.4062842130661011,26.073917388916016,0.1302998960018158,0.12221813201904297,37.42613261099905,27.346343396810205,920,3,219,0,11,,0,64,-6.928115367889404,4.886061191558838,-2.0019214153289795,OUTBOUND,-19.552135467529297,-0.15018387532582872,0.007840000092983246
1,57,0.890625,0.30595892667770386,25.825103759765625,updated,1.2411202192306519,-0.4001193344593048,5.313507556915283,0.09069032222032547,0.08840229362249374,37.44922729997779,27.334240274377816,921,3,220,0,7,,0,64,-6.92809534072876,4.854856491088867,-1.8247095346450806,OUTBOUND,-19.658428192138672,-0.13086824074020292,0.007840000092983246
1,53,0.828125,0.5455266237258911,26.002031326293945,updated,1.2414923906326294,-0.40521737933158875,4.3773193359375,0.08388592302799225,0.08000735938549042,37.47235462197568,27.322157470620297,922,3,221,0,11,,0,64,-6.928011894226074,4.875882148742676,-1.8222483396530151,OUTBOUND,-19.794105529785156,-0.10787210753207087,0.007840000092983246
1,53,0.828125,1.1996949911117554,25.935026168823242,updated,1.241864562034607,-0.4060221314430237,53.243804931640625,6.222333908081055,6.248622894287109,37.50010766397463,27.310086363898755,923,3,222,0,11,,2,62,-6.9288434982299805,4.877002239227295,-1.8512622117996216,OUTBOUND,-19.89621353149414,-0.07091098438811633,0.007840000092983246
0,59,0.921875,1.1682512760162354,25.847938537597656,updated,1.2422378063201904,-0.4181559979915619,73.3175048828125,11.421366691589355,11.44360065460205,37.62921302797622,27.29800816130136,924,3,223,1,5,WATCHDOG_DEADLINE,2,62,-6.9279890060424805,4.930420398712158,-1.8040647506713867,OUTBOUND,-19.891468048095703,-0.08456376239227886,0.007840000092983246
1,56,0.875,0.885374903678894,25.78285026550293,updated,1.2426114082336426,-0.4113899767398834,5.789582252502441,0.08450152724981308,0.08694111555814743,37.656310350983404,27.28592526284124,925,3,224,0,8,,0,64,-6.928582668304443,4.896553993225098,-1.7713537216186523,OUTBOUND,-19.81627655029297,-0.14060283617339367,0.007840000092983246
1,57,0.890625,0.558582067489624,25.737674713134766,updated,1.242985725402832,-0.4159621596336365,19.66839027404785,0.1085013896226883,0.12079235911369324,37.681498247984564,27.27380247932247,926,3,225,0,7,,0,64,-6.928539752960205,4.914977550506592,-1.9974807500839233,OUTBOUND,-19.72784996032715,-0.13820590997311993,0.007840000092983246
1,55,0.859375,0.46159619092941284,25.61477279663086,updated,1.2433595657348633,-0.4044375419616699,25.166399002075195,0.583037257194519,0.6055294275283813,37.70701714599272,27.261728630246026,927,3,226,0,9,,1,63,-6.92854118347168,4.859344005584717,-1.6928166151046753,OUTBOUND,-19.57552719116211,-0.09681498736786162,0.007840000092983246
1,55,0.859375,0.6577698588371277,25.702810287475586,updated,1.2437325716018677,-0.4019760191440582,38.925437927246094,0.16638529300689697,0.19805274903774261,37.73077348197694,27.24964201949735,928,3,227,0,9,,0,64,-6.927964210510254,4.845475673675537,-1.7736355066299438,OUTBOUND,-19.6055965423584,-0.06110069939850059,0.007840000092983246
1,55,0.859375,0.9938336610794067,25.785505294799805,updated,1.2441048622131348,-0.39936548471450806,36.72514343261719,0.18636752665042877,0.20435215532779694,37.86142365299747,27.23755881388406,929,3,228,0,9,,0,64,-6.928213596343994,4.830968856811523,-1.439205527305603,OUTBOUND,-19.638437271118164,-0.04076354397529058,0.007840000092983246
1,57,0.890625,0.7117016911506653,26.033004760742188,updated,1.2444772720336914,-0.41024646162986755,25.18225860595703,0.13718950748443604,0.13629363477230072,37.888104765996104,27.22544568567436,930,3,229,0,7,,0,64,-6.9283528327941895,4.878277778625488,-1.7146111726760864,OUTBOUND,-19.775211334228516,-0.03245249092840743,0.007840000092983246
1,58,0.90625,0.5751932263374329,26.228355407714844,updated,1.244850516319275,-0.41914406418800354,10.924294471740723,0.6494975686073303,0.6480112075805664,37.918172449979465,27.213318912025606,931,3,230,0,6,,1,63,-6.927958011627197,4.916388511657715,-1.8667505979537964,OUTBOUND,-19.97648811340332,-0.04203936099423759,0.007840000092983246
1,59,0.921875,0.4769507348537445,26.314727783203125,updated,1.2452243566513062,-0.41740602254867554,23.002880096435547,0.3812599778175354,0.39058223366737366,37.94738810000126,27.20117699909297,932,3,231,0,5,,0,64,-6.928585052490234,4.905828952789307,-1.8743360042572021,OUTBOUND,-20.149127960205078,-0.07698918034674815,0.007840000092983246
1,64,1.0,1.1115401983261108,26.325674057006836,updated,1.2455987930297852,-0.4188908636569977,12.605182647705078,0.09251517057418823,0.10049781948328018,37.97973238999839,27.18905151861355,933,3,232,0,0,,0,64,-6.928107738494873,4.909990310668945,-1.911234974861145,OUTBOUND,-20.18840980529785,-0.08030330722761224,0.007840000092983246
0,57,0.890625,0.4888979494571686,26.33495330810547,updated,1.245974063873291,-0.4215394854545593,12.830937385559082,0.08769784867763519,0.09343910217285156,38.11826925497735,27.176968597691324,934,3,233,1,7,WATCHDOG_DEADLINE,0,64,-6.928381443023682,4.919435501098633,-1.7916311025619507,OUTBOUND,-20.205577850341797,-0.08623566664850951,0.007840000092983246
1,56,0.875,1.378914475440979,26.169981002807617,updated,1.2463492155075073,-0.41466042399406433,37.596160888671875,5.837050437927246,5.851459503173828,38.1442595179833,27.16487108600589,935,3,234,0,8,,1,63,-6.92860746383667,4.885526180267334,-1.7856467962265015,OUTBOUND,-20.136878967285156,-0.12073752645142906,0.007840000092983246
1,54,0.84375,0.6586170196533203,26.118925094604492,updated,1.2467241287231445,-0.4098863899707794,1.1947100162506104,0.06129151210188866,0.06437074393033981,38.171820878982544,27.152734111419687,936,3,235,0,10,,0,64,-6.928318500518799,4.861269474029541,-1.6871882677078247,OUTBOUND,-20.109195709228516,-0.1606700012409375,0.007840000092983246
1,58,0.90625,0.8552139401435852,26.191871643066406,updated,1.2470992803573608,-0.41950589418411255,7.043842315673828,0.06513416022062302,0.06951054185628891,38.19740489497781,27.140609521246617,937,3,236,0,6,,0,64,-6.927958011627197,4.9023542404174805,-2.0494978427886963,OUTBOUND,-20.119674682617188,-0.19285421663781657,0.007840000092983246
1,58,0.90625,0.954943835735321,26.0711612701416,updated,1.2474753856658936,-0.4241980314254761,12.33195686340332,0.5830259919166565,0.5916674733161926,38.22696746099973,27.12846464786795,938,3,237,0,6,,1,63,-6.9282002449035645,4.9210100173950195,-2.094705104827881,OUTBOUND,-19.964195251464844,-0.17385670558345973,0.007840000092983246
1,60,0.9375,0.414633572101593,26.034311294555664,updated,1.247849941253662,-0.4015441834926605,9.717940330505371,0.6772078275680542,0.6691559553146362,38.257475142978365,27.116363805338594,939,3,238,0,4,,1,63,-6.929086208343506,4.815940856933594,-1.8422719240188599,FAILURE,-20.02254867553711,-0.12065816732262162,0.007840000092983246
1,56,0.875,0.9485014081001282,26.163166046142578,updated,1.2482249736785889,-0.42043712735176086,19.891263961791992,0.08597441762685776,0.09757278859615326,38.29450574799557,29.987984597022805,940,4,1,0,8,,0,64,-6.927958011627197,4.898804664611816,-2.1190857887268066,OUTBOUND,-20.008148193359375,-0.019360685343455343,0.007840000092983246
0,54,0.84375,0.6388376355171204,26.30179214477539,updated,1.2486006021499634,-0.4222932457923889,20.14621925354004,0.12151927500963211,0.12559884786605835,38.4260629589844,29.975913949384143,941,4,2,1,10,WATCHDOG_DEADLINE,0,64,-6.927958011627197,4.904602527618408,-1.8372169733047485,OUTBOUND,-20.09075164794922,-0.02642923968109522,0.007840000092983246
1,58,0.90625,0.9064705967903137,26.272340774536133,updated,1.2489757537841797,-0.41349080204963684,6.076197624206543,0.5837045907974243,0.5733276009559631,38.455255452980055,29.96381458463884,942,4,3,0,6,,1,63,-6.927958011627197,4.862375259399414,-1.9320815801620483,OUTBOUND,-20.085403442382812,-0.005514996650176333,0.007840000092983246
1,58,0.90625,0.5196673274040222,26.564899444580078,updated,1.2493513822555542,-0.4231018126010895,1.2598023414611816,0.08013242483139038,0.08297774940729141,38.48663842998212,29.951751428824288,943,4,4,0,6,,0,64,-6.9291181564331055,4.903088092803955,-1.8935785293579102,OUTBOUND,-20.347797393798828,0.037151319252420156,0.007840000092983246
1,51,0.796875,0.7618123292922974,26.525224685668945,updated,1.2497271299362183,-0.42080792784690857,13.044469833374023,0.5536426305770874,0.5649742484092712,38.512577821995365,29.93965559542327,944,4,5,0,13,,1,63,-6.927958011627197,4.890213966369629,-1.8393131494522095,OUTBOUND,-20.336854934692383,0.06908181336334188,0.007840000092983246
1,55,0.859375,0.4047853350639343,26.5252628326416,updated,1.2501033544540405,-0.42384588718414307,3.671435594558716,0.12772852182388306,0.12816789746284485,38.54538896799204,29.927557690939835,945,4,6,0,9,,0,64,-6.928213596343994,4.901291847229004,-1.655821681022644,OUTBOUND,-20.375404357910156,0.09940132357069127,0.007840000092983246
1,60,0.9375,1.3278924226760864,26.49727439880371,updated,1.2504796981811523,-0.42110124230384827,35.63086700439453,6.117249488830566,6.1397480964660645,38.67443027099944,29.915434740362954,946,4,7,0,4,,1,63,-6.928665637969971,4.88643217086792,-1.5929940938949585,OUTBOUND,-20.428537368774414,0.1152074686201173,0.007840000092983246
1,58,0.90625,0.8994408845901489,26.41224479675293,updated,1.250855803489685,-0.4196373224258423,31.955608367919922,6.082504749298096,6.095915794372559,38.70426517998567,29.903342804838577,947,4,8,0,6,,1,63,-6.927958011627197,4.877343654632568,-1.8568633794784546,OUTBOUND,-20.402542114257812,0.10504549007852633,0.007840000092983246
1,56,0.875,1.18414306640625,26.243932723999023,updated,1.2512307167053223,-0.40575164556503296,29.727426528930664,0.1352204829454422,0.13397954404354095,38.73562649599626,29.891234685876604,948,4,9,0,8,,0,64,-6.928128719329834,4.812783241271973,-1.8997955322265625,OUTBOUND,-20.254009246826172,0.11018172111083736,0.007840000092983246
1,54,0.84375,0.842811107635498,26.422290802001953,updated,1.2516059875488281,-0.42544442415237427,30.015880584716797,0.13564632833003998,0.14060315489768982,38.76624365898897,29.879119580541378,949,4,10,0,10,,0,64,-6.928640842437744,4.898223876953125,-1.8939027786254883,OUTBOUND,-20.28803253173828,0.12250943951480679,0.007840000092983246
1,57,0.890625,0.9083411693572998,26.45709800720215,updated,1.2519818544387817,-0.4265941083431244,14.987839698791504,0.5924134254455566,0.5867920517921448,38.7938501869794,29.86696199628906,950,4,11,0,7,,1,63,-6.92809534072876,4.900810241699219,-1.822426199913025,OUTBOUND,-20.26228904724121,0.1441671641827081,0.007840000092983246
0,58,0.90625,0.6934840083122253,26.552234649658203,updated,1.2523577213287354,-0.4236319661140442,14.172581672668457,0.5688985586166382,0.565942108631134,38.92930043998058,29.854757334023947,951,4,12,1,6,WATCHDOG_DEADLINE,1,63,-6.927958011627197,4.885089874267578,-1.805437684059143,OUTBOUND,-20.37413215637207,0.12410425134931884,0.007840000092983246
1,59,0.921875,0.581048309803009,26.561935424804688,updated,1.2527331113815308,-0.4152038097381592,24.511625289916992,0.10159897059202194,0.10594040155410767,38.95754003798356,29.842615185457195,952,4,13,0,5,,0,64,-6.927958011627197,4.845120906829834,-1.6891335248947144,OUTBOUND,-20.388877868652344,0.0675209852882548,0.007840000092983246
1,53,0.828125,0.6721671223640442,26.733871459960938,updated,1.253108263015747,-0.4216122031211853,4.018923759460449,0.583930253982544,0.5740959048271179,38.98252955899807,29.830490795413407,953,4,14,0,11,,1,63,-6.928525924682617,4.87110710144043,-1.6880251169204712,OUTBOUND,-20.544795989990234,0.019136203005732298,0.007840000092983246
1,61,0.953125,0.5296956896781921,26.915273666381836,updated,1.2534840106964111,-0.42746537923812866,2.564940929412842,0.05636495351791382,0.056493666023015976,39.00804331898689,29.818396023731935,954,4,15,0,3,,0,64,-6.928840160369873,4.894565582275391,-1.9693416357040405,OUTBOUND,-20.68964195251465,-0.011653667558431795,0.007840000092983246
1,56,0.875,0.5346872210502625,27.011308670043945,updated,1.2538602352142334,-0.42972517013549805,9.761575698852539,0.07070403546094894,0.07134540379047394,39.03528067498701,29.80626437450925,955,4,16,0,8,,0,64,-6.929543495178223,4.902054309844971,-1.9210125207901,OUTBOUND,-20.77288818359375,-0.0392219533548514,0.007840000092983246
1,56,0.875,0.8681831359863281,26.80682373046875,updated,1.254236102104187,-0.4204046428203583,56.829349517822266,6.774595260620117,6.813650608062744,39.07520989497425,29.794144530430454,956,4,17,0,8,,2,62,-6.928963661193848,4.858331203460693,-1.5603002309799194,OUTBOUND,-20.760404586791992,-0.060295508547150274,0.007840000092983246
1,56,0.875,1.3161119222640991,26.660030364990234,updated,1.2546119689941406,-0.42592471837997437,52.80658721923828,7.209399700164795,7.237081050872803,39.11477243798436,29.782035518275848,957,4,18,0,8,,3,61,-6.9284138679504395,4.8802409172058105,-1.4198123216629028,OUTBOUND,-20.73124885559082,-0.07282646947265839,0.007840000092983246
0,57,0.890625,0.782725989818573,26.498567581176758,updated,1.2549865245819092,-0.40863484144210815,0.8999703526496887,0.634986162185669,0.6397913098335266,39.24027688999195,29.769865381649826,958,4,19,1,7,WATCHDOG_DEADLINE,1,63,-6.927958011627197,4.8015313148498535,-1.8669718503952026,OUTBOUND,-20.599626541137695,-0.1192434893355576,0.007840000092983246
1,60,0.9375,0.9995660185813904,26.5687255859375,updated,1.2553616762161255,-0.430276095867157,32.01593780517578,0.2144973874092102,0.22048544883728027,39.2682620229898,29.757683015086023,959,4,20,0,4,,0,64,-6.9281487464904785,4.894447326660156,-2.0081472396850586,OUTBOUND,-20.489961624145508,-0.13907481190769508,0.007840000092983246
1,57,0.890625,0.9815126657485962,26.521224975585938,updated,1.2557361125946045,-0.418204128742218,40.93595504760742,0.7297139167785645,0.7311640977859497,39.292134110000916,29.745494220174606,960,4,21,0,7,,1,63,-6.927958011627197,4.838876724243164,-2.0487873554229736,OUTBOUND,-20.402341842651367,-0.15286424842675098,0.007840000092983246
1,55,0.859375,0.7499883770942688,26.669845581054688,updated,1.2561112642288208,-0.43220046162605286,51.222991943359375,0.29701703786849976,0.31085625290870667,39.31600438000169,29.733295219114204,961,4,22,0,9,,0,64,-6.9281005859375,4.897930145263672,-1.8672739267349243,OUTBOUND,-20.396535873413086,-0.14897885660672497,0.007840000092983246
1,60,0.9375,1.198667287826538,26.749378204345703,updated,1.256486415863037,-0.42610302567481995,5.531283855438232,6.172101020812988,6.173317909240723,39.33975793697755,29.721131247026047,962,4,23,0,4,,1,63,-6.928421974182129,4.868703365325928,-1.5196712017059326,OUTBOUND,-20.488479614257812,-0.1452184461298757,0.007840000092983246
1,56,0.875,0.7175151109695435,26.94330406188965,updated,1.2568621635437012,-0.43366357684135437,7.869581699371338,0.6212037801742554,0.6086304783821106,39.457051395991584,29.70895492228944,963,4,24,0,8,,1,63,-6.928445339202881,4.8993730545043945,-1.480289340019226,OUTBOUND,-20.686328887939453,-0.18679473056741008,0.007840000092983246
1,57,0.890625,0.8300533294677734,27.049091339111328,updated,1.2572376728057861,-0.42416873574256897,16.805997848510742,0.0734255313873291,0.07310689240694046,39.48166269797366,29.696711512890143,964,4,25,0,7,,0,64,-6.928466320037842,4.8553571701049805,-1.738021731376648,OUTBOUND,-20.818359375,-0.17417569113792314,0.007840000092983246
1,58,0.90625,0.8344066739082336,27.171113967895508,updated,1.2576136589050293,-0.43295449018478394,2.7079784870147705,0.09799528121948242,0.09966781735420227,39.50630946998717,29.684574057957747,965,4,26,0,6,,0,64,-6.927958011627197,4.8913164138793945,-1.7347307205200195,OUTBOUND,-20.93113899230957,-0.13630294804265422,0.007840000092983246
1,53,0.828125,0.8811690211296082,27.303224563598633,updated,1.2579904794692993,-0.4380614161491394,63.22916793823242,7.053134441375732,7.070549488067627,39.533670612989226,29.67242224918858,966,4,27,0,11,,2,62,-6.927977561950684,4.911129474639893,-1.637050747871399,OUTBOUND,-21.093887329101562,-0.12842889449130637,0.007840000092983246
1,54,0.84375,0.5103179216384888,27.264724731445312,updated,1.2583682537078857,-0.44219157099723816,13.081914901733398,0.07028460502624512,0.07350216805934906,39.55841242399765,29.66028271758414,967,4,28,0,10,,0,64,-6.928454399108887,4.926629543304443,-1.8667722940444946,OUTBOUND,-21.096389770507812,-0.13547379969145504,0.007840000092983246
0,56,0.875,1.2665363550186157,27.12740707397461,updated,1.2587459087371826,-0.4288620948791504,7.993459224700928,0.5756900906562805,0.5652276277542114,39.684005121001974,29.648115171940415,968,4,29,1,8,WATCHDOG_DEADLINE,1,63,-6.928299903869629,4.866111755371094,-1.3775739669799805,OUTBOUND,-21.032604217529297,-0.17268746212880345,0.007840000092983246
1,58,0.90625,0.4912567734718323,27.033767700195312,updated,1.2591240406036377,-0.43793946504592896,22.767980575561523,6.287667751312256,6.284639835357666,39.70982542500133,29.635933490780207,969,4,30,0,6,,1,63,-6.928465843200684,4.903125762939453,-1.8505334854125977,OUTBOUND,-20.939239501953125,-0.20591702874974438,0.007840000092983246
1,55,0.859375,0.6927462816238403,26.849634170532227,updated,1.2595025300979614,-0.4374329447746277,45.24245071411133,12.498566627502441,12.49638557434082,39.73303368498455,29.623734788144564,970,4,31,0,9,,2,62,-6.928536891937256,4.898446559906006,-1.7565892934799194,OUTBOUND,-20.855356216430664,-0.21622309243835855,0.007840000092983246
1,57,0.890625,0.9150760173797607,26.816299438476562,updated,1.259880781173706,-0.4303106367588043,44.61536407470703,0.24830970168113708,0.2653602659702301,39.75874571499298,29.611542623997778,971,4,32,0,7,,0,64,-6.928445339202881,4.865102767944336,-2.058384418487549,OUTBOUND,-20.722023010253906,-0.20437121113969073,0.007840000092983246
1,57,0.890625,1.1471143960952759,26.931625366210938,updated,1.2602596282958984,-0.4415256977081299,59.322452545166016,0.33271563053131104,0.35187116265296936,39.78275197799667,29.599363337241115,972,4,33,0,7,,0,64,-6.927958011627197,4.911225318908691,-1.9790340662002563,OUTBOUND,-20.694534301757812,-0.19721503383249725,0.007840000092983246
1,60,0.9375,0.9788579940795898,27.074743270874023,updated,1.2606391906738281,-0.4428248703479767,40.5911865234375,0.7411421537399292,0.7319778800010681,39.809226040990325,29.587182539265193,973,4,34,0,4,,1,63,-6.928107261657715,4.914357662200928,-1.9332538843154907,OUTBOUND,-20.76287078857422,-0.2125196145775764,0.007840000092983246
1,57,0.890625,0.5563600063323975,27.112483978271484,updated,1.2610176801681519,-0.4230111241340637,32.10950469970703,0.26018473505973816,0.25842100381851196,39.836393173987744,29.574981739557156,974,4,35,0,7,,0,64,-6.928989410400391,4.826323986053467,-1.8129186630249023,OUTBOUND,-20.859777450561523,-0.2191363405342067,0.007840000092983246
0,57,0.890625,0.9093078374862671,27.44367790222168,updated,1.2613965272903442,-0.4402197003364563,9.359404563903809,0.6108125448226929,0.601759672164917,39.96947761598858,29.56278396662878,975,4,36,1,7,WATCHDOG_DEADLINE,1,63,-6.928796291351318,4.8981614112854,-2.135986804962158,OUTBOUND,-21.050004959106445,-0.22858320092733808,0.007840000092983246
1,55,0.859375,0.923689067363739,27.558542251586914,updated,1.2617756128311157,-0.4397789239883423,6.382126331329346,0.09213284403085709,0.0945558249950409,39.995863352989545,29.550592467946878,976,4,37,0,9,,0,64,-6.928625583648682,4.893807888031006,-2.095740795135498,OUTBOUND,-21.20740509033203,-0.2401825071591266,0.007840000092983246
1,54,0.84375,0.5708785057067871,27.638643264770508,updated,1.2621543407440186,-0.43247902393341064,50.976924896240234,6.634758472442627,6.661488056182861,40.03001839798526,29.538398671632674,977,4,38,0,10,,1,63,-6.9289398193359375,4.859964847564697,-1.878358006477356,OUTBOUND,-21.467836380004883,-0.25907174400806227,0.007840000092983246
1,51,0.796875,0.8376251459121704,27.52315902709961,updated,1.2625328302383423,-0.4341156780719757,38.92228698730469,1.2004033327102661,1.2136075496673584,40.05783514797804,29.52617158783824,978,4,39,0,13,,2,62,-6.927958011627197,4.864597797393799,-1.4727847576141357,OUTBOUND,-21.418312072753906,-0.27440013193963597,0.007683150004595518
1,55,0.859375,0.6690186262130737,27.630956649780273,updated,1.2629127502441406,-0.4528280198574066,17.048288345336914,0.10176968574523926,0.10895055532455444,40.08314938397962,29.513956103146317,979,4,40,0,9,,0,64,-6.9285359382629395,4.942468166351318,-1.821869969367981,OUTBOUND,-21.378498077392578,-0.2528328537291795,0.007840000092983246
1,57,0.890625,0.28333407640457153,27.550399780273438,updated,1.2632924318313599,-0.43819940090179443,14.107375144958496,0.5514072179794312,0.5537143349647522,40.209489289991325,29.501775013607574,980,4,41,0,7,,1,63,-6.928733825683594,4.877294540405273,-1.7176984548568726,OUTBOUND,-21.438594818115234,-0.23047155672593111,0.007840000092983246
1,57,0.890625,1.1321583986282349,27.44911766052246,updated,1.263672113418579,-0.43891146779060364,12.379234313964844,0.08071614801883698,0.08778019994497299,40.23338038599468,29.489591949327497,981,4,42,0,7,,0,64,-6.928977966308594,4.877926349639893,-1.8234354257583618,OUTBOUND,-21.334918975830078,-0.24111997580533612,0.007667109835892916
1,58,0.90625,0.633325457572937,27.32448387145996,updated,1.2640515565872192,-0.43636107444763184,27.973838806152344,6.682862281799316,6.671018123626709,40.26027587798308,29.477399820835068,982,4,43,0,6,,1,63,-6.927958011627197,4.8646159172058105,-1.6744921207427979,OUTBOUND,-21.284015655517578,-0.2657944399965847,0.007566024549305439
1,60,0.9375,0.5253889560699463,27.351503372192383,updated,1.2644307613372803,-0.4377734363079071,27.102642059326172,0.24881993234157562,0.263988196849823,40.28624771098839,29.46518878252084,983,4,44,0,4,,0,64,-6.927957534790039,4.868255138397217,-1.7754664421081543,OUTBOUND,-21.227100372314453,-0.26968350005794506,0.007561527658253908
1,60,0.9375,0.29657307267189026,27.316356658935547,updated,1.2648097276687622,-0.4374859929084778,41.42860794067383,0.20679622888565063,0.21848829090595245,40.31221283398918,29.452974860611917,984,4,45,0,4,,0,64,-6.92878532409668,4.864641189575195,-1.9489613771438599,OUTBOUND,-21.115440368652344,-0.294990263370763,0.007560000289231539
0,56,0.875,0.45190927386283875,27.543048858642578,updated,1.2651894092559814,-0.4472272992134094,26.867977142333984,0.13218630850315094,0.13540726900100708,40.44236115299282,29.44071659863658,985,4,46,1,8,WATCHDOG_DEADLINE,0,64,-6.928452491760254,4.903728485107422,-1.9404094219207764,OUTBOUND,-21.235862731933594,-0.3477766125033051,0.007560000289231539
1,59,0.921875,0.4775109589099884,27.549848556518555,updated,1.2655688524246216,-0.43981316685676575,24.339475631713867,0.1148427277803421,0.1107386127114296,40.47050494997529,29.42845366233156,986,4,47,0,5,,0,64,-6.928480625152588,4.869780540466309,-1.7898281812667847,OUTBOUND,-21.269254684448242,-0.3687339274757534,0.007560000289231539
1,56,0.875,0.8553520441055298,27.841510772705078,updated,1.2659485340118408,-0.44505593180656433,11.322117805480957,0.07690697908401489,0.07409316301345825,40.494699691975256,29.41615250175425,987,4,48,0,8,,0,64,-6.929512977600098,4.889659881591797,-1.901845097541809,OUTBOUND,-21.52120590209961,-0.3527132781697333,0.007560000289231539
1,58,0.90625,0.8656908869743347,27.932157516479492,updated,1.2663289308547974,-0.4509556293487549,2.155137538909912,0.2067081332206726,0.21157318353652954,40.522540831996594,29.403923475477523,988,4,49,0,6,,0,64,-6.928610324859619,4.91227388381958,-1.6450897455215454,OUTBOUND,-21.563079833984375,-0.3411203762120862,0.007560000289231539
1,52,0.8125,1.296401858329773,27.9842529296875,updated,1.2667090892791748,-0.4393170475959778,9.300301551818848,0.11646845936775208,0.1206633448600769,40.55024028397747,29.391675387860143,989,4,50,0,12,,0,64,-6.928843021392822,4.860550403594971,-1.7061784267425537,OUTBOUND,-21.745336532592773,-0.3181186800714156,0.007671605795621872
1,56,0.875,1.3644280433654785,28.06842613220215,updated,1.2670893669128418,-0.44610971212387085,38.9710807800293,0.7150471210479736,0.7279081344604492,40.57740093299071,29.37948515516667,990,4,51,0,8,,1,63,-6.92944860458374,4.8869194984436035,-2.024874210357666,OUTBOUND,-21.847837448120117,-0.30385042703927256,0.007560000289231539
1,57,0.890625,0.3510333299636841,27.942899703979492,updated,1.2674686908721924,-0.4335934519767761,22.4132137298584,0.6232426762580872,0.6270400881767273,40.60893571699853,29.367288023522224,991,4,52,0,7,,1,63,-6.929397106170654,4.831653118133545,-1.8852944374084473,OUTBOUND,-21.82670783996582,-0.3095729113552501,0.007560000289231539
0,59,0.921875,0.8318122029304504,27.88060760498047,updated,1.2678478956222534,-0.4414082467556,15.17021369934082,0.09921548515558243,0.0967327281832695,40.74535515598836,29.355070107411887,992,4,53,1,5,STALE_OR_INCOMPLETE_BUNDLE,0,64,-6.927977561950684,4.862311363220215,-1.6597685813903809,OUTBOUND,-21.779977798461914,-0.33134109712286197,0.007560000289231539
1,55,0.859375,0.6522069573402405,27.85415267944336,updated,1.2682266235351562,-0.43854835629463196,1.9131485223770142,0.1159738153219223,0.11203201115131378,40.77822148698033,29.342836094776025,993,4,54,0,9,,0,64,-6.929316997528076,4.8479132652282715,-1.8475626707077026,OUTBOUND,-21.74604606628418,-0.3680143038216191,0.007560000289231539
1,56,0.875,0.8588054776191711,27.872865676879883,updated,1.2686054706573486,-0.4451834559440613,4.659406661987305,0.10495246946811676,0.10864710807800293,40.80687418099842,29.330561494003092,994,4,55,0,8,,0,64,-6.930294036865234,4.873513698577881,-1.8331525325775146,OUTBOUND,-21.73843002319336,-0.3615993801018993,0.007560000289231539
1,57,0.890625,0.7169751524925232,27.870014190673828,updated,1.2689850330352783,-0.45326244831085205,28.443443298339844,0.12429585307836533,0.13624463975429535,40.83713765797438,29.318278980845655,995,4,56,0,7,,0,64,-6.929238319396973,4.905118942260742,-1.8190938234329224,OUTBOUND,-21.62211036682129,-0.3526807228225104,0.007560000289231539
1,54,0.84375,0.6697009205818176,27.930185317993164,updated,1.2693654298782349,-0.4558202922344208,20.916170120239258,6.850099086761475,6.846708297729492,40.86736958299298,29.305937205145128,996,4,57,0,10,,1,63,-6.928493976593018,4.913463592529297,-1.946548342704773,OUTBOUND,-21.685401916503906,-0.3545153151642999,0.007560000289231539
0,62,0.96875,0.4595416784286499,27.71862030029297,updated,1.2697453498840332,-0.4401855766773224,14.022061347961426,6.847051620483398,6.864071846008301,40.9997833299858,29.293643804159778,997,4,58,1,2,STALE_OR_INCOMPLETE_BUNDLE,1,63,-6.928983688354492,4.845509052276611,-1.6785609722137451,OUTBOUND,-21.61952018737793,-0.38604313120848943,0.007560000289231539
1,58,0.90625,0.4282951056957245,27.831562042236328,updated,1.270125389099121,-0.4503433406352997,21.80982780456543,0.6073193550109863,0.6061398983001709,41.02779554697918,29.281346532460862,998,4,59,0,6,,1,63,-6.928155899047852,4.885731220245361,-1.7850672006607056,OUTBOUND,-21.61593246459961,-0.408461059294992,0.007560000289231539
1,53,0.828125,1.2349884510040283,27.882970809936523,updated,1.2705062627792358,-0.4554131031036377,38.13902282714844,0.2033412903547287,0.19547495245933533,41.05610517098103,29.26907872008975,999,4,60,0,11,,0,64,-6.929112911224365,4.904572486877441,-1.4521853923797607,OUTBOUND,-21.616819381713867,-0.3670578827812913,0.007560000289231539
1,61,0.953125,0.5564629435539246,27.79216194152832,updated,1.2708860635757446,-0.43637144565582275,1.7021514177322388,6.9335808753967285,6.935720443725586,41.08699899198837,29.256813378731447,1000,4,61,0,3,,1,63,-6.928908824920654,4.822653293609619,-2.0762789249420166,OUTBOUND,-21.622249603271484,-0.3315122199010874,0.007560000289231539
1,53,0.828125,1.2207766771316528,27.812280654907227,updated,1.271264672279358,-0.43545201420783997,19.912534713745117,7.371416091918945,7.377589702606201,41.116569656995125,29.244544967496058,1001,4,62,0,11,,1,63,-6.927958011627197,4.816545486450195,-2.034196615219116,OUTBOUND,-21.712909698486328,-0.33680004840393934,0.007560000289231539
1,56,0.875,0.8141656517982483,28.110626220703125,updated,1.2716439962387085,-0.4540698528289795,21.810379028320312,0.6091005802154541,0.6045222282409668,41.24316732797888,29.232258485352038,1002,4,63,0,8,,1,63,-6.930207252502441,4.8918609619140625,-1.6778373718261719,OUTBOUND,-21.830224990844727,-0.35600950458473113,0.007560000289231539
1,60,0.9375,0.6072923541069031,28.226404190063477,updated,1.272024393081665,-0.460819274187088,24.080427169799805,0.11351826786994934,0.11444007605314255,41.2686795059999,29.21995847571072,1003,4,64,0,4,,0,64,-6.9287824630737305,4.917599201202393,-1.7461804151535034,OUTBOUND,-21.86858367919922,-0.3633753233107613,0.007560000289231539
1,57,0.890625,0.6308000087738037,28.282564163208008,updated,1.272404432296753,-0.44657102227211,22.4835262298584,0.11476318538188934,0.1160573959350586,41.29121951299021,29.207630444357317,1004,4,65,0,7,,0,64,-6.92809534072876,4.8559980392456055,-1.7376984357833862,OUTBOUND,-21.934650421142578,-0.3468340908675069,0.007560000289231539
1,61,0.953125,1.138837218284607,28.37545394897461,updated,1.272784948348999,-0.4552142024040222,5.336203098297119,0.12339723110198975,0.12467427551746368,41.31677111500176,29.195373078521705,1005,4,66,0,3,,0,64,-6.929275035858154,4.8895745277404785,-1.931872010231018,OUTBOUND,-22.042606353759766,-0.309004107736673,0.0077901557087898254
1,55,0.859375,0.8047580718994141,28.515090942382812,updated,1.273166298866272,-0.4616928696632385,8.896031379699707,0.12433063238859177,0.1244940459728241,41.34955255797831,29.18316472977019,1006,4,67,0,9,,0,64,-6.9291768074035645,4.914090633392334,-1.8088096380233765,OUTBOUND,-22.164579391479492,-0.28596115006550044,0.007840000092983246
1,55,0.859375,0.7851725220680237,28.542682647705078,updated,1.273547649383545,-0.4521819055080414,32.49306106567383,0.7035181522369385,0.6875491738319397,41.37937098398106,29.170963348987687,1007,4,68,0,9,,1,63,-6.929797172546387,4.872334957122803,-1.585281491279602,OUTBOUND,-22.323945999145508,-0.2666018730228736,0.007840000092983246
1,56,0.875,0.4443489909172058,28.53634262084961,updated,1.2739301919937134,-0.4665813446044922,31.901885986328125,0.6295152902603149,0.6265732049942017,41.40416781598469,29.158778566322013,1008,4,69,0,8,,1,63,-6.927958011627197,4.929565906524658,-1.738627552986145,OUTBOUND,-22.269594192504883,-0.260438295867143,0.007840000092983246
1,53,0.828125,1.4964832067489624,28.291568756103516,updated,1.27431321144104,-0.4614247977733612,85.54737854003906,14.185805320739746,14.197078704833984,41.52685974497581,29.14655132267738,1009,4,70,0,11,,2,62,-6.9284138679504395,4.9058732986450195,-2.3570291996002197,OUTBOUND,-22.218111038208008,-0.2584313544497091,0.007840000092983246
1,57,0.890625,0.5491591691970825,28.138216018676758,updated,1.2746964693069458,-0.45925816893577576,23.11202049255371,7.075730323791504,7.070805072784424,41.551274607976666,29.134381265728894,1010,4,71,0,7,,1,63,-6.928596496582031,4.894571781158447,-1.6472978591918945,OUTBOUND,-22.119810104370117,-0.24860461768931144,0.007840000092983246
1,52,0.8125,0.7706729769706726,27.9869384765625,updated,1.2750791311264038,-0.4480932950973511,48.21702575683594,0.24830710887908936,0.2579563856124878,41.57467866098159,29.1221717482586,1011,4,72,0,12,,0,64,-6.930427551269531,4.8462233543396,-2.027519941329956,OUTBOUND,-21.894271850585938,-0.23166846864914456,0.007840000092983246
1,58,0.90625,0.6421475410461426,27.963294982910156,updated,1.2754623889923096,-0.46260300278663635,56.69256591796875,0.8483633995056152,0.8436679244041443,41.59808729798533,29.110002695496032,1012,4,73,0,6,,1,63,-6.929147243499756,4.903651237487793,-1.8936156034469604,OUTBOUND,-21.730077743530273,-0.2006493856441193,0.007840000092983246
1,56,0.875,0.899509847164154,28.19732093811035,updated,1.2758451700210571,-0.4538911283016205,65.87203979492188,0.38081294298171997,0.3775421977043152,41.624833592999494,29.097799689507358,1013,4,74,0,8,,0,64,-6.9303178787231445,4.865494251251221,-1.5936442613601685,OUTBOUND,-21.842008590698242,-0.20839510721762242,0.007840000092983246
1,62,0.96875,0.806201159954071,28.31828498840332,updated,1.276228427886963,-0.4611958861351013,51.571815490722656,0.3055851459503174,0.29824936389923096,41.76126241899328,29.085608469931977,1014,4,75,0,2,,0,64,-6.929736137390137,4.893181800842285,-1.735886812210083,OUTBOUND,-21.81964111328125,-0.2103897713474709,0.007840000092983246
1,60,0.9375,0.6547070145606995,28.62019157409668,updated,1.2766118049621582,-0.4597683250904083,36.93645477294922,0.1737060397863388,0.16500717401504517,41.788596118974965,29.07346474374154,1015,4,76,0,4,,0,64,-6.928668022155762,4.884997844696045,-1.5449423789978027,OUTBOUND,-22.093027114868164,-0.2053673236549761,0.007840000092983246
1,60,0.9375,0.5555374026298523,28.562705993652344,updated,1.276994228363037,-0.4471760094165802,80.20153045654297,14.148580551147461,14.178773880004883,41.814863703999436,29.061286958372126,1016,4,77,0,4,,2,62,-6.9288787841796875,4.831116676330566,-1.693519949913025,OUTBOUND,-22.337337493896484,-0.19777348973286288,0.007840000092983246
1,58,0.90625,0.5773906111717224,28.60283660888672,updated,1.2773754596710205,-0.4433373808860779,41.05002212524414,7.260143756866455,7.277476787567139,41.84191371299676,29.04912300465209,1017,4,78,0,6,,1,63,-6.9299116134643555,4.813173294067383,-1.7001795768737793,OUTBOUND,-22.476783752441406,-0.14900756928165707,0.007840000092983246
1,51,0.796875,1.4313490390777588,28.782827377319336,updated,1.2777575254440308,-0.46717339754104614,1.7942681312561035,0.11549210548400879,0.11703930795192719,41.968707864987664,29.03702558475948,1018,4,79,0,13,,0,64,-6.929067611694336,4.908329486846924,-1.7213741540908813,OUTBOUND,-22.474586486816406,-0.12773225878766722,0.007840000092983246
1,60,0.9375,0.9463247656822205,28.728437423706055,updated,1.278139352798462,-0.4555432200431824,1.1998846530914307,0.08760394155979156,0.09412750601768494,41.997518756979844,29.02491769641796,1019,4,80,0,4,,0,64,-6.928440570831299,4.858551979064941,-1.3935593366622925,OUTBOUND,-22.493852615356445,-0.13724569368684408,0.007840000092983246
1,58,0.90625,0.9763978123664856,28.615684509277344,updated,1.278520941734314,-0.4558764696121216,1.8473347425460815,0.08311242610216141,0.08847574144601822,42.02413534600055,29.01277478473236,1020,4,81,0,6,,0,64,-6.928585052490234,4.857646942138672,-1.5577709674835205,OUTBOUND,-22.429744720458984,-0.11999458366821468,0.007840000092983246
1,57,0.890625,0.699364185333252,28.739198684692383,updated,1.2789033651351929,-0.46879175305366516,8.339750289916992,0.10979894548654556,0.11495420336723328,42.05244170798687,29.000674540694703,1021,4,82,0,7,,0,64,-6.929625511169434,4.907954216003418,-1.8060132265090942,OUTBOUND,-22.452974319458008,-0.07705458813166549,0.007840000092983246
1,57,0.890625,0.9504882097244263,28.75261878967285,updated,1.2792867422103882,-0.4711894094944,25.551219940185547,7.328290939331055,7.325318813323975,42.07661103998544,28.98860545101628,1022,4,83,0,7,,1,63,-6.929595470428467,4.915380477905273,-2.112368583679199,OUTBOUND,-22.47670555114746,-0.04956473508110226,0.007840000092983246
1,59,0.921875,0.7307496070861816,28.747804641723633,updated,1.2796701192855835,-0.4624709188938141,21.98155975341797,0.10458533465862274,0.11107023805379868,42.100706837984035,28.976521275438106,1023,4,84,0,5,,0,64,-6.930641174316406,4.877653121948242,-1.8890668153762817,OUTBOUND,-22.496055603027344,-0.0515807578045445,0.007840000092983246
1,58,0.90625,0.5749790668487549,28.657211303710938,updated,1.280053734779358,-0.4642244279384613,18.18807601928711,7.192904472351074,7.185169696807861,42.12811404798413,28.964421227797132,1024,4,85,0,6,,1,63,-6.929322242736816,4.882482051849365,-1.7118196487426758,OUTBOUND,-22.429765701293945,-0.05623474682200935,0.007840000092983246
1,58,0.90625,0.9153093099594116,28.63529396057129,updated,1.2804373502731323,-0.46216481924057007,6.762928009033203,0.6171289086341858,0.6236861944198608,42.254392180999275,28.952332497285692,1025,4,86,0,6,,1,63,-6.928585052490234,4.871854782104492,-1.986851453781128,OUTBOUND,-22.425682067871094,-0.04122724864014593,0.007840000092983246
1,56,0.875,0.6182664036750793,28.71237564086914,updated,1.2808209657669067,-0.4649740159511566,16.68116569519043,0.7332514524459839,0.7224628329277039,42.286011622985825,28.940226542737804,1026,4,87,0,8,,1,63,-6.9297003746032715,4.880950450897217,-1.8100550174713135,OUTBOUND,-22.42157745361328,-0.006563815953438305,0.007840000092983246
1,55,0.859375,1.0049254894256592,28.766006469726562,updated,1.2812042236328125,-0.457680881023407,35.33603286743164,0.21430519223213196,0.20958980917930603,42.30854028498288,28.92811965295875,1027,4,88,0,9,,0,64,-6.928364276885986,4.849206447601318,-1.7811247110366821,OUTBOUND,-22.45379066467285,0.014668946166493802,0.007840000092983246
1,58,0.90625,1.1222341060638428,28.90708351135254,updated,1.2815883159637451,-0.47372519969940186,21.75244140625,0.10950411856174469,0.10511472076177597,42.33699245098978,28.91602579071843,1028,4,89,0,6,,0,64,-6.928390979766846,4.9117207527160645,-1.9026590585708618,OUTBOUND,-22.507221221923828,0.03713434355567043,0.007840000092983246
1,56,0.875,0.8742586374282837,29.120927810668945,updated,1.2819737195968628,-0.4821620285511017,5.6049041748046875,0.6549854874610901,0.6580787897109985,42.36805080898921,28.903911110218793,1029,4,90,0,8,,1,63,-6.930821895599365,4.943417072296143,-2.117781400680542,OUTBOUND,-22.643848419189453,0.06105602943963812,0.007840000092983246
1,55,0.859375,1.2028194665908813,29.201038360595703,updated,1.2823587656021118,-0.46293625235557556,8.123186111450195,0.07335607707500458,0.07542480528354645,42.501614950975636,28.891761887766116,1030,4,91,0,9,,0,64,-6.929197788238525,4.863666534423828,-2.288020372390747,OUTBOUND,-22.829856872558594,0.04902212084129951,0.007840000092983246
1,60,0.9375,0.7376124262809753,29.119640350341797,updated,1.2827438116073608,-0.4659171402454376,40.11130905151367,7.370296001434326,7.371039390563965,42.52729789697332,28.87963864800723,1031,4,92,0,4,,1,63,-6.93030309677124,4.873401165008545,-1.7480614185333252,OUTBOUND,-22.81882095336914,0.03663693744736487,0.007840000092983246
1,56,0.875,0.5625150203704834,29.20803451538086,updated,1.2831284999847412,-0.4634910225868225,18.521398544311523,0.15502654016017914,0.1579030156135559,42.55287077499088,28.867513003382747,1032,4,93,0,8,,0,64,-6.930337429046631,4.8613996505737305,-1.8712302446365356,OUTBOUND,-22.97960090637207,0.0612991217273452,0.007840000092983246
1,61,0.953125,0.6311981678009033,29.031774520874023,updated,1.2835118770599365,-0.4519588053226471,1.1571162939071655,0.06415946781635284,0.0675264224410057,42.57974081998691,28.85536964178714,1033,4,94,0,3,,0,64,-6.928626537322998,4.812902927398682,-1.5580487251281738,OUTBOUND,-22.87842559814453,0.09678005924864341,0.007840000092983246
1,57,0.890625,0.7570327520370483,29.14057731628418,updated,1.2838959693908691,-0.4741140305995941,9.653762817382812,0.11817992478609085,0.1235615536570549,42.60831467999378,28.843214179747434,1034,4,95,0,7,,0,64,-6.9295220375061035,4.899495601654053,-1.7881646156311035,OUTBOUND,-22.808122634887695,0.09225037715320679,0.007840000092983246
0,60,0.9375,0.9590180516242981,29.26673126220703,updated,1.284280776977539,-0.476584792137146,1.414175033569336,0.1256243884563446,0.1281602829694748,42.77462928998284,28.83101722109144,1035,4,96,1,4,WATCHDOG_DEADLINE,0,64,-6.92858362197876,4.907108783721924,-2.0426857471466064,OUTBOUND,-22.964397430419922,0.03194875794241117,0.007840000092983246
1,58,0.90625,0.6484232544898987,28.957984924316406,updated,1.2846653461456299,-0.4653230309486389,67.31655883789062,15.037626266479492,15.019989013671875,42.80642359898775,28.818932513277993,1036,4,97,0,6,,2,62,-6.929791450500488,4.8598127365112305,-1.8424921035766602,OUTBOUND,-22.831588745117188,0.010006538005313783,0.007840000092983246
1,57,0.890625,1.62615168094635,28.89802360534668,updated,1.285050630569458,-0.4797538220882416,37.07426452636719,0.16444526612758636,0.17391717433929443,42.8341072559997,28.806880983662477,1037,4,98,0,7,,0,64,-6.929133415222168,4.915198802947998,-1.9806252717971802,OUTBOUND,-22.635074615478516,0.03370207078489299,0.007840000092983246
1,59,0.921875,0.8810104131698608,28.996397018432617,updated,1.2854359149932861,-0.4694885313510895,38.175018310546875,0.21532171964645386,0.21945376694202423,42.8591848849901,28.794818596483168,1038,4,99,0,5,,0,64,-6.929461479187012,4.871977806091309,-1.9516030550003052,OUTBOUND,-22.696121215820312,0.035685269491477906,0.007840000092983246
1,54,0.84375,0.3815740644931793,29.062095642089844,updated,1.2858210802078247,-0.46841633319854736,28.39879608154297,0.2626703381538391,0.2611716091632843,42.883298537984956,28.782747793607594,1039,4,100,0,10,,0,64,-6.929694175720215,4.865472793579102,-1.8468846082687378,OUTBOUND,-22.690092086791992,0.025383759472086275,0.007840000092983246
1,54,0.84375,0.6269202828407288,29.12563133239746,updated,1.286205768585205,-0.4659125506877899,5.278750419616699,7.455928325653076,7.454800605773926,42.91088051299448,28.770691778071175,1040,4,101,0,10,,1,63,-6.9298014640808105,4.85329008102417,-2.0490920543670654,OUTBOUND,-22.81588363647461,0.013038589574523545,0.007840000092983246
1,58,0.90625,0.3929445147514343,29.345460891723633,updated,1.286590814590454,-0.4739078879356384,20.101699829101562,0.2653765380382538,0.2640038728713989,42.943103113997495,28.758608551843388,1041,4,102,0,6,,0,64,-6.928253650665283,4.8828535079956055,-1.7457355260849,OUTBOUND,-22.94647979736328,0.0024729567536288287,0.007840000092983246
0,54,0.84375,0.6037006378173828,29.349035263061523,updated,1.2869757413864136,-0.47163617610931396,4.7738356590271,1.2942571640014648,1.285510778427124,43.07727656199131,28.74649956320747,1042,4,103,1,10,STALE_OR_INCOMPLETE_BUNDLE,2,62,-6.92998743057251,4.871602535247803,-1.6365138292312622,OUTBOUND,-22.92957305908203,-0.047973196899915437,0.007840000092983246
1,58,0.90625,0.8813076019287109,29.362789154052734,updated,1.2873607873916626,-0.47300660610198975,6.4581990242004395,0.5706053972244263,0.571967601776123,43.10365280599217,28.7344018548212,1043,4,104,0,6,,1,63,-6.928574562072754,4.874814987182617,-1.8270930051803589,OUTBOUND,-23.011838912963867,-0.11503495605733367,0.007840000092983246
1,54,0.84375,0.8618531823158264,29.408653259277344,updated,1.2877466678619385,-0.48219218850135803,32.99146270751953,7.750151634216309,7.748990535736084,43.12617773999227,28.722278833866902,1044,4,105,0,10,,1,63,-6.928565502166748,4.90895938873291,-1.706953525543213,OUTBOUND,-23.130359649658203,-0.14302751728447058,0.007840000092983246
1,57,0.890625,1.1306689977645874,29.45458984375,updated,1.2881332635879517,-0.4834619164466858,34.515438079833984,7.755954742431641,7.749921798706055,43.15345910398173,28.71013184777207,1045,4,106,0,7,,1,63,-6.931232452392578,4.911718368530273,-1.8816062211990356,OUTBOUND,-23.20377540588379,-0.17249452304328916,0.007840000092983246
1,56,0.875,1.1179611682891846,29.3935546875,updated,1.2885202169418335,-0.47945162653923035,10.677377700805664,0.08204770088195801,0.08666578680276871,43.1788339719933,28.697959047426256,1046,4,107,0,8,,0,64,-6.930237293243408,4.893612861633301,-1.9328724145889282,OUTBOUND,-23.114164352416992,-0.2013977079469686,0.007840000092983246
0,56,0.875,0.47595933079719543,29.330488204956055,updated,1.288907527923584,-0.4799669086933136,19.090877532958984,7.714766025543213,7.7046966552734375,43.30811909699696,28.685760006015922,1047,4,108,1,8,STALE_OR_INCOMPLETE_BUNDLE,1,63,-6.92860746383667,4.893402099609375,-1.7455332279205322,OUTBOUND,-23.068435668945312,-0.2403405508549613,0.007840000092983246
1,59,0.921875,0.7405928373336792,29.30536651611328,updated,1.2892953157424927,-0.48479586839675903,37.173316955566406,0.17261001467704773,0.18839234113693237,43.336798505974,28.673567975173487,1048,4,109,0,5,,0,64,-6.928574562072754,4.910187244415283,-1.6531685590744019,OUTBOUND,-22.982189178466797,-0.26979363543787244,0.007840000092983246
1,60,0.9375,0.36421021819114685,29.311819076538086,updated,1.2896835803985596,-0.4829481244087219,2.6754519939422607,7.762674331665039,7.756540775299072,43.36402343199006,28.661372593547036,1049,4,110,0,4,,1,63,-6.928670406341553,4.900652885437012,-1.76480233669281,OUTBOUND,-22.99150276184082,-0.27940956348028184,0.007840000092983246
1,57,0.890625,0.2839181125164032,29.450820922851562,updated,1.2900726795196533,-0.4893636107444763,20.290077209472656,0.7006469964981079,0.6923263669013977,43.38948955098749,28.649133617592213,1050,4,111,0,7,,1,63,-6.927958011627197,4.923623085021973,-1.774009346961975,OUTBOUND,-23.04593849182129,-0.2920866432637404,0.007840000092983246
1,55,0.859375,0.6520524621009827,29.524246215820312,updated,1.2904614210128784,-0.47708046436309814,25.31352424621582,0.6256445646286011,0.6261256337165833,43.414607501996215,28.63694109420795,1051,4,112,0,9,,1,63,-6.929190158843994,4.873117923736572,-1.8068897724151611,OUTBOUND,-23.113046646118164,-0.29369124911059824,0.007840000092983246
1,59,0.921875,0.921231746673584,29.608476638793945,updated,1.290850043296814,-0.4775119125843048,28.163740158081055,0.19532662630081177,0.18975546956062317,43.535383705981076,28.624743710503182,1052,4,113,0,5,,0,64,-6.92860221862793,4.872596740722656,-1.6965352296829224,OUTBOUND,-23.184829711914062,-0.2768499182758259,0.007840000092983246
1,57,0.890625,0.6133831739425659,29.761390686035156,updated,1.2912381887435913,-0.4755748212337494,8.883264541625977,0.6396296620368958,0.6287363171577454,43.567613096995046,28.61257450088116,1053,4,114,0,7,,1,63,-6.928596496582031,4.862800598144531,-1.7045985460281372,OUTBOUND,-23.331884384155273,-0.2733496591461996,0.007840000092983246
1,59,0.921875,0.5789029002189636,29.859651565551758,updated,1.291627287864685,-0.49230140447616577,2.910874605178833,0.5804303884506226,0.5822940468788147,43.593965227977606,28.60038933434663,1054,4,115,0,5,,1,63,-6.928090572357178,4.926050186157227,-1.9384210109710693,OUTBOUND,-23.379901885986328,-0.2918501105832779,0.007840000092983246
1,56,0.875,0.5582033395767212,29.989242553710938,updated,1.292016625404358,-0.486436665058136,1.6852537393569946,0.08529464900493622,0.08767109364271164,43.620432710973546,28.58821505273047,1055,4,116,0,8,,0,64,-6.929988861083984,4.900864601135254,-1.7933787107467651,OUTBOUND,-23.590106964111328,-0.29561715428217405,0.007840000092983246
1,58,0.90625,0.7868967056274414,30.112594604492188,updated,1.2924071550369263,-0.49656999111175537,5.230592250823975,0.08084173500537872,0.08454281091690063,43.64820826597861,28.57601333313653,1056,4,117,0,6,,0,64,-6.92937707901001,4.938179969787598,-1.7559053897857666,OUTBOUND,-23.664133071899414,-0.2825320009868838,0.007840000092983246
1,56,0.875,0.7441986799240112,30.166259765625,updated,1.2927976846694946,-0.48526838421821594,22.770767211914062,0.11924732476472855,0.12250503152608871,43.67272288198001,28.563865642750287,1057,4,118,0,8,,0,64,-6.928924560546875,4.891836643218994,-1.7358907461166382,OUTBOUND,-23.819721221923828,-0.2609984723727563,0.007840000092983246
1,59,0.921875,0.6512443423271179,29.915935516357422,updated,1.2931883335113525,-0.4867028295993805,80.84037017822266,9.253982543945312,9.22963809967041,43.69540330697782,28.55169658820216,1058,4,119,0,5,,3,61,-6.929515361785889,4.895196437835693,-1.9385011196136475,OUTBOUND,-23.71160888671875,-0.2603394028346193,0.007840000092983246
1,60,0.9375,0.6504401564598083,29.628841400146484,updated,1.2935791015625,-0.4889293313026428,84.24365234375,15.724006652832031,15.690311431884766,43.826003622001735,28.5394752847093,1059,4,120,0,4,,2,62,-6.928564071655273,4.901629447937012,-1.7559255361557007,OUTBOUND,-23.563945770263672,-0.24584389386865116,0.007840000092983246
1,59,0.921875,0.6161637306213379,29.55970573425293,updated,1.2939691543579102,-0.47529110312461853,32.81539535522461,0.1572679877281189,0.17521271109580994,43.85186462898855,28.52732609212514,1060,4,121,0,5,,0,64,-6.927977561950684,4.846415042877197,-1.781591534614563,OUTBOUND,-23.465904235839844,-0.23617285658373485,0.007840000092983246
1,60,0.9375,1.0474318265914917,29.532970428466797,updated,1.2943589687347412,-0.4838848412036896,47.61524963378906,0.7821583151817322,0.8021687865257263,43.87892794900108,28.51515675684589,1061,4,122,0,4,,1,63,-6.929854869842529,4.8776021003723145,-1.872957468032837,OUTBOUND,-23.281761169433594,-0.2617839689445655,0.007840000092983246
1,56,0.875,0.9622413516044617,29.567157745361328,updated,1.2947489023208618,-0.4873714745044708,77.11368560791016,0.4469236731529236,0.4720568060874939,43.90944317099638,28.502949670966565,1062,4,123,0,8,,0,64,-6.929927349090576,4.888923168182373,-1.7162983417510986,OUTBOUND,-23.192989349365234,-0.28126156312670214,0.007840000092983246
1,55,0.859375,0.7503742575645447,29.712432861328125,updated,1.2951390743255615,-0.49061843752861023,22.842479705810547,8.040837287902832,8.032767295837402,43.942046146985376,28.490718288436945,1063,4,124,0,9,,1,63,-6.9296555519104,4.899290561676025,-1.6277602910995483,OUTBOUND,-23.240142822265625,-0.2791346127384767,0.007840000092983246
1,60,0.9375,0.7822867035865784,29.814157485961914,updated,1.2955293655395508,-0.4876907467842102,20.342622756958008,7.965104579925537,7.9647698402404785,44.09848692599917,28.478522407263224,1064,4,125,0,4,,1,63,-6.92892599105835,4.885756492614746,-1.9027327299118042,OUTBOUND,-23.296451568603516,-0.2915800500266606,0.007840000092983246
1,62,0.96875,0.439495325088501,30.094844818115234,updated,1.2959200143814087,-0.49244698882102966,34.258811950683594,0.22046661376953125,0.2087511122226715,44.128162945999065,28.466296318821797,1065,4,126,0,2,,0,64,-6.930078506469727,4.901931285858154,-1.8236504793167114,OUTBOUND,-23.54851722717285,-0.3104599348505921,0.007840000092983246
1,59,0.921875,0.7807815074920654,30.190914154052734,updated,1.2963106632232666,-0.49020808935165405,20.96921730041504,8.000171661376953,8.011134147644043,44.16227628098568,28.45408772757229,1066,4,127,0,5,,1,63,-6.928682327270508,4.891082763671875,-1.8154782056808472,OUTBOUND,-23.709169387817383,-0.3028752340407703,0.007840000092983246
1,60,0.9375,0.6574141383171082,30.09599494934082,updated,1.296700358390808,-0.47543737292289734,46.58115005493164,8.1406831741333,8.166762351989746,44.19768545599072,28.441846942547702,1067,4,128,0,4,,1,63,-6.929068088531494,4.831971168518066,-1.8702410459518433,OUTBOUND,-23.827335357666016,-0.26741824291232497,0.007840000092983246
1,56,0.875,0.5037458539009094,30.115924835205078,updated,1.2970904111862183,-0.4945763945579529,27.72858238220215,7.9299492835998535,7.9259161949157715,44.3579829549999,28.42965028631447,1068,4,129,0,8,,1,63,-6.930052280426025,4.903514385223389,-1.7424182891845703,OUTBOUND,-23.79634666442871,-0.25665012100183937,0.007840000092983246
1,59,0.921875,0.8743422627449036,30.053348541259766,updated,1.2974802255630493,-0.4853302538394928,8.514266014099121,0.6944302916526794,0.6865594983100891,44.3910819409939,28.417465723199662,1069,4,130,0,5,,1,63,-6.928953647613525,4.865767478942871,-1.7112773656845093,OUTBOUND,-23.7763729095459,-0.28552866610424227,0.007840000092983246
1,58,0.90625,0.4758954346179962,30.154508590698242,updated,1.2978698015213013,-0.4870051145553589,19.4105281829834,0.117472805082798,0.12380831688642502,44.42238632898079,28.40524919386052,1070,4,131,0,6,,0,64,-6.928781509399414,4.870046615600586,-1.8588939905166626,OUTBOUND,-23.81574058532715,-0.26804860985484075,0.007840000092983246
1,61,0.953125,0.8901026248931885,30.221982955932617,updated,1.2982594966888428,-0.49132347106933594,22.239736557006836,0.13848543167114258,0.15132999420166016,44.44688755998504,28.393072220696205,1071,4,132,0,3,,0,64,-6.929150581359863,4.884455680847168,-1.3698986768722534,OUTBOUND,-23.811418533325195,-0.21261005021035964,0.007840000092983246
1,58,0.90625,0.923663318157196,30.37907600402832,updated,1.298649549484253,-0.4932697117328644,26.79603385925293,0.11541177332401276,0.1292176991701126,44.47989883698756,28.38092691521137,1072,4,133,0,6,,0,64,-6.929859161376953,4.889744758605957,-1.7950156927108765,OUTBOUND,-23.872814178466797,-0.1800144153886192,0.007840000092983246
1,58,0.90625,0.7800906896591187,30.430158615112305,updated,1.2990394830703735,-0.4908176362514496,9.579825401306152,0.6363577246665955,0.6350218653678894,44.509552879986586,28.368754586914243,1073,4,134,0,6,,1,63,-6.928915500640869,4.878188610076904,-1.6038339138031006,OUTBOUND,-23.991573333740234,-0.14624782134021444,0.007840000092983246
1,59,0.921875,0.646578848361969,30.51898956298828,updated,1.2994296550750732,-0.49352869391441345,5.881618976593018,0.12063075602054596,0.12039631605148315,44.54344254598254,28.35661888732335,1074,4,135,0,5,,0,64,-6.927958011627197,4.8863959312438965,-2.043180465698242,OUTBOUND,-24.11492347717285,-0.10392157784760751,0.007840000092983246
1,59,0.921875,0.9358645081520081,30.52935028076172,updated,1.2998201847076416,-0.49671244621276855,18.265026092529297,0.6462782025337219,0.6472873687744141,44.68146917197737,28.344481595778998,1075,4,136,0,5,,1,63,-6.928891658782959,4.896388053894043,-1.8859648704528809,OUTBOUND,-24.108613967895508,-0.1054697190067853,0.007840000092983246
1,60,0.9375,0.42508700489997864,30.506107330322266,updated,1.3002104759216309,-0.49004948139190674,1.4517383575439453,0.061480678617954254,0.06232564523816109,44.71321596499183,28.332331892352943,1076,4,137,0,4,,0,64,-6.9283294677734375,4.868805885314941,-1.640368103981018,OUTBOUND,-24.156795501708984,-0.13030436093541095,0.007840000092983246
1,57,0.890625,1.1075509786605835,30.477384567260742,updated,1.3006008863449097,-0.4934978187084198,8.316584587097168,0.12573522329330444,0.13179221749305725,44.74179549899418,28.320159867200896,1077,4,138,0,7,,0,64,-6.928596019744873,4.879804611206055,-1.8780113458633423,OUTBOUND,-24.16415023803711,-0.1374020641115994,0.007840000092983246
1,58,0.90625,1.1887617111206055,30.55117416381836,updated,1.3009922504425049,-0.506715714931488,1.427915096282959,0.08768202364444733,0.08809689432382584,44.76818665198516,28.307982386995235,1078,4,139,0,6,,0,64,-6.9287333488464355,4.927948474884033,-2.1096444129943848,OUTBOUND,-24.111963272094727,-0.13506554131835774,0.007840000092983246
0,55,0.859375,1.0572015047073364,30.446258544921875,updated,1.3013837337493896,-0.49744710326194763,2.5986595153808594,0.6760143041610718,0.6656341552734375,44.78794831698178,28.29572365731334,1079,4,140,1,9,NO_GENERATOR_SET,1,63,-6.929686069488525,4.890519142150879,-1.9037026166915894,OUTBOUND,-24.088314056396484,-0.10515810409611673,0.007840000092983246
0,56,0.875,0.736848771572113,30.478134155273438,updated,1.3017747402191162,-0.48794999718666077,49.74522399902344,8.707796096801758,8.713643074035645,44.80592981597874,28.283566596040373,1080,4,141,1,8,INSUFFICIENT_RECOVERY_RESERVE,2,62,-6.929892063140869,4.8523077964782715,-1.6220470666885376,OUTBOUND,-24.219284057617188,-0.048144150069953866,0.007840000092983246
0,58,0.90625,0.7361109852790833,30.386600494384766,updated,1.3021655082702637,-0.4945290982723236,8.807663917541504,0.7491587400436401,0.7354922294616699,44.82883920398308,28.271495622568906,1081,4,142,1,6,INSUFFICIENT_RECOVERY_RESERVE,1,63,-6.929825305938721,4.8751444816589355,-1.5625219345092773,OUTBOUND,-24.09369659423828,0.0036801337281020642,0.007840000092983246
0,58,0.90625,0.560309886932373,30.457826614379883,updated,1.3025569915771484,-0.5024842619895935,16.719881057739258,0.6032121777534485,0.6013944745063782,44.96409317699727,28.259430159361766,1082,4,143,1,6,NO_GENERATOR_SET,1,63,-6.929596424102783,4.903142929077148,-1.7699319124221802,OUTBOUND,-24.079322814941406,0.042681261631102904,0.007840000092983246
1,56,0.875,0.7279585003852844,30.464567184448242,updated,1.3029487133026123,-0.5013787150382996,35.62498092651367,0.21136784553527832,0.21534574031829834,44.997941065987106,28.24731542448367,1083,4,144,0,8,,0,64,-6.92925500869751,4.896796703338623,-1.8486111164093018,OUTBOUND,-24.063892364501953,0.033885126979861936,0.007840000092983246
1,53,0.828125,0.7009161710739136,30.59907341003418,updated,1.3033409118652344,-0.5045875906944275,40.324180603027344,0.19039277732372284,0.1979428231716156,45.03394011798082,28.235202508689003,1084,4,145,0,11,,0,64,-6.929794788360596,4.906766891479492,-1.7500041723251343,OUTBOUND,-24.133634567260742,-0.0208606189102761,0.007840000092983246
1,58,0.90625,0.6328783631324768,30.67506980895996,updated,1.3037333488464355,-0.5012780427932739,27.90839958190918,0.20013046264648438,0.20722395181655884,45.07026992298779,28.223096478379173,1085,4,146,0,6,,0,64,-6.92930269241333,4.892108917236328,-1.82806396484375,OUTBOUND,-24.14359474182129,-0.03579031889684622,0.007840000092983246
1,60,0.9375,0.777483344078064,30.822179794311523,updated,1.3041257858276367,-0.4978763163089752,1.81123685836792,0.6447453498840332,0.6491711139678955,45.10182018097839,28.21100140259706,1086,4,147,0,4,,1,63,-6.929186820983887,4.877135276794434,-1.8965708017349243,OUTBOUND,-24.36142349243164,-0.050305336350921694,0.007840000092983246
0,59,0.921875,1.4075682163238525,30.9971981048584,updated,1.3045190572738647,-0.512606143951416,1.4948644638061523,0.09730224311351776,0.09623432159423828,45.25246546798735,28.19886215565318,1087,4,148,1,5,NO_GENERATOR_SET,0,64,-6.928503513336182,4.93048095703125,-2.156162977218628,OUTBOUND,-24.44313621520996,-0.04858524505705453,0.007840000092983246
1,55,0.859375,0.9606204032897949,31.019243240356445,updated,1.3049113750457764,-0.4885583221912384,9.909435272216797,0.12037955969572067,0.12227164208889008,45.2839692599955,28.186755411508095,1088,4,149,0,9,,0,64,-6.929737567901611,4.83782958984375,-1.5901169776916504,OUTBOUND,-24.61090087890625,-0.03011934678714963,0.007840000092983246
1,55,0.859375,0.7636327147483826,31.000137329101562,updated,1.305303931236267,-0.504367470741272,92.3311767578125,9.684436798095703,9.701738357543945,45.314002025988884,28.174625771919942,1089,4,150,0,9,,3,61,-6.929718017578125,4.895155429840088,-2.0631532669067383,OUTBOUND,-24.71187973022461,-0.06251248090674418,0.007840000092983246
0,57,0.890625,1.2055388689041138,30.75337791442871,updated,1.3056966066360474,-0.5013977289199829,48.83061981201172,8.448214530944824,8.448587417602539,45.33978339197347,28.162478745834857,1090,4,151,1,7,INSUFFICIENT_RECOVERY_RESERVE,1,63,-6.929614067077637,4.881869792938232,-1.9408599138259888,OUTBOUND,-24.54191017150879,-0.048388851967635524,0.007840000092983246
0,58,0.90625,0.8982577323913574,30.71475601196289,updated,1.3060898780822754,-0.5104724168777466,9.109760284423828,0.5911799073219299,0.5878410339355469,45.37596712697996,28.150365323110172,1091,4,152,1,6,NO_GENERATOR_SET,1,63,-6.930023193359375,4.913768291473389,-2.1042637825012207,OUTBOUND,-24.425424575805664,0.011292603922888755,0.007840000092983246
1,60,0.9375,0.6989815831184387,30.654455184936523,updated,1.306483268737793,-0.5045720338821411,46.61435317993164,0.2161329686641693,0.21786440908908844,45.40935038999305,28.138224825248116,1092,4,153,0,4,,0,64,-6.930351734161377,4.889514446258545,-1.7441847324371338,OUTBOUND,-24.323829650878906,0.0621383839082187,0.007840000092983246
1,56,0.875,0.742592990398407,30.71751594543457,updated,1.306876301765442,-0.4996189773082733,50.20635986328125,0.25640973448753357,0.26198142766952515,45.438767168991035,28.126059452072223,1093,4,154,0,8,,0,64,-6.92966890335083,4.86885929107666,-1.9110898971557617,OUTBOUND,-24.25616455078125,0.05967812682479527,0.007840000092983246
1,56,0.875,0.9054074287414551,30.748197555541992,updated,1.3072688579559326,-0.4966900944709778,50.25865936279297,0.2534487247467041,0.2602793574333191,45.4695294299745,28.113924158489656,1094,4,155,0,8,,0,64,-6.928812503814697,4.855815410614014,-1.6648480892181396,OUTBOUND,-24.23611068725586,0.024022392965423797,0.007840000092983246
1,58,0.90625,1.0389628410339355,30.975561141967773,updated,1.307661771774292,-0.5069505572319031,20.782079696655273,0.6308759450912476,0.6383386850357056,45.60557836998487,28.101782931509106,1095,4,156,0,6,,1,63,-6.931323528289795,4.89202880859375,-1.9174168109893799,OUTBOUND,-24.415096282958984,0.03317540518624557,0.007840000092983246
1,54,0.84375,0.9581344127655029,31.239845275878906,updated,1.3080551624298096,-0.511489748954773,11.131314277648926,0.0984305888414383,0.09908835589885712,45.6344385400007,28.08961423875567,1096,4,157,0,10,,0,64,-6.927958011627197,4.906831741333008,-1.5238996744155884,OUTBOUND,-24.603612899780273,0.04521645833439065,0.007840000092983246
1,55,0.859375,0.6614252328872681,31.274333953857422,updated,1.3084484338760376,-0.5046294331550598,8.38000774383545,0.15950506925582886,0.15996132791042328,45.66827559398371,28.077456092396115,1097,4,158,0,9,,0,64,-6.929654598236084,4.879149913787842,-1.6263011693954468,OUTBOUND,-24.79761505126953,0.05583350698374256,0.007840000092983246
1,54,0.84375,1.401891827583313,31.381288528442383,updated,1.3088418245315552,-0.5065893530845642,21.56951904296875,0.11275027692317963,0.11267514526844025,45.69690332899336,28.065316585769974,1098,4,159,0,10,,0,64,-6.930447101593018,4.884337902069092,-1.9688193798065186,OUTBOUND,-24.930187225341797,0.0746175551867302,0.007840000092983246
1,57,0.890625,0.8675172328948975,31.491304397583008,updated,1.309234619140625,-0.49726584553718567,27.011079788208008,0.13022997975349426,0.134329691529274,45.73456462897593,28.05313908024528,1099,4,160,0,7,,0,64,-6.927958011627197,4.847591876983643,-1.6504629850387573,OUTBOUND,-25.109830856323242,0.09162476258035167,0.007840000092983246
1,54,0.84375,1.3484560251235962,31.411033630371094,updated,1.3096281290054321,-0.5164178013801575,27.104530334472656,0.12708257138729095,0.13066157698631287,45.8693844859954,28.04099362774369,1100,4,161,0,10,,0,64,-6.929713726043701,4.916614532470703,-2.0917489528656006,OUTBOUND,-25.03106689453125,0.10967327415424297,0.007840000092983246
1,57,0.890625,0.7452874779701233,31.21632957458496,updated,1.3100206851959229,-0.4932509958744049,13.387493133544922,0.099945068359375,0.1007857471704483,45.89556468199589,28.028855040217334,1101,4,162,0,7,,0,64,-6.928842544555664,4.828594207763672,-1.703015685081482,OUTBOUND,-24.921321868896484,0.12249805111832716,0.007840000092983246
1,59,0.921875,0.9324702024459839,31.161035537719727,updated,1.3104127645492554,-0.5003220438957214,14.648390769958496,0.14884786307811737,0.14758697152137756,45.923871761973714,28.01667755943032,1102,4,163,0,5,,0,64,-6.928379535675049,4.852750301361084,-1.5955455303192139,OUTBOUND,-24.885913848876953,0.109546072300037,0.007840000092983246
1,59,0.921875,0.5621700882911682,31.03847885131836,updated,1.3108052015304565,-0.5116498470306396,60.464630126953125,9.696861267089844,9.67555046081543,45.95883989598951,28.004536659411613,1103,4,164,0,5,,2,62,-6.929807186126709,4.892601013183594,-1.7118747234344482,OUTBOUND,-24.789548873901367,0.10437133166955563,0.007840000092983246
1,60,0.9375,1.0624669790267944,31.003225326538086,updated,1.3111979961395264,-0.5103546977043152,27.817062377929688,8.7896089553833,8.79517936706543,46.096094399981666,27.992402072089174,1104,4,165,0,4,,1,63,-6.929173469543457,4.885721206665039,-1.5919607877731323,OUTBOUND,-24.822113037109375,0.10674491796168946,0.007840000092983246
1,56,0.875,1.3255640268325806,30.751623153686523,updated,1.311590552330017,-0.5055315494537354,63.33285140991211,0.3397861421108246,0.3485618531703949,46.130039757990744,27.980290585816046,1105,4,166,0,8,,0,64,-6.92987060546875,4.865834712982178,-2.056962490081787,OUTBOUND,-24.478694915771484,0.09645135410650363,0.007840000092983246
1,56,0.875,0.7390646934509277,30.880910873413086,updated,1.3119834661483765,-0.5120235085487366,59.38624954223633,0.4106895923614502,0.41933634877204895,46.155116282985546,27.968187230862586,1106,4,167,0,8,,0,64,-6.929611682891846,4.887709617614746,-2.0289247035980225,OUTBOUND,-24.433637619018555,0.10323344617613456,0.007840000092983246
1,56,0.875,0.8140110969543457,30.883081436157227,updated,1.3123762607574463,-0.5076817274093628,33.563194274902344,8.719650268554688,8.715712547302246,46.184607579984004,27.956059105795664,1107,4,168,0,8,,1,63,-6.929568290710449,4.869637489318848,-1.9365403652191162,OUTBOUND,-24.3400821685791,0.07172440781605931,0.007840000092983246
1,58,0.90625,1.2667725086212158,31.10155487060547,updated,1.3127697706222534,-0.5170121192932129,2.451207160949707,9.37105941772461,9.373717308044434,46.2173054869927,27.943966063687643,1108,4,169,0,6,,2,62,-6.929730415344238,4.901902198791504,-2.2892208099365234,OUTBOUND,-24.59076499938965,0.035987987231007705,0.007840000092983246
1,55,0.859375,0.5284063220024109,31.15752410888672,updated,1.3131617307662964,-0.49182119965553284,26.384605407714844,1.1739543676376343,1.1818807125091553,46.251061119983206,27.931879541068856,1109,4,170,0,9,,2,62,-6.929744720458984,4.807240962982178,-2.002441883087158,OUTBOUND,-24.710220336914062,0.061658765668449356,0.007840000092983246
1,57,0.890625,1.30772066116333,31.332422256469727,updated,1.313554048538208,-0.5112294554710388,36.92638397216797,0.736852765083313,0.7422863841056824,46.282472403981956,27.91973828713043,1110,4,171,0,7,,1,63,-6.929230690002441,4.876499652862549,-1.9266470670700073,OUTBOUND,-24.70670509338379,0.06129807181107914,0.007840000092983246
1,54,0.84375,0.7469840049743652,31.628957748413086,updated,1.313947081565857,-0.5199345350265503,15.992392539978027,0.1545996218919754,0.15521147847175598,46.420703568001045,27.907639374437125,1111,4,172,0,10,,0,64,-6.930434226989746,4.906362533569336,-1.6295204162597656,OUTBOUND,-25.001073837280273,0.04669132157133573,0.007840000092983246
1,59,0.921875,0.8574525713920593,31.78438377380371,updated,1.3143409490585327,-0.522206723690033,11.247883796691895,0.1321776956319809,0.13525187969207764,46.45205745997373,27.895522315939367,1112,4,173,0,5,,0,64,-6.928307056427002,4.912595748901367,-1.8499540090560913,OUTBOUND,-25.242645263671875,0.06978599332282216,0.007840000092983246
1,60,0.9375,0.46187272667884827,31.69747543334961,updated,1.3147352933883667,-0.5194217562675476,27.63054084777832,0.7061461806297302,0.719840943813324,46.483483910997165,27.88340785925072,1113,4,174,0,4,,1,63,-6.929344654083252,4.900309085845947,-1.9098725318908691,OUTBOUND,-25.209014892578125,0.0572474532604799,0.007840000092983246
1,57,0.890625,1.3236937522888184,31.73149871826172,updated,1.3151298761367798,-0.5149279832839966,23.475412368774414,0.1109502911567688,0.1097663938999176,46.51070106399129,27.87131803737523,1114,4,175,0,7,,0,64,-6.928427696228027,4.881803512573242,-1.8436784744262695,FAILURE,-25.327688217163086,0.02630574503955443,0.007840000092983246
1,59,0.921875,1.1469496488571167,31.75098419189453,updated,1.3155256509780884,-0.5307290554046631,81.89282989501953,9.835951805114746,9.820699691772461,46.54843949098722,29.987992299884837,1115,5,1,0,5,,2,62,-6.930294036865234,4.937424659729004,-1.4997857809066772,OUTBOUND,-25.421085357666016,-0.024233809174825587,0.007840000092983246
1,59,0.921875,0.5876720547676086,31.474760055541992,updated,1.3159213066101074,-0.5145993828773499,56.46996307373047,9.107013702392578,9.10167121887207,46.70436246297322,29.975944820649133,1116,5,2,0,5,,1,63,-6.9289422035217285,4.876482009887695,-1.6532068252563477,OUTBOUND,-25.267391204833984,-0.049865362428962806,0.007840000092983246
1,56,0.875,1.227164626121521,31.27591323852539,updated,1.3163173198699951,-0.5217905640602112,1.498889446258545,1.2007462978363037,1.199602484703064,46.73848642400117,29.96387019551073,1117,5,3,0,8,,2,62,-6.929624080657959,4.900619983673096,-1.4123518466949463,OUTBOUND,-25.032978057861328,-0.08496614208230989,0.007840000092983246
1,60,0.9375,0.623362123966217,31.17520523071289,updated,1.3167121410369873,-0.5018430948257446,36.48816680908203,0.6709036231040955,0.6880580186843872,46.77115981798852,29.951774598404466,1118,5,4,0,4,,1,63,-6.929200649261475,4.825960159301758,-1.8804876804351807,OUTBOUND,-24.89920425415039,-0.10500630035342759,0.007840000092983246
1,52,0.8125,0.8786047101020813,31.047910690307617,updated,1.3171073198318481,-0.5201135873794556,28.175952911376953,10.976373672485352,10.960569381713867,46.79706105898367,29.93967630309913,1119,5,5,0,12,,5,59,-6.927958011627197,4.890374183654785,-1.8855239152908325,OUTBOUND,-24.707542419433594,-0.11698068550036947,0.007840000092983246
1,54,0.84375,0.9890124797821045,31.001155853271484,updated,1.3175023794174194,-0.5151962041854858,68.44415283203125,1.4950021505355835,1.4895386695861816,46.82663183598197,29.927554818301818,1120,5,6,0,10,,2,62,-6.928631782531738,4.870461940765381,-1.7231234312057495,OUTBOUND,-24.657506942749023,-0.12706690430564016,0.007840000092983246
0,56,0.875,0.8771849274635315,31.286190032958984,updated,1.3178983926773071,-0.5300678014755249,60.26140594482422,1.9798978567123413,1.9747076034545898,46.97207632899517,29.915406351069834,1121,5,7,1,8,WATCHDOG_DEADLINE,3,61,-6.929256916046143,4.922360897064209,-1.76470148563385,OUTBOUND,-24.664688110351562,-0.09695432170748106,0.007840000092983246
1,60,0.9375,0.689944326877594,31.451622009277344,updated,1.3182951211929321,-0.527256965637207,71.67543029785156,0.9585024118423462,0.9468881487846375,47.00538156199036,29.903344743348292,1122,5,8,0,4,,1,63,-6.927957534790039,4.910085678100586,-1.590124487876892,OUTBOUND,-24.73503875732422,-0.04436426451678349,0.007840000092983246
1,55,0.859375,1.1945750713348389,31.567916870117188,updated,1.318691372871399,-0.5156391263008118,61.687644958496094,0.8371184468269348,0.8217748999595642,47.03459424700122,29.89130528198404,1123,5,9,0,9,,1,63,-6.9279584884643555,4.865963935852051,-1.6266883611679077,OUTBOUND,-24.870380401611328,0.004011256205390025,0.007840000092983246
1,58,0.90625,0.5775147676467896,31.857620239257812,updated,1.3190878629684448,-0.5231170058250427,14.894268035888672,9.016426086425781,8.99913501739502,47.06472837500041,29.879253449456755,1124,5,10,0,6,,1,63,-6.928307056427002,4.89096736907959,-1.7348072528839111,OUTBOUND,-25.189485549926758,0.00842132240468251,0.007840000092983246
1,56,0.875,0.6609740853309631,32.32118606567383,updated,1.319485068321228,-0.5293441414833069,31.4619083404541,1.2031537294387817,1.2132582664489746,47.09191212899168,29.86722669765506,1125,5,11,0,8,,2,62,-6.929781436920166,4.911400318145752,-1.6657562255859375,OUTBOUND,-25.600624084472656,-0.004531443846751601,0.007840000092983246
1,58,0.90625,0.5984637141227722,32.398799896240234,updated,1.3198825120925903,-0.5271775722503662,32.33143615722656,0.7688136100769043,0.7697386741638184,47.12073008000152,29.85518573094934,1126,5,12,0,6,,1,63,-6.93005895614624,4.901510238647461,-1.7302218675613403,OUTBOUND,-25.787952423095703,-0.005512345785503402,0.007840000092983246
1,60,0.9375,1.0535128116607666,32.321388244628906,updated,1.320278525352478,-0.5013652443885803,34.98807907104492,0.1620049923658371,0.16641280055046082,47.149018839991186,29.843132827416223,1127,5,13,0,4,,0,64,-6.9303998947143555,4.806443214416504,-1.5593810081481934,OUTBOUND,-25.916221618652344,0.0016022555813277992,0.007840000092983246
0,59,0.921875,0.9879547953605652,32.17209243774414,updated,1.3206747770309448,-0.5253957509994507,83.83642578125,9.63322639465332,9.611528396606445,47.28908326898818,29.831074084169853,1128,5,14,1,5,STALE_OR_INCOMPLETE_BUNDLE,1,63,-6.928574562072754,4.8909831047058105,-1.7356864213943481,OUTBOUND,-25.84259796142578,0.020078744093263916,0.007840000092983246
1,57,0.890625,0.5942171216011047,32.01234436035156,updated,1.3210704326629639,-0.5152362585067749,12.545166969299316,0.10612618178129196,0.10670578479766846,47.31510541998432,29.81900521630096,1129,5,15,0,7,,0,64,-6.929858207702637,4.852416038513184,-1.6793544292449951,OUTBOUND,-25.74163055419922,0.041947793285938825,0.007840000092983246
1,59,0.921875,0.4926033914089203,31.91276741027832,updated,1.321465253829956,-0.5085728764533997,9.329290390014648,0.13013510406017303,0.1370972990989685,47.34382777599967,29.806933090829453,1130,5,16,0,5,,0,64,-6.928574562072754,4.826492786407471,-1.790217399597168,OUTBOUND,-25.638671875,0.06897814562172859,0.007840000092983246
1,57,0.890625,0.5912545323371887,31.792619705200195,updated,1.3218603134155273,-0.5256621837615967,61.2492790222168,10.910196304321289,10.869543075561523,47.3758051119803,29.79482127653632,1131,5,17,0,7,,4,60,-6.927958011627197,4.885843753814697,-1.800176978111267,OUTBOUND,-25.4796199798584,0.05778793179881429,0.007840000092983246
1,53,0.828125,0.5269713401794434,31.481199264526367,updated,1.3222556114196777,-0.5238642692565918,6.571325778961182,9.643417358398438,9.622170448303223,47.41354877100093,29.782717377283767,1132,5,18,0,11,,2,62,-6.930395126342773,4.877379417419434,-1.8737632036209106,OUTBOUND,-25.19561004638672,0.012532259545474576,0.007840000092983246
0,51,0.796875,0.5964673757553101,31.307727813720703,updated,1.3226509094238281,-0.522401750087738,44.01581954956055,9.268324851989746,9.259664535522461,47.542739356984384,29.770618784725542,1133,5,19,1,13,STALE_OR_INCOMPLETE_BUNDLE,1,63,-6.928671360015869,4.870135307312012,-1.7754473686218262,OUTBOUND,-25.070308685302734,-0.005886998200040745,0.007840000092983246
1,58,0.90625,0.5920271873474121,31.685747146606445,updated,1.3230469226837158,-0.5339656472206116,92.32144927978516,1.2089558839797974,1.2155553102493286,47.57252596798935,29.758525026098862,1134,5,20,0,6,,1,63,-6.929529666900635,4.909489154815674,-1.9372187852859497,OUTBOUND,-25.083486557006836,-0.002355592798424502,0.007840000092983246
1,55,0.859375,0.7518986463546753,31.597803115844727,updated,1.3234425783157349,-0.5178843140602112,54.75568389892578,1.982101559638977,1.9767718315124512,47.60056355598499,29.746403987257718,1135,5,21,0,9,,3,61,-6.9295830726623535,4.850000381469727,-1.8628381490707397,OUTBOUND,-25.005146026611328,-0.025543359817134667,0.007840000092983246
1,54,0.84375,0.8999837040901184,31.83469581604004,updated,1.3238385915756226,-0.5294260382652283,6.261979579925537,10.729458808898926,10.701860427856445,47.63323476197547,29.73426253961934,1136,5,22,0,10,,4,60,-6.928631782531738,4.889212131500244,-1.9363490343093872,OUTBOUND,-25.170257568359375,-0.02768428888558979,0.007840000092983246
1,57,0.890625,1.229256272315979,32.1599006652832,updated,1.3242356777191162,-0.5391837954521179,46.736812591552734,0.8157444000244141,0.787969172000885,47.6644635439734,29.72212384430765,1137,5,23,0,7,,1,63,-6.929131031036377,4.921979904174805,-1.8087695837020874,OUTBOUND,-25.45856475830078,-0.02473664252806928,0.007840000092983246
1,56,0.875,0.8398005962371826,32.30867385864258,updated,1.3246327638626099,-0.5274289846420288,28.606544494628906,9.426064491271973,9.426736831665039,47.7989135569951,29.709963750471996,1138,5,24,0,8,,1,63,-6.930691719055176,4.878071308135986,-1.5816570520401,OUTBOUND,-25.73996925354004,-0.023783975706157635,0.007840000092983246
1,60,0.9375,1.0010685920715332,32.529991149902344,updated,1.32503080368042,-0.5382412075996399,13.392465591430664,0.15221410989761353,0.15529274940490723,47.83152322398382,29.69781692720196,1139,5,25,0,4,,0,64,-6.930176734924316,4.914527416229248,-1.7305514812469482,OUTBOUND,-25.83634376525879,0.0032719695805223927,0.007840000092983246
1,54,0.84375,0.7349072694778442,32.519290924072266,updated,1.325429081916809,-0.5346348285675049,5.920831203460693,0.2896091341972351,0.29899218678474426,47.85668866999913,29.685646675385797,1140,5,26,0,10,,0,64,-6.928631782531738,4.899669647216797,-2.0894014835357666,OUTBOUND,-25.89250373840332,0.026309616440940944,0.007840000092983246
1,56,0.875,0.8322490453720093,32.644142150878906,updated,1.325827717781067,-0.5332291722297668,27.650226593017578,0.6950275897979736,0.6973220109939575,47.88478378098807,29.6734427963624,1141,5,27,0,8,,1,63,-6.9294281005859375,4.892653465270996,-2.008801221847534,OUTBOUND,-26.072473526000977,0.015942505639217664,0.007840000092983246
1,58,0.90625,0.8593984842300415,32.69566345214844,updated,1.326226830482483,-0.5361193418502808,31.732391357421875,0.6834636926651001,0.6686831116676331,47.913205865974305,29.66126262028049,1142,5,28,0,6,,1,63,-6.929488182067871,4.900883197784424,-1.5689480304718018,OUTBOUND,-26.1663818359375,-0.027350373724058345,0.007840000092983246
1,55,0.859375,0.9578158855438232,32.63912582397461,updated,1.326625108718872,-0.5219795107841492,33.615299224853516,0.720447838306427,0.7096172571182251,47.940341786976205,29.649079044431332,1143,5,29,0,9,,1,63,-6.9281415939331055,4.848775863647461,-1.8202149868011475,OUTBOUND,-26.216793060302734,-0.06583251207924534,0.007840000092983246
1,57,0.890625,0.8696103096008301,32.70477294921875,updated,1.3270238637924194,-0.537187397480011,8.345833778381348,0.22395028173923492,0.2282533049583435,47.968327706999844,29.63694070299794,1144,5,30,0,7,,0,64,-6.9287590980529785,4.900618553161621,-1.5590133666992188,OUTBOUND,-26.23357391357422,-0.08887243665094482,0.007840000092983246
1,61,0.953125,1.333756923675537,32.53923797607422,updated,1.3274238109588623,-0.5473225712776184,53.73271942138672,9.49647331237793,9.45043659210205,48.11372877800022,29.624797096606272,1145,5,31,0,3,,1,63,-6.928460121154785,4.934420108795166,-1.810085654258728,OUTBOUND,-26.105262756347656,-0.07466345464711907,0.007840000092983246
1,56,0.875,0.4569054841995239,32.35407638549805,updated,1.3278234004974365,-0.5278581380844116,15.40936279296875,0.16782841086387634,0.17986780405044556,48.145210357994074,29.612697687098546,1146,5,32,0,8,,0,64,-6.928345203399658,4.86364221572876,-1.6325711011886597,OUTBOUND,-25.994827270507812,-0.032424762977286456,0.007840000092983246
1,59,0.921875,0.5611292719841003,32.41529083251953,updated,1.3282232284545898,-0.5393771529197693,41.202362060546875,0.22846616804599762,0.23650243878364563,48.17387446999783,29.600619431088827,1147,5,33,0,5,,0,64,-6.928574562072754,4.902289390563965,-1.8682984113693237,OUTBOUND,-25.92673110961914,-0.030218258853520825,0.007840000092983246
1,59,0.921875,0.7253773808479309,32.479732513427734,updated,1.328622579574585,-0.5269772410392761,29.951618194580078,0.6857737302780151,0.679496169090271,48.20523439400131,29.588540416225573,1148,5,34,0,5,,1,63,-6.931733131408691,4.856585502624512,-1.844247579574585,OUTBOUND,-25.936477661132812,-0.029639700751927015,0.007840000092983246
1,58,0.90625,0.7687430381774902,32.537837982177734,updated,1.3290225267410278,-0.5426116585731506,44.7292366027832,0.2586892545223236,0.252901554107666,48.23010027199052,29.576451438724195,1149,5,35,0,6,,0,64,-6.928584575653076,4.909644603729248,-1.755670189857483,OUTBOUND,-25.924074172973633,-0.03279274681655452,0.007840000092983246
1,57,0.890625,1.3409847021102905,32.643310546875,updated,1.3294216394424438,-0.5238934755325317,28.06503677368164,0.7196187376976013,0.7011247873306274,48.36745510599576,29.564354540277485,1150,5,36,0,7,,1,63,-6.929690837860107,4.841818332672119,-2.1373538970947266,OUTBOUND,-26.052181243896484,-0.07720838441401355,0.007840000092983246
1,61,0.953125,0.7669253945350647,32.794185638427734,updated,1.3298203945159912,-0.5307596325874329,3.298673391342163,0.6632664799690247,0.6750388741493225,48.39484944799915,29.552275113311346,1151,5,37,0,3,,1,63,-6.929335117340088,4.863989353179932,-1.8175556659698486,OUTBOUND,-26.22205924987793,-0.1054741205540467,0.007840000092983246
1,56,0.875,0.9759184122085571,32.92247772216797,updated,1.3302195072174072,-0.5394758582115173,7.374444007873535,0.14816933870315552,0.14941881597042084,48.416313523979625,29.54016213138749,1152,5,38,0,8,,0,64,-6.931342601776123,4.892606258392334,-2.135469675064087,OUTBOUND,-26.345949172973633,-0.10879728498520061,0.007840000092983246
1,56,0.875,0.8959094882011414,32.90178298950195,updated,1.33061945438385,-0.5464932322502136,64.99125671386719,9.916603088378906,9.924980163574219,48.444120957981795,29.528060809472226,1153,5,39,0,8,,1,63,-6.928359508514404,4.915208339691162,-2.0081493854522705,OUTBOUND,-26.374008178710938,-0.11028050108674972,0.007840000092983246
1,55,0.859375,0.6726231575012207,33.029354095458984,updated,1.3310198783874512,-0.5432798266410828,27.839496612548828,0.7262020111083984,0.7337377071380615,48.57905039799516,29.51594022853013,1154,5,40,0,9,,1,63,-6.9296555519104,4.901943206787109,-1.7634916305541992,OUTBOUND,-26.561460494995117,-0.12710715325419195,0.007840000092983246
1,51,0.796875,0.9238564372062683,32.848426818847656,updated,1.3314200639724731,-0.5350601077079773,25.908170700073242,1.2804173231124878,1.2593327760696411,48.60392342999694,29.503835100607606,1155,5,41,0,13,,2,62,-6.930197238922119,4.871196269989014,-1.9829562902450562,OUTBOUND,-26.456634521484375,-0.1353389252342977,0.007840000092983246
1,54,0.84375,1.0312732458114624,32.795989990234375,updated,1.3318209648132324,-0.5497567057609558,16.473955154418945,0.666195809841156,0.669278085231781,48.62854889497976,29.491727205727084,1156,5,42,0,10,,1,63,-6.928772926330566,4.920574188232422,-2.0575296878814697,OUTBOUND,-26.262832641601562,-0.15440191607443401,0.007840000092983246
1,62,0.96875,0.7057532668113708,32.80514144897461,updated,1.3322217464447021,-0.5370168089866638,27.380741119384766,0.15639019012451172,0.1710166335105896,48.652424503990915,29.479601688758283,1157,5,43,0,2,,0,64,-6.929385662078857,4.874095916748047,-1.6931953430175781,OUTBOUND,-26.33017921447754,-0.1893825845673677,0.007840000092983246
1,60,0.9375,0.8104199171066284,32.856605529785156,updated,1.3326233625411987,-0.5502141714096069,37.81150817871094,0.19009815156459808,0.20358744263648987,48.68246150299092,29.46745409881378,1158,5,44,0,4,,0,64,-6.929909706115723,4.918138027191162,-1.974310040473938,OUTBOUND,-26.27365493774414,-0.22707747735006728,0.007840000092983246
1,59,0.921875,0.6043629050254822,32.949432373046875,updated,1.3330235481262207,-0.5238134860992432,31.755027770996094,0.14803440868854523,0.15345314145088196,48.70773489199928,29.45527375333558,1159,5,45,0,5,,0,64,-6.930175304412842,4.824183940887451,-1.739059329032898,OUTBOUND,-26.384090423583984,-0.26174050236504515,0.007840000092983246
1,58,0.90625,0.7661685347557068,33.16120910644531,updated,1.3334245681762695,-0.5496172308921814,13.439092636108398,0.1532507836818695,0.15385702252388,48.73551827398478,29.4430648188291,1160,5,46,0,6,,0,64,-6.929900646209717,4.912046909332275,-1.9133975505828857,OUTBOUND,-26.47657585144043,-0.2481965004164865,0.007840000092983246
1,58,0.90625,0.5143101811408997,33.081520080566406,updated,1.3338245153427124,-0.5286551117897034,8.418210983276367,0.7295158505439758,0.7389236092567444,48.860867891984526,29.430895309683606,1161,5,47,0,6,,1,63,-6.929306983947754,4.837199687957764,-1.9090286493301392,OUTBOUND,-26.48850440979004,-0.22514578960966078,0.007840000092983246
1,61,0.953125,0.7763303518295288,33.23917007446289,updated,1.3342245817184448,-0.5395195484161377,2.679520845413208,0.1230911836028099,0.12256800383329391,48.88462765299482,29.418720880233025,1162,5,48,0,3,,0,64,-6.927958011627197,4.873003959655762,-1.7440749406814575,OUTBOUND,-26.61162757873535,-0.21852223365066778,0.007840000092983246
1,56,0.875,0.8501299023628235,33.37678909301758,updated,1.3346246480941772,-0.5435724854469299,21.123714447021484,0.13944947719573975,0.1474493145942688,48.91413049597759,29.406570236247756,1163,5,49,0,8,,0,64,-6.928401470184326,4.8851118087768555,-1.715078353881836,OUTBOUND,-26.83880615234375,-0.22849510537902487,0.007840000092983246
1,57,0.890625,0.8120460510253906,33.309165954589844,updated,1.335025668144226,-0.5532188415527344,78.28217315673828,10.057015419006348,10.069806098937988,48.937285697989864,29.394381033229887,1164,5,50,0,7,,1,63,-6.928305625915527,4.916572570800781,-1.710471749305725,OUTBOUND,-26.810340881347656,-0.257620501920232,0.007840000092983246
0,57,0.890625,0.7341500520706177,33.0284423828125,updated,1.3354268074035645,-0.543563187122345,45.73069381713867,2.332611322402954,2.3341541290283203,48.96270069698221,29.38213871431388,1165,5,51,1,7,NO_GENERATOR_SET,4,60,-6.928134918212891,4.881163120269775,-1.726341724395752,OUTBOUND,-26.59132957458496,-0.24723782047879128,0.007840000092983246
0,58,0.90625,0.8087393641471863,32.96147155761719,updated,1.3358290195465088,-0.5598510503768921,18.73688316345215,0.7518696188926697,0.7638586163520813,48.98770538700046,29.36989291535243,1166,5,52,1,6,INSUFFICIENT_RECOVERY_RESERVE,1,63,-6.928132057189941,4.935520172119141,-1.7051873207092285,OUTBOUND,-26.514976501464844,-0.2125197350119715,0.007840000092983246
0,56,0.875,1.0432939529418945,32.86940383911133,updated,1.3362306356430054,-0.5374549627304077,37.33266067504883,0.7547078728675842,0.7506192922592163,49.005121996975504,29.35764520924762,1167,5,53,1,8,INSUFFICIENT_RECOVERY_RESERVE,1,63,-6.930354118347168,4.856159687042236,-2.0653443336486816,OUTBOUND,-26.461746215820312,-0.18041233441764173,0.007840000092983246
0,55,0.859375,0.7835633754730225,32.830562591552734,updated,1.3366318941116333,-0.5388096570968628,13.059687614440918,10.059196472167969,10.067825317382812,49.1330001729948,29.345396863517607,1168,5,54,1,9,INSUFFICIENT_RECOVERY_RESERVE,1,63,-6.9279584884643555,4.858907699584961,-1.8144339323043823,OUTBOUND,-26.364288330078125,-0.1530592230775054,0.007840000092983246
0,51,0.796875,1.1472244262695312,32.81012725830078,updated,1.3370335102081299,-0.5516916513442993,26.49352264404297,2.0499613285064697,2.043574810028076,49.155854668992106,29.333111289317266,1169,5,55,1,13,INSUFFICIENT_RECOVERY_RESERVE,3,61,-6.927980899810791,4.901381969451904,-2.065483331680298,OUTBOUND,-26.26137924194336,-0.13257806584328333,0.007840000092983246
0,59,0.921875,0.46802955865859985,33.17715072631836,updated,1.3374354839324951,-0.5482836365699768,45.75118637084961,0.8362259268760681,0.8434699773788452,49.176327937981114,29.32076813773541,1170,5,56,1,5,NO_GENERATOR_SET,1,63,-6.929332256317139,4.8876824378967285,-1.7971817255020142,OUTBOUND,-26.541223526000977,-0.1282404325183853,0.007560000289231539
1,57,0.890625,0.8898177742958069,33.215431213378906,updated,1.3378372192382812,-0.5456346273422241,37.170654296875,0.854634702205658,0.8604646921157837,49.206674989982275,29.30839734805663,1171,5,57,0,7,,1,63,-6.929000377655029,4.876620292663574,-1.8842577934265137,OUTBOUND,-26.517292022705078,-0.16105505876306467,0.007560000289231539
1,54,0.84375,0.49001315236091614,33.46928405761719,updated,1.338239312171936,-0.5512015223503113,17.44874382019043,0.7717745304107666,0.7683904767036438,49.2367881849932,29.296045839851555,1172,5,58,0,10,,1,63,-6.929305553436279,4.893810272216797,-1.7866617441177368,OUTBOUND,-26.73474884033203,-0.1987115719305129,0.007560000289231539
1,57,0.890625,0.9646418690681458,33.41169738769531,updated,1.3386410474777222,-0.5423435568809509,59.04464340209961,10.66419792175293,10.66170597076416,49.27281850698637,29.283751188175053,1173,5,59,0,7,,2,62,-6.93034553527832,4.861454010009766,-1.5837324857711792,OUTBOUND,-26.83625030517578,-0.22097387068234042,0.007560000289231539
1,53,0.828125,1.1896710395812988,33.61555099487305,updated,1.3390432596206665,-0.5550315976142883,11.831725120544434,0.11570373922586441,0.11441515386104584,49.40254406898748,29.27145671648986,1174,5,60,0,11,,0,64,-6.928370475769043,4.903042316436768,-1.775890588760376,OUTBOUND,-26.899730682373047,-0.2155851798701828,0.007560000289231539
1,52,0.8125,0.8416163325309753,33.68975067138672,updated,1.339446783065796,-0.565087616443634,34.94194412231445,1.3709725141525269,1.3775434494018555,49.430713117995765,29.259210800289672,1175,5,61,0,12,,2,62,-6.929357051849365,4.9355268478393555,-2.0286219120025635,OUTBOUND,-27.05086898803711,-0.20064632367449925,0.007739317137748003
1,56,0.875,0.7194820642471313,33.3781852722168,updated,1.3398505449295044,-0.5563198328018188,5.033359050750732,1.257845163345337,1.2419168949127197,49.454564014973585,29.246993113816554,1176,5,62,0,8,,2,62,-6.930267810821533,4.903531551361084,-1.966400384902954,OUTBOUND,-26.834781646728516,-0.1886315280349086,0.00783185102045536
1,57,0.890625,0.673427402973175,33.35413360595703,updated,1.3402551412582397,-0.5616759657859802,46.412017822265625,10.814057350158691,10.809412956237793,49.49837003397988,29.234756216908714,1177,5,63,0,7,,1,63,-6.928734302520752,4.919878959655762,-1.939072847366333,OUTBOUND,-26.84423065185547,-0.16420344086525113,0.007840000092983246
1,54,0.84375,1.0539581775665283,33.44475173950195,updated,1.3406591415405273,-0.5461441874504089,14.688735961914062,0.7493361234664917,0.7451300024986267,49.52713627999765,29.22255614225372,1178,5,64,0,10,,1,63,-6.931325912475586,4.864864826202393,-1.8828001022338867,OUTBOUND,-26.97298812866211,-0.13441384654017258,0.007840000092983246
1,57,0.890625,0.5715247988700867,33.336158752441406,updated,1.3410634994506836,-0.558301568031311,51.26063537597656,0.2701641619205475,0.2763404846191406,49.55526033998467,29.210391038513343,1179,5,65,0,7,,0,64,-6.928652763366699,4.904417514801025,-1.9474246501922607,OUTBOUND,-26.74467658996582,-0.08315264802685311,0.007840000092983246
0,55,0.859375,1.1878008842468262,33.37636184692383,updated,1.3414679765701294,-0.5535373091697693,7.051191806793213,2.341336727142334,2.348268985748291,49.69632275798358,29.19820950650588,1180,5,66,1,9,STALE_OR_INCOMPLETE_BUNDLE,4,60,-6.928166389465332,4.886225700378418,-1.7056920528411865,OUTBOUND,-26.777788162231445,-0.06956284637286615,0.007840000092983246
1,60,0.9375,0.9393238425254822,33.59244918823242,updated,1.3418731689453125,-0.5655577182769775,33.53884506225586,0.7722957134246826,0.784406304359436,49.72411724299309,29.186006116890127,1181,5,67,0,4,,1,63,-6.929359436035156,4.92520809173584,-1.596333622932434,OUTBOUND,-26.89938735961914,-0.07828736484956446,0.007840000092983246
1,59,0.921875,0.9110496640205383,33.57770919799805,updated,1.3422784805297852,-0.5579773187637329,10.638642311096191,10.51523494720459,10.498372077941895,49.75305748998653,29.173783654626174,1182,5,68,0,5,,1,63,-6.9307780265808105,4.8974528312683105,-1.8688677549362183,OUTBOUND,-26.91401481628418,-0.06683418848338449,0.007840000092983246
1,55,0.859375,0.692947506904602,33.54997634887695,updated,1.3426827192306519,-0.5397937297821045,65.41846466064453,12.244672775268555,12.218774795532227,49.78107809598441,29.161634704723745,1183,5,69,0,9,,4,60,-6.929284572601318,4.833734035491943,-1.6856971979141235,OUTBOUND,-27.051189422607422,-0.06605034714650242,0.007840000092983246
1,53,0.828125,1.3806967735290527,33.44320297241211,updated,1.3430861234664917,-0.5433142781257629,6.8228607177734375,2.008915424346924,2.007824659347534,49.808483253989834,29.149546579977855,1184,5,70,0,11,,3,61,-6.929426193237305,4.843808174133301,-2.0153133869171143,OUTBOUND,-26.915523529052734,-0.08378562380483,0.007840000092983246
1,56,0.875,1.0552358627319336,33.5126953125,updated,1.3434895277023315,-0.5562037229537964,0.66092848777771,2.0912649631500244,2.0938541889190674,49.93750193397864,29.137449431702652,1185,5,71,0,8,,3,61,-6.929859161376953,4.885627746582031,-1.5732563734054565,OUTBOUND,-26.983041763305664,-0.08726543768846395,0.007840000092983246
1,59,0.921875,0.7079892754554749,33.418514251708984,updated,1.3438938856124878,-0.5667052268981934,10.561924934387207,10.4154691696167,10.408940315246582,49.96489112099516,29.125376107669208,1186,5,72,0,5,,1,63,-6.929384708404541,4.919275760650635,-1.8879060745239258,OUTBOUND,-26.86419105529785,-0.05268930500494184,0.007840000092983246
1,57,0.890625,1.2688887119293213,33.4906120300293,updated,1.3442972898483276,-0.5436347126960754,21.827964782714844,1.9277307987213135,1.9148067235946655,49.995266087993514,29.113337887706194,1187,5,73,0,7,,3,61,-6.928857326507568,4.839267730712891,-2.0951828956604004,OUTBOUND,-26.997236251831055,-0.03818480997660495,0.007840000092983246
1,59,0.921875,0.789509117603302,33.53791046142578,updated,1.3447003364562988,-0.5497902035713196,64.86398315429688,0.9030545353889465,0.901602029800415,50.02615018398501,29.10128702064631,1188,5,74,0,5,,1,63,-6.928574562072754,4.858205795288086,-1.849380373954773,OUTBOUND,-26.87841796875,-0.05185181090597819,0.007840000092983246
1,59,0.921875,0.43383312225341797,33.90460968017578,updated,1.345104694366455,-0.5753769874572754,50.66115188598633,0.755028247833252,0.7532681226730347,50.054219604993705,29.08922017880545,1189,5,75,0,5,,1,63,-6.929555416107178,4.942717552185059,-1.79502534866333,OUTBOUND,-27.051956176757812,-0.035916849609577486,0.007840000092983246
0,58,0.90625,0.8362097144126892,34.00101852416992,updated,1.3455097675323486,-0.565650999546051,38.5162239074707,0.19010363519191742,0.19547441601753235,50.17999647499528,29.07715930651385,1190,5,76,1,6,WATCHDOG_DEADLINE,0,64,-6.928264141082764,4.907940864562988,-1.6350352764129639,OUTBOUND,-27.200763702392578,-0.02662265247883759,0.007840000092983246
1,61,0.953125,0.6040568947792053,34.27295684814453,updated,1.3459153175354004,-0.5665886402130127,1.3621879816055298,0.18674014508724213,0.19445912539958954,50.206030641973484,29.0650645974411,1191,5,77,0,3,,0,64,-6.928554058074951,4.909165859222412,-1.7751891613006592,OUTBOUND,-27.478796005249023,-0.05093822191270567,0.007840000092983246
1,59,0.921875,0.6143378615379333,34.329769134521484,updated,1.3463209867477417,-0.5626835227012634,28.059297561645508,0.827523410320282,0.8310415744781494,50.228546724974876,29.052991487674436,1192,5,78,0,5,,1,63,-6.928574562072754,4.894083499908447,-1.7630817890167236,OUTBOUND,-27.586322784423828,-0.02460399836044592,0.007840000092983246
1,55,0.859375,1.1922656297683716,34.43611145019531,updated,1.3467257022857666,-0.5460783839225769,116.82203674316406,11.868440628051758,11.839505195617676,50.25439049498527,29.040953693098725,1193,5,79,0,9,,2,62,-6.928792953491211,4.836325168609619,-1.8238974809646606,OUTBOUND,-27.927783966064453,0.021786740614590988,0.007840000092983246
1,57,0.890625,0.9259807467460632,34.155399322509766,updated,1.347130298614502,-0.5601810812950134,91.86859893798828,10.781377792358398,10.749289512634277,50.2851771429996,29.028897079815025,1194,5,80,0,7,,1,63,-6.929234504699707,4.8818464279174805,-2.0157620906829834,OUTBOUND,-27.8460693359375,0.005597417472943795,0.007840000092983246
1,53,0.828125,0.8624838590621948,33.94435119628906,updated,1.3475356101989746,-0.5688899159431458,70.62468719482422,11.174971580505371,11.149304389953613,50.315236633992754,29.01685308187412,1195,5,81,0,11,,2,62,-6.928644180297852,4.909176349639893,-1.671282172203064,OUTBOUND,-27.63910484313965,-0.007061669851569513,0.007840000092983246
1,61,0.953125,1.092956781387329,33.75983810424805,updated,1.3479410409927368,-0.5628147721290588,40.037235260009766,0.19826646149158478,0.214252769947052,50.34092359099304,29.004785014009467,1196,5,82,0,3,,0,64,-6.929746627807617,4.886882781982422,-1.4961971044540405,OUTBOUND,-27.35145378112793,-0.003672511871603748,0.007840000092983246
0,56,0.875,0.45911335945129395,33.784358978271484,updated,1.3483461141586304,-0.5559341907501221,40.68015670776367,1.3779253959655762,1.3793929815292358,50.46283066199976,28.992658954243662,1197,5,83,1,8,STALE_OR_INCOMPLETE_BUNDLE,2,62,-6.929926872253418,4.861937522888184,-1.9716869592666626,OUTBOUND,-27.340736389160156,-0.03827050951008824,0.007840000092983246
1,53,0.828125,1.0427855253219604,33.49346160888672,updated,1.3487496376037598,-0.5413811206817627,68.47006225585938,1.4574291706085205,1.4734426736831665,50.48780716198962,28.980516985525416,1198,5,84,0,11,,2,62,-6.928640842437744,4.811373233795166,-1.8675792217254639,OUTBOUND,-26.947587966918945,-0.04597014437954467,0.007840000092983246
1,55,0.859375,1.0343736410140991,33.8538703918457,updated,1.349152684211731,-0.5527113080024719,64.26881408691406,1.5529792308807373,1.5617414712905884,50.51217532699229,28.968365178477207,1199,5,85,0,9,,2,62,-6.930174827575684,4.847432613372803,-1.8377532958984375,OUTBOUND,-27.16290283203125,-0.02443394427040044,0.007840000092983246
1,56,0.875,0.7460740804672241,34.027347564697266,updated,1.3495553731918335,-0.5543832182884216,29.273515701293945,1.9140738248825073,1.9008783102035522,50.53845790299238,28.956235335714453,1200,5,86,0,8,,3,61,-6.930061340332031,4.851172924041748,-1.7473076581954956,OUTBOUND,-27.24016571044922,-0.016451512049646445,0.007840000092983246
1,52,0.8125,1.2432653903961182,34.043983459472656,updated,1.349958062171936,-0.5605498552322388,12.899030685424805,2.352116346359253,2.3382718563079834,50.56404414898134,28.944088366477988,1201,5,87,0,12,,4,60,-6.929357051849365,4.869900703430176,-1.5512250661849976,OUTBOUND,-27.313724517822266,-0.020966741196678552,0.007840000092983246
0,60,0.9375,0.8141362071037292,34.359107971191406,updated,1.3503607511520386,-0.5597211122512817,46.78003692626953,0.2354639619588852,0.23616231977939606,50.68101601797389,28.931893054846395,1202,5,88,1,4,STALE_OR_INCOMPLETE_BUNDLE,0,64,-6.928192138671875,4.865279674530029,-1.6734309196472168,OUTBOUND,-27.522972106933594,-0.06991679608123348,0.007840000092983246
1,59,0.921875,0.9331965446472168,34.617889404296875,updated,1.3507628440856934,-0.5519545078277588,1.4565068483352661,0.12400607764720917,0.12897415459156036,50.709059750981396,28.9197104632644,1203,5,89,0,5,,0,64,-6.929662227630615,4.837571620941162,-1.8742566108703613,OUTBOUND,-27.84670066833496,-0.12711271548820585,0.007840000092983246
1,59,0.921875,0.6864250898361206,34.803611755371094,updated,1.3511658906936646,-0.573822021484375,27.050477981567383,0.647485077381134,0.6499544382095337,50.73537810597918,28.907509931308038,1204,5,90,0,5,,1,63,-6.930638790130615,4.908481597900391,-1.894955039024353,OUTBOUND,-28.005741119384766,-0.1480762099338404,0.007840000092983246
1,59,0.921875,0.44320082664489746,34.707523345947266,updated,1.3515695333480835,-0.5703704357147217,172.64569091796875,23.446945190429688,23.38389015197754,50.758403917978285,28.89535697166248,1205,5,91,0,5,,4,60,-6.930598735809326,4.895121097564697,-1.8008105754852295,OUTBOUND,-28.138090133666992,-0.16563560854783096,0.007840000092983246
1,56,0.875,0.9253519773483276,34.7485466003418,updated,1.3519740104675293,-0.57304847240448,41.056007385253906,0.8304444551467896,0.8289403915405273,50.78330001598806,28.883225420706438,1206,5,92,0,8,,1,63,-6.9291887283325195,4.902130603790283,-1.6954394578933716,OUTBOUND,-28.153053283691406,-0.19002557864187597,0.007840000092983246
1,60,0.9375,1.089928150177002,34.3609504699707,updated,1.3523792028427124,-0.575904905796051,89.57061767578125,11.858454704284668,11.824237823486328,50.91038457499235,28.871076328745524,1207,5,93,0,4,,2,62,-6.928192138671875,4.9097161293029785,-2.0711934566497803,OUTBOUND,-27.990333557128906,-0.20503226806130387,0.007840000092983246
1,57,0.890625,0.9225893616676331,33.96304702758789,updated,1.3527833223342896,-0.551214337348938,12.48327350616455,1.3940222263336182,1.3973455429077148,50.937464235990774,28.858915675746218,1208,5,94,0,7,,2,62,-6.929230690002441,4.8260273933410645,-1.555670976638794,OUTBOUND,-27.605613708496094,-0.20232090083920076,0.007840000092983246
1,54,0.84375,0.7519503235816956,33.982418060302734,updated,1.3531882762908936,-0.5752341747283936,35.09342575073242,1.2632529735565186,1.2682273387908936,50.96769171397318,28.84679294855753,1209,5,95,0,10,,2,62,-6.927958011627197,4.903713703155518,-1.7644087076187134,OUTBOUND,-27.50927734375,-0.17847421966838128,0.007840000092983246
1,57,0.890625,0.9403761029243469,33.79893493652344,updated,1.353593111038208,-0.5644773244857788,15.054850578308105,12.033331871032715,12.01414680480957,50.99313944199821,28.834691416711202,1210,5,96,0,7,,3,61,-6.929184436798096,4.866266250610352,-1.5985997915267944,OUTBOUND,-27.290952682495117,-0.1753622118618719,0.007840000092983246
1,59,0.921875,0.8853549361228943,33.91962432861328,updated,1.3539971113204956,-0.5548054575920105,98.52696990966797,1.2292015552520752,1.2604758739471436,51.028576572978636,28.822558766067633,1211,5,97,0,5,,1,63,-6.930152416229248,4.83247709274292,-1.833323359489441,OUTBOUND,-27.256450653076172,-0.1664455695952813,0.007840000092983246
1,57,0.890625,0.7698556780815125,34.307857513427734,updated,1.354400634765625,-0.5597352385520935,92.36993408203125,0.5824247598648071,0.5829766988754272,51.062403107993305,28.81043180284077,1212,5,98,0,7,,0,64,-6.929544925689697,4.846939563751221,-1.8536890745162964,OUTBOUND,-27.467689514160156,-0.11541047144276978,0.007840000092983246
1,58,0.90625,0.5149081945419312,34.67451477050781,updated,1.3548040390014648,-0.5633938312530518,53.593162536621094,0.8989271521568298,0.8869678974151611,51.092676708998624,28.798319869198174,1213,5,99,0,6,,1,63,-6.929527759552002,4.857184886932373,-1.8973467350006104,OUTBOUND,-27.796310424804688,-0.07663016689680952,0.007840000092983246
1,58,0.90625,0.7526662349700928,34.87535858154297,updated,1.3552085161209106,-0.5817869901657104,5.510983943939209,1.8152744770050049,1.8075371980667114,51.22076221398311,28.78618070633173,1214,5,100,0,6,,3,61,-6.929235458374023,4.91593599319458,-1.9464751482009888,OUTBOUND,-28.006000518798828,-0.0555464075956067,0.007840000092983246
1,62,0.96875,0.6914923191070557,35.069515228271484,updated,1.3556139469146729,-0.5788255333900452,19.306589126586914,0.8631170392036438,0.8669343590736389,51.245211411995115,28.774013753913252,1215,5,101,0,2,,1,63,-6.929103851318359,4.904310703277588,-2.0225670337677,OUTBOUND,-28.236652374267578,-0.05827353625988649,0.007840000092983246
1,58,0.90625,0.7553747892379761,35.108211517333984,updated,1.3560186624526978,-0.5605111718177795,44.165260314941406,0.8115309476852417,0.8249418139457703,51.27162912598578,28.76182321386993,1216,5,102,0,6,,1,63,-6.929318428039551,4.842244625091553,-1.8354780673980713,OUTBOUND,-28.472694396972656,-0.05838490535064586,0.007840000092983246
1,54,0.84375,0.9627007246017456,35.36253356933594,updated,1.3564245700836182,-0.586249589920044,37.71388244628906,0.2285350114107132,0.23951169848442078,51.29904906297452,28.7496188674418,1217,5,103,0,10,,0,64,-6.929324626922607,4.924951553344727,-1.8949027061462402,OUTBOUND,-28.684814453125,-0.061592497783852306,0.007840000092983246
1,54,0.84375,0.8132225871086121,35.19181442260742,updated,1.3568302392959595,-0.566572368144989,68.03028869628906,1.455474615097046,1.4609503746032715,51.32727982697543,28.737403141528524,1218,5,104,0,10,,2,62,-6.929837703704834,4.858514785766602,-1.9727693796157837,OUTBOUND,-28.654033660888672,-0.08822023119867367,0.007840000092983246
1,53,0.828125,0.9185376167297363,35.09678268432617,updated,1.3572368621826172,-0.5851656198501587,36.391510009765625,0.7261921167373657,0.7124188542366028,51.45085998799186,28.72514717173326,1219,5,105,0,11,,1,63,-6.929274559020996,4.917624473571777,-1.7263203859329224,OUTBOUND,-28.52411460876465,-0.10920560017724126,0.007840000092983246
1,59,0.921875,0.6992710828781128,34.72282409667969,updated,1.357642650604248,-0.5589092969894409,60.90025329589844,11.446406364440918,11.411417007446289,51.47727569399285,28.712922975340017,1220,5,106,0,5,,1,63,-6.927974700927734,4.829784393310547,-1.7101460695266724,OUTBOUND,-28.36055564880371,-0.1180337953309296,0.007840000092983246
1,56,0.875,0.919546902179718,34.65399169921875,updated,1.3580477237701416,-0.5631917715072632,35.74834060668945,0.19839081168174744,0.21631792187690735,51.50364243297372,28.70075299847991,1221,5,107,0,8,,0,64,-6.928593158721924,4.842001914978027,-1.598409652709961,OUTBOUND,-28.192636489868164,-0.08932570903959998,0.007840000092983246
1,54,0.84375,0.5994870662689209,34.62415313720703,updated,1.3584531545639038,-0.5758140087127686,21.620492935180664,1.26919686794281,1.279541254043579,51.52812894197996,28.68858228164273,1222,5,108,0,10,,2,62,-6.928631782531738,4.881448745727539,-1.6315995454788208,OUTBOUND,-28.129627227783203,-0.037872981523088815,0.007840000092983246
1,58,0.90625,0.614018440246582,34.61731719970703,updated,1.3588590621948242,-0.5777878761291504,70.58221435546875,1.0019330978393555,1.019050121307373,51.64333686098689,28.67640673501572,1223,5,109,0,6,,1,63,-6.927958011627197,4.886059284210205,-1.822216510772705,OUTBOUND,-27.93914031982422,0.012806836502099612,0.007840000092983246
1,57,0.890625,0.6496902704238892,34.87177658081055,updated,1.359265923500061,-0.5872451663017273,76.0540771484375,0.40927571058273315,0.40139129757881165,51.670232962002046,28.664251744609313,1224,5,110,0,7,,0,64,-6.9289469718933105,4.915062427520752,-1.733002781867981,OUTBOUND,-28.04074478149414,0.028948984764120042,0.007840000092983246
1,61,0.953125,0.5243380665779114,35.06787872314453,updated,1.3596738576889038,-0.5898725390434265,33.083595275878906,0.5193278789520264,0.5113362073898315,51.695619904989144,28.652127598615568,1225,5,111,0,3,,0,64,-6.928554534912109,4.921753883361816,-1.7949227094650269,OUTBOUND,-28.15678596496582,0.04006782441022125,0.007840000092983246
1,55,0.859375,1.0201960802078247,35.24964904785156,updated,1.3600813150405884,-0.5715562701225281,3.4738528728485107,1.2832568883895874,1.2808674573898315,51.7199824010022,28.64002028134879,1226,5,112,0,9,,2,62,-6.929762840270996,4.860263347625732,-1.817480444908142,OUTBOUND,-28.410165786743164,0.07286235574866269,0.007840000092983246
1,55,0.859375,0.8706001043319702,35.0991096496582,updated,1.3604891300201416,-0.5797473192214966,28.438247680664062,2.4922053813934326,2.493962526321411,51.74680634998367,28.627896306949808,1227,5,113,0,9,,4,60,-6.929183483123779,4.88508415222168,-1.6231809854507446,OUTBOUND,-28.260263442993164,0.08545736924695513,0.007840000092983246
1,57,0.890625,0.5350687503814697,35.10549545288086,updated,1.360897183418274,-0.5814017653465271,1.897873878479004,0.7623159289360046,0.7606966495513916,51.77116155499243,28.615766080230365,1228,5,114,0,7,,1,63,-6.92833948135376,4.888622760772705,-1.8013056516647339,OUTBOUND,-28.41625213623047,0.10080972561237836,0.007840000092983246
1,62,0.96875,0.5332459211349487,35.551063537597656,updated,1.3613063097000122,-0.5928347110748291,19.91673469543457,0.7491263151168823,0.7460071444511414,51.79848521598615,28.603607777628458,1229,5,115,0,2,,1,63,-6.928585052490234,4.923887252807617,-1.9458569288253784,OUTBOUND,-28.79647445678711,0.14427870013662214,0.007840000092983246
1,59,0.921875,0.8367559313774109,35.48291778564453,updated,1.3617156744003296,-0.5844538807868958,35.809051513671875,0.772516667842865,0.769213080406189,51.922273411997594,28.591416370710476,1230,5,116,0,5,,1,63,-6.92832612991333,4.89484167098999,-1.771348476409912,OUTBOUND,-28.8148136138916,0.18803263378699764,0.007840000092983246
1,58,0.90625,0.5246179103851318,35.335472106933594,updated,1.3621246814727783,-0.574325680732727,1.443772554397583,0.1096949502825737,0.1082044243812561,51.94556980297784,28.57921110085685,1231,5,117,0,6,,0,64,-6.927958011627197,4.8601908683776855,-1.7623050212860107,OUTBOUND,-28.72582244873047,0.1796126444507279,0.007840000092983246
1,57,0.890625,0.5100471377372742,35.21632766723633,updated,1.3625333309173584,-0.5759524703025818,21.117238998413086,1.3621327877044678,1.3442367315292358,51.97196103297756,28.56703114364956,1232,5,118,0,7,,2,62,-6.927976608276367,4.863648414611816,-1.7985914945602417,OUTBOUND,-28.651275634765625,0.16082467339460252,0.007840000092983246
1,55,0.859375,1.100648283958435,35.23570251464844,updated,1.3629432916641235,-0.6001112461090088,62.946956634521484,11.861680030822754,11.833202362060547,51.9998161449912,28.554797035234557,1233,5,119,0,9,,2,62,-6.928653240203857,4.939937591552734,-2.0703125,OUTBOUND,-28.69623374938965,0.1265373447427664,0.007840000092983246
1,59,0.921875,0.5868075489997864,35.163516998291016,updated,1.3633524179458618,-0.5698884725570679,18.16847801208496,0.7781628370285034,0.7817025184631348,52.02306359398062,28.54266005376894,1234,5,120,0,5,,1,63,-6.92950439453125,4.840448379516602,-1.60859215259552,OUTBOUND,-28.630687713623047,0.06322356935797648,0.007840000092983246
1,58,0.90625,1.0605392456054688,34.640804290771484,updated,1.3637604713439941,-0.5661278367042542,30.81783103942871,13.054142951965332,13.020468711853027,52.153581356978975,28.53055623358997,1235,5,121,0,6,,4,60,-6.930771350860596,4.82653284072876,-1.7269116640090942,OUTBOUND,-28.23430061340332,0.030782522869576244,0.007840000092983246
1,53,0.828125,0.7199264168739319,34.921348571777344,updated,1.3641682863235474,-0.5784177780151367,56.615901947021484,1.024488091468811,1.0234586000442505,52.184095163975144,28.518461048210774,1236,5,122,0,11,,1,63,-6.928611755371094,4.86438512802124,-1.7679723501205444,OUTBOUND,-28.32834243774414,0.012381169813182137,0.007840000092983246
1,55,0.859375,0.6203699111938477,35.17382049560547,updated,1.3645774126052856,-0.5984659790992737,84.92755889892578,0.5091095566749573,0.5045225024223328,52.20930391497677,28.50636398456461,1237,5,123,0,9,,0,64,-6.930792331695557,4.92714786529541,-1.902576208114624,OUTBOUND,-28.348350524902344,-0.022439873156995558,0.007840000092983246
1,59,0.921875,1.210925579071045,35.315711975097656,updated,1.3649873733520508,-0.5963413715362549,69.67448425292969,0.4013245701789856,0.38367873430252075,52.234001566976076,28.49428571668764,1238,5,124,0,5,,0,64,-6.929028034210205,4.918453693389893,-2.0659844875335693,OUTBOUND,-28.419403076171875,-0.028586628662795637,0.007840000092983246
1,55,0.859375,1.1806073188781738,35.62106704711914,updated,1.3653984069824219,-0.598348081111908,20.239625930786133,1.3551002740859985,1.3460891246795654,52.258943442982854,28.48221600105904,1239,5,125,0,9,,2,62,-6.927964687347412,4.923051357269287,-2.0443220138549805,OUTBOUND,-28.677824020385742,-0.004760111196306751,0.007840000092983246
0,54,0.84375,0.5573052167892456,35.45987319946289,updated,1.3658092021942139,-0.5849002003669739,68.65420532226562,12.557498931884766,12.581460952758789,52.3819123559806,28.470127316545394,1240,5,126,1,10,WATCHDOG_DEADLINE,3,61,-6.927958011627197,4.8780131340026855,-1.667594313621521,OUTBOUND,-28.759939193725586,-0.04093820168345708,0.007840000092983246
1,60,0.9375,0.626468300819397,35.61724090576172,updated,1.3662198781967163,-0.5858811140060425,51.14254379272461,11.5126371383667,11.500020027160645,52.41080724299536,28.458067909509303,1241,5,127,0,4,,1,63,-6.928564071655273,4.879347801208496,-1.665711522102356,OUTBOUND,-28.92470932006836,-0.08697194254270967,0.007840000092983246
1,56,0.875,0.6629357933998108,35.6029167175293,updated,1.36663019657135,-0.5796452760696411,2.2121877670288086,0.7734822034835815,0.7782517075538635,52.43570596599602,28.446007311332444,1242,5,128,0,8,,1,63,-6.929050445556641,4.857552528381348,-1.8604170083999634,OUTBOUND,-28.954517364501953,-0.10846284675056919,0.007840000092983246
1,53,0.828125,0.46085619926452637,35.59177780151367,updated,1.3670405149459839,-0.5878208875656128,70.31196594238281,12.643105506896973,12.604759216308594,52.46256795700174,28.433910060128483,1243,5,129,0,11,,3,61,-6.928644180297852,4.881941795349121,-1.8037136793136597,OUTBOUND,-29.006227493286133,-0.14659712684713413,0.007840000092983246
1,57,0.890625,1.2374144792556763,35.384090423583984,updated,1.3674519062042236,-0.6015186905860901,18.533592224121094,1.291250228881836,1.2833129167556763,52.48849279698334,28.421786415404295,1244,5,130,0,7,,2,62,-6.928765773773193,4.923946857452393,-1.9942768812179565,OUTBOUND,-28.71814727783203,-0.14026635807742266,0.007840000092983246
1,58,0.90625,0.6884536147117615,35.200584411621094,updated,1.3678627014160156,-0.5800284743309021,66.67618560791016,0.46233609318733215,0.5020306706428528,52.511446110002,28.4096987765123,1245,5,131,0,6,,0,64,-6.929009914398193,4.853427886962891,-1.4995414018630981,OUTBOUND,-28.541656494140625,-0.13042366639222375,0.007840000092983246
1,55,0.859375,0.9410290122032166,35.64521408081055,updated,1.3682736158370972,-0.5923905968666077,24.02180290222168,1.3639099597930908,1.3647352457046509,52.5361188579991,28.397586262377256,1246,5,132,0,9,,2,62,-6.929427623748779,4.891114234924316,-1.5815203189849854,OUTBOUND,-28.84172248840332,-0.12392888111283494,0.007840000092983246
0,57,0.890625,0.3921886384487152,35.603981018066406,updated,1.3686845302581787,-0.588492214679718,18.21481704711914,1.2578703165054321,1.2534818649291992,52.655853217991535,28.38544754371086,1247,5,133,1,7,STALE_OR_INCOMPLETE_BUNDLE,2,62,-6.928596019744873,4.876870155334473,-1.653113603591919,OUTBOUND,-28.797412872314453,-0.1440562966144104,0.007840000092983246
1,58,0.90625,0.7734153866767883,35.52098083496094,updated,1.369094729423523,-0.5779899954795837,45.88829040527344,13.00709342956543,12.974212646484375,52.684142432990484,28.373322141302427,1248,5,134,0,6,,3,61,-6.927958011627197,4.841611862182617,-1.6607848405838013,OUTBOUND,-28.897621154785156,-0.1877171224664794,0.007840000092983246
1,61,0.953125,1.0239216089248657,35.57499694824219,updated,1.3695048093795776,-0.5878974199295044,9.860180854797363,11.547500610351562,11.519850730895996,52.70911936199991,28.361185789683553,1249,5,135,0,3,,1,63,-6.929997444152832,4.871392726898193,-1.8601197004318237,OUTBOUND,-28.913766860961914,-0.17620224991321518,0.007840000092983246
1,53,0.828125,0.9911096692085266,35.85134506225586,updated,1.369916319847107,-0.6104105114936829,42.19031524658203,0.27228492498397827,0.2697050869464874,52.73278386797756,28.349055142512437,1250,5,136,0,11,,0,64,-6.9281206130981445,4.9412055015563965,-2.134690284729004,OUTBOUND,-28.999401092529297,-0.14708683646012877,0.007840000092983246
1,59,0.921875,0.6822444796562195,35.704463958740234,updated,1.370327353477478,-0.584888756275177,10.043493270874023,1.3329112529754639,1.3289210796356201,52.75922516497667,28.33692656383618,1251,5,137,0,5,,2,62,-6.929959774017334,4.858266353607178,-1.8004331588745117,OUTBOUND,-29.002355575561523,-0.15582250987153143,0.007840000092983246
0,55,0.859375,0.606540322303772,35.879844665527344,updated,1.3707388639450073,-0.5978947281837463,5.082142353057861,1.3006858825683594,1.2992544174194336,52.89019282598747,28.32471516387046,1252,5,138,1,9,STALE_OR_INCOMPLETE_BUNDLE,2,62,-6.92945671081543,4.89777946472168,-1.899017572402954,OUTBOUND,-29.04164695739746,-0.22493565330852403,0.007840000092983246
1,56,0.875,0.3512096703052521,35.656578063964844,updated,1.3711494207382202,-0.5772891640663147,44.78895568847656,13.185811996459961,13.159748077392578,52.9163225129887,28.312484076593208,1253,5,139,0,8,,3,61,-6.928746700286865,4.830630779266357,-1.788730502128601,OUTBOUND,-29.052610397338867,-0.255629271177961,0.007840000092983246
1,56,0.875,0.7821913957595825,35.83084487915039,updated,1.3715609312057495,-0.6062533259391785,50.446170806884766,12.836395263671875,12.786741256713867,52.94387013098458,28.30029585987366,1254,5,140,0,8,,3,61,-6.929621696472168,4.920654296875,-1.8690558671951294,OUTBOUND,-29.182159423828125,-0.22345357327838258,0.007840000092983246
1,58,0.90625,0.8095018267631531,35.9045295715332,updated,1.3719724416732788,-0.5921351313591003,44.54725646972656,0.21362273395061493,0.218916118144989,52.96974653098732,28.288103790672793,1255,5,141,0,6,,0,64,-6.92996883392334,4.874145030975342,-2.0267860889434814,OUTBOUND,-29.241554260253906,-0.17152554805304066,0.007840000092983246
1,55,0.859375,0.8299042582511902,36.01654052734375,updated,1.3723838329315186,-0.5934685468673706,53.361000061035156,0.3171161413192749,0.3342771828174591,52.9950972419756,28.275976534878332,1256,5,142,0,9,,0,64,-6.928509712219238,4.876583576202393,-1.7549628019332886,OUTBOUND,-29.31389617919922,-0.11928901768252555,0.007840000092983246
1,57,0.890625,0.9753010272979736,35.73737716674805,updated,1.3727957010269165,-0.5988743901252747,27.573543548583984,13.059589385986328,13.009502410888672,53.11607480997918,28.26388906567716,1257,5,143,0,7,,3,61,-6.92960786819458,4.891883850097656,-1.858921766281128,OUTBOUND,-28.93814468383789,-0.085129244196544,0.007840000092983246
1,58,0.90625,0.6478590369224548,36.091304779052734,updated,1.3732072114944458,-0.5908732414245605,24.477745056152344,1.334049105644226,1.3158174753189087,53.14000758199836,28.251828576433205,1258,5,144,0,6,,2,62,-6.9283061027526855,4.864840984344482,-1.9517691135406494,OUTBOUND,-29.310001373291016,-0.06639425060187659,0.007840000092983246
1,59,0.921875,0.852531373500824,36.09135055541992,updated,1.3736189603805542,-0.5969142317771912,37.25612258911133,0.7566144466400146,0.7654882669448853,53.164920245995745,28.239756170168032,1259,5,145,0,5,,1,63,-6.928574562072754,4.882125377655029,-1.5807808637619019,OUTBOUND,-29.250980377197266,-0.0776136803027456,0.007840000092983246
1,61,0.953125,1.048479437828064,35.91346740722656,updated,1.3740299940109253,-0.5848289728164673,6.149664402008057,11.81413745880127,11.778733253479004,53.195569684990915,28.227660552849944,1260,5,146,0,3,,1,63,-6.929418563842773,4.842278003692627,-1.7325773239135742,OUTBOUND,-29.186494827270508,-0.06465277233117972,0.007840000092983246
1,51,0.796875,1.0571180582046509,36.18647003173828,updated,1.3744399547576904,-0.5796628594398499,21.504655838012695,1.8723642826080322,1.8744593858718872,53.22170440998161,28.21559102505398,1261,5,147,0,13,,3,61,-6.927958011627197,4.82428503036499,-1.72835111618042,OUTBOUND,-29.467042922973633,-0.05375436667911059,0.007840000092983246
1,60,0.9375,0.7917283177375793,36.34505844116211,updated,1.3748505115509033,-0.6026594042778015,10.036492347717285,0.7141817808151245,0.7178465127944946,53.247938838991104,28.20346862935491,1262,5,148,0,4,,1,63,-6.93010139465332,4.894879341125488,-1.6843187808990479,OUTBOUND,-29.51251220703125,-0.04958817749618632,0.007840000092983246
1,59,0.921875,1.124912142753601,36.18745040893555,updated,1.3752611875534058,-0.5954752564430237,9.68399715423584,0.8697547912597656,0.8912912011146545,53.275380185979884,28.1914068776389,1263,5,149,0,5,,1,63,-6.928617000579834,4.8705339431762695,-1.8755147457122803,OUTBOUND,-29.449844360351562,-0.004996352440969406,0.007840000092983246
1,59,0.921875,0.9395187497138977,36.17613983154297,updated,1.3756722211837769,-0.6006066203117371,32.801456451416016,12.306187629699707,12.281784057617188,53.40330545397592,28.179348886999193,1264,5,150,0,5,,1,63,-6.9279890060424805,4.884883880615234,-1.6510679721832275,OUTBOUND,-29.4273738861084,0.031092577684907315,0.007840000092983246
1,56,0.875,0.7335030436515808,36.31450653076172,updated,1.3760830163955688,-0.5916389226913452,24.42891502380371,1.4847509860992432,1.4968891143798828,53.433485496992944,28.167265565218496,1265,5,151,0,8,,2,62,-6.929770469665527,4.855001926422119,-1.7095924615859985,OUTBOUND,-29.68218231201172,0.036608227826126084,0.007840000092983246
1,59,0.921875,1.042633056640625,36.14944839477539,updated,1.3764944076538086,-0.6069595217704773,36.75377655029297,12.416658401489258,12.367240905761719,53.46271699498175,28.155182583696927,1266,5,152,0,5,,2,62,-6.929361820220947,4.901257514953613,-1.9293485879898071,OUTBOUND,-29.455751419067383,0.018941860166919882,0.007840000092983246
1,59,0.921875,0.7635784149169922,36.24647521972656,updated,1.3769054412841797,-0.5907366871833801,31.652509689331055,12.323796272277832,12.277955055236816,53.49190263598575,28.143066518652418,1267,5,153,0,5,,1,63,-6.927974700927734,4.848710060119629,-1.5688517093658447,OUTBOUND,-29.74459457397461,-0.01423314973268117,0.007840000092983246
1,51,0.796875,1.2613699436187744,36.09722900390625,updated,1.3773163557052612,-0.5954952836036682,51.532466888427734,0.8598487377166748,0.8765738010406494,53.52339656199911,28.130960961358614,1268,5,154,0,13,,1,63,-6.929013252258301,4.861862659454346,-1.9507797956466675,OUTBOUND,-29.502273559570312,-0.04915668384915634,0.007840000092983246
1,56,0.875,0.8107790946960449,35.970577239990234,updated,1.3777273893356323,-0.5991082787513733,3.656890392303467,12.389572143554688,12.313182830810547,53.64313349899021,28.118875453395596,1269,5,155,0,8,,2,62,-6.927958011627197,4.871412754058838,-1.865255355834961,OUTBOUND,-29.358264923095703,-0.051103243513871036,0.007840000092983246
1,57,0.890625,0.8242551684379578,36.22500228881836,updated,1.378138780593872,-0.6048678755760193,76.49654388427734,0.40095776319503784,0.4285354018211365,53.669163944985485,28.106757608977215,1270,5,156,0,7,,0,64,-6.930099964141846,4.887644290924072,-1.7976056337356567,OUTBOUND,-29.418437957763672,-0.016645689970939164,0.007840000092983246
1,60,0.9375,0.6153337955474854,36.44374465942383,updated,1.3785501718521118,-0.5976086854934692,53.9593391418457,0.7869828343391418,0.8014283180236816,53.69479532298283,28.094671972026095,1271,5,157,0,4,,1,63,-6.9295334815979,4.863253593444824,-1.6603230237960815,OUTBOUND,-29.580989837646484,0.012882973353644873,0.007840000092983246
1,59,0.921875,0.762904703617096,36.50559616088867,updated,1.3789631128311157,-0.6214766502380371,13.288175582885742,12.311537742614746,12.276233673095703,53.72267265297705,28.08257047474662,1272,5,158,0,5,,1,63,-6.930258750915527,4.935868740081787,-2.0205917358398438,OUTBOUND,-29.552230834960938,0.006470648143752731,0.007840000092983246
1,52,0.8125,0.647048830986023,36.50210189819336,updated,1.3793762922286987,-0.6074209809303284,29.860143661499023,13.071697235107422,13.012645721435547,53.84580502199242,28.070501939178875,1273,5,159,0,12,,2,62,-6.928642272949219,4.890322685241699,-1.9552090167999268,OUTBOUND,-29.68083953857422,-0.002506100453856922,0.007840000092983246
1,57,0.890625,1.2408493757247925,36.650814056396484,updated,1.3797895908355713,-0.6036126017570496,23.445703506469727,0.9470978379249573,0.9755192399024963,53.87172348899185,28.0583984604787,1274,5,160,0,7,,1,63,-6.928950309753418,4.876720905303955,-1.8701730966567993,OUTBOUND,-29.814739227294922,0.01964656084127214,0.007840000092983246
1,52,0.8125,0.8816057443618774,36.430992126464844,updated,1.3802014589309692,-0.5812267661094666,28.83851432800293,0.21145597100257874,0.23546743392944336,53.89901327897678,28.04628715975953,1275,5,161,0,12,,0,64,-6.927958011627197,4.805439472198486,-1.795228362083435,OUTBOUND,-29.795324325561523,0.02595997284726853,0.007840000092983246
1,58,0.90625,0.9308726787567139,36.969627380371094,updated,1.3806129693984985,-0.5966562032699585,1.4043906927108765,0.6422685384750366,0.6358895897865295,53.923631076992024,28.034171103121203,1276,5,162,0,6,,1,63,-6.92937707901001,4.851650238037109,-1.7864336967468262,OUTBOUND,-30.079917907714844,-0.008528167837351792,0.007840000092983246
1,57,0.890625,1.0905077457427979,36.83872604370117,updated,1.381024718284607,-0.6043620705604553,64.09200286865234,12.597114562988281,12.569769859313965,53.94676295699901,28.02205834081348,1277,5,163,0,7,,1,63,-6.928496360778809,4.873830795288086,-2.0142385959625244,OUTBOUND,-30.153287887573242,-0.04822431582895078,0.007840000092983246
1,55,0.859375,1.3589701652526855,36.883426666259766,updated,1.3814373016357422,-0.6155614256858826,5.625453948974609,0.7260384559631348,0.7369465231895447,53.97707559997798,28.00996909811531,1278,5,164,0,9,,1,63,-6.928260326385498,4.906791687011719,-1.8005914688110352,OUTBOUND,-30.04543113708496,-0.06262302622947616,0.007840000092983246
1,54,0.84375,0.7892452478408813,36.89883804321289,updated,1.3818503618240356,-0.6103633046150208,8.406490325927734,1.383492350578308,1.3852989673614502,54.00409249099903,27.997889597937522,1279,5,165,0,10,,2,62,-6.928374767303467,4.888942241668701,-2.039100408554077,OUTBOUND,-30.15597915649414,-0.0600194724784653,0.007840000092983246
1,58,0.90625,0.7128896117210388,36.828311920166016,updated,1.382263422012329,-0.6049787402153015,7.105162143707275,0.6128526329994202,0.6205044984817505,54.12726818898227,27.98582569470571,1280,5,166,0,6,,1,63,-6.928827285766602,4.870547771453857,-1.772199273109436,OUTBOUND,-30.174650192260742,-0.0768017705131128,0.007840000092983246
1,58,0.90625,0.7658562660217285,36.7852668762207,updated,1.3826768398284912,-0.6095504760742188,24.83143424987793,0.17005778849124908,0.1904457062482834,54.15791736799292,27.973757029502007,1281,5,167,0,6,,0,64,-6.928691387176514,4.882943153381348,-1.8952455520629883,OUTBOUND,-29.983171463012695,-0.09502927270478245,0.007840000092983246
1,59,0.921875,0.8164380788803101,36.794979095458984,updated,1.3830909729003906,-0.6168015599250793,42.80497741699219,12.355025291442871,12.292032241821289,54.19792509797844,27.96166808969282,1282,5,168,0,5,,1,63,-6.9297895431518555,4.90358304977417,-1.6729604005813599,OUTBOUND,-30.129793167114258,-0.11199487293536912,0.007840000092983246
1,57,0.890625,0.7977213859558105,37.03755187988281,updated,1.3835055828094482,-0.614508330821991,11.125080108642578,1.3739213943481445,1.3715448379516602,54.22959198898752,27.94957860128204,1283,5,169,0,7,,2,62,-6.92991304397583,4.894754409790039,-1.9032933712005615,OUTBOUND,-30.33296012878418,-0.12126830331065848,0.007840000092983246
1,58,0.90625,0.7330420017242432,36.72714614868164,updated,1.3839203119277954,-0.6109358668327332,47.32819366455078,0.8188607692718506,0.8362536430358887,54.25886907798122,27.937478106365194,1284,5,170,0,6,,1,63,-6.930384159088135,4.881999969482422,-1.6016348600387573,OUTBOUND,-29.912065505981445,-0.12693661297815909,0.007840000092983246
1,55,0.859375,0.9119805097579956,36.90283966064453,updated,1.3843353986740112,-0.614229142665863,41.353511810302734,1.0031496286392212,1.0342212915420532,54.39147945298464,27.925369985018815,1285,5,171,0,9,,1,63,-6.9289350509643555,4.890398979187012,-1.8483061790466309,OUTBOUND,-29.920799255371094,-0.13795616052667373,0.007840000092983246
1,57,0.890625,0.4427417814731598,36.777008056640625,updated,1.3847510814666748,-0.6196704506874084,58.21651840209961,14.842299461364746,14.78117561340332,54.41605206998065,27.913247015856438,1286,5,172,0,7,,5,59,-6.928932189941406,4.905387878417969,-1.910423755645752,OUTBOUND,-29.950502395629883,-0.14403768329592515,0.007840000092983246
1,56,0.875,0.8132628202438354,36.76385498046875,updated,1.3851670026779175,-0.6148175001144409,48.797088623046875,13.675712585449219,13.616765022277832,54.44395144598093,27.90110456222541,1287,5,173,0,8,,3,61,-6.928955554962158,4.888721466064453,-1.9139143228530884,OUTBOUND,-30.082469940185547,-0.16766215530987907,0.007840000092983246
1,60,0.9375,0.7581952214241028,36.722652435302734,updated,1.3855834007263184,-0.6175129413604736,62.02214813232422,0.9032849669456482,0.9151115417480469,54.47143067399156,27.888916590837955,1288,5,174,0,4,,1,63,-6.929628849029541,4.895253658294678,-1.5908905267715454,OUTBOUND,-29.959314346313477,-0.1587300414133851,0.007840000092983246
1,57,0.890625,0.8056970834732056,36.7534294128418,updated,1.385999083518982,-0.6027674078941345,46.49074935913086,1.3959071636199951,1.3846882581710815,54.50162280499353,27.87680160323917,1289,5,175,0,7,,2,62,-6.928596496582031,4.848292350769043,-1.652033805847168,OUTBOUND,-29.93348503112793,-0.1462691649735359,0.007840000092983246
0,56,0.875,0.6513209342956543,37.075443267822266,updated,1.386414647102356,-0.6115862727165222,54.982025146484375,0.27061423659324646,0.2727077007293701,54.61474775199895,27.864590606249877,1290,5,176,1,8,WATCHDOG_DEADLINE,0,64,-6.927958011627197,4.873610973358154,-2.0075600147247314,OUTBOUND,-30.244173049926758,-0.2004780505014565,0.007840000092983246
1,60,0.9375,0.7417212128639221,37.34601593017578,updated,1.3868308067321777,-0.6219314336776733,38.68415832519531,0.21921224892139435,0.2264208346605301,54.64469930098858,27.852448557996272,1291,5,177,0,4,,0,64,-6.929030418395996,4.903555393218994,-2.0506410598754883,OUTBOUND,-30.32423973083496,-0.24791354377210018,0.007840000092983246
1,54,0.84375,0.6217852234840393,37.399539947509766,updated,1.3872469663619995,-0.612524151802063,33.93928527832031,1.7840006351470947,1.7753660678863525,54.67944426697795,27.84028298133573,1292,5,178,0,10,,3,61,-6.929739475250244,4.873041152954102,-1.7767356634140015,OUTBOUND,-30.529714584350586,-0.27110601537251683,0.007840000092983246
1,56,0.875,1.210481882095337,37.46518325805664,updated,1.3876628875732422,-0.6115421652793884,9.909178733825684,0.7809060215950012,0.7811532020568848,54.70644699499826,27.828084380350433,1293,5,179,0,8,,1,63,-6.928863525390625,4.868324279785156,-1.7683764696121216,OUTBOUND,-30.584516525268555,-0.291490013274794,0.007840000092983246
1,58,0.90625,0.49535438418388367,37.64795684814453,updated,1.3880789279937744,-0.6154145002365112,19.602062225341797,0.19617311656475067,0.21095356345176697,54.730249714979436,27.815879017430003,1294,5,180,0,6,,0,64,-6.930055618286133,4.878434181213379,-1.68467116355896,OUTBOUND,-30.8129940032959,-0.29774416535695425,0.007840000092983246
1,58,0.90625,0.44210097193717957,37.60811996459961,updated,1.3884952068328857,-0.619865894317627,29.910369873046875,0.9236189723014832,0.9196309447288513,54.755518695979845,27.803669205379,1295,5,181,0,6,,1,63,-6.929030895233154,4.890292167663574,-1.7308465242385864,OUTBOUND,-30.847564697265625,-0.3006299093741253,0.007840000092983246
1,52,0.8125,0.838111937046051,37.42214584350586,updated,1.388911485671997,-0.6137322783470154,40.519874572753906,1.5443060398101807,1.5270330905914307,54.78021829298814,27.791452881292937,1296,5,182,0,12,,2,62,-6.928016185760498,4.869877815246582,-1.9704554080963135,OUTBOUND,-30.772098541259766,-0.30728328490862894,0.007840000092983246
0,56,0.875,0.6359967589378357,37.4129524230957,updated,1.3893271684646606,-0.6070556044578552,23.458202362060547,0.7255869507789612,0.7192472219467163,54.902758593991166,27.779163888819976,1297,5,183,1,8,STALE_OR_INCOMPLETE_BUNDLE,1,63,-6.92860746383667,4.847847938537598,-1.6857808828353882,OUTBOUND,-30.782062530517578,-0.351506295046261,0.007576392497867346
1,53,0.828125,0.4905804991722107,37.34665298461914,updated,1.3897435665130615,-0.628028929233551,6.710013389587402,1.1013915538787842,1.0876425504684448,54.934316398983356,27.766866412088635,1298,5,184,0,11,,1,63,-6.927958011627197,4.909950256347656,-1.7402456998825073,OUTBOUND,-30.628684997558594,-0.3955320010606064,0.007560000289231539
1,55,0.859375,0.938717246055603,37.396297454833984,updated,1.3901610374450684,-0.6307470202445984,34.868900299072266,0.276439368724823,0.28086692094802856,54.96560424999916,27.754560388868306,1299,5,185,0,9,,0,64,-6.928638458251953,4.916469573974609,-1.8416301012039185,OUTBOUND,-30.574703216552734,-0.38211264552074903,0.007776033598929644
1,55,0.859375,0.8259495496749878,37.27581787109375,updated,1.3905788660049438,-0.6253745555877686,56.97978973388672,0.9057343006134033,0.9058826565742493,54.99717419597437,27.74228202920786,1300,5,186,0,9,,1,63,-6.928735256195068,4.898413181304932,-1.813571810722351,OUTBOUND,-30.404335021972656,-0.36148221954690474,0.007840000092983246
1,51,0.796875,0.8645968437194824,37.5438117980957,updated,1.3909966945648193,-0.6203067302703857,9.3482084274292,1.9965269565582275,1.973221778869629,55.03183649998391,27.729978193169284,1301,5,187,0,13,,3,61,-6.928671360015869,4.881313323974609,-1.8043235540390015,OUTBOUND,-30.681190490722656,-0.3475094922309442,0.007840000092983246
1,52,0.8125,0.8122166991233826,37.33932113647461,updated,1.391413688659668,-0.6068779826164246,37.000335693359375,0.28031036257743835,0.2790270149707794,55.065954585996224,27.717702671524115,1302,5,188,0,12,,0,64,-6.928963661193848,4.838909149169922,-1.86653733253479,OUTBOUND,-30.645090103149414,-0.3471510249274511,0.00775914965197444
1,56,0.875,0.7313493490219116,37.751434326171875,updated,1.3918309211730957,-0.622684121131897,15.238446235656738,0.7172065377235413,0.7052602767944336,55.188259994989494,27.705456379794583,1303,5,189,0,8,,1,63,-6.929256916046143,4.885092258453369,-1.7134945392608643,OUTBOUND,-30.850040435791016,-0.3560064758592769,0.007745158392935991
1,59,0.921875,1.064613699913025,37.688194274902344,updated,1.3922475576400757,-0.6117623448371887,22.098411560058594,0.1997498869895935,0.19291143119335175,55.21341015098733,27.69323775414272,1304,5,190,0,5,,0,64,-6.928856372833252,4.850347995758057,-1.8409823179244995,OUTBOUND,-30.805648803710938,-0.34613714961944364,0.007840000092983246
1,53,0.828125,0.8335949182510376,38.04702377319336,updated,1.3926645517349243,-0.6241846680641174,39.91170883178711,1.4832725524902344,1.460296392440796,55.24154786000145,27.681026856239576,1305,5,191,0,11,,2,62,-6.929327011108398,4.886213302612305,-1.8242409229278564,OUTBOUND,-31.193872451782227,-0.3229414945924946,0.007840000092983246
1,53,0.828125,0.5302834510803223,38.0333366394043,updated,1.393081545829773,-0.619316577911377,33.22457504272461,1.387160062789917,1.370758295059204,55.26509833999444,27.668826757915436,1306,5,192,0,11,,2,62,-6.928644180297852,4.869811058044434,-1.8726814985275269,OUTBOUND,-31.170654296875,-0.2982655444609849,0.007840000092983246
0,63,0.984375,1.0415136814117432,37.97923278808594,updated,1.3934990167617798,-0.6303668022155762,16.150278091430664,0.1570245623588562,0.1478436142206192,55.38687143998686,27.65661869262916,1307,5,193,1,1,STALE_OR_INCOMPLETE_BUNDLE,0,64,-6.929498195648193,4.901454448699951,-1.6856573820114136,OUTBOUND,-31.19353485107422,-0.3192805571920647,0.007751914206892252
1,60,0.9375,1.3816646337509155,38.01267623901367,updated,1.3939167261123657,-0.6232767701148987,5.836755752563477,0.7558891177177429,0.7390708923339844,55.41024531397852,27.644398488937934,1308,5,194,0,4,,1,63,-6.929868221282959,4.87837028503418,-1.7288153171539307,OUTBOUND,-31.19508171081543,-0.3366070961729688,0.007840000092983246
1,57,0.890625,0.4427483081817627,37.95094299316406,updated,1.3943355083465576,-0.6402703523635864,9.567358016967773,0.1721269190311432,0.16168123483657837,55.4371565549809,27.632165994885952,1309,5,195,0,7,,0,64,-6.9283528327941895,4.927842617034912,-1.5960267782211304,OUTBOUND,-31.152963638305664,-0.2858097051641036,0.007840000092983246
1,56,0.875,0.6229049563407898,37.78895950317383,updated,1.3947546482086182,-0.630280077457428,25.31251335144043,1.9401743412017822,1.9078478813171387,55.461964246991556,27.6200165348296,1310,5,196,0,8,,3,61,-6.929653644561768,4.8960466384887695,-1.8012762069702148,OUTBOUND,-31.008718490600586,-0.2572934599641409,0.007840000092983246
1,60,0.9375,0.9910452365875244,37.61427307128906,updated,1.3951743841171265,-0.6329739689826965,71.89241027832031,15.314416885375977,15.32346248626709,55.488188329996774,27.607824956768916,1311,5,197,0,4,,4,60,-6.928117275238037,4.902430534362793,-2.042412281036377,OUTBOUND,-30.908527374267578,-0.24375907319673576,0.007840000092983246
1,60,0.9375,0.9111402034759521,37.3610954284668,updated,1.3955951929092407,-0.6437454223632812,12.726649284362793,14.050714492797852,14.072203636169434,55.518083771981765,27.595653110632423,1312,5,198,0,4,,2,62,-6.930020332336426,4.933056831359863,-1.735622525215149,OUTBOUND,-30.642742156982422,-0.20799953850570588,0.007840000092983246
1,59,0.921875,1.205060362815857,37.34036636352539,updated,1.3960161209106445,-0.6313967704772949,53.6976432800293,1.5863255262374878,1.5893498659133911,55.550965486996574,27.58351373585308,1313,5,199,0,5,,2,62,-6.929210186004639,4.894260883331299,-2.269134283065796,OUTBOUND,-30.54580307006836,-0.20332909594539317,0.007840000092983246
1,56,0.875,1.2094782590866089,37.415077209472656,updated,1.3964366912841797,-0.6223816275596619,29.222105026245117,14.038588523864746,14.06522274017334,55.68522937799571,27.571341400355124,1314,5,200,0,8,,2,62,-6.927977085113525,4.865525722503662,-2.0221691131591797,OUTBOUND,-30.605487823486328,-0.23324996079862564,0.007840000092983246
1,56,0.875,0.6086995005607605,37.243133544921875,updated,1.3968573808670044,-0.6324809789657593,59.5296745300293,13.25881576538086,13.26013469696045,55.71175787597895,27.559134649001955,1315,5,201,0,8,,1,63,-6.928275108337402,4.894087791442871,-1.6818753480911255,OUTBOUND,-30.401565551757812,-0.2580868734675113,0.007840000092983246
1,60,0.9375,0.6690326929092407,37.74632263183594,updated,1.39727783203125,-0.6248824000358582,31.78605842590332,13.609085083007812,13.604644775390625,55.74294699498569,27.546912249090923,1316,5,202,0,4,,1,63,-6.928569316864014,4.869646072387695,-1.5871551036834717,OUTBOUND,-30.82209014892578,-0.23075806561539602,0.007840000092983246
1,59,0.921875,0.8055256605148315,37.885528564453125,updated,1.3976980447769165,-0.6277922987937927,81.3572006225586,0.5156757831573486,0.5078621506690979,55.76993087597657,27.53477353189562,1317,5,203,0,5,,0,64,-6.9286208152771,4.876662254333496,-1.6521776914596558,OUTBOUND,-30.858919143676758,-0.20136897152808425,0.007840000092983246
1,58,0.90625,0.8254796266555786,38.20903778076172,updated,1.3981189727783203,-0.638766348361969,38.258323669433594,0.8016582727432251,0.799389123916626,55.79840033798246,27.522615384847164,1318,5,204,0,6,,1,63,-6.92921257019043,4.907752513885498,-1.726138710975647,OUTBOUND,-31.07126808166504,-0.21291478462987945,0.007840000092983246
1,57,0.890625,1.1812065839767456,38.49667739868164,updated,1.3985403776168823,-0.6402724385261536,0.720871090888977,0.7929525375366211,0.7847301959991455,55.93516895698849,27.510475789256237,1319,5,205,0,7,,1,63,-6.929614543914795,4.910532474517822,-1.5374324321746826,OUTBOUND,-31.373504638671875,-0.216715125817109,0.007840000092983246
1,55,0.859375,1.1705180406570435,38.51817321777344,updated,1.398959755897522,-0.6012847423553467,30.006608963012695,0.9262798428535461,0.9105225205421448,55.96239996398799,27.49833233734694,1320,5,206,0,9,,1,63,-6.929941654205322,4.792583465576172,-1.5216575860977173,OUTBOUND,-31.63485336303711,-0.1924374549143386,0.007840000092983246
1,56,0.875,1.1228735446929932,38.456459045410156,updated,1.3993797302246094,-0.6374760270118713,28.445472717285156,0.4132762849330902,0.41703128814697266,55.98926828097319,27.48621009658158,1321,5,207,0,8,,0,64,-6.928243160247803,4.898781776428223,-2.027158498764038,OUTBOUND,-31.53326416015625,-0.15098756995665824,0.007840000092983246
1,58,0.90625,1.1985386610031128,38.74592590332031,updated,1.3998000621795654,-0.6369906067848206,68.40409851074219,0.9426679611206055,0.9365907311439514,56.0173642479931,27.474109626210826,1322,5,208,0,6,,1,63,-6.92913818359375,4.895641326904297,-2.0329666137695312,OUTBOUND,-31.90819549560547,-0.11882746227642124,0.007840000092983246
1,55,0.859375,0.32994285225868225,38.727294921875,updated,1.4002203941345215,-0.6324621438980103,79.03376770019531,1.6029863357543945,1.5813405513763428,56.16500185299083,27.46200746456639,1323,5,209,0,9,,2,62,-6.931015968322754,4.8804850578308105,-1.7722642421722412,OUTBOUND,-31.978233337402344,-0.09220016178445865,0.007840000092983246
1,60,0.9375,0.5691999793052673,38.56696319580078,updated,1.400641679763794,-0.6463391184806824,30.9307804107666,0.19469226896762848,0.19320882856845856,56.18856979798875,27.44991000321605,1324,5,210,0,4,,0,64,-6.929581642150879,4.920030117034912,-1.746242880821228,OUTBOUND,-31.869787216186523,-0.05286547116202914,0.007840000092983246
1,60,0.9375,0.7354859113693237,38.129940032958984,updated,1.4010621309280396,-0.6215034127235413,9.639969825744629,0.1712300181388855,0.1756216287612915,56.21828498999821,27.437839440039298,1325,5,211,0,4,,0,64,-6.928666591644287,4.844604015350342,-1.6579527854919434,OUTBOUND,-31.515621185302734,-0.060573690944302136,0.007840000092983246
1,59,0.921875,0.5953263640403748,38.113525390625,updated,1.4014819860458374,-0.622664749622345,25.338518142700195,0.8310783505439758,0.8315616250038147,56.24792419798905,27.425727084626097,1326,5,212,0,5,,1,63,-6.929190635681152,4.84640645980835,-1.780488133430481,OUTBOUND,-31.352115631103516,-0.09964441081510059,0.007840000092983246
1,57,0.890625,0.8223435878753662,37.93418884277344,updated,1.4019012451171875,-0.6250960230827332,22.501834869384766,13.4984769821167,13.455669403076172,56.27719230597722,27.413632229949314,1327,5,213,0,7,,1,63,-6.929525852203369,4.851970672607422,-1.7517627477645874,OUTBOUND,-31.29529571533203,-0.12673229934690322,0.007840000092983246
1,57,0.890625,0.8736002445220947,37.96178436279297,updated,1.4023221731185913,-0.6560182571411133,36.34988784790039,15.63626766204834,15.577549934387207,56.30097214799025,27.401498896007027,1328,5,214,0,7,,4,60,-6.928974151611328,4.9418625831604,-1.6993062496185303,OUTBOUND,-31.15167808532715,-0.15991822876652628,0.007840000092983246
1,56,0.875,0.5849310159683228,37.96186065673828,updated,1.4027429819107056,-0.6343060731887817,99.86017608642578,0.5139596462249756,0.5138698816299438,56.325508621986955,27.38933073813868,1329,5,215,0,8,,0,64,-6.929051399230957,4.8759260177612305,-1.710798978805542,OUTBOUND,-31.19886016845703,-0.1815271335541539,0.007840000092983246
1,55,0.859375,1.3449429273605347,37.96337890625,updated,1.4031636714935303,-0.6321511268615723,102.56230926513672,1.2524335384368896,1.2482854127883911,56.45577837797464,27.377181831820888,1330,5,216,0,9,,1,63,-6.928619384765625,4.867895603179932,-1.670507550239563,OUTBOUND,-30.934864044189453,-0.1977206049141872,0.007840000092983246
1,58,0.90625,0.6845299601554871,38.35331726074219,updated,1.4035840034484863,-0.6315979957580566,65.05967712402344,0.880466639995575,0.8589732646942139,56.48472944597597,27.36500502833456,1331,5,217,0,6,,1,63,-6.928969860076904,4.864609241485596,-2.074777841567993,OUTBOUND,-31.27440643310547,-0.2010833167799266,0.007840000092983246
1,63,0.984375,1.147201657295227,38.619972229003906,updated,1.404005527496338,-0.6511924862861633,50.226112365722656,0.8992956876754761,0.8907538056373596,56.51064366399078,27.352847957341083,1332,5,218,0,1,,1,63,-6.930039882659912,4.92075777053833,-1.6668342351913452,OUTBOUND,-31.389829635620117,-0.20866312480788327,0.007840000092983246
0,53,0.828125,0.9202265739440918,38.98615264892578,updated,1.404427170753479,-0.639938235282898,11.162416458129883,0.96433424949646,0.9639031887054443,56.527914781996515,27.34060637256183,1333,5,219,1,11,NO_GENERATOR_SET,1,63,-6.928666114807129,4.885891914367676,-1.8772997856140137,OUTBOUND,-31.78697967529297,-0.1945685123501812,0.007840000092983246
0,58,0.90625,0.8876604437828064,39.263545989990234,updated,1.4048479795455933,-0.6262162327766418,77.20267486572266,1.6900423765182495,1.697263479232788,56.55315489898203,27.32838948056398,1334,5,220,1,6,INSUFFICIENT_RECOVERY_RESERVE,2,62,-6.929488658905029,4.843822002410889,-1.5680681467056274,OUTBOUND,-32.28871154785156,-0.13597915590985027,0.007840000092983246
0,60,0.9375,0.6961157321929932,38.95828628540039,updated,1.405268669128418,-0.6349983215332031,68.92536163330078,1.4702550172805786,1.467705488204956,56.577244068990694,27.316208885104167,1335,5,221,1,4,INSUFFICIENT_RECOVERY_RESERVE,2,62,-6.927957534790039,4.8680315017700195,-2.0508837699890137,OUTBOUND,-32.22458267211914,-0.07813601401734806,0.007840000092983246
0,58,0.90625,0.9148563742637634,38.7833251953125,updated,1.4056899547576904,-0.6454535126686096,81.48722076416016,2.352390766143799,2.331371545791626,56.60775245199329,27.30406455052564,1336,5,222,1,6,INSUFFICIENT_RECOVERY_RESERVE,3,61,-6.928585052490234,4.897118091583252,-2.1693320274353027,OUTBOUND,-32.036705017089844,-0.029134794482372776,0.007840000092983246
0,54,0.84375,1.3108158111572266,38.81332778930664,updated,1.4061110019683838,-0.6352066397666931,12.708059310913086,0.17124567925930023,0.17285314202308655,56.729889356996864,27.291902911883618,1337,5,223,1,10,NO_GENERATOR_SET,0,64,-6.929810523986816,4.8653564453125,-1.625617265701294,OUTBOUND,-32.13038635253906,0.006627759720221483,0.007840000092983246
1,53,0.828125,0.9104065299034119,38.47286605834961,updated,1.4065306186676025,-0.6159639358520508,56.67855453491211,13.69411563873291,13.644838333129883,56.75438468999346,27.279721325235453,1338,5,224,0,11,,1,63,-6.9299845695495605,4.807258605957031,-1.7079594135284424,OUTBOUND,-31.981903076171875,0.025372620720007906,0.007840000092983246
1,56,0.875,0.5925803184509277,38.4420280456543,updated,1.4069502353668213,-0.6368620991706848,40.37102127075195,0.7712469696998596,0.7673375606536865,56.78027331299381,27.26749390369229,1339,5,225,0,8,,1,63,-6.9287614822387695,4.866940021514893,-1.6506518125534058,OUTBOUND,-31.75283432006836,-0.005067822180349034,0.007840000092983246
1,56,0.875,0.6464454531669617,38.42397689819336,updated,1.4073710441589355,-0.6558936238288879,63.18719482421875,0.9028048515319824,0.9137630462646484,56.80770593098714,27.255304296271987,1340,5,226,0,8,,1,63,-6.929256916046143,4.921051025390625,-1.9639772176742554,OUTBOUND,-31.579111099243164,-0.029440359888176216,0.007840000092983246
1,57,0.890625,0.5136311650276184,38.24592590332031,updated,1.4077914953231812,-0.6319766044616699,50.940956115722656,28.0654296875,27.996227264404297,56.83514745597495,27.24309689866521,1341,5,227,0,7,,2,62,-6.929234027862549,4.849380016326904,-1.8695043325424194,OUTBOUND,-31.537813186645508,-0.011994207481044248,0.007840000092983246
1,58,0.90625,0.4469742178916931,37.93366241455078,updated,1.4082118272781372,-0.6380152702331543,37.03273010253906,14.372084617614746,14.34164047241211,56.9520826569933,27.230909394284573,1342,5,228,0,6,,2,62,-6.929091453552246,4.865421295166016,-1.8472542762756348,OUTBOUND,-31.172672271728516,0.019362970007539906,0.007840000092983246
1,58,0.90625,0.46312636137008667,38.41162872314453,updated,1.408631443977356,-0.6286349892616272,103.6871109008789,1.203264832496643,1.1814823150634766,56.98102282299078,27.218712908724804,1343,5,229,0,6,,1,63,-6.928244590759277,4.836391925811768,-1.9464747905731201,OUTBOUND,-31.39923095703125,0.05434730582832902,0.007840000092983246
1,57,0.890625,0.7932335734367371,38.85854721069336,updated,1.4090512990951538,-0.6420395374298096,69.36737060546875,1.6977616548538208,1.6574475765228271,57.00835271499818,27.206512679135166,1344,5,230,0,7,,2,62,-6.929981231689453,4.873918533325195,-1.7751755714416504,OUTBOUND,-31.700258255004883,0.07058052943577703,0.007840000092983246
1,53,0.828125,0.5004448890686035,39.183265686035156,updated,1.4094722270965576,-0.6541701555252075,78.38259887695312,0.46839648485183716,0.4578251838684082,57.033151054987684,27.19434947182393,1345,5,231,0,11,,0,64,-6.928644180297852,4.907664775848389,-1.8308860063552856,OUTBOUND,-31.83890151977539,0.05559239259925739,0.007840000092983246
1,58,0.90625,0.8100462555885315,39.385498046875,updated,1.4098939895629883,-0.6560468077659607,22.551237106323242,0.15521948039531708,0.15554527938365936,57.06807251699502,27.182222804842166,1346,5,232,0,6,,0,64,-6.929211616516113,4.911472797393799,-1.770544409751892,OUTBOUND,-32.18675231933594,0.04585135256822956,0.007840000092983246
1,56,0.875,0.5900667309761047,39.371402740478516,updated,1.410315752029419,-0.6420846581459045,48.926429748535156,1.4653253555297852,1.4602118730545044,57.09236002797843,27.170077518748837,1347,5,233,0,8,,2,62,-6.92987585067749,4.869162559509277,-1.8643156290054321,OUTBOUND,-32.2762565612793,0.057677146728203954,0.007840000092983246
1,59,0.921875,0.5477742552757263,39.78253173828125,updated,1.4107379913330078,-0.6501445174217224,90.62027740478516,1.1553038358688354,1.1599559783935547,57.11877306699171,27.157919636433547,1348,5,234,0,5,,1,63,-6.930627822875977,4.890979290008545,-1.841361165046692,FAILURE,-32.85616683959961,0.03445786932641582,0.007840000092983246
1,57,0.890625,0.6523038148880005,39.699432373046875,updated,1.4111613035202026,-0.6601043343544006,79.20176696777344,1.0285567045211792,1.0183738470077515,57.24271159799537,29.987980600303654,1349,6,1,0,7,,1,63,-6.9292521476745605,4.918277740478516,-2.0066633224487305,OUTBOUND,-32.84461975097656,0.011710617265071208,0.007840000092983246
1,58,0.90625,0.8865705728530884,39.429962158203125,updated,1.4115849733352661,-0.6529905200004578,53.4880485534668,0.9222545027732849,0.9156877398490906,57.27064235199941,29.975911901330758,1350,6,2,0,6,,1,63,-6.9317169189453125,4.895951747894287,-1.9157711267471313,OUTBOUND,-32.693756103515625,0.054195421700537635,0.007840000092983246
1,60,0.9375,1.025827407836914,39.037410736083984,updated,1.4120087623596191,-0.6490917205810547,11.692726135253906,0.8804582953453064,0.8779076933860779,57.301408192986855,29.963838762914655,1351,6,3,0,4,,1,63,-6.928097248077393,4.88299036026001,-2.1891214847564697,OUTBOUND,-32.30228042602539,0.0906804712350796,0.007840000092983246
1,60,0.9375,0.4895938038825989,39.04330062866211,updated,1.4124330282211304,-0.653237521648407,21.377235412597656,0.781518816947937,0.7945185303688049,57.33158250700217,29.951729736519244,1352,6,4,0,4,,1,63,-6.930017948150635,4.893368721008301,-1.6919740438461304,OUTBOUND,-32.16492462158203,0.10317323967854522,0.007840000092983246
1,61,0.953125,0.7096347808837891,39.0285530090332,updated,1.4128564596176147,-0.6379808783531189,47.06315231323242,14.731801986694336,14.665109634399414,57.36798400897533,29.939640519673784,1353,6,5,0,3,,1,63,-6.930119037628174,4.847539901733398,-2.0160250663757324,OUTBOUND,-32.356475830078125,0.11681299241200559,0.007840000092983246
0,55,0.859375,0.9784379005432129,38.83536148071289,updated,1.4132803678512573,-0.6546401381492615,49.84860610961914,1.5120447874069214,1.5060964822769165,57.493879864981864,29.927495294324622,1354,6,6,1,9,WATCHDOG_DEADLINE,2,62,-6.928325653076172,4.894139289855957,-1.9271479845046997,OUTBOUND,-31.90447425842285,0.10557508180932194,0.007840000092983246
1,52,0.8125,0.9887917637825012,38.91371154785156,updated,1.4137029647827148,-0.6291584372520447,55.29180908203125,2.1267940998077393,2.0839781761169434,57.51881249199505,29.91537760804616,1355,6,7,0,12,,3,61,-6.9326558113098145,4.818831443786621,-1.9255435466766357,OUTBOUND,-32.04710388183594,0.09500780658997894,0.007840000092983246
1,53,0.828125,0.6352550983428955,38.97414016723633,updated,1.414125680923462,-0.6481049060821533,97.57182312011719,0.5528103113174438,0.5506315231323242,57.54342238398385,29.90326910047449,1356,6,8,0,11,,0,64,-6.929330348968506,4.87198543548584,-2.0250964164733887,OUTBOUND,-31.980194091796875,0.11799028724891962,0.007840000092983246
1,59,0.921875,0.5918903946876526,39.150360107421875,updated,1.414549708366394,-0.6693548560142517,29.424406051635742,14.8043794631958,14.765210151672363,57.57336729299277,29.891130912274285,1357,6,9,0,5,,2,62,-6.92954683303833,4.931695938110352,-1.9367355108261108,OUTBOUND,-32.119503021240234,0.1397343642680473,0.007840000092983246
1,58,0.90625,1.0884746313095093,39.208560943603516,updated,1.414973258972168,-0.6426647305488586,13.06635856628418,14.785244941711426,14.746628761291504,57.60416864097351,29.878991998518693,1358,6,10,0,6,,1,63,-6.929211616516113,4.853067874908447,-1.936281442642212,OUTBOUND,-32.325035095214844,0.1561587323545846,0.007840000092983246
0,56,0.875,1.030722737312317,39.49149703979492,updated,1.415396809577942,-0.649197518825531,34.11876678466797,0.8390950560569763,0.8236550688743591,57.72878097399371,29.86682285227836,1359,6,11,1,8,STALE_OR_INCOMPLETE_BUNDLE,1,63,-6.930119037628174,4.870289325714111,-1.9613488912582397,OUTBOUND,-32.429039001464844,0.1177149966796201,0.007840000092983246
1,50,0.78125,1.1987473964691162,39.47231674194336,updated,1.4158207178115845,-0.6554502844810486,4.524020195007324,1.418250560760498,1.4160274267196655,57.75736167698051,29.854706836374984,1360,6,12,0,14,,2,62,-6.928285121917725,4.886677265167236,-2.05598521232605,OUTBOUND,-32.52778244018555,0.05629185827956203,0.007840000092983246
1,60,0.9375,0.8826557993888855,39.27758026123047,updated,1.4162449836730957,-0.6579397320747375,135.02464294433594,30.175065994262695,30.063373565673828,57.78188888897421,29.842617859783513,1361,6,13,0,4,,3,61,-6.9291791915893555,4.8922119140625,-1.6344542503356934,OUTBOUND,-32.38988494873047,0.039348887821604964,0.007840000092983246
1,61,0.953125,0.28469118475914,39.5129508972168,updated,1.4166698455810547,-0.6605271697044373,23.013364791870117,0.420684814453125,0.42555224895477295,57.80704951399821,29.83051111377498,1362,6,14,0,3,,0,64,-6.930136680603027,4.898017883300781,-1.7125942707061768,OUTBOUND,-32.618011474609375,0.06476094303183146,0.007840000092983246
1,58,0.90625,0.6645296812057495,39.536319732666016,updated,1.4170958995819092,-0.672468900680542,10.726446151733398,1.3933720588684082,1.3903264999389648,57.836109850992216,29.818398164002886,1363,6,15,0,6,,2,62,-6.928476333618164,4.930668354034424,-1.9006439447402954,OUTBOUND,-32.59065628051758,0.07127592932271733,0.007840000092983246
1,58,0.90625,0.5767215490341187,39.500492095947266,updated,1.4175209999084473,-0.6407859325408936,57.37792205810547,0.25430065393447876,0.2814631462097168,57.86402173398528,29.806271159871002,1364,6,16,0,6,,0,64,-6.929012298583984,4.838119029998779,-1.9193065166473389,OUTBOUND,-32.57957077026367,0.0657892417754192,0.007840000092983246
1,57,0.890625,0.8139224648475647,39.80474853515625,updated,1.4179469347000122,-0.6682210564613342,28.67145538330078,0.13615962862968445,0.14608456194400787,57.894715599977644,29.794160527504815,1365,6,17,0,7,,0,64,-6.929628372192383,4.915169715881348,-1.7910895347595215,OUTBOUND,-32.75210952758789,0.10159280961444789,0.007840000092983246
1,58,0.90625,0.871420681476593,39.79253005981445,updated,1.4183732271194458,-0.6611155867576599,11.270727157592773,0.7618880867958069,0.7591058611869812,58.027896525978576,29.78208095327505,1366,6,18,0,6,,1,63,-6.927958011627197,4.893174648284912,-1.5838491916656494,OUTBOUND,-32.688133239746094,0.12486006655916267,0.007840000092983246
1,58,0.90625,1.1258271932601929,39.522254943847656,updated,1.4187994003295898,-0.6548912525177002,89.87964630126953,16.470720291137695,16.379751205444336,58.0562952029868,29.76997126722978,1367,6,19,0,6,,4,60,-6.928585052490234,4.873737812042236,-1.5119447708129883,OUTBOUND,-32.59796905517578,0.09153632956220284,0.007840000092983246
1,57,0.890625,1.1282386779785156,39.61088180541992,updated,1.4192262887954712,-0.6694457530975342,83.90498352050781,15.705814361572266,15.621092796325684,58.08052455598954,29.75788112254929,1368,6,20,0,7,,3,61,-6.928763389587402,4.913735866546631,-1.5293490886688232,OUTBOUND,-32.7294921875,0.06452479673269582,0.007840000092983246
1,60,0.9375,0.9238495826721191,39.58577346801758,updated,1.419654130935669,-0.6736227869987488,27.829971313476562,1.0701674222946167,1.0830260515213013,58.10424096797942,29.74576776125787,1369,6,21,0,4,,1,63,-6.928229808807373,4.9240217208862305,-1.8296897411346436,OUTBOUND,-32.74256134033203,0.04576312334855394,0.007840000092983246
1,59,0.921875,0.8976092338562012,39.58639144897461,updated,1.4200817346572876,-0.6562836766242981,61.253116607666016,0.3767750859260559,0.375000536441803,58.13412540499121,29.73365112771458,1370,6,22,0,5,,0,64,-6.9291911125183105,4.872884750366211,-1.6172341108322144,OUTBOUND,-32.72202682495117,-0.0031138460112879168,0.007840000092983246
1,56,0.875,1.2720576524734497,39.474212646484375,updated,1.4205093383789062,-0.660869300365448,77.0788803100586,0.4547097086906433,0.46975481510162354,58.25222061297973,29.721551208059253,1371,6,23,0,8,,0,64,-6.928809642791748,4.884352207183838,-1.4331673383712769,OUTBOUND,-32.477516174316406,-0.009138802136749878,0.007840000092983246
1,58,0.90625,0.7138692140579224,39.7241325378418,updated,1.420937180519104,-0.663722813129425,10.981806755065918,2.744062900543213,2.7341320514678955,58.285541919001844,29.709449211885648,1372,6,24,0,6,,4,60,-6.929800987243652,4.890864372253418,-1.8442392349243164,OUTBOUND,-32.720638275146484,0.04188568485758017,0.007840000092983246
1,58,0.90625,0.8247346878051758,39.85356140136719,updated,1.421364426612854,-0.6539836525917053,70.79769897460938,0.35062503814697266,0.35852181911468506,58.31069424599991,29.697355198338848,1373,6,25,0,6,,0,64,-6.9287943840026855,4.861522674560547,-1.8563182353973389,OUTBOUND,-32.78630828857422,0.04974286877530258,0.007840000092983246
1,57,0.890625,0.37456777691841125,40.12408447265625,updated,1.421791672706604,-0.6607798337936401,8.795721054077148,0.7167551517486572,0.7183108925819397,58.34027505698032,29.685299002563493,1374,6,26,0,7,,1,63,-6.93002462387085,4.879258632659912,-1.8013153076171875,OUTBOUND,-33.00823211669922,0.04778718233103078,0.007840000092983246
1,49,0.765625,0.7841024398803711,40.35597610473633,updated,1.4222185611724854,-0.6556453108787537,34.85598373413086,1.4326536655426025,1.4196146726608276,58.367758047999814,29.67323608954277,1375,6,27,0,15,,2,62,-6.9296183586120605,4.863063812255859,-1.696515440940857,OUTBOUND,-33.33938980102539,0.04263359437060768,0.007840000092983246
1,59,0.921875,0.676310122013092,40.42156982421875,updated,1.4226455688476562,-0.6645265221595764,43.618221282958984,1.551560401916504,1.5493460893630981,58.48799547398812,29.661204517992495,1376,6,28,0,5,,2,62,-6.9293599128723145,4.886691570281982,-1.7955608367919922,OUTBOUND,-33.423011779785156,0.01757629790094529,0.007840000092983246
1,57,0.890625,1.352075219154358,40.25920486450195,updated,1.4230716228485107,-0.6448298096656799,126.27790069580078,16.45665740966797,16.380708694458008,58.51743936998537,29.649145225944725,1377,6,29,0,7,,3,61,-6.9298224449157715,4.829209804534912,-1.903748631477356,OUTBOUND,-33.40348815917969,0.005583007002653735,0.007840000092983246
1,57,0.890625,1.0980411767959595,40.069915771484375,updated,1.4234983921051025,-0.673599123954773,2.069201707839966,0.7857488989830017,0.785852313041687,58.55254204198718,29.63709783666925,1378,6,30,0,7,,1,63,-6.929851531982422,4.909198760986328,-1.6098415851593018,OUTBOUND,-33.19666290283203,-0.033537032099214145,0.007840000092983246
1,56,0.875,0.8277063369750977,40.03657150268555,updated,1.4239258766174316,-0.6724984049797058,39.64841842651367,14.642769813537598,14.586402893066406,58.58093358197948,29.625038198671213,1379,6,31,0,8,,1,63,-6.928593158721924,4.904460906982422,-2.0737619400024414,OUTBOUND,-33.23208236694336,-0.07528335590311,0.007840000092983246
1,58,0.90625,0.8224897980690002,39.861026763916016,updated,1.4243533611297607,-0.6641199588775635,9.306620597839355,15.036781311035156,14.995062828063965,58.604854587989394,29.612955668500323,1380,6,32,0,6,,1,63,-6.929741859436035,4.879135608673096,-2.1465179920196533,OUTBOUND,-33.02164840698242,-0.09599709585516103,0.007840000092983246
1,59,0.921875,0.4755672514438629,39.66082763671875,updated,1.424781322479248,-0.67281174659729,93.59149932861328,0.6194753050804138,0.6541138291358948,58.63131357598468,29.600875033135885,1381,6,33,0,5,,0,64,-6.929915904998779,4.902113914489746,-1.8165816068649292,OUTBOUND,-32.65592956542969,-0.10565892127240943,0.007840000092983246
1,60,0.9375,0.6951968669891357,39.85261535644531,updated,1.4252090454101562,-0.6609869599342346,86.19798278808594,1.11788010597229,1.1141769886016846,58.75096712799859,29.58876368110022,1382,6,34,0,4,,1,63,-6.9303131103515625,4.8670973777771,-1.6326063871383667,OUTBOUND,-32.789859771728516,-0.08245177522660355,0.007840000092983246
1,57,0.890625,0.6344596743583679,40.23588943481445,updated,1.425637125968933,-0.669385552406311,87.15238952636719,0.4194739758968353,0.41860443353652954,58.7785889999941,29.57671454553093,1383,6,35,0,7,,0,64,-6.931319236755371,4.889219760894775,-1.5748810768127441,OUTBOUND,-33.09440612792969,-0.06921116795260862,0.007840000092983246
1,55,0.859375,0.9999497532844543,40.39745330810547,updated,1.4260647296905518,-0.6595965027809143,20.272409439086914,0.7884697914123535,0.7868496179580688,58.810576689982554,29.564638639819968,1384,6,36,0,9,,1,63,-6.928619384765625,4.860015392303467,-1.7219583988189697,OUTBOUND,-33.26852798461914,-0.10013905143656862,0.007840000092983246
1,56,0.875,0.5626444816589355,40.82666778564453,updated,1.42649245262146,-0.667603611946106,41.459510803222656,1.5177574157714844,1.5058376789093018,58.84115680999821,29.5525275560025,1385,6,37,0,8,,2,62,-6.929008960723877,4.881004333496094,-1.6585620641708374,OUTBOUND,-33.64967346191406,-0.10556057373408789,0.007840000092983246
1,57,0.890625,1.0028934478759766,40.61906433105469,updated,1.426919937133789,-0.6617327332496643,29.225534439086914,0.8325008153915405,0.8366532921791077,58.88999070398859,29.540435934738664,1386,6,38,0,7,,1,63,-6.929234027862549,4.862888813018799,-2.1713125705718994,OUTBOUND,-33.609169006347656,-0.11984441629043464,0.007840000092983246
1,55,0.859375,0.7836654782295227,40.82725143432617,updated,1.4273465871810913,-0.6536739468574524,51.5958137512207,0.9050453305244446,0.9010617136955261,59.02387004898628,29.528320979355062,1387,6,39,0,9,,1,63,-6.929142951965332,4.838650703430176,-1.720407485961914,OUTBOUND,-33.84138488769531,-0.14876149988473575,0.007840000092983246
1,58,0.90625,0.6069919466972351,40.68925094604492,updated,1.4277743101119995,-0.6821227669715881,16.659639358520508,0.16239625215530396,0.1698322296142578,59.05239378497936,29.516194598983983,1388,6,40,0,6,,0,64,-6.927975654602051,4.917059898376465,-1.9318463802337646,OUTBOUND,-33.685020446777344,-0.1507346384131548,0.007840000092983246
1,58,0.90625,0.7903209328651428,40.641849517822266,updated,1.4282032251358032,-0.6877757906913757,28.138296127319336,0.7862474918365479,0.7754323482513428,59.07563490199391,29.504052252007014,1389,6,41,0,6,,1,63,-6.929211616516113,4.931320667266846,-1.6997787952423096,OUTBOUND,-33.63514709472656,-0.14811102242794555,0.007840000092983246
1,54,0.84375,1.1503009796142578,40.55878829956055,updated,1.4286314249038696,-0.6555331945419312,26.2143611907959,0.7163953185081482,0.6994312405586243,59.1021359989827,29.49190868131039,1390,6,42,0,10,,1,63,-6.928167343139648,4.839230060577393,-1.584534764289856,OUTBOUND,-33.66272735595703,-0.13287014069811087,0.007840000092983246
1,56,0.875,0.7037888169288635,40.099395751953125,updated,1.429059386253357,-0.6666744351387024,219.88577270507812,33.931888580322266,33.74434280395508,59.131132109992905,29.479759330999105,1391,6,43,0,8,,7,57,-6.929049968719482,4.868916988372803,-1.5904990434646606,OUTBOUND,-33.30086898803711,-0.09024444655317752,0.007840000092983246
1,59,0.921875,0.885493814945221,40.25761413574219,updated,1.429486632347107,-0.6571784019470215,58.56068420410156,0.2511982321739197,0.2596958875656128,59.244405017991085,29.46767881984179,1392,6,44,0,5,,0,64,-6.928149223327637,4.8407511711120605,-2.0046591758728027,OUTBOUND,-33.44505310058594,-0.06786546857014857,0.007840000092983246
1,56,0.875,0.8567197918891907,40.31006622314453,updated,1.4299147129058838,-0.6810306310653687,26.823362350463867,16.388126373291016,16.314929962158203,59.269618164980784,29.455577158054126,1393,6,45,0,8,,2,62,-6.9293670654296875,4.905965328216553,-1.6513452529907227,OUTBOUND,-33.4477653503418,-0.06989884425311116,0.007840000092983246
1,57,0.890625,0.7380719780921936,40.14759063720703,updated,1.430343747138977,-0.6853567361831665,129.19091796875,0.7500177621841431,0.7729187607765198,59.29589894998935,29.44346639312999,1394,6,46,0,7,,0,64,-6.930692672729492,4.916466236114502,-2.027268648147583,OUTBOUND,-33.064109802246094,-0.07119107743738474,0.007840000092983246
1,53,0.828125,0.8752745985984802,40.45751190185547,updated,1.4307725429534912,-0.666536271572113,84.16131591796875,1.1068682670593262,1.1125320196151733,59.32024847698631,29.431325181815875,1395,6,47,0,11,,1,63,-6.928644180297852,4.862276554107666,-1.7174785137176514,OUTBOUND,-33.29462814331055,-0.08139231460196367,0.007840000092983246
1,55,0.859375,0.7606987953186035,40.302371978759766,updated,1.4312015771865845,-0.6769477128982544,23.76639747619629,16.2408390045166,16.189979553222656,59.34751800997765,29.41918137304298,1396,6,48,0,9,,3,61,-6.929335117340088,4.889782905578613,-1.659468173980713,OUTBOUND,-33.26264190673828,-0.04867389282134807,0.007840000092983246
1,53,0.828125,0.6743980050086975,40.194889068603516,updated,1.4316301345825195,-0.6641071438789368,53.52779769897461,18.19985580444336,18.11619758605957,59.37681797798723,29.407071666564537,1397,6,49,0,11,,5,59,-6.930120468139648,4.852385997772217,-1.6506223678588867,OUTBOUND,-33.18769454956055,0.0007743981268384606,0.007840000092983246
1,53,0.828125,0.7792598009109497,40.6708984375,updated,1.4320592880249023,-0.6813331246376038,84.25786590576172,0.3828360438346863,0.374315083026886,59.41102538499399,29.39498436345677,1398,6,50,0,11,,0,64,-6.9281206130981445,4.898848533630371,-2.044696807861328,OUTBOUND,-33.486976623535156,0.005087687149857219,0.007840000092983246
0,53,0.828125,0.6949986219406128,40.763118743896484,updated,1.4324885606765747,-0.6738107204437256,67.66646575927734,0.32010501623153687,0.3208436965942383,59.53877612799988,29.382882349851883,1399,6,51,1,11,WATCHDOG_DEADLINE,0,64,-6.931332111358643,4.876317024230957,-1.6836097240447998,OUTBOUND,-33.616241455078125,-0.045624511190257365,0.007840000092983246
1,57,0.890625,0.5061203241348267,40.91393280029297,updated,1.4329185485839844,-0.6878848671913147,59.0557746887207,16.642831802368164,16.600200653076172,59.564606553991325,29.370787304693287,1400,6,52,0,7,,2,62,-6.92913293838501,4.91391134262085,-1.8685450553894043,OUTBOUND,-33.700340270996094,-0.08463596519768418,0.007840000092983246
1,57,0.890625,0.7158405780792236,41.04927444458008,updated,1.433348536491394,-0.6734269261360168,89.61138153076172,17.309986114501953,17.228572845458984,59.59460164399934,29.358720701401285,1401,6,53,0,7,,3,61,-6.928596019744873,4.872121334075928,-1.565032720565796,OUTBOUND,-33.98653030395508,-0.07486635066312859,0.007840000092983246
1,61,0.953125,0.7611252069473267,40.7660026550293,updated,1.4337784051895142,-0.6730944514274597,39.840267181396484,15.466343879699707,15.381155014038086,59.62050560300122,29.346657137506057,1402,6,54,0,3,,1,63,-6.928554534912109,4.869637966156006,-1.7790892124176025,OUTBOUND,-33.923500061035156,-0.04679935215906551,0.007840000092983246
1,57,0.890625,0.7243752479553223,40.63909149169922,updated,1.4342092275619507,-0.692750871181488,49.60837936401367,0.8751338124275208,0.8929864764213562,59.64790192298824,29.334622265655263,1403,6,55,0,7,,1,63,-6.929252624511719,4.922635078430176,-2.04732346534729,OUTBOUND,-33.67034912109375,-0.020072687463413133,0.007840000092983246
1,58,0.90625,0.8395757079124451,40.5213508605957,updated,1.4346404075622559,-0.6832823753356934,28.774188995361328,2.1010100841522217,2.0920326709747314,59.67451247398276,29.32254802511457,1404,6,56,0,6,,3,61,-6.927958011627197,4.894776821136475,-1.8778706789016724,OUTBOUND,-33.50233840942383,0.01246389696399267,0.007840000092983246
1,54,0.84375,0.9283882975578308,40.63032913208008,updated,1.4350711107254028,-0.6686440706253052,55.17941665649414,16.999719619750977,16.861818313598633,59.81561186199542,29.310484992418164,1405,6,57,0,10,,4,60,-6.929114818572998,4.852639675140381,-1.5523515939712524,OUTBOUND,-33.64083480834961,0.03681076341956913,0.007840000092983246
1,60,0.9375,0.8250842690467834,40.887596130371094,updated,1.4355026483535767,-0.6941381692886353,51.3961067199707,1.5299758911132812,1.5269120931625366,59.8468029149808,29.2984205137783,1406,6,58,0,4,,2,62,-6.929563999176025,4.921679496765137,-1.9860236644744873,OUTBOUND,-33.74335861206055,0.0202583718862439,0.007840000092983246
1,54,0.84375,0.5185719132423401,40.638450622558594,updated,1.4359338283538818,-0.6726763844490051,39.1100959777832,1.9956839084625244,1.9758473634719849,59.87742331298068,29.28636748347863,1407,6,59,0,10,,3,61,-6.930514335632324,4.860714435577393,-1.6910734176635742,OUTBOUND,-33.57729721069336,-0.02146251799179215,0.007840000092983246
1,58,0.90625,0.5121616125106812,41.15568161010742,updated,1.4363652467727661,-0.6841999292373657,77.4699935913086,0.39684832096099854,0.4091128706932068,59.906633804988815,29.274330256860278,1408,6,60,0,6,,0,64,-6.930052280426025,4.891019821166992,-1.8977644443511963,OUTBOUND,-33.79365921020508,-0.03752869842115644,0.007840000092983246
0,57,0.890625,0.7639471888542175,41.400230407714844,updated,1.4367976188659668,-0.6950061917304993,19.739574432373047,0.9441193342208862,0.9608671069145203,60.0270544019877,29.262262580031226,1409,6,61,1,7,STALE_OR_INCOMPLETE_BUNDLE,1,63,-6.928730010986328,4.91929292678833,-2.0233206748962402,OUTBOUND,-34.14430236816406,-0.06016426631329629,0.007840000092983246
1,59,0.921875,0.920244038105011,41.48984909057617,updated,1.4372297525405884,-0.6794773936271667,27.212018966674805,0.22390155494213104,0.24692504107952118,60.05927564000012,29.250163547076294,1410,6,62,0,5,,0,64,-6.9301862716674805,4.874851226806641,-1.7425456047058105,OUTBOUND,-34.241737365722656,-0.09522461689837029,0.007840000092983246
1,55,0.859375,0.8853172659873962,41.491127014160156,updated,1.4376616477966309,-0.6785316467285156,30.694053649902344,0.938552737236023,0.9729199409484863,60.087179394991836,29.238091770042114,1411,6,63,0,9,,1,63,-6.928619384765625,4.870689392089844,-1.8754538297653198,OUTBOUND,-34.30776596069336,-0.10171802553812298,0.007840000092983246
1,60,0.9375,1.150396704673767,41.549251556396484,updated,1.4380922317504883,-0.6606332659721375,36.89579772949219,0.9629571437835693,0.9919800162315369,60.11458244198002,29.22600110087444,1412,6,64,0,4,,1,63,-6.92915678024292,4.819836139678955,-1.7057169675827026,OUTBOUND,-34.49787902832031,-0.11044838990038093,0.007840000092983246
1,58,0.90625,0.7530397772789001,41.5933952331543,updated,1.4385240077972412,-0.6984782814979553,119.10733795166016,16.58035659790039,16.521408081054688,60.14069542699144,29.21390817506339,1413,6,65,0,6,,1,63,-6.929839134216309,4.922501087188721,-1.5744587182998657,OUTBOUND,-34.561763763427734,-0.08670248692017037,0.007840000092983246
1,56,0.875,0.555047869682312,41.68571090698242,updated,1.4389556646347046,-0.6815465092658997,56.885108947753906,0.9448877573013306,0.9311349391937256,60.175071673991624,29.201864636421817,1414,6,66,0,8,,1,63,-6.92952823638916,4.874350547790527,-1.634473204612732,OUTBOUND,-34.8456916809082,-0.06072791273103209,0.007840000092983246
1,57,0.890625,0.6520224213600159,41.39567947387695,updated,1.4393877983093262,-0.6914116144180298,14.090995788574219,0.19352586567401886,0.2307126373052597,60.200444909976795,29.189810025989157,1415,6,67,0,7,,0,64,-6.929234027862549,4.8999128341674805,-1.6204193830490112,OUTBOUND,-34.358131408691406,-0.05968228719859052,0.007840000092983246
1,54,0.84375,0.6255635023117065,41.145973205566406,updated,1.4398183822631836,-0.6592056751251221,12.471269607543945,1.3948633670806885,1.3666801452636719,60.3258229449857,29.177763093897433,1416,6,68,0,10,,2,62,-6.928974151611328,4.8099212646484375,-1.90377676486969,OUTBOUND,-34.31379318237305,-0.06311328059285856,0.007840000092983246
1,61,0.953125,0.6104093194007874,41.00031661987305,updated,1.4402486085891724,-0.674027681350708,39.50664520263672,16.872573852539062,16.787466049194336,60.356343862978974,29.16566547953151,1417,6,69,0,3,,2,62,-6.929762840270996,4.849098205566406,-1.8058604001998901,OUTBOUND,-34.21360397338867,-0.05735064714112323,0.007840000092983246
1,57,0.890625,0.8125635981559753,40.95249938964844,updated,1.4406797885894775,-0.6992224454879761,51.18861770629883,1.465118169784546,1.458953619003296,60.384573541989084,29.153617915297435,1418,6,70,0,7,,2,62,-6.927958011627197,4.916645050048828,-2.0686967372894287,OUTBOUND,-33.92041778564453,-0.02658784682944068,0.007840000092983246
1,62,0.96875,0.8345707058906555,41.04438018798828,updated,1.44111168384552,-0.6947818994522095,105.72991180419922,0.630057692527771,0.6681196093559265,60.41136064499733,29.141558371549134,1419,6,71,0,2,,0,64,-6.929131031036377,4.902912139892578,-1.6989504098892212,OUTBOUND,-33.92399215698242,-0.01417500806407257,0.007840000092983246
1,59,0.921875,0.9208893775939941,41.22279357910156,updated,1.4415432214736938,-0.6795440912246704,92.56034088134766,0.6279502511024475,0.646061360836029,60.43605868399027,29.129519659456783,1420,6,72,0,5,,0,64,-6.928939342498779,4.8596510887146,-1.7233717441558838,OUTBOUND,-34.039161682128906,-0.004347367482777948,0.007840000092983246
1,57,0.890625,0.8487049341201782,41.53480529785156,updated,1.4419745206832886,-0.6798877120018005,18.97964096069336,1.9362459182739258,1.8917235136032104,60.57094869000139,29.117483448068175,1421,6,73,0,7,,3,61,-6.928884506225586,4.859068393707275,-2.1356804370880127,OUTBOUND,-34.17491912841797,-0.0007443669527144661,0.007840000092983246
1,56,0.875,0.6614990234375,41.72504425048828,updated,1.4424057006835938,-0.6831383109092712,28.518848419189453,0.869710385799408,0.8645750880241394,60.59484763399814,29.105443236253205,1422,6,74,0,8,,1,63,-6.9284749031066895,4.866429805755615,-1.9750055074691772,OUTBOUND,-34.44636154174805,-0.020538452433332632,0.007840000092983246
1,57,0.890625,0.694449245929718,41.876243591308594,updated,1.442837119102478,-0.6886796355247498,3.397306442260742,0.2442091852426529,0.27009761333465576,60.624928376986645,29.093363873199035,1423,6,75,0,7,,0,64,-6.928851127624512,4.88003396987915,-1.8636826276779175,OUTBOUND,-34.62751388549805,-0.01811556287340006,0.007840000092983246
1,57,0.890625,1.2048417329788208,42.079959869384766,updated,1.4432687759399414,-0.6895304918289185,25.202686309814453,0.8180677890777588,0.8204818367958069,60.65790155599825,29.08133933717286,1424,6,76,0,7,,1,63,-6.928108215332031,4.880821228027344,-2.0315675735473633,OUTBOUND,-34.76011657714844,-0.018890187993938,0.007840000092983246
1,55,0.859375,0.42081084847450256,42.309814453125,updated,1.443700909614563,-0.6942601203918457,81.65544891357422,1.5988309383392334,1.5903043746948242,60.69106247799937,29.069288139950306,1425,6,77,0,9,,2,62,-6.929603099822998,4.892178535461426,-1.7826987504959106,OUTBOUND,-35.156436920166016,-0.01041063533820687,0.007840000092983246
1,59,0.921875,0.8439629673957825,41.906333923339844,updated,1.4441338777542114,-0.700816810131073,138.23516845703125,16.999666213989258,16.912080764770508,60.81917903298745,29.057221076942497,1426,6,78,0,5,,2,62,-6.92844820022583,4.9084906578063965,-2.025942802429199,OUTBOUND,-34.96467971801758,0.03563539002138034,0.007840000092983246
1,57,0.890625,1.3673244714736938,41.93229293823242,updated,1.4445669651031494,-0.6918925046920776,72.34538269042969,1.5751348733901978,1.5448250770568848,60.84144773997832,29.045145470792043,1427,6,79,0,7,,2,62,-6.929234504699707,4.882651329040527,-2.028435468673706,OUTBOUND,-35.137420654296875,0.062300420489539536,0.007840000092983246
1,59,0.921875,1.0847792625427246,41.64855194091797,updated,1.445001482963562,-0.7120847105979919,7.926029682159424,0.4435926377773285,0.4631243646144867,60.868565894983476,29.033071994355467,1428,6,80,0,5,,0,64,-6.929474830627441,4.936014652252197,-1.816999912261963,OUTBOUND,-34.79213333129883,0.07762044154359811,0.007840000092983246
1,57,0.890625,0.9823479652404785,41.42845916748047,updated,1.445435881614685,-0.692162036895752,29.10757827758789,1.4621926546096802,1.4744408130645752,60.892498574976344,29.020975761663554,1429,6,81,0,7,,2,62,-6.928884983062744,4.880311012268066,-1.776726245880127,OUTBOUND,-34.578773498535156,0.09243378635819946,0.007840000092983246
1,58,0.90625,0.9350754022598267,41.314697265625,updated,1.4458695650100708,-0.6798942685127258,73.54767608642578,1.0742530822753906,1.1116623878479004,60.92107776697958,29.008880665551224,1430,6,82,0,6,,1,63,-6.928584575653076,4.845478057861328,-1.825563907623291,OUTBOUND,-34.28555679321289,0.10806421629988686,0.007840000092983246
1,51,0.796875,1.2770919799804688,41.616546630859375,updated,1.4463039636611938,-0.702654242515564,5.336408615112305,16.789703369140625,16.741785049438477,60.950166944996454,28.99675936925376,1431,6,83,0,13,,1,63,-6.930118560791016,4.905704975128174,-1.8166210651397705,OUTBOUND,-34.565765380859375,0.10511348976785406,0.007840000092983246
1,57,0.890625,1.0288385152816772,41.462059020996094,updated,1.4467376470565796,-0.6827260255813599,69.52022552490234,1.5098371505737305,1.4862862825393677,61.07460134397843,28.984645154587973,1432,6,84,0,7,,2,62,-6.930359840393066,4.850148677825928,-1.780362606048584,OUTBOUND,-34.35643005371094,0.11009506708127789,0.007840000092983246
1,58,0.90625,0.5026542544364929,41.702667236328125,updated,1.447170376777649,-0.6758118867874146,71.85564422607422,0.9564788341522217,0.9341797828674316,61.10554069498903,28.972499714714687,1433,6,85,0,6,,1,63,-6.928924560546875,4.829925537109375,-1.8386777639389038,OUTBOUND,-34.540863037109375,0.1200034381622182,0.007840000092983246
1,55,0.859375,0.7403401732444763,41.89930725097656,updated,1.4476028680801392,-0.6884944438934326,42.8228874206543,17.258493423461914,17.212303161621094,61.13444022697513,28.960366069836954,1434,6,86,0,9,,3,61,-6.929646968841553,4.862758636474609,-1.6543529033660889,OUTBOUND,-34.78703308105469,0.09865696293827389,0.007840000092983246
1,62,0.96875,0.8836326003074646,42.117862701416016,updated,1.4480364322662354,-0.7073603272438049,30.379364013671875,1.026158332824707,1.0086920261383057,61.16503973698127,28.94821509733489,1435,6,87,0,2,,1,63,-6.928933620452881,4.91225528717041,-1.8082160949707031,OUTBOUND,-34.855892181396484,0.07027064377375108,0.007840000092983246
1,60,0.9375,1.044671893119812,42.02143859863281,updated,1.4484694004058838,-0.6858614683151245,2.7668776512145996,1.4123414754867554,1.4043705463409424,61.18850002999534,28.936096969664856,1436,6,88,0,4,,2,62,-6.928971290588379,4.852636814117432,-1.9349229335784912,OUTBOUND,-34.934844970703125,0.035697011606740776,0.007840000092983246
1,56,0.875,0.689531683921814,42.48369598388672,updated,1.4489021301269531,-0.6881912350654602,75.6917724609375,16.41461753845215,16.35385513305664,61.2123788339959,28.923956742483238,1437,6,89,0,8,,1,63,-6.928645610809326,4.857429504394531,-1.7676734924316406,OUTBOUND,-35.399208068847656,0.00751642731745478,0.007840000092983246
1,57,0.890625,0.7300885319709778,42.175201416015625,updated,1.4493359327316284,-0.7102125287055969,95.30278778076172,17.83591651916504,17.76826286315918,61.335685596975964,28.9117789034982,1438,6,90,0,7,,2,62,-6.929150581359863,4.915319919586182,-1.861999750137329,OUTBOUND,-35.07764434814453,0.010431248695071506,0.007840000092983246
1,55,0.859375,0.6363688707351685,41.83008575439453,updated,1.4497700929641724,-0.6997586488723755,27.620433807373047,1.5720715522766113,1.5750129222869873,61.363260348996846,28.89963957379938,1439,6,91,0,9,,2,62,-6.9279584884643555,4.885605812072754,-1.7667136192321777,OUTBOUND,-34.795528411865234,0.0440765902499715,0.007840000092983246
1,55,0.859375,0.6247128844261169,41.9186897277832,updated,1.4502049684524536,-0.7079476118087769,72.46186065673828,0.3959408402442932,0.42324286699295044,61.39401307198568,28.887502427575114,1440,6,92,0,9,,0,64,-6.928619384765625,4.906134128570557,-1.7238574028015137,OUTBOUND,-34.77878952026367,0.06855786675148427,0.007840000092983246
1,58,0.90625,0.6130197644233704,42.0777473449707,updated,1.4506402015686035,-0.7036712765693665,66.48767852783203,0.3997235894203186,0.4316827654838562,61.41830639197724,28.875339552474404,1441,6,93,0,6,,0,64,-6.930075645446777,4.893090724945068,-1.7144864797592163,OUTBOUND,-34.87720489501953,0.06753738431701949,0.007840000092983246
1,61,0.953125,0.6910193562507629,42.00625228881836,updated,1.4510746002197266,-0.682172954082489,24.118595123291016,1.430756688117981,1.4250108003616333,61.542939543985995,28.863202598558722,1442,6,94,0,3,,2,62,-6.928701400756836,4.833773612976074,-1.8232890367507935,OUTBOUND,-34.836307525634766,0.06576990222898021,0.007840000092983246
1,57,0.890625,0.8363452553749084,42.46190643310547,updated,1.4515084028244019,-0.6902101635932922,66.12686920166016,17.180601119995117,17.120708465576172,61.568870958988555,28.851080898304044,1443,6,95,0,7,,2,62,-6.929156303405762,4.853886604309082,-1.6617498397827148,OUTBOUND,-35.25138854980469,0.09650133509620283,0.007840000092983246
1,55,0.859375,0.8831419944763184,42.486270904541016,updated,1.4519420862197876,-0.69175124168396,26.64288902282715,2.0913469791412354,2.061572790145874,61.5933550419868,28.83892404151884,1444,6,96,0,9,,3,61,-6.928825378417969,4.8565354347229,-1.4268512725830078,OUTBOUND,-35.39378356933594,0.09478596013647236,0.007840000092983246
1,57,0.890625,1.0644440650939941,42.44404602050781,updated,1.452374815940857,-0.6826878190040588,1.9782309532165527,0.8276792168617249,0.8164447546005249,61.62156019397662,28.826800238025836,1445,6,97,0,7,,1,63,-6.929357528686523,4.830743312835693,-1.6383535861968994,OUTBOUND,-35.37471389770508,0.06969854664170681,0.007840000092983246
1,58,0.90625,0.5986428260803223,42.35372543334961,updated,1.4528083801269531,-0.709160327911377,2.2132155895233154,1.3092966079711914,1.2790899276733398,61.64911639798083,28.814683624998263,1446,6,98,0,6,,2,62,-6.928722381591797,4.900214672088623,-1.7755544185638428,OUTBOUND,-35.22121810913086,0.09110726257649979,0.007840000092983246
1,58,0.90625,1.0070264339447021,42.479637145996094,updated,1.4532430171966553,-0.7145535945892334,2.938737392425537,1.9969453811645508,1.9658340215682983,61.67725703699398,28.8025626314182,1447,6,99,0,6,,3,61,-6.929208755493164,4.9131364822387695,-1.945286512374878,OUTBOUND,-35.25217819213867,0.10169230722874006,0.007840000092983246
1,61,0.953125,0.3327125608921051,42.211700439453125,updated,1.4536778926849365,-0.7017291188240051,27.386943817138672,1.7777572870254517,1.7842241525650024,61.70249092497397,28.790440436879727,1448,6,100,0,3,,2,62,-6.928733825683594,4.877296447753906,-1.7953370809555054,OUTBOUND,-35.110382080078125,0.0713210203164219,0.007840000092983246
0,58,0.90625,0.7358860373497009,42.524505615234375,updated,1.4541130065917969,-0.7064710855484009,37.01498794555664,0.8348706364631653,0.81387859582901,61.82616676099133,28.778268133137537,1449,6,101,1,6,WATCHDOG_DEADLINE,1,63,-6.929633140563965,4.888471603393555,-1.5481104850769043,OUTBOUND,-35.27135467529297,0.017336611924896186,0.007840000092983246
1,59,0.921875,0.7208679914474487,42.724308013916016,updated,1.454548716545105,-0.7088030576705933,14.914454460144043,1.5313652753829956,1.5052268505096436,61.85484986199299,28.766203321810032,1450,6,102,0,5,,2,62,-6.929416656494141,4.893189907073975,-1.6795873641967773,OUTBOUND,-35.41678237915039,-0.02265215686561428,0.007840000092983246
1,55,0.859375,1.038739562034607,42.425777435302734,updated,1.4549838304519653,-0.6928279995918274,64.44676208496094,18.08836555480957,18.0139102935791,61.87841436098097,28.754119753866547,1451,6,103,0,9,,2,62,-6.929280757904053,4.849041938781738,-1.7337695360183716,OUTBOUND,-35.40230178833008,-0.035486657999638405,0.007840000092983246
1,58,0.90625,1.0196013450622559,42.58835220336914,updated,1.4554195404052734,-0.7103465795516968,82.79513549804688,17.893766403198242,17.816736221313477,61.90447903299355,28.741996628298317,1452,6,104,0,6,,3,61,-6.929327487945557,4.894283294677734,-1.8552418947219849,OUTBOUND,-35.58940887451172,-0.0645124733376593,0.007840000092983246
1,56,0.875,0.7101558446884155,42.159725189208984,updated,1.4558550119400024,-0.7005939483642578,58.42837905883789,0.9921724796295166,1.0045686960220337,61.937487347982824,28.7298943058587,1453,6,105,0,8,,1,63,-6.928295612335205,4.866786003112793,-1.5472720861434937,OUTBOUND,-35.179378509521484,-0.08646900702586086,0.007840000092983246
1,58,0.90625,0.7476626634597778,42.294105529785156,updated,1.4562897682189941,-0.6891668438911438,48.6758918762207,1.267171025276184,1.2827321290969849,61.964897878991906,28.717780896230945,1454,6,106,0,6,,1,63,-6.928420066833496,4.834875106811523,-1.767665147781372,OUTBOUND,-35.26748275756836,-0.08400039853622084,0.007840000092983246
1,59,0.921875,0.9884763360023499,42.83052444458008,updated,1.4567255973815918,-0.720551073551178,37.283447265625,1.315178632736206,1.2943495512008667,62.093888549978146,28.705643475823294,1455,6,107,0,5,,2,62,-6.930343151092529,4.916910171508789,-1.7258732318878174,OUTBOUND,-35.50725555419922,-0.10602275356951936,0.007840000092983246
1,57,0.890625,0.49965375661849976,42.68234634399414,updated,1.4571608304977417,-0.6938725709915161,71.7819595336914,0.3493664562702179,0.35140931606292725,62.120698282000376,28.693483708326887,1456,6,108,0,7,,0,64,-6.928431510925293,4.844468116760254,-1.732641339302063,OUTBOUND,-35.48139572143555,-0.11254658989891358,0.007840000092983246
1,60,0.9375,1.095491886138916,43.07408142089844,updated,1.457594871520996,-0.6827417612075806,36.40401840209961,0.21936404705047607,0.20766547322273254,62.1529775459785,28.681327610182763,1457,6,109,0,4,,0,64,-6.928535461425781,4.81343936920166,-1.746322751045227,OUTBOUND,-35.851783752441406,-0.09017144985251338,0.007840000092983246
1,57,0.890625,1.021325707435608,42.93098831176758,updated,1.45802903175354,-0.7049460411071777,75.8275375366211,16.94257354736328,16.901357650756836,62.1793993319734,28.669171687814245,1458,6,110,0,7,,1,63,-6.929355144500732,4.870937347412109,-1.745989441871643,OUTBOUND,-35.806026458740234,-0.06642239123430801,0.007840000092983246
0,55,0.859375,0.5926810503005981,42.9185905456543,updated,1.4584646224975586,-0.7234885692596436,23.68064308166504,1.531553030014038,1.5249158143997192,62.301177797984565,28.657010053066195,1459,6,111,1,9,STALE_OR_INCOMPLETE_BUNDLE,2,62,-6.92960262298584,4.918632507324219,-1.7348570823669434,OUTBOUND,-35.765602111816406,-0.06707353814576664,0.007840000092983246
1,56,0.875,0.84845370054245,43.21628189086914,updated,1.458901047706604,-0.7215191125869751,163.16726684570312,19.708589553833008,19.614803314208984,62.32508274799329,28.64489648069276,1460,6,112,0,8,,5,59,-6.928400993347168,4.911895275115967,-1.6962143182754517,OUTBOUND,-36.132545471191406,-0.09325160589906092,0.007840000092983246
1,55,0.859375,0.580661952495575,43.16849136352539,updated,1.4593387842178345,-0.7269317507743835,33.56161880493164,2.1563494205474854,2.1106679439544678,62.35597680800129,28.63276236211895,1461,6,113,0,9,,3,61,-6.927977561950684,4.92471170425415,-1.8144415616989136,OUTBOUND,-35.93465805053711,-0.11035643832051018,0.007840000092983246
1,54,0.84375,1.123718023300171,42.9752197265625,updated,1.4597760438919067,-0.7003119587898254,52.89603805541992,0.25542864203453064,0.2597619295120239,62.38541768898722,28.62065548867454,1462,6,114,0,10,,0,64,-6.930060863494873,4.852758407592773,-2.002295732498169,OUTBOUND,-35.944854736328125,-0.09645084075255851,0.007840000092983246
1,57,0.890625,0.6341553926467896,42.68492889404297,updated,1.4602131843566895,-0.7094270586967468,49.377899169921875,0.8883639574050903,0.9090644717216492,62.41403583998908,28.60856793154256,1463,6,115,0,7,,1,63,-6.93009614944458,4.875387191772461,-1.9272676706314087,OUTBOUND,-35.61473083496094,-0.08660544557904193,0.007840000092983246
1,62,0.96875,1.0533692836761475,43.045894622802734,updated,1.4606513977050781,-0.7235361933708191,66.16360473632812,0.3665233254432678,0.3872758746147156,62.440629224991426,28.596463835424718,1464,6,116,0,2,,0,64,-6.929469108581543,4.911171913146973,-2.104867696762085,OUTBOUND,-35.78390121459961,-0.11624752221506375,0.007840000092983246
1,59,0.921875,0.9717153310775757,43.242347717285156,updated,1.4610896110534668,-0.7131270170211792,29.113492965698242,0.8913850784301758,0.8871307969093323,62.467347149999114,28.58434608955637,1465,6,117,0,5,,1,63,-6.9308953285217285,4.882185459136963,-1.7380671501159668,OUTBOUND,-35.919776916503906,-0.14191212063052575,0.007840000092983246
1,61,0.953125,0.6227672696113586,43.15275955200195,updated,1.4615280628204346,-0.7138676643371582,30.31791877746582,0.1919681429862976,0.19705119729042053,62.596854500996415,28.57224914986987,1466,6,118,0,3,,0,64,-6.929141998291016,4.8826494216918945,-2.0428576469421387,OUTBOUND,-35.83551025390625,-0.1425035659666939,0.007840000092983246
1,59,0.921875,1.0563405752182007,43.600826263427734,updated,1.4619677066802979,-0.7335146069526672,26.43338966369629,0.8955570459365845,0.8964106440544128,62.61979381900164,28.560135571431932,1467,6,119,0,5,,1,63,-6.9298834800720215,4.932934284210205,-2.1939427852630615,OUTBOUND,-36.2924690246582,-0.12516729803282606,0.007840000092983246
1,51,0.796875,0.38675519824028015,43.32810974121094,updated,1.4624073505401611,-0.7120281457901001,23.296213150024414,0.9450902342796326,0.9647209048271179,62.647038146998966,28.548004611313225,1468,6,120,0,13,,1,63,-6.929553508758545,4.874826908111572,-1.8427269458770752,OUTBOUND,-36.13662338256836,-0.09943863508505679,0.007840000092983246
1,54,0.84375,0.9325315356254578,43.72517395019531,updated,1.46284818649292,-0.7360595464706421,37.65060806274414,0.8608788847923279,0.8575327396392822,62.671423143998254,28.535863583687476,1469,6,121,0,10,,1,63,-6.930706024169922,4.9365715980529785,-1.9539402723312378,OUTBOUND,-36.35042190551758,-0.09186113236347261,0.007840000092983246
1,60,0.9375,0.4208683371543884,43.37085723876953,updated,1.463289499282837,-0.7245413064956665,4.86740779876709,0.2715245485305786,0.27922579646110535,62.69692206097534,28.523734555702415,1470,6,122,0,4,,0,64,-6.928544044494629,4.90475606918335,-1.7107694149017334,OUTBOUND,-36.25940704345703,-0.07494747250677976,0.007840000092983246
0,57,0.890625,0.8926652073860168,43.60993194580078,updated,1.4637300968170166,-0.7072334885597229,30.96442413330078,0.2860886752605438,0.2994477152824402,62.81248674899689,28.511629926413242,1471,6,123,1,7,STALE_OR_INCOMPLETE_BUNDLE,0,64,-6.928596496582031,4.857781887054443,-2.083294630050659,OUTBOUND,-36.50798034667969,-0.043816508125433085,0.007840000092983246
1,56,0.875,0.7111596465110779,43.62909698486328,updated,1.464170217514038,-0.7083510160446167,2.933319091796875,0.1425398737192154,0.1408202052116394,62.83818332100054,28.499512135252516,1472,6,124,0,8,,0,64,-6.928243160247803,4.85924768447876,-1.6454436779022217,OUTBOUND,-36.56837463378906,-0.024541992901270234,0.007840000092983246
1,57,0.890625,0.577110230922699,43.491790771484375,updated,1.4646103382110596,-0.7166382074356079,15.150772094726562,0.9165024757385254,0.9069601893424988,62.86895922297845,28.487374544175115,1473,6,125,0,7,,1,63,-6.928158760070801,4.879515647888184,-1.7453383207321167,OUTBOUND,-36.43475341796875,-0.023288681116428706,0.007840000092983246
1,58,0.90625,0.47714653611183167,43.33967590332031,updated,1.4650490283966064,-0.694433331489563,2.8591065406799316,0.9614638686180115,0.950437068939209,62.89664210699266,28.47525083776985,1474,6,126,0,6,,1,63,-6.928570747375488,4.819845199584961,-1.9103689193725586,OUTBOUND,-36.36347198486328,-0.020700381290335256,0.007840000092983246
1,58,0.90625,1.0775631666183472,43.28591537475586,updated,1.4654874801635742,-0.7114749550819397,1.9595178365707397,2.192800998687744,2.1582603454589844,62.92317815098795,28.463182240275636,1475,6,127,0,6,,3,61,-6.928616523742676,4.863042831420898,-1.5259864330291748,OUTBOUND,-36.17107391357422,-0.01912162383645293,0.007840000092983246
1,59,0.921875,0.9353726506233215,43.436126708984375,updated,1.4659260511398315,-0.7164090275764465,48.18668746948242,17.831872940063477,17.769895553588867,63.05677886700141,28.451093909308838,1476,6,128,0,5,,2,62,-6.930863857269287,4.8744940757751465,-1.8398633003234863,OUTBOUND,-36.36931228637695,-0.055190842949175645,0.007840000092983246
1,59,0.921875,0.33526375889778137,42.98285675048828,updated,1.4663645029067993,-0.7153733968734741,6.245511531829834,17.819503784179688,17.795814514160156,63.08554672499304,28.438994210611753,1477,6,129,0,5,,1,63,-6.92938232421875,4.870319843292236,-1.8023830652236938,OUTBOUND,-35.97595977783203,-0.08413251320452672,0.007840000092983246
1,59,0.921875,1.0058499574661255,43.22175598144531,updated,1.4668023586273193,-0.7034896612167358,92.81181335449219,0.5046325325965881,0.5151099562644958,63.11433315498289,28.42689902547854,1478,6,130,0,5,,0,64,-6.928574562072754,4.837812900543213,-1.9327397346496582,OUTBOUND,-36.1067008972168,-0.07550734086390821,0.007840000092983246
1,55,0.859375,0.9988484382629395,43.250579833984375,updated,1.4672414064407349,-0.7371341586112976,85.49137115478516,1.1323511600494385,1.131544589996338,63.13754222597345,28.41479222038883,1479,6,131,0,9,,1,63,-6.929486274719238,4.924206733703613,-1.85554838180542,OUTBOUND,-35.98108673095703,-0.08625790501592438,0.007840000092983246
1,57,0.890625,0.7846524119377136,43.66350555419922,updated,1.4676820039749146,-0.7420783638954163,58.87480163574219,0.9080009460449219,0.8838146924972534,63.16502226499142,28.40268380146995,1480,6,132,0,7,,1,63,-6.929481029510498,4.935600280761719,-2.0961849689483643,OUTBOUND,-36.20102310180664,-0.10880570038086201,0.007840000092983246
1,58,0.90625,0.8671174645423889,43.89191818237305,updated,1.4681226015090942,-0.7202626466751099,16.800548553466797,0.8368150591850281,0.8216294646263123,63.195599383994704,28.390554649851943,1481,6,133,0,6,,1,63,-6.929211616516113,4.877227306365967,-1.5454403162002563,OUTBOUND,-36.486412048339844,-0.12981029214561388,0.007840000092983246
1,58,0.90625,1.3255189657211304,44.2886848449707,updated,1.4685641527175903,-0.7361111640930176,15.42253303527832,0.20018331706523895,0.19877532124519348,63.32383935598773,28.378394059220692,1482,6,134,0,6,,0,64,-6.929839134216309,4.917033672332764,-2.103884220123291,OUTBOUND,-36.84194564819336,-0.1394160045199877,0.007840000092983246
1,54,0.84375,0.5933709144592285,44.098236083984375,updated,1.4690054655075073,-0.7214343547821045,109.59774017333984,18.63435935974121,18.636234283447266,63.35035866498947,28.36625145715482,1483,6,135,0,10,,1,63,-6.929339408874512,4.877341270446777,-1.747164249420166,OUTBOUND,-36.79434585571289,-0.12750763098776133,0.007840000092983246
1,62,0.96875,0.8350496292114258,43.748023986816406,updated,1.469447135925293,-0.726367175579071,16.829370498657227,0.22831837832927704,0.2298957109451294,63.3731271349825,28.354109557215953,1484,6,136,0,2,,0,64,-6.929417133331299,4.88870096206665,-2.0138256549835205,OUTBOUND,-36.59144592285156,-0.14367679970053338,0.007840000092983246
1,60,0.9375,0.9456925988197327,43.9571533203125,updated,1.4698885679244995,-0.7203404307365417,73.40144348144531,1.585798978805542,1.5678678750991821,63.39641738697537,28.341974966053495,1485,6,137,0,4,,2,62,-6.927957534790039,4.871567249298096,-2.1165683269500732,OUTBOUND,-36.925559997558594,-0.14521441531071608,0.007840000092983246
1,56,0.875,1.2141958475112915,43.70811080932617,updated,1.4703303575515747,-0.7298592925071716,120.95502471923828,18.843917846679688,18.74839973449707,63.422016094002174,28.329840790434385,1486,6,138,0,8,,2,62,-6.929256916046143,4.894820213317871,-1.683602213859558,OUTBOUND,-36.785919189453125,-0.1077484798278209,0.007840000092983246
1,53,0.828125,0.7694730162620544,43.500892639160156,updated,1.4707733392715454,-0.7435900568962097,2.1419546604156494,1.3979243040084839,1.386374592781067,63.44633721499122,28.317746639485637,1487,6,139,0,11,,2,62,-6.928292751312256,4.928961753845215,-2.0171282291412354,OUTBOUND,-36.453216552734375,-0.07639851842579568,0.007840000092983246
1,56,0.875,0.4923412501811981,43.700923919677734,updated,1.471217155456543,-0.7415275573730469,55.20372772216797,0.8986966609954834,0.8915075063705444,63.57420159198227,28.305677351986013,1488,6,140,0,8,,1,63,-6.929465293884277,4.922109127044678,-1.8258955478668213,OUTBOUND,-36.55693054199219,-0.07910603193621897,0.007840000092983246
1,56,0.875,0.9549031257629395,43.409812927246094,updated,1.4716602563858032,-0.7155941724777222,55.33282470703125,19.68939781188965,19.575164794921875,63.59988106499077,28.293594152840317,1489,6,141,0,8,,4,60,-6.929906368255615,4.853438377380371,-1.7867776155471802,OUTBOUND,-36.414031982421875,-0.07015948965084838,0.007840000092983246
1,55,0.859375,0.7984868288040161,43.39430618286133,updated,1.4721035957336426,-0.7323879599571228,33.56444549560547,17.938987731933594,17.871809005737305,63.624621501978254,28.28149453266181,1490,6,142,0,9,,1,63,-6.930862903594971,4.8954572677612305,-1.768196702003479,OUTBOUND,-36.31784439086914,-0.025806829850803514,0.007840000092983246
1,62,0.96875,0.6653943061828613,43.42991638183594,updated,1.4725464582443237,-0.7206748127937317,136.86569213867188,1.417891263961792,1.4106074571609497,63.653290508984355,28.269410463145036,1491,6,143,0,2,,1,63,-6.929165840148926,4.863690376281738,-1.6697142124176025,OUTBOUND,-36.17133712768555,-0.008976083438417508,0.007840000092983246
1,56,0.875,0.8064661622047424,43.721431732177734,updated,1.4729901552200317,-0.7426759004592896,130.0514678955078,1.3372026681900024,1.3097015619277954,63.77890086200205,28.25732477792541,1492,6,144,0,8,,1,63,-6.928345680236816,4.919092655181885,-2.0246527194976807,OUTBOUND,-36.24483871459961,-0.04591337588526614,0.007840000092983246
1,59,0.921875,0.9894737601280212,43.726314544677734,updated,1.473434329032898,-0.7360745668411255,14.356572151184082,18.519371032714844,18.423940658569336,63.80434270200203,28.24517733733169,1493,6,145,0,5,,2,62,-6.928941249847412,4.90055513381958,-1.8244684934616089,OUTBOUND,-36.221588134765625,-0.04681692462325614,0.007840000092983246
1,56,0.875,0.23295406997203827,44.210044860839844,updated,1.4738786220550537,-0.7340241074562073,71.17037200927734,1.0200941562652588,0.9960399270057678,63.83003526399261,28.2331065003802,1494,6,146,0,8,,1,63,-6.929864406585693,4.893786907196045,-1.820770025253296,OUTBOUND,-36.793434143066406,-0.0035711133697153515,0.007840000092983246
1,55,0.859375,0.7994916439056396,44.53270721435547,updated,1.4743233919143677,-0.7388458251953125,14.465298652648926,1.4909281730651855,1.4571821689605713,63.859501598984934,28.221056123526473,1495,6,147,0,9,,2,62,-6.931146621704102,4.904745101928711,-1.9212640523910522,OUTBOUND,-36.85631561279297,0.014725856064838665,0.007840000092983246
1,59,0.921875,0.7115963697433472,44.37233352661133,updated,1.4747674465179443,-0.7210225462913513,25.347806930541992,1.2887134552001953,1.2765157222747803,63.89117754797917,28.20900284267565,1496,6,148,0,5,,1,63,-6.928792953491211,4.8573527336120605,-2.0247814655303955,OUTBOUND,-37.021583557128906,0.018043149451285913,0.007840000092983246
1,54,0.84375,0.882236659526825,44.54124069213867,updated,1.4752116203308105,-0.7338776588439941,26.6641788482666,0.48966461420059204,0.5011621117591858,63.917598252999596,28.196937417384945,1497,6,149,0,10,,0,64,-6.931090354919434,4.889001846313477,-2.039762258529663,OUTBOUND,-37.31549835205078,0.027117504721136342,0.007840000092983246
1,58,0.90625,0.8675792217254639,44.572391510009766,updated,1.4756546020507812,-0.711103081703186,74.5765380859375,1.1259456872940063,1.1314152479171753,63.94764915999258,28.18486495215292,1498,6,150,0,6,,1,63,-6.92963981628418,4.828961372375488,-1.8787076473236084,OUTBOUND,-37.49258804321289,0.0308107946584571,0.007840000092983246
0,58,0.90625,0.4752912223339081,44.41897964477539,updated,1.4760977029800415,-0.7355310916900635,140.0019989013672,20.36289405822754,20.232240676879883,64.08739160199184,28.17274730314891,1499,6,151,1,6,WATCHDOG_DEADLINE,2,62,-6.929243564605713,4.890331268310547,-1.6869838237762451,OUTBOUND,-37.32170104980469,0.04034103545801455,0.007840000092983246
1,57,0.890625,0.6020624041557312,44.513668060302734,updated,1.4765408039093018,-0.7293738126754761,25.227834701538086,0.16749712824821472,0.16481709480285645,64.11209694200079,28.160609479326425,1500,6,152,0,7,,0,64,-6.927958011627197,4.873061656951904,-1.6341136693954468,OUTBOUND,-37.493682861328125,0.0688080764340692,0.007840000092983246
1,57,0.890625,1.2009626626968384,44.243526458740234,updated,1.476983904838562,-0.7319045662879944,9.403212547302246,0.8919394612312317,0.9025703072547913,64.13583774099243,28.14842732650077,1501,6,153,0,7,,1,63,-6.930553913116455,4.87811279296875,-1.548056721687317,OUTBOUND,-37.19794464111328,0.055805830881770616,0.007840000092983246
1,55,0.859375,0.35793939232826233,44.31122970581055,updated,1.4774272441864014,-0.7347353100776672,6.215799808502197,1.3884198665618896,1.3532724380493164,64.16023306897841,28.13626898408029,1502,6,154,0,9,,2,62,-6.9287943840026855,4.883926868438721,-1.7373230457305908,OUTBOUND,-37.03270721435547,0.0038914902620216935,0.007840000092983246
1,55,0.859375,0.6017412543296814,44.156890869140625,updated,1.4778704643249512,-0.7322486639022827,66.48942565917969,0.869670569896698,0.8686853647232056,64.19237454098766,28.12418954568813,1503,6,155,0,9,,1,63,-6.928619384765625,4.8761067390441895,-1.7984565496444702,OUTBOUND,-36.8719482421875,-0.02587473447339844,0.007840000092983246
1,56,0.875,1.4490729570388794,44.3584098815918,updated,1.4783152341842651,-0.7565097808837891,55.46766662597656,1.604935884475708,1.5895222425460815,64.2206747479795,28.11210778190634,1504,6,156,0,8,,2,62,-6.928359508514404,4.936778545379639,-1.87606680393219,OUTBOUND,-36.975250244140625,-0.024569592505870087,0.007840000092983246
1,59,0.921875,0.8496299982070923,44.14759063720703,updated,1.478759527206421,-0.7299237847328186,62.08596420288086,0.9251968264579773,0.9287900924682617,64.33517087699147,28.10002691790062,1505,6,157,0,5,,1,63,-6.927963733673096,4.867275714874268,-1.6534310579299927,OUTBOUND,-36.774078369140625,-0.005217841478717308,0.007840000092983246
1,60,0.9375,0.6764029264450073,44.45253372192383,updated,1.4792040586471558,-0.7386304140090942,68.47394561767578,0.3534960150718689,0.3599376380443573,64.36234734999016,28.087926061687373,1506,6,158,0,4,,0,64,-6.930171489715576,4.888097286224365,-1.636316180229187,OUTBOUND,-36.975860595703125,0.0006358243776541972,0.007840000092983246
1,61,0.953125,1.02247154712677,44.82229995727539,updated,1.479648470878601,-0.733494758605957,12.709662437438965,0.19482411444187164,0.2029019594192505,64.39116773198475,28.07582545313497,1507,6,159,0,3,,0,64,-6.929150104522705,4.873530387878418,-1.447887897491455,OUTBOUND,-37.368003845214844,-0.0007410113827745047,0.007840000092983246
1,59,0.921875,0.6121781468391418,45.01083755493164,updated,1.480093240737915,-0.74371737241745,222.15219116210938,38.83185577392578,38.72698211669922,64.41764189398964,28.063703680283993,1508,6,160,0,5,,3,61,-6.929003715515137,4.898184776306152,-1.9083329439163208,OUTBOUND,-37.65110778808594,-0.02262778656507755,0.007840000092983246
0,52,0.8125,0.8290501832962036,45.026676177978516,updated,1.4805375337600708,-0.7285309433937073,38.51324462890625,0.8324956297874451,0.8281337022781372,64.53935878397897,28.05156374328242,1509,6,161,1,12,STALE_OR_INCOMPLETE_BUNDLE,1,63,-6.930251121520996,4.857998847961426,-2.1200037002563477,OUTBOUND,-37.79450607299805,-0.0431944950847298,0.007840000092983246
1,58,0.90625,0.624566376209259,44.93976974487305,updated,1.4809821844100952,-0.7425941228866577,41.11337661743164,0.9926934242248535,0.9873988628387451,64.56454385299003,28.03940468444394,1510,6,162,0,6,,1,63,-6.929870128631592,4.892416000366211,-1.809612512588501,OUTBOUND,-37.63311767578125,-0.0324005956993304,0.007840000092983246
1,58,0.90625,0.4599085748195648,45.07503128051758,updated,1.4814280271530151,-0.7566750645637512,29.954877853393555,0.846549928188324,0.8416708111763,64.5918533919903,28.027274408945278,1511,6,163,0,6,,1,63,-6.929716110229492,4.926825523376465,-1.7960798740386963,OUTBOUND,-37.81819152832031,-0.04153423815503362,0.007840000092983246
1,60,0.9375,0.8387385606765747,44.585323333740234,updated,1.481873631477356,-0.7364950180053711,94.05581665039062,18.69740104675293,18.607892990112305,64.61676290098694,28.01514794117091,1512,6,164,0,4,,1,63,-6.9281487464904785,4.874001502990723,-1.6364915370941162,OUTBOUND,-37.55376434326172,-0.05703891624654336,0.007840000092983246
1,58,0.90625,1.0819411277770996,44.456539154052734,updated,1.4823181629180908,-0.7224059104919434,77.37347412109375,19.73141098022461,19.605051040649414,64.64673845699872,28.00300315888932,1513,6,165,0,6,,2,62,-6.928398609161377,4.836746692657471,-1.8800857067108154,OUTBOUND,-37.568294525146484,-0.043044614521260065,0.007840000092983246
1,58,0.90625,0.5213520526885986,44.051395416259766,updated,1.4827640056610107,-0.7586221098899841,13.62971305847168,20.78127098083496,20.656267166137695,64.67062260999228,27.990861979175534,1514,6,166,0,6,,3,61,-6.927958011627197,4.927358627319336,-1.820737361907959,OUTBOUND,-36.98846435546875,-0.045210231472256536,0.007840000092983246
1,55,0.859375,0.6958460211753845,43.60295104980469,updated,1.4832093715667725,-0.7343977689743042,175.80320739746094,1.918397307395935,2.04331374168396,64.70210531097837,27.97873370827046,1515,6,167,0,9,,1,63,-6.928637504577637,4.864389419555664,-1.9477378129959106,OUTBOUND,-36.49645233154297,-0.0375884848187607,0.007840000092983246
1,59,0.921875,0.7148300409317017,43.93239212036133,updated,1.4836540222167969,-0.7288765907287598,85.41619110107422,20.01848602294922,19.94472312927246,64.83005703199888,27.96659843176374,1516,6,168,0,5,,2,62,-6.927958011627197,4.848963737487793,-1.6616156101226807,OUTBOUND,-36.68696975708008,-0.034397778569513114,0.007840000092983246
1,57,0.890625,0.6978612542152405,43.53022766113281,updated,1.4840985536575317,-0.7363623976707458,152.48373413085938,3.576869010925293,3.5923972129821777,64.85559543699492,27.954510915645454,1517,6,169,0,7,,4,60,-6.927958011627197,4.8665337562561035,-1.796158790588379,OUTBOUND,-36.07772445678711,-0.07885834841501435,0.007840000092983246
1,59,0.921875,0.8497782945632935,44.33481216430664,updated,1.4845433235168457,-0.7451269030570984,173.3208465576172,1.1751981973648071,1.1671818494796753,64.87991194298957,27.942397997782024,1518,6,170,0,5,,0,64,-6.9297776222229,4.887316703796387,-1.7045373916625977,OUTBOUND,-36.7629508972168,-0.08876927331271235,0.007840000092983246
1,53,0.828125,0.7902419567108154,44.91802215576172,updated,1.484987735748291,-0.7332693934440613,121.22219848632812,0.6712202429771423,0.6293156147003174,64.90849162900122,27.93029323858794,1519,6,171,0,11,,0,64,-6.929360389709473,4.855874061584473,-1.8426867723464966,OUTBOUND,-37.39993667602539,-0.0526276607114848,0.007840000092983246
1,56,0.875,1.331289291381836,45.223697662353516,updated,1.4854321479797363,-0.7392285466194153,42.900611877441406,19.620656967163086,19.550960540771484,64.93711317097768,27.91818641006838,1520,6,172,0,8,,2,62,-6.9294114112854,4.869540691375732,-1.635372281074524,OUTBOUND,-37.675662994384766,-0.047606359632860924,0.007840000092983246
0,60,0.9375,1.0797133445739746,45.191471099853516,updated,1.485877513885498,-0.759663999080658,100.66077423095703,21.13451385498047,21.038002014160156,65.06900788698113,27.906083773225003,1521,6,173,1,4,STALE_OR_INCOMPLETE_BUNDLE,3,61,-6.92833137512207,4.919770240783691,-2.143916368484497,OUTBOUND,-37.66541290283203,-0.06802264802052488,0.007840000092983246
1,55,0.859375,0.5893659591674805,45.24013137817383,updated,1.4863228797912598,-0.739419162273407,101.68489074707031,20.45745086669922,20.36296272277832,65.09374339698115,27.893968585119104,1522,6,174,0,9,,2,62,-6.929686546325684,4.867193698883057,-1.7586441040039062,OUTBOUND,-37.894493103027344,-0.07446527547674996,0.007840000092983246
1,53,0.828125,0.9287158250808716,45.17941665649414,updated,1.4867676496505737,-0.7354428768157959,15.269973754882812,1.4041539430618286,1.361338496208191,65.11695866598166,27.881816393574574,1523,6,175,0,11,,2,62,-6.928644180297852,4.855749130249023,-1.7622939348220825,OUTBOUND,-37.97637176513672,-0.11194369494407257,0.007840000092983246
1,54,0.84375,0.9416719079017639,44.78873825073242,updated,1.4872125387191772,-0.7413556575775146,20.690717697143555,2.7874364852905273,2.7037172317504883,65.14051260397537,27.869665963233462,1524,6,176,0,10,,4,60,-6.928631782531738,4.869256973266602,-1.6296664476394653,OUTBOUND,-37.51698684692383,-0.13420784589762064,0.007840000092983246
1,60,0.9375,0.8611454963684082,44.97499084472656,updated,1.4876571893692017,-0.7414080500602722,38.07179641723633,1.0224196910858154,1.077138900756836,65.17229756998131,27.857517041577967,1525,6,177,0,4,,1,63,-6.929778099060059,4.867980003356934,-1.8879625797271729,OUTBOUND,-37.724754333496094,-0.13748373778056963,0.007840000092983246
1,58,0.90625,0.8240046501159668,45.1851692199707,updated,1.4881032705307007,-0.7637608051300049,38.95729446411133,0.9613170027732849,0.9725421071052551,65.29732935799984,27.84533028560625,1526,6,178,0,6,,1,63,-6.930436611175537,4.922850131988525,-1.9841903448104858,OUTBOUND,-37.73432540893555,-0.1593205141486855,0.007840000092983246
1,57,0.890625,1.0112313032150269,45.33562088012695,updated,1.4885495901107788,-0.7517537474632263,30.81842041015625,0.9255253076553345,0.9563562273979187,65.32476946499082,27.833168594412236,1527,6,179,0,7,,1,63,-6.928777694702148,4.891193389892578,-2.1702120304107666,OUTBOUND,-37.971778869628906,-0.17819614018492091,0.007840000092983246
1,59,0.921875,1.0545549392700195,45.22671890258789,updated,1.4889962673187256,-0.7513381242752075,77.10807800292969,20.169414520263672,20.024185180664062,65.35437245099456,27.82099671344075,1528,6,180,0,5,,2,62,-6.928682327270508,4.888722896575928,-1.746694803237915,OUTBOUND,-37.891021728515625,-0.19087329836130504,0.007840000092983246
1,60,0.9375,0.6355217099189758,45.23787307739258,updated,1.4894423484802246,-0.7369616627693176,67.57035827636719,0.3423948884010315,0.38250842690467834,65.37958419197821,27.808816056298745,1529,6,181,0,4,,0,64,-6.928299903869629,4.851187229156494,-1.9233216047286987,OUTBOUND,-37.994468688964844,-0.21337981960750288,0.007840000092983246
1,56,0.875,1.1323859691619873,45.29566192626953,updated,1.4898871183395386,-0.724840521812439,46.28113555908203,0.9042009711265564,0.9267728328704834,65.40413536300184,27.7966190439178,1530,6,182,0,8,,1,63,-6.929081916809082,4.819370746612549,-1.699636459350586,OUTBOUND,-37.8648681640625,-0.25066130140905274,0.007840000092983246
1,59,0.921875,0.38490021228790283,45.347049713134766,updated,1.4903311729431152,-0.7306435704231262,43.97674560546875,0.9293807148933411,0.953831136226654,65.4316789059958,27.78439416835401,1531,6,183,0,5,,1,63,-6.928574562072754,4.8325629234313965,-1.7454912662506104,OUTBOUND,-37.81888198852539,-0.27423257658306055,0.007840000092983246
1,54,0.84375,0.3118414580821991,45.597312927246094,updated,1.4907746315002441,-0.7343704700469971,9.074761390686035,0.8941714763641357,0.9035638570785522,65.55987453999114,27.77214027498615,1532,6,184,0,10,,1,63,-6.929131031036377,4.840535640716553,-1.8579190969467163,OUTBOUND,-38.207515716552734,-0.2554716735066616,0.007840000092983246
1,56,0.875,1.107922911643982,45.760929107666016,updated,1.4912182092666626,-0.7448029518127441,65.42559051513672,2.3382532596588135,2.354074716567993,65.58365534400218,27.75996334608681,1533,6,185,0,8,,3,61,-6.929509162902832,4.865291118621826,-1.3712139129638672,OUTBOUND,-38.42082214355469,-0.23989892464180615,0.007840000092983246
1,61,0.953125,0.9102168679237366,45.835182189941406,updated,1.4916627407073975,-0.7613282203674316,48.10809326171875,1.5474677085876465,1.5333797931671143,65.60643117598374,27.747774803376593,1534,6,186,0,3,,2,62,-6.929058074951172,4.905257225036621,-1.6567103862762451,OUTBOUND,-38.52896499633789,-0.263335365684557,0.007840000092983246
1,60,0.9375,0.651809573173523,45.72964859008789,updated,1.4921088218688965,-0.7684780359268188,5.322417736053467,0.20953957736492157,0.24742598831653595,65.63111958198715,27.735569079250368,1535,6,187,0,4,,0,64,-6.929563999176025,4.921716213226318,-1.8965779542922974,OUTBOUND,-38.473690032958984,-0.2804309753937021,0.007840000092983246
1,59,0.921875,1.120094895362854,45.640262603759766,updated,1.4925556182861328,-0.7624390721321106,12.353888511657715,0.30573105812072754,0.3628160357475281,65.65418514297926,27.72335515187533,1536,6,188,0,5,,0,64,-6.928537845611572,4.905190467834473,-1.9177961349487305,OUTBOUND,-38.29207229614258,-0.3057508970223398,0.007840000092983246
1,58,0.90625,0.8515766859054565,45.805782318115234,updated,1.4930027723312378,-0.754975438117981,29.645620346069336,1.599215030670166,1.5513452291488647,65.68273112198221,27.71111920970448,1537,6,189,0,6,,2,62,-6.92864990234375,4.885129928588867,-1.9447171688079834,OUTBOUND,-38.4664192199707,-0.3067519245567755,0.007840000092983246
0,60,0.9375,0.7652604579925537,45.531917572021484,updated,1.4934498071670532,-0.7505481243133545,94.3428726196289,20.714996337890625,20.57134437561035,65.81562927298364,27.69885031223858,1538,6,190,1,4,NO_GENERATOR_SET,2,62,-6.929447650909424,4.872674942016602,-1.6691282987594604,OUTBOUND,-38.41030502319336,-0.28088660295767104,0.007840000092983246
0,58,0.90625,1.0192118883132935,45.35258483886719,updated,1.4938970804214478,-0.7541148662567139,24.43372344970703,1.7136342525482178,1.759631633758545,65.83785103398259,27.686571062128017,1539,6,191,1,6,INSUFFICIENT_RECOVERY_RESERVE,2,62,-6.930017948150635,4.88016939163208,-1.4981902837753296,OUTBOUND,-38.163612365722656,-0.26718986456343036,0.007840000092983246
0,61,0.953125,0.7597811222076416,45.641639709472656,updated,1.4943448305130005,-0.7592389583587646,64.4112548828125,0.3220949172973633,0.3360143005847931,65.85584824398393,27.674284405148825,1540,6,192,1,3,INSUFFICIENT_RECOVERY_RESERVE,0,64,-6.927979946136475,4.891532897949219,-1.8136277198791504,OUTBOUND,-38.40302658081055,-0.2572772767646128,0.007840000092983246
0,57,0.890625,0.9793174862861633,45.23357009887695,updated,1.4947932958602905,-0.7651932239532471,54.272457122802734,21.97649574279785,21.901630401611328,65.87581537899678,27.6619929250481,1541,6,193,1,7,INSUFFICIENT_RECOVERY_RESERVE,4,60,-6.930151462554932,4.904944896697998,-1.5489280223846436,OUTBOUND,-37.87005615234375,-0.25300493450800976,0.007840000092983246
0,56,0.875,1.02590811252594,45.32725143432617,updated,1.495241641998291,-0.7514638900756836,48.088191986083984,2.115690231323242,2.086979627609253,65.89126879398827,27.649639504080298,1542,6,194,1,8,INSUFFICIENT_RECOVERY_RESERVE,3,61,-6.930016994476318,4.8693695068359375,-1.4210606813430786,OUTBOUND,-38.024322509765625,-0.2569648692570833,0.007840000092983246
0,59,0.921875,0.9561365246772766,45.401031494140625,updated,1.4956905841827393,-0.7662618160247803,60.57308578491211,2.4072279930114746,2.429396152496338,65.91003592597554,27.63723112197534,1543,6,195,1,5,INSUFFICIENT_RECOVERY_RESERVE,3,61,-6.928592205047607,4.904760360717773,-1.5866668224334717,OUTBOUND,-38.01889419555664,-0.2788080344211489,0.007840000092983246
0,62,0.96875,1.1491308212280273,45.026145935058594,updated,1.4961386919021606,-0.7402876615524292,3.8288357257843018,20.568191528320312,20.4703426361084,65.93271013899357,27.62480496520914,1544,6,196,1,2,INSUFFICIENT_RECOVERY_RESERVE,3,61,-6.928544521331787,4.838821887969971,-2.0315117835998535,OUTBOUND,-37.81167984008789,-0.2993824001026355,0.007840000092983246
0,52,0.8125,0.9089056253433228,45.82603073120117,updated,1.4965870380401611,-0.7589532136917114,96.06725311279297,1.3284409046173096,1.294996976852417,65.95238166299532,27.612368207561975,1545,6,197,1,12,INSUFFICIENT_RECOVERY_RESERVE,1,63,-6.9290900230407715,4.88378381729126,-1.9846885204315186,OUTBOUND,-38.2447509765625,-0.30873838596302544,0.007840000092983246
0,57,0.890625,1.121751070022583,45.88933563232422,updated,1.4970343112945557,-0.7388306260108948,51.31334686279297,1.2648725509643555,1.2370859384536743,66.08622606599238,27.5999276282745,1546,6,198,1,7,NO_GENERATOR_SET,1,63,-6.928427219390869,4.832475185394287,-1.9916868209838867,OUTBOUND,-38.39653015136719,-0.3212993309406272,0.007840000092983246
0,55,0.859375,1.3023511171340942,46.30498123168945,updated,1.4974822998046875,-0.7638840675354004,22.677631378173828,0.9115452170372009,0.898593544960022,66.10246753698448,27.587493742818364,1547,6,199,1,9,INSUFFICIENT_RECOVERY_RESERVE,1,63,-6.929270267486572,4.8932108879089355,-1.7558374404907227,OUTBOUND,-38.57862854003906,-0.3427934765610708,0.007840000092983246
0,57,0.890625,1.030067801475525,46.22702407836914,updated,1.4979300498962402,-0.7525497674942017,39.681114196777344,1.8101862668991089,1.8472001552581787,66.12335354098468,27.575061105603286,1548,6,200,1,7,INSUFFICIENT_RECOVERY_RESERVE,2,62,-6.928596019744873,4.863738059997559,-1.8421424627304077,OUTBOUND,-38.786441802978516,-0.37106827904266015,0.007840000092983246
0,61,0.953125,0.7652081251144409,46.46216583251953,updated,1.4983774423599243,-0.7494903802871704,63.3156623840332,1.691644549369812,1.650367021560669,66.14569566000137,27.56263719743968,1549,6,201,1,3,INSUFFICIENT_RECOVERY_RESERVE,2,62,-6.930944919586182,4.854787826538086,-2.107285261154175,OUTBOUND,-39.03239059448242,-0.3961305598953082,0.007840000092983246
0,54,0.84375,1.0349267721176147,46.34111785888672,updated,1.4988254308700562,-0.764961302280426,50.659400939941406,0.9935140013694763,0.9754335284233093,66.17068358097458,27.550224153953167,1550,6,202,1,10,INSUFFICIENT_RECOVERY_RESERVE,1,63,-6.927958011627197,4.89167594909668,-1.7425286769866943,OUTBOUND,-39.03416061401367,-0.42055462790882214,0.007840000092983246
0,57,0.890625,0.8653913140296936,46.26835250854492,updated,1.4992725849151611,-0.7435196042060852,179.4893035888672,23.445716857910156,23.32944679260254,66.18768483499298,27.53782325198704,1551,6,203,1,7,INSUFFICIENT_RECOVERY_RESERVE,4,60,-6.9297966957092285,4.837295055389404,-2.1435625553131104,OUTBOUND,-39.09566879272461,-0.44348280981557453,0.007840000092983246
0,57,0.890625,0.5554816126823425,46.18724060058594,updated,1.4997200965881348,-0.75970858335495,3.251884937286377,0.8678396344184875,0.851693868637085,66.2081254409859,27.525435030926143,1552,6,204,1,7,INSUFFICIENT_RECOVERY_RESERVE,1,63,-6.928614139556885,4.875916004180908,-1.802628993988037,OUTBOUND,-39.055049896240234,-0.46442526808487844,0.007840000092983246
0,54,0.84375,0.6293019652366638,46.08945846557617,updated,1.5001682043075562,-0.7672510743141174,19.39231300354004,0.9861255884170532,1.0121214389801025,66.22613135600113,27.51305943324211,1553,6,205,1,10,INSUFFICIENT_RECOVERY_RESERVE,1,63,-6.928769111633301,4.893145561218262,-1.8295539617538452,OUTBOUND,-38.85111999511719,-0.4831599050845954,0.007840000092983246
0,57,0.890625,0.6534661054611206,46.03255081176758,updated,1.5006167888641357,-0.7658866047859192,74.19005584716797,21.13486671447754,21.077604293823242,66.24708916898817,27.50069594651219,1554,6,206,1,7,INSUFFICIENT_RECOVERY_RESERVE,2,62,-6.928134918212891,4.8883867263793945,-1.8159154653549194,OUTBOUND,-38.83774948120117,-0.49964908660736407,0.007840000092983246
0,57,0.890625,0.6787758469581604,46.03315734863281,updated,1.5010658502578735,-0.7671802639961243,22.90477180480957,2.241107225418091,2.2055673599243164,66.26640774897533,27.488343735329497,1555,6,207,1,7,INSUFFICIENT_RECOVERY_RESERVE,3,61,-6.929184436798096,4.890183448791504,-1.677674412727356,OUTBOUND,-38.843807220458984,-0.5139745390196861,0.007840000092983246
0,60,0.9375,0.8584707975387573,45.88381576538086,updated,1.5015153884887695,-0.7691321969032288,115.00241088867188,1.3059630393981934,1.270673155784607,66.39714011998149,27.476001756485008,1556,6,208,1,4,INSUFFICIENT_RECOVERY_RESERVE,1,63,-6.928535461425781,4.893596172332764,-1.6039048433303833,OUTBOUND,-38.49971389770508,-0.5262890924985343,0.007840000092983246
0,54,0.84375,0.5776082277297974,45.59019088745117,updated,1.5019664764404297,-0.785758912563324,9.794991493225098,22.463668823242188,22.39753532409668,66.41388028298388,27.46366885451807,1557,6,209,1,10,INSUFFICIENT_RECOVERY_RESERVE,4,60,-6.928631782531738,4.933105945587158,-1.8486943244934082,OUTBOUND,-38.28041076660156,-0.5367825847110912,0.007840000092983246
0,54,0.84375,0.8246355652809143,45.974754333496094,updated,1.5024174451828003,-0.7631046175956726,45.31837463378906,3.8747692108154297,3.8416285514831543,66.43128654698376,27.451343837315996,1558,6,210,1,10,INSUFFICIENT_RECOVERY_RESERVE,5,59,-6.928610324859619,4.875985622406006,-1.7158461809158325,OUTBOUND,-38.606021881103516,-0.5456588525273622,0.007840000092983246
0,57,0.890625,0.8612335920333862,45.98612594604492,updated,1.5028685331344604,-0.7646242380142212,84.5305404663086,2.1090140342712402,2.0846023559570312,66.44815010298043,27.439025493150556,1559,6,211,1,7,INSUFFICIENT_RECOVERY_RESERVE,2,62,-6.928293704986572,4.878335475921631,-1.7255057096481323,OUTBOUND,-38.52748107910156,-0.5519509239929339,0.007840000092983246
0,59,0.921875,1.1322035789489746,46.39202117919922,updated,1.503320574760437,-0.7821755409240723,29.192829132080078,21.650753021240234,21.587839126586914,66.46356100199046,27.426714014969118,1560,6,212,1,5,INSUFFICIENT_RECOVERY_RESERVE,3,61,-6.9291582107543945,4.920035362243652,-2.087644577026367,OUTBOUND,-38.85199737548828,-0.5581813868681014,0.007840000092983246
0,57,0.890625,0.9920680522918701,46.311004638671875,updated,1.5037728548049927,-0.7719595432281494,44.5362434387207,2.3664445877075195,2.366760492324829,66.48191452299943,27.414405489648672,1561,6,213,1,7,INSUFFICIENT_RECOVERY_RESERVE,3,61,-6.928742408752441,4.89355993270874,-2.1357007026672363,OUTBOUND,-38.7488899230957,-0.5645512260787892,0.007840000092983246
0,58,0.90625,0.7646055221557617,46.456382751464844,updated,1.5042262077331543,-0.7857560515403748,113.5828628540039,22.528303146362305,22.41168785095215,66.49913176498376,27.40209988568887,1562,6,214,1,6,INSUFFICIENT_RECOVERY_RESERVE,5,59,-6.928119659423828,4.925980091094971,-1.909270167350769,OUTBOUND,-39.110260009765625,-0.5688697191559654,0.007840000092983246
0,57,0.890625,0.7585530281066895,46.35359191894531,updated,1.5046790838241577,-0.7606295943260193,9.638564109802246,2.115849733352661,2.1080567836761475,66.5181099549809,27.389796628323886,1563,6,215,1,7,INSUFFICIENT_RECOVERY_RESERVE,3,61,-6.928596496582031,4.863015651702881,-1.8196628093719482,OUTBOUND,-39.014739990234375,-0.5724502097468174,0.007840000092983246
0,55,0.859375,0.6762285232543945,46.384605407714844,updated,1.5051311254501343,-0.755269467830658,48.68235397338867,1.716509461402893,1.726658821105957,66.54171326098731,27.37749521076669,1564,6,216,1,9,INSUFFICIENT_RECOVERY_RESERVE,2,62,-6.928012847900391,4.848524570465088,-1.5764151811599731,OUTBOUND,-38.9682731628418,-0.5754183317597832,0.007840000092983246
0,59,0.921875,0.39402565360069275,46.6271858215332,updated,1.5055831670761108,-0.769239604473114,19.527812957763672,1.6251379251480103,1.642162799835205,66.65906258000177,27.365193057071675,1565,6,217,1,5,INSUFFICIENT_RECOVERY_RESERVE,2,62,-6.929361820220947,4.881333351135254,-1.6965408325195312,OUTBOUND,-39.2098503112793,-0.5778829157059588,0.007840000092983246
0,57,0.890625,0.7396526336669922,46.36091232299805,updated,1.5060348510742188,-0.7607753276824951,38.3696174621582,21.421634674072266,21.330915451049805,66.68365808197996,27.352889281339383,1566,6,218,1,7,NO_GENERATOR_SET,2,62,-6.927958011627197,4.859266757965088,-1.8262420892715454,OUTBOUND,-38.95533752441406,-0.5753680049263548,0.007840000092983246
0,60,0.9375,0.9872939586639404,46.55589294433594,updated,1.5064862966537476,-0.7647305727005005,9.333663940429688,1.6324880123138428,1.6803449392318726,66.70557080299477,27.340585218326122,1567,6,219,1,4,NO_GENERATOR_SET,2,62,-6.928389072418213,4.867563724517822,-1.7738001346588135,OUTBOUND,-39.15190887451172,-0.5590091246867738,0.007840000092983246
0,58,0.90625,0.9822107553482056,46.73283004760742,updated,1.5069379806518555,-0.7715853452682495,51.43748474121094,2.9577364921569824,2.976229190826416,66.7272305439983,27.32828942616424,1568,6,220,1,6,NO_GENERATOR_SET,4,60,-6.930182456970215,4.882925987243652,-2.019293785095215,OUTBOUND,-39.43528747558594,-0.5272574171820454,0.007560000289231539
1,56,0.875,0.9290340542793274,46.07742691040039,updated,1.5073884725570679,-0.748369038105011,4.936082363128662,2.9523658752441406,2.922926425933838,66.75373372598551,27.316006473993255,1569,6,221,0,8,,4,60,-6.92814302444458,4.824935436248779,-2.077720880508423,OUTBOUND,-38.9150390625,-0.4851768416251473,0.007560000289231539
1,60,0.9375,0.8263169527053833,46.72523880004883,updated,1.5078390836715698,-0.7697287797927856,52.1884651184082,1.0495576858520508,1.0566260814666748,66.77954609697917,27.30375903660922,1570,6,222,0,4,,1,63,-6.928253650665283,4.875655174255371,-2.0530812740325928,OUTBOUND,-39.285675048828125,-0.46857523751478664,0.007560000289231539
1,57,0.890625,1.0115011930465698,46.448368072509766,updated,1.5082892179489136,-0.7589138746261597,35.143192291259766,21.350343704223633,21.273481369018555,66.8963892479951,27.29148126354126,1571,6,223,0,7,,1,63,-6.928370475769043,4.847955703735352,-1.7532587051391602,OUTBOUND,-39.18247985839844,-0.45337337116475207,0.007560000289231539
1,51,0.796875,0.9189568758010864,46.68855285644531,updated,1.5087404251098633,-0.7855638861656189,12.61441707611084,3.082714080810547,3.058457612991333,66.9197109209781,27.27923669608576,1572,6,224,0,13,,4,60,-6.930093765258789,4.911458969116211,-2.078815460205078,OUTBOUND,-39.1163330078125,-0.4542075711320912,0.007560000289231539
1,60,0.9375,0.7558889389038086,46.226280212402344,updated,1.5091917514801025,-0.7704975008964539,125.22752380371094,41.47463607788086,41.348052978515625,66.94157778398949,27.266969992023654,1573,6,225,0,4,,3,61,-6.9283294677734375,4.8734354972839355,-1.8051694631576538,OUTBOUND,-39.035728454589844,-0.46986997309591255,0.007560000289231539
1,55,0.859375,1.0264304876327515,46.505985260009766,updated,1.5096420049667358,-0.7523790597915649,63.260311126708984,1.8014068603515625,1.830548882484436,66.96948552498361,27.254712060181674,1574,6,226,0,9,,2,62,-6.928828239440918,4.828051567077637,-2.1639204025268555,OUTBOUND,-39.24465560913086,-0.46511534807772564,0.007560000289231539
1,55,0.859375,0.7903950214385986,46.80919647216797,updated,1.5100939273834229,-0.7970559597015381,76.10974884033203,1.7935047149658203,1.8186250925064087,66.99722964898683,27.242414471638625,1575,6,227,0,9,,2,62,-6.928616046905518,4.9352006912231445,-1.726666808128357,OUTBOUND,-39.16984558105469,-0.4354994970264959,0.007560000289231539
1,57,0.890625,1.1303715705871582,46.452125549316406,updated,1.5105464458465576,-0.7820271253585815,36.78361129760742,21.441932678222656,21.367023468017578,67.02351494898903,27.230173715819486,1576,6,228,0,7,,3,61,-6.929566860198975,4.897332668304443,-1.5425777435302734,OUTBOUND,-39.115478515625,-0.38215175581529054,0.007560000289231539
0,58,0.90625,1.4245103597640991,46.528594970703125,updated,1.5109981298446655,-0.7560206055641174,79.24982452392578,1.776914119720459,1.7786989212036133,67.04119574499782,27.217929718868604,1577,6,229,1,6,NO_GENERATOR_SET,2,62,-6.92937707901001,4.832903861999512,-1.5267624855041504,OUTBOUND,-38.98787307739258,-0.3221234755675218,0.007560000289231539
0,55,0.859375,0.9890354871749878,47.06950378417969,updated,1.5114507675170898,-0.7905289530754089,57.93864822387695,0.8331628441810608,0.8139227032661438,67.06163008499425,27.205736669582198,1578,6,230,1,9,INSUFFICIENT_RECOVERY_RESERVE,1,63,-6.928306579589844,4.9151787757873535,-1.8622325658798218,OUTBOUND,-39.46749496459961,-0.2465330155202034,0.007560000289231539
0,60,0.9375,0.527050256729126,47.60927963256836,updated,1.5119045972824097,-0.7929937839508057,50.71778869628906,0.28641781210899353,0.276285856962204,67.17763777499204,27.193591303883615,1579,6,231,1,4,INSUFFICIENT_RECOVERY_RESERVE,0,64,-6.930446147918701,4.9197564125061035,-1.676520824432373,OUTBOUND,-39.922645568847656,-0.1723707615048318,0.007560000289231539
0,61,0.953125,1.1494762897491455,47.25160217285156,updated,1.5123584270477295,-0.7774222493171692,69.90779876708984,21.699491500854492,21.61795997619629,67.20047790999524,27.18149082545904,1580,6,232,1,3,INSUFFICIENT_RECOVERY_RESERVE,1,63,-6.930314540863037,4.880692481994629,-1.8278393745422363,OUTBOUND,-39.721107482910156,-0.09942121093443927,0.007560000289231539
0,56,0.875,0.7943509817123413,47.62464141845703,updated,1.5128114223480225,-0.7616072297096252,12.18270492553711,0.21416644752025604,0.21587547659873962,67.21767943698796,27.16942138004487,1581,6,233,1,8,INSUFFICIENT_RECOVERY_RESERVE,0,64,-6.928778171539307,4.841097354888916,-1.9541181325912476,OUTBOUND,-40.24958801269531,-0.027485497203448433,0.007560000289231539
0,57,0.890625,0.6863800883293152,47.193946838378906,updated,1.5132651329040527,-0.788626492023468,108.26467895507812,3.853140115737915,3.816283702850342,67.23619780197623,27.15738132438995,1582,6,234,1,7,INSUFFICIENT_RECOVERY_RESERVE,5,59,-6.927958011627197,4.905033588409424,-1.585121989250183,OUTBOUND,-39.80223083496094,0.03746990660232204,0.007560000289231539
0,53,0.828125,1.0787676572799683,47.45408248901367,updated,1.513718843460083,-0.7754012942314148,186.63607788085938,23.455665588378906,23.302446365356445,67.25441207099357,27.145320740431814,1583,6,235,1,11,INSUFFICIENT_RECOVERY_RESERVE,5,59,-6.929493427276611,4.871730804443359,-1.7983999252319336,OUTBOUND,-40.167320251464844,0.08686803253287362,0.007560000289231539
0,60,0.9375,0.5934783816337585,47.0289421081543,updated,1.5141717195510864,-0.7630459070205688,31.28961181640625,1.1025470495224,1.1341575384140015,67.27154774699011,27.133244626589963,1584,6,236,1,4,INSUFFICIENT_RECOVERY_RESERVE,1,63,-6.9279632568359375,4.840574264526367,-1.8714786767959595,OUTBOUND,-39.829803466796875,0.11983262539966348,0.007560000289231539
0,58,0.90625,0.7604438662528992,46.974430084228516,updated,1.5146230459213257,-0.7478560209274292,20.482990264892578,1.7007685899734497,1.7054698467254639,67.29057904597721,27.121158013666395,1585,6,237,1,6,INSUFFICIENT_RECOVERY_RESERVE,2,62,-6.928940296173096,4.802633285522461,-1.899306058883667,OUTBOUND,-39.871822357177734,0.13947833261653553,0.007840000092983246
1,56,0.875,1.1094847917556763,46.96550369262695,updated,1.5150737762451172,-0.7646405100822449,26.207157135009766,2.5821614265441895,2.6201672554016113,67.31434837100096,27.109039386607567,1586,6,238,0,8,,3,61,-6.92986536026001,4.84176778793335,-1.4968035221099854,OUTBOUND,-39.74848937988281,0.11629015467643972,0.007840000092983246
1,57,0.890625,1.1847774982452393,47.173404693603516,updated,1.5155242681503296,-0.7685918807983398,33.80078887939453,2.3645317554473877,2.3255398273468018,67.4293007759843,27.09697049774093,1587,6,239,0,7,,3,61,-6.929234027862549,4.849959373474121,-1.49093496799469,OUTBOUND,-39.62419891357422,0.09596316673692971,0.007840000092983246
1,59,0.921875,1.0298593044281006,46.85681915283203,updated,1.515976071357727,-0.7958896160125732,41.41350173950195,22.39899253845215,22.306995391845703,67.45774366997648,27.08485518232609,1588,6,240,0,5,,4,60,-6.928574562072754,4.914294242858887,-1.690549612045288,OUTBOUND,-39.48121643066406,0.08454770632749521,0.007840000092983246
1,53,0.828125,1.0172533988952637,47.11824417114258,updated,1.5164291858673096,-0.7973782420158386,82.20053100585938,2.561607599258423,2.5479226112365723,67.48322275298415,27.07277974107321,1589,6,241,0,11,,3,61,-6.9307026863098145,4.916500568389893,-1.8178671598434448,FAILURE,-39.51824188232422,0.07171236604805271,0.007840000092983246
1,58,0.90625,0.38323965668678284,46.98360824584961,updated,1.5168827772140503,-0.787047803401947,21.028331756591797,22.58756446838379,22.506454467773438,67.51330180099467,29.987987152785866,1590,7,1,0,6,,3,61,-6.928264141082764,4.890313625335693,-1.771578073501587,OUTBOUND,-39.58403015136719,-0.030962002362471763,0.007840000092983246
1,59,0.921875,0.6688924431800842,47.175052642822266,updated,1.517336368560791,-0.7788215279579163,103.38321685791016,1.3223190307617188,1.34306001663208,67.54481140497955,29.97593464753461,1591,7,2,0,5,,1,63,-6.930569171905518,4.869213104248047,-1.8945767879486084,OUTBOUND,-39.679813385009766,-0.033309440608888366,0.007840000092983246
1,59,0.921875,0.815999448299408,47.41034698486328,updated,1.5177891254425049,-0.7646840810775757,49.17601013183594,1.8017330169677734,1.7763054370880127,67.67695233298582,29.963887913088335,1592,7,3,0,5,,2,62,-6.928339004516602,4.833966255187988,-1.9858331680297852,OUTBOUND,-39.8675422668457,-0.007728840897057226,0.007840000092983246
1,55,0.859375,0.8000655174255371,47.702239990234375,updated,1.5182422399520874,-0.786730945110321,16.12657356262207,1.7453118562698364,1.7596817016601562,67.70093065800029,29.951835692164458,1593,7,4,0,9,,2,62,-6.9299421310424805,4.885493755340576,-1.7640262842178345,OUTBOUND,-40.07887268066406,-0.02321640160769469,0.007840000092983246
1,55,0.859375,0.8881167769432068,47.8448600769043,updated,1.5186954736709595,-0.7791058421134949,22.897960662841797,0.9737909436225891,0.9592447280883789,67.72818546497729,29.93976872428874,1594,7,5,0,9,,1,63,-6.9279584884643555,4.865884304046631,-1.4916536808013916,OUTBOUND,-40.097869873046875,-0.050343781561818124,0.007840000092983246
1,62,0.96875,1.2288717031478882,47.95433044433594,updated,1.5191502571105957,-0.8070021271705627,3.5450544357299805,0.37810224294662476,0.4021437168121338,67.75437207799405,29.927673908509526,1595,7,6,0,2,,0,64,-6.929217338562012,4.93131160736084,-1.9215348958969116,OUTBOUND,-40.28693771362305,-0.07918106279717646,0.007840000092983246
1,55,0.859375,0.598036527633667,48.262107849121094,updated,1.5196053981781006,-0.7897685170173645,96.9646224975586,2.0744097232818604,2.1008858680725098,67.78623909497401,29.91553440674342,1596,7,7,0,9,,2,62,-6.9294328689575195,4.888715744018555,-1.9604967832565308,OUTBOUND,-40.893165588378906,-0.07939860025640466,0.007840000092983246
1,60,0.9375,0.995952308177948,47.994258880615234,updated,1.5200605392456055,-0.7838748097419739,89.84396362304688,1.3836385011672974,1.4063247442245483,67.81438183397404,29.90344891556886,1597,7,8,0,4,,1,63,-6.927957534790039,4.873278617858887,-1.677200436592102,OUTBOUND,-40.79470443725586,-0.054876297659635837,0.007840000092983246
0,55,0.859375,1.102742314338684,48.06373977661133,updated,1.5205157995224,-0.7860891819000244,110.37200164794922,3.196820020675659,3.1714682579040527,67.94252556099673,29.89133036783365,1598,7,9,1,9,STALE_OR_INCOMPLETE_BUNDLE,4,60,-6.929280757904053,4.877227306365967,-1.891088604927063,OUTBOUND,-40.758872985839844,-0.04267225179978251,0.007840000092983246
1,60,0.9375,0.9407677054405212,47.38800048828125,updated,1.520970344543457,-0.7697039246559143,62.6839714050293,3.1457440853118896,3.177717447280884,67.97776916497969,29.879301693919476,1599,7,10,0,4,,4,60,-6.929989814758301,4.836784839630127,-1.5384085178375244,OUTBOUND,-40.32586669921875,-0.03013395976861593,0.007840000092983246
1,56,0.875,0.4627247750759125,47.26345443725586,updated,1.5214245319366455,-0.7801859974861145,20.898958206176758,2.7915923595428467,2.764676094055176,68.00451107299887,29.86726426238419,1600,7,11,0,8,,4,60,-6.928753852844238,4.860471248626709,-1.8169273138046265,OUTBOUND,-40.14350128173828,-0.012411812025687334,0.007840000092983246
1,51,0.796875,1.3087223768234253,47.131290435791016,updated,1.5218788385391235,-0.7856436371803284,56.45561218261719,2.891075849533081,2.8778927326202393,68.0342600219883,29.855237425097933,1601,7,12,0,13,,4,60,-6.927958011627197,4.872153282165527,-1.9656507968902588,OUTBOUND,-39.76717758178711,0.017558153910382335,0.007840000092983246
1,56,0.875,0.9923089742660522,47.28517532348633,updated,1.5223329067230225,-0.7791095972061157,128.76727294921875,1.9791315793991089,1.9660948514938354,68.05921375198523,29.843193951293294,1602,7,13,0,8,,2,62,-6.930459499359131,4.855262756347656,-1.7441757917404175,OUTBOUND,-39.83614730834961,0.004413688895516368,0.007840000092983246
1,56,0.875,0.6190474033355713,47.369808197021484,updated,1.5227863788604736,-0.7725669145584106,157.9160919189453,1.681250810623169,1.6839077472686768,68.08528927399311,29.83116217420854,1603,7,14,0,8,,1,63,-6.9294114112854,4.838377475738525,-1.8267799615859985,OUTBOUND,-39.88553237915039,0.00184055724933629,0.007840000092983246
1,59,0.921875,0.517866849899292,47.749176025390625,updated,1.523240089416504,-0.788609504699707,81.06938934326172,2.358701229095459,2.3087241649627686,68.22365091799293,29.81911147376588,1604,7,15,0,5,,3,61,-6.928584575653076,4.875222206115723,-1.7465145587921143,OUTBOUND,-40.0568962097168,-0.0012558679004739625,0.007840000092983246
1,58,0.90625,1.0110461711883545,47.634910583496094,updated,1.5236937999725342,-0.7821909785270691,151.8286590576172,0.8956515192985535,0.8743501901626587,68.25423993298318,29.807071748062114,1605,7,16,0,6,,0,64,-6.928827285766602,4.858644008636475,-1.9868987798690796,OUTBOUND,-39.882930755615234,-0.018632636747033793,0.007840000092983246
1,60,0.9375,0.8404822945594788,47.95175552368164,updated,1.5241472721099854,-0.780264139175415,80.71297454833984,23.806734085083008,23.789257049560547,68.28553137197741,29.79501966264257,1606,7,17,0,4,,3,61,-6.930140972137451,4.852753639221191,-1.5558724403381348,OUTBOUND,-40.39092254638672,-0.008485162259393983,0.007840000092983246
1,57,0.890625,0.6456994414329529,47.899757385253906,updated,1.524601697921753,-0.8023073077201843,136.77407836914062,25.676692962646484,25.687999725341797,68.31768437798019,29.782990044763693,1607,7,18,0,7,,5,59,-6.929234027862549,4.903750896453857,-1.8908065557479858,OUTBOUND,-40.31414794921875,-0.007559298230234648,0.007840000092983246
0,56,0.875,0.7326511144638062,48.02824783325195,updated,1.525057315826416,-0.8052531480789185,254.0446319580078,47.286991119384766,47.185245513916016,68.44753531197784,29.770937719827277,1608,7,19,1,8,STALE_OR_INCOMPLETE_BUNDLE,6,58,-6.927958011627197,4.909389972686768,-1.980417013168335,OUTBOUND,-40.42976379394531,-0.001680941773852989,0.007840000092983246
1,58,0.90625,0.7861576676368713,47.98163986206055,updated,1.5255132913589478,-0.7963055372238159,41.21506881713867,3.462468147277832,3.4261982440948486,68.4809495889931,29.758881317148198,1609,7,20,0,6,,5,59,-6.928585052490234,4.886837005615234,-1.9329516887664795,OUTBOUND,-40.54326248168945,0.02874230810953742,0.007840000092983246
1,56,0.875,0.9375444650650024,47.57853317260742,updated,1.5259689092636108,-0.7811076045036316,61.4992561340332,1.8119350671768188,1.8063383102416992,68.51758677797625,29.746800388915997,1610,7,21,0,8,,2,62,-6.92860746383667,4.849515438079834,-1.738460659980774,OUTBOUND,-40.259979248046875,0.052607514159760775,0.007840000092983246
1,62,0.96875,1.064105749130249,47.877864837646484,updated,1.5264252424240112,-0.8023768663406372,54.61635971069336,2.2427921295166016,2.2604432106018066,68.54659730498679,29.734734573150742,1611,7,22,0,2,,3,61,-6.92937707901001,4.898534297943115,-2.1208550930023193,OUTBOUND,-40.38423538208008,0.03426641519341508,0.007840000092983246
1,57,0.890625,1.2417047023773193,48.1363410949707,updated,1.5268827676773071,-0.8118783235549927,87.08007049560547,1.1288185119628906,1.1324923038482666,68.57345673098462,29.722669499920354,1612,7,23,0,7,,1,63,-6.9301276206970215,4.919658660888672,-1.8278690576553345,OUTBOUND,-40.45075225830078,0.009735470516273166,0.007840000092983246
1,57,0.890625,1.5191208124160767,48.22407913208008,updated,1.5273401737213135,-0.7922310829162598,94.0024185180664,0.6142095923423767,0.6162533760070801,68.60095568597899,29.710599283527436,1613,7,24,0,7,,0,64,-6.930253505706787,4.8718767166137695,-1.9657255411148071,OUTBOUND,-40.53904724121094,-0.018317616871814497,0.007840000092983246
1,56,0.875,0.6234605312347412,48.578773498535156,updated,1.527796983718872,-0.7798877954483032,27.605472564697266,0.24890205264091492,0.24393048882484436,68.62721389299259,29.698509949832918,1614,7,25,0,8,,0,64,-6.92860746383667,4.841408729553223,-1.6663706302642822,OUTBOUND,-40.95862579345703,-0.017723350795167507,0.007840000092983246
1,59,0.921875,0.5282670259475708,48.76594543457031,updated,1.5282535552978516,-0.7900958061218262,87.13546752929688,3.2391462326049805,3.236563205718994,68.7407601789746,29.686428980287367,1615,7,26,0,5,,4,60,-6.92976713180542,4.864195346832275,-1.6560057401657104,OUTBOUND,-41.15811538696289,0.0019958862384558827,0.007840000092983246
1,60,0.9375,0.6320337057113647,48.8412971496582,updated,1.528711199760437,-0.8099290132522583,76.48731994628906,1.6656222343444824,1.6427315473556519,68.76951918599661,29.674389752239154,1616,7,27,0,4,,2,62,-6.9294657707214355,4.90964412689209,-1.9435604810714722,OUTBOUND,-41.28079605102539,0.011880051262799783,0.007840000092983246
1,55,0.859375,0.8662596344947815,48.70558547973633,updated,1.5291680097579956,-0.7812533974647522,95.37487030029297,3.206921339035034,3.227269411087036,68.79515637198347,29.66232173402623,1617,7,28,0,9,,4,60,-6.928110122680664,4.840733051300049,-1.5609323978424072,OUTBOUND,-41.30992889404297,0.04610551643829212,0.007840000092983246
1,52,0.8125,0.3923327922821045,48.44515609741211,updated,1.5296260118484497,-0.8131965398788452,135.2915496826172,23.4921932220459,23.365999221801758,68.82089024499874,29.650223096421957,1618,7,29,0,12,,3,61,-6.929806709289551,4.914648056030273,-1.6241379976272583,OUTBOUND,-41.138031005859375,0.07895536893973312,0.007840000092983246
1,55,0.859375,0.6331359148025513,47.7459602355957,updated,1.5300847291946411,-0.8089756369590759,122.42919921875,26.306018829345703,26.225942611694336,68.85057103799772,29.638108029683806,1619,7,30,0,9,,6,58,-6.929070949554443,4.90336799621582,-1.7240650653839111,OUTBOUND,-40.57915115356445,0.08275048929473505,0.007840000092983246
0,53,0.828125,0.8892418742179871,47.54246520996094,updated,1.530543565750122,-0.7993494868278503,18.35480499267578,4.926621913909912,4.903529167175293,68.98754357098369,29.625951058946125,1620,7,31,1,11,STALE_OR_INCOMPLETE_BUNDLE,7,57,-6.931440353393555,4.879393577575684,-1.8648298978805542,OUTBOUND,-40.441566467285156,0.06143329031541873,0.007840000092983246
1,55,0.859375,0.967399537563324,47.43592834472656,updated,1.5310029983520508,-0.8072052597999573,163.4344482421875,2.4287497997283936,2.4459521770477295,69.01887018998968,29.613895085370817,1621,7,32,0,9,,2,62,-6.9299421310424805,4.896527290344238,-1.817449927330017,OUTBOUND,-39.96958923339844,0.04039681789081131,0.007840000092983246
1,57,0.890625,1.3213237524032593,47.944210052490234,updated,1.5314621925354004,-0.7966946959495544,183.85214233398438,2.0108842849731445,1.9872010946273804,69.04269269498764,29.60183321431886,1622,7,33,0,7,,1,63,-6.929272651672363,4.870513439178467,-1.7902376651763916,OUTBOUND,-40.37830352783203,0.03381226111010551,0.007840000092983246
1,52,0.8125,0.8170235753059387,47.454898834228516,updated,1.5319215059280396,-0.8011146187782288,182.95657348632812,3.83638858795166,3.86651873588562,69.07333006997942,29.589750465700128,1623,7,34,0,12,,4,60,-6.928341388702393,4.8795671463012695,-1.5795434713363647,OUTBOUND,-39.828575134277344,0.0243228003059805,0.007840000092983246
1,53,0.828125,0.7884430289268494,47.77215576171875,updated,1.5323814153671265,-0.8093219995498657,209.86766052246094,2.16249680519104,2.1919450759887695,69.09814801099128,29.577679795266338,1624,7,35,0,11,,1,63,-6.928585052490234,4.897488117218018,-1.8300364017486572,OUTBOUND,-40.03340530395508,-0.0029809275310981845,0.007840000092983246
1,56,0.875,1.1671701669692993,48.69111251831055,updated,1.532841444015503,-0.8040474057197571,57.70029830932617,3.4534220695495605,3.4536263942718506,69.22033429300063,29.565619490820186,1625,7,36,0,8,,5,59,-6.928893089294434,4.883795738220215,-1.9128506183624268,OUTBOUND,-40.81822967529297,-0.024261892981954167,0.007840000092983246
1,54,0.84375,0.8548702597618103,48.59800338745117,updated,1.5333020687103271,-0.8100293278694153,11.725287437438965,23.20273780822754,23.107999801635742,69.24667075398611,29.553522236436393,1626,7,37,0,10,,2,62,-6.929598808288574,4.896477222442627,-2.073047637939453,OUTBOUND,-40.72923278808594,-0.017904133640662807,0.007840000092983246
1,56,0.875,1.2348626852035522,48.57734298706055,updated,1.5337622165679932,-0.7972363829612732,7.280770301818848,3.018378734588623,2.9328927993774414,69.27140907698777,29.541484237389554,1627,7,38,0,8,,4,60,-6.929370880126953,4.865213871002197,-2.1290180683135986,OUTBOUND,-40.77703094482422,-0.005114666002443969,0.007840000092983246
1,51,0.796875,1.309751033782959,49.23064041137695,updated,1.5342230796813965,-0.8122493624687195,9.025341987609863,1.4636237621307373,1.4175446033477783,69.30076991999522,29.52943521751016,1628,7,39,0,13,,2,62,-6.928707122802734,4.899004936218262,-1.6735328435897827,OUTBOUND,-41.46898651123047,0.016637944178114993,0.007840000092983246
1,57,0.890625,0.9929566979408264,49.226253509521484,updated,1.5346840620040894,-0.8090110421180725,51.112937927246094,2.3748464584350586,2.3818135261535645,69.33045514099649,29.51737726540822,1629,7,40,0,7,,3,61,-6.929688930511475,4.890106201171875,-2.022662878036499,OUTBOUND,-41.53523254394531,0.0614690898714684,0.007840000092983246
1,55,0.859375,0.9540495276451111,49.03113555908203,updated,1.5351450443267822,-0.8031059503555298,184.7468719482422,24.92947769165039,24.847219467163086,69.3544394709752,29.505289442147966,1630,7,41,0,9,,3,61,-6.929419994354248,4.874993801116943,-2.024313449859619,OUTBOUND,-41.690452575683594,0.1107144080850906,0.007840000092983246
1,58,0.90625,0.8672538995742798,48.940834045410156,updated,1.535607099533081,-0.8230848908424377,265.6538391113281,46.609405517578125,46.245277404785156,69.4758054879785,29.493172472317287,1631,7,42,0,6,,4,60,-6.928526401519775,4.920291900634766,-1.955126404762268,OUTBOUND,-41.538902282714844,0.11544916075031765,0.007840000092983246
1,57,0.890625,0.6910260319709778,48.87385940551758,updated,1.536068320274353,-0.7946151494979858,10.826776504516602,1.0372979640960693,1.0638339519500732,69.50206752298982,29.481068217824706,1632,7,43,0,7,,1,63,-6.929617404937744,4.852570056915283,-1.7233351469039917,OUTBOUND,-41.5633544921875,0.10871682373312734,0.007840000092983246
1,53,0.828125,0.7954954504966736,48.601112365722656,updated,1.5365281105041504,-0.7793672680854797,115.20785522460938,25.444345474243164,25.279220581054688,69.52975692998734,29.468924214525646,1633,7,44,0,11,,4,60,-6.929352283477783,4.815749645233154,-1.9660836458206177,OUTBOUND,-41.27513122558594,0.14046112389700785,0.007840000092983246
1,54,0.84375,0.7304503917694092,48.09075164794922,updated,1.5369889736175537,-0.8221178650856018,175.57179260253906,46.93858337402344,46.67127227783203,69.55906111098011,29.45679726716472,1634,7,45,0,10,,6,58,-6.928591728210449,4.9140143394470215,-1.90297532081604,OUTBOUND,-40.95087432861328,0.16116573574924395,0.007840000092983246
1,59,0.921875,1.299148440361023,48.218814849853516,updated,1.537449598312378,-0.8028246164321899,167.95306396484375,1.0306991338729858,1.046077013015747,69.59125377397868,29.44464716420446,1635,7,46,0,5,,0,64,-6.9292988777160645,4.86779260635376,-1.5358953475952148,OUTBOUND,-40.98664474487305,0.1373158398315714,0.007840000092983246
1,50,0.78125,1.003727912902832,48.267704010009766,updated,1.5379105806350708,-0.8107067346572876,160.93247985839844,3.0272305011749268,3.021972179412842,69.6199175369984,29.432511368089685,1636,7,47,0,14,,3,61,-6.9284539222717285,4.8848161697387695,-1.7665085792541504,OUTBOUND,-40.54464340209961,0.08154909055098226,0.007840000092983246
1,59,0.921875,0.7372696995735168,48.23178482055664,updated,1.5383713245391846,-0.8045624494552612,227.83331298828125,3.2157044410705566,3.2893078327178955,69.74907497299137,29.420408518837668,1637,7,48,0,5,,2,62,-6.929332256317139,4.869228839874268,-1.8515244722366333,OUTBOUND,-40.71133041381836,0.04844089092959079,0.007840000092983246
1,56,0.875,0.7850948572158813,48.328426361083984,updated,1.538833737373352,-0.8352923393249512,145.7036895751953,3.4546046257019043,3.499288558959961,69.78218334697885,29.408334200988506,1638,7,49,0,8,,4,60,-6.92990255355835,4.939273834228516,-1.7320976257324219,OUTBOUND,-40.57783508300781,0.049857262471478286,0.007840000092983246
1,58,0.90625,0.6569337248802185,48.6867790222168,updated,1.539296269416809,-0.8105275630950928,141.42991638183594,2.187819004058838,2.2609305381774902,69.81895883599645,29.39623926013542,1639,7,50,0,6,,2,62,-6.927958011627197,4.880465984344482,-1.7657428979873657,OUTBOUND,-40.908512115478516,0.0469015644943171,0.007840000092983246
1,59,0.921875,0.8958510756492615,49.37135696411133,updated,1.5397593975067139,-0.8232683539390564,98.06259155273438,1.2057058811187744,1.2437365055084229,69.84872580697993,29.3841552788651,1640,7,51,0,5,,1,63,-6.928592205047607,4.908695220947266,-1.942920207977295,OUTBOUND,-41.31277084350586,0.04146588444027897,0.007840000092983246
1,55,0.859375,0.8703141212463379,49.353187561035156,updated,1.5402222871780396,-0.8073224425315857,40.707767486572266,1.2510136365890503,1.3154404163360596,69.9694452349795,29.372068564404533,1641,7,52,0,9,,1,63,-6.92990255355835,4.870419979095459,-1.701812744140625,OUTBOUND,-41.46651840209961,0.05413158156932275,0.007840000092983246
1,51,0.796875,1.0797855854034424,50.00480270385742,updated,1.5406863689422607,-0.8320022225379944,144.63644409179688,4.724452495574951,4.770749092102051,69.99532683298457,29.35997375440033,1642,7,53,0,13,,6,58,-6.928656101226807,4.926257610321045,-2.0215139389038086,OUTBOUND,-42.113983154296875,0.0713368988702644,0.007840000092983246
1,55,0.859375,1.1543598175048828,50.00300216674805,updated,1.5411486625671387,-0.782753050327301,170.2306671142578,3.7840394973754883,3.9077401161193848,70.02386468398618,29.34786064950155,1643,7,54,0,9,,4,60,-6.930759906768799,4.810972690582275,-1.9517090320587158,OUTBOUND,-42.52507400512695,0.08053499688053703,0.007840000092983246
1,54,0.84375,0.7676004767417908,49.80126190185547,updated,1.5416109561920166,-0.8108760714530945,248.0747528076172,26.630037307739258,26.603445053100586,70.05421157597448,29.335712979410822,1644,7,55,0,10,,4,60,-6.928134918212891,4.874736785888672,-1.879069447517395,OUTBOUND,-42.33710861206055,0.10220004573669113,0.007840000092983246
1,55,0.859375,1.1871999502182007,49.741668701171875,updated,1.5420730113983154,-0.8090848922729492,284.1283264160156,28.827064514160156,28.640167236328125,70.0844870559813,29.323548338390577,1645,7,56,0,9,,6,58,-6.929628849029541,4.869299411773682,-1.656818151473999,OUTBOUND,-42.369998931884766,0.10143458677561087,0.007840000092983246
1,54,0.84375,0.2863982617855072,49.56473159790039,updated,1.5425342321395874,-0.7961357831954956,238.02908325195312,26.909616470336914,26.658367156982422,70.12051399098709,29.311383262882632,1646,7,57,0,10,,6,58,-6.92909049987793,4.838108539581299,-1.7846754789352417,OUTBOUND,-42.314910888671875,0.06451597187147051,0.007840000092983246
1,59,0.921875,0.5684238076210022,49.22659683227539,updated,1.542995572090149,-0.8109336495399475,10.907523155212402,1.0029407739639282,1.005286455154419,70.15005626497441,29.29921788374607,1647,7,58,0,5,,1,63,-6.929807662963867,4.8709821701049805,-1.7822529077529907,OUTBOUND,-41.861087799072266,0.06673822796411989,0.007840000092983246
0,58,0.90625,0.7198176383972168,49.02568817138672,updated,1.5434573888778687,-0.819607675075531,85.1894760131836,1.2797837257385254,1.3720170259475708,70.28907301399158,29.287013596452105,1648,7,59,1,6,WATCHDOG_DEADLINE,1,63,-6.928343772888184,4.889691352844238,-1.726252555847168,OUTBOUND,-41.558170318603516,0.06802876904503335,0.007840000092983246
1,58,0.90625,0.5081377625465393,49.168392181396484,updated,1.5439178943634033,-0.7903722524642944,57.68061065673828,2.2973921298980713,2.265465497970581,70.3201810149767,29.274963395305598,1649,7,60,0,6,,3,61,-6.92987060546875,4.8210296630859375,-1.7883864641189575,OUTBOUND,-41.629302978515625,0.05114113642017492,0.007840000092983246
1,55,0.859375,0.6589255928993225,49.3683967590332,updated,1.5443804264068604,-0.8443475961685181,98.36888122558594,26.27164649963379,26.153079986572266,70.34923635298037,29.262887185174268,1650,7,61,0,9,,5,59,-6.92799186706543,4.944053649902344,-1.8828970193862915,OUTBOUND,-41.91372299194336,0.06449709000520666,0.007840000092983246
1,55,0.859375,0.8016198873519897,49.25773620605469,updated,1.544843077659607,-0.8167042136192322,92.63230895996094,1.8437846899032593,1.8176817893981934,70.37487140897429,29.250816310909364,1651,7,62,0,9,,2,62,-6.929249286651611,4.879109859466553,-1.969303011894226,OUTBOUND,-41.66015625,0.09945168033043582,0.007840000092983246
1,57,0.890625,0.5409430861473083,48.96812438964844,updated,1.5453050136566162,-0.803305983543396,18.36785888671875,25.220048904418945,25.09016227722168,70.3992616829928,29.238733367324258,1652,7,63,0,7,,4,60,-6.930307865142822,4.847010135650635,-1.7627136707305908,OUTBOUND,-41.40874481201172,0.11695000267464856,0.007840000092983246
1,55,0.859375,0.9793724417686462,49.21781921386719,updated,1.5457676649093628,-0.8237759470939636,136.8950653076172,2.2394282817840576,2.2281715869903564,70.42427509397385,29.226632726874595,1653,7,64,0,9,,2,62,-6.929014682769775,4.89277458190918,-1.936029076576233,OUTBOUND,-41.49171447753906,0.13154105580769337,0.007840000092983246
1,61,0.953125,0.6021931171417236,49.31672668457031,updated,1.5462309122085571,-0.8284984230995178,131.98184204101562,2.2189605236053467,2.1847951412200928,70.54746144197998,29.214512347073263,1654,7,65,0,3,,2,62,-6.9298834800720215,4.902317047119141,-1.7893805503845215,OUTBOUND,-41.408790588378906,0.12349882310253832,0.007840000092983246
1,59,0.921875,0.9011837244033813,49.50101852416992,updated,1.546694278717041,-0.8153432607650757,54.55420684814453,2.5940239429473877,2.6327548027038574,70.57379446798586,29.202414897377295,1655,7,66,0,5,,3,61,-6.929615497589111,4.870824337005615,-1.5773711204528809,OUTBOUND,-41.757720947265625,0.11167042133068873,0.007840000092983246
1,60,0.9375,1.0309429168701172,49.599693298339844,updated,1.5471582412719727,-0.8296437859535217,39.439537048339844,23.80513572692871,23.63092041015625,70.5984015139984,29.19028126690309,1656,7,67,0,4,,2,62,-6.928564071655273,4.902329444885254,-1.790013074874878,OUTBOUND,-41.88042068481445,0.13439128285656401,0.007840000092983246
1,57,0.890625,0.4879119396209717,50.254859924316406,updated,1.5476226806640625,-0.8261714577674866,13.804410934448242,1.825609564781189,1.816932201385498,70.62772891798522,29.178119538052815,1657,7,68,0,7,,2,62,-6.9287638664245605,4.893065929412842,-1.8484346866607666,OUTBOUND,-42.516937255859375,0.14806111773205505,0.007840000092983246
0,58,0.90625,1.1224923133850098,50.073875427246094,updated,1.5480865240097046,-0.8109229803085327,5.412774085998535,1.017378568649292,1.0661050081253052,70.74730357999215,29.16587183555479,1658,7,69,1,6,STALE_OR_INCOMPLETE_BUNDLE,1,63,-6.929198265075684,4.85684871673584,-1.7496788501739502,OUTBOUND,-42.534915924072266,0.1438454769101155,0.007840000092983246
1,58,0.90625,0.9830475449562073,50.10917282104492,updated,1.5485502481460571,-0.8132860064506531,177.1917724609375,25.435335159301758,25.246244430541992,70.77292418098659,29.15374976142528,1659,7,70,0,6,,4,60,-6.928590297698975,4.860982894897461,-1.5983805656433105,OUTBOUND,-42.49017333984375,0.11571787110909425,0.007840000092983246
1,54,0.84375,0.7118232250213623,49.99492263793945,updated,1.5490128993988037,-0.8022575974464417,66.92269897460938,3.065584897994995,3.08266019821167,70.79661213298095,29.14166755155773,1660,7,71,0,10,,4,60,-6.928675174713135,4.8344902992248535,-1.6828099489212036,OUTBOUND,-42.5341796875,0.1002334000423315,0.007840000092983246
1,59,0.921875,1.2034943103790283,49.93418884277344,updated,1.5494768619537354,-0.8386396169662476,46.14744567871094,2.9176881313323975,2.828831911087036,70.8260879899899,29.129555920501197,1661,7,72,0,5,,4,60,-6.929172992706299,4.9163737297058105,-2.0403876304626465,OUTBOUND,-42.34918975830078,0.11096267490132083,0.007840000092983246
1,54,0.84375,1.1448246240615845,49.54357147216797,updated,1.549940824508667,-0.822135865688324,19.479217529296875,2.481651782989502,2.497325897216797,70.86015271898941,29.117417130702247,1662,7,73,0,10,,3,61,-6.927958011627197,4.877377033233643,-2.052945375442505,OUTBOUND,-42.03955841064453,0.12152470595668924,0.007840000092983246
1,55,0.859375,1.0850355625152588,49.436710357666016,updated,1.5504051446914673,-0.8245463967323303,37.45355987548828,3.0554561614990234,3.0497725009918213,70.88798583997414,29.10529521658417,1663,7,74,0,9,,4,60,-6.929629325866699,4.881595134735107,-1.8095366954803467,OUTBOUND,-41.94700241088867,0.13774228864106744,0.007840000092983246
1,55,0.859375,1.7220145463943481,49.79685592651367,updated,1.550870656967163,-0.8438690304756165,95.2596435546875,1.197643756866455,1.21299147605896,70.91131806897465,29.093155037286582,1664,7,75,0,9,,1,63,-6.929028511047363,4.924373149871826,-1.7935909032821655,OUTBOUND,-42.0999641418457,0.15136346417711982,0.007840000092983246
1,56,0.875,0.8922775983810425,49.60101318359375,updated,1.551335334777832,-0.808029294013977,67.11615753173828,25.765121459960938,25.65270233154297,71.0441722869873,29.08102390060569,1665,7,76,0,8,,4,60,-6.929906368255615,4.841383457183838,-1.581720232963562,OUTBOUND,-42.1790657043457,0.14678494735406633,0.007840000092983246
1,52,0.8125,0.6671018004417419,49.85255432128906,updated,1.5517998933792114,-0.82101970911026,79.99922180175781,1.7890146970748901,1.743829369544983,71.06849344799411,29.068891715634788,1666,7,77,0,12,,2,62,-6.929095268249512,4.8697099685668945,-1.9873452186584473,OUTBOUND,-42.053428649902344,0.11833708298572745,0.007840000092983246
1,52,0.8125,0.6874338984489441,49.792118072509766,updated,1.5522648096084595,-0.8288399577140808,7.30924654006958,3.83601975440979,3.833683967590332,71.0992443790019,29.056785556507254,1667,7,78,0,12,,5,59,-6.9293293952941895,4.886232852935791,-1.8904744386672974,OUTBOUND,-42.081634521484375,0.09126908496381561,0.007840000092983246
1,55,0.859375,0.6424039006233215,49.99272537231445,updated,1.5527300834655762,-0.8283674716949463,11.700071334838867,2.284496545791626,2.2467260360717773,71.12912234797841,29.044653041783885,1668,7,79,0,9,,3,61,-6.9299421310424805,4.883873462677002,-1.5913403034210205,OUTBOUND,-42.308204650878906,0.056960815792245795,0.007840000092983246
1,54,0.84375,0.848249614238739,50.239990234375,updated,1.5531952381134033,-0.8250679969787598,29.770248413085938,3.8244338035583496,3.8830649852752686,71.15792723899358,29.032507456605092,1669,7,80,0,10,,5,59,-6.929841041564941,4.875092029571533,-1.7747247219085693,OUTBOUND,-42.53493118286133,0.046342832239143684,0.007840000092983246
0,56,0.875,0.982923150062561,50.36052322387695,updated,1.553660273551941,-0.8206802606582642,16.610271453857422,3.036635637283325,3.03674578666687,71.27547314099502,29.020317983574444,1670,7,81,1,8,STALE_OR_INCOMPLETE_BUNDLE,4,60,-6.929289817810059,4.863851070404053,-2.0937423706054688,OUTBOUND,-42.78848648071289,0.07955890460422961,0.007840000092983246
1,61,0.953125,0.6379106044769287,50.487823486328125,updated,1.5541261434555054,-0.8390733599662781,48.782745361328125,1.0961713790893555,1.0660597085952759,71.30261558899656,29.008202610464277,1671,7,82,0,3,,1,63,-6.929263591766357,4.9043288230896,-1.7323253154754639,OUTBOUND,-42.76032257080078,0.0641508884159372,0.007840000092983246
1,56,0.875,0.4901879131793976,50.20554733276367,updated,1.5545916557312012,-0.821476936340332,86.66561889648438,0.5751400589942932,0.6229186654090881,71.33160365599906,28.99613500197802,1672,7,83,0,8,,0,64,-6.930055141448975,4.863124847412109,-1.868648886680603,OUTBOUND,-42.4631462097168,0.03381134867857801,0.007840000092983246
1,58,0.90625,0.7699717879295349,50.7215690612793,updated,1.5550572872161865,-0.8264358639717102,18.36918830871582,1.138848066329956,1.148192048072815,71.3611961969873,28.984045071255583,1673,7,84,0,6,,1,63,-6.929376602172852,4.8730998039245605,-1.9481106996536255,OUTBOUND,-42.96786880493164,0.030665241856537323,0.007840000092983246
1,58,0.90625,0.9274656772613525,51.15699768066406,updated,1.5555227994918823,-0.8258588314056396,32.4841194152832,1.1910603046417236,1.1892434358596802,71.39084100798937,28.971967702960256,1674,7,85,0,6,,1,63,-6.9300007820129395,4.870522499084473,-2.0176258087158203,OUTBOUND,-43.467994689941406,0.03930589565332999,0.007840000092983246
1,56,0.875,0.6589097380638123,50.63631057739258,updated,1.5559889078140259,-0.8381974101066589,97.8266830444336,3.0066330432891846,3.0062458515167236,71.51786220399663,28.959885514661195,1675,7,86,0,8,,4,60,-6.928924560546875,4.897182464599609,-1.6429280042648315,OUTBOUND,-43.07860565185547,0.0474053355628041,0.007840000092983246
1,53,0.828125,1.1136865615844727,50.43528366088867,updated,1.5564552545547485,-0.8304905891418457,56.8674201965332,2.505230665206909,2.4605414867401123,71.54133300000103,28.947795657105562,1676,7,87,0,11,,3,61,-6.9281535148620605,4.878465175628662,-1.404966115951538,OUTBOUND,-42.79153823852539,0.03579840181838654,0.007840000092983246
1,55,0.859375,1.0251705646514893,50.578121185302734,updated,1.5569229125976562,-0.8532574772834778,5.022836685180664,1.7507704496383667,1.7449811697006226,71.56894643898704,28.93571457663069,1677,7,88,0,9,,2,62,-6.93124532699585,4.928653240203857,-2.0396080017089844,OUTBOUND,-43.0290641784668,0.021554008044385214,0.007840000092983246
1,57,0.890625,0.49725285172462463,50.62980270385742,updated,1.5573909282684326,-0.8382853269577026,1.2090405225753784,1.8390133380889893,1.8177571296691895,71.59282134697423,28.92363602955755,1678,7,89,0,7,,2,62,-6.928596019744873,4.89352560043335,-1.8508716821670532,OUTBOUND,-43.05366897583008,-0.007583641092662792,0.007840000092983246
1,52,0.8125,0.7087234258651733,50.531654357910156,updated,1.5578593015670776,-0.8388420343399048,1.0673211812973022,2.2026193141937256,2.1994850635528564,71.61629260799964,28.911541297710365,1679,7,90,0,12,,3,61,-6.929323673248291,4.893497467041016,-1.9250073432922363,OUTBOUND,-42.82719421386719,-0.033692133247849296,0.007840000092983246
1,58,0.90625,0.491773396730423,50.485206604003906,updated,1.5583263635635376,-0.8094953298568726,45.8408317565918,1.2007782459259033,1.1890473365783691,71.64198740097345,28.899422548757794,1680,7,91,0,6,,1,63,-6.928243160247803,4.826014518737793,-1.8643453121185303,OUTBOUND,-42.87107849121094,-0.05492021576528614,0.007840000092983246
1,60,0.9375,0.7042208313941956,50.59407424926758,updated,1.5587942600250244,-0.8460951447486877,69.71436309814453,1.0578539371490479,1.035122275352478,71.76045428399811,28.887283413445303,1681,7,92,0,4,,1,63,-6.928456783294678,4.907284736633301,-1.6483769416809082,OUTBOUND,-42.82008361816406,-0.08954529604554601,0.007840000092983246
1,57,0.890625,1.0374737977981567,50.8517951965332,updated,1.5592619180679321,-0.8289337158203125,43.46221160888672,3.0432024002075195,3.033275842666626,71.78738093798165,28.87513070136592,1682,7,93,0,7,,4,60,-6.928956985473633,4.867334842681885,-1.8833680152893066,OUTBOUND,-43.21002197265625,-0.1023977098956186,0.007840000092983246
1,58,0.90625,0.7461820840835571,50.57890701293945,updated,1.5597301721572876,-0.8438514471054077,69.30024719238281,24.644620895385742,24.616357803344727,71.81520658897352,28.862971616729958,1683,7,94,0,6,,2,62,-6.9297285079956055,4.899657249450684,-1.8281201124191284,OUTBOUND,-43.05439758300781,-0.09383889356810654,0.007840000092983246
1,57,0.890625,0.9792214035987854,50.34864044189453,updated,1.5601975917816162,-0.8207812309265137,47.22652053833008,26.023792266845703,25.99477195739746,71.84548630699283,28.850837900506388,1684,7,95,0,7,,2,62,-6.927958011627197,4.8464741706848145,-1.7593212127685547,OUTBOUND,-42.89207458496094,-0.08362787564819416,0.007840000092983246
1,53,0.828125,1.095596194267273,50.37762451171875,updated,1.5606647729873657,-0.828039288520813,28.137645721435547,3.0300240516662598,3.0316407680511475,71.87005872299778,28.83867116311969,1685,7,96,0,11,,4,60,-6.9283976554870605,4.861546993255615,-1.5320991277694702,OUTBOUND,-42.98290252685547,-0.10116385794229975,0.007840000092983246
1,55,0.859375,0.4757656455039978,50.22311782836914,updated,1.5611324310302734,-0.8419342041015625,124.58985900878906,48.564308166503906,48.39140319824219,71.89070600498235,28.82653611992771,1686,7,97,0,9,,4,60,-6.929469585418701,4.8915114402771,-1.8057200908660889,OUTBOUND,-42.73097229003906,-0.10092287137621178,0.007840000092983246
1,62,0.96875,0.8536788821220398,50.335697174072266,updated,1.5616008043289185,-0.8467530608177185,6.747956275939941,26.300323486328125,26.213459014892578,72.00805271597346,28.8144425650791,1687,7,98,0,2,,3,61,-6.92890739440918,4.901058197021484,-1.6542788743972778,OUTBOUND,-42.78058624267578,-0.07081396256708788,0.007840000092983246
1,60,0.9375,0.9854174256324768,50.052734375,updated,1.5620697736740112,-0.8469210863113403,172.76487731933594,2.424750328063965,2.448352575302124,72.03478654898936,28.80235542708684,1688,7,99,0,4,,2,62,-6.929314136505127,4.900155544281006,-1.9965541362762451,OUTBOUND,-42.51629638671875,-0.0499260395283239,0.007840000092983246
1,55,0.859375,0.5957463383674622,50.39186477661133,updated,1.5625391006469727,-0.8439264297485352,208.4226837158203,1.9984426498413086,2.0241899490356445,72.06069333199412,28.790234574766632,1689,7,100,0,9,,1,63,-6.928826808929443,4.892162322998047,-1.9206949472427368,OUTBOUND,-42.6544189453125,-0.05418680978016886,0.007840000092983246
1,60,0.9375,1.189893126487732,50.47709274291992,updated,1.5630086660385132,-0.8429842591285706,200.85035705566406,1.9592788219451904,1.930582880973816,72.08620970699121,28.77810132526362,1690,7,101,0,4,,1,63,-6.928736209869385,4.888778209686279,-2.110199213027954,OUTBOUND,-42.5133056640625,-0.07376495826129216,0.007840000092983246
1,58,0.90625,0.9211923480033875,50.602027893066406,updated,1.5634785890579224,-0.8452003598213196,14.899077415466309,27.284223556518555,27.16139030456543,72.21799140897929,28.76594742319682,1691,7,102,0,6,,4,60,-6.929211616516113,4.892468452453613,-1.8576116561889648,OUTBOUND,-42.70886993408203,-0.06692888023497018,0.007840000092983246
1,60,0.9375,1.4899572134017944,50.94929885864258,updated,1.5639482736587524,-0.8357541561126709,12.756378173828125,25.118934631347656,25.05838966369629,72.25227296899538,28.753788362367295,1692,7,103,0,4,,1,63,-6.9290266036987305,4.870059013366699,-1.8526519536972046,OUTBOUND,-43.1153678894043,-0.0593326967495284,0.007840000092983246
1,55,0.859375,0.7685604095458984,51.233436584472656,updated,1.564417839050293,-0.836755633354187,97.49893188476562,1.1891790628433228,1.1943390369415283,72.28862013400067,28.74162472057284,1693,7,104,0,9,,1,63,-6.929299831390381,4.871042728424072,-1.5609596967697144,OUTBOUND,-43.281959533691406,-0.07184825665376365,0.007840000092983246
1,59,0.921875,1.1416575908660889,51.57551574707031,updated,1.5648877620697021,-0.8466209769248962,121.80943298339844,26.12129783630371,25.942411422729492,72.32148923000204,28.729443106459374,1694,7,105,0,5,,3,61,-6.929111480712891,4.891831874847412,-1.6371068954467773,OUTBOUND,-43.74177169799805,-0.0762992916935377,0.007840000092983246
1,55,0.859375,0.8776224255561829,51.220943450927734,updated,1.5653581619262695,-0.8520320653915405,8.251368522644043,1.2662522792816162,1.2794442176818848,72.3507786669943,28.717284909704333,1695,7,106,0,9,,1,63,-6.9294328689575195,4.902646541595459,-1.851941466331482,OUTBOUND,-43.47821044921875,-0.08637522235543482,0.007840000092983246
1,59,0.921875,0.7359193563461304,51.86103820800781,updated,1.5658286809921265,-0.8412870168685913,50.791019439697266,1.7186135053634644,1.7482659816741943,72.37681600998621,28.705081468913036,1696,7,107,0,5,,2,62,-6.929136276245117,4.877391815185547,-1.8290414810180664,OUTBOUND,-44.15254211425781,-0.07768456895468469,0.007840000092983246
1,57,0.890625,0.6229062676429749,51.72834396362305,updated,1.566299557685852,-0.8500710725784302,104.13372039794922,3.216775894165039,3.2156929969787598,72.40611111497856,28.692903104726042,1697,7,108,0,7,,4,60,-6.928708076477051,4.89572286605835,-1.8236347436904907,OUTBOUND,-44.199256896972656,-0.06255279791237917,0.007840000092983246
0,58,0.90625,0.9189054369926453,51.30820083618164,updated,1.5667707920074463,-0.8493755459785461,125.52628326416016,26.90253448486328,26.71891212463379,72.53850765500101,28.68073708631749,1698,7,109,1,6,WATCHDOG_DEADLINE,3,61,-6.92828369140625,4.892902851104736,-1.6994675397872925,OUTBOUND,-43.58699035644531,-0.02413571468765382,0.007840000092983246
1,52,0.8125,0.5136860013008118,51.46311950683594,updated,1.5672423839569092,-0.853382408618927,121.1461181640625,26.84053611755371,26.62066650390625,72.57004151199362,28.66862019954796,1699,7,110,0,12,,4,60,-6.930665969848633,4.900557994842529,-1.9103564023971558,OUTBOUND,-44.02796936035156,0.01641624657338273,0.007840000092983246
1,57,0.890625,0.7300969958305359,51.00129318237305,updated,1.5677140951156616,-0.8445966839790344,26.295801162719727,3.6502087116241455,3.6245906352996826,72.59325666297809,28.65649244520171,1700,7,111,0,7,,5,59,-6.93034029006958,4.87973165512085,-1.8898606300354004,OUTBOUND,-43.48017501831055,0.027114499405114553,0.007840000092983246
1,58,0.90625,1.0185034275054932,50.476192474365234,updated,1.568185567855835,-0.8445969820022583,195.00802612304688,1.50313138961792,1.5718488693237305,72.61963717598701,28.64435431353733,1701,7,112,0,6,,0,64,-6.929031848907471,4.878474712371826,-1.8479335308074951,OUTBOUND,-42.82865905761719,0.03319300498149788,0.007840000092983246
1,57,0.890625,0.954452395439148,50.67982864379883,updated,1.5686570405960083,-0.8442980647087097,222.3719482421875,1.5304208993911743,1.560996651649475,72.6455036989937,28.632181517150496,1702,7,113,0,7,,0,64,-6.928249835968018,4.876554489135742,-1.4069947004318237,OUTBOUND,-43.05747604370117,0.027667414547302593,0.007840000092983246
1,60,0.9375,0.949658989906311,50.898860931396484,updated,1.5691288709640503,-0.8530245423316956,94.58113861083984,24.5860538482666,24.41878890991211,72.66930019497522,28.620039309974622,1703,7,114,0,4,,1,63,-6.930148601531982,4.894684314727783,-1.7482397556304932,OUTBOUND,-43.09894561767578,0.007451485118242316,0.007840000092983246
1,56,0.875,1.151566505432129,51.151885986328125,updated,1.5696015357971191,-0.8622215986251831,155.40579223632812,2.2495100498199463,2.2643322944641113,72.78854589897674,28.607865478787904,1704,7,115,0,8,,2,62,-6.927958011627197,4.9138336181640625,-1.9604452848434448,OUTBOUND,-43.078773498535156,-0.031325605861054324,0.007840000092983246
1,52,0.8125,1.144753098487854,51.28254699707031,updated,1.570074200630188,-0.8488591313362122,57.264427185058594,4.021667003631592,4.045638084411621,72.81373721599812,28.595654595200177,1705,7,116,0,12,,5,59,-6.930016040802002,4.882915019989014,-1.926290512084961,OUTBOUND,-43.27796173095703,-0.059702638212836404,0.007840000092983246
1,58,0.90625,0.7151409387588501,51.91381072998047,updated,1.5705472230911255,-0.8559095859527588,34.79705047607422,1.728223204612732,1.6907811164855957,72.83763239497785,28.583461593044333,1706,7,117,0,6,,2,62,-6.9289398193359375,4.897287368774414,-1.9750449657440186,OUTBOUND,-43.79495620727539,-0.06083151267152548,0.007840000092983246
1,58,0.90625,0.5815503001213074,52.30888366699219,updated,1.5710192918777466,-0.8324545621871948,168.02561950683594,27.436683654785156,27.214405059814453,72.86748900398379,28.571312646067526,1707,7,118,0,6,,3,61,-6.928307056427002,4.8440632820129395,-1.9453356266021729,OUTBOUND,-44.35218048095703,-0.04370925377017764,0.007840000092983246
0,53,0.828125,0.7378698587417603,52.267417907714844,updated,1.5714917182922363,-0.8563398718833923,137.87197875976562,3.8131067752838135,3.780848979949951,72.9848909979919,28.559130060366044,1708,7,119,1,11,STALE_OR_INCOMPLETE_BUNDLE,5,59,-6.927958011627197,4.895712375640869,-1.6512646675109863,OUTBOUND,-44.35227584838867,-0.003936616265441042,0.007840000092983246
1,53,0.828125,1.0071966648101807,51.878089904785156,updated,1.5719645023345947,-0.8554243445396423,184.59754943847656,28.723079681396484,28.51166534423828,73.00935468697571,28.54701478897736,1709,7,120,0,11,,5,59,-6.930377960205078,4.892425537109375,-1.7473775148391724,OUTBOUND,-44.14059066772461,0.013631442338465784,0.007840000092983246
1,58,0.90625,0.5351577997207642,51.94699478149414,updated,1.5724374055862427,-0.8536680936813354,12.425444602966309,1.0876960754394531,1.1315127611160278,73.03488519298844,28.534902247276822,1710,7,121,0,6,,1,63,-6.928860187530518,4.887284755706787,-1.863312840461731,OUTBOUND,-44.385398864746094,-0.008245386509989176,0.007840000092983246
1,56,0.875,1.0292538404464722,51.50935745239258,updated,1.5729106664657593,-0.8591954112052917,34.05722427368164,1.1292024850845337,1.195227026939392,73.06173050499638,28.522781378708412,1711,7,122,0,8,,1,63,-6.930943489074707,4.898242473602295,-1.5131428241729736,OUTBOUND,-43.94950866699219,-0.013391843852754359,0.007840000092983246
1,59,0.921875,0.9368737936019897,51.77882385253906,updated,1.5733832120895386,-0.8368156552314758,47.73145294189453,1.1782375574111938,1.2289479970932007,73.08902594298706,28.510648396909964,1712,7,123,0,5,,1,63,-6.928560733795166,4.847569465637207,-1.9504637718200684,OUTBOUND,-44.02930450439453,-0.027434550430997812,0.007840000092983246
1,52,0.8125,0.9726513624191284,51.93990707397461,updated,1.5738556385040283,-0.8502200841903687,20.553146362304688,2.225682258605957,2.185199737548828,73.11894806000055,28.498513864836116,1713,7,124,0,12,,3,61,-6.928152084350586,4.87592077255249,-1.8179090023040771,OUTBOUND,-44.03678894042969,-0.04297326587573112,0.007840000092983246
1,59,0.921875,0.49760836362838745,51.79286193847656,updated,1.5743293762207031,-0.8746156692504883,94.78282928466797,26.85314178466797,26.612430572509766,73.14266348199453,28.486366824828494,1714,7,125,0,5,,3,61,-6.929676055908203,4.928469181060791,-1.806969165802002,OUTBOUND,-44.166324615478516,-0.054492406914757256,0.007840000092983246
1,56,0.875,1.088243842124939,51.663150787353516,updated,1.5748038291931152,-0.868245542049408,62.91596603393555,27.025928497314453,26.810794830322266,73.27596074299072,28.474266816846544,1715,7,126,0,8,,3,61,-6.928812503814697,4.913154125213623,-1.5267523527145386,OUTBOUND,-44.13899612426758,-0.058142589247720936,0.007840000092983246
1,54,0.84375,0.8445754647254944,51.62910842895508,updated,1.5752794742584229,-0.8759650588035583,76.24681091308594,2.3858916759490967,2.4107987880706787,73.30105011898559,28.46214240365546,1716,7,127,0,10,,3,61,-6.929189205169678,4.928882598876953,-1.672948956489563,OUTBOUND,-43.9317512512207,-0.0833392945838878,0.007840000092983246
1,56,0.875,0.7829270958900452,51.74384307861328,updated,1.5757557153701782,-0.8694868683815002,41.36406707763672,28.090147018432617,27.904130935668945,73.32906403098605,28.450014241683753,1717,7,128,0,8,,4,60,-6.929653644561768,4.9133453369140625,-1.7212049961090088,OUTBOUND,-44.018768310546875,-0.12085199823971815,0.007840000092983246
1,54,0.84375,1.0566366910934448,51.261940002441406,updated,1.5762319564819336,-0.8599763512611389,117.79666900634766,2.979719638824463,3.0941367149353027,73.35472742500133,28.437872028996996,1718,7,129,0,10,,3,61,-6.929305553436279,4.8911590576171875,-1.7126131057739258,OUTBOUND,-43.57243347167969,-0.15956536446693545,0.007840000092983246
1,60,0.9375,0.8808788657188416,51.407859802246094,updated,1.5767074823379517,-0.8477426171302795,164.17709350585938,2.445268154144287,2.445435047149658,73.37889345298754,28.425689729980412,1719,7,130,0,4,,2,62,-6.92917013168335,4.86301851272583,-2.102837324142456,OUTBOUND,-43.672752380371094,-0.17365391110760375,0.007840000092983246
0,62,0.96875,1.0832561254501343,52.2388801574707,updated,1.5771815776824951,-0.8325059413909912,134.4652862548828,0.9141489863395691,0.910426139831543,73.49700558499899,28.413480361553308,1720,7,131,1,2,STALE_OR_INCOMPLETE_BUNDLE,0,64,-6.929316520690918,4.828322410583496,-1.4643559455871582,OUTBOUND,-44.330970764160156,-0.10423298697503688,0.007840000092983246
1,56,0.875,1.2891117334365845,52.48176956176758,updated,1.5776550769805908,-0.8448752760887146,20.631914138793945,2.634085178375244,2.693718910217285,73.5271680779988,28.40141367033413,1721,7,132,0,8,,3,61,-6.928112030029297,4.854262828826904,-2.038724660873413,OUTBOUND,-44.50690841674805,-0.05313469123971746,0.007840000092983246
1,56,0.875,0.7842411398887634,52.405494689941406,updated,1.5781283378601074,-0.8495352864265442,89.99676513671875,25.71136474609375,25.54990005493164,73.55267065399676,28.389327821009402,1722,7,133,0,8,,2,62,-6.929617881774902,4.86326265335083,-1.665854811668396,OUTBOUND,-44.565765380859375,-0.061969015158158225,0.007840000092983246
1,61,0.953125,0.9231467843055725,52.86594009399414,updated,1.5786024332046509,-0.873051106929779,14.115335464477539,1.096651315689087,1.1247165203094482,73.57790039398242,28.377216820706042,1723,7,134,0,3,,1,63,-6.929515838623047,4.913580417633057,-1.556427240371704,OUTBOUND,-45.042701721191406,-0.08624260656784576,0.007840000092983246
1,59,0.921875,0.749750554561615,52.49612808227539,updated,1.5790759325027466,-0.8459441065788269,28.104780197143555,2.6254231929779053,2.6295714378356934,73.60155669398955,28.365114681441163,1724,7,135,0,5,,3,61,-6.929346561431885,4.852946758270264,-1.8995773792266846,OUTBOUND,-44.618648529052734,-0.09318605453254956,0.007840000092983246
1,52,0.8125,0.9576479196548462,52.76820373535156,updated,1.5795501470565796,-0.871784508228302,66.7054443359375,2.548093557357788,2.546626567840576,73.71742416598136,28.35299383426069,1725,7,136,0,12,,3,61,-6.928677558898926,4.908293724060059,-1.5281275510787964,OUTBOUND,-44.97312545776367,-0.06908930810488854,0.007840000092983246
1,57,0.890625,0.6847184896469116,52.444679260253906,updated,1.5800235271453857,-0.8407964110374451,3.031357765197754,1.799187183380127,1.8414080142974854,73.74286928700167,28.34089156877593,1726,7,137,0,7,,2,62,-6.928596496582031,4.8392534255981445,-1.7153717279434204,OUTBOUND,-44.87421798706055,-0.07177383800518743,0.007840000092983246
1,60,0.9375,1.4418597221374512,51.982852935791016,updated,1.5804975032806396,-0.8690559267997742,53.31361389160156,26.969467163085938,26.803680419921875,73.77519102199585,28.328758151209232,1727,7,138,0,4,,1,63,-6.928564071655273,4.8998260498046875,-1.938912034034729,OUTBOUND,-44.361419677734375,-0.06678326541907721,0.007840000092983246
1,58,0.90625,0.9072593450546265,52.71434020996094,updated,1.5809725522994995,-0.8776272535324097,10.617753028869629,1.6102066040039062,1.6198389530181885,73.80813277498237,28.316659741657688,1728,7,139,0,6,,2,62,-6.928585052490234,4.917306423187256,-1.7862889766693115,OUTBOUND,-44.964820861816406,-0.0632081354581362,0.007840000092983246
1,59,0.921875,0.8977487683296204,52.28819274902344,updated,1.5814480781555176,-0.8696380257606506,76.90357971191406,27.69062042236328,27.544832229614258,73.83842718199594,28.30454891651262,1729,7,140,0,5,,3,61,-6.928601264953613,4.898606300354004,-1.6705306768417358,OUTBOUND,-44.66128921508789,-0.07871581853599925,0.007840000092983246
1,60,0.9375,1.2507033348083496,51.934322357177734,updated,1.5819242000579834,-0.8717252016067505,123.17618560791016,1.4912967681884766,1.4896245002746582,73.86208636098308,28.29245345320957,1730,7,141,0,4,,1,63,-6.929337978363037,4.901914119720459,-1.7311820983886719,OUTBOUND,-44.23741912841797,-0.10345978769408119,0.007840000092983246
1,55,0.859375,1.245177149772644,52.220882415771484,updated,1.5824017524719238,-0.8918087482452393,51.22258758544922,3.232658624649048,3.167698383331299,73.99762898197514,28.280323842986892,1731,7,142,0,9,,4,60,-6.928115367889404,4.944455623626709,-2.143984317779541,OUTBOUND,-44.241455078125,-0.13673111206855773,0.007840000092983246
1,55,0.859375,0.8900058269500732,52.08949661254883,updated,1.5828791856765747,-0.8618243336677551,107.83306121826172,2.941502809524536,3.0173847675323486,74.02601772299386,28.268190739707897,1732,7,143,0,9,,3,61,-6.928328037261963,4.877842903137207,-1.6724387407302856,OUTBOUND,-44.27776336669922,-0.13293958462347738,0.007840000092983246
1,56,0.875,0.6083776354789734,52.9847412109375,updated,1.5833547115325928,-0.832226574420929,85.0618667602539,1.3563343286514282,1.3559983968734741,74.05504785999074,28.256093620296703,1733,7,144,0,8,,1,63,-6.92860746383667,4.812160968780518,-1.8067245483398438,OUTBOUND,-44.979671478271484,-0.12383376991043528,0.007840000092983246
1,59,0.921875,0.9630860090255737,53.160003662109375,updated,1.58383047580719,-0.8690481185913086,62.0903434753418,0.4922613501548767,0.5188010931015015,74.08279718397534,28.243996013478977,1734,7,145,0,5,,0,64,-6.929140567779541,4.891102313995361,-1.7734925746917725,OUTBOUND,-45.13943099975586,-0.11348943774573379,0.007840000092983246
1,61,0.953125,0.9947840571403503,53.26205825805664,updated,1.584306001663208,-0.8577929735183716,13.446955680847168,0.4355113208293915,0.46016183495521545,74.10657694199472,28.231890225471663,1735,7,146,0,3,,0,64,-6.9287238121032715,4.865390300750732,-1.5330532789230347,OUTBOUND,-45.27211380004883,-0.10586943911936654,0.007840000092983246
1,57,0.890625,0.988461434841156,53.42145538330078,updated,1.584782600402832,-0.884947657585144,24.919740676879883,0.4596884846687317,0.500847578048706,74.13565154999378,28.21980530683215,1736,7,147,0,7,,0,64,-6.927958011627197,4.923187255859375,-1.8168482780456543,OUTBOUND,-45.36578369140625,-0.09246409836060332,0.007840000092983246
1,61,0.953125,0.9463076591491699,53.65901184082031,updated,1.5852597951889038,-0.8758413791656494,116.77466583251953,1.2285276651382446,1.194764256477356,74.25877195197972,28.207724819018722,1737,7,148,0,3,,1,63,-6.927958011627197,4.902153015136719,-2.029466390609741,OUTBOUND,-45.85261917114258,-0.07186561324672879,0.007840000092983246
1,60,0.9375,0.9367445111274719,53.51316452026367,updated,1.5857375860214233,-0.8775838017463684,99.09525299072266,0.6309804916381836,0.6228260397911072,74.28956154099433,28.195622191386033,1738,7,149,0,4,,0,64,-6.928114414215088,4.904692649841309,-1.733306884765625,OUTBOUND,-45.82991027832031,-0.0906161760047181,0.007840000092983246
1,57,0.890625,1.0878022909164429,53.983909606933594,updated,1.586215615272522,-0.8756784796714783,153.9229278564453,1.5323272943496704,1.4654147624969482,74.32278634299291,28.18350754393055,1739,7,150,0,7,,1,63,-6.928596496582031,4.899314880371094,-1.9622735977172852,OUTBOUND,-46.256935119628906,-0.10632782882667721,0.007840000092983246
1,55,0.859375,0.7471151351928711,52.966487884521484,updated,1.586693286895752,-0.8619145750999451,245.03170776367188,31.088897705078125,30.847320556640625,74.35137872499763,28.1713588789838,1740,7,151,0,9,,6,58,-6.930316925048828,4.868239879608154,-1.7359135150909424,OUTBOUND,-45.50263214111328,-0.0919081323547038,0.007840000092983246
1,56,0.875,1.0753000974655151,52.74347686767578,updated,1.5871707201004028,-0.8633649945259094,76.1495361328125,3.400569200515747,3.3928287029266357,74.46917378398939,28.159184929516794,1741,7,152,0,8,,4,60,-6.9282546043396,4.870163440704346,-1.9406758546829224,OUTBOUND,-45.33599090576172,-0.1055037427706334,0.007840000092983246
1,57,0.890625,0.8004345297813416,52.553043365478516,updated,1.5876483917236328,-0.8757832646369934,77.8704605102539,1.096436619758606,1.0768707990646362,74.49438388997805,28.14700436161492,1742,7,153,0,7,,1,63,-6.928969860076904,4.895827293395996,-1.8657416105270386,OUTBOUND,-45.175926208496094,-0.11766446608144752,0.007840000092983246
1,56,0.875,1.2886724472045898,52.55974197387695,updated,1.5881264209747314,-0.8757268786430359,122.60821533203125,2.0714926719665527,2.015178680419922,74.51918363998993,28.13479282684427,1743,7,154,0,8,,2,62,-6.92860746383667,4.894471168518066,-1.793235421180725,OUTBOUND,-44.68395233154297,-0.12310190269139756,0.007840000092983246
1,55,0.859375,0.8700627684593201,52.523799896240234,updated,1.5886048078536987,-0.877491295337677,7.870058536529541,28.478836059570312,28.359071731567383,74.54639674499049,28.122625845442464,1744,7,155,0,9,,3,61,-6.929280757904053,4.897052764892578,-1.7496381998062134,OUTBOUND,-44.53282165527344,-0.12427824366037261,0.007840000092983246
1,55,0.859375,1.033879280090332,52.57877731323242,updated,1.5890833139419556,-0.8732735514640808,200.39064025878906,1.3633298873901367,1.418325424194336,74.57391055100015,28.110491328548292,1745,7,156,0,9,,0,64,-6.928619384765625,4.8867058753967285,-2.125303268432617,OUTBOUND,-44.59431457519531,-0.12011298951231188,0.007840000092983246
1,57,0.890625,1.0784826278686523,52.63890075683594,updated,1.5895637273788452,-0.9087955951690674,24.187742233276367,27.561988830566406,27.508878707885742,74.60323953698389,28.098334488365236,1746,7,157,0,7,,2,62,-6.929459095001221,4.962174892425537,-1.9275250434875488,OUTBOUND,-44.741119384765625,-0.13689099266504393,0.007840000092983246
1,59,0.921875,1.036304235458374,52.935890197753906,updated,1.5900440216064453,-0.8745771646499634,130.82835388183594,1.544236660003662,1.5301823616027832,74.6354632259754,28.086169131098693,1747,7,158,0,5,,1,63,-6.929384708404541,4.8870625495910645,-1.5435010194778442,OUTBOUND,-44.958248138427734,-0.13850997134418494,0.007840000092983246
0,55,0.859375,0.6050941348075867,53.18238067626953,updated,1.590523362159729,-0.8558786511421204,14.901293754577637,26.17035484313965,26.102283477783203,74.75834023699281,28.07393087687841,1748,7,159,1,9,WATCHDOG_DEADLINE,1,63,-6.9309983253479,4.845513820648193,-1.6991286277770996,OUTBOUND,-45.28008270263672,-0.07929928657079116,0.007840000092983246
1,61,0.953125,0.9604035019874573,53.46357345581055,updated,1.5910030603408813,-0.8829501867294312,86.31889343261719,0.6420517563819885,0.6003007292747498,74.78458349299035,28.061762842790095,1749,7,160,0,3,,0,64,-6.927974700927734,4.902650833129883,-1.738857388496399,OUTBOUND,-45.402835845947266,-0.03839677909873931,0.007840000092983246
1,54,0.84375,1.044629454612732,53.98303985595703,updated,1.5914833545684814,-0.8882709741592407,32.387176513671875,0.3484257459640503,0.3402244448661804,74.81307422497775,28.049562614128856,1750,7,161,0,10,,0,64,-6.929131031036377,4.912874221801758,-1.961606740951538,OUTBOUND,-45.89359664916992,-0.03647809737441295,0.007840000092983246
1,55,0.859375,0.9654261469841003,54.128395080566406,updated,1.5919647216796875,-0.8948268294334412,149.5063018798828,4.7441630363464355,4.7587971687316895,74.84176900799503,28.037365967105142,1751,7,162,0,9,,6,58,-6.929383277893066,4.925739765167236,-1.8746076822280884,OUTBOUND,-46.041526794433594,-0.034624121687694506,0.007840000092983246
1,55,0.859375,0.6605993509292603,53.890254974365234,updated,1.592446208000183,-0.883122444152832,251.47891235351562,30.515392303466797,30.401689529418945,74.86682048797957,28.025153085540055,1752,7,163,0,9,,4,60,-6.929396629333496,4.899315357208252,-1.679925560951233,OUTBOUND,-46.09343719482422,-0.04481539949104416,0.007840000092983246
1,60,0.9375,1.0595602989196777,53.88730239868164,updated,1.5929274559020996,-0.8751763701438904,43.6356201171875,1.0885133743286133,1.070260763168335,74.89336373697734,28.012897723880215,1753,7,164,0,4,,1,63,-6.928815841674805,4.881002426147461,-1.555493712425232,OUTBOUND,-46.080108642578125,-0.07543023664877366,0.007840000092983246
1,54,0.84375,0.5669459700584412,53.96968078613281,updated,1.593408226966858,-0.8696044683456421,80.92216491699219,1.829822301864624,1.8493554592132568,75.01176201799535,28.00067387729387,1754,7,165,0,10,,2,62,-6.927958011627197,4.867813587188721,-1.7419238090515137,OUTBOUND,-46.23583984375,-0.0828236664108712,0.007840000092983246
1,57,0.890625,0.6877422332763672,53.50962448120117,updated,1.5938892364501953,-0.8856886029243469,9.290875434875488,1.1473928689956665,1.1490049362182617,75.04684816897498,27.988453339101223,1755,7,166,0,7,,1,63,-6.92967414855957,4.90112829208374,-1.8364309072494507,OUTBOUND,-45.84484100341797,-0.0779726934430162,0.007840000092983246
1,62,0.96875,0.5915133953094482,53.586181640625,updated,1.5943701267242432,-0.8780970573425293,57.55397033691406,0.418699711561203,0.4313643276691437,75.08022409697878,27.97627840538204,1756,7,167,0,2,,0,64,-6.929131507873535,4.883612632751465,-1.8334388732910156,OUTBOUND,-45.883609771728516,-0.08856708314506571,0.007840000092983246
1,55,0.859375,1.018153190612793,53.638824462890625,updated,1.5948498249053955,-0.8564640879631042,25.103641510009766,2.8629040718078613,2.7788405418395996,75.11159878398757,27.964142705018908,1757,7,168,0,9,,4,60,-6.928619861602783,4.8360185623168945,-1.8124374151229858,OUTBOUND,-45.72064971923828,-0.09225882570837847,0.007840000092983246
0,57,0.890625,0.8618135452270508,53.43525695800781,updated,1.595329999923706,-0.8884166479110718,63.70033645629883,27.0960636138916,27.035097122192383,75.24927037599264,27.95191623511132,1758,7,169,1,7,STALE_OR_INCOMPLETE_BUNDLE,2,62,-6.928990364074707,4.903289318084717,-1.8881083726882935,OUTBOUND,-45.85972595214844,-0.05960984842210607,0.007840000092983246
1,55,0.859375,1.012054204940796,53.32462692260742,updated,1.5958093404769897,-0.8627889752388,101.5895767211914,1.2354778051376343,1.1871520280838013,75.28171684397967,27.939741887399414,1759,7,170,0,9,,1,63,-6.929905414581299,4.847195148468018,-1.9677720069885254,OUTBOUND,-45.49713897705078,-0.041789868073987685,0.007840000092983246
1,54,0.84375,1.1342321634292603,53.41336441040039,updated,1.5962882041931152,-0.8695313334465027,40.039451599121094,3.2224974632263184,3.2127816677093506,75.31013884098502,27.92760228794685,1760,7,171,0,10,,4,60,-6.928826808929443,4.860433101654053,-1.8864312171936035,OUTBOUND,-45.61601638793945,-0.04968309657182088,0.007840000092983246
1,58,0.90625,0.8218570947647095,53.89145278930664,updated,1.5967673063278198,-0.8808366656303406,86.43740844726562,1.3724315166473389,1.3204765319824219,75.34431150497403,27.915445591544632,1761,7,172,0,6,,1,63,-6.930798530578613,4.883413314819336,-1.6345726251602173,OUTBOUND,-45.77351760864258,-0.06544622000060246,0.007840000092983246
1,56,0.875,1.171189308166504,53.96408462524414,updated,1.597246766090393,-0.8874127268791199,49.02738952636719,1.8322436809539795,1.8042304515838623,75.37896897297469,27.903268463755815,1762,7,173,0,8,,2,62,-6.928138256072998,4.8962578773498535,-2.152463674545288,OUTBOUND,-45.91707229614258,-0.11996518990695015,0.007840000092983246
1,57,0.890625,0.5632342100143433,53.95471954345703,updated,1.5977258682250977,-0.8712726831436157,63.223541259765625,28.466503143310547,28.369020462036133,75.41997027097386,27.891078236642073,1763,7,174,0,7,,1,63,-6.927958011627197,4.860574722290039,-1.8513686656951904,OUTBOUND,-46.07177734375,-0.1603251824360985,0.007840000092983246
1,52,0.8125,0.676861047744751,54.151817321777344,updated,1.598204493522644,-0.8708298206329346,64.7708511352539,4.044882297515869,3.996903657913208,75.45884504300193,27.87890798896971,1764,7,175,0,12,,5,59,-6.929806232452393,4.8584394454956055,-1.929414987564087,OUTBOUND,-46.1107063293457,-0.1470351471187709,0.007840000092983246
1,58,0.90625,1.4068442583084106,53.889766693115234,updated,1.5986835956573486,-0.8852167725563049,28.282331466674805,1.9752408266067505,2.0025196075439453,75.59635495598195,27.866736350941416,1765,7,176,0,6,,2,62,-6.929584980010986,4.887935161590576,-1.8179389238357544,OUTBOUND,-46.001495361328125,-0.1018259496393519,0.007840000092983246
1,56,0.875,0.4247577488422394,54.0089111328125,updated,1.5991625785827637,-0.8789483904838562,54.102787017822266,4.039368629455566,4.0295538902282715,75.63267770997481,27.854634973820467,1766,7,177,0,8,,5,59,-6.928879737854004,4.873368740081787,-1.7090927362442017,OUTBOUND,-46.25389862060547,-0.10504417953038375,0.007840000092983246
1,55,0.859375,0.8673132658004761,53.71608352661133,updated,1.5996406078338623,-0.8615469932556152,15.92415714263916,3.083991765975952,2.998699903488159,75.66313357898616,27.8424944797151,1767,7,178,0,9,,4,60,-6.928619384765625,4.835108757019043,-1.794327974319458,OUTBOUND,-45.91264724731445,-0.11979563812641428,0.007840000092983246
1,58,0.90625,0.6269163489341736,53.47665786743164,updated,1.6001200675964355,-0.9056457281112671,209.97305297851562,56.969722747802734,56.571075439453125,75.69132957997499,27.830359194973397,1768,7,179,0,6,,4,60,-6.92963981628418,4.927812099456787,-1.9638365507125854,OUTBOUND,-45.75294876098633,-0.09338659973765319,0.007840000092983246
1,55,0.859375,0.9006685614585876,53.7988395690918,updated,1.6005991697311401,-0.872593104839325,99.1854019165039,1.2613928318023682,1.2968050241470337,75.7194792329974,27.818278909931212,1769,7,180,0,9,,1,63,-6.929280757904053,4.8562703132629395,-1.719099998474121,OUTBOUND,-46.0479621887207,-0.06763267843909129,0.007840000092983246
0,59,0.921875,0.7079406380653381,53.617637634277344,updated,1.601078987121582,-0.8941010236740112,22.342788696289062,28.286182403564453,28.155933380126953,75.85057216798305,27.806138098698142,1770,7,181,1,5,STALE_OR_INCOMPLETE_BUNDLE,3,61,-6.928196430206299,4.900813102722168,-1.7366656064987183,OUTBOUND,-45.73896026611328,-0.09443903439069695,0.007840000092983246
1,62,0.96875,1.051550269126892,53.60552215576172,updated,1.6015592813491821,-0.8905471563339233,135.7304229736328,1.5268728733062744,1.5253448486328125,75.88019429598353,27.79398085472807,1771,7,182,0,2,,1,63,-6.928752899169922,4.892053127288818,-1.9656418561935425,OUTBOUND,-45.71775817871094,-0.10626346750410845,0.007840000092983246
1,58,0.90625,1.3043406009674072,54.3609733581543,updated,1.6020381450653076,-0.858802855014801,81.70406341552734,1.8033130168914795,1.7666372060775757,75.9178669989924,27.781825572594258,1772,7,183,0,6,,2,62,-6.929825305938721,4.823447227478027,-1.7822866439819336,OUTBOUND,-46.33323669433594,-0.09664037540276318,0.007840000092983246
1,59,0.921875,0.4603182077407837,54.27809524536133,updated,1.6025177240371704,-0.8930765986442566,74.42985534667969,1.9576499462127686,1.9538720846176147,75.94423137398553,27.769699673635056,1773,7,184,0,5,,2,62,-6.929196834564209,4.895015239715576,-1.8845219612121582,OUTBOUND,-45.996395111083984,-0.08065134726996144,0.007840000092983246
1,53,0.828125,0.8287990093231201,53.870121002197266,updated,1.602997064590454,-0.8781474232673645,143.20755004882812,30.736555099487305,30.628938674926758,75.97094271198148,27.757609937737573,1774,7,185,0,11,,6,58,-6.929330348968506,4.862154483795166,-1.6783087253570557,OUTBOUND,-45.961360931396484,-0.02905974866722596,0.007840000092983246
1,57,0.890625,0.9295470714569092,54.06285858154297,updated,1.6034775972366333,-0.9038983583450317,10.089279174804688,3.2798688411712646,3.225987434387207,76.10479660099372,27.745545061013537,1775,7,186,0,7,,4,60,-6.929032325744629,4.91554594039917,-1.974984049797058,OUTBOUND,-45.99101257324219,-0.033571584114367184,0.007840000092983246
1,58,0.90625,1.1053496599197388,54.32238006591797,updated,1.6039576530456543,-0.877439022064209,85.28225708007812,27.44068717956543,27.295928955078125,76.13904011799605,27.733469695598988,1776,7,187,0,6,,1,63,-6.928933620452881,4.858292579650879,-1.8445767164230347,OUTBOUND,-46.584049224853516,-0.06441948818415381,0.007840000092983246
1,57,0.890625,0.5838496685028076,54.02693176269531,updated,1.6044381856918335,-0.893618643283844,93.61885833740234,29.927968978881836,29.782032012939453,76.17028132997802,27.72137808999372,1777,7,188,0,7,,2,62,-6.9287333488464355,4.891359329223633,-1.8144341707229614,OUTBOUND,-46.38413619995117,-0.055027218925242524,0.007840000092983246
1,61,0.953125,1.031314730644226,54.17903518676758,updated,1.6049185991287231,-0.8833613395690918,119.55548858642578,0.6892876625061035,0.7131153345108032,76.19771792300162,27.709297600325,1778,7,189,0,3,,0,64,-6.928554534912109,4.868465900421143,-2.090696096420288,OUTBOUND,-46.30034255981445,-0.042176852476880605,0.007840000092983246
1,58,0.90625,1.151375651359558,54.331050872802734,updated,1.605399489402771,-0.8941147327423096,39.38290786743164,29.101011276245117,28.88934898376465,76.22877274098573,27.697251173988906,1779,7,190,0,6,,2,62,-6.9283857345581055,4.890014171600342,-1.566508412361145,OUTBOUND,-46.562015533447266,-0.05099175840848487,0.007840000092983246
1,61,0.953125,0.515295147895813,54.37904357910156,updated,1.6058804988861084,-0.8889347314834595,105.29381561279297,1.2923171520233154,1.3450584411621094,76.25761972699547,27.68519120652098,1780,7,191,0,3,,1,63,-6.928536891937256,4.877875328063965,-1.6537925004959106,OUTBOUND,-46.48038864135742,-0.03492114909390643,0.007840000092983246
1,58,0.90625,0.7779224514961243,54.02975082397461,updated,1.6063615083694458,-0.8885067701339722,84.95098114013672,2.6761527061462402,2.7003135681152344,76.40145818798919,27.673149129232748,1781,7,192,0,6,,3,61,-6.928934097290039,4.875783920288086,-1.8136154413223267,OUTBOUND,-46.05257797241211,-0.03680221078574696,0.007840000092983246
1,53,0.828125,1.0239355564117432,54.60718536376953,updated,1.6068434715270996,-0.9041109085083008,4.6148457527160645,3.1198976039886475,3.184190511703491,76.43173911399208,27.661079373361165,1782,7,193,0,11,,4,60,-6.929337501525879,4.907520771026611,-1.7777341604232788,OUTBOUND,-46.669010162353516,-0.060538463983419895,0.007840000092983246
1,57,0.890625,0.34627965092658997,54.735538482666016,updated,1.6073253154754639,-0.8873095512390137,30.2283878326416,2.3280885219573975,2.2801060676574707,76.46320775197819,27.649015165299677,1783,7,194,0,7,,3,61,-6.930216312408447,4.870888710021973,-1.745380163192749,OUTBOUND,-46.52964782714844,-0.06271989912979888,0.007840000092983246
1,57,0.890625,0.8111172914505005,55.141822814941406,updated,1.6078062057495117,-0.8732317686080933,7.072437286376953,1.0211645364761353,0.9948010444641113,76.4979093449947,27.636925228976736,1784,7,195,0,7,,1,63,-6.928596496582031,4.840042591094971,-1.6275675296783447,OUTBOUND,-47.1363410949707,-0.046729554509224835,0.007840000092983246
1,61,0.953125,0.7120662331581116,55.144752502441406,updated,1.6082872152328491,-0.888770580291748,19.883222579956055,1.2087607383728027,1.2665066719055176,76.53892588897725,27.62484367458784,1785,7,196,0,3,,1,63,-6.928719520568848,4.871605396270752,-1.710463285446167,OUTBOUND,-47.175559997558594,-0.01829894189908949,0.007840000092983246
1,50,0.78125,1.5261006355285645,55.10859298706055,updated,1.608769416809082,-0.9119608998298645,108.5252914428711,4.04013729095459,4.044853210449219,76.57616115297424,27.612724836820043,1786,7,197,0,14,,5,59,-6.928591251373291,4.919231414794922,-1.876699686050415,OUTBOUND,-47.11465072631836,-0.0324431734411295,0.007840000092983246
1,54,0.84375,1.1922636032104492,54.69290542602539,updated,1.609250545501709,-0.8725379705429077,64.55424499511719,3.215345859527588,3.1912546157836914,76.69242006898276,27.600642417038255,1787,7,198,0,10,,4,60,-6.928417205810547,4.835107803344727,-1.5058702230453491,OUTBOUND,-46.940513610839844,-0.04834114743020201,0.007840000092983246
1,58,0.90625,0.9276426434516907,54.72798538208008,updated,1.6097322702407837,-0.8997179269790649,25.109642028808594,1.0875308513641357,1.1163954734802246,76.72173606898286,27.588538453333562,1788,7,199,0,6,,1,63,-6.92931604385376,4.891083240509033,-2.1070947647094727,OUTBOUND,-46.97355270385742,-0.0249805534770401,0.007840000092983246
1,60,0.9375,0.8888762593269348,55.01811981201172,updated,1.6102147102355957,-0.9032210111618042,43.86446762084961,1.0007001161575317,0.9577774405479431,76.75448033999419,27.57641336219217,1789,7,200,0,4,,1,63,-6.92853307723999,4.897252559661865,-1.9641153812408447,OUTBOUND,-46.99715042114258,0.0015363201795299559,0.007840000092983246
1,59,0.921875,0.41009265184402466,54.96284103393555,updated,1.6106969118118286,-0.8914353251457214,8.239831924438477,2.484649181365967,2.5667121410369873,76.78400921297725,27.56429075661252,1790,7,201,0,5,,3,61,-6.929558753967285,4.871318817138672,-1.796126365661621,OUTBOUND,-47.1214599609375,0.0323536583229661,0.007840000092983246
1,63,0.984375,0.9446031451225281,54.95127868652344,updated,1.6111786365509033,-0.8797200918197632,25.76649284362793,1.7231788635253906,1.7014819383621216,76.91751055099303,27.552191576516652,1791,7,202,0,1,,2,62,-6.929112434387207,4.845565319061279,-1.7941523790359497,OUTBOUND,-47.128143310546875,0.0412195144470645,0.007840000092983246
1,59,0.921875,1.0383559465408325,54.55299758911133,updated,1.611660361289978,-0.8941352367401123,77.04997253417969,29.995716094970703,29.818395614624023,76.9468931829906,27.540123334806818,1792,7,203,0,5,,2,62,-6.928832054138184,4.874631404876709,-1.743039608001709,OUTBOUND,-46.82073211669922,0.02556664779321057,0.007840000092983246
1,60,0.9375,0.9462745189666748,55.10295104980469,updated,1.6121431589126587,-0.9134724736213684,104.06703186035156,0.677655816078186,0.7386813759803772,76.97523628998897,27.528039402781328,1793,7,204,0,4,,0,64,-6.929989337921143,4.913973331451416,-1.907604455947876,OUTBOUND,-47.03437042236328,0.005632817261006154,0.007840000092983246
1,56,0.875,1.1288470029830933,54.75249099731445,updated,1.6126261949539185,-0.8968935012817383,17.17255210876465,3.9670302867889404,4.005393981933594,77.00557209199178,27.515974280293893,1794,7,205,0,8,,5,59,-6.929218292236328,4.87805700302124,-2.0753211975097656,OUTBOUND,-46.910919189453125,-0.029277280688258158,0.007840000092983246
1,55,0.859375,0.9144276976585388,55.16981887817383,updated,1.613110065460205,-0.9114151000976562,53.798980712890625,1.9430692195892334,1.9023573398590088,77.03750543799833,27.503910066110635,1795,7,206,0,9,,2,62,-6.928768634796143,4.907268524169922,-1.9185088872909546,OUTBOUND,-47.14687728881836,-0.06130145950793806,0.007840000092983246
1,62,0.96875,0.4159550368785858,55.33122634887695,updated,1.6135934591293335,-0.8893625736236572,52.632198333740234,1.2164621353149414,1.224332332611084,77.06837781600188,27.49183700840091,1796,7,207,0,2,,1,63,-6.929312705993652,4.8599534034729,-1.9012821912765503,OUTBOUND,-47.281517028808594,-0.08434032728220461,0.007840000092983246
1,60,0.9375,1.2862653732299805,55.46521759033203,updated,1.6140766143798828,-0.8911938071250916,20.18156623840332,1.156224012374878,1.1618571281433105,77.09389418698265,27.479750229649643,1797,7,208,0,4,,1,63,-6.928570747375488,4.862615585327148,-1.8039772510528564,OUTBOUND,-47.48526382446289,-0.09457609900434717,0.007840000092983246
0,59,0.921875,0.48836350440979004,55.669952392578125,updated,1.6145597696304321,-0.8954675793647766,63.42231369018555,2.8823719024658203,2.8653156757354736,77.22270603998913,27.46761385011994,1798,7,209,1,5,WATCHDOG_DEADLINE,3,61,-6.9301934242248535,4.870377540588379,-1.7202197313308716,OUTBOUND,-47.72547912597656,-0.1344462399539128,0.007840000092983246
1,54,0.84375,0.4047747850418091,55.479339599609375,updated,1.6150434017181396,-0.9067220091819763,1.4507733583450317,1.7350914478302002,1.6676297187805176,77.24958374199923,27.455478169580175,1799,7,210,0,10,,2,62,-6.928076267242432,4.892701148986816,-1.9324941635131836,OUTBOUND,-47.55145263671875,-0.18085627955535316,0.007840000092983246
1,55,0.859375,0.7973142266273499,55.48889923095703,updated,1.615527868270874,-0.9117911458015442,65.54339599609375,3.191133499145508,3.155984401702881,77.28370599498157,27.443299950656233,1800,7,211,0,9,,4,60,-6.929040431976318,4.902093887329102,-1.7734652757644653,OUTBOUND,-47.53059005737305,-0.1669968897253291,0.007840000092983246
1,53,0.828125,0.8802053332328796,54.76138687133789,updated,1.616012454032898,-0.9035717248916626,207.24473571777344,34.56966781616211,34.35993194580078,77.3124281099881,27.431184932464742,1801,7,212,0,11,,7,57,-6.927958011627197,4.8837690353393555,-1.4842945337295532,OUTBOUND,-46.81798553466797,-0.14449760171126041,0.007840000092983246
1,58,0.90625,0.8837300539016724,55.13761520385742,updated,1.6164981126785278,-0.9179854393005371,104.37027740478516,30.110078811645508,29.92850112915039,77.34743371498189,27.41903912852579,1802,7,213,0,6,,2,62,-6.929835319519043,4.912622451782227,-1.6142252683639526,OUTBOUND,-47.35449981689453,-0.16664195468256057,0.007840000092983246
1,59,0.921875,0.8074855208396912,55.29080581665039,updated,1.6169841289520264,-0.9124404191970825,88.23356628417969,1.6806305646896362,1.5990341901779175,77.37737705197651,27.406855165844178,1803,7,214,0,5,,2,62,-6.929028511047363,4.8998799324035645,-1.6787744760513306,OUTBOUND,-47.36539840698242,-0.16106496629098754,0.007840000092983246
1,56,0.875,2.1581876277923584,55.352516174316406,updated,1.617470145225525,-0.9006770849227905,78.23057556152344,2.581045627593994,2.638967514038086,77.50907759499387,27.394688059052346,1804,7,215,0,8,,3,61,-6.9296183586120605,4.874213218688965,-2.1732308864593506,OUTBOUND,-47.45502471923828,-0.14804981476228854,0.007840000092983246
1,56,0.875,0.5724309682846069,55.0714225769043,updated,1.6179555654525757,-0.8943167924880981,193.0644073486328,1.1435574293136597,1.1233266592025757,77.53904817497823,27.38256397878934,1805,7,216,0,8,,0,64,-6.929139137268066,4.859814643859863,-2.0000131130218506,OUTBOUND,-47.13582992553711,-0.1847173171534959,0.007840000092983246
1,54,0.84375,0.955670952796936,54.97640609741211,updated,1.6184407472610474,-0.8975005149841309,104.5630874633789,2.8735811710357666,2.879861354827881,77.57022769498872,27.370410715746733,1806,7,217,0,10,,3,61,-6.927958011627197,4.865272045135498,-1.5715217590332031,OUTBOUND,-46.81344985961914,-0.21315983690916143,0.007840000092983246
1,59,0.921875,0.984763503074646,55.21866989135742,updated,1.6189261674880981,-0.9084334373474121,139.6470184326172,1.5856225490570068,1.5626940727233887,77.6054673679755,27.35826346138358,1807,7,218,0,5,,1,63,-6.929571628570557,4.8868184089660645,-1.7351423501968384,OUTBOUND,-46.97261047363281,-0.201933494295281,0.007840000092983246
0,56,0.875,1.6435446739196777,56.063533782958984,updated,1.6194132566452026,-0.9333844780921936,32.23100662231445,2.4717931747436523,2.4081506729125977,77.74280442399322,27.34606935854947,1808,7,219,1,8,STALE_OR_INCOMPLETE_BUNDLE,3,61,-6.929906368255615,4.937434673309326,-1.8445554971694946,OUTBOUND,-47.83247375488281,-0.2249911817481516,0.007840000092983246
1,57,0.890625,1.2091009616851807,55.71485900878906,updated,1.6198989152908325,-0.8802568912506104,43.84576416015625,3.314863443374634,3.321580648422241,77.76790819197777,27.333841746916683,1809,7,220,0,7,,4,60,-6.92890739440918,4.826016426086426,-1.611915946006775,OUTBOUND,-47.61796569824219,-0.263353738550708,0.007840000092983246
1,59,0.921875,0.5710861086845398,56.05213928222656,updated,1.6203852891921997,-0.9185141324996948,76.3418197631836,3.4539060592651367,3.521735429763794,77.79424335798831,27.3216068665854,1810,7,221,0,5,,4,60,-6.9298095703125,4.904193878173828,-1.686639666557312,OUTBOUND,-48.06963348388672,-0.23773490029528196,0.007840000092983246
1,56,0.875,1.0990105867385864,56.08626174926758,updated,1.620871901512146,-0.9114059209823608,86.9024429321289,2.8942322731018066,2.958542823791504,77.83455816199421,27.309421210859384,1811,7,222,0,8,,3,61,-6.929427623748779,4.888282775878906,-1.9779870510101318,OUTBOUND,-48.08751678466797,-0.22303458730238968,0.007840000092983246
1,56,0.875,0.7952122092247009,55.57080841064453,updated,1.6213585138320923,-0.9071559309959412,22.190109252929688,1.8909258842468262,1.9484783411026,77.87074658100028,27.297232783844432,1812,7,223,0,8,,2,62,-6.928753852844238,4.8783087730407715,-1.6427524089813232,OUTBOUND,-47.77907180786133,-0.2401337608803328,0.007840000092983246
1,54,0.84375,1.1814287900924683,55.98430633544922,updated,1.621846318244934,-0.9280868768692017,89.31947326660156,3.5849084854125977,3.551999092102051,77.90141674099141,27.285033875563286,1813,7,224,0,10,,4,60,-6.928714275360107,4.9204535484313965,-2.1293275356292725,OUTBOUND,-48.06147766113281,-0.2491090067351549,0.007840000092983246
1,57,0.890625,0.6054277420043945,55.30991744995117,updated,1.6223342418670654,-0.9113468527793884,114.0438003540039,0.666516125202179,0.6906852126121521,77.929896688991,27.272824456418114,1814,7,225,0,7,,0,64,-6.928637504577637,4.884640693664551,-1.7226932048797607,OUTBOUND,-47.430816650390625,-0.26911570872884233,0.007840000092983246
1,56,0.875,0.7407799363136292,55.69460678100586,updated,1.622821569442749,-0.9008005261421204,36.8247184753418,1.6880942583084106,1.6723911762237549,78.07128005099366,27.26055573289633,1815,7,226,0,8,,2,62,-6.9287567138671875,4.861673831939697,-1.5954082012176514,OUTBOUND,-47.80064010620117,-0.2525307483478934,0.007840000092983246
1,60,0.9375,1.4086027145385742,55.47068405151367,updated,1.6233099699020386,-0.9287807941436768,66.20308685302734,31.451141357421875,31.274845123291016,78.10465323997778,27.24836493659946,1816,7,227,0,4,,2,62,-6.929046630859375,4.918309688568115,-1.8716273307800293,OUTBOUND,-47.50263595581055,-0.20115994275348695,0.007840000092983246
1,59,0.921875,1.4021430015563965,55.1596565246582,updated,1.6237974166870117,-0.8950340747833252,91.19905090332031,2.3311352729797363,2.3561813831329346,78.13425288698636,27.236206398958426,1817,7,228,0,5,,2,62,-6.9292473793029785,4.8474602699279785,-1.9795928001403809,OUTBOUND,-47.28279495239258,-0.21270998760122514,0.007840000092983246
1,58,0.90625,0.9285253286361694,55.65032196044922,updated,1.6242859363555908,-0.92889404296875,123.10619354248047,1.4149366617202759,1.3964693546295166,78.16591988698929,27.224028466888868,1818,7,229,0,6,,1,63,-6.9302568435668945,4.916163921356201,-2.037868022918701,OUTBOUND,-47.44997787475586,-0.24317045027895137,0.007840000092983246
1,60,0.9375,1.0887959003448486,56.030616760253906,updated,1.624773383140564,-0.8926229476928711,103.01480102539062,0.4855024218559265,0.46964189410209656,78.20105102198431,27.211826834321663,1819,7,230,0,4,,0,64,-6.928564071655273,4.840200424194336,-1.5826009511947632,OUTBOUND,-47.95831298828125,-0.21416086628209927,0.007840000092983246
0,59,0.921875,0.7984897494316101,56.28828430175781,updated,1.6252607107162476,-0.9080225229263306,40.11174392700195,2.5298285484313965,2.496070384979248,78.33305736698094,27.199636281964196,1820,7,231,1,5,STALE_OR_INCOMPLETE_BUNDLE,3,61,-6.928149223327637,4.870790481567383,-1.6534048318862915,OUTBOUND,-48.06669998168945,-0.22220326906571947,0.007840000092983246
1,58,0.90625,1.2342125177383423,56.385337829589844,updated,1.6257468461990356,-0.8895073533058167,12.15848159790039,0.37950369715690613,0.37217554450035095,78.36958501298795,27.187421419885293,1821,7,232,0,6,,0,64,-6.928585052490234,4.831512451171875,-1.910799503326416,OUTBOUND,-48.49262237548828,-0.2705982892929724,0.007840000092983246
1,55,0.859375,0.7708230018615723,56.908695220947266,updated,1.6262339353561401,-0.9243105053901672,48.90338134765625,1.056455373764038,1.0418535470962524,78.39889954199316,27.175171518361715,1822,7,233,0,9,,1,63,-6.929948329925537,4.90200138092041,-1.7254725694656372,OUTBOUND,-48.73259735107422,-0.2704874343643069,0.007840000092983246
1,57,0.890625,0.9390616416931152,56.57338333129883,updated,1.6267213821411133,-0.9200917482376099,264.0561828613281,33.819671630859375,33.723541259765625,78.42388424597448,27.162926092395423,1823,7,234,0,7,,4,60,-6.927958011627197,4.892154216766357,-1.5911884307861328,OUTBOUND,-48.64664840698242,-0.2505684751425925,0.007840000092983246
1,50,0.78125,0.7081043720245361,56.52800369262695,updated,1.6272075176239014,-0.8863101005554199,178.9176025390625,6.121445178985596,6.026999473571777,78.44925955598592,27.1507022602198,1824,7,235,0,14,,7,57,-6.928857803344727,4.821559906005859,-1.8399591445922852,OUTBOUND,-48.62187576293945,-0.24531579135025058,0.007840000092983246
1,57,0.890625,0.9873756170272827,56.22578048706055,updated,1.6276947259902954,-0.9302688241004944,78.757080078125,3.2384607791900635,3.163701057434082,78.58902294500149,27.138490141669287,1825,7,236,0,7,,4,60,-6.929542064666748,4.910730838775635,-1.6822001934051514,OUTBOUND,-48.22105026245117,-0.2553194864586694,0.007840000092983246
1,58,0.90625,1.0455846786499023,56.03099060058594,updated,1.6281821727752686,-0.9173572659492493,66.45573425292969,1.0084205865859985,1.0217490196228027,78.61803803298972,27.12624366193173,1826,7,237,0,6,,1,63,-6.927958011627197,4.883053302764893,-1.8121274709701538,OUTBOUND,-48.2160758972168,-0.26815087169250995,0.007840000092983246
1,57,0.890625,0.9322656989097595,56.29051971435547,updated,1.6286708116531372,-0.933631956577301,110.39791870117188,0.559252142906189,0.5777236819267273,78.66447792598046,27.114014849828024,1827,7,238,0,7,,0,64,-6.928745746612549,4.915283203125,-1.7521865367889404,OUTBOUND,-48.186859130859375,-0.24920884957375197,0.007840000092983246
1,54,0.84375,0.8792219758033752,56.02888107299805,updated,1.6291595697402954,-0.9180510640144348,65.85855865478516,2.5845699310302734,2.493650436401367,78.70927845599363,27.101824011218707,1828,7,239,0,10,,3,61,-6.92894172668457,4.882161617279053,-1.7837620973587036,OUTBOUND,-47.84199142456055,-0.1877365565463557,0.007840000092983246
1,52,0.8125,0.8766173124313354,56.207828521728516,updated,1.6296477317810059,-0.9042683243751526,140.01438903808594,34.061275482177734,34.00379943847656,78.73531696299324,27.08968792334966,1829,7,240,0,12,,6,58,-6.931280136108398,4.852765083312988,-1.4993544816970825,OUTBOUND,-48.41056442260742,-0.12804691930662418,0.007840000092983246
1,57,0.890625,1.2729532718658447,55.86953353881836,updated,1.6301357746124268,-0.9140112400054932,43.20323944091797,30.95677947998047,30.766185760498047,78.77276610399713,27.077574425198907,1830,7,241,0,7,,3,61,-6.929587364196777,4.871578216552734,-1.4721062183380127,OUTBOUND,-47.84428024291992,-0.08475083197434147,0.007840000092983246
1,59,0.921875,1.6395262479782104,55.68501663208008,updated,1.6306232213974,-0.9017719626426697,161.67523193359375,1.6549419164657593,1.6021981239318848,78.90520083997399,27.065467051376142,1831,7,242,0,5,,1,63,-6.9298505783081055,4.8453850746154785,-2.3118560314178467,OUTBOUND,-47.83053970336914,-0.06160862875996183,0.007840000092983246
1,58,0.90625,0.7143839597702026,56.218223571777344,updated,1.6311115026474,-0.9318971037864685,169.36094665527344,0.9548851847648621,0.8826083540916443,78.93136097397655,27.053333872025398,1832,7,243,0,6,,0,64,-6.929355144500732,4.905867099761963,-1.9100276231765747,OUTBOUND,-48.043182373046875,-0.03414060960139481,0.007840000092983246
1,58,0.90625,0.9755405783653259,56.15120315551758,updated,1.6316004991531372,-0.928223192691803,17.51987075805664,30.927471160888672,30.729692459106445,78.96065749999252,27.041215845727592,1833,7,244,0,6,,2,62,-6.928750038146973,4.897191524505615,-1.7842624187469482,OUTBOUND,-48.239952087402344,-0.027807815101312274,0.007840000092983246
1,57,0.890625,0.5859310030937195,56.567626953125,updated,1.632090449333191,-0.9380379319190979,69.80996704101562,1.9214608669281006,1.875430941581726,78.98914155198145,27.02907333252916,1834,7,245,0,7,,2,62,-6.9286017417907715,4.916078090667725,-1.8260635137557983,OUTBOUND,-48.38259506225586,-0.07181877780634129,0.007840000092983246
1,56,0.875,0.8228033781051636,56.77925491333008,updated,1.6325807571411133,-0.9235571026802063,23.461225509643555,1.9067974090576172,1.9076594114303589,79.01551941299113,27.01691111767455,1835,7,246,0,8,,2,62,-6.928292274475098,4.885342121124268,-1.8082071542739868,OUTBOUND,-48.65567398071289,-0.0955147213258594,0.007840000092983246
1,53,0.828125,0.8034998774528503,57.08026885986328,updated,1.6330703496932983,-0.9098913669586182,12.516660690307617,1.0598777532577515,1.0697431564331055,79.04282328399131,27.004809310844802,1836,7,247,0,11,,1,63,-6.928807258605957,4.856307506561279,-1.5457744598388672,OUTBOUND,-48.77326965332031,-0.06292585806138773,0.007840000092983246
1,58,0.90625,0.7069330811500549,56.66975402832031,updated,1.6335606575012207,-0.9314512610435486,118.2386703491211,30.014699935913086,29.865129470825195,79.17173417899176,26.992727257898245,1837,7,248,0,6,,1,63,-6.929353713989258,4.899130344390869,-1.955214500427246,OUTBOUND,-48.739051818847656,-0.024657568146447765,0.007840000092983246
1,55,0.859375,1.1107275485992432,57.17839050292969,updated,1.634050965309143,-0.921302855014801,34.21056365966797,1.8457905054092407,1.8738356828689575,79.19967322098091,26.980673092435882,1838,7,249,0,9,,2,62,-6.928445339202881,4.877289772033691,-1.8733887672424316,OUTBOUND,-49.11126708984375,0.0037396002680466518,0.007840000092983246
1,57,0.890625,1.2228435277938843,56.74538803100586,updated,1.6345409154891968,-0.9167732000350952,158.6458282470703,33.328250885009766,33.13726806640625,79.22863485798007,26.968606052550665,1839,7,250,0,7,,3,61,-6.9289870262146,4.866919040679932,-1.619134545326233,OUTBOUND,-48.74038314819336,0.012476209931151469,0.007840000092983246
1,58,0.90625,0.9621468782424927,56.543312072753906,updated,1.6350306272506714,-0.9147834181785583,8.056405067443848,2.723956346511841,2.726870059967041,79.26120891299797,26.956563586072967,1840,7,251,0,6,,3,61,-6.9287800788879395,4.861730098724365,-1.6976690292358398,OUTBOUND,-48.51506042480469,-0.005733178693852098,0.007840000092983246
1,53,0.828125,0.6318591237068176,56.14849853515625,updated,1.6355204582214355,-0.9233242273330688,28.608335494995117,2.87510347366333,2.910395383834839,79.4051373989787,26.944512390639858,1841,7,252,0,11,,3,61,-6.929426670074463,4.87796688079834,-1.8162814378738403,OUTBOUND,-48.351356506347656,-0.01323552207166938,0.007840000092983246
1,56,0.875,1.4137459993362427,57.016849517822266,updated,1.636009693145752,-0.9108771085739136,50.9449348449707,2.026618480682373,2.0417726039886475,79.4320751389896,26.932446051810146,1842,7,253,0,8,,2,62,-6.929256916046143,4.851522922515869,-1.9642037153244019,OUTBOUND,-49.110450744628906,-0.015254421813532454,0.007840000092983246
1,54,0.84375,1.3785614967346191,56.73499298095703,updated,1.6365000009536743,-0.9403416514396667,19.06109619140625,3.414309024810791,3.3605401515960693,79.46436131099472,26.920379935971354,1843,7,254,0,10,,4,60,-6.928631782531738,4.910253047943115,-1.9324263334274292,OUTBOUND,-48.48870086669922,0.003161928997475148,0.007840000092983246
1,57,0.890625,1.2072938680648804,56.921180725097656,updated,1.6369891166687012,-0.9000405669212341,123.74366760253906,0.6745170950889587,0.65181565284729,79.49255976098357,26.90830304270651,1844,7,255,0,7,,0,64,-6.928596019744873,4.827271461486816,-1.5137691497802734,OUTBOUND,-48.86579895019531,0.01333236472218538,0.007840000092983246
1,55,0.859375,0.6582706570625305,57.183509826660156,updated,1.6374776363372803,-0.9093120098114014,14.698859214782715,2.604945182800293,2.4979772567749023,79.5206485959934,26.896215687854596,1845,7,256,0,9,,3,61,-6.928306579589844,4.844975471496582,-1.7619251012802124,OUTBOUND,-48.91881561279297,-0.023182857813898103,0.007840000092983246
1,55,0.859375,0.7047159075737,57.3189811706543,updated,1.6379659175872803,-0.9170027375221252,49.667850494384766,0.40897274017333984,0.403799444437027,79.54810934799025,26.88410601059293,1846,7,257,0,9,,0,64,-6.929515361785889,4.859454154968262,-1.7017790079116821,OUTBOUND,-49.03566360473633,-0.06057950178582396,0.007840000092983246
1,55,0.859375,0.9555039405822754,57.78675842285156,updated,1.6384557485580444,-0.9483652114868164,28.62639617919922,1.7624040842056274,1.817642092704773,79.57845349799027,26.87199234473814,1847,7,258,0,9,,2,62,-6.931229591369629,4.921887397766113,-1.8623123168945312,OUTBOUND,-49.57441329956055,-0.07591812779968836,0.007840000092983246
0,57,0.890625,1.1683683395385742,57.04685974121094,updated,1.6389459371566772,-0.9299472570419312,52.3256950378418,2.6914665699005127,2.6345691680908203,79.71097297198139,26.859825174251398,1848,7,259,1,7,WATCHDOG_DEADLINE,3,61,-6.928747177124023,4.883421897888184,-2.1432604789733887,OUTBOUND,-48.904563903808594,-0.12183752953724254,0.007840000092983246
1,60,0.9375,0.9638298749923706,57.96057891845703,updated,1.6394364833831787,-0.9302889108657837,22.405366897583008,1.0382262468338013,1.0510896444320679,79.73905164498137,26.847618061645473,1849,7,260,0,4,,1,63,-6.928977966308594,4.882972717285156,-1.8502789735794067,OUTBOUND,-49.905948638916016,-0.13974299721009234,0.007840000092983246
1,55,0.859375,1.5649611949920654,57.63772201538086,updated,1.6399286985397339,-0.9577608108520508,209.04953002929688,6.89804744720459,6.851858615875244,79.76536124799168,26.83546040048339,1850,7,261,0,9,,8,56,-6.93010139465332,4.937404155731201,-2.0533783435821533,OUTBOUND,-49.3929328918457,-0.09401987863015103,0.007840000092983246
1,54,0.84375,1.1571965217590332,57.363590240478516,updated,1.6404201984405518,-0.9161499738693237,54.640838623046875,2.6609349250793457,2.6145427227020264,79.79153824099922,26.82331704261921,1851,7,262,0,10,,3,61,-6.930658340454102,4.852107524871826,-1.393573522567749,OUTBOUND,-49.49595260620117,-0.07827018968963464,0.007840000092983246
1,55,0.859375,1.0271540880203247,57.54833221435547,updated,1.640911340713501,-0.9198781847953796,28.145938873291016,1.048201560974121,1.0396870374679565,79.81748046298162,26.811202869746378,1852,7,263,0,9,,1,63,-6.92837381362915,4.858519077301025,-1.9337249994277954,OUTBOUND,-49.585960388183594,-0.06724879827929904,0.007840000092983246
1,50,0.78125,1.2946462631225586,57.52887725830078,updated,1.641403079032898,-0.9368180632591248,103.24589538574219,5.350984573364258,5.318424224853516,79.84553269698517,26.79910359197253,1853,7,264,0,14,,7,57,-6.927957534790039,4.891599178314209,-1.9094092845916748,OUTBOUND,-49.58564758300781,-0.047680898109861446,0.007840000092983246
1,57,0.890625,0.7608871459960938,57.39479064941406,updated,1.6418957710266113,-0.9480809569358826,59.482791900634766,2.643908739089966,2.618177890777588,79.98078558899579,26.78701495544548,1854,7,265,0,7,,3,61,-6.928596019744873,4.913184642791748,-1.8083891868591309,OUTBOUND,-49.36049270629883,-0.04637441162197918,0.007840000092983246
1,54,0.84375,0.9664425849914551,57.062076568603516,updated,1.6423885822296143,-0.9332309365272522,94.4319076538086,3.5601537227630615,3.457347869873047,80.01469776697922,26.77492093968469,1855,7,266,0,10,,4,60,-6.928808689117432,4.882077693939209,-1.6459815502166748,OUTBOUND,-48.76329803466797,-0.03838255533682042,0.007840000092983246
1,57,0.890625,1.41112220287323,56.89491653442383,updated,1.642881155014038,-0.92734295129776,144.70956420898438,2.1783037185668945,2.2270612716674805,80.04365743498784,26.7628329111319,1856,7,267,0,7,,2,62,-6.928596019744873,4.869071960449219,-2.05190110206604,OUTBOUND,-48.7315788269043,-0.033214163567621954,0.007840000092983246
1,50,0.78125,0.9317183494567871,57.471153259277344,updated,1.6433731317520142,-0.9167066812515259,108.5915298461914,1.5812647342681885,1.569271445274353,80.07399497998995,26.750768169412808,1857,7,268,0,14,,1,63,-6.929412841796875,4.846517562866211,-1.6049392223358154,OUTBOUND,-49.12498474121094,-0.04031161372111995,0.007840000092983246
0,59,0.921875,0.4111503064632416,57.38559341430664,updated,1.643864393234253,-0.9191498756408691,26.23943519592285,31.572072982788086,31.370868682861328,80.19552938098786,26.73866144620766,1858,7,269,1,5,STALE_OR_INCOMPLETE_BUNDLE,1,63,-6.928574562072754,4.85032320022583,-1.812286376953125,OUTBOUND,-49.32306671142578,-0.08094617854015301,0.007840000092983246
1,61,0.953125,0.7626475095748901,57.766632080078125,updated,1.6443558931350708,-0.9301197528839111,75.27947998046875,0.5249586701393127,0.5588377118110657,80.22015290198033,26.72654075666994,1859,7,270,0,3,,0,64,-6.9281697273254395,4.871280193328857,-1.695076823234558,OUTBOUND,-49.46278381347656,-0.13446322181207349,0.007840000092983246
1,56,0.875,0.5750318169593811,57.99946212768555,updated,1.644848346710205,-0.950983464717865,8.11632251739502,1.8522616624832153,1.8923389911651611,80.24911819898989,26.714393810479386,1860,7,271,0,8,,2,62,-6.930576324462891,4.912106037139893,-1.986032485961914,OUTBOUND,-49.50559997558594,-0.132417433768126,0.007840000092983246
1,60,0.9375,0.8075210452079773,58.22066116333008,updated,1.6453417539596558,-0.9492571353912354,45.163700103759766,1.048969030380249,1.0729963779449463,80.27733949499088,26.702281170345564,1861,7,272,0,4,,1,63,-6.927957534790039,4.907486438751221,-1.799631118774414,OUTBOUND,-49.91033172607422,-0.10598276385430791,0.007840000092983246
1,58,0.90625,1.0406419038772583,58.391963958740234,updated,1.6458356380462646,-0.9416605830192566,274.9776306152344,35.93012237548828,35.74097442626953,80.30373722297372,26.690151496336235,1862,7,273,0,6,,4,60,-6.929839134216309,4.891081809997559,-1.8097412586212158,OUTBOUND,-50.307823181152344,-0.06923015196026013,0.007840000092983246
1,51,0.796875,0.6591160297393799,57.96491241455078,updated,1.6463284492492676,-0.9163147211074829,163.75042724609375,4.445163726806641,4.436882972717285,80.33597770798951,26.678054639271025,1863,7,274,0,13,,5,59,-6.927958011627197,4.839073181152344,-1.6513984203338623,OUTBOUND,-50.188865661621094,-0.053244906025197665,0.007840000092983246
1,53,0.828125,0.8648463487625122,57.57746505737305,updated,1.6468214988708496,-0.9374157786369324,70.03266906738281,2.8529157638549805,2.8474576473236084,80.36342934699496,26.665996342228375,1864,7,275,0,11,,3,61,-6.9297404289245605,4.880293846130371,-1.664738655090332,OUTBOUND,-49.77719497680664,-0.06396362735710757,0.007840000092983246
1,57,0.890625,1.521257996559143,57.53655242919922,updated,1.6473159790039062,-0.9602960348129272,13.746299743652344,2.582839012145996,2.5591585636138916,80.4830353219877,26.65391835019034,1865,7,276,0,7,,3,61,-6.927958011627197,4.925030708312988,-1.917238473892212,OUTBOUND,-49.52849197387695,-0.03416866869433515,0.007840000092983246
1,59,0.921875,1.2784568071365356,56.96356201171875,updated,1.647811770439148,-0.9648949503898621,304.4590759277344,95.5330581665039,95.07080841064453,80.5072698360018,26.641875836827392,1866,7,277,0,5,,3,61,-6.93080472946167,4.93308687210083,-1.9471049308776855,OUTBOUND,-49.090049743652344,-0.002834254081652772,0.007840000092983246
1,55,0.859375,0.6290558576583862,56.88837814331055,updated,1.6483087539672852,-0.9602358937263489,140.46205139160156,3.0753579139709473,3.133892774581909,80.53189508899231,26.62983735581717,1867,7,278,0,9,,3,61,-6.928110122680664,4.922593593597412,-1.8882379531860352,OUTBOUND,-49.05210494995117,0.015857411346633103,0.007840000092983246
1,52,0.8125,1.311132788658142,57.006832122802734,updated,1.6488051414489746,-0.9314727187156677,173.29566955566406,3.34378719329834,3.3817882537841797,80.55668164699455,26.617779347258008,1868,7,279,0,12,,3,61,-6.930056571960449,4.86387825012207,-2.237308979034424,OUTBOUND,-48.98729705810547,0.024811535433814372,0.007840000092983246
1,58,0.90625,0.5499038100242615,57.60063934326172,updated,1.6493009328842163,-0.9314226508140564,201.12022399902344,1.850015640258789,1.8332955837249756,80.58394656499149,26.605730506107765,1869,7,280,0,6,,1,63,-6.92921257019043,4.862656116485596,-1.6896568536758423,OUTBOUND,-49.435997009277344,0.01904637331261232,0.007840000092983246
0,55,0.859375,0.9820243120193481,58.02119064331055,updated,1.6497982740402222,-0.9700189828872681,156.3147430419922,2.3063831329345703,2.225726842880249,80.71380502698594,26.593645346123843,1870,7,281,1,9,STALE_OR_INCOMPLETE_BUNDLE,2,62,-6.930076599121094,4.938675403594971,-1.985485553741455,OUTBOUND,-49.564151763916016,-0.020627193100412715,0.007840000092983246
1,58,0.90625,1.3642609119415283,57.631927490234375,updated,1.6502974033355713,-0.9783452153205872,106.80551147460938,35.56769561767578,35.36745071411133,80.7422808999836,26.581573006427476,1871,7,282,0,6,,6,58,-6.927989482879639,4.954138278961182,-2.220747232437134,OUTBOUND,-49.29046630859375,-0.0777122058977476,0.007840000092983246
1,55,0.859375,0.9842622876167297,57.9112663269043,updated,1.650795817375183,-0.9335819482803345,98.65522766113281,2.096883535385132,2.0362348556518555,80.77285107999342,26.56946414357697,1872,7,283,0,9,,2,62,-6.927964210510254,4.863602638244629,-1.8294034004211426,OUTBOUND,-49.45808410644531,-0.10251056880611102,0.007840000092983246
1,55,0.859375,0.9119840264320374,58.16254806518555,updated,1.6512936353683472,-0.9355596899986267,87.54348754882812,32.63420104980469,32.413780212402344,80.79919770697597,26.557359699436375,1873,7,284,0,9,,2,62,-6.9289069175720215,4.866425514221191,-1.663717269897461,OUTBOUND,-50.04769515991211,-0.1241446974352125,0.007840000092983246
1,59,0.921875,1.0808730125427246,58.04772186279297,updated,1.651790738105774,-0.9327340126037598,24.67729377746582,31.342988967895508,31.166622161865234,80.82260384497931,26.54523008464244,1874,7,285,0,5,,1,63,-6.9291582107543945,4.859669208526611,-1.5745221376419067,OUTBOUND,-49.90950012207031,-0.1168015890036358,0.007840000092983246
1,59,0.921875,1.2146344184875488,57.93067932128906,updated,1.6522881984710693,-0.9494472146034241,170.81411743164062,36.42721939086914,36.20253372192383,80.95592993198079,26.533088263892186,1875,7,286,0,5,,5,59,-6.928574562072754,4.891857147216797,-1.9249365329742432,OUTBOUND,-49.88174819946289,-0.1082376051795285,0.007840000092983246
1,59,0.921875,1.0915549993515015,58.31533432006836,updated,1.6527862548828125,-0.9600057005882263,135.72792053222656,0.6326889991760254,0.6709963083267212,80.98680955098826,26.520914343516857,1876,7,287,0,5,,0,64,-6.9291911125183105,4.91174840927124,-2.0534989833831787,OUTBOUND,-50.16831588745117,-0.11353333972589631,0.007840000092983246
1,53,0.828125,0.6855917572975159,57.94057083129883,updated,1.6532840728759766,-0.9401882290840149,64.85074615478516,2.9384765625,3.0230600833892822,81.01463887098362,26.508735583085837,1877,7,288,0,11,,3,61,-6.931022644042969,4.871160507202148,-1.9006882905960083,OUTBOUND,-49.76364517211914,-0.10892961959504058,0.007840000092983246
1,57,0.890625,0.878542423248291,57.93762969970703,updated,1.6537816524505615,-0.9448432326316833,95.7308349609375,2.035900831222534,2.11502742767334,81.04115934798028,26.496554861947054,1878,7,289,0,7,,2,62,-6.931316375732422,4.879299163818359,-1.58888578414917,OUTBOUND,-49.673919677734375,-0.10291209686261787,0.007840000092983246
1,53,0.828125,0.5495646595954895,58.81718063354492,updated,1.6542794704437256,-0.9502078890800476,53.886051177978516,1.2556673288345337,1.2958736419677734,81.06594195397338,26.484349294360797,1879,7,290,0,11,,1,63,-6.927958011627197,4.888838768005371,-1.9037623405456543,OUTBOUND,-50.27447509765625,-0.0692603443629598,0.007840000092983246
1,58,0.90625,0.7861260771751404,58.781063079833984,updated,1.6547768115997314,-0.9373013973236084,21.753952026367188,0.28913265466690063,0.302129864692688,81.09394109298592,26.472189082141476,1880,7,291,0,6,,0,64,-6.928584575653076,4.862069129943848,-1.7137062549591064,OUTBOUND,-50.436710357666016,-0.04938314297520379,0.007840000092983246
1,56,0.875,0.938117265701294,58.584693908691406,updated,1.6552743911743164,-0.951818585395813,308.7347106933594,37.7877197265625,37.541900634765625,81.23072126097395,26.46002703144562,1881,7,292,0,8,,7,57,-6.929214000701904,4.8897809982299805,-1.7219191789627075,OUTBOUND,-50.49803924560547,-0.04117946871236326,0.007840000092983246
1,55,0.859375,0.9167013168334961,58.724918365478516,updated,1.6557722091674805,-0.9530903697013855,116.2344970703125,2.126765251159668,2.2537286281585693,81.25777354298043,26.44784400381751,1882,7,293,0,9,,2,62,-6.928249359130859,4.891177177429199,-1.6449030637741089,OUTBOUND,-50.80720901489258,-0.024559818864539493,0.007840000092983246
1,60,0.9375,1.0842832326889038,58.59522247314453,updated,1.6562691926956177,-0.9306033253669739,122.1124267578125,3.546320915222168,3.5835063457489014,81.28298455098411,26.435703982217607,1883,7,294,0,4,,4,60,-6.928564071655273,4.845456123352051,-1.499327301979065,OUTBOUND,-50.58348846435547,-0.022283268800764814,0.007840000092983246
1,61,0.953125,0.9008193612098694,58.544193267822266,updated,1.6567648649215698,-0.9249627590179443,143.35244750976562,32.61653137207031,32.3811149597168,81.30726365497685,26.423627441951005,1884,7,295,0,3,,2,62,-6.928949356079102,4.833179473876953,-1.8326184749603271,OUTBOUND,-50.70730972290039,-0.027560228464223114,0.007840000092983246
1,56,0.875,0.8731385469436646,58.42676544189453,updated,1.6572617292404175,-0.9631394147872925,119.79580688476562,34.05326461791992,33.749488830566406,81.33036824097508,26.411563156588567,1885,7,296,0,8,,3,61,-6.929676532745361,4.907710075378418,-1.9531892538070679,OUTBOUND,-50.65875244140625,-0.021816389007772184,0.007840000092983246
1,60,0.9375,1.2229793071746826,58.121028900146484,updated,1.6577588319778442,-0.9555743336677551,181.82249450683594,0.9274013042449951,0.952498197555542,81.35487748199375,26.399508130482744,1886,7,297,0,4,,0,64,-6.928173542022705,4.891602039337158,-2.0244951248168945,OUTBOUND,-50.19908142089844,-0.03471605458409105,0.007840000092983246
1,55,0.859375,0.7537848353385925,58.2139778137207,updated,1.6582562923431396,-0.9530898928642273,138.13735961914062,3.0561587810516357,3.109471321105957,81.4841346059984,26.387437705815334,1887,7,298,0,9,,3,61,-6.928828239440918,4.885563850402832,-1.6065787076950073,OUTBOUND,-50.14607238769531,-0.07808664625293246,0.007840000092983246
1,55,0.859375,1.1150908470153809,58.18354034423828,updated,1.6587533950805664,-0.9418229460716248,16.194698333740234,35.56532669067383,35.2232780456543,81.50717098399764,26.375356644032482,1888,7,299,0,9,,5,59,-6.9299421310424805,4.862168788909912,-1.6451054811477661,OUTBOUND,-50.11094665527344,-0.11326997193830343,0.007840000092983246
1,57,0.890625,0.92343670129776,57.32792663574219,updated,1.6592497825622559,-0.9353843331336975,33.36545181274414,36.68509292602539,36.41071319580078,81.53429488398251,26.36323799520434,1889,7,300,0,7,,5,59,-6.929234027862549,4.848343372344971,-1.6599448919296265,OUTBOUND,-49.40555191040039,-0.15192580616233445,0.007840000092983246
1,59,0.921875,0.7081372737884521,57.732948303222656,updated,1.659746527671814,-0.9562296271324158,105.82122802734375,34.632896423339844,34.44770812988281,81.56245680598659,26.351107580485102,1890,7,301,0,5,,2,62,-6.92908239364624,4.888417720794678,-1.7330912351608276,OUTBOUND,-49.67158508300781,-0.18491958047635904,0.007840000092983246
1,57,0.890625,0.8602833151817322,58.279483795166016,updated,1.6602431535720825,-0.9430676102638245,178.78163146972656,3.5081491470336914,3.495518207550049,81.69540005098679,26.33897132544482,1891,7,302,0,7,,3,61,-6.927958011627197,4.861324310302734,-1.7100359201431274,OUTBOUND,-49.9415283203125,-0.2081739622797109,0.007840000092983246
1,58,0.90625,1.265486240386963,58.38185119628906,updated,1.660739541053772,-0.9438576102256775,137.9741973876953,2.92319917678833,2.8737823963165283,81.72310102797928,26.32682152081833,1892,7,303,0,6,,3,61,-6.929046630859375,4.861783981323242,-1.9465491771697998,OUTBOUND,-49.986854553222656,-0.22627098588102518,0.007840000092983246
1,54,0.84375,0.9983186721801758,59.183834075927734,updated,1.6612358093261719,-0.9482030272483826,85.80472564697266,2.058980941772461,2.0530214309692383,81.75253039397649,26.314681292071135,1893,7,304,0,10,,2,62,-6.928577899932861,4.869253635406494,-1.7181411981582642,OUTBOUND,-50.47425842285156,-0.22171704304987733,0.007840000092983246
1,55,0.859375,1.1890039443969727,59.010616302490234,updated,1.66173255443573,-0.956873893737793,24.67236328125,3.2770986557006836,3.1700010299682617,81.77821165698697,26.302536560537316,1894,7,305,0,9,,4,60,-6.928588390350342,4.8852362632751465,-2.1042542457580566,OUTBOUND,-50.49297332763672,-0.18327479785402884,0.007840000092983246
1,59,0.921875,0.5188696384429932,59.51519775390625,updated,1.6622296571731567,-0.9550116658210754,10.53710651397705,1.1978384256362915,1.2741167545318604,81.81074180998257,26.29044712626119,1895,7,306,0,5,,1,63,-6.929454803466797,4.880459308624268,-1.7840253114700317,OUTBOUND,-51.158077239990234,-0.15496657109818643,0.007840000092983246
1,58,0.90625,0.5530146956443787,59.61134338378906,updated,1.6627273559570312,-0.962934672832489,100.67837524414062,2.231241464614868,2.385415554046631,81.83709149598144,26.278335534963723,1896,7,307,0,6,,2,62,-6.928584575653076,4.894944190979004,-1.5857716798782349,OUTBOUND,-51.32040023803711,-0.161226754482732,0.007840000092983246
1,59,0.921875,1.063895344734192,59.898475646972656,updated,1.663225531578064,-0.9595619440078735,166.92245483398438,4.039873123168945,4.059720516204834,81.8614245269855,26.266213429064177,1897,7,308,0,5,,4,60,-6.929429054260254,4.887195110321045,-1.8961869478225708,OUTBOUND,-51.713050842285156,-0.1622511640808014,0.007840000092983246
0,54,0.84375,1.1970990896224976,59.70949935913086,updated,1.6637223958969116,-0.9294436573982239,106.67981719970703,2.3600246906280518,2.3752541542053223,81.97753263599589,26.2540168460641,1898,7,309,1,10,WATCHDOG_DEADLINE,2,62,-6.927958011627197,4.826884746551514,-2.062805652618408,OUTBOUND,-51.584327697753906,-0.20100004358447351,0.007840000092983246
1,48,0.75,0.6871376633644104,59.210330963134766,updated,1.664219856262207,-0.9597691893577576,160.54750061035156,5.708160400390625,5.62111234664917,82.00493317298242,26.24186634285357,1899,7,310,0,16,,6,58,-6.92871618270874,4.8853840827941895,-1.9468687772750854,OUTBOUND,-51.291297912597656,-0.23112645380075805,0.007840000092983246
1,56,0.875,1.0678571462631226,58.70197296142578,updated,1.6647168397903442,-0.9461206197738647,37.54383850097656,3.40500545501709,3.262641191482544,82.03198168898234,26.229719129556994,1900,7,311,0,8,,4,60,-6.929317951202393,4.857482433319092,-1.61789870262146,OUTBOUND,-50.68578338623047,-0.23580298553136045,0.007840000092983246
1,58,0.90625,0.44860169291496277,59.132991790771484,updated,1.6652148962020874,-0.9694816470146179,7.998626708984375,3.2899811267852783,3.229851245880127,82.05706475497573,26.2175340973554,1901,7,312,0,6,,4,60,-6.928694725036621,4.902230739593506,-1.8770066499710083,OUTBOUND,-51.167015075683594,-0.2715712060916322,0.007840000092983246
1,58,0.90625,0.8945450186729431,58.418914794921875,updated,1.6657129526138306,-0.9566643238067627,162.46900939941406,1.8730707168579102,2.0181660652160645,82.07968804700067,26.205366995881565,1902,7,313,0,6,,1,63,-6.929046630859375,4.875980854034424,-1.8798229694366455,OUTBOUND,-50.53227233886719,-0.2841106775715746,0.007840000092983246
1,55,0.859375,0.9367673993110657,58.882564544677734,updated,1.6662099361419678,-0.9318110346794128,68.42762756347656,4.419431209564209,4.494948863983154,82.10733209599857,26.19319368038185,1903,7,314,0,9,,5,59,-6.928828239440918,4.826174259185791,-2.0142822265625,OUTBOUND,-50.701881408691406,-0.2745523656179458,0.007840000092983246
1,58,0.90625,1.409943699836731,58.4716911315918,updated,1.6667070388793945,-0.9527524709701538,8.443117141723633,34.26693344116211,33.98131561279297,82.23652421898441,26.180996856351236,1904,7,315,0,6,,4,60,-6.929825305938721,4.866123676300049,-2.2229859828948975,OUTBOUND,-50.23826599121094,-0.24538179344266692,0.007840000092983246
1,57,0.890625,0.8159531950950623,58.58940505981445,updated,1.6672042608261108,-0.9562414884567261,188.15936279296875,2.048610210418701,2.0440080165863037,82.26506078700186,26.168865019265443,1905,7,316,0,7,,1,63,-6.930207252502441,4.871863842010498,-1.665221929550171,OUTBOUND,-50.33770751953125,-0.2018909578203307,0.007840000092983246
1,57,0.890625,0.6832028031349182,59.102787017822266,updated,1.6677011251449585,-0.949131965637207,114.59765625,3.7071425914764404,3.6525728702545166,82.29195753199747,26.15672091893165,1906,7,317,0,7,,4,60,-6.929230213165283,4.856863498687744,-2.014974594116211,OUTBOUND,-50.656681060791016,-0.15251321092473738,0.007840000092983246
1,61,0.953125,1.3207019567489624,60.214996337890625,updated,1.668199896812439,-0.9886611700057983,89.91741180419922,1.2694419622421265,1.239270806312561,82.32325899097486,26.14460996227852,1907,7,318,0,3,,1,63,-6.929150104522705,4.933070182800293,-2.024261951446533,OUTBOUND,-51.588623046875,-0.102825809653139,0.007840000092983246
0,57,0.890625,0.8989772796630859,59.22147750854492,updated,1.6686992645263672,-0.966225802898407,63.9586296081543,34.617820739746094,34.322872161865234,82.44444830698194,26.13246064624737,1908,7,319,1,7,STALE_OR_INCOMPLETE_BUNDLE,2,62,-6.929265975952148,4.8881001472473145,-1.9238827228546143,OUTBOUND,-50.81455993652344,-0.1262592041259518,0.007840000092983246
1,53,0.828125,1.069218635559082,60.040409088134766,updated,1.6691988706588745,-0.9642766118049622,123.7834701538086,5.054086208343506,5.060408115386963,82.47094003399252,26.12035910952217,1909,7,320,0,11,,6,58,-6.929679870605469,4.883189678192139,-1.826719880104065,OUTBOUND,-51.51469421386719,-0.18399401061927884,0.007840000092983246
1,58,0.90625,1.6176141500473022,59.39232635498047,updated,1.6696991920471191,-0.9729710221290588,16.08624267578125,2.1430928707122803,2.2546133995056152,82.49755639999057,26.108233887704266,1910,7,321,0,6,,2,62,-6.929238319396973,4.899058818817139,-2.097099542617798,OUTBOUND,-51.184356689453125,-0.18725118133967686,0.007840000092983246
1,57,0.890625,0.7399824261665344,59.40788269042969,updated,1.6701985597610474,-0.9445807933807373,198.6572265625,35.9077262878418,35.485130310058594,82.52463636398898,26.096104914161135,1911,7,322,0,7,,5,59,-6.929969787597656,4.842568874359131,-1.7144883871078491,OUTBOUND,-51.28270721435547,-0.17943546016272846,0.007840000092983246
1,58,0.90625,1.1049079895019531,59.52308654785156,updated,1.6706995964050293,-0.9873831272125244,11.814290046691895,1.935374140739441,1.9989967346191406,82.5489085369918,26.083967565375595,1912,7,323,0,6,,2,62,-6.927978038787842,4.924939155578613,-1.9764670133590698,OUTBOUND,-51.33369064331055,-0.17850609997020223,0.007840000092983246
1,57,0.890625,1.2723593711853027,59.516048431396484,updated,1.6712000370025635,-0.9526140689849854,49.78619384765625,1.3647956848144531,1.4553697109222412,82.574669367983,26.071834660634902,1913,7,324,0,7,,1,63,-6.9285664558410645,4.856070041656494,-1.5756921768188477,OUTBOUND,-51.336158752441406,-0.1757892088287729,0.007840000092983246
1,56,0.875,1.0350462198257446,59.75643539428711,updated,1.671700358390808,-0.9592218399047852,15.59105110168457,1.8426023721694946,1.86513352394104,82.59987160097808,26.059669960168304,1914,7,325,0,8,,2,62,-6.929906368255615,4.867855072021484,-1.6365325450897217,OUTBOUND,-51.28067398071289,-0.1595034457343768,0.007840000092983246
1,63,0.984375,1.442605972290039,59.594581604003906,updated,1.6721998453140259,-0.9448137283325195,93.40583038330078,0.5732618570327759,0.6312906742095947,82.7409919819911,26.04749721710627,1915,7,326,0,1,,0,64,-6.931204319000244,4.838726997375488,-1.361839771270752,OUTBOUND,-51.282962799072266,-0.11478060964095148,0.007840000092983246
1,55,0.859375,1.339855670928955,60.10748291015625,updated,1.6726996898651123,-0.9682875871658325,51.63035583496094,2.7433149814605713,2.8055806159973145,82.77496786799747,26.035341015933632,1916,7,327,0,9,,3,61,-6.928445339202881,4.883314609527588,-1.742972731590271,OUTBOUND,-51.883785247802734,-0.09978398193772847,0.007840000092983246
1,56,0.875,0.8647945523262024,60.29041290283203,updated,1.6732007265090942,-0.9850796461105347,25.926156997680664,1.1096810102462769,1.0578597784042358,82.80405346400221,26.023160696031958,1917,7,328,0,8,,1,63,-6.92860746383667,4.914862632751465,-1.777708649635315,OUTBOUND,-52.09939193725586,-0.1024155960618443,0.007840000092983246
1,55,0.859375,0.9711304903030396,60.14718246459961,updated,1.6737014055252075,-0.9571313858032227,15.648426055908203,1.874861240386963,1.8439210653305054,82.83298159998958,26.010996647473355,1918,7,329,0,9,,2,62,-6.9279584884643555,4.859452247619629,-1.7636702060699463,OUTBOUND,-51.837249755859375,-0.10994708752802913,0.007840000092983246
1,58,0.90625,1.223902702331543,60.26873016357422,updated,1.6742041110992432,-1.0011528730392456,39.406036376953125,1.920676350593567,1.8824948072433472,82.86149805999594,25.9988453920894,1919,7,330,0,6,,2,62,-6.928361415863037,4.943844318389893,-1.9622373580932617,OUTBOUND,-52.013607025146484,-0.13452800266184398,0.007840000092983246
0,55,0.859375,0.8726771473884583,59.71255874633789,updated,1.6747076511383057,-0.9844771027565002,66.9718017578125,4.129298686981201,4.005191802978516,82.98048614899744,25.98661219877391,1920,7,331,1,9,STALE_OR_INCOMPLETE_BUNDLE,5,59,-6.9279584884643555,4.9103522300720215,-1.881097674369812,OUTBOUND,-51.53989028930664,-0.18465362933349924,0.007840000092983246
1,55,0.859375,1.2507617473602295,60.37061309814453,updated,1.6752114295959473,-0.9759238958358765,26.37552261352539,2.458969831466675,2.406543493270874,83.00853875197936,25.974451354426193,1921,7,332,0,9,,3,61,-6.9279584884643555,4.892651557922363,-1.4566283226013184,OUTBOUND,-52.1756591796875,-0.2046775725450298,0.007840000092983246
1,61,0.953125,0.5294004678726196,59.35748291015625,updated,1.6757153272628784,-0.970246434211731,133.1761474609375,0.8206744194030762,0.9092524647712708,83.04089483097778,25.962313640820824,1922,7,333,0,3,,0,64,-6.9291911125183105,4.880543231964111,-1.8536661863327026,OUTBOUND,-51.21714401245117,-0.1639739379008426,0.007840000092983246
1,58,0.90625,1.3719478845596313,59.27116394042969,updated,1.6762181520462036,-0.9525739550590515,88.08753967285156,2.9779489040374756,3.0395421981811523,83.07762820299831,25.950174201879417,1923,7,334,0,6,,3,61,-6.928332328796387,4.84521484375,-1.3718807697296143,OUTBOUND,-51.1420783996582,-0.16543177466889936,0.007840000092983246
1,57,0.890625,0.39650002121925354,59.84611511230469,updated,1.6767215728759766,-0.9801114797592163,49.74003219604492,3.0188534259796143,3.054349899291992,83.11247694600024,25.938019522189865,1924,7,335,0,7,,3,61,-6.929370880126953,4.897454738616943,-1.8162657022476196,OUTBOUND,-51.454158782958984,-0.19012846037744593,0.007840000092983246
1,57,0.890625,1.454421043395996,60.11968994140625,updated,1.6772258281707764,-0.9859063029289246,7.621204853057861,3.37111759185791,3.3842175006866455,83.25530698199873,25.925839832537033,1925,7,336,0,7,,4,60,-6.92833948135376,4.90756368637085,-2.3492369651794434,OUTBOUND,-51.748260498046875,-0.2098498679759297,0.007840000092983246
1,53,0.828125,1.2696855068206787,60.9039192199707,updated,1.6777299642562866,-0.9694647789001465,1.9415249824523926,1.8493701219558716,1.8498938083648682,83.28031889398699,25.9136835314232,1926,7,337,0,11,,2,62,-6.928691864013672,4.874661922454834,-1.6159383058547974,OUTBOUND,-52.527671813964844,-0.2289319806547118,0.007840000092983246
1,55,0.859375,0.8368607759475708,60.645660400390625,updated,1.6782329082489014,-0.9477759003639221,23.752092361450195,0.3825937509536743,0.3511146306991577,83.30350090897991,25.901497968182284,1927,7,338,0,9,,0,64,-6.928945064544678,4.831657409667969,-1.8937023878097534,OUTBOUND,-52.43490982055664,-0.24636574801071195,0.007840000092983246
1,56,0.875,1.0554943084716797,60.360252380371094,updated,1.6787344217300415,-0.9445593953132629,110.70162200927734,4.370862007141113,4.342075347900391,83.32985120898229,25.889338129944385,1928,7,339,0,8,,5,59,-6.927958011627197,4.8243842124938965,-1.6666516065597534,OUTBOUND,-52.24409484863281,-0.2513881387414054,0.007840000092983246
1,63,0.984375,1.0262997150421143,60.433685302734375,updated,1.679237723350525,-1.0013796091079712,9.24455738067627,1.141777515411377,1.1138232946395874,83.35695789198508,25.8771657471267,1929,7,340,0,1,,1,63,-6.930239677429199,4.9330153465271,-1.8101872205734253,OUTBOUND,-52.145790100097656,-0.22032616502101296,0.007840000092983246
1,60,0.9375,0.5892531871795654,59.9208869934082,updated,1.679740309715271,-0.959286630153656,84.15342712402344,4.367746353149414,4.321423530578613,83.3834767099761,25.86503140121375,1930,7,341,0,4,,5,59,-6.927957534790039,4.8506903648376465,-1.7030709981918335,OUTBOUND,-51.82867431640625,-0.20362978178247385,0.007840000092983246
1,54,0.84375,1.282225251197815,60.47124481201172,updated,1.6802442073822021,-0.9950332641601562,9.794382095336914,2.0192477703094482,2.003807783126831,83.5018627109821,25.852877312988706,1931,7,342,0,10,,2,62,-6.928117752075195,4.918545722961426,-1.9122138023376465,OUTBOUND,-52.19188690185547,-0.19313136259070568,0.007840000092983246
1,61,0.953125,0.9663874506950378,60.63547897338867,updated,1.680747151374817,-0.9551934599876404,46.700069427490234,0.3302519619464874,0.302084356546402,83.52593470498687,25.840732145672497,1932,7,343,0,3,,0,64,-6.929150104522705,4.8406662940979,-1.8901360034942627,OUTBOUND,-52.350669860839844,-0.17618721662040956,0.007840000092983246
1,56,0.875,0.8315713405609131,60.35037612915039,updated,1.6812509298324585,-0.9872900247573853,34.10287857055664,2.6653013229370117,2.5594165325164795,83.55634197199834,25.82856989459275,1933,7,344,0,8,,3,61,-6.9288249015808105,4.901419639587402,-1.7511510848999023,OUTBOUND,-51.87424087524414,-0.18226590911038892,0.007840000092983246
1,59,0.921875,0.7079288959503174,60.628700256347656,updated,1.6817560195922852,-1.0015771389007568,10.73620319366455,2.508054256439209,2.4710426330566406,83.58502204698743,25.8163949657026,1934,7,345,0,5,,3,61,-6.929361820220947,4.927822113037109,-1.807431697845459,OUTBOUND,-52.18413543701172,-0.16346363002241446,0.007840000092983246
1,59,0.921875,1.3503741025924683,60.71882629394531,updated,1.6822590827941895,-0.9348408579826355,8.980897903442383,1.9964253902435303,1.9947187900543213,83.60997522698017,25.80426764820976,1935,7,346,0,5,,2,62,-6.928300380706787,4.7983293533325195,-1.4160845279693604,OUTBOUND,-52.58421325683594,-0.14036583238571654,0.007840000092983246
1,60,0.9375,0.8321192264556885,60.510108947753906,updated,1.6827630996704102,-0.9904722571372986,82.54548645019531,1.352550983428955,1.3278193473815918,83.632895688992,25.792136568316206,1936,7,347,0,4,,1,63,-6.928900718688965,4.904250621795654,-1.5507060289382935,OUTBOUND,-52.079917907714844,-0.16151463723304163,0.007840000092983246
1,58,0.90625,0.3067340850830078,61.164310455322266,updated,1.6832692623138428,-1.0184614658355713,26.03371810913086,1.2370145320892334,1.208338737487793,83.75799290899886,25.77997535885105,1937,7,348,0,6,,1,63,-6.9298095703125,4.956934928894043,-1.7856265306472778,OUTBOUND,-52.71207046508789,-0.1516914388164995,0.007840000092983246
1,59,0.921875,1.7720296382904053,61.379295349121094,updated,1.68377685546875,-1.0061253309249878,5.566986560821533,1.1227343082427979,1.0923268795013428,83.79889998899307,25.767886294949076,1938,7,349,0,5,,1,63,-6.929113388061523,4.932114601135254,-1.8978395462036133,OUTBOUND,-52.81692886352539,-0.10680117527966422,0.007840000092983246
1,56,0.875,0.9807969331741333,61.448707580566406,updated,1.6842848062515259,-0.9906576871871948,25.76123046875,1.1227631568908691,1.077828288078308,83.82857025097474,25.75581072675622,1939,7,350,0,8,,1,63,-6.927958011627197,4.901310443878174,-2.080195188522339,OUTBOUND,-52.91368103027344,-0.09820010790345475,0.007840000092983246
1,56,0.875,1.0571237802505493,61.105499267578125,updated,1.6847903728485107,-0.9361642003059387,80.93057250976562,3.0084609985351562,2.963059425354004,83.85487359997933,25.743704275505163,1940,7,351,0,8,,3,61,-6.929862022399902,4.795684814453125,-1.612087368965149,OUTBOUND,-52.79424285888672,-0.12144591661354184,0.007840000092983246
1,60,0.9375,0.9216034412384033,61.160728454589844,updated,1.6852962970733643,-0.9853171110153198,29.16108512878418,1.0931652784347534,1.0695884227752686,83.984124546987,25.731571627789844,1941,7,352,0,4,,1,63,-6.928796768188477,4.888879299163818,-1.8123447895050049,OUTBOUND,-52.953521728515625,-0.14544433661951178,0.007840000092983246
1,62,0.96875,0.8760926723480225,61.0311164855957,updated,1.6858025789260864,-0.9883875250816345,20.923324584960938,1.9268966913223267,1.9119126796722412,84.01345318899257,25.71943078368572,1942,7,353,0,2,,2,62,-6.929417133331299,4.893675327301025,-1.6146589517593384,OUTBOUND,-52.724937438964844,-0.14068200461497993,0.007840000092983246
1,61,0.953125,0.6019537448883057,60.349796295166016,updated,1.6863096952438354,-0.9969840049743652,95.07138061523438,35.91054153442383,35.923744201660156,84.03826611099066,25.707284050820217,1943,7,354,0,3,,1,63,-6.929146766662598,4.909046649932861,-1.9873147010803223,OUTBOUND,-52.24541473388672,-0.1466536424635153,0.007840000092983246
1,56,0.875,0.9024025797843933,60.702701568603516,updated,1.68681800365448,-1.004223346710205,39.68840789794922,1.8323638439178467,1.807769536972046,84.06539726999472,25.69515734852487,1944,7,355,0,8,,2,62,-6.928639888763428,4.921802043914795,-2.040926456451416,OUTBOUND,-52.5689582824707,-0.1640509466837582,0.007840000092983246
1,57,0.890625,1.1717509031295776,60.17415237426758,updated,1.6873259544372559,-0.9820313453674316,53.486690521240234,37.16946029663086,37.04945373535156,84.09401348498068,25.682995558273817,1945,7,356,0,7,,3,61,-6.928592681884766,4.878249645233154,-1.7987282276153564,OUTBOUND,-52.157920837402344,-0.14858108283449867,0.007840000092983246
1,59,0.921875,0.6773059368133545,60.40024185180664,updated,1.6878331899642944,-0.9670121669769287,176.87759399414062,0.8778176307678223,0.9081847667694092,84.1200736789906,25.670879446575242,1946,7,357,0,5,,0,64,-6.928574562072754,4.848459243774414,-1.6668976545333862,OUTBOUND,-52.15760040283203,-0.1464144695555522,0.007840000092983246
1,57,0.890625,0.6769109964370728,60.793514251708984,updated,1.6883413791656494,-1.004996418952942,110.23780059814453,2.9097540378570557,2.9288809299468994,84.14682962099323,25.658735094373085,1947,7,358,0,7,,3,61,-6.927958011627197,4.919963836669922,-1.9671698808670044,OUTBOUND,-52.24567413330078,-0.1435430936699573,0.007840000092983246
0,57,0.890625,0.6778391003608704,60.3198356628418,updated,1.688849687576294,-0.9881026744842529,185.9901885986328,1.7559010982513428,1.7244304418563843,84.27934444398852,25.646535827167344,1948,7,359,1,7,WATCHDOG_DEADLINE,1,63,-6.928762435913086,4.8866047859191895,-1.8826820850372314,OUTBOUND,-51.836570739746094,-0.09503082539930142,0.007840000092983246
1,54,0.84375,0.6763432621955872,60.76144027709961,updated,1.6893588304519653,-1.0036708116531372,119.74128723144531,1.3634088039398193,1.3442635536193848,84.30310957299662,25.634461113752785,1949,7,360,0,10,,1,63,-6.928312301635742,4.915228366851807,-1.7840663194656372,OUTBOUND,-52.19902420043945,-0.07148772539867325,0.007840000092983246
0,59,0.921875,1.2317755222320557,61.49365997314453,updated,1.689867615699768,-0.9814658761024475,35.24087142944336,1.980630874633789,1.9627714157104492,84.32392556799459,25.622330412623953,1950,7,361,1,5,NO_GENERATOR_SET,2,62,-6.929609775543213,4.871779441833496,-2.16145658493042,OUTBOUND,-52.91899108886719,-0.05196801647182182,0.007840000092983246
1,60,0.9375,0.8827457427978516,61.84151840209961,updated,1.690377116203308,-1.000475287437439,33.1680793762207,1.9221347570419312,1.864475965499878,84.34905369899934,25.610248315375646,1951,7,362,0,4,,2,62,-6.9283294677734375,4.906937599182129,-1.7728495597839355,OUTBOUND,-53.284183502197266,-0.05067035598052842,0.007840000092983246
0,57,0.890625,0.7138502597808838,61.8664436340332,updated,1.6908845901489258,-0.9514732360839844,63.48966598510742,1.3207825422286987,1.2914048433303833,84.37090751697542,25.59808871824215,1952,7,363,1,7,INSUFFICIENT_RECOVERY_RESERVE,1,63,-6.929872035980225,4.812496662139893,-2.0544254779815674,OUTBOUND,-53.40938186645508,-0.04991035788918439,0.007840000092983246
0,58,0.90625,0.42955589294433594,61.47859573364258,updated,1.6913923025131226,-0.9900692701339722,73.75286102294922,2.0405983924865723,2.0381884574890137,84.39145448998897,25.585932931851218,1953,7,364,1,6,NO_GENERATOR_SET,2,62,-6.928341865539551,4.884942531585693,-1.7851474285125732,OUTBOUND,-53.135101318359375,-0.0007545543560396415,0.007840000092983246
1,57,0.890625,0.8642697334289551,61.81206130981445,updated,1.6919009685516357,-1.00533127784729,252.3900146484375,36.67596435546875,36.63859558105469,84.41671720700106,25.573753330598066,1954,7,365,0,7,,2,62,-6.928582668304443,4.912904739379883,-1.9927376508712769,OUTBOUND,-53.69835662841797,0.0016432743298328905,0.007840000092983246
1,55,0.859375,1.0435689687728882,61.11430358886719,updated,1.6924082040786743,-0.9608270525932312,261.5071105957031,40.02521896362305,39.90571212768555,84.54649380399496,25.561610528047332,1955,7,366,0,9,,4,60,-6.928777694702148,4.827178955078125,-1.5433934926986694,OUTBOUND,-53.166770935058594,-0.014109248559675458,0.007840000092983246
1,55,0.859375,0.44716060161590576,61.14740753173828,updated,1.6929166316986084,-1.0096286535263062,161.0104217529297,37.24216079711914,37.02274703979492,84.57202295798925,25.54947044350175,1956,7,367,0,9,,2,62,-6.930099010467529,4.918889999389648,-1.8061761856079102,OUTBOUND,-53.08773422241211,-0.025277867676845544,0.007840000092983246
1,60,0.9375,0.8002451658248901,60.95827102661133,updated,1.6934254169464111,-0.9967116117477417,55.78057861328125,2.1173486709594727,2.1078004837036133,84.59628145297756,25.537335172238706,1957,7,368,0,4,,2,62,-6.928301811218262,4.893259048461914,-1.9307818412780762,OUTBOUND,-52.91062545776367,-0.050003180661787966,0.007840000092983246
0,58,0.90625,0.9430358409881592,61.163902282714844,updated,1.6939340829849243,-0.985971987247467,158.397216796875,1.5998142957687378,1.575119137763977,84.62233044599998,25.525130611612568,1958,7,369,1,6,NO_GENERATOR_SET,1,63,-6.929012775421143,4.871790885925293,-1.8031337261199951,OUTBOUND,-52.87538146972656,-0.0414024147417815,0.007840000092983246
1,53,0.828125,1.1377997398376465,61.20475387573242,updated,1.6944433450698853,-1.0039620399475098,106.35890197753906,3.0445542335510254,3.017400026321411,84.6498770719918,25.512895889052427,1959,7,370,0,11,,3,61,-6.930901527404785,4.904857635498047,-2.095142126083374,OUTBOUND,-52.58357620239258,-0.04464993797339851,0.007840000092983246
0,54,0.84375,1.1274110078811646,61.03025817871094,updated,1.6949522495269775,-0.9821183085441589,131.60533142089844,3.037592649459839,2.9764084815979004,84.77044506699895,25.50068642418696,1960,7,371,1,10,NO_GENERATOR_SET,3,61,-6.928591728210449,4.862349987030029,-1.835607886314392,OUTBOUND,-52.496971130371094,-0.048032069369161635,0.0078038545325398445
1,57,0.890625,1.001659631729126,61.4564094543457,updated,1.6954617500305176,-1.0017037391662598,94.54461669921875,2.3699727058410645,2.379342794418335,84.80783480999526,25.48847271740632,1961,7,372,0,7,,2,62,-6.928596019744873,4.898407936096191,-2.14046311378479,OUTBOUND,-52.844478607177734,-0.054464014847545254,0.0078038545325398445
0,56,0.875,0.572141706943512,61.118385314941406,updated,1.695971965789795,-1.0084336996078491,82.4538803100586,37.67578125,37.354148864746094,84.83153304297593,25.476264028365044,1962,7,373,1,8,NO_GENERATOR_SET,3,61,-6.929256916046143,4.9100751876831055,-1.962356448173523,OUTBOUND,-52.60454177856445,-0.05986814716027903,0.007585679646581411
1,58,0.90625,1.032943606376648,61.83683776855469,updated,1.6964819431304932,-0.9879856705665588,24.867185592651367,1.8712958097457886,1.7729493379592896,84.86283648599056,25.464049563812683,1963,7,374,0,6,,2,62,-6.929046630859375,4.870278358459473,-2.2074358463287354,OUTBOUND,-53.307273864746094,-0.03333504473104886,0.007837938144803047
1,56,0.875,0.9538962841033936,62.1754264831543,updated,1.6969914436340332,-0.9861420392990112,25.425939559936523,0.3683716654777527,0.36827322840690613,84.89280961098848,25.451840636664834,1964,7,375,0,8,,0,64,-6.928293704986572,4.865726470947266,-1.501125693321228,OUTBOUND,-53.72010803222656,-0.011182513694483514,0.007840000092983246
1,57,0.890625,1.1397665739059448,62.19446563720703,updated,1.6975010633468628,-0.9959015250205994,167.94338989257812,38.386104583740234,38.221309661865234,84.92066311798408,25.4396358622854,1965,7,376,0,7,,1,63,-6.927958011627197,4.883120536804199,-1.6504796743392944,OUTBOUND,-53.76979446411133,-0.003855605189357589,0.007840000092983246
1,55,0.859375,1.049988031387329,61.452457427978516,updated,1.6980093717575073,-0.9665931463241577,47.130462646484375,2.7766730785369873,2.698742389678955,84.94564174898551,25.427402934150763,1966,7,377,0,9,,3,61,-6.929941654205322,4.826665878295898,-1.907200574874878,OUTBOUND,-53.06346893310547,-0.030850561296780883,0.007840000092983246
0,60,0.9375,1.0503950119018555,62.015926361083984,updated,1.6985172033309937,-0.9826206564903259,7.381863117218018,1.141066551208496,1.130590558052063,85.08682909197523,25.4152408805389,1967,7,378,1,4,STALE_OR_INCOMPLETE_BUNDLE,1,63,-6.929187297821045,4.8559041023254395,-2.0117266178131104,OUTBOUND,-53.85853958129883,-0.034211992083730144,0.007840000092983246
1,56,0.875,1.1630197763442993,62.045433044433594,updated,1.6990249156951904,-0.9874219298362732,19.442861557006836,1.1491433382034302,1.1655346155166626,85.11369257597835,25.403055188394283,1968,7,379,0,8,,1,63,-6.929906368255615,4.863919258117676,-1.7842496633529663,OUTBOUND,-53.719635009765625,-0.044282693088187296,0.007840000092983246
1,56,0.875,1.1528446674346924,62.11469268798828,updated,1.6995326280593872,-0.9904076457023621,53.48164749145508,3.718687057495117,3.79126238822937,85.14002865098882,25.390893235723848,1969,7,380,0,8,,4,60,-6.929050922393799,4.868502140045166,-1.563437819480896,OUTBOUND,-53.75551223754883,-0.06354894451822615,0.007840000092983246
1,53,0.828125,0.7831381559371948,61.94883346557617,updated,1.700040340423584,-0.9896330833435059,55.5402717590332,3.4715678691864014,3.4549968242645264,85.16818008199334,25.37877128168637,1970,7,381,0,11,,4,60,-6.928979396820068,4.865988731384277,-1.7344168424606323,OUTBOUND,-53.76531982421875,-0.059017656602208673,0.007840000092983246
1,53,0.828125,1.16357421875,61.31003189086914,updated,1.700548768043518,-1.0060584545135498,141.04708862304688,40.293914794921875,40.03823471069336,85.19389718599268,25.366640833024185,1971,7,382,0,11,,5,59,-6.931032657623291,4.895891189575195,-1.736189603805542,OUTBOUND,-53.13041305541992,-0.07683670257937113,0.007840000092983246
1,53,0.828125,1.143306016921997,61.52302169799805,updated,1.701058030128479,-1.008368730545044,110.61686706542969,2.3474442958831787,2.3086509704589844,85.21786549600074,25.35448557193878,1972,7,383,0,11,,2,62,-6.927979469299316,4.899174690246582,-1.5722936391830444,OUTBOUND,-53.257930755615234,-0.09861118875755205,0.007840000092983246
1,56,0.875,0.7513779401779175,61.244842529296875,updated,1.7015676498413086,-1.0028387308120728,122.39221954345703,4.021652698516846,3.993342161178589,85.34222589098499,25.342300521141723,1973,7,384,0,8,,4,60,-6.929402828216553,4.887694358825684,-1.6614723205566406,OUTBOUND,-52.70072937011719,-0.09933897170220887,0.007840000092983246
1,54,0.84375,1.0264806747436523,61.95317840576172,updated,1.7020776271820068,-1.0023261308670044,129.51707458496094,2.944833517074585,2.947772741317749,85.3739539179951,25.33015479145455,1974,7,385,0,10,,3,61,-6.927958011627197,4.885666847229004,-1.8875923156738281,OUTBOUND,-53.50064468383789,-0.10786262791517352,0.007840000092983246
1,59,0.921875,1.030639886856079,61.5353889465332,updated,1.7025883197784424,-1.0106229782104492,63.30036163330078,39.182918548583984,38.77083206176758,85.39851585097495,25.317962338782355,1975,7,386,0,5,,4,60,-6.929807186126709,4.900203704833984,-1.624282956123352,OUTBOUND,-53.196861267089844,-0.10090355569654923,0.007840000092983246
1,58,0.90625,0.7540133595466614,61.35752868652344,updated,1.7030987739562988,-0.9961673617362976,205.32012939453125,74.33466339111328,73.8457260131836,85.42232438299106,25.305802636605748,1976,7,387,0,6,,4,60,-6.929113864898682,4.8719682693481445,-1.5305757522583008,OUTBOUND,-53.14568328857422,-0.059490785457905225,0.007840000092983246
0,59,0.921875,1.3953801393508911,61.82978057861328,updated,1.7036086320877075,-0.9827960133552551,140.9567413330078,2.472525119781494,2.5291426181793213,85.54349939897656,25.2936071603508,1977,7,388,1,5,STALE_OR_INCOMPLETE_BUNDLE,2,62,-6.929366588592529,4.84580135345459,-1.3061449527740479,OUTBOUND,-53.474647521972656,-0.014650804690732057,0.007840000092983246
1,58,0.90625,0.9460148215293884,61.50876235961914,updated,1.7041181325912476,-0.9914161562919617,101.22900390625,3.779569625854492,3.712932586669922,85.569674999977,25.281459374320146,1978,7,389,0,6,,4,60,-6.928915023803711,4.860945224761963,-1.5255151987075806,OUTBOUND,-52.9160041809082,0.023458283862286485,0.007840000092983246
1,58,0.90625,0.5201184153556824,62.44084167480469,updated,1.704628586769104,-1.0164536237716675,113.00049591064453,2.3028604984283447,2.342041015625,85.59586581797339,25.26928550665585,1979,7,390,0,6,,2,62,-6.92911434173584,4.906871795654297,-1.8369369506835938,OUTBOUND,-53.75848388671875,0.034097692965693156,0.007840000092983246
1,55,0.859375,1.1488521099090576,62.765525817871094,updated,1.7051392793655396,-1.0015050172805786,3.759202241897583,3.602546215057373,3.603945732116699,85.61804314499022,25.2570936728307,1980,7,391,0,9,,4,60,-6.929856777191162,4.877773284912109,-1.408765435218811,OUTBOUND,-53.86639404296875,0.05734015957857072,0.007840000092983246
1,57,0.890625,1.5954233407974243,62.35581970214844,updated,1.7056500911712646,-1.0050431489944458,31.633745193481445,3.7471394538879395,3.6288459300994873,85.64092549899942,25.244910615395316,1981,7,392,0,7,,4,60,-6.9291276931762695,4.8833489418029785,-1.5306459665298462,OUTBOUND,-53.6937255859375,0.06353872160001224,0.007840000092983246
1,59,0.921875,1.3050228357315063,62.54812240600586,updated,1.7061610221862793,-1.001757264137268,27.69303321838379,2.0064780712127686,1.9748281240463257,85.66587465099292,25.232736930637294,1982,7,393,0,5,,2,62,-6.928339004516602,4.876137733459473,-1.8421072959899902,OUTBOUND,-53.89963912963867,0.027547773683872644,0.007840000092983246
1,57,0.890625,0.7891452312469482,62.62553787231445,updated,1.7066729068756104,-1.0175986289978027,110.9737319946289,3.843738555908203,3.7607383728027344,85.69131718398421,25.22059820366529,1983,7,394,0,7,,4,60,-6.929234504699707,4.904738426208496,-1.8797327280044556,OUTBOUND,-53.99556350708008,0.03307806983641999,0.007840000092983246
1,57,0.890625,0.9247269034385681,62.224246978759766,updated,1.7071853876113892,-1.0170574188232422,207.5872344970703,39.87015914916992,39.64605712890625,85.82273226499092,25.20844183286054,1984,7,395,0,7,,3,61,-6.9290690422058105,4.902657508850098,-2.016476631164551,OUTBOUND,-54.00675964355469,0.05928993605129897,0.007840000092983246
1,58,0.90625,0.9819192290306091,62.46501159667969,updated,1.7076988220214844,-1.0186829566955566,44.3175163269043,0.6671851873397827,0.7188435196876526,85.8476428949798,25.19626659456839,1985,7,396,0,6,,0,64,-6.929211616516113,4.904628276824951,-2.0740537643432617,OUTBOUND,-54.18955993652344,0.08663149611183268,0.007840000092983246
1,58,0.90625,0.8717161417007446,61.79411697387695,updated,1.70821213722229,-1.0074721574783325,137.22874450683594,39.27660369873047,38.92485427856445,85.87404773198068,25.184081991349395,1986,7,397,0,6,,3,61,-6.929083824157715,4.8826093673706055,-1.6312775611877441,OUTBOUND,-53.67288589477539,0.09623120472438805,0.007840000092983246
1,56,0.875,1.1015297174453735,62.12179946899414,updated,1.7087266445159912,-1.0276291370391846,40.277557373046875,4.228189945220947,4.071883678436279,85.90155240599415,25.171883902790718,1987,7,398,0,8,,5,59,-6.92860746383667,4.919197082519531,-1.825594186782837,OUTBOUND,-53.920379638671875,0.06262143287215866,0.007840000092983246
0,57,0.890625,0.9826531410217285,61.7674674987793,updated,1.709241271018982,-1.0153886079788208,109.84343719482422,3.2285687923431396,3.3201851844787598,85.91940289997729,25.159655287865842,1988,7,399,1,7,NO_GENERATOR_SET,3,61,-6.929514408111572,4.8952717781066895,-2.063107967376709,OUTBOUND,-53.29825973510742,0.033861809101486576,0.007840000092983246
0,60,0.9375,0.938961386680603,62.09757995605469,updated,1.7097567319869995,-1.0213613510131836,179.23924255371094,1.86412513256073,1.8378942012786865,85.93676062198938,25.147485490616923,1989,7,400,1,4,INSUFFICIENT_RECOVERY_RESERVE,1,63,-6.928700923919678,4.905348777770996,-2.0157039165496826,FAILURE,-53.62177658081055,0.022589393344101483,0.007840000092983246
1,53,0.828125,1.055564045906067,62.276145935058594,updated,1.7102725505828857,-1.0215188264846802,160.12791442871094,2.9842865467071533,3.0123698711395264,86.08084654499544,29.987979575233737,1990,8,1,0,11,,2,62,-6.929074287414551,4.904571056365967,-1.8282960653305054,OUTBOUND,-53.21153259277344,-0.028524744110153644,0.007840000092983246
1,56,0.875,1.1660892963409424,62.36558151245117,updated,1.7107882499694824,-1.008893609046936,129.8022003173828,2.4702019691467285,2.376405715942383,86.11135893399478,29.97591151636976,1991,8,2,0,8,,2,62,-6.928321838378906,4.879975318908691,-2.066584348678589,OUTBOUND,-53.50780487060547,-0.03174137918922937,0.007840000092983246
1,55,0.859375,1.6804949045181274,62.7945442199707,updated,1.7113029956817627,-0.992726743221283,32.893428802490234,3.7715563774108887,3.8825361728668213,86.1437597439799,29.963884475230245,1992,8,3,0,9,,4,60,-6.928619384765625,4.848811149597168,-1.5374349355697632,OUTBOUND,-54.07082748413086,-0.0031298854963497076,0.007840000092983246
1,58,0.90625,1.2680341005325317,63.3203125,updated,1.7118180990219116,-1.0182340145111084,31.2127685546875,2.760315179824829,2.7048189640045166,86.16851053800201,29.9518236895545,1993,8,4,0,6,,3,61,-6.929498672485352,4.895252704620361,-2.157158613204956,OUTBOUND,-54.405269622802734,0.015032692130359937,0.007840000092983246
1,59,0.921875,0.915826678276062,63.24462127685547,updated,1.7123324871063232,-0.9987654685974121,62.41801834106445,2.2142934799194336,2.1763107776641846,86.29626689499128,29.939782742978892,1994,8,5,0,5,,2,62,-6.931539058685303,4.857975006103516,-1.8920737504959106,OUTBOUND,-54.703365325927734,0.009656428676704024,0.007840000092983246
1,57,0.890625,1.3507853746414185,63.265689849853516,updated,1.712847113609314,-1.0159637928009033,234.19557189941406,38.64860916137695,38.4001579284668,86.32437321598991,29.92772673556682,1995,8,6,0,7,,2,62,-6.927958011627197,4.888912677764893,-1.9385449886322021,OUTBOUND,-54.853614807128906,-0.02421166119464319,0.007840000092983246
1,55,0.859375,0.6239131689071655,63.316158294677734,updated,1.713362693786621,-1.029306173324585,138.92735290527344,3.8690688610076904,3.8803999423980713,86.35150216898182,29.91564124711908,1996,8,7,0,9,,4,60,-6.928073883056641,4.9126505851745605,-1.8717737197875977,OUTBOUND,-54.82720184326172,-0.032482585630522934,0.007840000092983246
1,58,0.90625,0.7868973612785339,63.902191162109375,updated,1.7138780355453491,-1.0083866119384766,63.174442291259766,1.053700566291809,0.991598904132843,86.3784787839977,29.903554356299477,1997,8,8,0,6,,1,63,-6.929047107696533,4.872730731964111,-1.9074589014053345,OUTBOUND,-55.606536865234375,-0.03414900826176175,0.007840000092983246
1,60,0.9375,0.741239607334137,62.969600677490234,updated,1.7143936157226562,-1.0199573040008545,9.80418586730957,1.9915242195129395,2.0028717517852783,86.40392185898963,29.891459448127886,1998,8,9,0,4,,2,62,-6.929276466369629,4.893162250518799,-1.7521690130233765,OUTBOUND,-54.72111892700195,-0.06023801969773958,0.007840000092983246
1,57,0.890625,0.6479930281639099,63.07805252075195,updated,1.7149096727371216,-1.0220730304718018,47.25104904174805,4.211095809936523,4.242644786834717,86.4291891619796,29.87935148152894,1999,8,10,0,7,,5,59,-6.929625511169434,4.896030426025391,-1.775241732597351,OUTBOUND,-54.81074523925781,-0.08647399265996941,0.007840000092983246
1,55,0.859375,0.9806638360023499,62.75377655029297,updated,1.7154251337051392,-1.0040706396102905,18.74611473083496,4.165980339050293,4.038089752197266,86.4574035339756,29.867222867226026,2000,8,11,0,9,,5,59,-6.929408073425293,4.861595153808594,-1.6721103191375732,OUTBOUND,-54.43659210205078,-0.09363749656515676,0.007840000092983246
