acceptance_rate,accepted_batch_count,accepted_count,actor_loss,actor_status,alpha,alpha_loss,certificate_failure_rate,collision,critic_loss_1,critic_loss_2,deadline_fallback_count,energy_depleted,environment_steps,episode_length,episode_return,epoch_rejection_count,fallback_batch_count,fallback_count,fallback_rate,gradient_steps,mean_condition_number,mean_log_det_G,mean_log_prob,mean_tanh_log_jacobian,mean_zonotope_volume,min_sigma,no_generator_set_rate,nonfinite_count,q_value_candidate_if_available,q_value_exec,replay_size,task_success,terminal_return_success
1.0,,1,,,,,0.0,0,,,0,0,1,1,-0.010053631104008467,0,,0,0.0,0,7.986301369863012,,,,0.0005072641772627839,0.009980468750000002,0.0,0,,,1,0,1
1.0,,2,,,,,0.0,0,,,0,0,2,1,-0.010499680853161877,0,,0,0.0,0,7.986301369863012,,,,0.0005072641772627839,0.009980468750000002,0.0,0,,,2,0,1
1.0,,3,,,,,0.0,0,,,0,0,3,1,-0.008235420217391756,0,,0,0.0,0,7.986301369863012,,,,0.0005072641772627839,0.009980468750000002,0.0,0,,,3,0,0
1.0,,4,,,,,0.0,0,,,0,0,4,1,-0.011596578787115277,0,,0,0.0,0,7.986301369863012,,,,0.0005072641772627839,0.009980468750000002,0.0,0,,,4,0,0
1.0,,5,,,,,0.0,0,,,0,0,5,1,-0.011332962464418497,0,,0,0.0,0,7.986301369863012,,,,0.0005072641772627839,0.009980468750000002,0.0,0,,,5,0,0
1.0,,6,,,,,0.0,0,,,0,0,6,1,-0.011285041394849529,0,,0,0.0,0,7.986301369863012,,,,0.0005072641772627839,0.009980468750000002,0.0,0,,,6,0,1
1.0,,7,,,,,0.0,0,,,0,0,7,1,-0.008692833856289486,0,,0,0.0,0,7.986301369863012,,,,0.0005072641772627839,0.009980468750000002,0.0,0,,,7,0,0
1.0,,8,,,,,0.0,0,,,0,0,8,1,-0.00978338013120327,0,,0,0.0,0,7.986301369863012,,,,0.0005072641772627839,0.009980468750000002,0.0,0,,,8,0,0
1.0,,9,,,,,0.0,0,,,0,0,9,1,-0.009153266335782053,0,,0,0.0,0,7.986301369863012,,,,0.0005072641772627839,0.009980468750000002,0.0,0,,,9,0,1
1.0,,10,,,,,0.0,0,,,0,0,10,1,-0.011314188193815902,0,,0,0.0,0,7.986301369863012,,,,0.0005072641772627839,0.009980468750000002,0.0,0,,,10,0,1
1.0,,11,,,,,0.0,0,,,0,0,11,1,-0.011092571120076436,0,,0,0.0,0,7.986301369863012,,,,0.0005072641772627839,0.009980468750000002,0.0,0,,,11,0,0
1.0,,12,,,,,0.0,0,,,0,0,12,1,-0.009254205878600921,0,,0,0.0,0,7.986301369863012,,,,0.0005072641772627839,0.009980468750000002,0.0,0,,,12,0,1
1.0,,13,,,,,0.0,0,,,0,0,13,1,-0.010797423997119573,0,,0,0.0,0,7.986301369863012,,,,0.0005072641772627839,0.009980468750000002,0.0,0,,,13,0,1
1.0,,14,,,,,0.0,0,,,0,0,14,1,-0.010074621246965556,0,,0,0.0,0,7.986301369863012,,,,0.0005072641772627839,0.009980468750000002,0.0,0,,,14,0,0
1.0,,15,,,,,0.0,0,,,0,0,15,1,-0.00832573653855139,0,,0,0.0,0,7.986301369863012,,,,0.0005072641772627839,0.009980468750000002,0.0,0,,,15,0,0
1.0,,16,,,,,0.0,0,,,0,0,16,1,-0.009294559464088739,0,,0,0.0,0,7.986301369863012,,,,0.0005072641772627839,0.009980468750000002,0.0,0,,,16,0,0
1.0,,17,,,,,0.0,0,,,0,0,17,1,-0.007995807331198304,0,,0,0.0,0,7.986301369863012,,,,0.0005072641772627839,0.009980468750000002,0.0,0,,,17,0,0
1.0,,18,,,,,0.0,0,,,0,0,18,1,-0.010929775711255854,0,,0,0.0,0,7.986301369863012,,,,0.0005072641772627839,0.009980468750000002,0.0,0,,,18,0,0
1.0,,19,,,,,0.0,0,,,0,0,19,1,-0.010503700789635797,0,,0,0.0,0,7.986301369863012,,,,0.0005072641772627839,0.009980468750000002,0.0,0,,,19,0,0
1.0,,20,,,,,0.0,0,,,0,0,20,1,-0.010369627585830923,0,,0,0.0,0,7.986301369863012,,,,0.0005072641772627839,0.009980468750000002,0.0,0,,,20,0,0
1.0,,21,,,,,0.0,0,,,0,0,21,1,-0.011446166817327122,0,,0,0.0,0,7.986301369863012,,,,0.0005072641772627839,0.009980468750000002,0.0,0,,,21,0,0
1.0,,22,,,,,0.0,0,,,0,0,22,1,-0.010145032120115296,0,,0,0.0,0,7.986301369863012,,,,0.0005072641772627839,0.009980468750000002,0.0,0,,,22,0,1
1.0,,23,,,,,0.0,0,,,0,0,23,1,-0.008024145243685102,0,,0,0.0,0,7.986301369863012,,,,0.0005072641772627839,0.009980468750000002,0.0,0,,,23,0,0
1.0,,24,,,,,0.0,0,,,0,0,24,1,-0.011012229279298449,0,,0,0.0,0,7.986301369863012,,,,0.0005072641772627839,0.009980468750000002,0.0,0,,,24,0,0
1.0,,25,,,,,0.0,0,,,0,0,25,1,-0.009868143596321701,0,,0,0.0,0,7.986301369863012,,,,0.0005072641772627839,0.009980468750000002,0.0,0,,,25,0,0
1.0,,26,,,,,0.0,0,,,0,0,26,1,-0.011643206304820844,0,,0,0.0,0,7.986301369863012,,,,0.0005072641772627839,0.009980468750000002,0.0,0,,,26,0,0
1.0,,27,,,,,0.0,0,,,0,0,27,1,-0.008837698024027443,0,,0,0.0,0,7.986301369863012,,,,0.0005072641772627839,0.009980468750000002,0.0,0,,,27,0,0
1.0,,28,,,,,0.0,0,,,0,0,28,1,-0.011055557086294457,0,,0,0.0,0,7.986301369863012,,,,0.0005072641772627839,0.009980468750000002,0.0,0,,,28,0,1
1.0,,29,,,,,0.0,0,,,0,0,29,1,-0.010284723725676894,0,,0,0.0,0,7.986301369863012,,,,0.0005072641772627839,0.009980468750000002,0.0,0,,,29,0,0
1.0,,30,,,,,0.0,0,,,0,0,30,1,-0.009869033842391009,0,,0,0.0,0,7.986301369863012,,,,0.0005072641772627839,0.009980468750000002,0.0,0,,,30,0,0
1.0,,31,,,,,0.0,0,,,0,0,31,1,-0.009243300129723622,0,,0,0.0,0,7.986301369863012,,,,0.0005072641772627839,0.009980468750000002,0.0,0,,,31,0,0
1.0,,32,,,,,0.0,0,,,0,0,32,1,-0.010411020522493644,0,,0,0.0,0,7.986301369863012,,,,0.0005072641772627839,0.009980468750000002,0.0,0,,,32,0,1
1.0,,33,,,,,0.0,0,,,0,0,33,1,-0.010483629963177634,0,,0,0.0,0,7.986301369863012,,,,0.0005072641772627839,0.009980468750000002,0.0,0,,,33,0,1
1.0,,34,,,,,0.0,0,,,0,0,34,1,-0.010428130672967875,0,,0,0.0,0,7.986301369863012,,,,0.0005072641772627839,0.009980468750000002,0.0,0,,,34,0,0
1.0,,35,,,,,0.0,0,,,0,0,35,1,-0.011142202862272512,0,,0,0.0,0,7.986301369863012,,,,0.0005072641772627839,0.009980468750000002,0.0,0,,,35,0,0
1.0,,36,,,,,0.0,0,,,0,0,36,1,-0.011671378483715014,0,,0,0.0,0,7.986301369863012,,,,0.0005072641772627839,0.009980468750000002,0.0,0,,,36,0,0
1.0,,37,,,,,0.0,0,,,0,0,37,1,-0.010639324170088607,0,,0,0.0,0,7.986301369863012,,,,0.0005072641772627839,0.009980468750000002,0.0,0,,,37,0,0
1.0,,38,,,,,0.0,0,,,0,0,38,1,-0.010004607031298676,0,,0,0.0,0,7.986301369863012,,,,0.0005072641772627839,0.009980468750000002,0.0,0,,,38,0,1
1.0,,39,,,,,0.0,0,,,0,0,39,1,-0.01014872046099379,0,,0,0.0,0,7.986301369863012,,,,0.0005072641772627839,0.009980468750000002,0.0,0,,,39,0,1
1.0,32,40,1.6273168325424194,updated,0.20006000995635986,7.486037254333496,0.0,0,0.011777590960264206,0.0017612719675526023,0,0,40,1,-0.008555025113679218,0,0,0,0.0,1,7.986301369863012,-9.66592025756836,7.651336669921875,-2.619807720184326,0.0005072641772627839,0.009980468750000002,0.0,0,-0.1186092272400856,-0.1186092272400856,40,0,1
1.0,,41,,,,,0.0,0,,,0,0,41,1,-0.010759861610671653,0,,0,0.0,1,7.986301369863012,,,,0.0005072641772627839,0.009980468750000002,0.0,0,,,41,0,1
1.0,,42,,,,,0.0,0,,,0,0,42,1,-0.011112244357531545,0,,0,0.0,1,7.986301369863012,,,,0.0005072641772627839,0.009980468750000002,0.0,0,,,42,0,0
1.0,,43,,,,,0.0,0,,,0,0,43,1,-0.01112498413926554,0,,0,0.0,1,7.986301369863012,,,,0.0005072641772627839,0.009980468750000002,0.0,0,,,43,0,0
1.0,,44,,,,,0.0,0,,,0,0,44,1,-0.009868897025436798,0,,0,0.0,1,7.986301369863012,,,,0.0005072641772627839,0.009980468750000002,0.0,0,,,44,0,1
1.0,,45,,,,,0.0,0,,,0,0,45,1,-0.009156062967554437,0,,0,0.0,1,7.986301369863012,,,,0.0005072641772627839,0.009980468750000002,0.0,0,,,45,0,0
1.0,,46,,,,,0.0,0,,,0,0,46,1,-0.011008617294640413,0,,0,0.0,1,7.986301369863012,,,,0.0005072641772627839,0.009980468750000002,0.0,0,,,46,0,0
1.0,,47,,,,,0.0,0,,,0,0,47,1,-0.008324313822724463,0,,0,0.0,1,7.986301369863012,,,,0.0005072641772627839,0.009980468750000002,0.0,0,,,47,0,0
1.0,,48,,,,,0.0,0,,,0,0,48,1,-0.008838351019612159,0,,0,0.0,1,7.986301369863012,,,,0.0005072641772627839,0.009980468750000002,0.0,0,,,48,0,1
1.0,,49,,,,,0.0,0,,,0,0,49,1,-0.011258979314167963,0,,0,0.0,1,7.986301369863012,,,,0.0005072641772627839,0.009980468750000002,0.0,0,,,49,0,0
1.0,32,50,1.6262191534042358,updated,0.20012007653713226,7.629233360290527,0.0,0,0.007536453194916248,0.0003846372419502586,0,0,50,1,-0.011333826231044277,0,0,0,0.0,2,7.986301369863012,-9.66592025756836,7.741192817687988,-2.447209119796753,0.0005072641772627839,0.009980468750000002,0.0,0,-0.09708406031131744,-0.09708406031131744,50,0,0
1.0,,51,,,,,0.0,0,,,0,0,51,1,-0.008725991817493775,0,,0,0.0,2,7.986301369863012,,,,0.0005072641772627839,0.009980468750000002,0.0,0,,,51,0,0
1.0,,52,,,,,0.0,0,,,0,0,52,1,-0.009702030526568475,0,,0,0.0,2,7.986301369863012,,,,0.0005072641772627839,0.009980468750000002,0.0,0,,,52,0,1
1.0,,53,,,,,0.0,0,,,0,0,53,1,-0.010640774786456522,0,,0,0.0,2,7.986301369863012,,,,0.0005072641772627839,0.009980468750000002,0.0,0,,,53,0,1
1.0,,54,,,,,0.0,0,,,0,0,54,1,-0.009059030070621468,0,,0,0.0,2,7.986301369863012,,,,0.0005072641772627839,0.009980468750000002,0.0,0,,,54,0,0
1.0,,55,,,,,0.0,0,,,0,0,55,1,-0.009941607779955444,0,,0,0.0,2,7.986301369863012,,,,0.0005072641772627839,0.009980468750000002,0.0,0,,,55,0,1
1.0,,56,,,,,0.0,0,,,0,0,56,1,-0.008192535928358549,0,,0,0.0,2,7.986301369863012,,,,0.0005072641772627839,0.009980468750000002,0.0,0,,,56,0,0
1.0,,57,,,,,0.0,0,,,0,0,57,1,-0.011404426579866947,0,,0,0.0,2,7.986301369863012,,,,0.0005072641772627839,0.009980468750000002,0.0,0,,,57,0,0
1.0,,58,,,,,0.0,0,,,0,0,58,1,-0.010005010702637254,0,,0,0.0,2,7.986301369863012,,,,0.0005072641772627839,0.009980468750000002,0.0,0,,,58,0,0
1.0,,59,,,,,0.0,0,,,0,0,59,1,-0.01191808142276706,0,,0,0.0,2,7.986301369863012,,,,0.0005072641772627839,0.009980468750000002,0.0,0,,,59,0,0
1.0,32,60,1.6281405687332153,updated,0.20018020272254944,7.7826128005981445,0.0,0,0.0044999816454946995,5.615653435597778e-07,0,0,60,1,-0.012006058117610898,0,0,0,0.0,3,7.986301369863012,-9.66592025756836,7.8374128341674805,-3.0242671966552734,0.0005072641772627839,0.009980468750000002,0.0,0,-0.07727161794900894,-0.07727161794900894,60,0,0
1.0,,61,,,,,0.0,0,,,0,0,61,1,-0.011759464351591245,0,,0,0.0,3,7.986301369863012,,,,0.0005072641772627839,0.009980468750000002,0.0,0,,,61,0,0
1.0,,62,,,,,0.0,0,,,0,0,62,1,-0.010012738629541431,0,,0,0.0,3,7.986301369863012,,,,0.0005072641772627839,0.009980468750000002,0.0,0,,,62,0,1
1.0,,63,,,,,0.0,0,,,0,0,63,1,-0.009894587024937831,0,,0,0.0,3,7.986301369863012,,,,0.0005072641772627839,0.009980468750000002,0.0,0,,,63,0,0
1.0,,64,,,,,0.0,0,,,0,0,64,1,-0.010670053447539676,0,,0,0.0,3,7.986301369863012,,,,0.0005072641772627839,0.009980468750000002,0.0,0,,,64,0,1
1.0,,65,,,,,0.0,0,,,0,0,65,1,-0.010956068554321288,0,,0,0.0,3,7.986301369863012,,,,0.0005072641772627839,0.009980468750000002,0.0,0,,,65,0,0
1.0,,66,,,,,0.0,0,,,0,0,66,1,-0.011514961854208519,0,,0,0.0,3,7.986301369863012,,,,0.0005072641772627839,0.009980468750000002,0.0,0,,,66,0,0
1.0,,67,,,,,0.0,0,,,0,0,67,1,-0.011968457645819655,0,,0,0.0,3,7.986301369863012,,,,0.0005072641772627839,0.009980468750000002,0.0,0,,,67,0,0
1.0,,68,,,,,0.0,0,,,0,0,68,1,-0.010231613423065547,0,,0,0.0,3,7.986301369863012,,,,0.0005072641772627839,0.009980468750000002,0.0,0,,,68,0,1
1.0,,69,,,,,0.0,0,,,0,0,69,1,-0.009987104619595169,0,,0,0.0,3,7.986301369863012,,,,0.0005072641772627839,0.009980468750000002,0.0,0,,,69,0,1
1.0,32,70,1.597402811050415,updated,0.20024031400680542,7.657553195953369,0.0,0,0.0024255849421024323,0.00014473634655587375,0,0,70,1,-0.00831544219976287,0,0,0,0.0,4,7.986301369863012,-9.66592025756836,7.760569095611572,-2.5507493019104004,0.0005072641772627839,0.009980468750000002,0.0,0,-0.05957881361246109,-0.05957881361246109,70,0,0
1.0,,71,,,,,0.0,0,,,0,0,71,1,-0.01032748230022106,0,,0,0.0,4,7.986301369863012,,,,0.0005072641772627839,0.009980468750000002,0.0,0,,,71,0,0
1.0,,72,,,,,0.0,0,,,0,0,72,1,-0.010052291816902361,0,,0,0.0,4,7.986301369863012,,,,0.0005072641772627839,0.009980468750000002,0.0,0,,,72,0,1
1.0,,73,,,,,0.0,0,,,0,0,73,1,-0.009891784693819563,0,,0,0.0,4,7.986301369863012,,,,0.0005072641772627839,0.009980468750000002,0.0,0,,,73,0,0
1.0,,74,,,,,0.0,0,,,0,0,74,1,-0.010588337579641607,0,,0,0.0,4,7.986301369863012,,,,0.0005072641772627839,0.009980468750000002,0.0,0,,,74,0,0
1.0,,75,,,,,0.0,0,,,0,0,75,1,-0.01002862779730517,0,,0,0.0,4,7.986301369863012,,,,0.0005072641772627839,0.009980468750000002,0.0,0,,,75,0,1
1.0,,76,,,,,0.0,0,,,0,0,76,1,-0.010257252141296682,0,,0,0.0,4,7.986301369863012,,,,0.0005072641772627839,0.009980468750000002,0.0,0,,,76,0,1
1.0,,77,,,,,0.0,0,,,0,0,77,1,-0.010519992682580295,0,,0,0.0,4,7.986301369863012,,,,0.0005072641772627839,0.009980468750000002,0.0,0,,,77,0,0
1.0,,78,,,,,0.0,0,,,0,0,78,1,-0.011268981109713519,0,,0,0.0,4,7.986301369863012,,,,0.0005072641772627839,0.009980468750000002,0.0,0,,,78,0,1
1.0,,79,,,,,0.0,0,,,0,0,79,1,-0.010500836829987694,0,,0,0.0,4,7.986301369863012,,,,0.0005072641772627839,0.009980468750000002,0.0,0,,,79,0,1
1.0,32,80,1.5862483978271484,updated,0.2003004550933838,7.678995132446289,0.0,0,0.001116415485739708,0.0003238949866499752,0,0,80,1,-0.008397279465446541,0,0,0,0.0,5,7.986301369863012,-9.66592025756836,7.7747907638549805,-2.460418939590454,0.0005072641772627839,0.009980468750000002,0.0,0,-0.04374316707253456,-0.04374316707253456,80,0,0
1.0,,81,,,,,0.0,0,,,0,0,81,1,-0.010014501123645872,0,,0,0.0,5,7.986301369863012,,,,0.0005072641772627839,0.009980468750000002,0.0,0,,,81,0,1
1.0,,82,,,,,0.0,0,,,0,0,82,1,-0.009994683867909462,0,,0,0.0,5,7.986301369863012,,,,0.0005072641772627839,0.009980468750000002,0.0,0,,,82,0,0
1.0,,83,,,,,0.0,0,,,0,0,83,1,-0.009995728362391034,0,,0,0.0,5,7.986301369863012,,,,0.0005072641772627839,0.009980468750000002,0.0,0,,,83,0,1
1.0,,84,,,,,0.0,0,,,0,0,84,1,-0.009834747177764438,0,,0,0.0,5,7.986301369863012,,,,0.0005072641772627839,0.009980468750000002,0.0,0,,,84,0,0
1.0,,85,,,,,0.0,0,,,0,0,85,1,-0.010213886078921366,0,,0,0.0,5,7.986301369863012,,,,0.0005072641772627839,0.009980468750000002,0.0,0,,,85,0,0
1.0,,86,,,,,0.0,0,,,0,0,86,1,-0.010236941257556467,0,,0,0.0,5,7.986301369863012,,,,0.0005072641772627839,0.009980468750000002,0.0,0,,,86,0,1
1.0,,87,,,,,0.0,0,,,0,0,87,1,-0.009543770548905197,0,,0,0.0,5,7.986301369863012,,,,0.0005072641772627839,0.009980468750000002,0.0,0,,,87,0,0
1.0,,88,,,,,0.0,0,,,0,0,88,1,-0.010500361872788347,0,,0,0.0,5,7.986301369863012,,,,0.0005072641772627839,0.009980468750000002,0.0,0,,,88,0,1
1.0,,89,,,,,0.0,0,,,0,0,89,1,-0.008431389499929711,0,,0,0.0,5,7.986301369863012,,,,0.0005072641772627839,0.009980468750000002,0.0,0,,,89,0,0
1.0,32,90,1.5572614669799805,updated,0.20036055147647858,7.4734721183776855,0.0,0,0.0003690516168717295,0.00035674197715707123,0,0,90,1,-0.00995271795004248,0,0,0,0.0,6,7.986301369863012,-9.66592025756836,7.647863864898682,-2.0972108840942383,0.0005072641772627839,0.009980468750000002,0.0,0,-0.02944784238934517,-0.02944784238934517,90,0,0
1.0,,91,,,,,0.0,0,,,0,0,91,1,-0.011194053938289308,0,,0,0.0,6,7.986301369863012,,,,0.0005072641772627839,0.009980468750000002,0.0,0,,,91,0,1
1.0,,92,,,,,0.0,0,,,0,0,92,1,-0.009250878320073088,0,,0,0.0,6,7.986301369863012,,,,0.0005072641772627839,0.009980468750000002,0.0,0,,,92,0,0
1.0,,93,,,,,0.0,0,,,0,0,93,1,-0.012085568558525708,0,,0,0.0,6,7.986301369863012,,,,0.0005072641772627839,0.009980468750000002,0.0,0,,,93,0,0
1.0,,94,,,,,0.0,0,,,0,0,94,1,-0.008225887102768272,0,,0,0.0,6,7.986301369863012,,,,0.0005072641772627839,0.009980468750000002,0.0,0,,,94,0,0
1.0,,95,,,,,0.0,0,,,0,0,95,1,-0.01089520867148174,0,,0,0.0,6,7.986301369863012,,,,0.0005072641772627839,0.009980468750000002,0.0,0,,,95,0,1
1.0,,96,,,,,0.0,0,,,0,0,96,1,-0.011553214020795224,0,,0,0.0,6,7.986301369863012,,,,0.0005072641772627839,0.009980468750000002,0.0,0,,,96,0,0
1.0,,97,,,,,0.0,0,,,0,0,97,1,-0.009157060329656677,0,,0,0.0,6,7.986301369863012,,,,0.0005072641772627839,0.009980468750000002,0.0,0,,,97,0,0
1.0,,98,,,,,0.0,0,,,0,0,98,1,-0.00952927386242818,0,,0,0.0,6,7.986301369863012,,,,0.0005072641772627839,0.009980468750000002,0.0,0,,,98,0,0
1.0,,99,,,,,0.0,0,,,0,0,99,1,-0.010586341026776793,0,,0,0.0,6,7.986301369863012,,,,0.0005072641772627839,0.009980468750000002,0.0,0,,,99,0,0
1.0,32,100,1.5897167921066284,updated,0.20042069256305695,7.770804405212402,0.0,0,2.6616331524564885e-05,0.00023875029000919312,0,0,100,1,-0.009559620725286813,0,0,0,0.0,7,7.986301369863012,-9.66592025756836,7.833682060241699,-2.8160996437072754,0.0005072641772627839,0.009980468750000002,0.0,0,-0.02552065998315811,-0.02552065998315811,100,0,0
1.0,,101,,,,,0.0,0,,,0,0,101,1,-0.010529824373199262,0,,0,0.0,7,7.986301369863012,,,,0.0005072641772627839,0.009980468750000002,0.0,0,,,101,0,1
1.0,,102,,,,,0.0,0,,,0,0,102,1,-0.007924060654602485,0,,0,0.0,7,7.986301369863012,,,,0.0005072641772627839,0.009980468750000002,0.0,0,,,102,0,0
1.0,,103,,,,,0.0,0,,,0,0,103,1,-0.010518327086573845,0,,0,0.0,7,7.986301369863012,,,,0.0005072641772627839,0.009980468750000002,0.0,0,,,103,0,1
1.0,,104,,,,,0.0,0,,,0,0,104,1,-0.009206162596675718,0,,0,0.0,7,7.986301369863012,,,,0.0005072641772627839,0.009980468750000002,0.0,0,,,104,0,1
1.0,,105,,,,,0.0,0,,,0,0,105,1,-0.009551063894534853,0,,0,0.0,7,7.986301369863012,,,,0.0005072641772627839,0.009980468750000002,0.0,0,,,105,0,1
1.0,,106,,,,,0.0,0,,,0,0,106,1,-0.009245248711784218,0,,0,0.0,7,7.986301369863012,,,,0.0005072641772627839,0.009980468750000002,0.0,0,,,106,0,1
1.0,,107,,,,,0.0,0,,,0,0,107,1,-0.011308990794354426,0,,0,0.0,7,7.986301369863012,,,,0.0005072641772627839,0.009980468750000002,0.0,0,,,107,0,0
1.0,,108,,,,,0.0,0,,,0,0,108,1,-0.011816328534235634,0,,0,0.0,7,7.986301369863012,,,,0.0005072641772627839,0.009980468750000002,0.0,0,,,108,0,0
1.0,,109,,,,,0.0,0,,,0,0,109,1,-0.011223738388546725,0,,0,0.0,7,7.986301369863012,,,,0.0005072641772627839,0.009980468750000002,0.0,0,,,109,0,0
1.0,32,110,1.552248477935791,updated,0.20048081874847412,7.5152740478515625,0.0,0,5.768465416622348e-05,0.00010388511145720258,0,0,110,1,-0.01137295546528815,0,0,0,0.0,8,7.986301369863012,-9.66592025756836,7.675606727600098,-2.2383272647857666,0.0005072641772627839,0.009980468750000002,0.0,0,-0.020367735996842384,-0.020367735996842384,110,0,1
1.0,,111,,,,,0.0,0,,,0,0,111,1,-0.009857041958808868,0,,0,0.0,8,7.986301369863012,,,,0.0005072641772627839,0.009980468750000002,0.0,0,,,111,0,1
1.0,,112,,,,,0.0,0,,,0,0,112,1,-0.010445181772191994,0,,0,0.0,8,7.986301369863012,,,,0.0005072641772627839,0.009980468750000002,0.0,0,,,112,0,1
1.0,,113,,,,,0.0,0,,,0,0,113,1,-0.010767565189267128,0,,0,0.0,8,7.986301369863012,,,,0.0005072641772627839,0.009980468750000002,0.0,0,,,113,0,0
1.0,,114,,,,,0.0,0,,,0,0,114,1,-0.008830172322154653,0,,0,0.0,8,7.986301369863012,,,,0.0005072641772627839,0.009980468750000002,0.0,0,,,114,0,1
1.0,,115,,,,,0.0,0,,,0,0,115,1,-0.009792941064277852,0,,0,0.0,8,7.986301369863012,,,,0.0005072641772627839,0.009980468750000002,0.0,0,,,115,0,0
1.0,,116,,,,,0.0,0,,,0,0,116,1,-0.007902254556369606,0,,0,0.0,8,7.986301369863012,,,,0.0005072641772627839,0.009980468750000002,0.0,0,,,116,0,0
1.0,,117,,,,,0.0,0,,,0,0,117,1,-0.011222014878417,0,,0,0.0,8,7.986301369863012,,,,0.0005072641772627839,0.009980468750000002,0.0,0,,,117,0,1
1.0,,118,,,,,0.0,0,,,0,0,118,1,-0.009321912115316291,0,,0,0.0,8,7.986301369863012,,,,0.0005072641772627839,0.009980468750000002,0.0,0,,,118,0,0
1.0,,119,,,,,0.0,0,,,0,0,119,1,-0.009297610230977185,0,,0,0.0,8,7.986301369863012,,,,0.0005072641772627839,0.009980468750000002,0.0,0,,,119,0,1
1.0,32,120,1.524329423904419,updated,0.20054084062576294,7.338154315948486,0.0,0,0.00024122660397551954,1.566690298204776e-05,0,0,120,1,-0.012220525755600722,0,0,0,0.0,9,7.986301369863012,-9.66592025756836,7.5662641525268555,-1.7633204460144043,0.0005072641772627839,0.009980468750000002,0.0,0,-0.013905049301683903,-0.013905049301683903,120,0,0
1.0,,121,,,,,0.0,0,,,0,0,121,1,-0.012013736841162128,0,,0,0.0,9,7.986301369863012,,,,0.0005072641772627839,0.009980468750000002,0.0,0,,,121,0,0
1.0,,122,,,,,0.0,0,,,0,0,122,1,-0.010824379978649148,0,,0,0.0,9,7.986301369863012,,,,0.0005072641772627839,0.009980468750000002,0.0,0,,,122,0,0
1.0,,123,,,,,0.0,0,,,0,0,123,1,-0.009922611732701139,0,,0,0.0,9,7.986301369863012,,,,0.0005072641772627839,0.009980468750000002,0.0,0,,,123,0,0
1.0,,124,,,,,0.0,0,,,0,0,124,1,-0.00861527667275185,0,,0,0.0,9,7.986301369863012,,,,0.0005072641772627839,0.009980468750000002,0.0,0,,,124,0,0
1.0,,125,,,,,0.0,0,,,0,0,125,1,-0.009664216684399865,0,,0,0.0,9,7.986301369863012,,,,0.0005072641772627839,0.009980468750000002,0.0,0,,,125,0,0
1.0,,126,,,,,0.0,0,,,0,0,126,1,-0.008486725317264679,0,,0,0.0,9,7.986301369863012,,,,0.0005072641772627839,0.009980468750000002,0.0,0,,,126,0,1
1.0,,127,,,,,0.0,0,,,0,0,127,1,-0.01003543643581283,0,,0,0.0,9,7.986301369863012,,,,0.0005072641772627839,0.009980468750000002,0.0,0,,,127,0,0
1.0,,128,,,,,0.0,0,,,0,0,128,1,-0.010435220121574265,0,,0,0.0,9,7.986301369863012,,,,0.0005072641772627839,0.009980468750000002,0.0,0,,,128,0,0
1.0,,129,,,,,0.0,0,,,0,0,129,1,-0.01136517257298685,0,,0,0.0,9,7.986301369863012,,,,0.0005072641772627839,0.009980468750000002,0.0,0,,,129,0,0
1.0,32,130,1.5552735328674316,updated,0.20060092210769653,7.622505187988281,0.0,0,0.000482285424368456,6.292931175266858e-06,0,0,130,1,-0.009701457451040998,0,0,0,0.0,10,7.986301369863012,-9.66592025756836,7.744089603424072,-2.6851603984832764,0.0005072641772627839,0.009980468750000002,0.0,0,-0.007904493249952793,-0.007904493249952793,130,0,1
1.0,,131,,,,,0.0,0,,,0,0,131,1,-0.010691555726189286,0,,0,0.0,10,7.986301369863012,,,,0.0005072641772627839,0.009980468750000002,0.0,0,,,131,0,0
1.0,,132,,,,,0.0,0,,,0,0,132,1,-0.009062179158440866,0,,0,0.0,10,7.986301369863012,,,,0.0005072641772627839,0.009980468750000002,0.0,0,,,132,0,0
1.0,,133,,,,,0.0,0,,,0,0,133,1,-0.010765968510984205,0,,0,0.0,10,7.986301369863012,,,,0.0005072641772627839,0.009980468750000002,0.0,0,,,133,0,1
1.0,,134,,,,,0.0,0,,,0,0,134,1,-0.011475913239520566,0,,0,0.0,10,7.986301369863012,,,,0.0005072641772627839,0.009980468750000002,0.0,0,,,134,0,1
1.0,,135,,,,,0.0,0,,,0,0,135,1,-0.008827556061204991,0,,0,0.0,10,7.986301369863012,,,,0.0005072641772627839,0.009980468750000002,0.0,0,,,135,0,0
1.0,,136,,,,,0.0,0,,,0,0,136,1,-0.010907931398667739,0,,0,0.0,10,7.986301369863012,,,,0.0005072641772627839,0.009980468750000002,0.0,0,,,136,0,1
1.0,,137,,,,,0.0,0,,,0,0,137,1,-0.010479475855494904,0,,0,0.0,10,7.986301369863012,,,,0.0005072641772627839,0.009980468750000002,0.0,0,,,137,0,1
1.0,,138,,,,,0.0,0,,,0,0,138,1,-0.009066907805687521,0,,0,0.0,10,7.986301369863012,,,,0.0005072641772627839,0.009980468750000002,0.0,0,,,138,0,1
1.0,,139,,,,,0.0,0,,,0,0,139,1,-0.010530117191446245,0,,0,0.0,10,7.986301369863012,,,,0.0005072641772627839,0.009980468750000002,0.0,0,,,139,0,0
1.0,32,140,1.5505831241607666,updated,0.20066101849079132,7.602327346801758,0.0,0,0.0006649428396485746,5.824604886583984e-05,0,0,140,1,-0.01020806831460618,0,0,0,0.0,11,7.986301369863012,-9.66592025756836,7.732412338256836,-2.6451339721679688,0.0005072641772627839,0.009980468750000002,0.0,0,-0.0026198006235063076,-0.0026198006235063076,140,0,1
1.0,,141,,,,,0.0,0,,,0,0,141,1,-0.008893386983973564,0,,0,0.0,11,7.986301369863012,,,,0.0005072641772627839,0.009980468750000002,0.0,0,,,141,0,0
1.0,,142,,,,,0.0,0,,,0,0,142,1,-0.010225769657939079,0,,0,0.0,11,7.986301369863012,,,,0.0005072641772627839,0.009980468750000002,0.0,0,,,142,0,1
1.0,,143,,,,,0.0,0,,,0,0,143,1,-0.01015531562123794,0,,0,0.0,11,7.986301369863012,,,,0.0005072641772627839,0.009980468750000002,0.0,0,,,143,0,0
1.0,,144,,,,,0.0,0,,,0,0,144,1,-0.01033945769668442,0,,0,0.0,11,7.986301369863012,,,,0.0005072641772627839,0.009980468750000002,0.0,0,,,144,0,1
1.0,,145,,,,,0.0,0,,,0,0,145,1,-0.009841510893969776,0,,0,0.0,11,7.986301369863012,,,,0.0005072641772627839,0.009980468750000002,0.0,0,,,145,0,1
1.0,,146,,,,,0.0,0,,,0,0,146,1,-0.008461982158594719,0,,0,0.0,11,7.986301369863012,,,,0.0005072641772627839,0.009980468750000002,0.0,0,,,146,0,0
1.0,,147,,,,,0.0,0,,,0,0,147,1,-0.01065283388724291,0,,0,0.0,11,7.986301369863012,,,,0.0005072641772627839,0.009980468750000002,0.0,0,,,147,0,1
1.0,,148,,,,,0.0,0,,,0,0,148,1,-0.008774077012227313,0,,0,0.0,11,7.986301369863012,,,,0.0005072641772627839,0.009980468750000002,0.0,0,,,148,0,1
1.0,,149,,,,,0.0,0,,,0,0,149,1,-0.007919966762049526,0,,0,0.0,11,7.986301369863012,,,,0.0005072641772627839,0.009980468750000002,0.0,0,,,149,0,0
1.0,32,150,1.5287466049194336,updated,0.20072109997272491,7.427097797393799,0.0,0,0.0007888399413786829,0.00011080013064201921,0,0,150,1,-0.010656313035698464,0,0,0,0.0,12,7.986301369863012,-9.66592025756836,7.6241960525512695,-2.1338071823120117,0.0005072641772627839,0.009980468750000002,0.0,0,0.00018667138647288084,0.00018667138647288084,150,0,1
1.0,,151,,,,,0.0,0,,,0,0,151,1,-0.009114433057575635,0,,0,0.0,12,7.986301369863012,,,,0.0005072641772627839,0.009980468750000002,0.0,0,,,151,0,0
1.0,,152,,,,,0.0,0,,,0,0,152,1,-0.009075936439714596,0,,0,0.0,12,7.986301369863012,,,,0.0005072641772627839,0.009980468750000002,0.0,0,,,152,0,1
1.0,,153,,,,,0.0,0,,,0,0,153,1,-0.0100423108343246,0,,0,0.0,12,7.986301369863012,,,,0.0005072641772627839,0.009980468750000002,0.0,0,,,153,0,1
1.0,,154,,,,,0.0,0,,,0,0,154,1,-0.00943116002070953,0,,0,0.0,12,7.986301369863012,,,,0.0005072641772627839,0.009980468750000002,0.0,0,,,154,0,1
1.0,,155,,,,,0.0,0,,,0,0,155,1,-0.011988476443312681,0,,0,0.0,12,7.986301369863012,,,,0.0005072641772627839,0.009980468750000002,0.0,0,,,155,0,0
1.0,,156,,,,,0.0,0,,,0,0,156,1,-0.010502637027167907,0,,0,0.0,12,7.986301369863012,,,,0.0005072641772627839,0.009980468750000002,0.0,0,,,156,0,0
1.0,,157,,,,,0.0,0,,,0,0,157,1,-0.009885391384195188,0,,0,0.0,12,7.986301369863012,,,,0.0005072641772627839,0.009980468750000002,0.0,0,,,157,0,1
1.0,,158,,,,,0.0,0,,,0,0,158,1,-0.00954821366112645,0,,0,0.0,12,7.986301369863012,,,,0.0005072641772627839,0.009980468750000002,0.0,0,,,158,0,0
1.0,,159,,,,,0.0,0,,,0,0,159,1,-0.010177797709274952,0,,0,0.0,12,7.986301369863012,,,,0.0005072641772627839,0.009980468750000002,0.0,0,,,159,0,1
1.0,32,160,1.5191841125488281,updated,0.20078109204769135,7.3351826667785645,0.0,0,0.000784336356446147,0.00012476187839638442,0,0,160,1,-0.0081456167053806,0,0,0,0.0,13,7.986301369863012,-9.66592025756836,7.567819595336914,-2.5686428546905518,0.0005072641772627839,0.009980468750000002,0.0,0,0.0013141053495928645,0.0013141053495928645,160,0,0
1.0,,161,,,,,0.0,0,,,0,0,161,1,-0.010987774862496238,0,,0,0.0,13,7.986301369863012,,,,0.0005072641772627839,0.009980468750000002,0.0,0,,,161,0,0
1.0,,162,,,,,0.0,0,,,0,0,162,1,-0.01083670417579329,0,,0,0.0,13,7.986301369863012,,,,0.0005072641772627839,0.009980468750000002,0.0,0,,,162,0,1
1.0,,163,,,,,0.0,0,,,0,0,163,1,-0.007881825461405026,0,,0,0.0,13,7.986301369863012,,,,0.0005072641772627839,0.009980468750000002,0.0,0,,,163,0,0
1.0,,164,,,,,0.0,0,,,0,0,164,1,-0.010156134826317267,0,,0,0.0,13,7.986301369863012,,,,0.0005072641772627839,0.009980468750000002,0.0,0,,,164,0,1
1.0,,165,,,,,0.0,0,,,0,0,165,1,-0.010773767562028738,0,,0,0.0,13,7.986301369863012,,,,0.0005072641772627839,0.009980468750000002,0.0,0,,,165,0,1
1.0,,166,,,,,0.0,0,,,0,0,166,1,-0.011351367489216493,0,,0,0.0,13,7.986301369863012,,,,0.0005072641772627839,0.009980468750000002,0.0,0,,,166,0,1
1.0,,167,,,,,0.0,0,,,0,0,167,1,-0.010930893467767646,0,,0,0.0,13,7.986301369863012,,,,0.0005072641772627839,0.009980468750000002,0.0,0,,,167,0,0
1.0,,168,,,,,0.0,0,,,0,0,168,1,-0.009270949950834098,0,,0,0.0,13,7.986301369863012,,,,0.0005072641772627839,0.009980468750000002,0.0,0,,,168,0,1
1.0,,169,,,,,0.0,0,,,0,0,169,1,-0.008890519887716266,0,,0,0.0,13,7.986301369863012,,,,0.0005072641772627839,0.009980468750000002,0.0,0,,,169,0,0
1.0,32,170,1.5598475933074951,updated,0.20084118843078613,7.636231899261475,0.0,0,0.0007607269217260182,0.00010144386760657653,0,0,170,1,-0.009383938816298834,0,0,0,0.0,14,7.986301369863012,-9.66592025756836,7.756176471710205,-2.559460401535034,0.0005072641772627839,0.009980468750000002,0.0,0,-3.647711127996445e-05,-3.647711127996445e-05,170,0,1
1.0,,171,,,,,0.0,0,,,0,0,171,1,-0.010267843586783112,0,,0,0.0,14,7.986301369863012,,,,0.0005072641772627839,0.009980468750000002,0.0,0,,,171,0,0
1.0,,172,,,,,0.0,0,,,0,0,172,1,-0.00960322819076275,0,,0,0.0,14,7.986301369863012,,,,0.0005072641772627839,0.009980468750000002,0.0,0,,,172,0,1
1.0,,173,,,,,0.0,0,,,0,0,173,1,-0.009575577634276513,0,,0,0.0,14,7.986301369863012,,,,0.0005072641772627839,0.009980468750000002,0.0,0,,,173,0,0
1.0,,174,,,,,0.0,0,,,0,0,174,1,-0.009781975141215362,0,,0,0.0,14,7.986301369863012,,,,0.0005072641772627839,0.009980468750000002,0.0,0,,,174,0,0
1.0,,175,,,,,0.0,0,,,0,0,175,1,-0.010131988180748444,0,,0,0.0,14,7.986301369863012,,,,0.0005072641772627839,0.009980468750000002,0.0,0,,,175,0,0
1.0,,176,,,,,0.0,0,,,0,0,176,1,-0.011582310461320624,0,,0,0.0,14,7.986301369863012,,,,0.0005072641772627839,0.009980468750000002,0.0,0,,,176,0,0
1.0,,177,,,,,0.0,0,,,0,0,177,1,-0.010043023924417796,0,,0,0.0,14,7.986301369863012,,,,0.0005072641772627839,0.009980468750000002,0.0,0,,,177,0,1
1.0,,178,,,,,0.0,0,,,0,0,178,1,-0.011405377158631094,0,,0,0.0,14,7.986301369863012,,,,0.0005072641772627839,0.009980468750000002,0.0,0,,,178,0,0
1.0,,179,,,,,0.0,0,,,0,0,179,1,-0.009185469249059377,0,,0,0.0,14,7.986301369863012,,,,0.0005072641772627839,0.009980468750000002,0.0,0,,,179,0,0
1.0,32,180,1.5819412469863892,updated,0.20090140402317047,7.782418727874756,0.0,0,0.0006731139728799462,5.575867180596106e-05,0,0,180,1,-0.008993331219832914,0,0,0,0.0,15,7.986301369863012,-9.66592025756836,7.84813117980957,-2.485593557357788,0.0005072641772627839,0.009980468750000002,0.0,0,-0.002745074685662985,-0.002745074685662985,180,0,1
1.0,,181,,,,,0.0,0,,,0,0,181,1,-0.010394044391094362,0,,0,0.0,15,7.986301369863012,,,,0.0005072641772627839,0.009980468750000002,0.0,0,,,181,0,0
1.0,,182,,,,,0.0,0,,,0,0,182,1,-0.00924338676810942,0,,0,0.0,15,7.986301369863012,,,,0.0005072641772627839,0.009980468750000002,0.0,0,,,182,0,1
1.0,,183,,,,,0.0,0,,,0,0,183,1,-0.008137090932419646,0,,0,0.0,15,7.986301369863012,,,,0.0005072641772627839,0.009980468750000002,0.0,0,,,183,0,0
1.0,,184,,,,,0.0,0,,,0,0,184,1,-0.01021101583532257,0,,0,0.0,15,7.986301369863012,,,,0.0005072641772627839,0.009980468750000002,0.0,0,,,184,0,0
1.0,,185,,,,,0.0,0,,,0,0,185,1,-0.01016956342609653,0,,0,0.0,15,7.986301369863012,,,,0.0005072641772627839,0.009980468750000002,0.0,0,,,185,0,0
1.0,,186,,,,,0.0,0,,,0,0,186,1,-0.009284092499902244,0,,0,0.0,15,7.986301369863012,,,,0.0005072641772627839,0.009980468750000002,0.0,0,,,186,0,0
1.0,,187,,,,,0.0,0,,,0,0,187,1,-0.008996054946369672,0,,0,0.0,15,7.986301369863012,,,,0.0005072641772627839,0.009980468750000002,0.0,0,,,187,0,0
1.0,,188,,,,,0.0,0,,,0,0,188,1,-0.01132891722236117,0,,0,0.0,15,7.986301369863012,,,,0.0005072641772627839,0.009980468750000002,0.0,0,,,188,0,0
1.0,,189,,,,,0.0,0,,,0,0,189,1,-0.00928210434827447,0,,0,0.0,15,7.986301369863012,,,,0.0005072641772627839,0.009980468750000002,0.0,0,,,189,0,1
1.0,32,190,1.5627942085266113,updated,0.2009616643190384,7.592477798461914,0.0,0,0.0005329169216565788,1.5282845197361894e-05,0,0,190,1,-0.009660860248389405,0,0,0,0.0,16,7.986301369863012,-9.66592025756836,7.730688571929932,-2.3912343978881836,0.0005072641772627839,0.009980468750000002,0.0,0,-0.006138385273516178,-0.006138385273516178,190,0,0
1.0,,191,,,,,0.0,0,,,0,0,191,1,-0.010536685235495771,0,,0,0.0,16,7.986301369863012,,,,0.0005072641772627839,0.009980468750000002,0.0,0,,,191,0,1
1.0,,192,,,,,0.0,0,,,0,0,192,1,-0.011034358717532325,0,,0,0.0,16,7.986301369863012,,,,0.0005072641772627839,0.009980468750000002,0.0,0,,,192,0,1
1.0,,193,,,,,0.0,0,,,0,0,193,1,-0.01118385198050941,0,,0,0.0,16,7.986301369863012,,,,0.0005072641772627839,0.009980468750000002,0.0,0,,,193,0,1
1.0,,194,,,,,0.0,0,,,0,0,194,1,-0.009491357435205785,0,,0,0.0,16,7.986301369863012,,,,0.0005072641772627839,0.009980468750000002,0.0,0,,,194,0,0
1.0,,195,,,,,0.0,0,,,0,0,195,1,-0.011975439849343896,0,,0,0.0,16,7.986301369863012,,,,0.0005072641772627839,0.009980468750000002,0.0,0,,,195,0,0
1.0,,196,,,,,0.0,0,,,0,0,196,1,-0.011078576396980058,0,,0,0.0,16,7.986301369863012,,,,0.0005072641772627839,0.009980468750000002,0.0,0,,,196,0,1
1.0,,197,,,,,0.0,0,,,0,0,197,1,-0.010205777536722352,0,,0,0.0,16,7.986301369863012,,,,0.0005072641772627839,0.009980468750000002,0.0,0,,,197,0,1
1.0,,198,,,,,0.0,0,,,0,0,198,1,-0.008786080342768834,0,,0,0.0,16,7.986301369863012,,,,0.0005072641772627839,0.009980468750000002,0.0,0,,,198,0,0
1.0,,199,,,,,0.0,0,,,0,0,199,1,-0.011930446754913273,0,,0,0.0,16,7.986301369863012,,,,0.0005072641772627839,0.009980468750000002,0.0,0,,,199,0,0
1.0,32,200,1.5663224458694458,updated,0.2010219544172287,7.586836814880371,0.0,0,0.0004046466783620417,8.984196853134563e-08,0,0,200,1,-0.009055127985541525,0,0,0,0.0,17,7.986301369863012,-9.66592025756836,7.728058815002441,-2.3595504760742188,0.0005072641772627839,0.009980468750000002,0.0,0,-0.00989270769059658,-0.00989270769059658,200,0,0
1.0,,201,,,,,0.0,0,,,0,0,201,1,-0.00989225274020388,0,,0,0.0,17,7.986301369863012,,,,0.0005072641772627839,0.009980468750000002,0.0,0,,,201,0,0
1.0,,202,,,,,0.0,0,,,0,0,202,1,-0.009274410940466762,0,,0,0.0,17,7.986301369863012,,,,0.0005072641772627839,0.009980468750000002,0.0,0,,,202,0,1
1.0,,203,,,,,0.0,0,,,0,0,203,1,-0.010252126784156648,0,,0,0.0,17,7.986301369863012,,,,0.0005072641772627839,0.009980468750000002,0.0,0,,,203,0,0
1.0,,204,,,,,0.0,0,,,0,0,204,1,-0.011129066653725808,0,,0,0.0,17,7.986301369863012,,,,0.0005072641772627839,0.009980468750000002,0.0,0,,,204,0,0
1.0,,205,,,,,0.0,0,,,0,0,205,1,-0.011648393739688281,0,,0,0.0,17,7.986301369863012,,,,0.0005072641772627839,0.009980468750000002,0.0,0,,,205,0,0
1.0,,206,,,,,0.0,0,,,0,0,206,1,-0.008929615474534405,0,,0,0.0,17,7.986301369863012,,,,0.0005072641772627839,0.009980468750000002,0.0,0,,,206,0,1
1.0,,207,,,,,0.0,0,,,0,0,207,1,-0.010638959188236754,0,,0,0.0,17,7.986301369863012,,,,0.0005072641772627839,0.009980468750000002,0.0,0,,,207,0,1
1.0,,208,,,,,0.0,0,,,0,0,208,1,-0.010853762087861476,0,,0,0.0,17,7.986301369863012,,,,0.0005072641772627839,0.009980468750000002,0.0,0,,,208,0,1
1.0,,209,,,,,0.0,0,,,0,0,209,1,-0.010474827943625744,0,,0,0.0,17,7.986301369863012,,,,0.0005072641772627839,0.009980468750000002,0.0,0,,,209,0,1
1.0,32,210,1.558103084564209,updated,0.2010822296142578,7.495631694793701,0.0,0,0.00030960849835537374,1.1122543583041988e-05,0,0,210,1,-0.010192738422029937,0,0,0,0.0,18,7.986301369863012,-9.66592025756836,7.672093391418457,-2.1206247806549072,0.0005072641772627839,0.009980468750000002,0.0,0,-0.013302602805197239,-0.013302602805197239,210,0,0
1.0,,211,,,,,0.0,0,,,0,0,211,1,-0.010011178009228896,0,,0,0.0,18,7.986301369863012,,,,0.0005072641772627839,0.009980468750000002,0.0,0,,,211,0,0
1.0,,212,,,,,0.0,0,,,0,0,212,1,-0.010107517973217952,0,,0,0.0,18,7.986301369863012,,,,0.0005072641772627839,0.009980468750000002,0.0,0,,,212,0,1
1.0,,213,,,,,0.0,0,,,0,0,213,1,-0.008272503588985227,0,,0,0.0,18,7.986301369863012,,,,0.0005072641772627839,0.009980468750000002,0.0,0,,,213,0,0
1.0,,214,,,,,0.0,0,,,0,0,214,1,-0.00944384331147651,0,,0,0.0,18,7.986301369863012,,,,0.0005072641772627839,0.009980468750000002,0.0,0,,,214,0,1
1.0,,215,,,,,0.0,0,,,0,0,215,1,-0.009258627309835834,0,,0,0.0,18,7.986301369863012,,,,0.0005072641772627839,0.009980468750000002,0.0,0,,,215,0,1
1.0,,216,,,,,0.0,0,,,0,0,216,1,-0.009974857982285581,0,,0,0.0,18,7.986301369863012,,,,0.0005072641772627839,0.009980468750000002,0.0,0,,,216,0,1
1.0,,217,,,,,0.0,0,,,0,0,217,1,-0.009891086234960813,0,,0,0.0,18,7.986301369863012,,,,0.0005072641772627839,0.009980468750000002,0.0,0,,,217,0,0
1.0,,218,,,,,0.0,0,,,0,0,218,1,-0.00862666710019532,0,,0,0.0,18,7.986301369863012,,,,0.0005072641772627839,0.009980468750000002,0.0,0,,,218,0,0
1.0,,219,,,,,0.0,0,,,0,0,219,1,-0.010739477319826154,0,,0,0.0,18,7.986301369863012,,,,0.0005072641772627839,0.009980468750000002,0.0,0,,,219,0,0
1.0,32,220,1.5571725368499756,updated,0.20114247500896454,7.470320701599121,0.0,0,0.00024111864331644028,3.467104033916257e-05,0,0,220,1,-0.009622793698864865,0,0,0,0.0,19,7.986301369863012,-9.66592025756836,7.657186985015869,-2.304011106491089,0.0005072641772627839,0.009980468750000002,0.0,0,-0.015960337594151497,-0.015960337594151497,220,0,1
1.0,,221,,,,,0.0,0,,,0,0,221,1,-0.011988646413011885,0,,0,0.0,19,7.986301369863012,,,,0.0005072641772627839,0.009980468750000002,0.0,0,,,221,0,0
1.0,,222,,,,,0.0,0,,,0,0,222,1,-0.010134788821899434,0,,0,0.0,19,7.986301369863012,,,,0.0005072641772627839,0.009980468750000002,0.0,0,,,222,0,0
1.0,,223,,,,,0.0,0,,,0,0,223,1,-0.0079861613684613,0,,0,0.0,19,7.986301369863012,,,,0.0005072641772627839,0.009980468750000002,0.0,0,,,223,0,0
1.0,,224,,,,,0.0,0,,,0,0,224,1,-0.011424007883395806,0,,0,0.0,19,7.986301369863012,,,,0.0005072641772627839,0.009980468750000002,0.0,0,,,224,0,1
1.0,,225,,,,,0.0,0,,,0,0,225,1,-0.009477782016129801,0,,0,0.0,19,7.986301369863012,,,,0.0005072641772627839,0.009980468750000002,0.0,0,,,225,0,1
1.0,,226,,,,,0.0,0,,,0,0,226,1,-0.009943879418569992,0,,0,0.0,19,7.986301369863012,,,,0.0005072641772627839,0.009980468750000002,0.0,0,,,226,0,0
1.0,,227,,,,,0.0,0,,,0,0,227,1,-0.01057968225083771,0,,0,0.0,19,7.986301369863012,,,,0.0005072641772627839,0.009980468750000002,0.0,0,,,227,0,1
1.0,,228,,,,,0.0,0,,,0,0,228,1,-0.010486441898834844,0,,0,0.0,19,7.986301369863012,,,,0.0005072641772627839,0.009980468750000002,0.0,0,,,228,0,1
1.0,,229,,,,,0.0,0,,,0,0,229,1,-0.009898047308010352,0,,0,0.0,19,7.986301369863012,,,,0.0005072641772627839,0.009980468750000002,0.0,0,,,229,0,1
1.0,32,230,1.5539132356643677,updated,0.20120269060134888,7.4409284591674805,0.0,0,0.0001658912078710273,5.4130126954987645e-05,0,0,230,1,-0.00985543373743857,0,0,0,0.0,20,7.986301369863012,-9.66592025756836,7.6397294998168945,-1.8376796245574951,0.0005072641772627839,0.009980468750000002,0.0,0,-0.017215285450220108,-0.017215285450220108,230,0,1
1.0,,231,,,,,0.0,0,,,0,0,231,1,-0.009715659680204372,0,,0,0.0,20,7.986301369863012,,,,0.0005072641772627839,0.009980468750000002,0.0,0,,,231,0,1
1.0,,232,,,,,0.0,0,,,0,0,232,1,-0.012023153301579317,0,,0,0.0,20,7.986301369863012,,,,0.0005072641772627839,0.009980468750000002,0.0,0,,,232,0,0
1.0,,233,,,,,0.0,0,,,0,0,233,1,-0.009629042606335006,0,,0,0.0,20,7.986301369863012,,,,0.0005072641772627839,0.009980468750000002,0.0,0,,,233,0,1
1.0,,234,,,,,0.0,0,,,0,0,234,1,-0.008192189532819185,0,,0,0.0,20,7.986301369863012,,,,0.0005072641772627839,0.009980468750000002,0.0,0,,,234,0,0
1.0,,235,,,,,0.0,0,,,0,0,235,1,-0.009196323409424547,0,,0,0.0,20,7.986301369863012,,,,0.0005072641772627839,0.009980468750000002,0.0,0,,,235,0,0
1.0,,236,,,,,0.0,0,,,0,0,236,1,-0.007998979092690863,0,,0,0.0,20,7.986301369863012,,,,0.0005072641772627839,0.009980468750000002,0.0,0,,,236,0,0
1.0,,237,,,,,0.0,0,,,0,0,237,1,-0.008308445686647783,0,,0,0.0,20,7.986301369863012,,,,0.0005072641772627839,0.009980468750000002,0.0,0,,,237,0,0
1.0,,238,,,,,0.0,0,,,0,0,238,1,-0.00992901653435684,0,,0,0.0,20,7.986301369863012,,,,0.0005072641772627839,0.009980468750000002,0.0,0,,,238,0,0
1.0,,239,,,,,0.0,0,,,0,0,239,1,-0.00967820821256348,0,,0,0.0,20,7.986301369863012,,,,0.0005072641772627839,0.009980468750000002,0.0,0,,,239,0,0
1.0,32,240,1.5626829862594604,updated,0.2012629359960556,7.515236854553223,0.0,0,0.0001110528246499598,5.361377407098189e-05,0,0,240,1,-0.009448047528624262,0,0,0,0.0,21,7.986301369863012,-9.66592025756836,7.686939239501953,-2.4808762073516846,0.0005072641772627839,0.009980468750000002,0.0,0,-0.017374740913510323,-0.017374740913510323,240,0,0
1.0,,241,,,,,0.0,0,,,0,0,241,1,-0.010369987581641862,0,,0,0.0,21,7.986301369863012,,,,0.0005072641772627839,0.009980468750000002,0.0,0,,,241,0,1
1.0,,242,,,,,0.0,0,,,0,0,242,1,-0.009479718517127136,0,,0,0.0,21,7.986301369863012,,,,0.0005072641772627839,0.009980468750000002,0.0,0,,,242,0,1
1.0,,243,,,,,0.0,0,,,0,0,243,1,-0.009069204804167832,0,,0,0.0,21,7.986301369863012,,,,0.0005072641772627839,0.009980468750000002,0.0,0,,,243,0,0
1.0,,244,,,,,0.0,0,,,0,0,244,1,-0.009638320689004267,0,,0,0.0,21,7.986301369863012,,,,0.0005072641772627839,0.009980468750000002,0.0,0,,,244,0,1
1.0,,245,,,,,0.0,0,,,0,0,245,1,-0.010598430575365239,0,,0,0.0,21,7.986301369863012,,,,0.0005072641772627839,0.009980468750000002,0.0,0,,,245,0,0
1.0,,246,,,,,0.0,0,,,0,0,246,1,-0.008864009305829637,0,,0,0.0,21,7.986301369863012,,,,0.0005072641772627839,0.009980468750000002,0.0,0,,,246,0,1
1.0,,247,,,,,0.0,0,,,0,0,247,1,-0.009878024823994238,0,,0,0.0,21,7.986301369863012,,,,0.0005072641772627839,0.009980468750000002,0.0,0,,,247,0,0
1.0,,248,,,,,0.0,0,,,0,0,248,1,-0.011110062664932965,0,,0,0.0,21,7.986301369863012,,,,0.0005072641772627839,0.009980468750000002,0.0,0,,,248,0,0
1.0,,249,,,,,0.0,0,,,0,0,249,1,-0.009700828432680489,0,,0,0.0,21,7.986301369863012,,,,0.0005072641772627839,0.009980468750000002,0.0,0,,,249,0,1
1.0,32,250,1.5498614311218262,updated,0.20132312178611755,7.422598838806152,0.0,0,6.567010132130235e-05,3.908194412360899e-05,0,0,250,1,-0.009106026069460196,0,0,0,0.0,22,7.986301369863012,-9.66592025756836,7.630029201507568,-1.8294645547866821,0.0005072641772627839,0.009980468750000002,0.0,0,-0.01637408137321472,-0.01637408137321472,250,0,0
1.0,,251,,,,,0.0,0,,,0,0,251,1,-0.008142497522653827,0,,0,0.0,22,7.986301369863012,,,,0.0005072641772627839,0.009980468750000002,0.0,0,,,251,0,0
1.0,,252,,,,,0.0,0,,,0,0,252,1,-0.00804772488830995,0,,0,0.0,22,7.986301369863012,,,,0.0005072641772627839,0.009980468750000002,0.0,0,,,252,0,0
1.0,,253,,,,,0.0,0,,,0,0,253,1,-0.00830011886563419,0,,0,0.0,22,7.986301369863012,,,,0.0005072641772627839,0.009980468750000002,0.0,0,,,253,0,0
1.0,,254,,,,,0.0,0,,,0,0,254,1,-0.010627148866410021,0,,0,0.0,22,7.986301369863012,,,,0.0005072641772627839,0.009980468750000002,0.0,0,,,254,0,0
1.0,,255,,,,,0.0,0,,,0,0,255,1,-0.011419986843070653,0,,0,0.0,22,7.986301369863012,,,,0.0005072641772627839,0.009980468750000002,0.0,0,,,255,0,1
1.0,,256,,,,,0.0,0,,,0,0,256,1,-0.011118762329138434,0,,0,0.0,22,7.986301369863012,,,,0.0005072641772627839,0.009980468750000002,0.0,0,,,256,0,1
1.0,,257,,,,,0.0,0,,,0,0,257,1,-0.008474401632673203,0,,0,0.0,22,7.986301369863012,,,,0.0005072641772627839,0.009980468750000002,0.0,0,,,257,0,0
1.0,,258,,,,,0.0,0,,,0,0,258,1,-0.010168096628983428,0,,0,0.0,22,7.986301369863012,,,,0.0005072641772627839,0.009980468750000002,0.0,0,,,258,0,1
1.0,,259,,,,,0.0,0,,,0,0,259,1,-0.009379292194502167,0,,0,0.0,22,7.986301369863012,,,,0.0005072641772627839,0.009980468750000002,0.0,0,,,259,0,1
1.0,32,260,1.538697361946106,updated,0.20138324797153473,7.347836971282959,0.0,0,3.6514589737635106e-05,1.799650999600999e-05,0,0,260,1,-0.011450000306841837,0,0,0,0.0,23,7.986301369863012,-9.66592025756836,7.584249496459961,-1.8039510250091553,0.0005072641772627839,0.009980468750000002,0.0,0,-0.014707264490425587,-0.014707264490425587,260,0,1
1.0,,261,,,,,0.0,0,,,0,0,261,1,-0.008452235081680684,0,,0,0.0,23,7.986301369863012,,,,0.0005072641772627839,0.009980468750000002,0.0,0,,,261,0,1
1.0,,262,,,,,0.0,0,,,0,0,262,1,-0.009501039459220309,0,,0,0.0,23,7.986301369863012,,,,0.0005072641772627839,0.009980468750000002,0.0,0,,,262,0,1
1.0,,263,,,,,0.0,0,,,0,0,263,1,-0.010160813820019978,0,,0,0.0,23,7.986301369863012,,,,0.0005072641772627839,0.009980468750000002,0.0,0,,,263,0,0
1.0,,264,,,,,0.0,0,,,0,0,264,1,-0.010978227695416223,0,,0,0.0,23,7.986301369863012,,,,0.0005072641772627839,0.009980468750000002,0.0,0,,,264,0,1
1.0,,265,,,,,0.0,0,,,0,0,265,1,-0.011224870231362196,0,,0,0.0,23,7.986301369863012,,,,0.0005072641772627839,0.009980468750000002,0.0,0,,,265,0,1
1.0,,266,,,,,0.0,0,,,0,0,266,1,-0.010399070907624477,0,,0,0.0,23,7.986301369863012,,,,0.0005072641772627839,0.009980468750000002,0.0,0,,,266,0,0
1.0,,267,,,,,0.0,0,,,0,0,267,1,-0.009838988090684833,0,,0,0.0,23,7.986301369863012,,,,0.0005072641772627839,0.009980468750000002,0.0,0,,,267,0,1
1.0,,268,,,,,0.0,0,,,0,0,268,1,-0.00829215317716491,0,,0,0.0,23,7.986301369863012,,,,0.0005072641772627839,0.009980468750000002,0.0,0,,,268,0,0
1.0,,269,,,,,0.0,0,,,0,0,269,1,-0.010580227796545874,0,,0,0.0,23,7.986301369863012,,,,0.0005072641772627839,0.009980468750000002,0.0,0,,,269,0,1
1.0,32,270,1.5366102457046509,updated,0.20144331455230713,7.340725898742676,0.0,0,1.0834506610990502e-05,3.093954319410841e-06,0,0,270,1,-0.01143653341503791,0,0,0,0.0,24,7.986301369863012,-9.66592025756836,7.5806660652160645,-1.4044681787490845,0.0005072641772627839,0.009980468750000002,0.0,0,-0.012044073082506657,-0.012044073082506657,270,0,0
1.0,,271,,,,,0.0,0,,,0,0,271,1,-0.010138752306084289,0,,0,0.0,24,7.986301369863012,,,,0.0005072641772627839,0.009980468750000002,0.0,0,,,271,0,1
1.0,,272,,,,,0.0,0,,,0,0,272,1,-0.009880406474428885,0,,0,0.0,24,7.986301369863012,,,,0.0005072641772627839,0.009980468750000002,0.0,0,,,272,0,0
1.0,,273,,,,,0.0,0,,,0,0,273,1,-0.00838917167754504,0,,0,0.0,24,7.986301369863012,,,,0.0005072641772627839,0.009980468750000002,0.0,0,,,273,0,0
1.0,,274,,,,,0.0,0,,,0,0,274,1,-0.0099991236540402,0,,0,0.0,24,7.986301369863012,,,,0.0005072641772627839,0.009980468750000002,0.0,0,,,274,0,1
1.0,,275,,,,,0.0,0,,,0,0,275,1,-0.010476423010192573,0,,0,0.0,24,7.986301369863012,,,,0.0005072641772627839,0.009980468750000002,0.0,0,,,275,0,0
1.0,,276,,,,,0.0,0,,,0,0,276,1,-0.010793689726662717,0,,0,0.0,24,7.986301369863012,,,,0.0005072641772627839,0.009980468750000002,0.0,0,,,276,0,1
1.0,,277,,,,,0.0,0,,,0,0,277,1,-0.008706607831418403,0,,0,0.0,24,7.986301369863012,,,,0.0005072641772627839,0.009980468750000002,0.0,0,,,277,0,1
1.0,,278,,,,,0.0,0,,,0,0,278,1,-0.008683629875279255,0,,0,0.0,24,7.986301369863012,,,,0.0005072641772627839,0.009980468750000002,0.0,0,,,278,0,0
1.0,,279,,,,,0.0,0,,,0,0,279,1,-0.008649869440872085,0,,0,0.0,24,7.986301369863012,,,,0.0005072641772627839,0.009980468750000002,0.0,0,,,279,0,0
1.0,32,280,1.5555001497268677,updated,0.20150341093540192,7.471845626831055,0.0,0,3.290655740784132e-06,5.643689178214117e-07,0,0,280,1,-0.011325689883328707,0,0,0,0.0,25,7.986301369863012,-9.66592025756836,7.663352966308594,-1.8986115455627441,0.0005072641772627839,0.009980468750000002,0.0,0,-0.010140192694962025,-0.010140192694962025,280,0,1
1.0,,281,,,,,0.0,0,,,0,0,281,1,-0.010303023860491969,0,,0,0.0,25,7.986301369863012,,,,0.0005072641772627839,0.009980468750000002,0.0,0,,,281,0,0
1.0,,282,,,,,0.0,0,,,0,0,282,1,-0.008656907836243946,0,,0,0.0,25,7.986301369863012,,,,0.0005072641772627839,0.009980468750000002,0.0,0,,,282,0,1
1.0,,283,,,,,0.0,0,,,0,0,283,1,-0.01086911817989055,0,,0,0.0,25,7.986301369863012,,,,0.0005072641772627839,0.009980468750000002,0.0,0,,,283,0,1
1.0,,284,,,,,0.0,0,,,0,0,284,1,-0.009351478707843466,0,,0,0.0,25,7.986301369863012,,,,0.0005072641772627839,0.009980468750000002,0.0,0,,,284,0,0
1.0,,285,,,,,0.0,0,,,0,0,285,1,-0.010152290824281476,0,,0,0.0,25,7.986301369863012,,,,0.0005072641772627839,0.009980468750000002,0.0,0,,,285,0,1
1.0,,286,,,,,0.0,0,,,0,0,286,1,-0.009805969792650462,0,,0,0.0,25,7.986301369863012,,,,0.0005072641772627839,0.009980468750000002,0.0,0,,,286,0,1
1.0,,287,,,,,0.0,0,,,0,0,287,1,-0.01023772372345876,0,,0,0.0,25,7.986301369863012,,,,0.0005072641772627839,0.009980468750000002,0.0,0,,,287,0,1
1.0,,288,,,,,0.0,0,,,0,0,288,1,-0.008992620982436464,0,,0,0.0,25,7.986301369863012,,,,0.0005072641772627839,0.009980468750000002,0.0,0,,,288,0,1
1.0,,289,,,,,0.0,0,,,0,0,289,1,-0.01115050057079058,0,,0,0.0,25,7.986301369863012,,,,0.0005072641772627839,0.009980468750000002,0.0,0,,,289,0,0
1.0,32,290,1.5324018001556396,updated,0.20156341791152954,7.267472267150879,0.0,0,5.364878688851604e-06,8.366545444005169e-06,0,0,290,1,-0.01014476722087542,0,0,0,0.0,26,7.986301369863012,-9.66592025756836,7.5366435050964355,-1.6218857765197754,0.0005072641772627839,0.009980468750000002,0.0,0,-0.01184738427400589,-0.01184738427400589,290,0,1
1.0,,291,,,,,0.0,0,,,0,0,291,1,-0.010963859925983801,0,,0,0.0,26,7.986301369863012,,,,0.0005072641772627839,0.009980468750000002,0.0,0,,,291,0,0
1.0,,292,,,,,0.0,0,,,0,0,292,1,-0.010846987158228618,0,,0,0.0,26,7.986301369863012,,,,0.0005072641772627839,0.009980468750000002,0.0,0,,,292,0,1
1.0,,293,,,,,0.0,0,,,0,0,293,1,-0.009292415645467447,0,,0,0.0,26,7.986301369863012,,,,0.0005072641772627839,0.009980468750000002,0.0,0,,,293,0,1
1.0,,294,,,,,0.0,0,,,0,0,294,1,-0.01006675312673865,0,,0,0.0,26,7.986301369863012,,,,0.0005072641772627839,0.009980468750000002,0.0,0,,,294,0,0
1.0,,295,,,,,0.0,0,,,0,0,295,1,-0.008712393830731404,0,,0,0.0,26,7.986301369863012,,,,0.0005072641772627839,0.009980468750000002,0.0,0,,,295,0,0
1.0,,296,,,,,0.0,0,,,0,0,296,1,-0.008758172837592273,0,,0,0.0,26,7.986301369863012,,,,0.0005072641772627839,0.009980468750000002,0.0,0,,,296,0,0
1.0,,297,,,,,0.0,0,,,0,0,297,1,-0.008070872124215747,0,,0,0.0,26,7.986301369863012,,,,0.0005072641772627839,0.009980468750000002,0.0,0,,,297,0,0
1.0,,298,,,,,0.0,0,,,0,0,298,1,-0.010860814510665886,0,,0,0.0,26,7.986301369863012,,,,0.0005072641772627839,0.009980468750000002,0.0,0,,,298,0,0
1.0,,299,,,,,0.0,0,,,0,0,299,1,-0.008865856279631537,0,,0,0.0,26,7.986301369863012,,,,0.0005072641772627839,0.009980468750000002,0.0,0,,,299,0,0
1.0,32,300,1.5534203052520752,updated,0.20162345468997955,7.4169721603393555,0.0,0,1.4977485079725739e-05,1.9725459424080327e-05,0,0,300,1,-0.008234319062655917,0,0,0,0.0,27,7.986301369863012,-9.66592025756836,7.630827903747559,-1.876444935798645,0.0005072641772627839,0.009980468750000002,0.0,0,-0.013743515126407146,-0.013743515126407146,300,0,0
1.0,,301,,,,,0.0,0,,,0,0,301,1,-0.008837041532927295,0,,0,0.0,27,7.986301369863012,,,,0.0005072641772627839,0.009980468750000002,0.0,0,,,301,0,1
1.0,,302,,,,,0.0,0,,,0,0,302,1,-0.00834677547795403,0,,0,0.0,27,7.986301369863012,,,,0.0005072641772627839,0.009980468750000002,0.0,0,,,302,0,0
1.0,,303,,,,,0.0,0,,,0,0,303,1,-0.008895651756485759,0,,0,0.0,27,7.986301369863012,,,,0.0005072641772627839,0.009980468750000002,0.0,0,,,303,0,0
1.0,,304,,,,,0.0,0,,,0,0,304,1,-0.010273262304079314,0,,0,0.0,27,7.986301369863012,,,,0.0005072641772627839,0.009980468750000002,0.0,0,,,304,0,0
1.0,,305,,,,,0.0,0,,,0,0,305,1,-0.010172864406688955,0,,0,0.0,27,7.986301369863012,,,,0.0005072641772627839,0.009980468750000002,0.0,0,,,305,0,0
1.0,,306,,,,,0.0,0,,,0,0,306,1,-0.010291342968703479,0,,0,0.0,27,7.986301369863012,,,,0.0005072641772627839,0.009980468750000002,0.0,0,,,306,0,0
1.0,,307,,,,,0.0,0,,,0,0,307,1,-0.008034178683110618,0,,0,0.0,27,7.986301369863012,,,,0.0005072641772627839,0.009980468750000002,0.0,0,,,307,0,0
1.0,,308,,,,,0.0,0,,,0,0,308,1,-0.009181349782198414,0,,0,0.0,27,7.986301369863012,,,,0.0005072641772627839,0.009980468750000002,0.0,0,,,308,0,1
1.0,,309,,,,,0.0,0,,,0,0,309,1,-0.007923434925334085,0,,0,0.0,27,7.986301369863012,,,,0.0005072641772627839,0.009980468750000002,0.0,0,,,309,0,0
1.0,32,310,1.5688190460205078,updated,0.20168355107307434,7.524094104766846,0.0,0,2.8460999601520598e-05,2.525528907426633e-05,0,0,310,1,-0.00974284642254574,0,0,0,0.0,28,7.986301369863012,-9.66592025756836,7.698584079742432,-2.199404716491699,0.0005072641772627839,0.009980468750000002,0.0,0,-0.015321156941354275,-0.015321156941354275,310,0,0
1.0,,311,,,,,0.0,0,,,0,0,311,1,-0.009213543944105887,0,,0,0.0,28,7.986301369863012,,,,0.0005072641772627839,0.009980468750000002,0.0,0,,,311,0,0
1.0,,312,,,,,0.0,0,,,0,0,312,1,-0.009853609272733923,0,,0,0.0,28,7.986301369863012,,,,0.0005072641772627839,0.009980468750000002,0.0,0,,,312,0,0
1.0,,313,,,,,0.0,0,,,0,0,313,1,-0.009959056088268739,0,,0,0.0,28,7.986301369863012,,,,0.0005072641772627839,0.009980468750000002,0.0,0,,,313,0,1
1.0,,314,,,,,0.0,0,,,0,0,314,1,-0.010644294197760243,0,,0,0.0,28,7.986301369863012,,,,0.0005072641772627839,0.009980468750000002,0.0,0,,,314,0,0
1.0,,315,,,,,0.0,0,,,0,0,315,1,-0.010853328797386421,0,,0,0.0,28,7.986301369863012,,,,0.0005072641772627839,0.009980468750000002,0.0,0,,,315,0,0
1.0,,316,,,,,0.0,0,,,0,0,316,1,-0.011814190582050568,0,,0,0.0,28,7.986301369863012,,,,0.0005072641772627839,0.009980468750000002,0.0,0,,,316,0,0
1.0,,317,,,,,0.0,0,,,0,0,317,1,-0.008966402047024804,0,,0,0.0,28,7.986301369863012,,,,0.0005072641772627839,0.009980468750000002,0.0,0,,,317,0,1
1.0,,318,,,,,0.0,0,,,0,0,318,1,-0.008219290204677812,0,,0,0.0,28,7.986301369863012,,,,0.0005072641772627839,0.009980468750000002,0.0,0,,,318,0,0
1.0,,319,,,,,0.0,0,,,0,0,319,1,-0.010781589151574558,0,,0,0.0,28,7.986301369863012,,,,0.0005072641772627839,0.009980468750000002,0.0,0,,,319,0,0
1.0,32,320,1.5374712944030762,updated,0.20174357295036316,7.261994361877441,0.0,0,4.485964745981619e-05,2.288182804477401e-05,0,0,320,1,-0.010592901012061109,0,0,0,0.0,29,7.986301369863012,-9.66592025756836,7.5357537269592285,-1.6648311614990234,0.0005072641772627839,0.009980468750000002,0.0,0,-0.016670390963554382,-0.016670390963554382,320,0,0
1.0,,321,,,,,0.0,0,,,0,0,321,1,-0.011142852425195074,0,,0,0.0,29,7.986301369863012,,,,0.0005072641772627839,0.009980468750000002,0.0,0,,,321,0,0
1.0,,322,,,,,0.0,0,,,0,0,322,1,-0.008950668490917515,0,,0,0.0,29,7.986301369863012,,,,0.0005072641772627839,0.009980468750000002,0.0,0,,,322,0,0
1.0,,323,,,,,0.0,0,,,0,0,323,1,-0.00820416558433367,0,,0,0.0,29,7.986301369863012,,,,0.0005072641772627839,0.009980468750000002,0.0,0,,,323,0,0
1.0,,324,,,,,0.0,0,,,0,0,324,1,-0.011129301978477493,0,,0,0.0,29,7.986301369863012,,,,0.0005072641772627839,0.009980468750000002,0.0,0,,,324,0,1
1.0,,325,,,,,0.0,0,,,0,0,325,1,-0.00991093257145991,0,,0,0.0,29,7.986301369863012,,,,0.0005072641772627839,0.009980468750000002,0.0,0,,,325,0,1
1.0,,326,,,,,0.0,0,,,0,0,326,1,-0.010969987637237768,0,,0,0.0,29,7.986301369863012,,,,0.0005072641772627839,0.009980468750000002,0.0,0,,,326,0,0
1.0,,327,,,,,0.0,0,,,0,0,327,1,-0.00985902284195749,0,,0,0.0,29,7.986301369863012,,,,0.0005072641772627839,0.009980468750000002,0.0,0,,,327,0,1
1.0,,328,,,,,0.0,0,,,0,0,328,1,-0.011403075972981505,0,,0,0.0,29,7.986301369863012,,,,0.0005072641772627839,0.009980468750000002,0.0,0,,,328,0,0
1.0,,329,,,,,0.0,0,,,0,0,329,1,-0.009528517899964442,0,,0,0.0,29,7.986301369863012,,,,0.0005072641772627839,0.009980468750000002,0.0,0,,,329,0,0
1.0,32,330,1.5581032037734985,updated,0.20180362462997437,7.415180206298828,0.0,0,6.252214370761067e-05,1.3739745554630645e-05,0,0,330,1,-0.009631763407461627,0,0,0,0.0,30,7.986301369863012,-9.66592025756836,7.632293224334717,-1.6929876804351807,0.0005072641772627839,0.009980468750000002,0.0,0,-0.01768144592642784,-0.01768144592642784,330,0,0
1.0,,331,,,,,0.0,0,,,0,0,331,1,-0.010052190730004398,0,,0,0.0,30,7.986301369863012,,,,0.0005072641772627839,0.009980468750000002,0.0,0,,,331,0,0
1.0,,332,,,,,0.0,0,,,0,0,332,1,-0.00977175557033915,0,,0,0.0,30,7.986301369863012,,,,0.0005072641772627839,0.009980468750000002,0.0,0,,,332,0,1
1.0,,333,,,,,0.0,0,,,0,0,333,1,-0.010146729912517518,0,,0,0.0,30,7.986301369863012,,,,0.0005072641772627839,0.009980468750000002,0.0,0,,,333,0,1
1.0,,334,,,,,0.0,0,,,0,0,334,1,-0.009729998855592772,0,,0,0.0,30,7.986301369863012,,,,0.0005072641772627839,0.009980468750000002,0.0,0,,,334,0,0
1.0,,335,,,,,0.0,0,,,0,0,335,1,-0.011938488192603227,0,,0,0.0,30,7.986301369863012,,,,0.0005072641772627839,0.009980468750000002,0.0,0,,,335,0,0
1.0,,336,,,,,0.0,0,,,0,0,336,1,-0.010092901622321673,0,,0,0.0,30,7.986301369863012,,,,0.0005072641772627839,0.009980468750000002,0.0,0,,,336,0,1
1.0,,337,,,,,0.0,0,,,0,0,337,1,-0.009939046234916251,0,,0,0.0,30,7.986301369863012,,,,0.0005072641772627839,0.009980468750000002,0.0,0,,,337,0,1
1.0,,338,,,,,0.0,0,,,0,0,338,1,-0.009472885129383482,0,,0,0.0,30,7.986301369863012,,,,0.0005072641772627839,0.009980468750000002,0.0,0,,,338,0,1
1.0,,339,,,,,0.0,0,,,0,0,339,1,-0.009587945234493347,0,,0,0.0,30,7.986301369863012,,,,0.0005072641772627839,0.009980468750000002,0.0,0,,,339,0,1
1.0,32,340,1.5607622861862183,updated,0.20186370611190796,7.428383827209473,0.0,0,7.3622701165732e-05,4.7675607675046194e-06,0,0,340,1,-0.011342467281479465,0,0,0,0.0,31,7.986301369863012,-9.66592025756836,7.64140510559082,-1.707803726196289,0.0005072641772627839,0.009980468750000002,0.0,0,-0.018354641273617744,-0.018354641273617744,340,0,0
1.0,,341,,,,,0.0,0,,,0,0,341,1,-0.011740667791375827,0,,0,0.0,31,7.986301369863012,,,,0.0005072641772627839,0.009980468750000002,0.0,0,,,341,0,0
1.0,,342,,,,,0.0,0,,,0,0,342,1,-0.009875522202728462,0,,0,0.0,31,7.986301369863012,,,,0.0005072641772627839,0.009980468750000002,0.0,0,,,342,0,0
1.0,,343,,,,,0.0,0,,,0,0,343,1,-0.009920855299699874,0,,0,0.0,31,7.986301369863012,,,,0.0005072641772627839,0.009980468750000002,0.0,0,,,343,0,1
1.0,,344,,,,,0.0,0,,,0,0,344,1,-0.010199081678621482,0,,0,0.0,31,7.986301369863012,,,,0.0005072641772627839,0.009980468750000002,0.0,0,,,344,0,0
1.0,,345,,,,,0.0,0,,,0,0,345,1,-0.010588571828298523,0,,0,0.0,31,7.986301369863012,,,,0.0005072641772627839,0.009980468750000002,0.0,0,,,345,0,0
1.0,,346,,,,,0.0,0,,,0,0,346,1,-0.009942185674406847,0,,0,0.0,31,7.986301369863012,,,,0.0005072641772627839,0.009980468750000002,0.0,0,,,346,0,1
1.0,,347,,,,,0.0,0,,,0,0,347,1,-0.009495811644047105,0,,0,0.0,31,7.986301369863012,,,,0.0005072641772627839,0.009980468750000002,0.0,0,,,347,0,1
1.0,,348,,,,,0.0,0,,,0,0,348,1,-0.009575253457846813,0,,0,0.0,31,7.986301369863012,,,,0.0005072641772627839,0.009980468750000002,0.0,0,,,348,0,1
1.0,,349,,,,,0.0,0,,,0,0,349,1,-0.010114875659116276,0,,0,0.0,31,7.986301369863012,,,,0.0005072641772627839,0.009980468750000002,0.0,0,,,349,0,1
1.0,32,350,1.546743392944336,updated,0.20192375779151917,7.312869071960449,0.0,0,7.608220766996965e-05,1.552686370587253e-07,0,0,350,1,-0.00945077390626258,0,0,0,0.0,32,7.986301369863012,-9.66592025756836,7.570078372955322,-1.6370339393615723,0.0005072641772627839,0.009980468750000002,0.0,0,-0.018582366406917572,-0.018582366406917572,350,0,0
1.0,,351,,,,,0.0,0,,,0,0,351,1,-0.009136727081022969,0,,0,0.0,32,7.986301369863012,,,,0.0005072641772627839,0.009980468750000002,0.0,0,,,351,0,1
1.0,,352,,,,,0.0,0,,,0,0,352,1,-0.009917009690548309,0,,0,0.0,32,7.986301369863012,,,,0.0005072641772627839,0.009980468750000002,0.0,0,,,352,0,1
1.0,,353,,,,,0.0,0,,,0,0,353,1,-0.010261788163080645,0,,0,0.0,32,7.986301369863012,,,,0.0005072641772627839,0.009980468750000002,0.0,0,,,353,0,1
1.0,,354,,,,,0.0,0,,,0,0,354,1,-0.009202415608736683,0,,0,0.0,32,7.986301369863012,,,,0.0005072641772627839,0.009980468750000002,0.0,0,,,354,0,1
1.0,,355,,,,,0.0,0,,,0,0,355,1,-0.008325807053581205,0,,0,0.0,32,7.986301369863012,,,,0.0005072641772627839,0.009980468750000002,0.0,0,,,355,0,0
1.0,,356,,,,,0.0,0,,,0,0,356,1,-0.010046531072938283,0,,0,0.0,32,7.986301369863012,,,,0.0005072641772627839,0.009980468750000002,0.0,0,,,356,0,1
1.0,,357,,,,,0.0,0,,,0,0,357,1,-0.009238332776871463,0,,0,0.0,32,7.986301369863012,,,,0.0005072641772627839,0.009980468750000002,0.0,0,,,357,0,1
1.0,,358,,,,,0.0,0,,,0,0,358,1,-0.011438871445134993,0,,0,0.0,32,7.986301369863012,,,,0.0005072641772627839,0.009980468750000002,0.0,0,,,358,0,0
1.0,,359,,,,,0.0,0,,,0,0,359,1,-0.011333051007324393,0,,0,0.0,32,7.986301369863012,,,,0.0005072641772627839,0.009980468750000002,0.0,0,,,359,0,1
1.0,32,360,1.5742919445037842,updated,0.20198389887809753,7.527541160583496,0.0,0,8.228682418121025e-05,1.9321894342283485e-06,0,0,360,1,-0.010249242285015328,0,0,0,0.0,33,7.986301369863012,-9.66592025756836,7.7051100730896,-2.2409119606018066,0.0005072641772627839,0.009980468750000002,0.0,0,-0.018739696592092514,-0.018739696592092514,360,0,1
1.0,,361,,,,,0.0,0,,,0,0,361,1,-0.00952280426840412,0,,0,0.0,33,7.986301369863012,,,,0.0005072641772627839,0.009980468750000002,0.0,0,,,361,0,1
1.0,,362,,,,,0.0,0,,,0,0,362,1,-0.011283940696687136,0,,0,0.0,33,7.986301369863012,,,,0.0005072641772627839,0.009980468750000002,0.0,0,,,362,0,0
1.0,,363,,,,,0.0,0,,,0,0,363,1,-0.008893140058513485,0,,0,0.0,33,7.986301369863012,,,,0.0005072641772627839,0.009980468750000002,0.0,0,,,363,0,0
1.0,,364,,,,,0.0,0,,,0,0,364,1,-0.008177580151512256,0,,0,0.0,33,7.986301369863012,,,,0.0005072641772627839,0.009980468750000002,0.0,0,,,364,0,0
1.0,,365,,,,,0.0,0,,,0,0,365,1,-0.011237936202926449,0,,0,0.0,33,7.986301369863012,,,,0.0005072641772627839,0.009980468750000002,0.0,0,,,365,0,0
1.0,,366,,,,,0.0,0,,,0,0,366,1,-0.009655600998092364,0,,0,0.0,33,7.986301369863012,,,,0.0005072641772627839,0.009980468750000002,0.0,0,,,366,0,1
1.0,,367,,,,,0.0,0,,,0,0,367,1,-0.008399419296602364,0,,0,0.0,33,7.986301369863012,,,,0.0005072641772627839,0.009980468750000002,0.0,0,,,367,0,0
1.0,,368,,,,,0.0,0,,,0,0,368,1,-0.009827500541899284,0,,0,0.0,33,7.986301369863012,,,,0.0005072641772627839,0.009980468750000002,0.0,0,,,368,0,0
1.0,,369,,,,,0.0,0,,,0,0,369,1,-0.01115789662752297,0,,0,0.0,33,7.986301369863012,,,,0.0005072641772627839,0.009980468750000002,0.0,0,,,369,0,0
1.0,32,370,1.5518181324005127,updated,0.2020440250635147,7.348902702331543,0.0,0,7.594499038532376e-05,7.2933585215650965e-06,0,0,370,1,-0.00988517115087916,0,0,0,0.0,34,7.986301369863012,-9.66592025756836,7.594306945800781,-1.7904300689697266,0.0005072641772627839,0.009980468750000002,0.0,0,-0.01844005100429058,-0.01844005100429058,370,0,0
1.0,,371,,,,,0.0,0,,,0,0,371,1,-0.009021473990845621,0,,0,0.0,34,7.986301369863012,,,,0.0005072641772627839,0.009980468750000002,0.0,0,,,371,0,1
1.0,,372,,,,,0.0,0,,,0,0,372,1,-0.010105105946443196,0,,0,0.0,34,7.986301369863012,,,,0.0005072641772627839,0.009980468750000002,0.0,0,,,372,0,1
1.0,,373,,,,,0.0,0,,,0,0,373,1,-0.010874131524945643,0,,0,0.0,34,7.986301369863012,,,,0.0005072641772627839,0.009980468750000002,0.0,0,,,373,0,1
1.0,,374,,,,,0.0,0,,,0,0,374,1,-0.008965751425457072,0,,0,0.0,34,7.986301369863012,,,,0.0005072641772627839,0.009980468750000002,0.0,0,,,374,0,0
1.0,,375,,,,,0.0,0,,,0,0,375,1,-0.009794913711962163,0,,0,0.0,34,7.986301369863012,,,,0.0005072641772627839,0.009980468750000002,0.0,0,,,375,0,1
1.0,,376,,,,,0.0,0,,,0,0,376,1,-0.011788983881908735,0,,0,0.0,34,7.986301369863012,,,,0.0005072641772627839,0.009980468750000002,0.0,0,,,376,0,0
1.0,,377,,,,,0.0,0,,,0,0,377,1,-0.008322935047684546,0,,0,0.0,34,7.986301369863012,,,,0.0005072641772627839,0.009980468750000002,0.0,0,,,377,0,0
1.0,,378,,,,,0.0,0,,,0,0,378,1,-0.009705001762264623,0,,0,0.0,34,7.986301369863012,,,,0.0005072641772627839,0.009980468750000002,0.0,0,,,378,0,1
1.0,,379,,,,,0.0,0,,,0,0,379,1,-0.008254829698676627,0,,0,0.0,34,7.986301369863012,,,,0.0005072641772627839,0.009980468750000002,0.0,0,,,379,0,0
1.0,32,380,1.5566082000732422,updated,0.20210418105125427,7.38743257522583,0.0,0,6.736008799634874e-05,1.1504407666507177e-05,0,0,380,1,-0.010340478887681517,0,0,0,0.0,35,7.986301369863012,-9.66592025756836,7.619254112243652,-1.6183114051818848,0.0005072641772627839,0.009980468750000002,0.0,0,-0.017958713695406914,-0.017958713695406914,380,0,0
1.0,,381,,,,,0.0,0,,,0,0,381,1,-0.010127219228884812,0,,0,0.0,35,7.986301369863012,,,,0.0005072641772627839,0.009980468750000002,0.0,0,,,381,0,0
1.0,,382,,,,,0.0,0,,,0,0,382,1,-0.00970611023855227,0,,0,0.0,35,7.986301369863012,,,,0.0005072641772627839,0.009980468750000002,0.0,0,,,382,0,0
1.0,,383,,,,,0.0,0,,,0,0,383,1,-0.010504428193682571,0,,0,0.0,35,7.986301369863012,,,,0.0005072641772627839,0.009980468750000002,0.0,0,,,383,0,0
1.0,,384,,,,,0.0,0,,,0,0,384,1,-0.0110553772291364,0,,0,0.0,35,7.986301369863012,,,,0.0005072641772627839,0.009980468750000002,0.0,0,,,384,0,1
1.0,,385,,,,,0.0,0,,,0,0,385,1,-0.009137496998597108,0,,0,0.0,35,7.986301369863012,,,,0.0005072641772627839,0.009980468750000002,0.0,0,,,385,0,0
1.0,,386,,,,,0.0,0,,,0,0,386,1,-0.008075835564458558,0,,0,0.0,35,7.986301369863012,,,,0.0005072641772627839,0.009980468750000002,0.0,0,,,386,0,0
1.0,,387,,,,,0.0,0,,,0,0,387,1,-0.009440423800415534,0,,0,0.0,35,7.986301369863012,,,,0.0005072641772627839,0.009980468750000002,0.0,0,,,387,0,1
1.0,,388,,,,,0.0,0,,,0,0,388,1,-0.008393324769173862,0,,0,0.0,35,7.986301369863012,,,,0.0005072641772627839,0.009980468750000002,0.0,0,,,388,0,0
1.0,,389,,,,,0.0,0,,,0,0,389,1,-0.00993757208991596,0,,0,0.0,35,7.986301369863012,,,,0.0005072641772627839,0.009980468750000002,0.0,0,,,389,0,1
1.0,32,390,1.5548137426376343,updated,0.20216435194015503,7.374746799468994,0.0,0,5.420354500529356e-05,1.147068996942835e-05,0,0,390,1,-0.009978294558185432,0,0,0,0.0,36,7.986301369863012,-9.66592025756836,7.612180709838867,-1.5578367710113525,0.0005072641772627839,0.009980468750000002,0.0,0,-0.017237890511751175,-0.017237890511751175,390,0,0
1.0,,391,,,,,0.0,0,,,0,0,391,1,-0.011980095598080656,0,,0,0.0,36,7.986301369863012,,,,0.0005072641772627839,0.009980468750000002,0.0,0,,,391,0,0
1.0,,392,,,,,0.0,0,,,0,0,392,1,-0.010182754128879026,0,,0,0.0,36,7.986301369863012,,,,0.0005072641772627839,0.009980468750000002,0.0,0,,,392,0,1
1.0,,393,,,,,0.0,0,,,0,0,393,1,-0.010382350601593196,0,,0,0.0,36,7.986301369863012,,,,0.0005072641772627839,0.009980468750000002,0.0,0,,,393,0,1
1.0,,394,,,,,0.0,0,,,0,0,394,1,-0.01018446418782414,0,,0,0.0,36,7.986301369863012,,,,0.0005072641772627839,0.009980468750000002,0.0,0,,,394,0,1
1.0,,395,,,,,0.0,0,,,0,0,395,1,-0.010095264495408198,0,,0,0.0,36,7.986301369863012,,,,0.0005072641772627839,0.009980468750000002,0.0,0,,,395,0,1
1.0,,396,,,,,0.0,0,,,0,0,396,1,-0.009870707343137433,0,,0,0.0,36,7.986301369863012,,,,0.0005072641772627839,0.009980468750000002,0.0,0,,,396,0,1
1.0,,397,,,,,0.0,0,,,0,0,397,1,-0.009136267238698306,0,,0,0.0,36,7.986301369863012,,,,0.0005072641772627839,0.009980468750000002,0.0,0,,,397,0,0
1.0,,398,,,,,0.0,0,,,0,0,398,1,-0.009938985384325019,0,,0,0.0,36,7.986301369863012,,,,0.0005072641772627839,0.009980468750000002,0.0,0,,,398,0,1
1.0,,399,,,,,0.0,0,,,0,0,399,1,-0.011864390530556648,0,,0,0.0,36,7.986301369863012,,,,0.0005072641772627839,0.009980468750000002,0.0,0,,,399,0,0
1.0,32,400,1.5556238889694214,updated,0.20222453773021698,7.383387565612793,0.0,0,4.137905125389807e-05,7.590784207422985e-06,0,0,400,1,-0.010847744398569273,0,0,0,0.0,37,7.986301369863012,-9.66592025756836,7.618443965911865,-1.7014105319976807,0.0005072641772627839,0.009980468750000002,0.0,0,-0.01640462502837181,-0.01640462502837181,400,0,0
1.0,,401,,,,,0.0,0,,,0,0,401,1,-0.008637833174868206,0,,0,0.0,37,7.986301369863012,,,,0.0005072641772627839,0.009980468750000002,0.0,0,,,401,0,1
1.0,,402,,,,,0.0,0,,,0,0,402,1,-0.010437630373501641,0,,0,0.0,37,7.986301369863012,,,,0.0005072641772627839,0.009980468750000002,0.0,0,,,402,0,0
1.0,,403,,,,,0.0,0,,,0,0,403,1,-0.010631620128356048,0,,0,0.0,37,7.986301369863012,,,,0.0005072641772627839,0.009980468750000002,0.0,0,,,403,0,1
1.0,,404,,,,,0.0,0,,,0,0,404,1,-0.010589835237406966,0,,0,0.0,37,7.986301369863012,,,,0.0005072641772627839,0.009980468750000002,0.0,0,,,404,0,1
1.0,,405,,,,,0.0,0,,,0,0,405,1,-0.009428966569090527,0,,0,0.0,37,7.986301369863012,,,,0.0005072641772627839,0.009980468750000002,0.0,0,,,405,0,1
1.0,,406,,,,,0.0,0,,,0,0,406,1,-0.010355371270200244,0,,0,0.0,37,7.986301369863012,,,,0.0005072641772627839,0.009980468750000002,0.0,0,,,406,0,1
1.0,,407,,,,,0.0,0,,,0,0,407,1,-0.011153967217796037,0,,0,0.0,37,7.986301369863012,,,,0.0005072641772627839,0.009980468750000002,0.0,0,,,407,0,0
1.0,,408,,,,,0.0,0,,,0,0,408,1,-0.010315125451848086,0,,0,0.0,37,7.986301369863012,,,,0.0005072641772627839,0.009980468750000002,0.0,0,,,408,0,1
1.0,,409,,,,,0.0,0,,,0,0,409,1,-0.009092198198235693,0,,0,0.0,37,7.986301369863012,,,,0.0005072641772627839,0.009980468750000002,0.0,0,,,409,0,0
1.0,32,410,1.552518606185913,updated,0.20228472352027893,7.362109184265137,0.0,0,3.207890040357597e-05,3.2051411835709587e-06,0,0,410,1,-0.011315915418100833,0,0,0,0.0,38,7.986301369863012,-9.66592025756836,7.605991840362549,-1.8252968788146973,0.0005072641772627839,0.009980468750000002,0.0,0,-0.015478952787816525,-0.015478952787816525,410,0,0
1.0,,411,,,,,0.0,0,,,0,0,411,1,-0.00996586764789619,0,,0,0.0,38,7.986301369863012,,,,0.0005072641772627839,0.009980468750000002,0.0,0,,,411,0,0
1.0,,412,,,,,0.0,0,,,0,0,412,1,-0.009642749782968299,0,,0,0.0,38,7.986301369863012,,,,0.0005072641772627839,0.009980468750000002,0.0,0,,,412,0,0
1.0,,413,,,,,0.0,0,,,0,0,413,1,-0.011416316702352205,0,,0,0.0,38,7.986301369863012,,,,0.0005072641772627839,0.009980468750000002,0.0,0,,,413,0,1
1.0,,414,,,,,0.0,0,,,0,0,414,1,-0.010855488735470811,0,,0,0.0,38,7.986301369863012,,,,0.0005072641772627839,0.009980468750000002,0.0,0,,,414,0,1
1.0,,415,,,,,0.0,0,,,0,0,415,1,-0.010000768017607733,0,,0,0.0,38,7.986301369863012,,,,0.0005072641772627839,0.009980468750000002,0.0,0,,,415,0,1
1.0,,416,,,,,0.0,0,,,0,0,416,1,-0.009768136336951496,0,,0,0.0,38,7.986301369863012,,,,0.0005072641772627839,0.009980468750000002,0.0,0,,,416,0,1
1.0,,417,,,,,0.0,0,,,0,0,417,1,-0.009568555057239294,0,,0,0.0,38,7.986301369863012,,,,0.0005072641772627839,0.009980468750000002,0.0,0,,,417,0,0
1.0,,418,,,,,0.0,0,,,0,0,418,1,-0.010542409261365506,0,,0,0.0,38,7.986301369863012,,,,0.0005072641772627839,0.009980468750000002,0.0,0,,,418,0,0
1.0,,419,,,,,0.0,0,,,0,0,419,1,-0.009347998167352092,0,,0,0.0,38,7.986301369863012,,,,0.0005072641772627839,0.009980468750000002,0.0,0,,,419,0,1
1.0,32,420,1.560351848602295,updated,0.20234493911266327,7.428264617919922,0.0,0,2.4381475668633357e-05,3.8053983075769793e-07,0,0,420,1,-0.010856986995847908,0,0,0,0.0,39,7.986301369863012,-9.66592025756836,7.648245811462402,-2.0030012130737305,0.0005072641772627839,0.009980468750000002,0.0,0,-0.014475230127573013,-0.014475230127573013,420,0,1
1.0,,421,,,,,0.0,0,,,0,0,421,1,-0.00921941252676616,0,,0,0.0,39,7.986301369863012,,,,0.0005072641772627839,0.009980468750000002,0.0,0,,,421,0,1
1.0,,422,,,,,0.0,0,,,0,0,422,1,-0.010431956762832364,0,,0,0.0,39,7.986301369863012,,,,0.0005072641772627839,0.009980468750000002,0.0,0,,,422,0,0
1.0,,423,,,,,0.0,0,,,0,0,423,1,-0.010066782664668086,0,,0,0.0,39,7.986301369863012,,,,0.0005072641772627839,0.009980468750000002,0.0,0,,,423,0,1
1.0,,424,,,,,0.0,0,,,0,0,424,1,-0.011299587543335257,0,,0,0.0,39,7.986301369863012,,,,0.0005072641772627839,0.009980468750000002,0.0,0,,,424,0,0
1.0,,425,,,,,0.0,0,,,0,0,425,1,-0.010608331212236468,0,,0,0.0,39,7.986301369863012,,,,0.0005072641772627839,0.009980468750000002,0.0,0,,,425,0,0
1.0,,426,,,,,0.0,0,,,0,0,426,1,-0.009307004337469884,0,,0,0.0,39,7.986301369863012,,,,0.0005072641772627839,0.009980468750000002,0.0,0,,,426,0,1
1.0,,427,,,,,0.0,0,,,0,0,427,1,-0.00965512596228745,0,,0,0.0,39,7.986301369863012,,,,0.0005072641772627839,0.009980468750000002,0.0,0,,,427,0,0
1.0,,428,,,,,0.0,0,,,0,0,428,1,-0.011636541509430156,0,,0,0.0,39,7.986301369863012,,,,0.0005072641772627839,0.009980468750000002,0.0,0,,,428,0,0
1.0,,429,,,,,0.0,0,,,0,0,429,1,-0.00923406341392651,0,,0,0.0,39,7.986301369863012,,,,0.0005072641772627839,0.009980468750000002,0.0,0,,,429,0,1
1.0,32,430,1.5698935985565186,updated,0.20240527391433716,7.507119178771973,0.0,0,1.1985815945081413e-05,6.434854071812879e-07,0,0,430,1,-0.010818926694715838,0,0,0,0.0,40,7.986301369863012,-9.66592025756836,7.698464393615723,-2.241426706314087,0.0005072641772627839,0.009980468750000002,0.0,0,-0.013328003697097301,-0.013328003697097301,430,0,1
1.0,,431,,,,,0.0,0,,,0,0,431,1,-0.009659178949436456,0,,0,0.0,40,7.986301369863012,,,,0.0005072641772627839,0.009980468750000002,0.0,0,,,431,0,1
1.0,,432,,,,,0.0,0,,,0,0,432,1,-0.010132735936491546,0,,0,0.0,40,7.986301369863012,,,,0.0005072641772627839,0.009980468750000002,0.0,0,,,432,0,1
1.0,,433,,,,,0.0,0,,,0,0,433,1,-0.011376348551621831,0,,0,0.0,40,7.986301369863012,,,,0.0005072641772627839,0.009980468750000002,0.0,0,,,433,0,0
1.0,,434,,,,,0.0,0,,,0,0,434,1,-0.009781389882298033,0,,0,0.0,40,7.986301369863012,,,,0.0005072641772627839,0.009980468750000002,0.0,0,,,434,0,0
1.0,,435,,,,,0.0,0,,,0,0,435,1,-0.010706539201551504,0,,0,0.0,40,7.986301369863012,,,,0.0005072641772627839,0.009980468750000002,0.0,0,,,435,0,0
1.0,,436,,,,,0.0,0,,,0,0,436,1,-0.011383833502802912,0,,0,0.0,40,7.986301369863012,,,,0.0005072641772627839,0.009980468750000002,0.0,0,,,436,0,1
1.0,,437,,,,,0.0,0,,,0,0,437,1,-0.009381033430524202,0,,0,0.0,40,7.986301369863012,,,,0.0005072641772627839,0.009980468750000002,0.0,0,,,437,0,1
1.0,,438,,,,,0.0,0,,,0,0,438,1,-0.010622825059362953,0,,0,0.0,40,7.986301369863012,,,,0.0005072641772627839,0.009980468750000002,0.0,0,,,438,0,1
1.0,,439,,,,,0.0,0,,,0,0,439,1,-0.011383823797518336,0,,0,0.0,40,7.986301369863012,,,,0.0005072641772627839,0.009980468750000002,0.0,0,,,439,0,1
1.0,32,440,1.5506389141082764,updated,0.20246560871601105,7.358602523803711,0.0,0,6.103625764808385e-06,3.0519181564159226e-06,0,0,440,1,-0.009774365217669825,0,0,0,0.0,41,7.986301369863012,-9.66592025756836,7.606371879577637,-2.2122042179107666,0.0005072641772627839,0.009980468750000002,0.0,0,-0.012128722853958607,-0.012128722853958607,440,0,0
1.0,,441,,,,,0.0,0,,,0,0,441,1,-0.010068452443084954,0,,0,0.0,41,7.986301369863012,,,,0.0005072641772627839,0.009980468750000002,0.0,0,,,441,0,0
1.0,,442,,,,,0.0,0,,,0,0,442,1,-0.010945745890566396,0,,0,0.0,41,7.986301369863012,,,,0.0005072641772627839,0.009980468750000002,0.0,0,,,442,0,0
1.0,,443,,,,,0.0,0,,,0,0,443,1,-0.009623951631970265,0,,0,0.0,41,7.986301369863012,,,,0.0005072641772627839,0.009980468750000002,0.0,0,,,443,0,1
1.0,,444,,,,,0.0,0,,,0,0,444,1,-0.008903238256732884,0,,0,0.0,41,7.986301369863012,,,,0.0005072641772627839,0.009980468750000002,0.0,0,,,444,0,1
1.0,,445,,,,,0.0,0,,,0,0,445,1,-0.01087127489752259,0,,0,0.0,41,7.986301369863012,,,,0.0005072641772627839,0.009980468750000002,0.0,0,,,445,0,1
1.0,,446,,,,,0.0,0,,,0,0,446,1,-0.008175037428689294,0,,0,0.0,41,7.986301369863012,,,,0.0005072641772627839,0.009980468750000002,0.0,0,,,446,0,0
1.0,,447,,,,,0.0,0,,,0,0,447,1,-0.010607799046904223,0,,0,0.0,41,7.986301369863012,,,,0.0005072641772627839,0.009980468750000002,0.0,0,,,447,0,1
1.0,,448,,,,,0.0,0,,,0,0,448,1,-0.008562542509504159,0,,0,0.0,41,7.986301369863012,,,,0.0005072641772627839,0.009980468750000002,0.0,0,,,448,0,1
1.0,,449,,,,,0.0,0,,,0,0,449,1,-0.010602237010181472,0,,0,0.0,41,7.986301369863012,,,,0.0005072641772627839,0.009980468750000002,0.0,0,,,449,0,1
1.0,32,450,1.5296590328216553,updated,0.20252583920955658,7.19569730758667,0.0,0,3.527790113366791e-06,5.193709057493834e-06,0,0,450,1,-0.008157982184264103,0,0,0,0.0,42,7.986301369863012,-9.66592025756836,7.5052361488342285,-1.8208436965942383,0.0005072641772627839,0.009980468750000002,0.0,0,-0.011157583445310593,-0.011157583445310593,450,0,0
1.0,,451,,,,,0.0,0,,,0,0,451,1,-0.008677124910540837,0,,0,0.0,42,7.986301369863012,,,,0.0005072641772627839,0.009980468750000002,0.0,0,,,451,0,1
1.0,,452,,,,,0.0,0,,,0,0,452,1,-0.008620678366267889,0,,0,0.0,42,7.986301369863012,,,,0.0005072641772627839,0.009980468750000002,0.0,0,,,452,0,1
1.0,,453,,,,,0.0,0,,,0,0,453,1,-0.010231690127168616,0,,0,0.0,42,7.986301369863012,,,,0.0005072641772627839,0.009980468750000002,0.0,0,,,453,0,1
1.0,,454,,,,,0.0,0,,,0,0,454,1,-0.010453264509686857,0,,0,0.0,42,7.986301369863012,,,,0.0005072641772627839,0.009980468750000002,0.0,0,,,454,0,1
1.0,,455,,,,,0.0,0,,,0,0,455,1,-0.010297130728614814,0,,0,0.0,42,7.986301369863012,,,,0.0005072641772627839,0.009980468750000002,0.0,0,,,455,0,0
1.0,,456,,,,,0.0,0,,,0,0,456,1,-0.01037295654538383,0,,0,0.0,42,7.986301369863012,,,,0.0005072641772627839,0.009980468750000002,0.0,0,,,456,0,0
1.0,,457,,,,,0.0,0,,,0,0,457,1,-0.009441518271967589,0,,0,0.0,42,7.986301369863012,,,,0.0005072641772627839,0.009980468750000002,0.0,0,,,457,0,0
1.0,,458,,,,,0.0,0,,,0,0,458,1,-0.011414370139571464,0,,0,0.0,42,7.986301369863012,,,,0.0005072641772627839,0.009980468750000002,0.0,0,,,458,0,1
1.0,,459,,,,,0.0,0,,,0,0,459,1,-0.010505320999975467,0,,0,0.0,42,7.986301369863012,,,,0.0005072641772627839,0.009980468750000002,0.0,0,,,459,0,0
1.0,32,460,1.544588327407837,updated,0.20258605480194092,7.315598964691162,0.0,0,1.5732185829619993e-06,5.535941454581916e-06,0,0,460,1,-0.010255493506406524,0,0,0,0.0,43,7.986301369863012,-9.66592025756836,7.581159591674805,-1.9062343835830688,0.0005072641772627839,0.009980468750000002,0.0,0,-0.010083349421620369,-0.010083349421620369,460,0,1
1.0,,461,,,,,0.0,0,,,0,0,461,1,-0.010198942432399818,0,,0,0.0,43,7.986301369863012,,,,0.0005072641772627839,0.009980468750000002,0.0,0,,,461,0,1
1.0,,462,,,,,0.0,0,,,0,0,462,1,-0.009353440474569421,0,,0,0.0,43,7.986301369863012,,,,0.0005072641772627839,0.009980468750000002,0.0,0,,,462,0,1
1.0,,463,,,,,0.0,0,,,0,0,463,1,-0.010263409158732575,0,,0,0.0,43,7.986301369863012,,,,0.0005072641772627839,0.009980468750000002,0.0,0,,,463,0,0
1.0,,464,,,,,0.0,0,,,0,0,464,1,-0.009535555617270255,0,,0,0.0,43,7.986301369863012,,,,0.0005072641772627839,0.009980468750000002,0.0,0,,,464,0,1
1.0,,465,,,,,0.0,0,,,0,0,465,1,-0.011541231252149444,0,,0,0.0,43,7.986301369863012,,,,0.0005072641772627839,0.009980468750000002,0.0,0,,,465,0,0
1.0,,466,,,,,0.0,0,,,0,0,466,1,-0.009358282913802132,0,,0,0.0,43,7.986301369863012,,,,0.0005072641772627839,0.009980468750000002,0.0,0,,,466,0,0
1.0,,467,,,,,0.0,0,,,0,0,467,1,-0.011785832449630043,0,,0,0.0,43,7.986301369863012,,,,0.0005072641772627839,0.009980468750000002,0.0,0,,,467,0,0
1.0,,468,,,,,0.0,0,,,0,0,468,1,-0.010103089057243988,0,,0,0.0,43,7.986301369863012,,,,0.0005072641772627839,0.009980468750000002,0.0,0,,,468,0,1
1.0,,469,,,,,0.0,0,,,0,0,469,1,-0.009709686074045756,0,,0,0.0,43,7.986301369863012,,,,0.0005072641772627839,0.009980468750000002,0.0,0,,,469,0,1
1.0,32,470,1.5484538078308105,updated,0.20264627039432526,7.34163761138916,0.0,0,2.490118731657276e-06,3.7803420127602294e-06,0,0,470,1,-0.012020547721871768,0,0,0,0.0,44,7.986301369863012,-9.66592025756836,7.598321914672852,-1.5996896028518677,0.0005072641772627839,0.009980468750000002,0.0,0,-0.009231637232005596,-0.009231637232005596,470,0,0
1.0,,471,,,,,0.0,0,,,0,0,471,1,-0.011403190055455639,0,,0,0.0,44,7.986301369863012,,,,0.0005072641772627839,0.009980468750000002,0.0,0,,,471,0,0
1.0,,472,,,,,0.0,0,,,0,0,472,1,-0.008885449052223873,0,,0,0.0,44,7.986301369863012,,,,0.0005072641772627839,0.009980468750000002,0.0,0,,,472,0,0
1.0,,473,,,,,0.0,0,,,0,0,473,1,-0.011495868678503598,0,,0,0.0,44,7.986301369863012,,,,0.0005072641772627839,0.009980468750000002,0.0,0,,,473,0,0
1.0,,474,,,,,0.0,0,,,0,0,474,1,-0.010182004342918152,0,,0,0.0,44,7.986301369863012,,,,0.0005072641772627839,0.009980468750000002,0.0,0,,,474,0,0
1.0,,475,,,,,0.0,0,,,0,0,475,1,-0.008703204842819936,0,,0,0.0,44,7.986301369863012,,,,0.0005072641772627839,0.009980468750000002,0.0,0,,,475,0,0
1.0,,476,,,,,0.0,0,,,0,0,476,1,-0.008510843569812234,0,,0,0.0,44,7.986301369863012,,,,0.0005072641772627839,0.009980468750000002,0.0,0,,,476,0,0
1.0,,477,,,,,0.0,0,,,0,0,477,1,-0.012094401887562825,0,,0,0.0,44,7.986301369863012,,,,0.0005072641772627839,0.009980468750000002,0.0,0,,,477,0,0
1.0,,478,,,,,0.0,0,,,0,0,478,1,-0.010850017892404687,0,,0,0.0,44,7.986301369863012,,,,0.0005072641772627839,0.009980468750000002,0.0,0,,,478,0,1
1.0,,479,,,,,0.0,0,,,0,0,479,1,-0.011071724643366245,0,,0,0.0,44,7.986301369863012,,,,0.0005072641772627839,0.009980468750000002,0.0,0,,,479,0,0
1.0,32,480,1.5532528162002563,updated,0.20270653069019318,7.370455741882324,0.0,0,4.716207513411064e-06,1.6256602748399018e-06,0,0,480,1,-0.011552341574441396,0,0,0,0.0,45,7.986301369863012,-9.66592025756836,7.617231369018555,-2.4333486557006836,0.0005072641772627839,0.009980468750000002,0.0,0,-0.009099804796278477,-0.009099804796278477,480,0,0
1.0,,481,,,,,0.0,0,,,0,0,481,1,-0.009700141698615763,0,,0,0.0,45,7.986301369863012,,,,0.0005072641772627839,0.009980468750000002,0.0,0,,,481,0,0
1.0,,482,,,,,0.0,0,,,0,0,482,1,-0.011715413244710806,0,,0,0.0,45,7.986301369863012,,,,0.0005072641772627839,0.009980468750000002,0.0,0,,,482,0,0
1.0,,483,,,,,0.0,0,,,0,0,483,1,-0.009903300336663748,0,,0,0.0,45,7.986301369863012,,,,0.0005072641772627839,0.009980468750000002,0.0,0,,,483,0,1
1.0,,484,,,,,0.0,0,,,0,0,484,1,-0.010546934720563552,0,,0,0.0,45,7.986301369863012,,,,0.0005072641772627839,0.009980468750000002,0.0,0,,,484,0,0
1.0,,485,,,,,0.0,0,,,0,0,485,1,-0.009462517435367293,0,,0,0.0,45,7.986301369863012,,,,0.0005072641772627839,0.009980468750000002,0.0,0,,,485,0,0
1.0,,486,,,,,0.0,0,,,0,0,486,1,-0.010085335743070125,0,,0,0.0,45,7.986301369863012,,,,0.0005072641772627839,0.009980468750000002,0.0,0,,,486,0,0
1.0,,487,,,,,0.0,0,,,0,0,487,1,-0.009701458976457236,0,,0,0.0,45,7.986301369863012,,,,0.0005072641772627839,0.009980468750000002,0.0,0,,,487,0,1
1.0,,488,,,,,0.0,0,,,0,0,488,1,-0.01004246919534534,0,,0,0.0,45,7.986301369863012,,,,0.0005072641772627839,0.009980468750000002,0.0,0,,,488,0,1
1.0,,489,,,,,0.0,0,,,0,0,489,1,-0.00900906721805427,0,,0,0.0,45,7.986301369863012,,,,0.0005072641772627839,0.009980468750000002,0.0,0,,,489,0,1
1.0,32,490,1.5574296712875366,updated,0.20276682078838348,7.39176082611084,0.0,0,6.615235179197043e-06,1.8012093505603843e-07,0,0,490,1,-0.010894889830556967,0,0,0,0.0,46,7.986301369863012,-9.66592025756836,7.63144063949585,-1.8752813339233398,0.0005072641772627839,0.009980468750000002,0.0,0,-0.009584072977304459,-0.009584072977304459,490,0,1
1.0,,491,,,,,0.0,0,,,0,0,491,1,-0.011178607887390548,0,,0,0.0,46,7.986301369863012,,,,0.0005072641772627839,0.009980468750000002,0.0,0,,,491,0,1
1.0,,492,,,,,0.0,0,,,0,0,492,1,-0.009651451949222114,0,,0,0.0,46,7.986301369863012,,,,0.0005072641772627839,0.009980468750000002,0.0,0,,,492,0,1
1.0,,493,,,,,0.0,0,,,0,0,493,1,-0.012128397751985034,0,,0,0.0,46,7.986301369863012,,,,0.0005072641772627839,0.009980468750000002,0.0,0,,,493,0,0
1.0,,494,,,,,0.0,0,,,0,0,494,1,-0.010166137206304651,0,,0,0.0,46,7.986301369863012,,,,0.0005072641772627839,0.009980468750000002,0.0,0,,,494,0,1
1.0,,495,,,,,0.0,0,,,0,0,495,1,-0.010504003181907908,0,,0,0.0,46,7.986301369863012,,,,0.0005072641772627839,0.009980468750000002,0.0,0,,,495,0,0
1.0,,496,,,,,0.0,0,,,0,0,496,1,-0.011712481870500327,0,,0,0.0,46,7.986301369863012,,,,0.0005072641772627839,0.009980468750000002,0.0,0,,,496,0,0
1.0,,497,,,,,0.0,0,,,0,0,497,1,-0.00956814108832237,0,,0,0.0,46,7.986301369863012,,,,0.0005072641772627839,0.009980468750000002,0.0,0,,,497,0,1
1.0,,498,,,,,0.0,0,,,0,0,498,1,-0.00943973447168677,0,,0,0.0,46,7.986301369863012,,,,0.0005072641772627839,0.009980468750000002,0.0,0,,,498,0,0
1.0,,499,,,,,0.0,0,,,0,0,499,1,-0.009004396099130165,0,,0,0.0,46,7.986301369863012,,,,0.0005072641772627839,0.009980468750000002,0.0,0,,,499,0,1
1.0,32,500,1.5635731220245361,updated,0.20282718539237976,7.429125785827637,0.0,0,9.677772141003516e-06,2.907351870362618e-07,0,0,500,1,-0.010814128628192634,0,0,0,0.0,47,7.986301369863012,-9.66592025756836,7.655719757080078,-1.774247407913208,0.0005072641772627839,0.009980468750000002,0.0,0,-0.010542906820774078,-0.010542906820774078,500,0,0
1.0,,501,,,,,0.0,0,,,0,0,501,1,-0.010987946241377547,0,,0,0.0,47,7.986301369863012,,,,0.0005072641772627839,0.009980468750000002,0.0,0,,,501,0,1
1.0,,502,,,,,0.0,0,,,0,0,502,1,-0.011386123180137311,0,,0,0.0,47,7.986301369863012,,,,0.0005072641772627839,0.009980468750000002,0.0,0,,,502,0,1
1.0,,503,,,,,0.0,0,,,0,0,503,1,-0.009520855120637819,0,,0,0.0,47,7.986301369863012,,,,0.0005072641772627839,0.009980468750000002,0.0,0,,,503,0,0
1.0,,504,,,,,0.0,0,,,0,0,504,1,-0.01004184722373557,0,,0,0.0,47,7.986301369863012,,,,0.0005072641772627839,0.009980468750000002,0.0,0,,,504,0,1
1.0,,505,,,,,0.0,0,,,0,0,505,1,-0.010193913806364687,0,,0,0.0,47,7.986301369863012,,,,0.0005072641772627839,0.009980468750000002,0.0,0,,,505,0,1
1.0,,506,,,,,0.0,0,,,0,0,506,1,-0.009630487882264163,0,,0,0.0,47,7.986301369863012,,,,0.0005072641772627839,0.009980468750000002,0.0,0,,,506,0,0
1.0,,507,,,,,0.0,0,,,0,0,507,1,-0.010527426968479183,0,,0,0.0,47,7.986301369863012,,,,0.0005072641772627839,0.009980468750000002,0.0,0,,,507,0,1
1.0,,508,,,,,0.0,0,,,0,0,508,1,-0.010179024300295261,0,,0,0.0,47,7.986301369863012,,,,0.0005072641772627839,0.009980468750000002,0.0,0,,,508,0,0
1.0,,509,,,,,0.0,0,,,0,0,509,1,-0.009379714489000204,0,,0,0.0,47,7.986301369863012,,,,0.0005072641772627839,0.009980468750000002,0.0,0,,,509,0,1
1.0,32,510,1.5539618730545044,updated,0.20288757979869843,7.344833850860596,0.0,0,9.724355550133623e-06,1.7307390862697503e-06,0,0,510,1,-0.011948954644685586,0,0,0,0.0,48,7.986301369863012,-9.66592025756836,7.603754043579102,-1.9050310850143433,0.0005072641772627839,0.009980468750000002,0.0,0,-0.010968398302793503,-0.010968398302793503,510,0,0
1.0,,511,,,,,0.0,0,,,0,0,511,1,-0.008720503997626352,0,,0,0.0,48,7.986301369863012,,,,0.0005072641772627839,0.009980468750000002,0.0,0,,,511,0,1
1.0,,512,,,,,0.0,0,,,0,0,512,1,-0.010506340262820704,0,,0,0.0,48,7.986301369863012,,,,0.0005072641772627839,0.009980468750000002,0.0,0,,,512,0,0
1.0,,513,,,,,0.0,0,,,0,0,513,1,-0.011139174609582128,0,,0,0.0,48,7.986301369863012,,,,0.0005072641772627839,0.009980468750000002,0.0,0,,,513,0,0
1.0,,514,,,,,0.0,0,,,0,0,514,1,-0.009165973052563938,0,,0,0.0,48,7.986301369863012,,,,0.0005072641772627839,0.009980468750000002,0.0,0,,,514,0,1
1.0,,515,,,,,0.0,0,,,0,0,515,1,-0.008968849404429982,0,,0,0.0,48,7.986301369863012,,,,0.0005072641772627839,0.009980468750000002,0.0,0,,,515,0,0
1.0,,516,,,,,0.0,0,,,0,0,516,1,-0.009542137567793532,0,,0,0.0,48,7.986301369863012,,,,0.0005072641772627839,0.009980468750000002,0.0,0,,,516,0,0
1.0,,517,,,,,0.0,0,,,0,0,517,1,-0.009792412535564612,0,,0,0.0,48,7.986301369863012,,,,0.0005072641772627839,0.009980468750000002,0.0,0,,,517,0,1
1.0,,518,,,,,0.0,0,,,0,0,518,1,-0.010592131626182102,0,,0,0.0,48,7.986301369863012,,,,0.0005072641772627839,0.009980468750000002,0.0,0,,,518,0,1
1.0,,519,,,,,0.0,0,,,0,0,519,1,-0.010298053431216694,0,,0,0.0,48,7.986301369863012,,,,0.0005072641772627839,0.009980468750000002,0.0,0,,,519,0,1
1.0,32,520,1.5555974245071411,updated,0.2029479742050171,7.353795051574707,0.0,0,1.4611645383411087e-05,2.586998562037479e-06,0,0,520,1,-0.009649316716057612,0,0,0,0.0,49,7.986301369863012,-9.66592025756836,7.610231876373291,-1.4448323249816895,0.0005072641772627839,0.009980468750000002,0.0,0,-0.011695902794599533,-0.011695902794599533,520,0,1
1.0,,521,,,,,0.0,0,,,0,0,521,1,-0.01001505966836124,0,,0,0.0,49,7.986301369863012,,,,0.0005072641772627839,0.009980468750000002,0.0,0,,,521,0,0
1.0,,522,,,,,0.0,0,,,0,0,522,1,-0.010793140660778846,0,,0,0.0,49,7.986301369863012,,,,0.0005072641772627839,0.009980468750000002,0.0,0,,,522,0,1
1.0,,523,,,,,0.0,0,,,0,0,523,1,-0.009718841402690295,0,,0,0.0,49,7.986301369863012,,,,0.0005072641772627839,0.009980468750000002,0.0,0,,,523,0,1
1.0,,524,,,,,0.0,0,,,0,0,524,1,-0.010903356636384079,0,,0,0.0,49,7.986301369863012,,,,0.0005072641772627839,0.009980468750000002,0.0,0,,,524,0,1
1.0,,525,,,,,0.0,0,,,0,0,525,1,-0.010444022063766259,0,,0,0.0,49,7.986301369863012,,,,0.0005072641772627839,0.009980468750000002,0.0,0,,,525,0,1
1.0,,526,,,,,0.0,0,,,0,0,526,1,-0.010532490723943902,0,,0,0.0,49,7.986301369863012,,,,0.0005072641772627839,0.009980468750000002,0.0,0,,,526,0,1
1.0,,527,,,,,0.0,0,,,0,0,527,1,-0.011269510151329811,0,,0,0.0,49,7.986301369863012,,,,0.0005072641772627839,0.009980468750000002,0.0,0,,,527,0,1
1.0,,528,,,,,0.0,0,,,0,0,528,1,-0.010249748679745476,0,,0,0.0,49,7.986301369863012,,,,0.0005072641772627839,0.009980468750000002,0.0,0,,,528,0,1
1.0,,529,,,,,0.0,0,,,0,0,529,1,-0.00906803180514947,0,,0,0.0,49,7.986301369863012,,,,0.0005072641772627839,0.009980468750000002,0.0,0,,,529,0,1
1.0,32,530,1.5739541053771973,updated,0.2030084878206253,7.49807596206665,0.0,0,1.5313700714614242e-05,2.790678081510123e-06,0,0,530,1,-0.011098889243868584,0,0,0,0.0,50,7.986301369863012,-9.66592025756836,7.701561450958252,-2.092726707458496,0.0005072641772627839,0.009980468750000002,0.0,0,-0.011691028252243996,-0.011691028252243996,530,0,0
1.0,,531,,,,,0.0,0,,,0,0,531,1,-0.010404898230891515,0,,0,0.0,50,7.986301369863012,,,,0.0005072641772627839,0.009980468750000002,0.0,0,,,531,0,0
1.0,,532,,,,,0.0,0,,,0,0,532,1,-0.011895769058934516,0,,0,0.0,50,7.986301369863012,,,,0.0005072641772627839,0.009980468750000002,0.0,0,,,532,0,0
1.0,,533,,,,,0.0,0,,,0,0,533,1,-0.009367038592343438,0,,0,0.0,50,7.986301369863012,,,,0.0005072641772627839,0.009980468750000002,0.0,0,,,533,0,1
1.0,,534,,,,,0.0,0,,,0,0,534,1,-0.008977750888131677,0,,0,0.0,50,7.986301369863012,,,,0.0005072641772627839,0.009980468750000002,0.0,0,,,534,0,1
1.0,,535,,,,,0.0,0,,,0,0,535,1,-0.011387742845050166,0,,0,0.0,50,7.986301369863012,,,,0.0005072641772627839,0.009980468750000002,0.0,0,,,535,0,0
1.0,,536,,,,,0.0,0,,,0,0,536,1,-0.009459507788839297,0,,0,0.0,50,7.986301369863012,,,,0.0005072641772627839,0.009980468750000002,0.0,0,,,536,0,1
1.0,,537,,,,,0.0,0,,,0,0,537,1,-0.010354505011371576,0,,0,0.0,50,7.986301369863012,,,,0.0005072641772627839,0.009980468750000002,0.0,0,,,537,0,0
1.0,,538,,,,,0.0,0,,,0,0,538,1,-0.01070814924273499,0,,0,0.0,50,7.986301369863012,,,,0.0005072641772627839,0.009980468750000002,0.0,0,,,538,0,1
1.0,,539,,,,,0.0,0,,,0,0,539,1,-0.009890907343244706,0,,0,0.0,50,7.986301369863012,,,,0.0005072641772627839,0.009980468750000002,0.0,0,,,539,0,1
1.0,32,540,1.5771222114562988,updated,0.20306912064552307,7.51884126663208,0.0,0,1.6620528185740113e-05,1.6314928643623716e-06,0,0,540,1,-0.010817305220003562,0,0,0,0.0,51,7.986301369863012,-9.66592025756836,7.715463161468506,-2.5962460041046143,0.0005072641772627839,0.009980468750000002,0.0,0,-0.01142616756260395,-0.01142616756260395,540,0,0
1.0,,541,,,,,0.0,0,,,0,0,541,1,-0.009984326650135369,0,,0,0.0,51,7.986301369863012,,,,0.0005072641772627839,0.009980468750000002,0.0,0,,,541,0,1
1.0,,542,,,,,0.0,0,,,0,0,542,1,-0.010793208868381967,0,,0,0.0,51,7.986301369863012,,,,0.0005072641772627839,0.009980468750000002,0.0,0,,,542,0,1
1.0,,543,,,,,0.0,0,,,0,0,543,1,-0.011932577026691362,0,,0,0.0,51,7.986301369863012,,,,0.0005072641772627839,0.009980468750000002,0.0,0,,,543,0,0
1.0,,544,,,,,0.0,0,,,0,0,544,1,-0.01105442332796235,0,,0,0.0,51,7.986301369863012,,,,0.0005072641772627839,0.009980468750000002,0.0,0,,,544,0,1
1.0,,545,,,,,0.0,0,,,0,0,545,1,-0.011402245203259156,0,,0,0.0,51,7.986301369863012,,,,0.0005072641772627839,0.009980468750000002,0.0,0,,,545,0,0
1.0,,546,,,,,0.0,0,,,0,0,546,1,-0.009649983755616756,0,,0,0.0,51,7.986301369863012,,,,0.0005072641772627839,0.009980468750000002,0.0,0,,,546,0,1
1.0,,547,,,,,0.0,0,,,0,0,547,1,-0.010228765067293413,0,,0,0.0,51,7.986301369863012,,,,0.0005072641772627839,0.009980468750000002,0.0,0,,,547,0,1
1.0,,548,,,,,0.0,0,,,0,0,548,1,-0.010117667578559022,0,,0,0.0,51,7.986301369863012,,,,0.0005072641772627839,0.009980468750000002,0.0,0,,,548,0,1
1.0,,549,,,,,0.0,0,,,0,0,549,1,-0.009046339287311014,0,,0,0.0,51,7.986301369863012,,,,0.0005072641772627839,0.009980468750000002,0.0,0,,,549,0,0
1.0,32,550,1.5340428352355957,updated,0.2031296342611313,7.180353164672852,0.0,0,1.3163664334570058e-05,5.8417651871423e-07,0,0,550,1,-0.008879200029849202,0,0,0,0.0,52,7.986301369863012,-9.66592025756836,7.504022598266602,-1.2049452066421509,0.0005072641772627839,0.009980468750000002,0.0,0,-0.010699422098696232,-0.010699422098696232,550,0,1
1.0,,551,,,,,0.0,0,,,0,0,551,1,-0.010232931697731864,0,,0,0.0,52,7.986301369863012,,,,0.0005072641772627839,0.009980468750000002,0.0,0,,,551,0,1
1.0,,552,,,,,0.0,0,,,0,0,552,1,-0.011694416550080291,0,,0,0.0,52,7.986301369863012,,,,0.0005072641772627839,0.009980468750000002,0.0,0,,,552,0,0
1.0,,553,,,,,0.0,0,,,0,0,553,1,-0.008449103314181574,0,,0,0.0,52,7.986301369863012,,,,0.0005072641772627839,0.009980468750000002,0.0,0,,,553,0,1
1.0,,554,,,,,0.0,0,,,0,0,554,1,-0.011132111962226734,0,,0,0.0,52,7.986301369863012,,,,0.0005072641772627839,0.009980468750000002,0.0,0,,,554,0,0
1.0,,555,,,,,0.0,0,,,0,0,555,1,-0.011274116813986925,0,,0,0.0,52,7.986301369863012,,,,0.0005072641772627839,0.009980468750000002,0.0,0,,,555,0,0
1.0,,556,,,,,0.0,0,,,0,0,556,1,-0.010473798229221778,0,,0,0.0,52,7.986301369863012,,,,0.0005072641772627839,0.009980468750000002,0.0,0,,,556,0,0
1.0,,557,,,,,0.0,0,,,0,0,557,1,-0.008367417084645936,0,,0,0.0,52,7.986301369863012,,,,0.0005072641772627839,0.009980468750000002,0.0,0,,,557,0,1
1.0,,558,,,,,0.0,0,,,0,0,558,1,-0.010644609536301744,0,,0,0.0,52,7.986301369863012,,,,0.0005072641772627839,0.009980468750000002,0.0,0,,,558,0,0
1.0,,559,,,,,0.0,0,,,0,0,559,1,-0.009518740507987502,0,,0,0.0,52,7.986301369863012,,,,0.0005072641772627839,0.009980468750000002,0.0,0,,,559,0,1
1.0,32,560,1.553624153137207,updated,0.2031901478767395,7.334524631500244,0.0,0,1.1183386959601194e-05,6.430531129808514e-08,0,0,560,1,-0.008248126403074476,0,0,0,0.0,53,7.986301369863012,-9.66592025756836,7.601589679718018,-1.886915683746338,0.0005072641772627839,0.009980468750000002,0.0,0,-0.010045349597930908,-0.010045349597930908,560,0,0
1.0,,561,,,,,0.0,0,,,0,0,561,1,-0.010591413648022066,0,,0,0.0,53,7.986301369863012,,,,0.0005072641772627839,0.009980468750000002,0.0,0,,,561,0,0
1.0,,562,,,,,0.0,0,,,0,0,562,1,-0.010575841298208424,0,,0,0.0,53,7.986301369863012,,,,0.0005072641772627839,0.009980468750000002,0.0,0,,,562,0,0
1.0,,563,,,,,0.0,0,,,0,0,563,1,-0.010828718991614519,0,,0,0.0,53,7.986301369863012,,,,0.0005072641772627839,0.009980468750000002,0.0,0,,,563,0,1
1.0,,564,,,,,0.0,0,,,0,0,564,1,-0.010450673219253073,0,,0,0.0,53,7.986301369863012,,,,0.0005072641772627839,0.009980468750000002,0.0,0,,,564,0,1
1.0,,565,,,,,0.0,0,,,0,0,565,1,-0.009713747872414516,0,,0,0.0,53,7.986301369863012,,,,0.0005072641772627839,0.009980468750000002,0.0,0,,,565,0,1
1.0,,566,,,,,0.0,0,,,0,0,566,1,-0.010167815034581409,0,,0,0.0,53,7.986301369863012,,,,0.0005072641772627839,0.009980468750000002,0.0,0,,,566,0,1
1.0,,567,,,,,0.0,0,,,0,0,567,1,-0.009325575709388847,0,,0,0.0,53,7.986301369863012,,,,0.0005072641772627839,0.009980468750000002,0.0,0,,,567,0,1
1.0,,568,,,,,0.0,0,,,0,0,568,1,-0.008856099478787396,0,,0,0.0,53,7.986301369863012,,,,0.0005072641772627839,0.009980468750000002,0.0,0,,,568,0,1
1.0,,569,,,,,0.0,0,,,0,0,569,1,-0.009944931470815757,0,,0,0.0,53,7.986301369863012,,,,0.0005072641772627839,0.009980468750000002,0.0,0,,,569,0,1
1.0,32,570,1.5262296199798584,updated,0.20325052738189697,7.11706018447876,0.0,0,1.1039816854463425e-05,3.804489665526489e-07,0,0,570,1,-0.010306551125507149,0,0,0,0.0,54,7.986301369863012,-9.66592025756836,7.46599006652832,-2.193345546722412,0.0005072641772627839,0.009980468750000002,0.0,0,-0.009709220379590988,-0.009709220379590988,570,0,0
1.0,,571,,,,,0.0,0,,,0,0,571,1,-0.009308568938897857,0,,0,0.0,54,7.986301369863012,,,,0.0005072641772627839,0.009980468750000002,0.0,0,,,571,0,1
1.0,,572,,,,,0.0,0,,,0,0,572,1,-0.011566449411888549,0,,0,0.0,54,7.986301369863012,,,,0.0005072641772627839,0.009980468750000002,0.0,0,,,572,0,0
1.0,,573,,,,,0.0,0,,,0,0,573,1,-0.008139445629172784,0,,0,0.0,54,7.986301369863012,,,,0.0005072641772627839,0.009980468750000002,0.0,0,,,573,0,0
1.0,,574,,,,,0.0,0,,,0,0,574,1,-0.010602631809662135,0,,0,0.0,54,7.986301369863012,,,,0.0005072641772627839,0.009980468750000002,0.0,0,,,574,0,1
1.0,,575,,,,,0.0,0,,,0,0,575,1,-0.009691269341471234,0,,0,0.0,54,7.986301369863012,,,,0.0005072641772627839,0.009980468750000002,0.0,0,,,575,0,1
1.0,,576,,,,,0.0,0,,,0,0,576,1,-0.009657376545260324,0,,0,0.0,54,7.986301369863012,,,,0.0005072641772627839,0.009980468750000002,0.0,0,,,576,0,0
1.0,,577,,,,,0.0,0,,,0,0,577,1,-0.008840271852393436,0,,0,0.0,54,7.986301369863012,,,,0.0005072641772627839,0.009980468750000002,0.0,0,,,577,0,0
1.0,,578,,,,,0.0,0,,,0,0,578,1,-0.011285092161600776,0,,0,0.0,54,7.986301369863012,,,,0.0005072641772627839,0.009980468750000002,0.0,0,,,578,0,0
1.0,,579,,,,,0.0,0,,,0,0,579,1,-0.010738903229678734,0,,0,0.0,54,7.986301369863012,,,,0.0005072641772627839,0.009980468750000002,0.0,0,,,579,0,1
1.0,32,580,1.5556038618087769,updated,0.20331093668937683,7.343036651611328,0.0,0,6.040613698132802e-06,9.283055533160223e-07,0,0,580,1,-0.011119032022276034,0,0,0,0.0,55,7.986301369863012,-9.66592025756836,7.6086506843566895,-1.7748571634292603,0.0005072641772627839,0.009980468750000002,0.0,0,-0.008988957852125168,-0.008988957852125168,580,0,1
1.0,,581,,,,,0.0,0,,,0,0,581,1,-0.008433673605477523,0,,0,0.0,55,7.986301369863012,,,,0.0005072641772627839,0.009980468750000002,0.0,0,,,581,0,1
1.0,,582,,,,,0.0,0,,,0,0,582,1,-0.00842013276087327,0,,0,0.0,55,7.986301369863012,,,,0.0005072641772627839,0.009980468750000002,0.0,0,,,582,0,0
1.0,,583,,,,,0.0,0,,,0,0,583,1,-0.00947754898267549,0,,0,0.0,55,7.986301369863012,,,,0.0005072641772627839,0.009980468750000002,0.0,0,,,583,0,1
1.0,,584,,,,,0.0,0,,,0,0,584,1,-0.01148857486015519,0,,0,0.0,55,7.986301369863012,,,,0.0005072641772627839,0.009980468750000002,0.0,0,,,584,0,1
1.0,,585,,,,,0.0,0,,,0,0,585,1,-0.008844768389871352,0,,0,0.0,55,7.986301369863012,,,,0.0005072641772627839,0.009980468750000002,0.0,0,,,585,0,1
1.0,,586,,,,,0.0,0,,,0,0,586,1,-0.011097896709238544,0,,0,0.0,55,7.986301369863012,,,,0.0005072641772627839,0.009980468750000002,0.0,0,,,586,0,0
1.0,,587,,,,,0.0,0,,,0,0,587,1,-0.01056113389811463,0,,0,0.0,55,7.986301369863012,,,,0.0005072641772627839,0.009980468750000002,0.0,0,,,587,0,0
1.0,,588,,,,,0.0,0,,,0,0,588,1,-0.010663787804400684,0,,0,0.0,55,7.986301369863012,,,,0.0005072641772627839,0.009980468750000002,0.0,0,,,588,0,0
1.0,,589,,,,,0.0,0,,,0,0,589,1,-0.010994404534665261,0,,0,0.0,55,7.986301369863012,,,,0.0005072641772627839,0.009980468750000002,0.0,0,,,589,0,1
1.0,32,590,1.567840814590454,updated,0.20337143540382385,7.432374954223633,0.0,0,3.86437022825703e-06,1.2474429240683094e-06,0,0,590,1,-0.009845790944875468,0,0,0,0.0,56,7.986301369863012,-9.66592025756836,7.665591716766357,-1.853360652923584,0.0005072641772627839,0.009980468750000002,0.0,0,-0.008945207111537457,-0.008945207111537457,590,0,1
1.0,,591,,,,,0.0,0,,,0,0,591,1,-0.010474670961697399,0,,0,0.0,56,7.986301369863012,,,,0.0005072641772627839,0.009980468750000002,0.0,0,,,591,0,0
1.0,,592,,,,,0.0,0,,,0,0,592,1,-0.009570697546987575,0,,0,0.0,56,7.986301369863012,,,,0.0005072641772627839,0.009980468750000002,0.0,0,,,592,0,0
1.0,,593,,,,,0.0,0,,,0,0,593,1,-0.009876951811820902,0,,0,0.0,56,7.986301369863012,,,,0.0005072641772627839,0.009980468750000002,0.0,0,,,593,0,1
1.0,,594,,,,,0.0,0,,,0,0,594,1,-0.008502738249366306,0,,0,0.0,56,7.986301369863012,,,,0.0005072641772627839,0.009980468750000002,0.0,0,,,594,0,0
1.0,,595,,,,,0.0,0,,,0,0,595,1,-0.010495388999367297,0,,0,0.0,56,7.986301369863012,,,,0.0005072641772627839,0.009980468750000002,0.0,0,,,595,0,0
1.0,,596,,,,,0.0,0,,,0,0,596,1,-0.009946884654829393,0,,0,0.0,56,7.986301369863012,,,,0.0005072641772627839,0.009980468750000002,0.0,0,,,596,0,0
1.0,,597,,,,,0.0,0,,,0,0,597,1,-0.010344552584290448,0,,0,0.0,56,7.986301369863012,,,,0.0005072641772627839,0.009980468750000002,0.0,0,,,597,0,0
1.0,,598,,,,,0.0,0,,,0,0,598,1,-0.008793394872441898,0,,0,0.0,56,7.986301369863012,,,,0.0005072641772627839,0.009980468750000002,0.0,0,,,598,0,0
1.0,,599,,,,,0.0,0,,,0,0,599,1,-0.00984638919036728,0,,0,0.0,56,7.986301369863012,,,,0.0005072641772627839,0.009980468750000002,0.0,0,,,599,0,1
1.0,32,600,1.5488014221191406,updated,0.20343193411827087,7.27629280090332,0.0,0,3.9807355278753676e-06,1.1852466741402168e-06,0,0,600,1,-0.00984198297407012,0,0,0,0.0,57,7.986301369863012,-9.66592025756836,7.5684661865234375,-1.9440340995788574,0.0005072641772627839,0.009980468750000002,0.0,0,-0.009358463808894157,-0.009358463808894157,600,0,1
1.0,,601,,,,,0.0,0,,,0,0,601,1,-0.010844465215694701,0,,0,0.0,57,7.986301369863012,,,,0.0005072641772627839,0.009980468750000002,0.0,0,,,601,0,1
1.0,,602,,,,,0.0,0,,,0,0,602,1,-0.010735810957084304,0,,0,0.0,57,7.986301369863012,,,,0.0005072641772627839,0.009980468750000002,0.0,0,,,602,0,1
1.0,,603,,,,,0.0,0,,,0,0,603,1,-0.008915689657195127,0,,0,0.0,57,7.986301369863012,,,,0.0005072641772627839,0.009980468750000002,0.0,0,,,603,0,1
1.0,,604,,,,,0.0,0,,,0,0,604,1,-0.010804642560316094,0,,0,0.0,57,7.986301369863012,,,,0.0005072641772627839,0.009980468750000002,0.0,0,,,604,0,0
1.0,,605,,,,,0.0,0,,,0,0,605,1,-0.008182829349838041,0,,0,0.0,57,7.986301369863012,,,,0.0005072641772627839,0.009980468750000002,0.0,0,,,605,0,0
1.0,,606,,,,,0.0,0,,,0,0,606,1,-0.011957170249016649,0,,0,0.0,57,7.986301369863012,,,,0.0005072641772627839,0.009980468750000002,0.0,0,,,606,0,0
1.0,,607,,,,,0.0,0,,,0,0,607,1,-0.009191516690515869,0,,0,0.0,57,7.986301369863012,,,,0.0005072641772627839,0.009980468750000002,0.0,0,,,607,0,1
1.0,,608,,,,,0.0,0,,,0,0,608,1,-0.011061099307454239,0,,0,0.0,57,7.986301369863012,,,,0.0005072641772627839,0.009980468750000002,0.0,0,,,608,0,0
1.0,,609,,,,,0.0,0,,,0,0,609,1,-0.010569590918848118,0,,0,0.0,57,7.986301369863012,,,,0.0005072641772627839,0.009980468750000002,0.0,0,,,609,0,1
1.0,32,610,1.5702052116394043,updated,0.20349252223968506,7.433288097381592,0.0,0,2.342250809306279e-06,6.362515705404803e-07,0,0,610,1,-0.01173207365417749,0,0,0,0.0,58,7.986301369863012,-9.66592025756836,7.667908191680908,-1.9238473176956177,0.0005072641772627839,0.009980468750000002,0.0,0,-0.009707368910312653,-0.009707368910312653,610,0,0
1.0,,611,,,,,0.0,0,,,0,0,611,1,-0.009447570016971376,0,,0,0.0,58,7.986301369863012,,,,0.0005072641772627839,0.009980468750000002,0.0,0,,,611,0,1
1.0,,612,,,,,0.0,0,,,0,0,612,1,-0.010340142867325089,0,,0,0.0,58,7.986301369863012,,,,0.0005072641772627839,0.009980468750000002,0.0,0,,,612,0,1
1.0,,613,,,,,0.0,0,,,0,0,613,1,-0.009724271202347303,0,,0,0.0,58,7.986301369863012,,,,0.0005072641772627839,0.009980468750000002,0.0,0,,,613,0,1
1.0,,614,,,,,0.0,0,,,0,0,614,1,-0.010545491488158856,0,,0,0.0,58,7.986301369863012,,,,0.0005072641772627839,0.009980468750000002,0.0,0,,,614,0,0
1.0,,615,,,,,0.0,0,,,0,0,615,1,-0.011463515506849422,0,,0,0.0,58,7.986301369863012,,,,0.0005072641772627839,0.009980468750000002,0.0,0,,,615,0,1
1.0,,616,,,,,0.0,0,,,0,0,616,1,-0.009631256629208487,0,,0,0.0,58,7.986301369863012,,,,0.0005072641772627839,0.009980468750000002,0.0,0,,,616,0,1
1.0,,617,,,,,0.0,0,,,0,0,617,1,-0.011208503430360608,0,,0,0.0,58,7.986301369863012,,,,0.0005072641772627839,0.009980468750000002,0.0,0,,,617,0,0
1.0,,618,,,,,0.0,0,,,0,0,618,1,-0.011712261233810963,0,,0,0.0,58,7.986301369863012,,,,0.0005072641772627839,0.009980468750000002,0.0,0,,,618,0,0
1.0,,619,,,,,0.0,0,,,0,0,619,1,-0.008186677254756738,0,,0,0.0,58,7.986301369863012,,,,0.0005072641772627839,0.009980468750000002,0.0,0,,,619,0,0
1.0,32,620,1.5799919366836548,updated,0.2035532295703888,7.502199172973633,0.0,0,1.5112299251995864e-06,1.79442992020995e-07,0,0,620,1,-0.009603192172038746,0,0,0,0.0,59,7.986301369863012,-9.66592025756836,7.712063789367676,-2.09124493598938,0.0005072641772627839,0.009980468750000002,0.0,0,-0.010074419900774956,-0.010074419900774956,620,0,1
1.0,,621,,,,,0.0,0,,,0,0,621,1,-0.010720181473912174,0,,0,0.0,59,7.986301369863012,,,,0.0005072641772627839,0.009980468750000002,0.0,0,,,621,0,1
1.0,,622,,,,,0.0,0,,,0,0,622,1,-0.011176764813075604,0,,0,0.0,59,7.986301369863012,,,,0.0005072641772627839,0.009980468750000002,0.0,0,,,622,0,0
1.0,,623,,,,,0.0,0,,,0,0,623,1,-0.00988331682301368,0,,0,0.0,59,7.986301369863012,,,,0.0005072641772627839,0.009980468750000002,0.0,0,,,623,0,0
1.0,,624,,,,,0.0,0,,,0,0,624,1,-0.010263967316442404,0,,0,0.0,59,7.986301369863012,,,,0.0005072641772627839,0.009980468750000002,0.0,0,,,624,0,1
1.0,,625,,,,,0.0,0,,,0,0,625,1,-0.009700363488213562,0,,0,0.0,59,7.986301369863012,,,,0.0005072641772627839,0.009980468750000002,0.0,0,,,625,0,0
1.0,,626,,,,,0.0,0,,,0,0,626,1,-0.009166811393509935,0,,0,0.0,59,7.986301369863012,,,,0.0005072641772627839,0.009980468750000002,0.0,0,,,626,0,0
1.0,,627,,,,,0.0,0,,,0,0,627,1,-0.01097851063183807,0,,0,0.0,59,7.986301369863012,,,,0.0005072641772627839,0.009980468750000002,0.0,0,,,627,0,1
1.0,,628,,,,,0.0,0,,,0,0,628,1,-0.010862116687933679,0,,0,0.0,59,7.986301369863012,,,,0.0005072641772627839,0.009980468750000002,0.0,0,,,628,0,0
1.0,,629,,,,,0.0,0,,,0,0,629,1,-0.009462467340677119,0,,0,0.0,59,7.986301369863012,,,,0.0005072641772627839,0.009980468750000002,0.0,0,,,629,0,0
1.0,32,630,1.5689486265182495,updated,0.2036139965057373,7.408458709716797,0.0,0,1.767098183336202e-06,7.195815499017044e-08,0,0,630,1,-0.008199655438156697,0,0,0,0.0,60,7.986301369863012,-9.66592025756836,7.654057502746582,-1.5602691173553467,0.0005072641772627839,0.009980468750000002,0.0,0,-0.010620162822306156,-0.010620162822306156,630,0,0
1.0,,631,,,,,0.0,0,,,0,0,631,1,-0.010230036821494473,0,,0,0.0,60,7.986301369863012,,,,0.0005072641772627839,0.009980468750000002,0.0,0,,,631,0,1
1.0,,632,,,,,0.0,0,,,0,0,632,1,-0.009287981723977037,0,,0,0.0,60,7.986301369863012,,,,0.0005072641772627839,0.009980468750000002,0.0,0,,,632,0,0
1.0,,633,,,,,0.0,0,,,0,0,633,1,-0.008563519196876026,0,,0,0.0,60,7.986301369863012,,,,0.0005072641772627839,0.009980468750000002,0.0,0,,,633,0,0
1.0,,634,,,,,0.0,0,,,0,0,634,1,-0.010028992518447346,0,,0,0.0,60,7.986301369863012,,,,0.0005072641772627839,0.009980468750000002,0.0,0,,,634,0,1
1.0,,635,,,,,0.0,0,,,0,0,635,1,-0.009253657964132902,0,,0,0.0,60,7.986301369863012,,,,0.0005072641772627839,0.009980468750000002,0.0,0,,,635,0,1
1.0,,636,,,,,0.0,0,,,0,0,636,1,-0.009624664283705222,0,,0,0.0,60,7.986301369863012,,,,0.0005072641772627839,0.009980468750000002,0.0,0,,,636,0,0
1.0,,637,,,,,0.0,0,,,0,0,637,1,-0.01140169840419846,0,,0,0.0,60,7.986301369863012,,,,0.0005072641772627839,0.009980468750000002,0.0,0,,,637,0,0
1.0,,638,,,,,0.0,0,,,0,0,638,1,-0.009494383010758103,0,,0,0.0,60,7.986301369863012,,,,0.0005072641772627839,0.009980468750000002,0.0,0,,,638,0,1
1.0,,639,,,,,0.0,0,,,0,0,639,1,-0.009910818701931437,0,,0,0.0,60,7.986301369863012,,,,0.0005072641772627839,0.009980468750000002,0.0,0,,,639,0,0
1.0,32,640,1.5714246034622192,updated,0.20367483794689178,7.42034387588501,0.0,0,1.8085049759974936e-06,4.4741452143171045e-07,0,0,640,1,-0.01074212923642758,0,0,0,0.0,61,7.986301369863012,-9.66592025756836,7.6623992919921875,-1.957318663597107,0.0005072641772627839,0.009980468750000002,0.0,0,-0.011012861505150795,-0.011012861505150795,640,0,0
1.0,,641,,,,,0.0,0,,,0,0,641,1,-0.010452759876444997,0,,0,0.0,61,7.986301369863012,,,,0.0005072641772627839,0.009980468750000002,0.0,0,,,641,0,1
1.0,,642,,,,,0.0,0,,,0,0,642,1,-0.01062105307273086,0,,0,0.0,61,7.986301369863012,,,,0.0005072641772627839,0.009980468750000002,0.0,0,,,642,0,1
1.0,,643,,,,,0.0,0,,,0,0,643,1,-0.010041788283390076,0,,0,0.0,61,7.986301369863012,,,,0.0005072641772627839,0.009980468750000002,0.0,0,,,643,0,1
1.0,,644,,,,,0.0,0,,,0,0,644,1,-0.010159039628935709,0,,0,0.0,61,7.986301369863012,,,,0.0005072641772627839,0.009980468750000002,0.0,0,,,644,0,1
1.0,,645,,,,,0.0,0,,,0,0,645,1,-0.010037046012599795,0,,0,0.0,61,7.986301369863012,,,,0.0005072641772627839,0.009980468750000002,0.0,0,,,645,0,0
1.0,,646,,,,,0.0,0,,,0,0,646,1,-0.010401824681215857,0,,0,0.0,61,7.986301369863012,,,,0.0005072641772627839,0.009980468750000002,0.0,0,,,646,0,1
1.0,,647,,,,,0.0,0,,,0,0,647,1,-0.010458368680489763,0,,0,0.0,61,7.986301369863012,,,,0.0005072641772627839,0.009980468750000002,0.0,0,,,647,0,1
1.0,,648,,,,,0.0,0,,,0,0,648,1,-0.00917755769590011,0,,0,0.0,61,7.986301369863012,,,,0.0005072641772627839,0.009980468750000002,0.0,0,,,648,0,1
1.0,,649,,,,,0.0,0,,,0,0,649,1,-0.010432103151272845,0,,0,0.0,61,7.986301369863012,,,,0.0005072641772627839,0.009980468750000002,0.0,0,,,649,0,1
1.0,32,650,1.5576733350753784,updated,0.20373563468456268,7.306729793548584,0.0,0,1.8342609564570012e-06,6.047962983757316e-07,0,0,650,1,-0.009121337322963932,0,0,0,0.0,62,7.986301369863012,-9.66592025756836,7.591874599456787,-1.737555980682373,0.0005072641772627839,0.009980468750000002,0.0,0,-0.01120281033217907,-0.01120281033217907,650,0,1
1.0,,651,,,,,0.0,0,,,0,0,651,1,-0.010071504050516591,0,,0,0.0,62,7.986301369863012,,,,0.0005072641772627839,0.009980468750000002,0.0,0,,,651,0,0
1.0,,652,,,,,0.0,0,,,0,0,652,1,-0.01027501018886289,0,,0,0.0,62,7.986301369863012,,,,0.0005072641772627839,0.009980468750000002,0.0,0,,,652,0,1
1.0,,653,,,,,0.0,0,,,0,0,653,1,-0.009083371497986761,0,,0,0.0,62,7.986301369863012,,,,0.0005072641772627839,0.009980468750000002,0.0,0,,,653,0,0
1.0,,654,,,,,0.0,0,,,0,0,654,1,-0.010041693039991575,0,,0,0.0,62,7.986301369863012,,,,0.0005072641772627839,0.009980468750000002,0.0,0,,,654,0,1
1.0,,655,,,,,0.0,0,,,0,0,655,1,-0.009091483920857115,0,,0,0.0,62,7.986301369863012,,,,0.0005072641772627839,0.009980468750000002,0.0,0,,,655,0,1
1.0,,656,,,,,0.0,0,,,0,0,656,1,-0.010801523170099738,0,,0,0.0,62,7.986301369863012,,,,0.0005072641772627839,0.009980468750000002,0.0,0,,,656,0,0
1.0,,657,,,,,0.0,0,,,0,0,657,1,-0.011892523646963795,0,,0,0.0,62,7.986301369863012,,,,0.0005072641772627839,0.009980468750000002,0.0,0,,,657,0,0
1.0,,658,,,,,0.0,0,,,0,0,658,1,-0.00880472779339824,0,,0,0.0,62,7.986301369863012,,,,0.0005072641772627839,0.009980468750000002,0.0,0,,,658,0,0
1.0,,659,,,,,0.0,0,,,0,0,659,1,-0.011245583509569048,0,,0,0.0,62,7.986301369863012,,,,0.0005072641772627839,0.009980468750000002,0.0,0,,,659,0,0
1.0,32,660,1.5561606884002686,updated,0.20379643142223358,7.289755821228027,0.0,0,2.8537224352476187e-06,6.689809879389941e-07,0,0,660,1,-0.00981602749078169,0,0,0,0.0,63,7.986301369863012,-9.66592025756836,7.582066059112549,-1.5872392654418945,0.0005072641772627839,0.009980468750000002,0.0,0,-0.011583399027585983,-0.011583399027585983,660,0,0
1.0,,661,,,,,0.0,0,,,0,0,661,1,-0.009436876437825195,0,,0,0.0,63,7.986301369863012,,,,0.0005072641772627839,0.009980468750000002,0.0,0,,,661,0,0
1.0,,662,,,,,0.0,0,,,0,0,662,1,-0.009207124297377902,0,,0,0.0,63,7.986301369863012,,,,0.0005072641772627839,0.009980468750000002,0.0,0,,,662,0,0
1.0,,663,,,,,0.0,0,,,0,0,663,1,-0.008344602433285378,0,,0,0.0,63,7.986301369863012,,,,0.0005072641772627839,0.009980468750000002,0.0,0,,,663,0,0
1.0,,664,,,,,0.0,0,,,0,0,664,1,-0.010167961391452032,0,,0,0.0,63,7.986301369863012,,,,0.0005072641772627839,0.009980468750000002,0.0,0,,,664,0,1
1.0,,665,,,,,0.0,0,,,0,0,665,1,-0.011446290435368702,0,,0,0.0,63,7.986301369863012,,,,0.0005072641772627839,0.009980468750000002,0.0,0,,,665,0,0
1.0,,666,,,,,0.0,0,,,0,0,666,1,-0.011592207363632525,0,,0,0.0,63,7.986301369863012,,,,0.0005072641772627839,0.009980468750000002,0.0,0,,,666,0,0
1.0,,667,,,,,0.0,0,,,0,0,667,1,-0.009419435102326226,0,,0,0.0,63,7.986301369863012,,,,0.0005072641772627839,0.009980468750000002,0.0,0,,,667,0,1
1.0,,668,,,,,0.0,0,,,0,0,668,1,-0.009348187509944364,0,,0,0.0,63,7.986301369863012,,,,0.0005072641772627839,0.009980468750000002,0.0,0,,,668,0,1
1.0,,669,,,,,0.0,0,,,0,0,669,1,-0.009073034317308206,0,,0,0.0,63,7.986301369863012,,,,0.0005072641772627839,0.009980468750000002,0.0,0,,,669,0,0
1.0,32,670,1.5572781562805176,updated,0.2038572132587433,7.293304920196533,0.0,0,2.925576609413838e-06,4.604337391356239e-07,0,0,670,1,-0.010366975722332797,0,0,0,0.0,64,7.986301369863012,-9.66592025756836,7.585156440734863,-1.71950101852417,0.0005072641772627839,0.009980468750000002,0.0,0,-0.011500895023345947,-0.011500895023345947,670,0,0
1.0,,671,,,,,0.0,0,,,0,0,671,1,-0.00844499917598295,0,,0,0.0,64,7.986301369863012,,,,0.0005072641772627839,0.009980468750000002,0.0,0,,,671,0,0
1.0,,672,,,,,0.0,0,,,0,0,672,1,-0.009604180558100186,0,,0,0.0,64,7.986301369863012,,,,0.0005072641772627839,0.009980468750000002,0.0,0,,,672,0,0
1.0,,673,,,,,0.0,0,,,0,0,673,1,-0.011561397939035647,0,,0,0.0,64,7.986301369863012,,,,0.0005072641772627839,0.009980468750000002,0.0,0,,,673,0,0
1.0,,674,,,,,0.0,0,,,0,0,674,1,-0.01018769453614631,0,,0,0.0,64,7.986301369863012,,,,0.0005072641772627839,0.009980468750000002,0.0,0,,,674,0,1
1.0,,675,,,,,0.0,0,,,0,0,675,1,-0.00981282380827441,0,,0,0.0,64,7.986301369863012,,,,0.0005072641772627839,0.009980468750000002,0.0,0,,,675,0,1
1.0,,676,,,,,0.0,0,,,0,0,676,1,-0.01034297983520526,0,,0,0.0,64,7.986301369863012,,,,0.0005072641772627839,0.009980468750000002,0.0,0,,,676,0,0
1.0,,677,,,,,0.0,0,,,0,0,677,1,-0.009343905277552125,0,,0,0.0,64,7.986301369863012,,,,0.0005072641772627839,0.009980468750000002,0.0,0,,,677,0,1
1.0,,678,,,,,0.0,0,,,0,0,678,1,-0.011273875315035422,0,,0,0.0,64,7.986301369863012,,,,0.0005072641772627839,0.009980468750000002,0.0,0,,,678,0,1
1.0,,679,,,,,0.0,0,,,0,0,679,1,-0.008179761614921724,0,,0,0.0,64,7.986301369863012,,,,0.0005072641772627839,0.009980468750000002,0.0,0,,,679,0,0
1.0,32,680,1.554763913154602,updated,0.2039179503917694,7.267198085784912,0.0,0,3.3307876492472133e-06,1.6355021159597527e-07,0,0,680,1,-0.010223811447476852,0,0,0,0.0,65,7.986301369863012,-9.66592025756836,7.569601535797119,-1.623329997062683,0.0005072641772627839,0.009980468750000002,0.0,0,-0.011545805260539055,-0.011545805260539055,680,0,1
1.0,,681,,,,,0.0,0,,,0,0,681,1,-0.011242161426799893,0,,0,0.0,65,7.986301369863012,,,,0.0005072641772627839,0.009980468750000002,0.0,0,,,681,0,1
1.0,,682,,,,,0.0,0,,,0,0,682,1,-0.010585516570257738,0,,0,0.0,65,7.986301369863012,,,,0.0005072641772627839,0.009980468750000002,0.0,0,,,682,0,1
1.0,,683,,,,,0.0,0,,,0,0,683,1,-0.009265130027245707,0,,0,0.0,65,7.986301369863012,,,,0.0005072641772627839,0.009980468750000002,0.0,0,,,683,0,1
1.0,,684,,,,,0.0,0,,,0,0,684,1,-0.00950964749728799,0,,0,0.0,65,7.986301369863012,,,,0.0005072641772627839,0.009980468750000002,0.0,0,,,684,0,1
1.0,,685,,,,,0.0,0,,,0,0,685,1,-0.00845576246753165,0,,0,0.0,65,7.986301369863012,,,,0.0005072641772627839,0.009980468750000002,0.0,0,,,685,0,0
1.0,,686,,,,,0.0,0,,,0,0,686,1,-0.00866481076858138,0,,0,0.0,65,7.986301369863012,,,,0.0005072641772627839,0.009980468750000002,0.0,0,,,686,0,0
1.0,,687,,,,,0.0,0,,,0,0,687,1,-0.008299460025450447,0,,0,0.0,65,7.986301369863012,,,,0.0005072641772627839,0.009980468750000002,0.0,0,,,687,0,0
1.0,,688,,,,,0.0,0,,,0,0,688,1,-0.008940308226413887,0,,0,0.0,65,7.986301369863012,,,,0.0005072641772627839,0.009980468750000002,0.0,0,,,688,0,0
1.0,,689,,,,,0.0,0,,,0,0,689,1,-0.011744788619663762,0,,0,0.0,65,7.986301369863012,,,,0.0005072641772627839,0.009980468750000002,0.0,0,,,689,0,0
1.0,32,690,1.5633018016815186,updated,0.20397870242595673,7.330104351043701,0.0,0,3.6138053474132903e-06,4.603198178187995e-08,0,0,690,1,-0.00981207454926535,0,0,0,0.0,66,7.986301369863012,-9.66592025756836,7.610019207000732,-1.9319521188735962,0.0005072641772627839,0.009980468750000002,0.0,0,-0.01151107344776392,-0.01151107344776392,690,0,1
1.0,,691,,,,,0.0,0,,,0,0,691,1,-0.011739045308644993,0,,0,0.0,66,7.986301369863012,,,,0.0005072641772627839,0.009980468750000002,0.0,0,,,691,0,0
1.0,,692,,,,,0.0,0,,,0,0,692,1,-0.009675776710542863,0,,0,0.0,66,7.986301369863012,,,,0.0005072641772627839,0.009980468750000002,0.0,0,,,692,0,1
1.0,,693,,,,,0.0,0,,,0,0,693,1,-0.010002695212735216,0,,0,0.0,66,7.986301369863012,,,,0.0005072641772627839,0.009980468750000002,0.0,0,,,693,0,1
1.0,,694,,,,,0.0,0,,,0,0,694,1,-0.01195288793441284,0,,0,0.0,66,7.986301369863012,,,,0.0005072641772627839,0.009980468750000002,0.0,0,,,694,0,0
1.0,,695,,,,,0.0,0,,,0,0,695,1,-0.010820637681734127,0,,0,0.0,66,7.986301369863012,,,,0.0005072641772627839,0.009980468750000002,0.0,0,,,695,0,1
1.0,,696,,,,,0.0,0,,,0,0,696,1,-0.010397061071787164,0,,0,0.0,66,7.986301369863012,,,,0.0005072641772627839,0.009980468750000002,0.0,0,,,696,0,1
1.0,,697,,,,,0.0,0,,,0,0,697,1,-0.01104027614393587,0,,0,0.0,66,7.986301369863012,,,,0.0005072641772627839,0.009980468750000002,0.0,0,,,697,0,1
1.0,,698,,,,,0.0,0,,,0,0,698,1,-0.008716609390343457,0,,0,0.0,66,7.986301369863012,,,,0.0005072641772627839,0.009980468750000002,0.0,0,,,698,0,1
1.0,,699,,,,,0.0,0,,,0,0,699,1,-0.01003483954008443,0,,0,0.0,66,7.986301369863012,,,,0.0005072641772627839,0.009980468750000002,0.0,0,,,699,0,1
1.0,32,700,1.5702240467071533,updated,0.20403952896595,7.379272937774658,0.0,0,3.966792519349838e-06,1.3310648228070932e-07,0,0,700,1,-0.0107780476416821,0,0,0,0.0,67,7.986301369863012,-9.66592025756836,7.641812324523926,-1.9120063781738281,0.0005072641772627839,0.009980468750000002,0.0,0,-0.011550289578735828,-0.011550289578735828,700,0,0
1.0,,701,,,,,0.0,0,,,0,0,701,1,-0.0118431295034822,0,,0,0.0,67,7.986301369863012,,,,0.0005072641772627839,0.009980468750000002,0.0,0,,,701,0,0
1.0,,702,,,,,0.0,0,,,0,0,702,1,-0.009651815483176165,0,,0,0.0,67,7.986301369863012,,,,0.0005072641772627839,0.009980468750000002,0.0,0,,,702,0,1
1.0,,703,,,,,0.0,0,,,0,0,703,1,-0.011139948749720343,0,,0,0.0,67,7.986301369863012,,,,0.0005072641772627839,0.009980468750000002,0.0,0,,,703,0,1
1.0,,704,,,,,0.0,0,,,0,0,704,1,-0.010656646911656456,0,,0,0.0,67,7.986301369863012,,,,0.0005072641772627839,0.009980468750000002,0.0,0,,,704,0,1
1.0,,705,,,,,0.0,0,,,0,0,705,1,-0.01076845657752278,0,,0,0.0,67,7.986301369863012,,,,0.0005072641772627839,0.009980468750000002,0.0,0,,,705,0,0
1.0,,706,,,,,0.0,0,,,0,0,706,1,-0.008603304326269203,0,,0,0.0,67,7.986301369863012,,,,0.0005072641772627839,0.009980468750000002,0.0,0,,,706,0,0
1.0,,707,,,,,0.0,0,,,0,0,707,1,-0.010499277251504893,0,,0,0.0,67,7.986301369863012,,,,0.0005072641772627839,0.009980468750000002,0.0,0,,,707,0,1
1.0,,708,,,,,0.0,0,,,0,0,708,1,-0.010250521922392277,0,,0,0.0,67,7.986301369863012,,,,0.0005072641772627839,0.009980468750000002,0.0,0,,,708,0,1
1.0,,709,,,,,0.0,0,,,0,0,709,1,-0.010018356303233436,0,,0,0.0,67,7.986301369863012,,,,0.0005072641772627839,0.009980468750000002,0.0,0,,,709,0,1
1.0,32,710,1.5700905323028564,updated,0.20410040020942688,7.373744487762451,0.0,0,3.0335172596096527e-06,3.0093616487647523e-07,0,0,710,1,-0.009248237705973264,0,0,0,0.0,68,7.986301369863012,-9.66592025756836,7.639204978942871,-1.9643211364746094,0.0005072641772627839,0.009980468750000002,0.0,0,-0.011365894228219986,-0.011365894228219986,710,0,1
1.0,,711,,,,,0.0,0,,,0,0,711,1,-0.009922460355726184,0,,0,0.0,68,7.986301369863012,,,,0.0005072641772627839,0.009980468750000002,0.0,0,,,711,0,1
1.0,,712,,,,,0.0,0,,,0,0,712,1,-0.008735885508382992,0,,0,0.0,68,7.986301369863012,,,,0.0005072641772627839,0.009980468750000002,0.0,0,,,712,0,0
1.0,,713,,,,,0.0,0,,,0,0,713,1,-0.011838410166238092,0,,0,0.0,68,7.986301369863012,,,,0.0005072641772627839,0.009980468750000002,0.0,0,,,713,0,0
1.0,,714,,,,,0.0,0,,,0,0,714,1,-0.009547680541061468,0,,0,0.0,68,7.986301369863012,,,,0.0005072641772627839,0.009980468750000002,0.0,0,,,714,0,1
1.0,,715,,,,,0.0,0,,,0,0,715,1,-0.008418637169346202,0,,0,0.0,68,7.986301369863012,,,,0.0005072641772627839,0.009980468750000002,0.0,0,,,715,0,0
1.0,,716,,,,,0.0,0,,,0,0,716,1,-0.010487911315673717,0,,0,0.0,68,7.986301369863012,,,,0.0005072641772627839,0.009980468750000002,0.0,0,,,716,0,0
1.0,,717,,,,,0.0,0,,,0,0,717,1,-0.008610145865921784,0,,0,0.0,68,7.986301369863012,,,,0.0005072641772627839,0.009980468750000002,0.0,0,,,717,0,1
1.0,,718,,,,,0.0,0,,,0,0,718,1,-0.008695348933483551,0,,0,0.0,68,7.986301369863012,,,,0.0005072641772627839,0.009980468750000002,0.0,0,,,718,0,1
1.0,,719,,,,,0.0,0,,,0,0,719,1,-0.01018984486118212,0,,0,0.0,68,7.986301369863012,,,,0.0005072641772627839,0.009980468750000002,0.0,0,,,719,0,0
1.0,32,720,1.5513672828674316,updated,0.20416121184825897,7.22429084777832,0.0,0,4.281808742234716e-06,3.127174181827286e-07,0,0,720,1,-0.009908188978382295,0,0,0,0.0,69,7.986301369863012,-9.66592025756836,7.5460286140441895,-1.9689829349517822,0.0005072641772627839,0.009980468750000002,0.0,0,-0.011408735997974873,-0.011408735997974873,720,0,1
1.0,,721,,,,,0.0,0,,,0,0,721,1,-0.0097845182920031,0,,0,0.0,69,7.986301369863012,,,,0.0005072641772627839,0.009980468750000002,0.0,0,,,721,0,1
1.0,,722,,,,,0.0,0,,,0,0,722,1,-0.00978441820545605,0,,0,0.0,69,7.986301369863012,,,,0.0005072641772627839,0.009980468750000002,0.0,0,,,722,0,1
1.0,,723,,,,,0.0,0,,,0,0,723,1,-0.009781862862813675,0,,0,0.0,69,7.986301369863012,,,,0.0005072641772627839,0.009980468750000002,0.0,0,,,723,0,1
1.0,,724,,,,,0.0,0,,,0,0,724,1,-0.009212829216561183,0,,0,0.0,69,7.986301369863012,,,,0.0005072641772627839,0.009980468750000002,0.0,0,,,724,0,0
1.0,,725,,,,,0.0,0,,,0,0,725,1,-0.009689950837345798,0,,0,0.0,69,7.986301369863012,,,,0.0005072641772627839,0.009980468750000002,0.0,0,,,725,0,1
1.0,,726,,,,,0.0,0,,,0,0,726,1,-0.01096521878219713,0,,0,0.0,69,7.986301369863012,,,,0.0005072641772627839,0.009980468750000002,0.0,0,,,726,0,1
1.0,,727,,,,,0.0,0,,,0,0,727,1,-0.01040070061029418,0,,0,0.0,69,7.986301369863012,,,,0.0005072641772627839,0.009980468750000002,0.0,0,,,727,0,1
1.0,,728,,,,,0.0,0,,,0,0,728,1,-0.010407054579483202,0,,0,0.0,69,7.986301369863012,,,,0.0005072641772627839,0.009980468750000002,0.0,0,,,728,0,1
1.0,,729,,,,,0.0,0,,,0,0,729,1,-0.008679339181786308,0,,0,0.0,69,7.986301369863012,,,,0.0005072641772627839,0.009980468750000002,0.0,0,,,729,0,1
1.0,32,730,1.5676928758621216,updated,0.20422205328941345,7.3473334312438965,0.0,0,1.8130637045032927e-06,3.5418901234152145e-07,0,0,730,1,-0.009742645167546407,0,0,0,0.0,70,7.986301369863012,-9.66592025756836,7.624322891235352,-2.4210822582244873,0.0005072641772627839,0.009980468750000002,0.0,0,-0.011117134243249893,-0.011117134243249893,730,0,1
1.0,,731,,,,,0.0,0,,,0,0,731,1,-0.011945793341038282,0,,0,0.0,70,7.986301369863012,,,,0.0005072641772627839,0.009980468750000002,0.0,0,,,731,0,0
1.0,,732,,,,,0.0,0,,,0,0,732,1,-0.00950710868910786,0,,0,0.0,70,7.986301369863012,,,,0.0005072641772627839,0.009980468750000002,0.0,0,,,732,0,1
1.0,,733,,,,,0.0,0,,,0,0,733,1,-0.011391934619350721,0,,0,0.0,70,7.986301369863012,,,,0.0005072641772627839,0.009980468750000002,0.0,0,,,733,0,1
1.0,,734,,,,,0.0,0,,,0,0,734,1,-0.010233621180634192,0,,0,0.0,70,7.986301369863012,,,,0.0005072641772627839,0.009980468750000002,0.0,0,,,734,0,1
1.0,,735,,,,,0.0,0,,,0,0,735,1,-0.011545701457799531,0,,0,0.0,70,7.986301369863012,,,,0.0005072641772627839,0.009980468750000002,0.0,0,,,735,0,0
1.0,,736,,,,,0.0,0,,,0,0,736,1,-0.011670957852990096,0,,0,0.0,70,7.986301369863012,,,,0.0005072641772627839,0.009980468750000002,0.0,0,,,736,0,0
1.0,,737,,,,,0.0,0,,,0,0,737,1,-0.01041672430913886,0,,0,0.0,70,7.986301369863012,,,,0.0005072641772627839,0.009980468750000002,0.0,0,,,737,0,1
1.0,,738,,,,,0.0,0,,,0,0,738,1,-0.009730161739802892,0,,0,0.0,70,7.986301369863012,,,,0.0005072641772627839,0.009980468750000002,0.0,0,,,738,0,1
1.0,,739,,,,,0.0,0,,,0,0,739,1,-0.010250458660163489,0,,0,0.0,70,7.986301369863012,,,,0.0005072641772627839,0.009980468750000002,0.0,0,,,739,0,1
1.0,32,740,1.562225580215454,updated,0.20428290963172913,7.300930976867676,0.0,0,2.9723548777838005e-06,1.828556577265772e-07,0,0,740,1,-0.010097475952783644,0,0,0,0.0,71,7.986301369863012,-9.66592025756836,7.595979690551758,-1.5135247707366943,0.0005072641772627839,0.009980468750000002,0.0,0,-0.011129440739750862,-0.011129440739750862,740,0,1
1.0,,741,,,,,0.0,0,,,0,0,741,1,-0.00967803664917998,0,,0,0.0,71,7.986301369863012,,,,0.0005072641772627839,0.009980468750000002,0.0,0,,,741,0,1
1.0,,742,,,,,0.0,0,,,0,0,742,1,-0.011158661572907338,0,,0,0.0,71,7.986301369863012,,,,0.0005072641772627839,0.009980468750000002,0.0,0,,,742,0,1
1.0,,743,,,,,0.0,0,,,0,0,743,1,-0.008511108369851908,0,,0,0.0,71,7.986301369863012,,,,0.0005072641772627839,0.009980468750000002,0.0,0,,,743,0,0
1.0,,744,,,,,0.0,0,,,0,0,744,1,-0.011232220741244739,0,,0,0.0,71,7.986301369863012,,,,0.0005072641772627839,0.009980468750000002,0.0,0,,,744,0,0
1.0,,745,,,,,0.0,0,,,0,0,745,1,-0.00976261951574541,0,,0,0.0,71,7.986301369863012,,,,0.0005072641772627839,0.009980468750000002,0.0,0,,,745,0,0
1.0,,746,,,,,0.0,0,,,0,0,746,1,-0.01082373490343679,0,,0,0.0,71,7.986301369863012,,,,0.0005072641772627839,0.009980468750000002,0.0,0,,,746,0,0
1.0,,747,,,,,0.0,0,,,0,0,747,1,-0.008341040325697815,0,,0,0.0,71,7.986301369863012,,,,0.0005072641772627839,0.009980468750000002,0.0,0,,,747,0,0
1.0,,748,,,,,0.0,0,,,0,0,748,1,-0.010051133161448558,0,,0,0.0,71,7.986301369863012,,,,0.0005072641772627839,0.009980468750000002,0.0,0,,,748,0,1
1.0,,749,,,,,0.0,0,,,0,0,749,1,-0.01007339937985229,0,,0,0.0,71,7.986301369863012,,,,0.0005072641772627839,0.009980468750000002,0.0,0,,,749,0,1
1.0,32,750,1.5765773057937622,updated,0.20434384047985077,7.407381534576416,0.0,0,1.8969411712532747e-06,5.3554092716012747e-08,0,0,750,1,-0.010368752081307378,0,0,0,0.0,72,7.986301369863012,-9.66592025756836,7.663865566253662,-1.786401391029358,0.0005072641772627839,0.009980468750000002,0.0,0,-0.010964930057525635,-0.010964930057525635,750,0,1
1.0,,751,,,,,0.0,0,,,0,0,751,1,-0.010665400355819745,0,,0,0.0,72,7.986301369863012,,,,0.0005072641772627839,0.009980468750000002,0.0,0,,,751,0,0
1.0,,752,,,,,0.0,0,,,0,0,752,1,-0.011077787387520513,0,,0,0.0,72,7.986301369863012,,,,0.0005072641772627839,0.009980468750000002,0.0,0,,,752,0,1
1.0,,753,,,,,0.0,0,,,0,0,753,1,-0.010492269453894245,0,,0,0.0,72,7.986301369863012,,,,0.0005072641772627839,0.009980468750000002,0.0,0,,,753,0,0
1.0,,754,,,,,0.0,0,,,0,0,754,1,-0.009845944015441468,0,,0,0.0,72,7.986301369863012,,,,0.0005072641772627839,0.009980468750000002,0.0,0,,,754,0,1
1.0,,755,,,,,0.0,0,,,0,0,755,1,-0.010311037268521108,0,,0,0.0,72,7.986301369863012,,,,0.0005072641772627839,0.009980468750000002,0.0,0,,,755,0,1
1.0,,756,,,,,0.0,0,,,0,0,756,1,-0.008372930262873215,0,,0,0.0,72,7.986301369863012,,,,0.0005072641772627839,0.009980468750000002,0.0,0,,,756,0,0
1.0,,757,,,,,0.0,0,,,0,0,757,1,-0.009069259380037878,0,,0,0.0,72,7.986301369863012,,,,0.0005072641772627839,0.009980468750000002,0.0,0,,,757,0,0
1.0,,758,,,,,0.0,0,,,0,0,758,1,-0.01118925063658848,0,,0,0.0,72,7.986301369863012,,,,0.0005072641772627839,0.009980468750000002,0.0,0,,,758,0,1
1.0,,759,,,,,0.0,0,,,0,0,759,1,-0.010739796574510177,0,,0,0.0,72,7.986301369863012,,,,0.0005072641772627839,0.009980468750000002,0.0,0,,,759,0,0
1.0,32,760,1.5699036121368408,updated,0.2044048309326172,7.350821018218994,0.0,0,1.9583815173973562e-06,7.149794356564598e-08,0,0,760,1,-0.010662327158581722,0,0,0,0.0,73,7.986301369863012,-9.66592025756836,7.629122734069824,-1.998203992843628,0.0005072641772627839,0.009980468750000002,0.0,0,-0.010806180536746979,-0.010806180536746979,760,0,1
1.0,,761,,,,,0.0,0,,,0,0,761,1,-0.011996896245037405,0,,0,0.0,73,7.986301369863012,,,,0.0005072641772627839,0.009980468750000002,0.0,0,,,761,0,0
1.0,,762,,,,,0.0,0,,,0,0,762,1,-0.010328010708877447,0,,0,0.0,73,7.986301369863012,,,,0.0005072641772627839,0.009980468750000002,0.0,0,,,762,0,0
1.0,,763,,,,,0.0,0,,,0,0,763,1,-0.008826361460769086,0,,0,0.0,73,7.986301369863012,,,,0.0005072641772627839,0.009980468750000002,0.0,0,,,763,0,1
1.0,,764,,,,,0.0,0,,,0,0,764,1,-0.009779311352631872,0,,0,0.0,73,7.986301369863012,,,,0.0005072641772627839,0.009980468750000002,0.0,0,,,764,0,1
1.0,,765,,,,,0.0,0,,,0,0,765,1,-0.011386392608327292,0,,0,0.0,73,7.986301369863012,,,,0.0005072641772627839,0.009980468750000002,0.0,0,,,765,0,0
1.0,,766,,,,,0.0,0,,,0,0,766,1,-0.008910468766616155,0,,0,0.0,73,7.986301369863012,,,,0.0005072641772627839,0.009980468750000002,0.0,0,,,766,0,0
1.0,,767,,,,,0.0,0,,,0,0,767,1,-0.008134106563694612,0,,0,0.0,73,7.986301369863012,,,,0.0005072641772627839,0.009980468750000002,0.0,0,,,767,0,0
1.0,,768,,,,,0.0,0,,,0,0,768,1,-0.009644480959756443,0,,0,0.0,73,7.986301369863012,,,,0.0005072641772627839,0.009980468750000002,0.0,0,,,768,0,1
1.0,,769,,,,,0.0,0,,,0,0,769,1,-0.01121022857000419,0,,0,0.0,73,7.986301369863012,,,,0.0005072641772627839,0.009980468750000002,0.0,0,,,769,0,0
1.0,32,770,1.5558372735977173,updated,0.20446574687957764,7.237619400024414,0.0,0,2.036204477917636e-06,1.5934941188788798e-07,0,0,770,1,-0.009969692378803288,0,0,0,0.0,74,7.986301369863012,-9.66592025756836,7.558691501617432,-1.7845335006713867,0.0005072641772627839,0.009980468750000002,0.0,0,-0.010916928760707378,-0.010916928760707378,770,0,0
1.0,,771,,,,,0.0,0,,,0,0,771,1,-0.011389781563254644,0,,0,0.0,74,7.986301369863012,,,,0.0005072641772627839,0.009980468750000002,0.0,0,,,771,0,1
1.0,,772,,,,,0.0,0,,,0,0,772,1,-0.010028330968447676,0,,0,0.0,74,7.986301369863012,,,,0.0005072641772627839,0.009980468750000002,0.0,0,,,772,0,0
1.0,,773,,,,,0.0,0,,,0,0,773,1,-0.011123225125999827,0,,0,0.0,74,7.986301369863012,,,,0.0005072641772627839,0.009980468750000002,0.0,0,,,773,0,0
1.0,,774,,,,,0.0,0,,,0,0,774,1,-0.010822059907962025,0,,0,0.0,74,7.986301369863012,,,,0.0005072641772627839,0.009980468750000002,0.0,0,,,774,0,0
1.0,,775,,,,,0.0,0,,,0,0,775,1,-0.01096829831415457,0,,0,0.0,74,7.986301369863012,,,,0.0005072641772627839,0.009980468750000002,0.0,0,,,775,0,0
1.0,,776,,,,,0.0,0,,,0,0,776,1,-0.009869123756357947,0,,0,0.0,74,7.986301369863012,,,,0.0005072641772627839,0.009980468750000002,0.0,0,,,776,0,1
1.0,,777,,,,,0.0,0,,,0,0,777,1,-0.010810809211950314,0,,0,0.0,74,7.986301369863012,,,,0.0005072641772627839,0.009980468750000002,0.0,0,,,777,0,1
1.0,,778,,,,,0.0,0,,,0,0,778,1,-0.008998368938957882,0,,0,0.0,74,7.986301369863012,,,,0.0005072641772627839,0.009980468750000002,0.0,0,,,778,0,1
1.0,,779,,,,,0.0,0,,,0,0,779,1,-0.010723483807539616,0,,0,0.0,74,7.986301369863012,,,,0.0005072641772627839,0.009980468750000002,0.0,0,,,779,0,1
1.0,32,780,1.5669715404510498,updated,0.20452672243118286,7.318720817565918,0.0,0,1.4813887219133903e-06,2.0867290118076198e-07,0,0,780,1,-0.009800208353605058,0,0,0,0.0,75,7.986301369863012,-9.66592025756836,7.610640048980713,-1.834832787513733,0.0005072641772627839,0.009980468750000002,0.0,0,-0.010718544013798237,-0.010718544013798237,780,0,1
1.0,,781,,,,,0.0,0,,,0,0,781,1,-0.011160290562189914,0,,0,0.0,75,7.986301369863012,,,,0.0005072641772627839,0.009980468750000002,0.0,0,,,781,0,0
1.0,,782,,,,,0.0,0,,,0,0,782,1,-0.01072480333125391,0,,0,0.0,75,7.986301369863012,,,,0.0005072641772627839,0.009980468750000002,0.0,0,,,782,0,0
1.0,,783,,,,,0.0,0,,,0,0,783,1,-0.010561499660954201,0,,0,0.0,75,7.986301369863012,,,,0.0005072641772627839,0.009980468750000002,0.0,0,,,783,0,1
1.0,,784,,,,,0.0,0,,,0,0,784,1,-0.00941693856081626,0,,0,0.0,75,7.986301369863012,,,,0.0005072641772627839,0.009980468750000002,0.0,0,,,784,0,0
1.0,,785,,,,,0.0,0,,,0,0,785,1,-0.011302860925700422,0,,0,0.0,75,7.986301369863012,,,,0.0005072641772627839,0.009980468750000002,0.0,0,,,785,0,1
1.0,,786,,,,,0.0,0,,,0,0,786,1,-0.010055195151498211,0,,0,0.0,75,7.986301369863012,,,,0.0005072641772627839,0.009980468750000002,0.0,0,,,786,0,1
1.0,,787,,,,,0.0,0,,,0,0,787,1,-0.008167941854443797,0,,0,0.0,75,7.986301369863012,,,,0.0005072641772627839,0.009980468750000002,0.0,0,,,787,0,0
1.0,,788,,,,,0.0,0,,,0,0,788,1,-0.0109123051551585,0,,0,0.0,75,7.986301369863012,,,,0.0005072641772627839,0.009980468750000002,0.0,0,,,788,0,1
1.0,,789,,,,,0.0,0,,,0,0,789,1,-0.010185212518188927,0,,0,0.0,75,7.986301369863012,,,,0.0005072641772627839,0.009980468750000002,0.0,0,,,789,0,0
1.0,32,790,1.5597264766693115,updated,0.2045876681804657,7.259598255157471,0.0,0,1.146049726230558e-06,1.4927496749805869e-07,0,0,790,1,-0.010303867833630012,0,0,0,0.0,76,7.986301369863012,-9.66592025756836,7.574252128601074,-1.6954140663146973,0.0005072641772627839,0.009980468750000002,0.0,0,-0.01064295507967472,-0.01064295507967472,790,0,1
1.0,,791,,,,,0.0,0,,,0,0,791,1,-0.009466453925353715,0,,0,0.0,76,7.986301369863012,,,,0.0005072641772627839,0.009980468750000002,0.0,0,,,791,0,1
1.0,,792,,,,,0.0,0,,,0,0,792,1,-0.009150689943549164,0,,0,0.0,76,7.986301369863012,,,,0.0005072641772627839,0.009980468750000002,0.0,0,,,792,0,0
1.0,,793,,,,,0.0,0,,,0,0,793,1,-0.009999585017971704,0,,0,0.0,76,7.986301369863012,,,,0.0005072641772627839,0.009980468750000002,0.0,0,,,793,0,0
1.0,,794,,,,,0.0,0,,,0,0,794,1,-0.009229862804649649,0,,0,0.0,76,7.986301369863012,,,,0.0005072641772627839,0.009980468750000002,0.0,0,,,794,0,0
1.0,,795,,,,,0.0,0,,,0,0,795,1,-0.008501617746556658,0,,0,0.0,76,7.986301369863012,,,,0.0005072641772627839,0.009980468750000002,0.0,0,,,795,0,0
1.0,,796,,,,,0.0,0,,,0,0,796,1,-0.01045649692857186,0,,0,0.0,76,7.986301369863012,,,,0.0005072641772627839,0.009980468750000002,0.0,0,,,796,0,0
1.0,,797,,,,,0.0,0,,,0,0,797,1,-0.009228117260409388,0,,0,0.0,76,7.986301369863012,,,,0.0005072641772627839,0.009980468750000002,0.0,0,,,797,0,1
1.0,,798,,,,,0.0,0,,,0,0,798,1,-0.01066296290457668,0,,0,0.0,76,7.986301369863012,,,,0.0005072641772627839,0.009980468750000002,0.0,0,,,798,0,0
1.0,,799,,,,,0.0,0,,,0,0,799,1,-0.010438458385378482,0,,0,0.0,76,7.986301369863012,,,,0.0005072641772627839,0.009980468750000002,0.0,0,,,799,0,0
1.0,32,800,1.5597552061080933,updated,0.20464859902858734,7.256550312042236,0.0,0,1.3484911960404133e-06,1.1133694499676494e-07,0,0,800,1,-0.010761889098555457,0,0,0,0.0,77,7.986301369863012,-9.66592025756836,7.573191165924072,-1.9001916646957397,0.0005072641772627839,0.009980468750000002,0.0,0,-0.010561695322394371,-0.010561695322394371,800,0,1
1.0,,801,,,,,0.0,0,,,0,0,801,1,-0.010283511841128181,0,,0,0.0,77,7.986301369863012,,,,0.0005072641772627839,0.009980468750000002,0.0,0,,,801,0,1
1.0,,802,,,,,0.0,0,,,0,0,802,1,-0.009544040213641072,0,,0,0.0,77,7.986301369863012,,,,0.0005072641772627839,0.009980468750000002,0.0,0,,,802,0,0
1.0,,803,,,,,0.0,0,,,0,0,803,1,-0.011047142885613362,0,,0,0.0,77,7.986301369863012,,,,0.0005072641772627839,0.009980468750000002,0.0,0,,,803,0,0
1.0,,804,,,,,0.0,0,,,0,0,804,1,-0.011025321127780643,0,,0,0.0,77,7.986301369863012,,,,0.0005072641772627839,0.009980468750000002,0.0,0,,,804,0,1
1.0,,805,,,,,0.0,0,,,0,0,805,1,-0.010172592161230334,0,,0,0.0,77,7.986301369863012,,,,0.0005072641772627839,0.009980468750000002,0.0,0,,,805,0,0
1.0,,806,,,,,0.0,0,,,0,0,806,1,-0.009152019585941798,0,,0,0.0,77,7.986301369863012,,,,0.0005072641772627839,0.009980468750000002,0.0,0,,,806,0,0
1.0,,807,,,,,0.0,0,,,0,0,807,1,-0.010009564393843142,0,,0,0.0,77,7.986301369863012,,,,0.0005072641772627839,0.009980468750000002,0.0,0,,,807,0,1
1.0,,808,,,,,0.0,0,,,0,0,808,1,-0.011427510127513188,0,,0,0.0,77,7.986301369863012,,,,0.0005072641772627839,0.009980468750000002,0.0,0,,,808,0,0
1.0,,809,,,,,0.0,0,,,0,0,809,1,-0.009019700775933384,0,,0,0.0,77,7.986301369863012,,,,0.0005072641772627839,0.009980468750000002,0.0,0,,,809,0,0
1.0,32,810,1.5631531476974487,updated,0.2047095149755478,7.2790656089782715,0.0,0,1.5126848893487477e-06,7.50180930708666e-08,0,0,810,1,-0.010821671848999284,0,0,0,0.0,78,7.986301369863012,-9.66592025756836,7.5882415771484375,-1.8761107921600342,0.0005072641772627839,0.009980468750000002,0.0,0,-0.010308904573321342,-0.010308904573321342,810,0,0
1.0,,811,,,,,0.0,0,,,0,0,811,1,-0.010625521278470931,0,,0,0.0,78,7.986301369863012,,,,0.0005072641772627839,0.009980468750000002,0.0,0,,,811,0,0
1.0,,812,,,,,0.0,0,,,0,0,812,1,-0.009878749108336074,0,,0,0.0,78,7.986301369863012,,,,0.0005072641772627839,0.009980468750000002,0.0,0,,,812,0,1
1.0,,813,,,,,0.0,0,,,0,0,813,1,-0.009791422980748301,0,,0,0.0,78,7.986301369863012,,,,0.0005072641772627839,0.009980468750000002,0.0,0,,,813,0,1
1.0,,814,,,,,0.0,0,,,0,0,814,1,-0.01020862679889877,0,,0,0.0,78,7.986301369863012,,,,0.0005072641772627839,0.009980468750000002,0.0,0,,,814,0,1
1.0,,815,,,,,0.0,0,,,0,0,815,1,-0.009215231240784263,0,,0,0.0,78,7.986301369863012,,,,0.0005072641772627839,0.009980468750000002,0.0,0,,,815,0,0
1.0,,816,,,,,0.0,0,,,0,0,816,1,-0.00997416102062564,0,,0,0.0,78,7.986301369863012,,,,0.0005072641772627839,0.009980468750000002,0.0,0,,,816,0,1
1.0,,817,,,,,0.0,0,,,0,0,817,1,-0.010112373929842758,0,,0,0.0,78,7.986301369863012,,,,0.0005072641772627839,0.009980468750000002,0.0,0,,,817,0,1
1.0,,818,,,,,0.0,0,,,0,0,818,1,-0.008813904207747072,0,,0,0.0,78,7.986301369863012,,,,0.0005072641772627839,0.009980468750000002,0.0,0,,,818,0,1
1.0,,819,,,,,0.0,0,,,0,0,819,1,-0.011045935448487523,0,,0,0.0,78,7.986301369863012,,,,0.0005072641772627839,0.009980468750000002,0.0,0,,,819,0,1
1.0,32,820,1.5729610919952393,updated,0.2047705054283142,7.3509521484375,0.0,0,1.8029967350230436e-06,2.940831933528898e-08,0,0,820,1,-0.010963498525063944,0,0,0,0.0,79,7.986301369863012,-9.66592025756836,7.63442325592041,-1.9502617120742798,0.0005072641772627839,0.009980468750000002,0.0,0,-0.010289451107382774,-0.010289451107382774,820,0,0
1.0,,821,,,,,0.0,0,,,0,0,821,1,-0.010973221739478003,0,,0,0.0,79,7.986301369863012,,,,0.0005072641772627839,0.009980468750000002,0.0,0,,,821,0,1
1.0,,822,,,,,0.0,0,,,0,0,822,1,-0.010414618729361216,0,,0,0.0,79,7.986301369863012,,,,0.0005072641772627839,0.009980468750000002,0.0,0,,,822,0,1
1.0,,823,,,,,0.0,0,,,0,0,823,1,-0.010042718526396257,0,,0,0.0,79,7.986301369863012,,,,0.0005072641772627839,0.009980468750000002,0.0,0,,,823,0,1
1.0,,824,,,,,0.0,0,,,0,0,824,1,-0.009915343249157207,0,,0,0.0,79,7.986301369863012,,,,0.0005072641772627839,0.009980468750000002,0.0,0,,,824,0,1
1.0,,825,,,,,0.0,0,,,0,0,825,1,-0.011979434711020911,0,,0,0.0,79,7.986301369863012,,,,0.0005072641772627839,0.009980468750000002,0.0,0,,,825,0,0
1.0,,826,,,,,0.0,0,,,0,0,826,1,-0.00989014391728448,0,,0,0.0,79,7.986301369863012,,,,0.0005072641772627839,0.009980468750000002,0.0,0,,,826,0,1
1.0,,827,,,,,0.0,0,,,0,0,827,1,-0.010401731215239565,0,,0,0.0,79,7.986301369863012,,,,0.0005072641772627839,0.009980468750000002,0.0,0,,,827,0,0
1.0,,828,,,,,0.0,0,,,0,0,828,1,-0.008537149997448026,0,,0,0.0,79,7.986301369863012,,,,0.0005072641772627839,0.009980468750000002,0.0,0,,,828,0,0
1.0,,829,,,,,0.0,0,,,0,0,829,1,-0.008437948076456472,0,,0,0.0,79,7.986301369863012,,,,0.0005072641772627839,0.009980468750000002,0.0,0,,,829,0,0
1.0,32,830,1.560271143913269,updated,0.20483149588108063,7.248898506164551,0.0,0,2.287517418153584e-06,8.739633017285087e-08,0,0,830,1,-0.008619063388550998,0,0,0,0.0,80,7.986301369863012,-9.66592025756836,7.570942401885986,-1.7202881574630737,0.0005072641772627839,0.009980468750000002,0.0,0,-0.01018721517175436,-0.01018721517175436,830,0,0
1.0,,831,,,,,0.0,0,,,0,0,831,1,-0.00912895421609127,0,,0,0.0,80,7.986301369863012,,,,0.0005072641772627839,0.009980468750000002,0.0,0,,,831,0,1
1.0,,832,,,,,0.0,0,,,0,0,832,1,-0.009803935857396464,0,,0,0.0,80,7.986301369863012,,,,0.0005072641772627839,0.009980468750000002,0.0,0,,,832,0,1
1.0,,833,,,,,0.0,0,,,0,0,833,1,-0.011751937848058383,0,,0,0.0,80,7.986301369863012,,,,0.0005072641772627839,0.009980468750000002,0.0,0,,,833,0,0
1.0,,834,,,,,0.0,0,,,0,0,834,1,-0.009247543719909537,0,,0,0.0,80,7.986301369863012,,,,0.0005072641772627839,0.009980468750000002,0.0,0,,,834,0,1
1.0,,835,,,,,0.0,0,,,0,0,835,1,-0.008574989571845429,0,,0,0.0,80,7.986301369863012,,,,0.0005072641772627839,0.009980468750000002,0.0,0,,,835,0,0
1.0,,836,,,,,0.0,0,,,0,0,836,1,-0.010247232950942422,0,,0,0.0,80,7.986301369863012,,,,0.0005072641772627839,0.009980468750000002,0.0,0,,,836,0,1
1.0,,837,,,,,0.0,0,,,0,0,837,1,-0.010550210611168112,0,,0,0.0,80,7.986301369863012,,,,0.0005072641772627839,0.009980468750000002,0.0,0,,,837,0,1
1.0,,838,,,,,0.0,0,,,0,0,838,1,-0.008173311688475895,0,,0,0.0,80,7.986301369863012,,,,0.0005072641772627839,0.009980468750000002,0.0,0,,,838,0,0
1.0,,839,,,,,0.0,0,,,0,0,839,1,-0.011550105230128107,0,,0,0.0,80,7.986301369863012,,,,0.0005072641772627839,0.009980468750000002,0.0,0,,,839,0,1
1.0,32,840,1.576627492904663,updated,0.20489254593849182,7.371077537536621,0.0,0,1.8480225207895273e-06,1.3830239709022862e-07,0,0,840,1,-0.008406510875658349,0,0,0,0.0,81,7.986301369863012,-9.66592025756836,7.648857593536377,-1.6111823320388794,0.0005072641772627839,0.009980468750000002,0.0,0,-0.009997083805501461,-0.009997083805501461,840,0,0
1.0,,841,,,,,0.0,0,,,0,0,841,1,-0.009843978571085312,0,,0,0.0,81,7.986301369863012,,,,0.0005072641772627839,0.009980468750000002,0.0,0,,,841,0,0
1.0,,842,,,,,0.0,0,,,0,0,842,1,-0.009599310777260719,0,,0,0.0,81,7.986301369863012,,,,0.0005072641772627839,0.009980468750000002,0.0,0,,,842,0,1
1.0,,843,,,,,0.0,0,,,0,0,843,1,-0.010351303873724174,0,,0,0.0,81,7.986301369863012,,,,0.0005072641772627839,0.009980468750000002,0.0,0,,,843,0,1
1.0,,844,,,,,0.0,0,,,0,0,844,1,-0.009233410957630408,0,,0,0.0,81,7.986301369863012,,,,0.0005072641772627839,0.009980468750000002,0.0,0,,,844,0,1
1.0,,845,,,,,0.0,0,,,0,0,845,1,-0.010240979875449021,0,,0,0.0,81,7.986301369863012,,,,0.0005072641772627839,0.009980468750000002,0.0,0,,,845,0,1
1.0,,846,,,,,0.0,0,,,0,0,846,1,-0.00945126551685437,0,,0,0.0,81,7.986301369863012,,,,0.0005072641772627839,0.009980468750000002,0.0,0,,,846,0,0
1.0,,847,,,,,0.0,0,,,0,0,847,1,-0.009068135684468839,0,,0,0.0,81,7.986301369863012,,,,0.0005072641772627839,0.009980468750000002,0.0,0,,,847,0,0
1.0,,848,,,,,0.0,0,,,0,0,848,1,-0.011317617486675804,0,,0,0.0,81,7.986301369863012,,,,0.0005072641772627839,0.009980468750000002,0.0,0,,,848,0,0
1.0,,849,,,,,0.0,0,,,0,0,849,1,-0.01029046356337048,0,,0,0.0,81,7.986301369863012,,,,0.0005072641772627839,0.009980468750000002,0.0,0,,,849,0,1
1.0,32,850,1.5774157047271729,updated,0.20495367050170898,7.369722843170166,0.0,0,1.5693293562435429e-06,1.1852934278522298e-07,0,0,850,1,-0.009835131520301346,0,0,0,0.0,82,7.986301369863012,-9.66592025756836,7.648876667022705,-1.8429934978485107,0.0005072641772627839,0.009980468750000002,0.0,0,-0.009922572411596775,-0.009922572411596775,850,0,0
1.0,,851,,,,,0.0,0,,,0,0,851,1,-0.009233519099313128,0,,0,0.0,82,7.986301369863012,,,,0.0005072641772627839,0.009980468750000002,0.0,0,,,851,0,1
1.0,,852,,,,,0.0,0,,,0,0,852,1,-0.01160824585717112,0,,0,0.0,82,7.986301369863012,,,,0.0005072641772627839,0.009980468750000002,0.0,0,,,852,0,1
1.0,,853,,,,,0.0,0,,,0,0,853,1,-0.009975100994519917,0,,0,0.0,82,7.986301369863012,,,,0.0005072641772627839,0.009980468750000002,0.0,0,,,853,0,0
1.0,,854,,,,,0.0,0,,,0,0,854,1,-0.00944537053246929,0,,0,0.0,82,7.986301369863012,,,,0.0005072641772627839,0.009980468750000002,0.0,0,,,854,0,0
1.0,,855,,,,,0.0,0,,,0,0,855,1,-0.008294373320807616,0,,0,0.0,82,7.986301369863012,,,,0.0005072641772627839,0.009980468750000002,0.0,0,,,855,0,0
1.0,,856,,,,,0.0,0,,,0,0,856,1,-0.011630586751449226,0,,0,0.0,82,7.986301369863012,,,,0.0005072641772627839,0.009980468750000002,0.0,0,,,856,0,0
1.0,,857,,,,,0.0,0,,,0,0,857,1,-0.00868523551478372,0,,0,0.0,82,7.986301369863012,,,,0.0005072641772627839,0.009980468750000002,0.0,0,,,857,0,0
1.0,,858,,,,,0.0,0,,,0,0,858,1,-0.010600983449845938,0,,0,0.0,82,7.986301369863012,,,,0.0005072641772627839,0.009980468750000002,0.0,0,,,858,0,1
1.0,,859,,,,,0.0,0,,,0,0,859,1,-0.01121338417072403,0,,0,0.0,82,7.986301369863012,,,,0.0005072641772627839,0.009980468750000002,0.0,0,,,859,0,1
1.0,32,860,1.5702531337738037,updated,0.20501480996608734,7.309476852416992,0.0,0,2.2395906853489578e-06,5.7364967886996965e-08,0,0,860,1,-0.012019218731915018,0,0,0,0.0,83,7.986301369863012,-9.66592025756836,7.6117401123046875,-2.189828872680664,0.0005072641772627839,0.009980468750000002,0.0,0,-0.010074486956000328,-0.010074486956000328,860,0,0
1.0,,861,,,,,0.0,0,,,0,0,861,1,-0.008628846251111924,0,,0,0.0,83,7.986301369863012,,,,0.0005072641772627839,0.009980468750000002,0.0,0,,,861,0,1
1.0,,862,,,,,0.0,0,,,0,0,862,1,-0.009262110814377991,0,,0,0.0,83,7.986301369863012,,,,0.0005072641772627839,0.009980468750000002,0.0,0,,,862,0,0
1.0,,863,,,,,0.0,0,,,0,0,863,1,-0.010258036616998858,0,,0,0.0,83,7.986301369863012,,,,0.0005072641772627839,0.009980468750000002,0.0,0,,,863,0,1
1.0,,864,,,,,0.0,0,,,0,0,864,1,-0.009053479691508262,0,,0,0.0,83,7.986301369863012,,,,0.0005072641772627839,0.009980468750000002,0.0,0,,,864,0,0
1.0,,865,,,,,0.0,0,,,0,0,865,1,-0.00948156414225764,0,,0,0.0,83,7.986301369863012,,,,0.0005072641772627839,0.009980468750000002,0.0,0,,,865,0,1
1.0,,866,,,,,0.0,0,,,0,0,866,1,-0.01009301188254307,0,,0,0.0,83,7.986301369863012,,,,0.0005072641772627839,0.009980468750000002,0.0,0,,,866,0,1
1.0,,867,,,,,0.0,0,,,0,0,867,1,-0.008212516075696943,0,,0,0.0,83,7.986301369863012,,,,0.0005072641772627839,0.009980468750000002,0.0,0,,,867,0,0
1.0,,868,,,,,0.0,0,,,0,0,868,1,-0.010066152705764378,0,,0,0.0,83,7.986301369863012,,,,0.0005072641772627839,0.009980468750000002,0.0,0,,,868,0,1
1.0,,869,,,,,0.0,0,,,0,0,869,1,-0.009384293422793668,0,,0,0.0,83,7.986301369863012,,,,0.0005072641772627839,0.009980468750000002,0.0,0,,,869,0,1
1.0,32,870,1.5675899982452393,updated,0.2050759643316269,7.282991886138916,0.0,0,1.9145948044752004e-06,4.2629917373915305e-08,0,0,870,1,-0.00850255553970646,0,0,0,0.0,84,7.986301369863012,-9.66592025756836,7.595895767211914,-1.674281358718872,0.0005072641772627839,0.009980468750000002,0.0,0,-0.01008671335875988,-0.01008671335875988,870,0,1
1.0,,871,,,,,0.0,0,,,0,0,871,1,-0.01134263003412416,0,,0,0.0,84,7.986301369863012,,,,0.0005072641772627839,0.009980468750000002,0.0,0,,,871,0,1
1.0,,872,,,,,0.0,0,,,0,0,872,1,-0.009367561709701313,0,,0,0.0,84,7.986301369863012,,,,0.0005072641772627839,0.009980468750000002,0.0,0,,,872,0,1
1.0,,873,,,,,0.0,0,,,0,0,873,1,-0.011482848483818078,0,,0,0.0,84,7.986301369863012,,,,0.0005072641772627839,0.009980468750000002,0.0,0,,,873,0,0
1.0,,874,,,,,0.0,0,,,0,0,874,1,-0.0102441698905713,0,,0,0.0,84,7.986301369863012,,,,0.0005072641772627839,0.009980468750000002,0.0,0,,,874,0,1
1.0,,875,,,,,0.0,0,,,0,0,875,1,-0.011081157101260555,0,,0,0.0,84,7.986301369863012,,,,0.0005072641772627839,0.009980468750000002,0.0,0,,,875,0,0
1.0,,876,,,,,0.0,0,,,0,0,876,1,-0.008003567846077022,0,,0,0.0,84,7.986301369863012,,,,0.0005072641772627839,0.009980468750000002,0.0,0,,,876,0,0
1.0,,877,,,,,0.0,0,,,0,0,877,1,-0.008841769043669725,0,,0,0.0,84,7.986301369863012,,,,0.0005072641772627839,0.009980468750000002,0.0,0,,,877,0,0
1.0,,878,,,,,0.0,0,,,0,0,878,1,-0.008841783280084439,0,,0,0.0,84,7.986301369863012,,,,0.0005072641772627839,0.009980468750000002,0.0,0,,,878,0,0
1.0,,879,,,,,0.0,0,,,0,0,879,1,-0.009783993663514448,0,,0,0.0,84,7.986301369863012,,,,0.0005072641772627839,0.009980468750000002,0.0,0,,,879,0,0
1.0,32,880,1.5662375688552856,updated,0.20513711869716644,7.267848014831543,0.0,0,1.7647826098254882e-06,4.0291880054610374e-08,0,0,880,1,-0.01017282973395627,0,0,0,0.0,85,7.986301369863012,-9.66592025756836,7.587202072143555,-1.7077351808547974,0.0005072641772627839,0.009980468750000002,0.0,0,-0.01023768074810505,-0.01023768074810505,880,0,1
1.0,,881,,,,,0.0,0,,,0,0,881,1,-0.010649239346398378,0,,0,0.0,85,7.986301369863012,,,,0.0005072641772627839,0.009980468750000002,0.0,0,,,881,0,1
1.0,,882,,,,,0.0,0,,,0,0,882,1,-0.00987265548328752,0,,0,0.0,85,7.986301369863012,,,,0.0005072641772627839,0.009980468750000002,0.0,0,,,882,0,1
1.0,,883,,,,,0.0,0,,,0,0,883,1,-0.010222818473883724,0,,0,0.0,85,7.986301369863012,,,,0.0005072641772627839,0.009980468750000002,0.0,0,,,883,0,1
1.0,,884,,,,,0.0,0,,,0,0,884,1,-0.009451618816442178,0,,0,0.0,85,7.986301369863012,,,,0.0005072641772627839,0.009980468750000002,0.0,0,,,884,0,1
1.0,,885,,,,,0.0,0,,,0,0,885,1,-0.01107810831812083,0,,0,0.0,85,7.986301369863012,,,,0.0005072641772627839,0.009980468750000002,0.0,0,,,885,0,0
1.0,,886,,,,,0.0,0,,,0,0,886,1,-0.008753358124479629,0,,0,0.0,85,7.986301369863012,,,,0.0005072641772627839,0.009980468750000002,0.0,0,,,886,0,0
1.0,,887,,,,,0.0,0,,,0,0,887,1,-0.009483485538605887,0,,0,0.0,85,7.986301369863012,,,,0.0005072641772627839,0.009980468750000002,0.0,0,,,887,0,1
1.0,,888,,,,,0.0,0,,,0,0,888,1,-0.008393846339107771,0,,0,0.0,85,7.986301369863012,,,,0.0005072641772627839,0.009980468750000002,0.0,0,,,888,0,0
1.0,,889,,,,,0.0,0,,,0,0,889,1,-0.010557987204548916,0,,0,0.0,85,7.986301369863012,,,,0.0005072641772627839,0.009980468750000002,0.0,0,,,889,0,1
1.0,32,890,1.5784518718719482,updated,0.20519833266735077,7.355387210845947,0.0,0,1.8256750990985893e-06,6.664482299356678e-08,0,0,890,1,-0.01116910132506165,0,0,0,0.0,86,7.986301369863012,-9.66592025756836,7.643328666687012,-1.9779531955718994,0.0005072641772627839,0.009980468750000002,0.0,0,-0.010275222361087799,-0.010275222361087799,890,0,1
1.0,,891,,,,,0.0,0,,,0,0,891,1,-0.009495487172154196,0,,0,0.0,86,7.986301369863012,,,,0.0005072641772627839,0.009980468750000002,0.0,0,,,891,0,1
1.0,,892,,,,,0.0,0,,,0,0,892,1,-0.00863923329966342,0,,0,0.0,86,7.986301369863012,,,,0.0005072641772627839,0.009980468750000002,0.0,0,,,892,0,0
1.0,,893,,,,,0.0,0,,,0,0,893,1,-0.009108515843351253,0,,0,0.0,86,7.986301369863012,,,,0.0005072641772627839,0.009980468750000002,0.0,0,,,893,0,0
1.0,,894,,,,,0.0,0,,,0,0,894,1,-0.011311715175217554,0,,0,0.0,86,7.986301369863012,,,,0.0005072641772627839,0.009980468750000002,0.0,0,,,894,0,0
1.0,,895,,,,,0.0,0,,,0,0,895,1,-0.010024531009461093,0,,0,0.0,86,7.986301369863012,,,,0.0005072641772627839,0.009980468750000002,0.0,0,,,895,0,0
1.0,,896,,,,,0.0,0,,,0,0,896,1,-0.009361736055935257,0,,0,0.0,86,7.986301369863012,,,,0.0005072641772627839,0.009980468750000002,0.0,0,,,896,0,1
1.0,,897,,,,,0.0,0,,,0,0,897,1,-0.011134737942596775,0,,0,0.0,86,7.986301369863012,,,,0.0005072641772627839,0.009980468750000002,0.0,0,,,897,0,1
1.0,,898,,,,,0.0,0,,,0,0,898,1,-0.00883356896131481,0,,0,0.0,86,7.986301369863012,,,,0.0005072641772627839,0.009980468750000002,0.0,0,,,898,0,0
1.0,,899,,,,,0.0,0,,,0,0,899,1,-0.010821396144083941,0,,0,0.0,86,7.986301369863012,,,,0.0005072641772627839,0.009980468750000002,0.0,0,,,899,0,1
1.0,32,900,1.5715690851211548,updated,0.20525957643985748,7.298712253570557,0.0,0,2.1169321371417027e-06,5.298899807826274e-08,0,0,900,1,-0.011394757568166316,0,0,0,0.0,87,7.986301369863012,-9.66592025756836,7.6084184646606445,-1.591879963874817,0.0005072641772627839,0.009980468750000002,0.0,0,-0.01052748505026102,-0.01052748505026102,900,0,1
1.0,,901,,,,,0.0,0,,,0,0,901,1,-0.010215785307503325,0,,0,0.0,87,7.986301369863012,,,,0.0005072641772627839,0.009980468750000002,0.0,0,,,901,0,0
1.0,,902,,,,,0.0,0,,,0,0,902,1,-0.01024031770509625,0,,0,0.0,87,7.986301369863012,,,,0.0005072641772627839,0.009980468750000002,0.0,0,,,902,0,0
1.0,,903,,,,,0.0,0,,,0,0,903,1,-0.010668535438915985,0,,0,0.0,87,7.986301369863012,,,,0.0005072641772627839,0.009980468750000002,0.0,0,,,903,0,1
1.0,,904,,,,,0.0,0,,,0,0,904,1,-0.008568831212534036,0,,0,0.0,87,7.986301369863012,,,,0.0005072641772627839,0.009980468750000002,0.0,0,,,904,0,0
1.0,,905,,,,,0.0,0,,,0,0,905,1,-0.010374342970610009,0,,0,0.0,87,7.986301369863012,,,,0.0005072641772627839,0.009980468750000002,0.0,0,,,905,0,1
1.0,,906,,,,,0.0,0,,,0,0,906,1,-0.00961208152334402,0,,0,0.0,87,7.986301369863012,,,,0.0005072641772627839,0.009980468750000002,0.0,0,,,906,0,0
1.0,,907,,,,,0.0,0,,,0,0,907,1,-0.009834033479974682,0,,0,0.0,87,7.986301369863012,,,,0.0005072641772627839,0.009980468750000002,0.0,0,,,907,0,1
1.0,,908,,,,,0.0,0,,,0,0,908,1,-0.00953547445647084,0,,0,0.0,87,7.986301369863012,,,,0.0005072641772627839,0.009980468750000002,0.0,0,,,908,0,1
1.0,,909,,,,,0.0,0,,,0,0,909,1,-0.009050051099932723,0,,0,0.0,87,7.986301369863012,,,,0.0005072641772627839,0.009980468750000002,0.0,0,,,909,0,1
1.0,32,910,1.5748212337493896,updated,0.20532085001468658,7.3179779052734375,0.0,0,1.2253543673068634e-06,4.9973685634085996e-08,0,0,910,1,-0.009537764456723377,0,0,0,0.0,88,7.986301369863012,-9.66592025756836,7.621452808380127,-1.8615128993988037,0.0005072641772627839,0.009980468750000002,0.0,0,-0.010398989543318748,-0.010398989543318748,910,0,1
1.0,,911,,,,,0.0,0,,,0,0,911,1,-0.010218320477628265,0,,0,0.0,88,7.986301369863012,,,,0.0005072641772627839,0.009980468750000002,0.0,0,,,911,0,1
1.0,,912,,,,,0.0,0,,,0,0,912,1,-0.009901797103427637,0,,0,0.0,88,7.986301369863012,,,,0.0005072641772627839,0.009980468750000002,0.0,0,,,912,0,1
1.0,,913,,,,,0.0,0,,,0,0,913,1,-0.01182600116428766,0,,0,0.0,88,7.986301369863012,,,,0.0005072641772627839,0.009980468750000002,0.0,0,,,913,0,0
1.0,,914,,,,,0.0,0,,,0,0,914,1,-0.010932489940594472,0,,0,0.0,88,7.986301369863012,,,,0.0005072641772627839,0.009980468750000002,0.0,0,,,914,0,0
1.0,,915,,,,,0.0,0,,,0,0,915,1,-0.00886970233438932,0,,0,0.0,88,7.986301369863012,,,,0.0005072641772627839,0.009980468750000002,0.0,0,,,915,0,0
1.0,,916,,,,,0.0,0,,,0,0,916,1,-0.011634916717516255,0,,0,0.0,88,7.986301369863012,,,,0.0005072641772627839,0.009980468750000002,0.0,0,,,916,0,1
1.0,,917,,,,,0.0,0,,,0,0,917,1,-0.009907773145026102,0,,0,0.0,88,7.986301369863012,,,,0.0005072641772627839,0.009980468750000002,0.0,0,,,917,0,0
1.0,,918,,,,,0.0,0,,,0,0,918,1,-0.009647908981755595,0,,0,0.0,88,7.986301369863012,,,,0.0005072641772627839,0.009980468750000002,0.0,0,,,918,0,1
1.0,,919,,,,,0.0,0,,,0,0,919,1,-0.010234195090989875,0,,0,0.0,88,7.986301369863012,,,,0.0005072641772627839,0.009980468750000002,0.0,0,,,919,0,0
1.0,32,920,1.575732707977295,updated,0.20538215339183807,7.321267127990723,0.0,0,1.3244814454083098e-06,5.335569852604749e-08,0,0,920,1,-0.010137404838421063,0,0,0,0.0,89,7.986301369863012,-9.66592025756836,7.624402046203613,-1.437118411064148,0.0005072641772627839,0.009980468750000002,0.0,0,-0.01038803905248642,-0.01038803905248642,920,0,1
1.0,,921,,,,,0.0,0,,,0,0,921,1,-0.010119684938551412,0,,0,0.0,89,7.986301369863012,,,,0.0005072641772627839,0.009980468750000002,0.0,0,,,921,0,1
1.0,,922,,,,,0.0,0,,,0,0,922,1,-0.009399398337906586,0,,0,0.0,89,7.986301369863012,,,,0.0005072641772627839,0.009980468750000002,0.0,0,,,922,0,1
1.0,,923,,,,,0.0,0,,,0,0,923,1,-0.010869300828916675,0,,0,0.0,89,7.986301369863012,,,,0.0005072641772627839,0.009980468750000002,0.0,0,,,923,0,1
1.0,,924,,,,,0.0,0,,,0,0,924,1,-0.008647674018794618,0,,0,0.0,89,7.986301369863012,,,,0.0005072641772627839,0.009980468750000002,0.0,0,,,924,0,1
1.0,,925,,,,,0.0,0,,,0,0,925,1,-0.010724073206110454,0,,0,0.0,89,7.986301369863012,,,,0.0005072641772627839,0.009980468750000002,0.0,0,,,925,0,1
1.0,,926,,,,,0.0,0,,,0,0,926,1,-0.009165196424429691,0,,0,0.0,89,7.986301369863012,,,,0.0005072641772627839,0.009980468750000002,0.0,0,,,926,0,0
1.0,,927,,,,,0.0,0,,,0,0,927,1,-0.009285209315880607,0,,0,0.0,89,7.986301369863012,,,,0.0005072641772627839,0.009980468750000002,0.0,0,,,927,0,1
1.0,,928,,,,,0.0,0,,,0,0,928,1,-0.009082832291469991,0,,0,0.0,89,7.986301369863012,,,,0.0005072641772627839,0.009980468750000002,0.0,0,,,928,0,1
1.0,,929,,,,,0.0,0,,,0,0,929,1,-0.011324073087015432,0,,0,0.0,89,7.986301369863012,,,,0.0005072641772627839,0.009980468750000002,0.0,0,,,929,0,1
1.0,32,930,1.5805535316467285,updated,0.20544351637363434,7.3535990715026855,0.0,0,1.561291128382436e-06,3.017490612933216e-08,0,0,930,1,-0.009014915072844012,0,0,0,0.0,90,7.986301369863012,-9.66592025756836,7.645700931549072,-1.966216802597046,0.0005072641772627839,0.009980468750000002,0.0,0,-0.010302401147782803,-0.010302401147782803,930,0,0
1.0,,931,,,,,0.0,0,,,0,0,931,1,-0.011145037554670658,0,,0,0.0,90,7.986301369863012,,,,0.0005072641772627839,0.009980468750000002,0.0,0,,,931,0,0
1.0,,932,,,,,0.0,0,,,0,0,932,1,-0.010117495464700746,0,,0,0.0,90,7.986301369863012,,,,0.0005072641772627839,0.009980468750000002,0.0,0,,,932,0,1
1.0,,933,,,,,0.0,0,,,0,0,933,1,-0.009897688890678538,0,,0,0.0,90,7.986301369863012,,,,0.0005072641772627839,0.009980468750000002,0.0,0,,,933,0,0
1.0,,934,,,,,0.0,0,,,0,0,934,1,-0.01161810201055479,0,,0,0.0,90,7.986301369863012,,,,0.0005072641772627839,0.009980468750000002,0.0,0,,,934,0,0
1.0,,935,,,,,0.0,0,,,0,0,935,1,-0.011099940937235644,0,,0,0.0,90,7.986301369863012,,,,0.0005072641772627839,0.009980468750000002,0.0,0,,,935,0,0
1.0,,936,,,,,0.0,0,,,0,0,936,1,-0.01042330884101105,0,,0,0.0,90,7.986301369863012,,,,0.0005072641772627839,0.009980468750000002,0.0,0,,,936,0,1
1.0,,937,,,,,0.0,0,,,0,0,937,1,-0.011009584288184318,0,,0,0.0,90,7.986301369863012,,,,0.0005072641772627839,0.009980468750000002,0.0,0,,,937,0,0
1.0,,938,,,,,0.0,0,,,0,0,938,1,-0.010870022510346402,0,,0,0.0,90,7.986301369863012,,,,0.0005072641772627839,0.009980468750000002,0.0,0,,,938,0,1
1.0,,939,,,,,0.0,0,,,0,0,939,1,-0.010771215608151188,0,,0,0.0,90,7.986301369863012,,,,0.0005072641772627839,0.009980468750000002,0.0,0,,,939,0,0
1.0,32,940,1.5776222944259644,updated,0.20550492405891418,7.325809955596924,0.0,0,1.4330519206851022e-06,2.945964538980661e-08,0,0,940,1,-0.008858937497190791,0,0,0,0.0,91,7.986301369863012,-9.66592025756836,7.629017353057861,-1.966883897781372,0.0005072641772627839,0.009980468750000002,0.0,0,-0.010306008160114288,-0.010306008160114288,940,0,0
1.0,,941,,,,,0.0,0,,,0,0,941,1,-0.009883268624038646,0,,0,0.0,91,7.986301369863012,,,,0.0005072641772627839,0.009980468750000002,0.0,0,,,941,0,1
1.0,,942,,,,,0.0,0,,,0,0,942,1,-0.009314151494008485,0,,0,0.0,91,7.986301369863012,,,,0.0005072641772627839,0.009980468750000002,0.0,0,,,942,0,1
1.0,,943,,,,,0.0,0,,,0,0,943,1,-0.009512551348163303,0,,0,0.0,91,7.986301369863012,,,,0.0005072641772627839,0.009980468750000002,0.0,0,,,943,0,1
1.0,,944,,,,,0.0,0,,,0,0,944,1,-0.011257635888435527,0,,0,0.0,91,7.986301369863012,,,,0.0005072641772627839,0.009980468750000002,0.0,0,,,944,0,1
1.0,,945,,,,,0.0,0,,,0,0,945,1,-0.008344939394253839,0,,0,0.0,91,7.986301369863012,,,,0.0005072641772627839,0.009980468750000002,0.0,0,,,945,0,0
1.0,,946,,,,,0.0,0,,,0,0,946,1,-0.010198208988280602,0,,0,0.0,91,7.986301369863012,,,,0.0005072641772627839,0.009980468750000002,0.0,0,,,946,0,1
1.0,,947,,,,,0.0,0,,,0,0,947,1,-0.010519641149732575,0,,0,0.0,91,7.986301369863012,,,,0.0005072641772627839,0.009980468750000002,0.0,0,,,947,0,1
1.0,,948,,,,,0.0,0,,,0,0,948,1,-0.009790883015512222,0,,0,0.0,91,7.986301369863012,,,,0.0005072641772627839,0.009980468750000002,0.0,0,,,948,0,1
1.0,,949,,,,,0.0,0,,,0,0,949,1,-0.011223728505683308,0,,0,0.0,91,7.986301369863012,,,,0.0005072641772627839,0.009980468750000002,0.0,0,,,949,0,0
1.0,32,950,1.5864840745925903,updated,0.2055663913488388,7.388954162597656,0.0,0,1.0950687965305406e-06,4.701694322761796e-08,0,0,950,1,-0.011381644720084285,0,0,0,0.0,92,7.986301369863012,-9.66592025756836,7.6697998046875,-1.6584612131118774,0.0005072641772627839,0.009980468750000002,0.0,0,-0.010393340140581131,-0.010393340140581131,950,0,1
1.0,,951,,,,,0.0,0,,,0,0,951,1,-0.010186683118365228,0,,0,0.0,92,7.986301369863012,,,,0.0005072641772627839,0.009980468750000002,0.0,0,,,951,0,1
1.0,,952,,,,,0.0,0,,,0,0,952,1,-0.00939663319923966,0,,0,0.0,92,7.986301369863012,,,,0.0005072641772627839,0.009980468750000002,0.0,0,,,952,0,1
1.0,,953,,,,,0.0,0,,,0,0,953,1,-0.009263705613162134,0,,0,0.0,92,7.986301369863012,,,,0.0005072641772627839,0.009980468750000002,0.0,0,,,953,0,1
1.0,,954,,,,,0.0,0,,,0,0,954,1,-0.008694781092186013,0,,0,0.0,92,7.986301369863012,,,,0.0005072641772627839,0.009980468750000002,0.0,0,,,954,0,0
1.0,,955,,,,,0.0,0,,,0,0,955,1,-0.010942810439347408,0,,0,0.0,92,7.986301369863012,,,,0.0005072641772627839,0.009980468750000002,0.0,0,,,955,0,1
1.0,,956,,,,,0.0,0,,,0,0,956,1,-0.011220001117022474,0,,0,0.0,92,7.986301369863012,,,,0.0005072641772627839,0.009980468750000002,0.0,0,,,956,0,0
1.0,,957,,,,,0.0,0,,,0,0,957,1,-0.01010769411032685,0,,0,0.0,92,7.986301369863012,,,,0.0005072641772627839,0.009980468750000002,0.0,0,,,957,0,1
1.0,,958,,,,,0.0,0,,,0,0,958,1,-0.009474737516848677,0,,0,0.0,92,7.986301369863012,,,,0.0005072641772627839,0.009980468750000002,0.0,0,,,958,0,1
1.0,,959,,,,,0.0,0,,,0,0,959,1,-0.010453116961945721,0,,0,0.0,92,7.986301369863012,,,,0.0005072641772627839,0.009980468750000002,0.0,0,,,959,0,1
1.0,32,960,1.5799237489700317,updated,0.2056279182434082,7.333237171173096,0.0,0,1.129393922383315e-06,5.5780741803346245e-08,0,0,960,1,-0.009822106520437348,0,0,0,0.0,93,7.986301369863012,-9.66592025756836,7.635461807250977,-1.8559664487838745,0.0005072641772627839,0.009980468750000002,0.0,0,-0.010391969233751297,-0.010391969233751297,960,0,1
1.0,,961,,,,,0.0,0,,,0,0,961,1,-0.009449918048202157,0,,0,0.0,93,7.986301369863012,,,,0.0005072641772627839,0.009980468750000002,0.0,0,,,961,0,1
1.0,,962,,,,,0.0,0,,,0,0,962,1,-0.011809218777844013,0,,0,0.0,93,7.986301369863012,,,,0.0005072641772627839,0.009980468750000002,0.0,0,,,962,0,0
1.0,,963,,,,,0.0,0,,,0,0,963,1,-0.00915674193872217,0,,0,0.0,93,7.986301369863012,,,,0.0005072641772627839,0.009980468750000002,0.0,0,,,963,0,1
1.0,,964,,,,,0.0,0,,,0,0,964,1,-0.009757694553498055,0,,0,0.0,93,7.986301369863012,,,,0.0005072641772627839,0.009980468750000002,0.0,0,,,964,0,1
1.0,,965,,,,,0.0,0,,,0,0,965,1,-0.009115347310311819,0,,0,0.0,93,7.986301369863012,,,,0.0005072641772627839,0.009980468750000002,0.0,0,,,965,0,1
1.0,,966,,,,,0.0,0,,,0,0,966,1,-0.008331572193528416,0,,0,0.0,93,7.986301369863012,,,,0.0005072641772627839,0.009980468750000002,0.0,0,,,966,0,0
1.0,,967,,,,,0.0,0,,,0,0,967,1,-0.01082867772564832,0,,0,0.0,93,7.986301369863012,,,,0.0005072641772627839,0.009980468750000002,0.0,0,,,967,0,0
1.0,,968,,,,,0.0,0,,,0,0,968,1,-0.009343762853810436,0,,0,0.0,93,7.986301369863012,,,,0.0005072641772627839,0.009980468750000002,0.0,0,,,968,0,0
1.0,,969,,,,,0.0,0,,,0,0,969,1,-0.008750181055426456,0,,0,0.0,93,7.986301369863012,,,,0.0005072641772627839,0.009980468750000002,0.0,0,,,969,0,1
1.0,32,970,1.5842945575714111,updated,0.20568950474262238,7.360391616821289,0.0,0,1.221692173203337e-06,6.572066268972776e-08,0,0,970,1,-0.010835032884172638,0,0,0,0.0,94,7.986301369863012,-9.66592025756836,7.653507232666016,-2.1688499450683594,0.0005072641772627839,0.009980468750000002,0.0,0,-0.010413501411676407,-0.010413501411676407,970,0,1
1.0,,971,,,,,0.0,0,,,0,0,971,1,-0.01120068458723166,0,,0,0.0,94,7.986301369863012,,,,0.0005072641772627839,0.009980468750000002,0.0,0,,,971,0,1
1.0,,972,,,,,0.0,0,,,0,0,972,1,-0.010308923379310766,0,,0,0.0,94,7.986301369863012,,,,0.0005072641772627839,0.009980468750000002,0.0,0,,,972,0,0
1.0,,973,,,,,0.0,0,,,0,0,973,1,-0.011512967634956564,0,,0,0.0,94,7.986301369863012,,,,0.0005072641772627839,0.009980468750000002,0.0,0,,,973,0,0
1.0,,974,,,,,0.0,0,,,0,0,974,1,-0.00932851613110918,0,,0,0.0,94,7.986301369863012,,,,0.0005072641772627839,0.009980468750000002,0.0,0,,,974,0,1
1.0,,975,,,,,0.0,0,,,0,0,975,1,-0.009853943878707075,0,,0,0.0,94,7.986301369863012,,,,0.0005072641772627839,0.009980468750000002,0.0,0,,,975,0,1
1.0,,976,,,,,0.0,0,,,0,0,976,1,-0.011194037264995895,0,,0,0.0,94,7.986301369863012,,,,0.0005072641772627839,0.009980468750000002,0.0,0,,,976,0,1
1.0,,977,,,,,0.0,0,,,0,0,977,1,-0.008869512674585458,0,,0,0.0,94,7.986301369863012,,,,0.0005072641772627839,0.009980468750000002,0.0,0,,,977,0,0
1.0,,978,,,,,0.0,0,,,0,0,978,1,-0.009918374893502993,0,,0,0.0,94,7.986301369863012,,,,0.0005072641772627839,0.009980468750000002,0.0,0,,,978,0,1
1.0,,979,,,,,0.0,0,,,0,0,979,1,-0.011822977977768758,0,,0,0.0,94,7.986301369863012,,,,0.0005072641772627839,0.009980468750000002,0.0,0,,,979,0,0
1.0,32,980,1.5811249017715454,updated,0.20575110614299774,7.331701278686523,0.0,0,1.6090507415356115e-06,3.892674982353128e-08,0,0,980,1,-0.010357731036271236,0,0,0,0.0,95,7.986301369863012,-9.66592025756836,7.6362457275390625,-1.576797366142273,0.0005072641772627839,0.009980468750000002,0.0,0,-0.010514953173696995,-0.010514953173696995,980,0,0
1.0,,981,,,,,0.0,0,,,0,0,981,1,-0.009999340665185255,0,,0,0.0,95,7.986301369863012,,,,0.0005072641772627839,0.009980468750000002,0.0,0,,,981,0,0
1.0,,982,,,,,0.0,0,,,0,0,982,1,-0.00926602497944117,0,,0,0.0,95,7.986301369863012,,,,0.0005072641772627839,0.009980468750000002,0.0,0,,,982,0,1
1.0,,983,,,,,0.0,0,,,0,0,983,1,-0.00946161167574843,0,,0,0.0,95,7.986301369863012,,,,0.0005072641772627839,0.009980468750000002,0.0,0,,,983,0,0
1.0,,984,,,,,0.0,0,,,0,0,984,1,-0.009752826419205043,0,,0,0.0,95,7.986301369863012,,,,0.0005072641772627839,0.009980468750000002,0.0,0,,,984,0,1
1.0,,985,,,,,0.0,0,,,0,0,985,1,-0.009056409438359605,0,,0,0.0,95,7.986301369863012,,,,0.0005072641772627839,0.009980468750000002,0.0,0,,,985,0,1
1.0,,986,,,,,0.0,0,,,0,0,986,1,-0.00922725197228024,0,,0,0.0,95,7.986301369863012,,,,0.0005072641772627839,0.009980468750000002,0.0,0,,,986,0,1
1.0,,987,,,,,0.0,0,,,0,0,987,1,-0.011511081226721611,0,,0,0.0,95,7.986301369863012,,,,0.0005072641772627839,0.009980468750000002,0.0,0,,,987,0,0
1.0,,988,,,,,0.0,0,,,0,0,988,1,-0.009706490654283187,0,,0,0.0,95,7.986301369863012,,,,0.0005072641772627839,0.009980468750000002,0.0,0,,,988,0,1
1.0,,989,,,,,0.0,0,,,0,0,989,1,-0.010295175912177204,0,,0,0.0,95,7.986301369863012,,,,0.0005072641772627839,0.009980468750000002,0.0,0,,,989,0,1
1.0,32,990,1.5757420063018799,updated,0.2058127075433731,7.2850751876831055,0.0,0,9.106806828640401e-07,2.4005148091532647e-08,0,0,990,1,-0.009117378585476335,0,0,0,0.0,96,7.986301369863012,-9.66592025756836,7.6076340675354,-1.3948370218276978,0.0005072641772627839,0.009980468750000002,0.0,0,-0.010556402616202831,-0.010556402616202831,990,0,0
1.0,,991,,,,,0.0,0,,,0,0,991,1,-0.011648672666128448,0,,0,0.0,96,7.986301369863012,,,,0.0005072641772627839,0.009980468750000002,0.0,0,,,991,0,0
1.0,,992,,,,,0.0,0,,,0,0,992,1,-0.010931970613506472,0,,0,0.0,96,7.986301369863012,,,,0.0005072641772627839,0.009980468750000002,0.0,0,,,992,0,1
1.0,,993,,,,,0.0,0,,,0,0,993,1,-0.009985946425441697,0,,0,0.0,96,7.986301369863012,,,,0.0005072641772627839,0.009980468750000002,0.0,0,,,993,0,0
1.0,,994,,,,,0.0,0,,,0,0,994,1,-0.009218799140624725,0,,0,0.0,96,7.986301369863012,,,,0.0005072641772627839,0.009980468750000002,0.0,0,,,994,0,0
1.0,,995,,,,,0.0,0,,,0,0,995,1,-0.012017212902627463,0,,0,0.0,96,7.986301369863012,,,,0.0005072641772627839,0.009980468750000002,0.0,0,,,995,0,0
1.0,,996,,,,,0.0,0,,,0,0,996,1,-0.011508304481089962,0,,0,0.0,96,7.986301369863012,,,,0.0005072641772627839,0.009980468750000002,0.0,0,,,996,0,1
1.0,,997,,,,,0.0,0,,,0,0,997,1,-0.010644120870879839,0,,0,0.0,96,7.986301369863012,,,,0.0005072641772627839,0.009980468750000002,0.0,0,,,997,0,0
1.0,,998,,,,,0.0,0,,,0,0,998,1,-0.010919771300672334,0,,0,0.0,96,7.986301369863012,,,,0.0005072641772627839,0.009980468750000002,0.0,0,,,998,0,1
1.0,,999,,,,,0.0,0,,,0,0,999,1,-0.010454139108664986,0,,0,0.0,96,7.986301369863012,,,,0.0005072641772627839,0.009980468750000002,0.0,0,,,999,0,1
1.0,32,1000,1.5727002620697021,updated,0.2058742642402649,7.255023002624512,0.0,0,1.4635596699008602e-06,3.217125765786477e-08,0,0,1000,1,-0.008628675380180742,0,0,0,0.0,97,7.986301369863012,-9.66592025756836,7.589495658874512,-1.810720443725586,0.0005072641772627839,0.009980468750000002,0.0,0,-0.010708032175898552,-0.010708032175898552,1000,0,0
