accepted,actor_loss,alpha,critic_loss_1,critic_loss_2,elapsed_seconds,energy,entropy,environment_step,episode_id,episode_step,fallback,fallback_reason,gradient_norm,mission_phase,q_value_exec,reward,zonotope_volume
0,,,,,0.009072957007447258,5.4879676,,1,0,1,1,NOMINAL_OUTSIDE_CERTIFIED_SET,,OUTBOUND,,-0.01020132358994201,
0,,,,,0.015580623992718756,5.4758992,,2,0,2,1,NOMINAL_OUTSIDE_CERTIFIED_SET,,OUTBOUND,,-0.01133557945106046,
1,,,,,0.02110265998635441,5.46381885171374,,3,0,3,0,,,OUTBOUND,,0.00277878852558366,
0,,,,,0.029449909983668476,5.451703599247257,,4,0,4,1,NOMINAL_OUTSIDE_CERTIFIED_SET,,OUTBOUND,,0.010486996024661077,
0,,,,,0.038768016995163634,5.43955788404995,,5,0,5,1,NOMINAL_OUTSIDE_CERTIFIED_SET,,OUTBOUND,,-0.007756898276257111,
0,,,,,0.14262629600125365,5.4273807081323495,,6,0,6,1,NOMINAL_OUTSIDE_CERTIFIED_SET,,OUTBOUND,,-0.030704437818902374,
0,,,,,0.15283131200703792,5.415171172242257,,7,0,7,1,NOMINAL_OUTSIDE_CERTIFIED_SET,,OUTBOUND,,-0.06027351358434127,
0,,,,,0.16384565600310452,5.4029284834806575,,8,0,8,1,NOMINAL_OUTSIDE_CERTIFIED_SET,,OUTBOUND,,-0.0981306375656582,
0,,,,,0.17388109298190102,5.39065535915678,,9,0,9,1,NOMINAL_OUTSIDE_CERTIFIED_SET,,OUTBOUND,,-0.14490092733255008,
0,,,,,0.18017837798106484,5.378369888934579,,10,0,10,1,NOMINAL_OUTSIDE_CERTIFIED_SET,,OUTBOUND,,-0.1941745552061686,
0,,,,,0.18560190498828888,5.366073994594638,,11,0,11,1,NO_GENERATOR_SET,,OUTBOUND,,-0.2356848416162617,
0,,,,,0.19103292998624966,5.353774347845271,,12,0,12,1,NO_GENERATOR_SET,,OUTBOUND,,-0.26498625419588745,
0,,,,,0.1950169579940848,5.341467108097844,,13,0,13,1,INSUFFICIENT_RECOVERY_RESERVE,,OUTBOUND,,-0.2746531873527191,
1,,,,,0.20261126098921522,5.329204547418813,,14,0,14,0,,,OUTBOUND,,-0.2834004237923653,
0,,,,,0.20805217899032868,5.316913983938482,,15,0,15,1,INSUFFICIENT_RECOVERY_RESERVE,,OUTBOUND,,-0.29002076198498195,
1,,,,,0.2145946160017047,5.304638526551385,,16,0,16,0,,,OUTBOUND,,-0.2899129490909254,
0,,,,,0.22287357298773713,5.2923757280207,,17,0,17,1,NOMINAL_OUTSIDE_CERTIFIED_SET,,OUTBOUND,,-0.31881683251630166,
0,,,,,0.3270807949884329,5.280082072447305,,18,0,18,1,NOMINAL_OUTSIDE_CERTIFIED_SET,,OUTBOUND,,-0.37116504115907584,
0,,,,,0.3311817270005122,5.26776939421212,,19,0,19,1,INSUFFICIENT_RECOVERY_RESERVE,,OUTBOUND,,-0.38669467042189964,
0,,,,,0.3376813829818275,5.2554733198581065,,20,0,20,1,NOMINAL_OUTSIDE_CERTIFIED_SET,,OUTBOUND,,-0.4021292602996137,
0,,,,,0.34177927399287,5.243155673749407,,21,0,21,1,INSUFFICIENT_RECOVERY_RESERVE,,OUTBOUND,,-0.4167964244011218,
0,,,,,0.3457351280085277,5.2308716888568725,,22,0,22,1,INSUFFICIENT_RECOVERY_RESERVE,,OUTBOUND,,-0.3858350663774227,
0,,,,,0.3534829590062145,5.21859889638141,,23,0,23,1,NOMINAL_OUTSIDE_CERTIFIED_SET,,OUTBOUND,,-0.3997785427453566,
0,,,,,0.3604674829985015,5.206306569639616,,24,0,24,1,INSUFFICIENT_RECOVERY_RESERVE,,OUTBOUND,,-0.41303563978290236,
0,,,,,0.37048722998588346,5.1940422591087145,,25,0,25,1,NOMINAL_OUTSIDE_CERTIFIED_SET,,OUTBOUND,,-0.41893579447530677,
0,,,,,0.38048959599109367,5.181768437636353,,26,0,26,1,NOMINAL_OUTSIDE_CERTIFIED_SET,,OUTBOUND,,-0.4535848075122725,
0,,,,,0.38622913698782213,5.169485461460474,,27,0,27,1,NOMINAL_OUTSIDE_CERTIFIED_SET,,OUTBOUND,,-0.46546731732235713,
0,,,,,0.3898046519898344,5.1571851522383225,,28,0,28,1,INSUFFICIENT_RECOVERY_RESERVE,,OUTBOUND,,-0.44645343637916374,
1,,,,,0.39531861399882473,5.14492300887357,,29,0,29,0,,,OUTBOUND,,-0.42507815705210955,
0,,,,,0.40174009499605745,5.132607293105651,,30,0,30,1,NOMINAL_OUTSIDE_CERTIFIED_SET,,OUTBOUND,,-0.4602660185210843,
0,,,,,0.40646856199600734,5.120273684613529,,31,0,31,1,INSUFFICIENT_RECOVERY_RESERVE,,OUTBOUND,,-0.475253908688717,
0,,,,,0.4103657550003845,5.107975361256953,,32,0,32,1,INSUFFICIENT_RECOVERY_RESERVE,,OUTBOUND,,-0.4335197115046584,
0,,,,,0.41600722100702114,5.095689581546476,,33,0,33,1,NOMINAL_OUTSIDE_CERTIFIED_SET,,OUTBOUND,,-0.44876224675509346,
0,,,,,0.5140189369849395,5.083387844606251,,34,0,34,1,INSUFFICIENT_RECOVERY_RESERVE,,OUTBOUND,,-0.46257850430226566,
0,,,,,0.5229657889867667,5.071100291014323,,35,0,35,1,NOMINAL_OUTSIDE_CERTIFIED_SET,,OUTBOUND,,-0.4757779332161203,
0,,,,,0.5271804780059028,5.058794366022426,,36,0,36,1,INSUFFICIENT_RECOVERY_RESERVE,,OUTBOUND,,-0.487753792172808,
0,,,,,0.537843686004635,5.0465042434233185,,37,0,37,1,NOMINAL_OUTSIDE_CERTIFIED_SET,,OUTBOUND,,-0.4991926688967267,
0,,,,,0.5455447339918464,5.0341931436142255,,38,0,38,1,INSUFFICIENT_RECOVERY_RESERVE,,OUTBOUND,,-0.5095851315839589,
0,,,,,0.556010733009316,5.021906052747746,,39,0,39,1,NOMINAL_OUTSIDE_CERTIFIED_SET,,OUTBOUND,,-0.5159739366332033,
0,,,,,0.5631543500057887,5.0095902067449884,,40,0,40,1,INSUFFICIENT_RECOVERY_RESERVE,,OUTBOUND,,-0.5217744527409357,
0,,,,,0.5722689020039979,4.997321890353871,,41,0,41,1,NOMINAL_OUTSIDE_CERTIFIED_SET,,OUTBOUND,,-0.5079608836242366,
0,,,,,0.5788971289875917,4.985043478627316,,42,0,42,1,NOMINAL_OUTSIDE_CERTIFIED_SET,,OUTBOUND,,-0.5199259392326969,
0,,,,,0.5829230019880924,4.972746711675739,,43,0,43,1,INSUFFICIENT_RECOVERY_RESERVE,,OUTBOUND,,-0.4951286978463531,
0,,,,,0.5886895619914867,4.960463987012139,,44,0,44,1,NOMINAL_OUTSIDE_CERTIFIED_SET,,OUTBOUND,,-0.50485324332633,
0,,,,,0.5924646619823761,4.948157091927614,,45,0,45,1,INSUFFICIENT_RECOVERY_RESERVE,,OUTBOUND,,-0.5137259545053913,
1,,,,,0.5984171269810759,4.935884237721739,,46,0,46,0,,,OUTBOUND,,-0.48664209592776697,
0,,,,,0.6062592899834272,4.923582717800097,,47,0,47,1,NOMINAL_OUTSIDE_CERTIFIED_SET,,OUTBOUND,,-0.5143588363254896,
0,,,,,0.7017245659953915,4.911278738704836,,48,0,48,1,NO_GENERATOR_SET,,OUTBOUND,,-0.5550286861779277,
0,,,,,0.708255375007866,4.898973972353854,,49,0,49,1,NO_GENERATOR_SET,,OUTBOUND,,-0.5657059604315632,
0,,,,,0.7134823490050621,4.8866732404016,,50,0,50,1,NO_GENERATOR_SET,,OUTBOUND,,-0.5536936746376965,
0,,,,,0.7193647759850137,4.874382004736633,,51,0,51,1,NOMINAL_OUTSIDE_CERTIFIED_SET,,OUTBOUND,,-0.5252627434671034,
1,,,,,0.7258999339828733,4.862107028629814,,52,0,52,0,,,OUTBOUND,,-0.5024188848796233,
0,,,,,0.7316637710027862,4.84981050874552,,53,0,53,1,NOMINAL_OUTSIDE_CERTIFIED_SET,,OUTBOUND,,-0.4676454680479022,
0,,,,,0.7378496029996313,4.837549475995797,,54,0,54,1,NOMINAL_OUTSIDE_CERTIFIED_SET,,OUTBOUND,,-0.40869681289633714,
0,,,,,0.7452791190007702,4.825324813819005,,55,0,55,1,NOMINAL_OUTSIDE_CERTIFIED_SET,,OUTBOUND,,-0.3508096568931243,
0,,,,,0.7545778990024701,4.813135729418334,,56,0,56,1,NOMINAL_OUTSIDE_CERTIFIED_SET,,OUTBOUND,,-0.29579019930180495,
1,,,,,0.7640145579935052,4.800974715978648,,57,0,57,0,,,OUTBOUND,,-0.24268878127286156,
0,,,,,0.7706257499812637,4.788844834995673,,58,0,58,1,NOMINAL_OUTSIDE_CERTIFIED_SET,,OUTBOUND,,-0.19509700381097667,
1,,,,,0.8589788269891869,4.776718786256739,,59,0,59,0,,,OUTBOUND,,-0.1414512106443869,
0,,,,,0.8652209950087126,4.76463919415058,,60,0,60,1,NOMINAL_OUTSIDE_CERTIFIED_SET,,FAILURE,,-0.09718669027618215,
0,,,,,0.8751350549864583,5.4879676,,61,1,1,1,NOMINAL_OUTSIDE_CERTIFIED_SET,,OUTBOUND,,-0.01020132358994201,
0,,,,,0.8842218729841989,5.4758992,,62,1,2,1,NOMINAL_OUTSIDE_CERTIFIED_SET,,OUTBOUND,,-0.01133557945106046,
0,,,,,0.8952269899891689,5.4637948,,63,1,3,1,NOMINAL_OUTSIDE_CERTIFIED_SET,,OUTBOUND,,-0.015383460743156973,
1,,,,,0.9052805629908107,5.4516738624375325,,64,1,4,0,,,OUTBOUND,,-0.04336318139104779,
0,,,,,0.9179351049824618,5.43951516897295,,65,1,5,1,NOMINAL_OUTSIDE_CERTIFIED_SET,,OUTBOUND,,-0.0670105990601253,
0,,,,,0.9287220620026346,5.427327634683904,,66,1,6,1,NOMINAL_OUTSIDE_CERTIFIED_SET,,OUTBOUND,,-0.07130907930492805,
0,,,,,0.9391977110062726,5.415109961303147,,67,1,7,1,NOMINAL_OUTSIDE_CERTIFIED_SET,,OUTBOUND,,-0.08579009088308089,
0,,,,,0.9500092550006229,5.402860980914453,,68,1,8,1,NOMINAL_OUTSIDE_CERTIFIED_SET,,OUTBOUND,,-0.11173075853669708,
0,,,,,0.9602633370086551,5.390587584572692,,69,1,9,1,NOMINAL_OUTSIDE_CERTIFIED_SET,,OUTBOUND,,-0.148671449443671,
0,,,,,0.9677081819972955,5.378305236220937,,70,1,10,1,NOMINAL_OUTSIDE_CERTIFIED_SET,,OUTBOUND,,-0.18944179274275652,
0,,,,,0.9738336059963331,5.3660121278513255,,71,1,11,1,NO_GENERATOR_SET,,OUTBOUND,,-0.22434799936564745,
0,,,,,0.9800864190037828,5.353715441005423,,72,1,12,1,NO_GENERATOR_SET,,OUTBOUND,,-0.24900985363004136,
0,,,,,0.9863392039842438,5.341412501818215,,73,1,13,1,INSUFFICIENT_RECOVERY_RESERVE,,OUTBOUND,,-0.257516743689752,
0,,,,,0.9961913469887804,5.3291249604508035,,74,1,14,1,NOMINAL_OUTSIDE_CERTIFIED_SET,,OUTBOUND,,-0.28477966806185434,
0,,,,,1.0980328629957512,5.316812761280521,,75,1,15,1,INSUFFICIENT_RECOVERY_RESERVE,,OUTBOUND,,-0.3106267069246347,
0,,,,,1.1085309549816884,5.304517922813616,,76,1,16,1,NOMINAL_OUTSIDE_CERTIFIED_SET,,OUTBOUND,,-0.3356028262142033,
0,,,,,1.1157046209846158,5.292197675812895,,77,1,17,1,INSUFFICIENT_RECOVERY_RESERVE,,OUTBOUND,,-0.3589224774483114,
0,,,,,1.1198672629834618,5.279911403032946,,78,1,18,1,INSUFFICIENT_RECOVERY_RESERVE,,OUTBOUND,,-0.33900098916138,
0,,,,,1.125665202998789,5.267637148441226,,79,1,19,1,NOMINAL_OUTSIDE_CERTIFIED_SET,,OUTBOUND,,-0.3588850293646551,
0,,,,,1.12969720698311,5.255340561376347,,80,1,20,1,INSUFFICIENT_RECOVERY_RESERVE,,OUTBOUND,,-0.3775183027446723,
0,,,,,1.1377544209826738,5.243058176412628,,81,1,21,1,NOMINAL_OUTSIDE_CERTIFIED_SET,,OUTBOUND,,-0.3956315891982383,
0,,,,,1.14530146800098,5.230752384714448,,82,1,22,1,INSUFFICIENT_RECOVERY_RESERVE,,OUTBOUND,,-0.41246630057165873,
0,,,,,1.156381460983539,5.218462787593501,,83,1,23,1,NOMINAL_OUTSIDE_CERTIFIED_SET,,OUTBOUND,,-0.42872385355694914,
0,,,,,1.1632492299831938,5.206148743496092,,84,1,24,1,INSUFFICIENT_RECOVERY_RESERVE,,OUTBOUND,,-0.4437465531176233,
0,,,,,1.1734195349854417,5.193879512020048,,85,1,25,1,NOMINAL_OUTSIDE_CERTIFIED_SET,,OUTBOUND,,-0.44111473532876505,
0,,,,,1.1798379039973952,5.181601181862585,,86,1,26,1,NOMINAL_OUTSIDE_CERTIFIED_SET,,OUTBOUND,,-0.4620150294550793,
0,,,,,1.1846064639976248,5.169302801669977,,87,1,27,1,INSUFFICIENT_RECOVERY_RESERVE,,OUTBOUND,,-0.4469588110288507,
0,,,,,1.275418545003049,5.157019204410796,,88,1,28,1,NOMINAL_OUTSIDE_CERTIFIED_SET,,OUTBOUND,,-0.4599593493870174,
0,,,,,1.2796639379812405,5.144711844139578,,89,1,29,1,INSUFFICIENT_RECOVERY_RESERVE,,OUTBOUND,,-0.4719563186072537,
0,,,,,1.2856042000057641,5.132421208999617,,90,1,30,1,NOMINAL_OUTSIDE_CERTIFIED_SET,,OUTBOUND,,-0.48365561682816244,
0,,,,,1.2893523550010286,5.120105710715134,,91,1,31,1,INSUFFICIENT_RECOVERY_RESERVE,,OUTBOUND,,-0.49442540236759397,
0,,,,,1.2929583640070632,5.107823697869858,,92,1,32,1,INSUFFICIENT_RECOVERY_RESERVE,,OUTBOUND,,-0.4498368531999116,
0,,,,,1.301857276004739,5.095553163714556,,93,1,33,1,NOMINAL_OUTSIDE_CERTIFIED_SET,,OUTBOUND,,-0.4618352355061027,
0,,,,,1.3056492900068406,5.083260531376522,,94,1,34,1,INSUFFICIENT_RECOVERY_RESERVE,,OUTBOUND,,-0.4728777214239532,
0,,,,,1.3122375439852476,5.07098160141931,,95,1,35,1,NOMINAL_OUTSIDE_CERTIFIED_SET,,OUTBOUND,,-0.48380141368942264,
0,,,,,1.3182917019876186,5.05867933121919,,96,1,36,1,INSUFFICIENT_RECOVERY_RESERVE,,OUTBOUND,,-0.49383795565377436,
0,,,,,1.32536920599523,5.0463928082073135,,97,1,37,1,NOMINAL_OUTSIDE_CERTIFIED_SET,,OUTBOUND,,-0.5037521814920952,
0,,,,,1.3317395159974694,5.0340817820538435,,98,1,38,1,INSUFFICIENT_RECOVERY_RESERVE,,OUTBOUND,,-0.5128491389727148,
0,,,,,1.436004471994238,5.02180619266217,,99,1,39,1,NOMINAL_OUTSIDE_CERTIFIED_SET,,OUTBOUND,,-0.5109403716568797,
0,,,,,1.44671098300023,5.009519508559409,,100,1,40,1,NO_GENERATOR_SET,,OUTBOUND,,-0.5425664215403343,
0,,,,,1.4539073260093573,4.997226009995565,,101,1,41,1,NO_GENERATOR_SET,,OUTBOUND,,-0.5473837472226111,
0,,,,,1.4584558799979277,4.9849173380653236,,102,1,42,1,INSUFFICIENT_RECOVERY_RESERVE,,OUTBOUND,,-0.5181981180468286,
0,,,,,1.46216444298625,4.972641396416492,,103,1,43,1,INSUFFICIENT_RECOVERY_RESERVE,,OUTBOUND,,-0.46895236769847815,
1,,,,,1.4680836350016762,4.960390918874981,,104,1,44,0,,,OUTBOUND,,-0.46448835169659375,
1,,,,,1.4745431499904953,4.948110784703222,,105,1,45,0,,,OUTBOUND,,-0.4681549600772128,
0,,,,,1.4849785469996277,4.9358217790867425,,106,1,46,1,NOMINAL_OUTSIDE_CERTIFIED_SET,,OUTBOUND,,-0.48376507530449336,
0,,,,,1.4951078759913798,4.923528604412543,,107,1,47,1,NOMINAL_OUTSIDE_CERTIFIED_SET,,OUTBOUND,,-0.5322474278999865,
0,,,,,1.5043372649815865,4.9112330158761806,,108,1,48,1,NO_GENERATOR_SET,,OUTBOUND,,-0.553321568561527,
0,,,,,1.510200591001194,4.898938104974811,,109,1,49,1,NO_GENERATOR_SET,,OUTBOUND,,-0.5498364593426129,
1,,,,,1.5164054429915268,4.88664862778879,,110,1,50,0,,,OUTBOUND,,-0.5346253328643648,
1,,,,,1.5225011699949391,4.874326803642951,,111,1,51,0,,,OUTBOUND,,-0.5031736237183764,
0,,,,,1.528578725992702,4.862036929813054,,112,1,52,1,NOMINAL_OUTSIDE_CERTIFIED_SET,,OUTBOUND,,-0.45550029240688794,
0,,,,,1.5338852510030847,4.849782807165976,,113,1,53,1,NOMINAL_OUTSIDE_CERTIFIED_SET,,OUTBOUND,,-0.4056804036766329,
0,,,,,1.633450143999653,4.8375644281748285,,114,1,54,1,NOMINAL_OUTSIDE_CERTIFIED_SET,,OUTBOUND,,-0.3548030049508235,
1,,,,,1.6401755879924167,4.825386721574177,,115,1,55,0,,,OUTBOUND,,-0.3115329365675677,
0,,,,,1.6465901079936884,4.813206117892252,,116,1,56,1,NOMINAL_OUTSIDE_CERTIFIED_SET,,OUTBOUND,,-0.2688686159533206,
0,,,,,1.6551126730046235,4.801050847356598,,117,1,57,1,NOMINAL_OUTSIDE_CERTIFIED_SET,,OUTBOUND,,-0.22149756088451034,
0,,,,,1.666164366004523,4.788920080051678,,118,1,58,1,NOMINAL_OUTSIDE_CERTIFIED_SET,,OUTBOUND,,-0.1789141609126702,
0,,,,,1.6752384800056461,4.776812205070779,,119,1,59,1,NOMINAL_OUTSIDE_CERTIFIED_SET,,OUTBOUND,,-0.14138963455778414,
0,,,,,1.6851536259928253,4.764725121380262,,120,1,60,1,NOMINAL_OUTSIDE_CERTIFIED_SET,,FAILURE,,-0.10894720802333135,
1,,,,,1.6965341859904584,5.487985629898084,,121,2,1,0,,,OUTBOUND,,-0.004035001669965461,
0,,,,,1.703564600989921,5.4759231085857305,,122,2,2,1,NOMINAL_OUTSIDE_CERTIFIED_SET,,OUTBOUND,,0.0002565314184011805,
0,,,,,1.7135611079866067,5.463872999212025,,123,2,3,1,NOMINAL_OUTSIDE_CERTIFIED_SET,,OUTBOUND,,-0.0030097083618456357,
0,,,,,1.7243630540033337,5.45178859392265,,124,2,4,1,NOMINAL_OUTSIDE_CERTIFIED_SET,,OUTBOUND,,-0.007331187407967828,
1,,,,,1.7344880510063376,5.439684146372335,,125,2,5,0,,,OUTBOUND,,0.00487373750670179,
0,,,,,1.7444034829968587,5.4275226952434625,,126,2,6,1,NOMINAL_OUTSIDE_CERTIFIED_SET,,OUTBOUND,,0.00793864893908475,
0,,,,,1.8653290100046434,5.415333188038642,,127,2,7,1,NOMINAL_OUTSIDE_CERTIFIED_SET,,OUTBOUND,,-0.019045690372469965,
0,,,,,1.8717320119903889,5.403114124361486,,128,2,8,1,NOMINAL_OUTSIDE_CERTIFIED_SET,,OUTBOUND,,-0.05217252936447537,
1,,,,,1.880853559996467,5.3908670145548365,,129,2,9,0,,,OUTBOUND,,-0.05426810566443249,
0,,,,,1.8881841149996035,5.378615950380005,,130,2,10,1,NOMINAL_OUTSIDE_CERTIFIED_SET,,OUTBOUND,,-0.0640384458505986,
1,,,,,1.8984513230097946,5.366350184366191,,131,2,11,0,,,OUTBOUND,,-0.0802013767832515,
0,,,,,1.9085429809929337,5.35407812323893,,132,2,12,1,NOMINAL_OUTSIDE_CERTIFIED_SET,,OUTBOUND,,-0.1009525007314833,
0,,,,,1.9185879500000738,5.341811613993996,,133,2,13,1,NOMINAL_OUTSIDE_CERTIFIED_SET,,OUTBOUND,,-0.16653098925678816,
0,,,,,1.928847119997954,5.329548895866312,,134,2,14,1,NOMINAL_OUTSIDE_CERTIFIED_SET,,OUTBOUND,,-0.21772953415189453,
0,,,,,1.9375202060036827,5.317261204028212,,135,2,15,1,NOMINAL_OUTSIDE_CERTIFIED_SET,,OUTBOUND,,-0.27421690251642716,
0,,,,,1.9443498789914884,5.304946739871159,,136,2,16,1,INSUFFICIENT_RECOVERY_RESERVE,,OUTBOUND,,-0.3074225203878033,
0,,,,,1.9511517439968884,5.292665593791642,,137,2,17,1,INSUFFICIENT_RECOVERY_RESERVE,,OUTBOUND,,-0.29685887099132424,
0,,,,,2.0665370189817622,5.280394806786471,,138,2,18,1,NOMINAL_OUTSIDE_CERTIFIED_SET,,OUTBOUND,,-0.3227306464854474,
0,,,,,2.072589210001752,5.26809771457714,,139,2,19,1,INSUFFICIENT_RECOVERY_RESERVE,,OUTBOUND,,-0.346761459412596,
1,,,,,2.0816285960027017,5.255824371759223,,140,2,20,0,,,OUTBOUND,,-0.3164175930550802,
0,,,,,2.0875693449925166,5.2435699321350535,,141,2,21,1,NOMINAL_OUTSIDE_CERTIFIED_SET,,OUTBOUND,,-0.3298830588070757,
0,,,,,2.0960011619899888,5.231278485973135,,142,2,22,1,NOMINAL_OUTSIDE_CERTIFIED_SET,,OUTBOUND,,-0.39844211663469664,
0,,,,,2.1028672920074314,5.218960270870905,,143,2,23,1,INSUFFICIENT_RECOVERY_RESERVE,,OUTBOUND,,-0.41796238560020965,
1,,,,,2.1117978940019384,5.20668906479931,,144,2,24,0,,,OUTBOUND,,-0.4037973736024079,
1,,,,,2.1222067509952467,5.194418761456277,,145,2,25,0,,,OUTBOUND,,-0.3943444468526123,
1,,,,,2.1328227329941,5.182166944788297,,146,2,26,0,,,OUTBOUND,,-0.38691515433614715,
0,,,,,2.1451071579940617,5.16989398770485,,147,2,27,1,NOMINAL_OUTSIDE_CERTIFIED_SET,,OUTBOUND,,-0.42063967217310705,
0,,,,,2.1556003709847573,5.1576098496855485,,148,2,28,1,NOMINAL_OUTSIDE_CERTIFIED_SET,,OUTBOUND,,-0.4669367747364901,
0,,,,,2.1659049869922455,5.1453166504946495,,149,2,29,1,NO_GENERATOR_SET,,OUTBOUND,,-0.4869206488354623,
0,,,,,2.170186495000962,5.133002647831825,,150,2,30,1,INSUFFICIENT_RECOVERY_RESERVE,,OUTBOUND,,-0.4696854746849271,
0,,,,,2.177682690002257,5.120705708150315,,151,2,31,1,NOMINAL_OUTSIDE_CERTIFIED_SET,,OUTBOUND,,-0.4805844253342627,
0,,,,,2.181811435992131,5.108384338068426,,152,2,32,1,INSUFFICIENT_RECOVERY_RESERVE,,OUTBOUND,,-0.4907229002466451,
0,,,,,2.27823049298604,5.096097010917004,,153,2,33,1,INSUFFICIENT_RECOVERY_RESERVE,,OUTBOUND,,-0.44669139694373033,
0,,,,,2.2877926460059825,5.083821433928053,,154,2,34,1,NOMINAL_OUTSIDE_CERTIFIED_SET,,OUTBOUND,,-0.4579474831392354,
0,,,,,2.294212826003786,5.07152451095155,,155,2,35,1,INSUFFICIENT_RECOVERY_RESERVE,,OUTBOUND,,-0.468404405254706,
0,,,,,2.3029461599944625,5.059241470007301,,156,2,36,1,NOMINAL_OUTSIDE_CERTIFIED_SET,,OUTBOUND,,-0.47880305937644696,
0,,,,,2.306741090986179,5.046935975731673,,157,2,37,1,INSUFFICIENT_RECOVERY_RESERVE,,OUTBOUND,,-0.4884399500678001,
0,,,,,2.3128032390086446,5.034646316640243,,158,2,38,1,NOMINAL_OUTSIDE_CERTIFIED_SET,,OUTBOUND,,-0.4980315863849842,
0,,,,,2.316654288995778,5.022333090444524,,159,2,39,1,INSUFFICIENT_RECOVERY_RESERVE,,OUTBOUND,,-0.5068997104714917,
0,,,,,2.3201511389925145,5.010053058916809,,160,2,40,1,INSUFFICIENT_RECOVERY_RESERVE,,OUTBOUND,,-0.4596115888105508,
1,,,,,2.3262167570064776,4.997812902733477,,161,2,41,0,,,OUTBOUND,,-0.4447714567687882,
1,,,,,2.3334605130075943,4.9855601271215875,,162,2,42,0,,,OUTBOUND,,-0.4592902596320779,
1,,,,,2.3399458049971145,4.97328488841771,,163,2,43,0,,,OUTBOUND,,-0.4665954005630039,
1,,,,,2.346518033009488,4.961015084653734,,164,2,44,0,,,OUTBOUND,,-0.46623456160829824,
1,,,,,2.3548202509991825,4.948759063247848,,165,2,45,0,,,OUTBOUND,,-0.4599458930433744,
0,,,,,2.364799086994026,4.936478079662216,,166,2,46,1,NOMINAL_OUTSIDE_CERTIFIED_SET,,OUTBOUND,,-0.4891500233615942,
0,,,,,2.48130012198817,4.924178451674204,,167,2,47,1,INSUFFICIENT_RECOVERY_RESERVE,,OUTBOUND,,-0.4989160810952511,
0,,,,,2.4871706739941146,4.9118933707442,,168,2,48,1,NOMINAL_OUTSIDE_CERTIFIED_SET,,OUTBOUND,,-0.5085715507463442,
0,,,,,2.4910939679830335,4.899587283254506,,169,2,49,1,INSUFFICIENT_RECOVERY_RESERVE,,OUTBOUND,,-0.5173725803121153,
0,,,,,2.4967114699829835,4.887310851817997,,170,2,50,1,NOMINAL_OUTSIDE_CERTIFIED_SET,,OUTBOUND,,-0.5181662917696204,
0,,,,,2.5021361319813877,4.875023545256614,,171,2,51,1,NO_GENERATOR_SET,,OUTBOUND,,-0.5554357118092484,
0,,,,,2.5098058359872084,4.862726831797862,,172,2,52,1,NO_GENERATOR_SET,,OUTBOUND,,-0.563738743741256,
0,,,,,2.518729486007942,4.850428295331694,,173,2,53,1,NO_GENERATOR_SET,,OUTBOUND,,-0.5501845768795394,
0,,,,,2.524787012982415,4.838136469252204,,174,2,54,1,NOMINAL_OUTSIDE_CERTIFIED_SET,,OUTBOUND,,-0.5208536044162222,
0,,,,,2.532149592996575,4.8258591703620874,,175,2,55,1,NOMINAL_OUTSIDE_CERTIFIED_SET,,OUTBOUND,,-0.480847111053773,
1,,,,,2.538671941991197,4.813607982780278,,176,2,56,0,,,OUTBOUND,,-0.43861658718620417,
0,,,,,2.5491909139964264,4.80135460521866,,177,2,57,1,NOMINAL_OUTSIDE_CERTIFIED_SET,,OUTBOUND,,-0.39210100243180396,
0,,,,,2.656571070983773,4.789135362319099,,178,2,58,1,NOMINAL_OUTSIDE_CERTIFIED_SET,,OUTBOUND,,-0.3396847660903773,
0,,,,,2.6623735619941726,4.776949827987878,,179,2,59,1,NOMINAL_OUTSIDE_CERTIFIED_SET,,OUTBOUND,,-0.28903216634519757,
0,,,,,2.668876537005417,4.764796312490682,,180,2,60,1,NOMINAL_OUTSIDE_CERTIFIED_SET,,OUTBOUND,,-0.24152707003551857,
1,,,,,2.6779423549887724,4.752662193853628,,181,2,61,0,,,OUTBOUND,,-0.19701824371829613,
0,,,,,2.6878054490080103,4.7405557248982175,,182,2,62,1,NOMINAL_OUTSIDE_CERTIFIED_SET,,OUTBOUND,,-0.15736031401345688,
1,,,,,2.6975068869942334,4.728466158773597,,183,2,63,0,,,OUTBOUND,,-0.1499158301490953,
0,,,,,2.707179783988977,4.716366338308079,,184,2,64,1,NOMINAL_OUTSIDE_CERTIFIED_SET,,OUTBOUND,,-0.13944955350173208,
1,,,,,2.7132240569917485,4.704288646311528,,185,2,65,0,,,OUTBOUND,,-0.13719281598862856,
0,,,,,2.71988166400115,4.692180996973584,,186,2,66,1,NOMINAL_OUTSIDE_CERTIFIED_SET,,FAILURE,,-0.1309131864671924,
1,,,,,2.7296733770053834,5.487995080095426,,187,3,1,0,,,OUTBOUND,,-0.005221591062798064,
0,,,,,2.736950585996965,5.475941087241417,,188,3,2,1,NOMINAL_OUTSIDE_CERTIFIED_SET,,OUTBOUND,,-0.0017620364320761483,
0,,,,,2.7445436389825772,5.4638787755152824,,189,3,3,1,NOMINAL_OUTSIDE_CERTIFIED_SET,,OUTBOUND,,-0.004856720279458146,
0,,,,,2.7509855719981715,5.451782697124853,,190,3,4,1,NOMINAL_OUTSIDE_CERTIFIED_SET,,OUTBOUND,,-0.009702865254595584,
0,,,,,2.757607603998622,5.439652414575252,,191,3,5,1,NOMINAL_OUTSIDE_CERTIFIED_SET,,OUTBOUND,,-0.018296360791605966,
1,,,,,2.8606994820002,5.427506086443262,,192,3,6,0,,,OUTBOUND,,-0.04948191680545644,
1,,,,,2.867448256991338,5.415313356511474,,193,3,7,0,,,OUTBOUND,,-0.08180167018347655,
1,,,,,2.877412387984805,5.403160832495787,,194,3,8,0,,,OUTBOUND,,-0.07769316907370628,
0,,,,,2.888022038998315,5.391005854358921,,195,3,9,1,NOMINAL_OUTSIDE_CERTIFIED_SET,,OUTBOUND,,-0.07099580850411043,
0,,,,,2.8969399000052363,5.37882211441422,,196,3,10,1,NOMINAL_OUTSIDE_CERTIFIED_SET,,OUTBOUND,,-0.08348124993467028,
0,,,,,2.9045013359864242,5.366608125060338,,197,3,11,1,NOMINAL_OUTSIDE_CERTIFIED_SET,,OUTBOUND,,-0.10561956347565814,
0,,,,,2.9110977700038347,5.35436258595573,,198,3,12,1,NOMINAL_OUTSIDE_CERTIFIED_SET,,OUTBOUND,,-0.13845339296607687,
1,,,,,2.9184520679991692,5.342104419248513,,199,3,13,0,,,OUTBOUND,,-0.16575453199227347,
0,,,,,2.9250355240073986,5.329862461759568,,200,3,14,1,NOMINAL_OUTSIDE_CERTIFIED_SET,,OUTBOUND,,-0.18659967071071315,
0,4.1498026847839355,1.0003000497817993,19.119964599609375,19.76238250732422,3.084534249996068,5.317610277713594,-4.018993854522705,201,3,15,1,NOMINAL_OUTSIDE_CERTIFIED_SET,26.12677764892578,OUTBOUND,-0.10080360621213913,-0.21294715073494436,
0,4.235230445861816,1.0006004571914673,18.128673553466797,18.752887725830078,3.099197406001622,5.305323090821351,-4.072514533996582,202,3,16,1,NOMINAL_OUTSIDE_CERTIFIED_SET,25.64459228515625,OUTBOUND,-0.13184353709220886,-0.25148158191508246,
0,4.164568901062012,1.0008999109268188,19.30272674560547,19.931961059570312,3.115359054005239,5.293012481543948,-3.970848560333252,203,3,17,1,INSUFFICIENT_RECOVERY_RESERVE,26.766075134277344,OUTBOUND,-0.1618155688047409,-0.27852245277569115,
0,4.23781156539917,1.0011996030807495,17.215532302856445,17.79267120361328,3.1306721000000834,5.28071851963341,-4.012535572052002,204,3,18,1,NOMINAL_OUTSIDE_CERTIFIED_SET,25.01120376586914,OUTBOUND,-0.19278433918952942,-0.3049660844525275,
0,4.239675521850586,1.001499056816101,16.617162704467773,17.1294002532959,3.1447013709985185,5.268400297745673,-3.983858108520508,205,3,19,1,INSUFFICIENT_RECOVERY_RESERVE,25.54241943359375,OUTBOUND,-0.22072486579418182,-0.3298805168951046,
0,4.3061909675598145,1.0017988681793213,17.300579071044922,17.773313522338867,3.283879146008985,5.256115798602012,-4.019782543182373,206,3,20,1,INSUFFICIENT_RECOVERY_RESERVE,26.630943298339844,OUTBOUND,-0.2504994571208954,-0.3144386282372354,
0,4.251519203186035,1.002097487449646,16.237850189208984,16.661012649536133,3.3050619039859157,5.243842729400656,-3.931447982788086,207,3,21,1,NOMINAL_OUTSIDE_CERTIFIED_SET,26.80691146850586,OUTBOUND,-0.28252390027046204,-0.3355156470291885,
0,4.2385711669921875,1.002394676208496,16.298385620117188,16.650468826293945,3.3236465379886795,5.231548288867955,-3.8889899253845215,208,3,22,1,INSUFFICIENT_RECOVERY_RESERVE,27.52923583984375,OUTBOUND,-0.310335248708725,-0.3553865397544349,
0,4.3199663162231445,1.002691626548767,16.288358688354492,16.583194732666016,3.347323725000024,5.219267457746112,-3.937419891357422,209,3,23,1,NOMINAL_OUTSIDE_CERTIFIED_SET,28.01327896118164,OUTBOUND,-0.3420100212097168,-0.37479601508292687,
0,4.356016159057617,1.0029884576797485,15.943842887878418,16.148557662963867,3.3681856519833673,5.206964059424289,-3.9366135597229004,210,3,24,1,INSUFFICIENT_RECOVERY_RESERVE,28.498319625854492,OUTBOUND,-0.3742130398750305,-0.3929078890824257,
0,4.448048114776611,1.0032862424850464,16.838903427124023,16.965057373046875,3.3894877060083672,5.194676268287227,-3.9903507232666016,211,3,25,1,NOMINAL_OUTSIDE_CERTIFIED_SET,30.184877395629883,OUTBOUND,-0.40711477398872375,-0.41044534263582916,
0,4.469001293182373,1.0035841464996338,14.967153549194336,15.00719928741455,3.4046280260081403,5.182364086072448,-3.9635868072509766,212,3,26,1,INSUFFICIENT_RECOVERY_RESERVE,29.227989196777344,OUTBOUND,-0.45007818937301636,-0.4266907281369272,
0,4.546156406402588,1.0038830041885376,15.326786994934082,15.254508972167969,3.4192689929914195,5.170081324432823,-3.9984073638916016,213,3,27,1,NOMINAL_OUTSIDE_CERTIFIED_SET,30.7060489654541,OUTBOUND,-0.4906567335128784,-0.4364858330834638,
0,4.4561448097229,1.004179835319519,14.613418579101562,14.457233428955078,3.4343852789897937,5.157769643632881,-3.8568456172943115,214,3,28,1,INSUFFICIENT_RECOVERY_RESERVE,30.280223846435547,OUTBOUND,-0.5381203293800354,-0.4453183523290392,
1,4.593437671661377,1.00447678565979,13.933789253234863,13.70676326751709,3.45084012998268,5.1454791962477735,-3.948289394378662,215,3,29,0,,30.1220645904541,OUTBOUND,-0.5815133452415466,-0.3963381633072733,
0,4.5808186531066895,1.0047727823257446,14.332021713256836,14.035054206848145,3.4670352849934716,5.133213334856375,-3.885474681854248,216,3,30,1,NOMINAL_OUTSIDE_CERTIFIED_SET,32.0282096862793,OUTBOUND,-0.6271629929542542,-0.37952859485817875,
0,4.727261066436768,1.005069613456726,13.844222068786621,13.476405143737793,3.6015214220096823,5.120917722891231,-3.9743170738220215,217,3,31,1,NOMINAL_OUTSIDE_CERTIFIED_SET,32.34133529663086,OUTBOUND,-0.6797784566879272,-0.4289998966534681,
0,4.696302890777588,1.0053656101226807,13.98473834991455,13.531533241271973,3.619707031000871,5.108606851982695,-3.888923406600952,218,3,32,1,INSUFFICIENT_RECOVERY_RESERVE,34.142555236816406,OUTBOUND,-0.7311758399009705,-0.44590215294060215,
0,4.789368629455566,1.0056614875793457,13.372812271118164,12.795088768005371,3.6428303259890527,5.096311412131568,-3.9187233448028564,219,3,33,1,NOMINAL_OUTSIDE_CERTIFIED_SET,34.474517822265625,OUTBOUND,-0.7919785976409912,-0.46167615452037714,
0,4.835944175720215,1.0059571266174316,12.840999603271484,12.24958324432373,3.6623187079967465,5.083998138334933,-3.912234306335449,220,3,34,1,INSUFFICIENT_RECOVERY_RESERVE,34.2017707824707,OUTBOUND,-0.8417683839797974,-0.4759182107173559,
0,4.843738555908203,1.0062509775161743,12.940728187561035,12.204020500183105,3.68238119900343,5.071701780853078,-3.841644287109375,221,3,35,1,NOMINAL_OUTSIDE_CERTIFIED_SET,36.315147399902344,OUTBOUND,-0.9169977307319641,-0.48919960369380355,
0,4.985515594482422,1.0065451860427856,12.168312072753906,11.32557487487793,3.701701861980837,5.059385148424942,-3.9175918102264404,222,3,36,1,INSUFFICIENT_RECOVERY_RESERVE,35.91960525512695,OUTBOUND,-0.9788047075271606,-0.5012177450514594,
0,5.04963493347168,1.0068395137786865,12.209535598754883,11.294137001037598,3.721177870989777,5.047102110835859,-3.917252540588379,223,3,37,1,INSUFFICIENT_RECOVERY_RESERVE,37.62808609008789,OUTBOUND,-1.0397388935089111,-0.4554611144442637,
1,5.117684364318848,1.0071340799331665,11.533273696899414,10.594199180603027,3.738899396994384,5.034854817034967,-3.915919542312622,224,3,38,0,,37.28313064575195,OUTBOUND,-1.1047582626342773,-0.43538074734836507,
0,5.145591735839844,1.0074278116226196,11.074345588684082,10.037614822387695,3.7524093829852063,5.022554767720063,-3.867794990539551,225,3,39,1,NOMINAL_OUTSIDE_CERTIFIED_SET,38.16217041015625,OUTBOUND,-1.1778085231781006,-0.4749593115830669,
0,5.229127883911133,1.0077210664749146,11.251312255859375,10.12736988067627,3.7668734729813877,5.010241738824412,-3.8805317878723145,226,3,40,1,INSUFFICIENT_RECOVERY_RESERVE,39.6651725769043,OUTBOUND,-1.2440608739852905,-0.488926410957255,
0,5.292439937591553,1.0080134868621826,10.636977195739746,9.443046569824219,3.7816855709825177,4.997944561888765,-3.858156442642212,227,3,41,1,NOMINAL_OUTSIDE_CERTIFIED_SET,39.29103469848633,OUTBOUND,-1.327285647392273,-0.501842044204607,
0,5.399180889129639,1.0083056688308716,9.997149467468262,8.734951972961426,3.7959204759972636,4.985630874877398,-3.881258964538574,228,3,42,1,INSUFFICIENT_RECOVERY_RESERVE,39.3661003112793,OUTBOUND,-1.4056804180145264,-0.5134389074339506,
0,5.514805793762207,1.0085984468460083,9.534196853637695,8.227364540100098,3.811986786982743,4.973356394522469,-3.908428192138672,229,3,43,1,NOMINAL_OUTSIDE_CERTIFIED_SET,38.96635055541992,OUTBOUND,-1.4909923076629639,-0.5098468167988137,
0,5.613039970397949,1.0088917016983032,9.202643394470215,7.773748874664307,3.8270330769883003,4.961071875478968,-3.911017417907715,230,3,44,1,NOMINAL_OUTSIDE_CERTIFIED_SET,40.77863311767578,OUTBOUND,-1.581164836883545,-0.5384901791002755,
0,5.691216468811035,1.0091853141784668,9.08894157409668,7.6087541580200195,3.8462162899959367,4.94877814949841,-3.907123565673828,231,3,45,1,NO_GENERATOR_SET,41.102909088134766,OUTBOUND,-1.6596109867095947,-0.5409602405965098,
0,5.765480995178223,1.0094791650772095,8.794312477111816,7.2920451164245605,3.9677286999940407,4.936470065616269,-3.8972764015197754,232,3,46,1,INSUFFICIENT_RECOVERY_RESERVE,42.17797088623047,OUTBOUND,-1.7391200065612793,-0.5109098539665075,
0,5.865240097045898,1.0097730159759521,8.454123497009277,6.852139949798584,3.982470458984608,4.9241779358975535,-3.8932042121887207,233,3,47,1,NOMINAL_OUTSIDE_CERTIFIED_SET,42.6544303894043,OUTBOUND,-1.8373812437057495,-0.5200306832060637,
0,5.99836540222168,1.010067343711853,8.158794403076172,6.446623802185059,3.998822833003942,4.911859998339853,-3.9124672412872314,234,3,48,1,INSUFFICIENT_RECOVERY_RESERVE,43.172237396240234,OUTBOUND,-1.9470620155334473,-0.5283385231980849,
0,6.042758941650391,1.0103613138198853,7.3063130378723145,5.6465044021606445,4.020068818004802,4.899563962938158,-3.871346950531006,235,3,49,1,NOMINAL_OUTSIDE_CERTIFIED_SET,40.04798889160156,OUTBOUND,-2.032029867172241,-0.5342649821530092,
0,6.195655822753906,1.0106556415557861,7.021574020385742,5.259562969207764,4.035838734998833,4.887240516196829,-3.905663013458252,236,3,50,1,INSUFFICIENT_RECOVERY_RESERVE,42.164695739746094,OUTBOUND,-2.1410610675811768,-0.5396829284080488,
0,6.32907247543335,1.0109508037567139,6.755722999572754,4.944827079772949,4.056937629997265,4.874964733571735,-3.9226269721984863,237,3,51,1,NOMINAL_OUTSIDE_CERTIFIED_SET,42.567901611328125,OUTBOUND,-2.2534611225128174,-0.5248284864279741,
1,6.3984055519104,1.011245846748352,6.311972141265869,4.461206436157227,4.076717160991393,4.862674734262745,-3.884946584701538,238,3,52,0,,41.02482223510742,OUTBOUND,-2.3575053215026855,-0.5282958537333357,
0,6.545105934143066,1.0115411281585693,5.8622894287109375,4.0012359619140625,4.091859489999479,4.850395766290926,-3.9027457237243652,239,3,53,1,NOMINAL_OUTSIDE_CERTIFIED_SET,41.50006103515625,OUTBOUND,-2.482262134552002,-0.5126173665009024,
0,6.69804573059082,1.0118378400802612,5.554559707641602,3.753329277038574,4.10671291599283,4.83812486898113,-3.9443624019622803,240,3,54,1,NOMINAL_OUTSIDE_CERTIFIED_SET,39.22396469116211,OUTBOUND,-2.5889647006988525,-0.4919230942957906,
1,6.795986175537109,1.0121352672576904,5.102420806884766,3.239696979522705,4.123159278999083,4.825866586354088,-3.929943799972534,241,3,55,0,,40.52466583251953,OUTBOUND,-2.698706865310669,-0.45785336182387193,
0,6.892316818237305,1.0124329328536987,4.576832294464111,2.8634960651397705,4.143469551985618,4.813609137606815,-3.9033329486846924,242,3,56,1,NOMINAL_OUTSIDE_CERTIFIED_SET,36.16345977783203,OUTBOUND,-2.8178658485412598,-0.41667916044757997,
0,7.054460525512695,1.0127308368682861,4.03620719909668,2.3306455612182617,4.168271876988001,4.801381669880861,-3.9144928455352783,243,3,57,1,NOMINAL_OUTSIDE_CERTIFIED_SET,35.41426467895508,OUTBOUND,-2.9649415016174316,-0.3729960870139122,
0,7.1650519371032715,1.0130290985107422,4.0040788650512695,2.190718650817871,4.1852658560092095,4.789185020123277,-3.9107441902160645,244,3,58,1,NOMINAL_OUTSIDE_CERTIFIED_SET,38.05129623413086,OUTBOUND,-3.0772931575775146,-0.3275707166758222,
0,7.329922676086426,1.0133283138275146,3.6799404621124268,1.9813494682312012,4.203097460005665,4.777014304897704,-3.938518762588501,245,3,59,1,NOMINAL_OUTSIDE_CERTIFIED_SET,33.524532318115234,OUTBOUND,-3.213179111480713,-0.2825223844716778,
0,7.426815032958984,1.0136278867721558,3.2833495140075684,1.6392650604248047,4.319228296983056,4.764868603276096,-3.9137377738952637,246,3,60,1,NOMINAL_OUTSIDE_CERTIFIED_SET,33.607521057128906,OUTBOUND,-3.329813003540039,-0.23939900131608233,
0,7.574003219604492,1.0139280557632446,2.9046692848205566,1.3452705144882202,4.33677624099073,4.752745172131937,-3.932269811630249,247,3,61,1,NOMINAL_OUTSIDE_CERTIFIED_SET,31.764802932739258,OUTBOUND,-3.459785223007202,-0.19926956300021678,
0,7.612824440002441,1.0142265558242798,2.470045804977417,1.0687822103500366,4.352868162008235,4.740642757747195,-3.8448474407196045,248,3,62,1,NOMINAL_OUTSIDE_CERTIFIED_SET,29.047449111938477,OUTBOUND,-3.5835378170013428,-0.1628107232561591,
0,7.775793075561523,1.014524221420288,2.242860794067383,0.8987377882003784,4.3671200329845306,4.728559611688737,-3.870429039001465,249,3,63,1,NOMINAL_OUTSIDE_CERTIFIED_SET,27.68363380432129,OUTBOUND,-3.7206153869628906,-0.13038559294922,
1,7.925615310668945,1.0148217678070068,1.908919334411621,0.6008403897285461,4.386489858996356,4.716486165400677,-3.8894755840301514,250,3,64,0,,27.71819305419922,FAILURE,-3.847437858581543,-0.10050719811610982,
0,8.07290267944336,1.0151199102401733,1.6595077514648438,0.7517712712287903,4.414666979981121,5.4879676,-3.9158849716186523,251,4,1,1,NOMINAL_OUTSIDE_CERTIFIED_SET,19.33165168762207,OUTBOUND,-3.9752683639526367,-0.01020132358994201,
0,8.217231750488281,1.0154192447662354,1.5768076181411743,0.7355997562408447,4.431685646006372,5.4758992,-3.9371254444122314,252,4,2,1,NOMINAL_OUTSIDE_CERTIFIED_SET,18.529945373535156,OUTBOUND,-4.101738452911377,-0.01133557945106046,
1,8.32126522064209,1.0157181024551392,1.158305287361145,0.47071242332458496,4.451094349002233,5.46382230336478,-3.8863112926483154,253,4,3,0,,16.309261322021484,OUTBOUND,-4.2619428634643555,-0.02407697785982413,
0,8.434443473815918,1.0160173177719116,0.8569127321243286,0.18137390911579132,4.469604673009599,5.45169586135029,-3.9078540802001953,254,4,4,1,NOMINAL_OUTSIDE_CERTIFIED_SET,17.14414405822754,OUTBOUND,-4.357255935668945,-0.036526630499094735,
1,8.52992057800293,1.0163172483444214,0.8766031861305237,0.34306925535202026,4.488663691008696,5.439544906200329,-3.926351547241211,255,4,5,0,,14.652835845947266,OUTBOUND,-4.439231872558594,-0.018769760901600336,
0,8.634061813354492,1.0166175365447998,1.1080838441848755,0.9694768786430359,4.5109103999857325,5.427398382786137,-3.915114641189575,256,4,6,1,NOMINAL_OUTSIDE_CERTIFIED_SET,9.954899787902832,OUTBOUND,-4.572842597961426,-0.008686389394875193,
1,8.668752670288086,1.0169177055358887,0.8184636831283569,0.6665827035903931,4.648788702004822,5.415242400299724,-3.893491268157959,257,4,7,0,,9.817821502685547,OUTBOUND,-4.6334919929504395,-0.043424381698278516,
0,8.76937198638916,1.017217755317688,0.2978582978248596,0.11770699173212051,4.6649017710005865,5.403062486659958,-3.899888753890991,258,4,8,1,NOMINAL_OUTSIDE_CERTIFIED_SET,10.405584335327148,OUTBOUND,-4.7356343269348145,-0.07568068680858897,
0,8.743302345275879,1.017516016960144,0.6810044050216675,0.707591712474823,4.682823835988529,5.390850195358933,-3.834578037261963,259,4,9,1,NOMINAL_OUTSIDE_CERTIFIED_SET,9.217179298400879,OUTBOUND,-4.7882537841796875,-0.09845976918412964,
0,8.853135108947754,1.0178148746490479,0.9250104427337646,1.0705211162567139,4.6994042939913925,5.378604933378785,-3.909168243408203,260,4,10,1,NOMINAL_OUTSIDE_CERTIFIED_SET,10.456088066101074,OUTBOUND,-4.833998680114746,-0.13090134260891972,
0,8.8723726272583,1.0181138515472412,0.4543510675430298,0.5700692534446716,4.717915115004871,5.366342510899623,-3.900853157043457,261,4,11,1,NOMINAL_OUTSIDE_CERTIFIED_SET,8.769354820251465,OUTBOUND,-4.8706955909729,-0.17036559184584424,
0,8.908445358276367,1.0184133052825928,0.363148033618927,0.4645651876926422,4.741949707997264,5.3540707303725785,-3.909580945968628,262,4,12,1,NOMINAL_OUTSIDE_CERTIFIED_SET,8.063838005065918,OUTBOUND,-4.907020092010498,-0.20844544799137948,
0,8.884468078613281,1.0187122821807861,0.4223432242870331,0.6057792901992798,4.75892580699292,5.34179322468958,-3.879692316055298,263,4,13,1,NOMINAL_OUTSIDE_CERTIFIED_SET,10.49419116973877,OUTBOUND,-4.923905849456787,-0.23811750620972402,
0,8.891329765319824,1.0190114974975586,0.38099491596221924,0.5099728107452393,4.772309122985462,5.329501231243161,-3.8972647190093994,264,4,14,1,INSUFFICIENT_RECOVERY_RESERVE,9.046711921691895,OUTBOUND,-4.915582180023193,-0.24982181704651593,
0,8.973918914794922,1.0193116664886475,0.41284921765327454,0.540695071220398,4.791628164995927,5.317222805690755,-3.9254307746887207,265,4,15,1,NOMINAL_OUTSIDE_CERTIFIED_SET,10.23998737335205,OUTBOUND,-4.979281425476074,-0.27638303778518836,
0,8.95566463470459,1.0196123123168945,0.44234636425971985,0.5533455014228821,4.803875216981396,5.30492008993032,-3.9120309352874756,266,4,16,1,INSUFFICIENT_RECOVERY_RESERVE,10.812858581542969,OUTBOUND,-4.9790239334106445,-0.30173159329844734,
1,8.935275077819824,1.0199137926101685,0.466937392950058,0.5214753746986389,4.823628402984468,5.292630738362846,-3.9274580478668213,267,4,17,0,,9.544756889343262,OUTBOUND,-4.931362152099609,-0.30653377642945157,
0,8.912602424621582,1.0202152729034424,0.1721457988023758,0.22572360932826996,4.840246498002671,5.280349146247231,-3.8988749980926514,268,4,18,1,NOMINAL_OUTSIDE_CERTIFIED_SET,7.003853797912598,OUTBOUND,-4.938877105712891,-0.3372950363958924,
0,8.934444427490234,1.0205174684524536,0.13333219289779663,0.1656622737646103,4.858335573982913,5.268055603435815,-3.923609495162964,269,4,19,1,INSUFFICIENT_RECOVERY_RESERVE,6.5300445556640625,OUTBOUND,-4.927543640136719,-0.3491267594266968,
0,8.9352445602417,1.0208202600479126,0.46101149916648865,0.4428290128707886,4.877316644997336,5.2557734277905555,-3.924379587173462,270,4,20,1,NOMINAL_OUTSIDE_CERTIFIED_SET,8.948099136352539,OUTBOUND,-4.929081916809082,-0.3620733695595253,
0,9.006176948547363,1.0211246013641357,0.15279227495193481,0.13011418282985687,4.893945591989905,5.2434761204850435,-3.95707368850708,271,4,21,1,INSUFFICIENT_RECOVERY_RESERVE,7.048496723175049,OUTBOUND,-4.9593048095703125,-0.3749498108825528,
0,8.982501029968262,1.0214298963546753,0.844412624835968,0.7286909818649292,4.909061546990415,5.23119205077125,-3.93945574760437,272,4,22,1,NOMINAL_OUTSIDE_CERTIFIED_SET,12.47311019897461,OUTBOUND,-4.958120822906494,-0.3886499684130998,
0,8.933476448059082,1.0217349529266357,0.4302820563316345,0.37541937828063965,5.015559724008199,5.218890103954921,-3.9024417400360107,273,4,23,1,INSUFFICIENT_RECOVERY_RESERVE,6.927669048309326,OUTBOUND,-4.9497785568237305,-0.4019262069389816,
0,8.94910717010498,1.0220392942428589,0.22358162701129913,0.14597287774085999,5.031262311007595,5.206603201930521,-3.8909213542938232,274,4,24,1,NOMINAL_OUTSIDE_CERTIFIED_SET,8.707460403442383,OUTBOUND,-4.981187343597412,-0.4157359902750593,
0,8.93140697479248,1.022343635559082,0.11264526844024658,0.10592877119779587,5.043217769998591,5.1942927060931305,-3.905133008956909,275,4,25,1,INSUFFICIENT_RECOVERY_RESERVE,4.465697288513184,OUTBOUND,-4.950427532196045,-0.4288728771324835,
0,8.923739433288574,1.0226479768753052,0.09545323997735977,0.13429702818393707,5.063223059987649,5.182017120018254,-3.905198097229004,276,4,26,1,NOMINAL_OUTSIDE_CERTIFIED_SET,3.8500165939331055,OUTBOUND,-4.940768718719482,-0.432875946727689,
0,8.96513557434082,1.0229538679122925,0.7731471061706543,0.6606028079986572,5.083674987981794,5.169727912551855,-3.963066577911377,277,4,27,1,NO_GENERATOR_SET,7.323783874511719,OUTBOUND,-4.925254821777344,-0.4642707026389733,
0,8.878713607788086,1.0232590436935425,0.53775954246521,0.46561136841773987,5.103731221985072,5.157430179583412,-3.885963201522827,278,4,28,1,NO_GENERATOR_SET,6.972171783447266,OUTBOUND,-4.922577857971191,-0.47348915478994263,
0,8.833678245544434,1.0235629081726074,0.8084862232208252,0.7046651840209961,5.114642962988,5.14511635047362,-3.862873077392578,279,4,29,1,INSUFFICIENT_RECOVERY_RESERVE,6.624208927154541,OUTBOUND,-4.902681827545166,-0.4532729450403081,
0,8.872322082519531,1.0238674879074097,0.3999619781970978,0.4269566535949707,5.129857552004978,5.132819887216726,-3.929064989089966,280,4,30,1,NOMINAL_OUTSIDE_CERTIFIED_SET,4.363064289093018,OUTBOUND,-4.870755672454834,-0.4661193721583739,
0,8.858198165893555,1.0241726636886597,0.0806993693113327,0.13826647400856018,5.140491291007493,5.120497828067512,-3.9295217990875244,281,4,31,1,INSUFFICIENT_RECOVERY_RESERVE,4.212146759033203,OUTBOUND,-4.853145122528076,-0.47798256646650905,
0,8.823330879211426,1.0244780778884888,0.3918766677379608,0.4052852690219879,5.154565308999736,5.108209910437273,-3.911677598953247,282,4,32,1,INSUFFICIENT_RECOVERY_RESERVE,3.8571135997772217,OUTBOUND,-4.835799217224121,-0.43605037959019644,
0,8.786362648010254,1.0247831344604492,0.39782050251960754,0.42447835206985474,5.173578143003397,5.095934062805037,-3.8974108695983887,283,4,33,1,NOMINAL_OUTSIDE_CERTIFIED_SET,3.935079574584961,OUTBOUND,-4.810595989227295,-0.4489426995423733,
0,8.77277660369873,1.0250873565673828,0.4630429446697235,0.45563191175460815,5.1858822159993,5.083635889408932,-3.8810794353485107,284,4,34,1,INSUFFICIENT_RECOVERY_RESERVE,3.4224932193756104,OUTBOUND,-4.81237268447876,-0.4608302684416799,
0,8.851943016052246,1.0253932476043701,0.4599807560443878,0.46581634879112244,5.2038384639890864,5.071351971317821,-3.9573190212249756,285,4,35,1,NOMINAL_OUTSIDE_CERTIFIED_SET,3.027935743331909,OUTBOUND,-4.810579299926758,-0.47268510715236917,
0,8.806062698364258,1.025700569152832,0.7775611877441406,0.7666517496109009,5.324984701001085,5.059044784144806,-3.9571309089660645,286,4,36,1,INSUFFICIENT_RECOVERY_RESERVE,2.2620160579681396,OUTBOUND,-4.761991024017334,-0.48357958603860246,
0,8.78211784362793,1.0260082483291626,0.39344358444213867,0.4128202497959137,5.342273855989333,5.046753831152161,-3.9244587421417236,287,4,37,1,NOMINAL_OUTSIDE_CERTIFIED_SET,3.7978100776672363,OUTBOUND,-4.767335891723633,-0.49438014339245484,
0,8.771265029907227,1.0263161659240723,0.07531210780143738,0.12981167435646057,5.362906036985805,5.034438652935316,-3.923525810241699,288,4,38,1,INSUFFICIENT_RECOVERY_RESERVE,5.584956645965576,OUTBOUND,-4.753790855407715,-0.5042820399974233,
0,8.77010726928711,1.0266242027282715,0.43253064155578613,0.44760194420814514,5.375793408980826,5.022156884421135,-3.9203250408172607,289,4,39,1,INSUFFICIENT_RECOVERY_RESERVE,4.716630458831787,OUTBOUND,-4.750400543212891,-0.45748168281679696,
1,8.767847061157227,1.0269324779510498,0.5069696307182312,0.5349736213684082,5.392777567991288,5.00991160242133,-3.922333240509033,290,4,40,0,,4.287398338317871,OUTBOUND,-4.742807388305664,-0.4344353524330999,
0,8.783564567565918,1.02724027633667,0.42947128415107727,0.42718416452407837,5.415080845006742,4.997625430706254,-3.9020614624023438,291,4,41,1,NOMINAL_OUTSIDE_CERTIFIED_SET,3.867800235748291,OUTBOUND,-4.7709760665893555,-0.4642751107921302,
0,8.708148956298828,1.0275461673736572,0.4677514433860779,0.4728533625602722,5.437099269009195,4.9853348689127515,-3.848238945007324,292,4,42,1,NOMINAL_OUTSIDE_CERTIFIED_SET,4.693511486053467,OUTBOUND,-4.748473167419434,-0.5086994456479441,
0,8.811969757080078,1.027853012084961,0.4376378357410431,0.43746182322502136,5.452175535989227,4.973041646005477,-3.9381179809570312,293,4,43,1,NOMINAL_OUTSIDE_CERTIFIED_SET,4.430473804473877,OUTBOUND,-4.752077579498291,-0.5241207961533798,
0,8.823055267333984,1.0281599760055542,0.1374937891960144,0.14419448375701904,5.465682721987832,4.960734990936076,-3.9145615100860596,294,4,44,1,INSUFFICIENT_RECOVERY_RESERVE,8.23249626159668,OUTBOUND,-4.78602933883667,-0.5006648642577743,
1,8.807336807250977,1.028465986251831,0.44467052817344666,0.42465177178382874,5.480166369001381,4.948442295996051,-3.8772454261779785,295,4,45,0,,5.911853313446045,OUTBOUND,-4.803256511688232,-0.45614317484515116,
0,8.826651573181152,1.0287714004516602,0.45209842920303345,0.4309854805469513,5.499025651981356,4.936166150316967,-3.8845152854919434,296,4,46,1,NOMINAL_OUTSIDE_CERTIFIED_SET,6.181660175323486,OUTBOUND,-4.810537815093994,-0.46912835513741674,
1,8.858835220336914,1.029076337814331,0.43648064136505127,0.41648003458976746,5.621330422989558,4.923869394434644,-3.8919153213500977,297,4,47,0,,4.95319128036499,OUTBOUND,-4.833122730255127,-0.4737528800064261,
1,8.880128860473633,1.0293805599212646,0.13143303990364075,0.1104220524430275,5.637126986985095,4.91161626367795,-3.8729963302612305,298,4,48,0,,8.336085319519043,OUTBOUND,-4.869568824768066,-0.4611836635933308,
0,8.926491737365723,1.0296847820281982,0.7679543495178223,0.7357756495475769,5.649239491991466,4.89934886891992,-3.8989837169647217,299,4,49,1,NOMINAL_OUTSIDE_CERTIFIED_SET,1.9829576015472412,OUTBOUND,-4.889284610748291,-0.5018306802396867,
0,8.942377090454102,1.0299885272979736,0.774027943611145,0.7301626205444336,5.663601882988587,4.887069587881737,-3.8843584060668945,300,4,50,1,NOMINAL_OUTSIDE_CERTIFIED_SET,2.2740793228149414,OUTBOUND,-4.920827865600586,-0.5362650405700374,
0,8.984668731689453,1.0302929878234863,0.4454467296600342,0.4207657277584076,5.678913176001515,4.874782565639041,-3.9149112701416016,301,4,51,1,NO_GENERATOR_SET,4.52811861038208,OUTBOUND,-4.932579517364502,-0.5431332663208726,
0,9.019681930541992,1.0305976867675781,0.12877193093299866,0.11197647452354431,5.700145923998207,4.862495112402129,-3.906520366668701,302,4,52,1,NOMINAL_OUTSIDE_CERTIFIED_SET,5.358370780944824,OUTBOUND,-4.974339962005615,-0.5292498686228289,
0,9.02822494506836,1.03090238571167,0.13546226918697357,0.12918858230113983,5.721226094989106,4.850215258649769,-3.898913621902466,303,4,53,1,NOMINAL_OUTSIDE_CERTIFIED_SET,3.968169689178467,OUTBOUND,-4.986792087554932,-0.5004298533978209,
1,9.020889282226562,1.0312069654464722,0.11100433766841888,0.10372776538133621,5.743834516993957,4.837948226216694,-3.892681121826172,304,4,54,0,,6.627523899078369,OUTBOUND,-4.985681533813477,-0.46010022608465434,
0,9.11686897277832,1.03151273727417,0.4297717809677124,0.4156268239021301,5.7643043429998215,4.825697592702443,-3.9376847743988037,305,4,55,1,NOMINAL_OUTSIDE_CERTIFIED_SET,2.4352428913116455,OUTBOUND,-5.034141540527344,-0.4141579306379269,
0,9.08979606628418,1.0318183898925781,0.436754047870636,0.42765533924102783,5.781055191997439,4.813473403956048,-3.89455246925354,306,4,56,1,NOMINAL_OUTSIDE_CERTIFIED_SET,2.8416941165924072,OUTBOUND,-5.052067756652832,-0.36710526394559667,
0,9.142263412475586,1.0321251153945923,0.4339314103126526,0.4438523054122925,5.797218583000358,4.801277369975011,-3.936210870742798,307,4,57,1,NOMINAL_OUTSIDE_CERTIFIED_SET,1.167820692062378,OUTBOUND,-5.059391975402832,-0.3194646288233802,
0,9.177391052246094,1.0324331521987915,0.0867953673005104,0.0890917181968689,5.813742475991603,4.789109696405246,-3.944384813308716,308,4,58,1,NOMINAL_OUTSIDE_CERTIFIED_SET,4.707365989685059,OUTBOUND,-5.0855255126953125,-0.2731094027650577,
0,9.197285652160645,1.032741904258728,0.438028484582901,0.4337381422519684,5.8288502499926835,4.776969398458423,-3.9311532974243164,309,4,59,1,NOMINAL_OUTSIDE_CERTIFIED_SET,1.4136238098144531,OUTBOUND,-5.122550010681152,-0.2293801647918236,
1,9.159704208374023,1.0330500602722168,0.44164153933525085,0.4305756688117981,5.843170762003865,4.764857581100679,-3.8898799419403076,310,4,60,0,,1.51589834690094,OUTBOUND,-5.1274638175964355,-0.20509931166760167,
0,9.250408172607422,1.0333597660064697,0.11074674129486084,0.12009136378765106,5.857733690994792,4.752718915564668,-3.9535491466522217,311,4,61,1,NOMINAL_OUTSIDE_CERTIFIED_SET,5.254696846008301,OUTBOUND,-5.148972034454346,-0.18024722911486546,
0,9.201168060302734,1.033668875694275,0.44028735160827637,0.43717941641807556,5.984501367987832,4.740613864858123,-3.8978190422058105,312,4,62,1,NOMINAL_OUTSIDE_CERTIFIED_SET,1.2336851358413696,OUTBOUND,-5.155043601989746,-0.13980590603196186,
0,9.215120315551758,1.03397798538208,1.2095239162445068,1.1732572317123413,5.999810706009157,4.728537290339627,-3.907208204269409,313,4,63,1,NOMINAL_OUTSIDE_CERTIFIED_SET,5.449029922485352,FAILURE,-5.164750099182129,-0.10522314898988117,
0,9.21440315246582,1.0342862606048584,0.8432432413101196,0.8324854373931885,6.018612415005919,5.4879676,-3.883575916290283,314,5,1,1,NOMINAL_OUTSIDE_CERTIFIED_SET,5.175412178039551,OUTBOUND,-5.192787170410156,-0.01020132358994201,
0,9.29206371307373,1.0345957279205322,0.43061909079551697,0.4243662655353546,6.035036080982536,5.4758992,-3.9446539878845215,315,5,2,1,NOMINAL_OUTSIDE_CERTIFIED_SET,1.5031009912490845,OUTBOUND,-5.208382606506348,-0.01133557945106046,
0,9.218339920043945,1.0349041223526,0.8623718023300171,0.8389533162117004,6.051078680000501,5.4637948,-3.8741440773010254,316,5,3,1,NOMINAL_OUTSIDE_CERTIFIED_SET,1.0501880645751953,OUTBOUND,-5.203697204589844,-0.015383460743156973,
0,9.252423286437988,1.0352123975753784,1.3047447204589844,1.2358601093292236,6.067825481994078,5.4516544,-3.9020497798919678,317,5,4,1,NOMINAL_OUTSIDE_CERTIFIED_SET,5.3498711585998535,OUTBOUND,-5.2172675132751465,-0.024272287792003466,
0,9.244852066040039,1.035520315170288,0.09026819467544556,0.11897864192724228,6.082609275996219,5.439477999999999,-3.8933475017547607,318,5,5,1,NOMINAL_OUTSIDE_CERTIFIED_SET,1.9664455652236938,OUTBOUND,-5.216113090515137,-0.03987839345533087,
0,9.261664390563965,1.0358283519744873,0.8268265128135681,0.7948212027549744,6.105065273004584,5.427265599999999,-3.905968189239502,319,5,6,1,NOMINAL_OUTSIDE_CERTIFIED_SET,1.1602842807769775,OUTBOUND,-5.218029022216797,-0.06395244360685569,
0,9.315714836120605,1.0361378192901611,0.4564419388771057,0.4546372890472412,6.128596597001888,5.415017199999999,-3.9497506618499756,320,5,7,1,NOMINAL_OUTSIDE_CERTIFIED_SET,0.7379363775253296,OUTBOUND,-5.223815441131592,-0.09799918910060242,
0,9.250100135803223,1.0364468097686768,0.8399943113327026,0.8144667744636536,6.143246177001856,5.402738487366399,-3.8912172317504883,321,5,8,1,NOMINAL_OUTSIDE_CERTIFIED_SET,1.1097604036331177,OUTBOUND,-5.216916084289551,-0.14220157181939536,
0,9.230428695678711,1.0367543697357178,0.07464303076267242,0.10404545068740845,6.154540552000981,5.390433537552063,-3.8606951236724854,322,5,9,1,INSUFFICIENT_RECOVERY_RESERVE,4.462752342224121,OUTBOUND,-5.223808765411377,-0.1755512253218198,
0,9.236675262451172,1.0370604991912842,0.4652058184146881,0.4661371409893036,6.171902072994271,5.378173652103816,-3.8575754165649414,323,5,10,1,NOMINAL_OUTSIDE_CERTIFIED_SET,2.3887155055999756,OUTBOUND,-5.2330403327941895,-0.1997815959393686,
0,9.28413200378418,1.0373668670654297,0.46824026107788086,0.45527952909469604,6.1859365349810105,5.365905309934801,-3.9019076824188232,324,5,11,1,NOMINAL_OUTSIDE_CERTIFIED_SET,0.6802338361740112,OUTBOUND,-5.23296594619751,-0.2316950934574165,
0,9.286327362060547,1.0376735925674438,0.8459628224372864,0.8257167935371399,6.313947371003451,5.353619800265341,-3.9046518802642822,325,5,12,1,INSUFFICIENT_RECOVERY_RESERVE,1.0055005550384521,OUTBOUND,-5.232092380523682,-0.24446120686506964,
1,9.300325393676758,1.037980318069458,0.07970152050256729,0.10621984302997589,6.336119251995115,5.341369946240182,-3.896404504776001,326,5,13,0,,5.618823051452637,OUTBOUND,-5.251386642456055,-0.2697996256734537,
0,9.255800247192383,1.038285255432129,0.45692771673202515,0.4544639587402344,6.348977993999142,5.329067339773318,-3.8424878120422363,327,5,14,1,NOMINAL_OUTSIDE_CERTIFIED_SET,1.792090892791748,OUTBOUND,-5.26019287109375,-0.3207150746291051,
0,9.344488143920898,1.0385915040969849,1.2405455112457275,1.1832035779953003,6.358938352990663,5.316748692999202,-3.9294047355651855,328,5,15,1,INSUFFICIENT_RECOVERY_RESERVE,1.5033984184265137,OUTBOUND,-5.255860805511475,-0.3386236633251907,
0,9.354781150817871,1.0388988256454468,0.4897904396057129,0.4955989718437195,6.373678892996395,5.304447000249119,-3.9256906509399414,329,5,16,1,NOMINAL_OUTSIDE_CERTIFIED_SET,3.244476079940796,OUTBOUND,-5.269708633422852,-0.3566353411097962,
0,9.365901947021484,1.039207100868225,0.49297547340393066,0.4945193827152252,6.388740444992436,5.292126858345517,-3.930250644683838,330,5,17,1,INSUFFICIENT_RECOVERY_RESERVE,4.459465026855469,OUTBOUND,-5.27528715133667,-0.37395797870066017,
0,9.389079093933105,1.0395162105560303,0.5318993926048279,0.5228695869445801,6.4002006920054555,5.279840627857753,-3.9236581325531006,331,5,18,1,INSUFFICIENT_RECOVERY_RESERVE,4.001167297363281,OUTBOUND,-5.298986911773682,-0.3508503920851535,
0,9.417144775390625,1.0398263931274414,0.48723894357681274,0.480884313583374,6.415086113003781,5.267565652182196,-3.9377198219299316,332,5,19,1,NOMINAL_OUTSIDE_CERTIFIED_SET,3.131399631500244,OUTBOUND,-5.310013771057129,-0.36632812570043677,
0,9.414255142211914,1.0401369333267212,0.5061368346214294,0.49480748176574707,6.431677577988012,5.255273672560028,-3.914418935775757,333,5,20,1,INSUFFICIENT_RECOVERY_RESERVE,2.710493326187134,OUTBOUND,-5.328282833099365,-0.3812301158201715,
0,9.418841361999512,1.0404472351074219,0.507460355758667,0.4996863305568695,6.4519228450080846,5.242994839158311,-3.901867389678955,334,5,21,1,NOMINAL_OUTSIDE_CERTIFIED_SET,3.1823229789733887,OUTBOUND,-5.344407558441162,-0.39644929782359345,
0,9.412759780883789,1.0407572984695435,0.878247857093811,0.8478778004646301,6.470996621996164,5.230693890492903,-3.8939640522003174,335,5,22,1,INSUFFICIENT_RECOVERY_RESERVE,1.9177331924438477,OUTBOUND,-5.345237731933594,-0.4108800795534003,
0,9.442445755004883,1.0410666465759277,0.07230794429779053,0.08649997413158417,6.596006348001538,5.218409918183342,-3.8855137825012207,336,5,23,1,NOMINAL_OUTSIDE_CERTIFIED_SET,4.671171188354492,OUTBOUND,-5.382537841796875,-0.4246520292486677,
0,9.513971328735352,1.0413771867752075,0.061596471816301346,0.0653257966041565,6.611018666008022,5.20609853812435,-3.9352989196777344,337,5,24,1,INSUFFICIENT_RECOVERY_RESERVE,5.276461124420166,OUTBOUND,-5.394288539886475,-0.4375459822284613,
0,9.55408000946045,1.0416887998580933,0.08189478516578674,0.09308350086212158,6.6269617269863375,5.193832076529657,-3.9413394927978516,338,5,25,1,NOMINAL_OUTSIDE_CERTIFIED_SET,6.044589519500732,OUTBOUND,-5.426150321960449,-0.43307773011590395,
0,9.55509090423584,1.0420010089874268,0.9138473868370056,0.8773379325866699,6.6415558669832535,5.181554898888062,-3.923067092895508,339,5,26,1,NOMINAL_OUTSIDE_CERTIFIED_SET,1.3252601623535156,OUTBOUND,-5.4475908279418945,-0.4506541556625717,
0,9.477344512939453,1.0423107147216797,0.5139466524124146,0.5059711933135986,6.653721924987622,5.169257756344296,-3.8339858055114746,340,5,27,1,INSUFFICIENT_RECOVERY_RESERVE,4.003968238830566,OUTBOUND,-5.460564613342285,-0.43491695484016174,
0,9.567193984985352,1.0426206588745117,0.879308819770813,0.84356689453125,6.667172163986834,5.156974625697575,-3.9064230918884277,341,5,28,1,NOMINAL_OUTSIDE_CERTIFIED_SET,1.5324074029922485,OUTBOUND,-5.478252410888672,-0.4481334010269778,
0,9.528600692749023,1.0429285764694214,0.4928070604801178,0.47243571281433105,6.678699905984104,5.144667586553648,-3.8405652046203613,342,5,29,1,INSUFFICIENT_RECOVERY_RESERVE,3.5846924781799316,OUTBOUND,-5.506180286407471,-0.4603709126256386,
1,9.657764434814453,1.0432381629943848,0.9295634627342224,0.8996931910514832,6.69913278700551,5.132373938398959,-3.9443140029907227,343,5,30,0,,4.393222808837891,OUTBOUND,-5.53214168548584,-0.4049643534489022,
0,9.657645225524902,1.0435484647750854,0.5113004446029663,0.49740925431251526,6.718252102989936,5.120083241360101,-3.9251294136047363,344,5,31,1,NOMINAL_OUTSIDE_CERTIFIED_SET,2.6615355014801025,OUTBOUND,-5.550543785095215,-0.40796236295782734,
0,9.700911521911621,1.043860673904419,0.05642173811793327,0.06803619861602783,6.732545951002976,5.10778204742821,-3.9561445713043213,345,5,32,1,INSUFFICIENT_RECOVERY_RESERVE,4.045246124267578,OUTBOUND,-5.557094097137451,-0.42577393968818406,
0,9.685338973999023,1.044173240661621,0.08811622858047485,0.09983790665864944,6.752410362008959,5.0954929699050595,-3.9240548610687256,346,5,33,1,NOMINAL_OUTSIDE_CERTIFIED_SET,7.034790992736816,OUTBOUND,-5.570276260375977,-0.4426386209699384,
0,9.703701972961426,1.0444862842559814,0.5292900800704956,0.5220485925674438,6.7659293900069315,5.083190464296636,-3.922222137451172,347,5,34,1,INSUFFICIENT_RECOVERY_RESERVE,3.09238600730896,OUTBOUND,-5.585909843444824,-0.4578207591196611,
0,9.716391563415527,1.0447988510131836,0.5003474354743958,0.48404085636138916,6.788268889999017,5.070901650392254,-3.890348196029663,348,5,35,1,NOMINAL_OUTSIDE_CERTIFIED_SET,0.759512722492218,OUTBOUND,-5.63426399230957,-0.4721465354714274,
0,9.73009967803955,1.0451112985610962,0.5075867772102356,0.4935964345932007,6.801035423995927,5.058596319807664,-3.907630443572998,349,5,36,1,INSUFFICIENT_RECOVERY_RESERVE,1.8390476703643799,OUTBOUND,-5.630315780639648,-0.48506683220882457,
0,9.76651668548584,1.0454237461090088,0.11282473057508469,0.12285563349723816,6.818625763989985,5.046306295364951,-3.906198501586914,350,5,37,1,NOMINAL_OUTSIDE_CERTIFIED_SET,3.907404661178589,OUTBOUND,-5.664383888244629,-0.49725155502214474,
0,9.758096694946289,1.045735239982605,0.07914464175701141,0.09600241482257843,6.924333689996274,5.033995578003927,-3.8762621879577637,351,5,38,1,INSUFFICIENT_RECOVERY_RESERVE,5.921039581298828,OUTBOUND,-5.683849811553955,-0.5082662596010984,
0,9.792019844055176,1.0460468530654907,1.3993096351623535,1.347022294998169,6.940048199001467,5.021716407994467,-3.909026861190796,352,5,39,1,NOMINAL_OUTSIDE_CERTIFIED_SET,9.186380386352539,OUTBOUND,-5.694104194641113,-0.5101592949959255,
0,9.802213668823242,1.046358346939087,0.5282750129699707,0.5273941159248352,6.959884556999896,5.009425607958344,-3.898375988006592,353,5,40,1,NO_GENERATOR_SET,1.158219814300537,OUTBOUND,-5.7127366065979,-0.5478583698687017,
0,9.84899616241455,1.0466707944869995,0.05284444987773895,0.06518763303756714,6.981515819003107,4.997124794030748,-3.9311699867248535,354,5,41,1,NO_GENERATOR_SET,4.882580280303955,OUTBOUND,-5.72115421295166,-0.556874405357635,
0,9.881570816040039,1.0469841957092285,0.5260076522827148,0.517706573009491,6.9958164950076025,4.984805100575955,-3.937682628631592,355,5,42,1,INSUFFICIENT_RECOVERY_RESERVE,0.5636946558952332,OUTBOUND,-5.7465057373046875,-0.5287391446853524,
0,9.893189430236816,1.0472984313964844,0.07877666503190994,0.08923203498125076,7.011599961988395,4.972519287335264,-3.930900812149048,356,5,43,1,INSUFFICIENT_RECOVERY_RESERVE,1.060661792755127,OUTBOUND,-5.765853404998779,-0.4783263512968477,
0,9.864019393920898,1.0476126670837402,0.5338156819343567,0.5349758267402649,7.032157865003683,4.96024511609067,-3.9122653007507324,357,5,44,1,NOMINAL_OUTSIDE_CERTIFIED_SET,0.5562509894371033,OUTBOUND,-5.7542829513549805,-0.4889030299936879,
0,9.909137725830078,1.047926902770996,0.051995206624269485,0.06479194015264511,7.0513702890020795,4.947947966219926,-3.910034418106079,358,5,45,1,INSUFFICIENT_RECOVERY_RESERVE,3.0192248821258545,OUTBOUND,-5.798699378967285,-0.49853638422955115,
0,9.92525863647461,1.0482417345046997,0.5166568160057068,0.496289998292923,7.06906018400332,4.935667450969323,-3.9271109104156494,359,5,46,1,NOMINAL_OUTSIDE_CERTIFIED_SET,1.0162564516067505,OUTBOUND,-5.797170162200928,-0.506578394204953,
1,9.903474807739258,1.0485560894012451,0.12382000684738159,0.14129537343978882,7.0923319440044,4.923380616189103,-3.900329113006592,360,5,47,0,,1.2475756406784058,OUTBOUND,-5.802525043487549,-0.5418328134578859,
0,9.91721248626709,1.048870325088501,0.5384922623634338,0.5272524356842041,7.109542992984643,4.911087588745123,-3.901773452758789,361,5,48,1,NOMINAL_OUTSIDE_CERTIFIED_SET,0.7673361301422119,OUTBOUND,-5.81571102142334,-0.5489919503762596,
0,9.960116386413574,1.0491849184036255,0.06893620640039444,0.09097937494516373,7.1294229429913685,4.8987917551794276,-3.9226865768432617,362,5,49,1,NO_GENERATOR_SET,3.9207868576049805,OUTBOUND,-5.831786155700684,-0.548362829327596,
0,9.960672378540039,1.0494993925094604,0.05243693292140961,0.06793057173490524,7.147873452981003,4.886500268394417,-3.9058690071105957,363,5,50,1,NOMINAL_OUTSIDE_CERTIFIED_SET,5.052285671234131,OUTBOUND,-5.845334529876709,-0.528727182493592,
1,9.993542671203613,1.0498144626617432,0.5228621959686279,0.5168798565864563,7.167290723999031,4.874203574230868,-3.927354335784912,364,5,51,0,,0.8766307830810547,OUTBOUND,-5.857657432556152,-0.4829607578784664,
0,10.009357452392578,1.050130009651184,1.084561824798584,1.054591417312622,7.299870396993356,4.8619545374432604,-3.9230868816375732,365,5,52,1,NOMINAL_OUTSIDE_CERTIFIED_SET,4.664902687072754,OUTBOUND,-5.880307674407959,-0.43222221584910697,
0,10.021586418151855,1.0504461526870728,0.5341894030570984,0.5212963819503784,7.314010016998509,4.8497251547850695,-3.935875177383423,366,5,53,1,NOMINAL_OUTSIDE_CERTIFIED_SET,1.1412588357925415,OUTBOUND,-5.879502773284912,-0.392276020907538,
1,9.999873161315918,1.0507616996765137,1.0253022909164429,0.991925060749054,7.337774443993112,4.837526670264777,-3.8899829387664795,367,5,54,0,,2.5856480598449707,OUTBOUND,-5.907256603240967,-0.38668086610384694,
0,10.0403470993042,1.0510773658752441,0.07146362215280533,0.08688109368085861,7.363308336993214,4.82528280520979,-3.9182703495025635,368,5,55,1,NOMINAL_OUTSIDE_CERTIFIED_SET,6.738169193267822,OUTBOUND,-5.910593032836914,-0.3690092549800455,
0,10.03973388671875,1.0513933897018433,1.0290193557739258,0.996712327003479,7.384404390002601,4.813081221377917,-3.919889450073242,369,5,56,1,NOMINAL_OUTSIDE_CERTIFIED_SET,1.4123995304107666,OUTBOUND,-5.9092817306518555,-0.3053019895090371,
0,9.987092018127441,1.0517069101333618,0.07506264001131058,0.09259191900491714,7.404007187986281,4.800918552065024,-3.838078022003174,370,5,57,1,NOMINAL_OUTSIDE_CERTIFIED_SET,5.090278625488281,OUTBOUND,-5.939295768737793,-0.24759143904356823,
0,10.07614517211914,1.0520204305648804,0.07388833910226822,0.0852259173989296,7.4251300919859204,4.788790665630358,-3.9023361206054688,371,5,58,1,NOMINAL_OUTSIDE_CERTIFIED_SET,6.9333815574646,OUTBOUND,-5.954682350158691,-0.19640099079738615,
0,10.12883472442627,1.0523351430892944,1.0755831003189087,1.0384896993637085,7.441539791005198,4.776693080098428,-3.9430665969848633,372,5,59,1,NOMINAL_OUTSIDE_CERTIFIED_SET,1.8118908405303955,OUTBOUND,-5.966101169586182,-0.15187951316311607,
0,10.108964920043945,1.0526493787765503,0.0607970766723156,0.06891714036464691,7.463132439006586,4.764621279782187,-3.8880553245544434,373,5,60,1,NOMINAL_OUTSIDE_CERTIFIED_SET,4.169308662414551,FAILURE,-6.00068998336792,-0.11389392370836228,
0,10.19381046295166,1.0529652833938599,0.09329614043235779,0.10542093217372894,7.484449451992987,5.4879676,-3.9602396488189697,374,6,1,1,NOMINAL_OUTSIDE_CERTIFIED_SET,4.847110748291016,OUTBOUND,-6.003632068634033,-0.01020132358994201,
1,10.161855697631836,1.0532810688018799,0.5638874173164368,0.548912763595581,7.608371192007326,5.475908001661681,-3.9043619632720947,375,6,2,0,,2.3940415382385254,OUTBOUND,-6.028295040130615,0.012850462085562534,
0,10.197532653808594,1.0535967350006104,0.09296127408742905,0.10539775341749191,7.630770144984126,5.463789844127372,-3.9107093811035156,376,6,3,1,NOMINAL_OUTSIDE_CERTIFIED_SET,3.8210532665252686,OUTBOUND,-6.056207656860352,0.026906471121165447,
1,10.196218490600586,1.0539125204086304,0.07728786021471024,0.08958996087312698,7.656416677986272,5.4516742646625636,-3.909271717071533,377,6,4,0,,3.174151659011841,OUTBOUND,-6.054559707641602,0.020997638935022853,
0,10.235547065734863,1.0542291402816772,1.6251552104949951,1.5746073722839355,7.678603331005434,5.439509198781063,-3.9329466819763184,378,6,5,1,NOMINAL_OUTSIDE_CERTIFIED_SET,6.370415210723877,OUTBOUND,-6.076873302459717,0.01033022246334645,
1,10.255704879760742,1.0545458793640137,0.5842655897140503,0.5613341927528381,7.694756490003783,5.427329168859249,-3.916874408721924,379,6,6,0,,0.8822309970855713,OUTBOUND,-6.1132307052612305,-0.0023492754115134,
0,10.21884536743164,1.0548616647720337,0.5817970037460327,0.5760288834571838,7.709588231984526,5.415164952320912,-3.884087562561035,380,6,7,1,NOMINAL_OUTSIDE_CERTIFIED_SET,1.2791017293930054,OUTBOUND,-6.113261699676514,-0.015463148281813062,
0,10.23172378540039,1.055177092552185,0.6957634687423706,0.6946065425872803,7.724340557004325,5.402976021445698,-3.893805742263794,381,6,8,1,NOMINAL_OUTSIDE_CERTIFIED_SET,2.2979331016540527,OUTBOUND,-6.1171746253967285,-0.051510223925656295,
0,10.204428672790527,1.0554908514022827,1.6255803108215332,1.563709020614624,7.745886216987856,5.390759830926026,-3.858851909637451,382,6,9,1,NOMINAL_OUTSIDE_CERTIFIED_SET,4.760500907897949,OUTBOUND,-6.130975246429443,-0.09227160351890036,
0,10.307258605957031,1.055806040763855,0.5882872343063354,0.5722352862358093,7.764489216002403,5.3785108455382264,-3.944196939468384,383,6,10,1,NOMINAL_OUTSIDE_CERTIFIED_SET,2.1096081733703613,OUTBOUND,-6.140415668487549,-0.13942547979407563,
1,10.248763084411621,1.0561206340789795,0.6063550710678101,0.5963738560676575,7.7849559059832245,5.366235473779361,-3.88486647605896,384,6,11,0,,0.8722956776618958,OUTBOUND,-6.141815662384033,-0.15279136580955047,
0,10.296335220336914,1.0564355850219727,0.6033532619476318,0.5930526852607727,7.807725680992007,5.353965631459249,-3.917393684387207,385,6,12,1,NOMINAL_OUTSIDE_CERTIFIED_SET,2.0049750804901123,OUTBOUND,-6.15352725982666,-0.16708888731687022,
0,10.260319709777832,1.0567501783370972,0.6412292718887329,0.6322768926620483,7.8343791629886255,5.341696325208572,-3.8889870643615723,386,6,13,1,NOMINAL_OUTSIDE_CERTIFIED_SET,0.8394965529441833,OUTBOUND,-6.146177291870117,-0.21619567132740636,
0,10.270072937011719,1.0570639371871948,0.6004317402839661,0.5872917175292969,7.852220019005472,5.329399660711475,-3.8811779022216797,387,6,14,1,NOMINAL_OUTSIDE_CERTIFIED_SET,0.6214964389801025,OUTBOUND,-6.162342548370361,-0.27132302681034287,
0,10.24805736541748,1.0573763847351074,0.6205604672431946,0.6141151785850525,7.867861114995321,5.317077623584947,-3.855283498764038,388,6,15,1,INSUFFICIENT_RECOVERY_RESERVE,4.5712714195251465,OUTBOUND,-6.164455890655518,-0.3047603605080395,
0,10.299577713012695,1.0576894283294678,1.664663553237915,1.610068917274475,7.8811942739994265,5.304789729295507,-3.9161720275878906,389,6,16,1,INSUFFICIENT_RECOVERY_RESERVE,4.91670560836792,OUTBOUND,-6.155977725982666,-0.29553591179925526,
0,10.333053588867188,1.0580030679702759,0.6055793166160583,0.5867787003517151,8.013524868991226,5.292513567669104,-3.9144110679626465,390,6,17,1,NOMINAL_OUTSIDE_CERTIFIED_SET,0.6687024831771851,OUTBOUND,-6.188687801361084,-0.32156237699481993,
0,10.337596893310547,1.0583168268203735,0.08274619281291962,0.08678066730499268,8.03430882000248,5.280212270403711,-3.8990588188171387,391,6,18,1,INSUFFICIENT_RECOVERY_RESERVE,6.052237510681152,OUTBOUND,-6.204798221588135,-0.34576873790857743,
0,10.340235710144043,1.0586302280426025,0.606446385383606,0.5916087627410889,8.059221312985756,5.267925411970097,-3.8897595405578613,392,6,19,1,NOMINAL_OUTSIDE_CERTIFIED_SET,2.5147478580474854,OUTBOUND,-6.211918354034424,-0.3680075255066055,
0,10.369606018066406,1.0589438676834106,0.667322039604187,0.6502869129180908,8.07759428198915,5.255613209616612,-3.902273178100586,393,6,20,1,INSUFFICIENT_RECOVERY_RESERVE,1.7141228914260864,OUTBOUND,-6.22761869430542,-0.38858207838100295,
0,10.368243217468262,1.059257984161377,1.167563557624817,1.124370813369751,8.101487325999187,5.243317724204834,-3.9095845222473145,394,6,21,1,NOMINAL_OUTSIDE_CERTIFIED_SET,1.7265303134918213,OUTBOUND,-6.216785907745361,-0.4074979217311177,
0,10.432579040527344,1.0595729351043701,0.11390544474124908,0.11752650886774063,8.117717594985152,5.230996607086275,-3.9250898361206055,395,6,22,1,INSUFFICIENT_RECOVERY_RESERVE,10.293465614318848,OUTBOUND,-6.254986763000488,-0.42495170224054896,
0,10.375231742858887,1.0598872900009155,1.1561973094940186,1.119969367980957,8.130957177985692,5.218709497669218,-3.883693218231201,396,6,23,1,INSUFFICIENT_RECOVERY_RESERVE,1.4995806217193604,OUTBOUND,-6.243007659912109,-0.39283546754527304,
1,10.43243408203125,1.06020188331604,1.184476613998413,1.147127389907837,8.152408327994635,5.206463659374448,-3.9036755561828613,397,6,24,0,,0.8828649520874023,OUTBOUND,-6.278698444366455,-0.3749410560118897,
0,10.545711517333984,1.0605188608169556,0.6502867937088013,0.6279258131980896,8.1733201899915,5.194190123370956,-3.9697463512420654,398,6,25,1,NOMINAL_OUTSIDE_CERTIFIED_SET,0.6199807524681091,OUTBOUND,-6.3185224533081055,-0.4075579689763006,
0,10.46496868133545,1.0608354806900024,0.07980779558420181,0.09120036661624908,8.19573622799362,5.181905632443321,-3.8954696655273438,399,6,26,1,NOMINAL_OUTSIDE_CERTIFIED_SET,7.05966854095459,OUTBOUND,-6.313048362731934,-0.4639644206812879,
0,10.448690414428711,1.0611505508422852,0.6591026186943054,0.6435451507568359,8.21643078798661,5.169608374090479,-3.857822895050049,400,6,27,1,NO_GENERATOR_SET,4.900022029876709,OUTBOUND,-6.332110404968262,-0.4946702156951678,
0,10.540332794189453,1.061465859413147,0.6647129058837891,0.6470460295677185,8.255914470995776,5.157304301792705,-3.905625343322754,401,6,28,1,NO_GENERATOR_SET,4.7301812171936035,OUTBOUND,-6.3672356605529785,-0.5014698332158372,
0,10.600467681884766,1.0617821216583252,0.07352013140916824,0.08532031625509262,8.275227788981283,5.144987270928868,-3.929598808288574,402,6,29,1,INSUFFICIENT_RECOVERY_RESERVE,5.867364883422852,OUTBOUND,-6.399293899536133,-0.4778824818848952,
0,10.559328079223633,1.0620973110198975,0.07094128429889679,0.08519008755683899,8.295687015983276,5.132703829748323,-3.8683950901031494,403,6,30,1,INSUFFICIENT_RECOVERY_RESERVE,3.4389445781707764,OUTBOUND,-6.421432971954346,-0.435841731880744,
0,10.64459228515625,1.0624126195907593,0.6575167179107666,0.6493639349937439,8.416471003001789,5.12043160623438,-3.9044954776763916,404,6,31,1,NOMINAL_OUTSIDE_CERTIFIED_SET,0.6224567890167236,OUTBOUND,-6.469453811645508,-0.44852308538562125,
0,10.681317329406738,1.0627286434173584,0.09641296416521072,0.10808984190225601,8.428959223994752,5.1081370662889745,-3.9182119369506836,405,6,32,1,INSUFFICIENT_RECOVERY_RESERVE,5.861288547515869,OUTBOUND,-6.484790325164795,-0.4602386897757856,
0,10.721822738647461,1.0630455017089844,0.6815629005432129,0.6740394830703735,8.452329332008958,5.095856048938363,-3.9257304668426514,406,6,33,1,NOMINAL_OUTSIDE_CERTIFIED_SET,2.0033295154571533,OUTBOUND,-6.522528171539307,-0.4716537039411871,
0,10.762971878051758,1.063364028930664,1.2616699934005737,1.2239902019500732,8.465528784989147,5.083551832332516,-3.950486421585083,407,6,34,1,INSUFFICIENT_RECOVERY_RESERVE,4.997110366821289,OUTBOUND,-6.545600891113281,-0.48219003946165556,
0,10.737200736999512,1.0636826753616333,0.0802217423915863,0.0924825519323349,8.485100816993508,5.071263213319983,-3.9136762619018555,408,6,35,1,NOMINAL_OUTSIDE_CERTIFIED_SET,3.7759149074554443,OUTBOUND,-6.555873870849609,-0.4924882456927976,
0,10.750940322875977,1.0640007257461548,0.0984625443816185,0.11352197080850601,8.501390282006469,5.058950493696723,-3.8896772861480713,409,6,36,1,INSUFFICIENT_RECOVERY_RESERVE,3.704460859298706,OUTBOUND,-6.59093713760376,-0.5019849959027062,
0,10.831351280212402,1.0643198490142822,0.6758602261543274,0.6598529815673828,8.51882617699448,5.046655246989011,-3.9372262954711914,410,6,37,1,NOMINAL_OUTSIDE_CERTIFIED_SET,2.5041351318359375,OUTBOUND,-6.626186370849609,-0.5112934359678141,
0,10.789859771728516,1.0646387338638306,1.2942121028900146,1.2497915029525757,8.532453361985972,5.034334994756019,-3.902726650238037,411,6,38,1,INSUFFICIENT_RECOVERY_RESERVE,7.25795841217041,OUTBOUND,-6.628390312194824,-0.5198693188163597,
0,10.822163581848145,1.0649582147598267,1.2742828130722046,1.2336668968200684,8.55231709999498,5.022048722853997,-3.9247283935546875,412,6,39,1,INSUFFICIENT_RECOVERY_RESERVE,6.799410343170166,OUTBOUND,-6.645004749298096,-0.4712653694866847,
0,10.80473804473877,1.0652774572372437,0.058391280472278595,0.07320620119571686,8.566324368992355,5.009774511196281,-3.8991572856903076,413,6,40,1,NOMINAL_OUTSIDE_CERTIFIED_SET,4.561124801635742,OUTBOUND,-6.6490044593811035,-0.48174595917887963,
0,10.72860050201416,1.0655945539474487,0.7055522203445435,0.701977550983429,8.583972552005434,4.997488852362347,-3.8448808193206787,414,6,41,1,NOMINAL_OUTSIDE_CERTIFIED_SET,0.7630407214164734,OUTBOUND,-6.629580020904541,-0.533290879387498,
0,10.800600051879883,1.0659117698669434,0.6827158331871033,0.6667851805686951,8.71555065998109,4.9851934050678155,-3.9066648483276367,415,6,42,1,NO_GENERATOR_SET,0.7263814210891724,OUTBOUND,-6.637290000915527,-0.5547067313431697,
0,10.815560340881348,1.0662293434143066,1.3668866157531738,1.3252840042114258,8.731205446994863,4.972893821495982,-3.911802291870117,416,6,43,1,NO_GENERATOR_SET,5.569679260253906,OUTBOUND,-6.651558876037598,-0.5514585316011309,
0,10.840187072753906,1.0665485858917236,0.6850414276123047,0.6844425201416016,8.744954085006611,4.960584325634651,-3.9503870010375977,417,6,44,1,INSUFFICIENT_RECOVERY_RESERVE,2.5026142597198486,OUTBOUND,-6.629974842071533,-0.5186694611668601,
0,10.810025215148926,1.0668683052062988,1.9268207550048828,1.8527518510818481,8.76584849198116,4.948291929652077,-3.9214510917663574,418,6,45,1,NOMINAL_OUTSIDE_CERTIFIED_SET,4.109422206878662,OUTBOUND,-6.635024547576904,-0.5270454845323849,
0,10.809355735778809,1.0671875476837158,0.7191490530967712,0.6998863220214844,8.78492825399735,4.935974567143992,-3.894089698791504,419,6,46,1,INSUFFICIENT_RECOVERY_RESERVE,4.55095911026001,OUTBOUND,-6.655984878540039,-0.5347156667536492,
0,10.855462074279785,1.0675079822540283,1.9513424634933472,1.863627552986145,8.802137425984256,4.923690891460165,-3.938807487487793,420,6,47,1,INSUFFICIENT_RECOVERY_RESERVE,4.630679607391357,OUTBOUND,-6.653143405914307,-0.4836286858809323,
0,10.82092571258545,1.0678287744522095,0.12049759179353714,0.14483582973480225,8.822759365983075,4.911428778893272,-3.9236598014831543,421,6,48,1,NOMINAL_OUTSIDE_CERTIFIED_SET,6.594336986541748,OUTBOUND,-6.629612922668457,-0.48808404217599916,
0,10.808585166931152,1.0681493282318115,0.12658965587615967,0.14325828850269318,8.842924972996116,4.899155565497701,-3.9007344245910645,422,6,49,1,NOMINAL_OUTSIDE_CERTIFIED_SET,7.718295574188232,OUTBOUND,-6.630790710449219,-0.5293381615439895,
0,10.8382568359375,1.0684694051742554,0.10508917272090912,0.1170569434762001,8.86367341899313,4.886873967647886,-3.898571014404297,423,6,50,1,NOMINAL_OUTSIDE_CERTIFIED_SET,9.525174140930176,OUTBOUND,-6.65230655670166,-0.5415360443019656,
0,10.857658386230469,1.0687891244888306,0.8054360747337341,0.7814655900001526,8.882472252007574,4.874590578316943,-3.89347243309021,424,6,51,1,NOMINAL_OUTSIDE_CERTIFIED_SET,5.399963855743408,OUTBOUND,-6.671751976013184,-0.5316780987748841,
0,10.877045631408691,1.0691090822219849,0.7226822376251221,0.715463399887085,8.897859885997605,4.862313193606856,-3.914163112640381,425,6,52,1,NOMINAL_OUTSIDE_CERTIFIED_SET,5.38295316696167,OUTBOUND,-6.663510799407959,-0.5057636012513232,
0,10.96350383758545,1.0694301128387451,0.7197320461273193,0.7038638591766357,8.913562873000046,4.850049076891872,-3.9401614665985107,426,6,53,1,NOMINAL_OUTSIDE_CERTIFIED_SET,4.334373950958252,OUTBOUND,-6.718169689178467,-0.46884049137045497,
0,11.027420997619629,1.0697517395019531,0.10691653192043304,0.10708892345428467,8.92937281599734,4.837804057686231,-3.9231579303741455,427,6,54,1,NOMINAL_OUTSIDE_CERTIFIED_SET,9.998229026794434,OUTBOUND,-6.787262916564941,-0.4250662319137936,
0,10.974344253540039,1.070071816444397,0.7341700792312622,0.7112178802490234,8.951297722989693,4.825582359074209,-3.8676185607910156,428,6,55,1,NOMINAL_OUTSIDE_CERTIFIED_SET,5.569901466369629,OUTBOUND,-6.793331146240234,-0.37778208309508493,
1,11.047508239746094,1.0703909397125244,1.378021001815796,1.3398995399475098,8.967812460992718,4.813398834773883,-3.877654790878296,429,6,56,0,,2.068845272064209,OUTBOUND,-6.857861042022705,-0.3545865509197099,
0,11.114508628845215,1.0707100629806519,0.714001476764679,0.6929627656936646,9.099230872001499,4.801174021059732,-3.9029018878936768,430,6,57,1,NOMINAL_OUTSIDE_CERTIFIED_SET,1.0878525972366333,OUTBOUND,-6.903174877166748,-0.32519676567452965,
0,11.064620971679688,1.0710270404815674,0.7011792659759521,0.6867093443870544,9.114518540998688,4.788991292489144,-3.83894681930542,431,6,58,1,NOMINAL_OUTSIDE_CERTIFIED_SET,2.0247957706451416,OUTBOUND,-6.922416687011719,-0.26710070303753797,
0,11.146665573120117,1.071344256401062,1.4003251791000366,1.3707908391952515,9.131177358998684,4.776846505296339,-3.901376485824585,432,6,59,1,NOMINAL_OUTSIDE_CERTIFIED_SET,5.478053569793701,OUTBOUND,-6.949918746948242,-0.21486076015532987,
0,11.250052452087402,1.0716636180877686,0.07397858798503876,0.0702129602432251,9.146041178988526,4.764735025573508,-3.9602274894714355,433,6,60,1,NOMINAL_OUTSIDE_CERTIFIED_SET,3.50362229347229,OUTBOUND,-6.989437103271484,-0.16885856643473562,
0,11.234135627746582,1.0719844102859497,0.743064820766449,0.7287142872810364,9.163121374003822,4.752652090682838,-3.943671941757202,434,6,61,1,NOMINAL_OUTSIDE_CERTIFIED_SET,0.8111920952796936,OUTBOUND,-6.988812446594238,-0.1291427760763534,
0,11.192440032958984,1.0723044872283936,1.4412091970443726,1.4016610383987427,9.179617871006485,4.740592990950473,-3.8850739002227783,435,6,62,1,NOMINAL_OUTSIDE_CERTIFIED_SET,8.997770309448242,FAILURE,-7.023940563201904,-0.09551572629449633,
0,11.235788345336914,1.0726252794265747,0.7437191009521484,0.7247482538223267,9.201001559995348,5.4879676,-3.927858352661133,436,7,1,1,NOMINAL_OUTSIDE_CERTIFIED_SET,1.0899189710617065,OUTBOUND,-7.019304275512695,-0.01020132358994201,
0,11.134071350097656,1.0729440450668335,0.7802077531814575,0.7709672451019287,9.219853468006477,5.4758992,-3.8409972190856934,437,7,2,1,NOMINAL_OUTSIDE_CERTIFIED_SET,2.0403356552124023,OUTBOUND,-7.003090858459473,-0.01133557945106046,
0,11.298004150390625,1.0732653141021729,0.7375335693359375,0.7190353870391846,9.241868215991417,5.4637948,-3.9757795333862305,438,7,3,1,NOMINAL_OUTSIDE_CERTIFIED_SET,0.7852845191955566,OUTBOUND,-7.025967121124268,-0.015383460743156973,
0,11.216094970703125,1.0735865831375122,0.770250141620636,0.7616575956344604,9.266972963989247,5.4516544,-3.9076123237609863,439,7,4,1,NOMINAL_OUTSIDE_CERTIFIED_SET,0.9958480596542358,OUTBOUND,-7.017009258270264,-0.024272287792003466,
0,11.239908218383789,1.0739086866378784,1.4390193223953247,1.395922064781189,9.28417569299927,5.439477999999999,-3.9304404258728027,440,7,5,1,NOMINAL_OUTSIDE_CERTIFIED_SET,5.586274147033691,OUTBOUND,-7.022677421569824,-0.03987839345533087,
0,11.236300468444824,1.0742310285568237,0.07255318760871887,0.09428720921278,9.300383727008011,5.427265599999999,-3.9148809909820557,441,7,6,1,NOMINAL_OUTSIDE_CERTIFIED_SET,6.295835971832275,OUTBOUND,-7.026658058166504,-0.06395244360685569,
0,11.247636795043945,1.0745530128479004,0.07894444465637207,0.08914047479629517,9.321836288989289,5.415017199999999,-3.8985347747802734,442,7,7,1,NOMINAL_OUTSIDE_CERTIFIED_SET,5.787191390991211,OUTBOUND,-7.046462535858154,-0.09799918910060242,
0,11.307012557983398,1.0748757123947144,0.7795253396034241,0.7684415578842163,9.463728223985527,5.402738487366399,-3.9299848079681396,443,7,8,1,NOMINAL_OUTSIDE_CERTIFIED_SET,3.8158650398254395,OUTBOUND,-7.06838321685791,-0.14220157181939536,
0,11.263982772827148,1.0751984119415283,2.150834560394287,2.0747790336608887,9.4857517539931,5.390433537552063,-3.9065756797790527,444,7,9,1,INSUFFICIENT_RECOVERY_RESERVE,6.001344680786133,OUTBOUND,-7.057060241699219,-0.1755512253218198,
1,11.31289005279541,1.0755209922790527,0.7922213077545166,0.7769933342933655,9.502893263997976,5.378176036408224,-3.906693458557129,445,7,10,0,,2.847602605819702,OUTBOUND,-7.103532791137695,-0.2013567375059608,
0,11.314549446105957,1.075843095779419,0.08538131415843964,0.10153169929981232,9.521864467998967,5.3659080398305825,-3.895899534225464,446,7,11,1,NOMINAL_OUTSIDE_CERTIFIED_SET,6.124800682067871,OUTBOUND,-7.105876922607422,-0.23314570960268488,
0,11.345720291137695,1.0761650800704956,1.4668707847595215,1.4174609184265137,9.535350355989067,5.353623487332211,-3.9000132083892822,447,7,12,1,INSUFFICIENT_RECOVERY_RESERVE,2.3880114555358887,OUTBOUND,-7.133587837219238,-0.24428234818881583,
0,11.347258567810059,1.0764864683151245,0.7811919450759888,0.7650782465934753,9.55835076898802,5.341350477490643,-3.89254093170166,448,7,13,1,NOMINAL_OUTSIDE_CERTIFIED_SET,2.0756568908691406,OUTBOUND,-7.143162727355957,-0.2687779269294137,
0,11.391409873962402,1.076807975769043,0.7808725833892822,0.7518765330314636,9.582087721006246,5.329057000535568,-3.905085563659668,449,7,14,1,INSUFFICIENT_RECOVERY_RESERVE,1.768744945526123,OUTBOUND,-7.174705982208252,-0.29242218584172747,
0,11.439631462097168,1.0771310329437256,0.824954092502594,0.8114322423934937,9.599019001005217,5.316777142554445,-3.9477100372314453,450,7,15,1,NOMINAL_OUTSIDE_CERTIFIED_SET,2.9263768196105957,OUTBOUND,-7.168838024139404,-0.3156059623083106,
0,11.36833381652832,1.077453374862671,1.5238862037658691,1.4907028675079346,9.612743592995685,5.304475267196934,-3.889995813369751,451,7,16,1,INSUFFICIENT_RECOVERY_RESERVE,3.0927233695983887,OUTBOUND,-7.166162967681885,-0.3376072674049181,
0,11.436948776245117,1.0777766704559326,0.05775018036365509,0.06390169262886047,9.633777933981037,5.292188951424452,-3.933234453201294,452,7,17,1,NOMINAL_OUTSIDE_CERTIFIED_SET,5.858831405639648,OUTBOUND,-7.182434558868408,-0.3589285173437644,
0,11.42724323272705,1.0780998468399048,0.8034075498580933,0.7844566106796265,9.653881940001156,5.279878854674099,-3.9034125804901123,453,7,18,1,INSUFFICIENT_RECOVERY_RESERVE,3.787869930267334,OUTBOUND,-7.197107315063477,-0.37890643220915904,
0,11.421622276306152,1.0784212350845337,0.19381090998649597,0.2094256728887558,9.770529561006697,5.267601647444094,-3.857473373413086,454,7,19,1,INSUFFICIENT_RECOVERY_RESERVE,4.74128532409668,OUTBOUND,-7.23697566986084,-0.3544837373860903,
0,11.489282608032227,1.0787417888641357,0.06612925231456757,0.07263986766338348,9.789175913989311,5.255334979642499,-3.8786113262176514,455,7,20,1,NOMINAL_OUTSIDE_CERTIFIED_SET,5.293170928955078,OUTBOUND,-7.276468276977539,-0.3721357572653635,
0,11.514383316040039,1.0790619850158691,0.8199553489685059,0.8013442158699036,9.804050012986409,5.2430457363662475,-3.885789632797241,456,7,21,1,INSUFFICIENT_RECOVERY_RESERVE,1.5358829498291016,OUTBOUND,-7.2949018478393555,-0.3887389632712137,
0,11.617630004882812,1.0793845653533936,0.8289711475372314,0.8103780746459961,9.822944921004819,5.230769431856478,-3.9683847427368164,457,7,22,1,NOMINAL_OUTSIDE_CERTIFIED_SET,1.4756102561950684,OUTBOUND,-7.314861297607422,-0.405045471613437,
0,11.614782333374023,1.0797078609466553,0.06817308068275452,0.07429994642734528,9.835817184997723,5.2184695444194755,-3.928133010864258,458,7,23,1,INSUFFICIENT_RECOVERY_RESERVE,6.036510944366455,OUTBOUND,-7.346343517303467,-0.42026122930669424,
1,11.652957916259766,1.080031394958496,0.8136867880821228,0.7963910102844238,9.851555981003912,5.206206877643483,-3.912008047103882,459,7,24,0,,0.9575880169868469,OUTBOUND,-7.402174472808838,-0.42454085865478147,
0,11.67392635345459,1.0803558826446533,0.9532415270805359,0.9436329007148743,9.869722269009799,5.193918668906675,-3.934746026992798,460,7,25,1,NOMINAL_OUTSIDE_CERTIFIED_SET,4.733404159545898,OUTBOUND,-7.4086456298828125,-0.45763525982222586,
0,11.6016263961792,1.0806797742843628,0.8725841641426086,0.8589956760406494,9.8876742249995,5.181628094807117,-3.8908188343048096,461,7,26,1,NOMINAL_OUTSIDE_CERTIFIED_SET,2.087702989578247,OUTBOUND,-7.388726234436035,-0.4709217486291638,
0,11.636003494262695,1.0810034275054932,1.6072057485580444,1.5696884393692017,9.907484456984093,5.169323593013627,-3.9032561779022217,462,7,27,1,INSUFFICIENT_RECOVERY_RESERVE,5.372138977050781,OUTBOUND,-7.414546966552734,-0.45205097083854373,
0,11.683772087097168,1.0813274383544922,0.8058886528015137,0.78841233253479,9.926674143003765,5.157033975644764,-3.915835380554199,463,7,28,1,NOMINAL_OUTSIDE_CERTIFIED_SET,0.7207121253013611,OUTBOUND,-7.450048446655273,-0.4621852476116271,
0,11.673303604125977,1.0816503763198853,0.07371967285871506,0.08211403340101242,9.940254262008239,5.144725261691088,-3.8739564418792725,464,7,29,1,INSUFFICIENT_RECOVERY_RESERVE,5.199991703033447,OUTBOUND,-7.475265979766846,-0.471791901719744,
1,11.675176620483398,1.081973671913147,1.632240891456604,1.5857044458389282,9.957219086005352,5.132460666519387,-3.9162497520446777,465,7,30,0,,3.579019069671631,OUTBOUND,-7.4365010261535645,-0.46069659954859926,
0,11.699350357055664,1.0822972059249878,0.8327470421791077,0.8211978077888489,9.974754253984429,5.120150384612003,-3.913041591644287,466,7,31,1,NOMINAL_OUTSIDE_CERTIFIED_SET,1.1240724325180054,OUTBOUND,-7.463001728057861,-0.5008054813954508,
0,11.681784629821777,1.0826199054718018,0.8679831624031067,0.8470825552940369,9.989532159990631,5.107824185578372,-3.8770625591278076,467,7,32,1,INSUFFICIENT_RECOVERY_RESERVE,1.809693694114685,OUTBOUND,-7.479712009429932,-0.5066092888968604,
0,11.762548446655273,1.082943081855774,0.06293947994709015,0.0699501484632492,10.009530040988466,5.095532551865851,-3.918031692504883,468,7,33,1,INSUFFICIENT_RECOVERY_RESERVE,7.0226731300354,OUTBOUND,-7.503865718841553,-0.46016987801073655,
0,11.792231559753418,1.0832674503326416,0.8759528398513794,0.8610439300537109,10.133644165005535,5.083252647214114,-3.940089702606201,469,7,34,1,NOMINAL_OUTSIDE_CERTIFIED_SET,4.0128703117370605,OUTBOUND,-7.501453876495361,-0.4685396625923892,
0,11.745402336120605,1.083591103553772,0.8589949011802673,0.8413843512535095,10.152200580982026,5.070957621773936,-3.8835256099700928,470,7,35,1,INSUFFICIENT_RECOVERY_RESERVE,2.720113515853882,OUTBOUND,-7.51645565032959,-0.47650146309930674,
0,11.786360740661621,1.0839142799377441,0.07988525182008743,0.08585548400878906,10.175492529990152,5.058676149417922,-3.890162467956543,471,7,36,1,NOMINAL_OUTSIDE_CERTIFIED_SET,7.37972354888916,OUTBOUND,-7.5429277420043945,-0.4851764659049831,
0,11.78662395477295,1.084236979484558,0.861176609992981,0.8374000787734985,10.19001394699444,5.046370636441235,-3.885868787765503,472,7,37,1,INSUFFICIENT_RECOVERY_RESERVE,0.9405527710914612,OUTBOUND,-7.548242568969727,-0.4933256139451212,
0,11.816003799438477,1.0845576524734497,0.30073559284210205,0.3153543472290039,10.211889370984863,5.034081179301264,-3.8458564281463623,473,7,38,1,NOMINAL_OUTSIDE_CERTIFIED_SET,4.819671154022217,OUTBOUND,-7.61789608001709,-0.501924418422172,
0,11.895036697387695,1.0848785638809204,0.06577984988689423,0.07159049808979034,10.228319205984008,5.021763739341537,-3.8985488414764404,474,7,39,1,INSUFFICIENT_RECOVERY_RESERVE,7.5876688957214355,OUTBOUND,-7.624528408050537,-0.5099275872815274,
0,12.016290664672852,1.085200548171997,0.06528936326503754,0.06859931349754333,10.242120412993245,5.009491830720734,-3.927398681640625,475,7,40,1,NOMINAL_OUTSIDE_CERTIFIED_SET,4.596632957458496,OUTBOUND,-7.7116851806640625,-0.49836721866038997,
0,11.940780639648438,1.0855224132537842,2.4791855812072754,2.4111790657043457,10.264974736986915,4.997208498598504,-3.8929004669189453,476,7,41,1,NOMINAL_OUTSIDE_CERTIFIED_SET,14.061304092407227,OUTBOUND,-7.700728416442871,-0.5132005838861421,
0,12.008106231689453,1.085845708847046,1.7028684616088867,1.6648553609848022,10.282058832992334,4.984904117686091,-3.9374704360961914,477,7,42,1,INSUFFICIENT_RECOVERY_RESERVE,8.6078462600708,OUTBOUND,-7.730526924133301,-0.4903224381986219,
0,11.955893516540527,1.0861687660217285,0.8869686126708984,0.8708951473236084,10.30399376899004,4.972614935201874,-3.893010377883911,478,7,43,1,NOMINAL_OUTSIDE_CERTIFIED_SET,3.56193208694458,OUTBOUND,-7.73362922668457,-0.5002208431957669,
0,11.985973358154297,1.0864918231964111,0.07483460754156113,0.0836045891046524,10.322788272984326,4.9603012495782295,-3.9023959636688232,479,7,44,1,INSUFFICIENT_RECOVERY_RESERVE,8.322298049926758,OUTBOUND,-7.738702297210693,-0.5092778564935123,
0,11.97067928314209,1.0868147611618042,0.9227545261383057,0.9072115421295166,10.340653508988908,4.948004758385963,-3.895129919052124,480,7,45,1,NOMINAL_OUTSIDE_CERTIFIED_SET,3.309042453765869,OUTBOUND,-7.733231544494629,-0.5184417763261971,
0,11.909749984741211,1.0871351957321167,2.5419952869415283,2.461944103240967,10.353551715001231,4.935683219855561,-3.825169086456299,481,7,46,1,INSUFFICIENT_RECOVERY_RESERVE,10.507585525512695,OUTBOUND,-7.76675271987915,-0.5268068954059416,
1,11.982494354248047,1.0874561071395874,0.09326108545064926,0.09942537546157837,10.480250417982461,4.923397579299594,-3.906615972518921,482,7,47,0,,8.46369457244873,OUTBOUND,-7.7334418296813965,-0.49461374035302347,
0,11.973121643066406,1.0877764225006104,0.08397886902093887,0.09096651524305344,10.504228357982356,4.9111246764614425,-3.8733792304992676,483,7,48,1,NOMINAL_OUTSIDE_CERTIFIED_SET,8.14736557006836,OUTBOUND,-7.750245571136475,-0.49885371549982327,
0,12.044746398925781,1.0880979299545288,0.12129098176956177,0.1395392268896103,10.524081435985863,4.8988509808914635,-3.923598289489746,484,7,49,1,NOMINAL_OUTSIDE_CERTIFIED_SET,10.197296142578125,OUTBOUND,-7.746100425720215,-0.5078954280965762,
0,11.997269630432129,1.0884193181991577,1.7423027753829956,1.6986110210418701,10.545248537993757,4.886581422929663,-3.8901913166046143,485,7,50,1,NOMINAL_OUTSIDE_CERTIFIED_SET,3.684131383895874,OUTBOUND,-7.7447896003723145,-0.49698357520901854,
0,12.095024108886719,1.0887420177459717,0.9421956539154053,0.9258483648300171,10.566199353983393,4.874322023350978,-3.930873155593872,486,7,51,1,NOMINAL_OUTSIDE_CERTIFIED_SET,4.535660266876221,OUTBOUND,-7.791372299194336,-0.4716155186646206,
0,12.11097526550293,1.0890655517578125,1.8768737316131592,1.825508952140808,10.58303581198561,4.862074287858026,-3.918342113494873,487,7,52,1,NOMINAL_OUTSIDE_CERTIFIED_SET,6.564646244049072,OUTBOUND,-7.82968807220459,-0.4363938012253026,
0,12.079349517822266,1.0893889665603638,0.9170606732368469,0.896727442741394,10.601980584004195,4.849842140879287,-3.8959312438964844,488,7,53,1,NOMINAL_OUTSIDE_CERTIFIED_SET,0.47589144110679626,OUTBOUND,-7.822806358337402,-0.3950983956889196,
0,12.069952964782715,1.08971107006073,0.08970382809638977,0.09945808351039886,10.616599414992379,4.837630066486823,-3.8597288131713867,489,7,54,1,NOMINAL_OUTSIDE_CERTIFIED_SET,6.558624744415283,OUTBOUND,-7.845027446746826,-0.3507627343372684,
0,12.118385314941406,1.090032696723938,0.9780608415603638,0.9588003754615784,10.635118676989805,4.82544092189247,-3.8785111904144287,490,7,55,1,NOMINAL_OUTSIDE_CERTIFIED_SET,1.8966450691223145,OUTBOUND,-7.867908954620361,-0.30575433247077033,
1,12.212103843688965,1.0903562307357788,0.9626979827880859,0.9452283978462219,10.651065876998473,4.813265935642974,-3.948004961013794,491,7,56,0,,0.9124544858932495,OUTBOUND,-7.884098529815674,-0.2567865200546548,
0,12.186498641967773,1.0906801223754883,0.9555413722991943,0.9340211153030396,10.668182867986616,4.801097799195266,-3.9071879386901855,492,7,57,1,NOMINAL_OUTSIDE_CERTIFIED_SET,3.702021360397339,OUTBOUND,-7.901559352874756,-0.21190699014755718,
0,12.267203330993652,1.0910048484802246,0.10635438561439514,0.11335650831460953,10.791014040005393,4.7889609618899325,-3.9194560050964355,493,7,58,1,NOMINAL_OUTSIDE_CERTIFIED_SET,7.716490745544434,OUTBOUND,-7.949946880340576,-0.17653278949867846,
0,12.324652671813965,1.0913316011428833,0.9704172015190125,0.9534823298454285,10.807218222005758,4.776852296869947,-3.9602866172790527,494,7,59,1,NOMINAL_OUTSIDE_CERTIFIED_SET,2.3423259258270264,OUTBOUND,-7.964925289154053,-0.14433252018334666,
0,12.374015808105469,1.0916603803634644,1.8750298023223877,1.8260372877120972,10.822563844994875,4.764768387422963,-3.9631710052490234,495,7,60,1,NOMINAL_OUTSIDE_CERTIFIED_SET,5.14801549911499,FAILURE,-8.023873329162598,-0.11566524052370376,
0,12.333667755126953,1.0919888019561768,0.10596756637096405,0.11350681632757187,10.847532265994232,5.4879676,-3.901113986968994,496,8,1,1,NOMINAL_OUTSIDE_CERTIFIED_SET,5.978664398193359,OUTBOUND,-8.043561935424805,-0.01020132358994201,
0,12.355913162231445,1.0923163890838623,0.11213407665491104,0.12222664058208466,10.86513256598846,5.4758992,-3.8850584030151367,497,8,2,1,NOMINAL_OUTSIDE_CERTIFIED_SET,9.263352394104004,OUTBOUND,-8.065658569335938,-0.01133557945106046,
0,12.388015747070312,1.0926432609558105,0.9850240349769592,0.9677830934524536,10.885415430995636,5.4637948,-3.8889870643615723,498,8,3,1,NOMINAL_OUTSIDE_CERTIFIED_SET,4.391474723815918,OUTBOUND,-8.107032775878906,-0.015383460743156973,
1,12.401350021362305,1.0929691791534424,0.14554454386234283,0.15626412630081177,10.905877735000104,5.451678936359833,-3.8728597164154053,499,8,4,0,,6.882458686828613,OUTBOUND,-8.129165649414062,-0.0335043902981605,
0,12.441630363464355,1.0932940244674683,0.9915831685066223,0.9724565148353577,10.924869745998876,5.439534160599483,-3.8729279041290283,500,8,5,1,NOMINAL_OUTSIDE_CERTIFIED_SET,2.8166391849517822,OUTBOUND,-8.178640365600586,-0.04961917142378881,
0,12.51095962524414,1.0936199426651,1.9090821743011475,1.8693013191223145,10.94232072099112,5.427358282714929,-3.9286093711853027,501,8,6,1,NOMINAL_OUTSIDE_CERTIFIED_SET,11.701361656188965,OUTBOUND,-8.207818984985352,-0.05816569051880168,
1,12.509705543518066,1.093946933746338,1.0270518064498901,1.0086007118225098,10.963975692982785,5.41517422585819,-3.9345359802246094,502,8,7,0,,5.7641987800598145,OUTBOUND,-8.21200180053711,-0.08522944236949517,
0,12.486366271972656,1.0942732095718384,1.900234580039978,1.8531018495559692,10.9850727590092,5.40293888341029,-3.8799145221710205,503,8,8,1,NOMINAL_OUTSIDE_CERTIFIED_SET,9.40685749053955,OUTBOUND,-8.258238792419434,-0.11535605749848046,
0,12.487735748291016,1.0946004390716553,0.9871788620948792,0.9681096076965332,11.00764584398712,5.390674717173785,-3.9296791553497314,504,8,9,1,NOMINAL_OUTSIDE_CERTIFIED_SET,1.8657864332199097,OUTBOUND,-8.205283164978027,-0.14229960665589064,
0,12.418785095214844,1.0949280261993408,2.8169376850128174,2.741856098175049,11.025976017990615,5.378400089574268,-3.9150400161743164,505,8,10,1,NOMINAL_OUTSIDE_CERTIFIED_SET,10.491644859313965,OUTBOUND,-8.16374683380127,-0.1774828397245971,
0,12.358575820922852,1.0952550172805786,0.09669847041368484,0.1063460037112236,11.044739546981873,5.366118969596222,-3.8855104446411133,506,8,11,1,NOMINAL_OUTSIDE_CERTIFIED_SET,9.040465354919434,OUTBOUND,-8.119112968444824,-0.21167668709239323,
0,12.35161304473877,1.0955822467803955,1.907427430152893,1.8566713333129883,11.059029608004494,5.3538328851587424,-3.910468101501465,507,8,12,1,NO_GENERATOR_SET,4.255052089691162,OUTBOUND,-8.093247413635254,-0.23829443582430992,
0,12.370903015136719,1.0959089994430542,1.0385767221450806,1.0229692459106445,11.173203866987024,5.34153123713832,-3.8884809017181396,508,8,13,1,INSUFFICIENT_RECOVERY_RESERVE,5.953217029571533,OUTBOUND,-8.118911743164062,-0.24920583190049264,
0,12.414813041687012,1.0962367057800293,0.11323245614767075,0.12456239759922028,11.189359063981101,5.329244795679997,-3.930921792984009,509,8,14,1,NOMINAL_OUTSIDE_CERTIFIED_SET,10.37923812866211,OUTBOUND,-8.097135543823242,-0.27598337895533437,
0,12.44237232208252,1.096566915512085,1.1331474781036377,1.1065893173217773,11.205898502987111,5.316932624349248,-3.971541166305542,510,8,15,1,INSUFFICIENT_RECOVERY_RESERVE,4.455743789672852,OUTBOUND,-8.069537162780762,-0.3015579981609346,
0,12.507351875305176,1.0968983173370361,1.026842474937439,0.999713659286499,11.22171289898688,5.304637778026486,-3.94802188873291,511,8,16,1,NOMINAL_OUTSIDE_CERTIFIED_SET,7.686003684997559,OUTBOUND,-8.153081893920898,-0.32653165838224146,
0,12.450756072998047,1.0972288846969604,1.0733996629714966,1.0529130697250366,11.237177697999869,5.292316722415347,-3.889493703842163,512,8,17,1,INSUFFICIENT_RECOVERY_RESERVE,6.88894510269165,OUTBOUND,-8.143473625183105,-0.3499739138555361,
0,12.583852767944336,1.097561240196228,0.12867197394371033,0.13463836908340454,11.25079219698091,5.280029720745159,-3.964052200317383,513,8,18,1,INSUFFICIENT_RECOVERY_RESERVE,11.748847007751465,OUTBOUND,-8.184887886047363,-0.33160244959517826,
0,12.592787742614746,1.097893238067627,1.0630449056625366,1.0421741008758545,11.268957175983815,5.267754796223745,-3.9050631523132324,514,8,19,1,NOMINAL_OUTSIDE_CERTIFIED_SET,5.438046455383301,OUTBOUND,-8.247345924377441,-0.3515903005857516,
0,12.617640495300293,1.0982247591018677,1.955681562423706,1.9092533588409424,11.282640296994941,5.25545698179001,-3.901982307434082,515,8,20,1,INSUFFICIENT_RECOVERY_RESERVE,1.958856463432312,OUTBOUND,-8.282546997070312,-0.3703960844463555,
0,12.663887977600098,1.098556399345398,1.9541457891464233,1.9088685512542725,11.296937457984313,5.24317348481123,-3.9156322479248047,516,8,21,1,NOMINAL_OUTSIDE_CERTIFIED_SET,6.657863140106201,OUTBOUND,-8.331884384155273,-0.38880963762276666,
0,12.654519081115723,1.0988878011703491,2.9147393703460693,2.846958637237549,11.312499452003976,5.230866222334656,-3.9081058502197266,517,8,22,1,INSUFFICIENT_RECOVERY_RESERVE,13.681513786315918,OUTBOUND,-8.358393669128418,-0.4059660419143162,
0,12.714590072631836,1.0992196798324585,1.0485947132110596,1.0246145725250244,11.334034530009376,5.218575296341444,-3.92698335647583,518,8,23,1,NOMINAL_OUTSIDE_CERTIFIED_SET,2.402529239654541,OUTBOUND,-8.391457557678223,-0.4226215786763334,
0,12.703604698181152,1.0995519161224365,1.9905123710632324,1.9384815692901611,11.3523898999847,5.206259723773187,-3.922062397003174,519,8,24,1,INSUFFICIENT_RECOVERY_RESERVE,3.5187602043151855,OUTBOUND,-8.396013259887695,-0.4380325449939598,
0,12.783172607421875,1.099886178970337,0.1149977296590805,0.11561992019414902,11.375577314989641,5.193985544965086,-3.970947742462158,520,8,25,1,NOMINAL_OUTSIDE_CERTIFIED_SET,7.474509239196777,OUTBOUND,-8.403921127319336,-0.4393333306249224,
0,12.712711334228516,1.1002204418182373,0.14190612733364105,0.1572003960609436,11.49059682598454,5.181701191943376,-3.922712802886963,521,8,26,1,NOMINAL_OUTSIDE_CERTIFIED_SET,9.01609992980957,OUTBOUND,-8.372895240783691,-0.46640178251261666,
0,12.811712265014648,1.100555419921875,0.0789966732263565,0.08812766522169113,11.506676774006337,5.169412167311572,-3.938872814178467,522,8,27,1,NO_GENERATOR_SET,9.626709938049316,OUTBOUND,-8.43069839477539,-0.47167616491632824,
0,12.82142448425293,1.100890040397644,1.0614367723464966,1.036757230758667,11.519717571994988,5.15711281120396,-3.9132814407348633,523,8,28,1,INSUFFICIENT_RECOVERY_RESERVE,0.9718705415725708,OUTBOUND,-8.477503776550293,-0.44930324125951027,
1,12.871918678283691,1.1012243032455444,1.142565131187439,1.1151843070983887,11.538638286001515,5.144857992180084,-3.9083919525146484,524,8,29,0,,0.8159616589546204,OUTBOUND,-8.530807495117188,-0.42813103014758697,
0,12.86132526397705,1.101557731628418,2.0650744438171387,2.0130701065063477,11.553441386000486,5.132558579758439,-3.897932291030884,525,8,30,1,NOMINAL_OUTSIDE_CERTIFIED_SET,7.336881160736084,OUTBOUND,-8.5470552444458,-0.46275197692066894,
0,12.929533958435059,1.1018913984298706,0.09782425314188004,0.10572078078985214,11.572943982988363,5.120239188350377,-3.92110013961792,526,8,31,1,INSUFFICIENT_RECOVERY_RESERVE,6.942910671234131,OUTBOUND,-8.580280303955078,-0.47644449443513154,
0,13.018623352050781,1.1022264957427979,0.071487657725811,0.07432682067155838,11.586322285991628,5.107953604457305,-3.9585390090942383,527,8,32,1,INSUFFICIENT_RECOVERY_RESERVE,4.374358654022217,OUTBOUND,-8.623434066772461,-0.4340357338387077,
0,12.926053047180176,1.1025599241256714,1.0701839923858643,1.0489296913146973,11.601919324981282,5.0956790979068565,-3.8722281455993652,528,8,33,1,NOMINAL_OUTSIDE_CERTIFIED_SET,3.7558650970458984,OUTBOUND,-8.629082679748535,-0.4483395171527499,
0,12.962177276611328,1.1028919219970703,1.1629831790924072,1.1423966884613037,11.616313070000615,5.0833865972694685,-3.873812675476074,529,8,34,1,INSUFFICIENT_RECOVERY_RESERVE,5.732625484466553,OUTBOUND,-8.677447319030762,-0.46136763980732076,
0,13.000536918640137,1.1032240390777588,0.06424982100725174,0.07645739614963531,11.630740005988628,5.071107131405811,-3.917306423187256,530,8,35,1,NOMINAL_OUTSIDE_CERTIFIED_SET,1.7199361324310303,OUTBOUND,-8.670536041259766,-0.4739332185526565,
0,13.015613555908203,1.1035555601119995,1.1191987991333008,1.096804141998291,11.64325395799824,5.058807645662168,-3.892446756362915,531,8,36,1,INSUFFICIENT_RECOVERY_RESERVE,2.077313184738159,OUTBOUND,-8.71328067779541,-0.4853824951544859,
1,13.040666580200195,1.1038877964019775,2.1127262115478516,2.0625479221343994,11.75459558199509,5.046514822584151,-3.9279885292053223,532,8,37,0,,11.31672477722168,OUTBOUND,-8.717930793762207,-0.42423734518091116,
0,12.988547325134277,1.1042201519012451,1.1835335493087769,1.1597998142242432,11.770428152987733,5.034228585723316,-3.91630220413208,533,8,38,1,NOMINAL_OUTSIDE_CERTIFIED_SET,4.897425651550293,OUTBOUND,-8.690156936645508,-0.4246555397405499,
0,12.95722484588623,1.1045516729354858,1.118541955947876,1.0942789316177368,11.791251807007939,5.021922326298046,-3.889420986175537,534,8,39,1,NOMINAL_OUTSIDE_CERTIFIED_SET,1.8476349115371704,OUTBOUND,-8.681777000427246,-0.4979358713143733,
0,12.915918350219727,1.104881763458252,2.10758376121521,2.048830986022949,11.810743420006474,5.00960069868346,-3.8636133670806885,535,8,40,1,INSUFFICIENT_RECOVERY_RESERVE,2.1283674240112305,OUTBOUND,-8.665609359741211,-0.5085290018060799,
0,12.95958423614502,1.1052122116088867,1.117296576499939,1.0992944240570068,11.824611607007682,4.997325023480312,-3.91618275642395,536,8,41,1,NOMINAL_OUTSIDE_CERTIFIED_SET,6.8661298751831055,OUTBOUND,-8.633668899536133,-0.4986520698842137,
0,12.975566864013672,1.105542540550232,1.098043441772461,1.0746262073516846,11.839482265990227,4.9850483633509635,-3.900705099105835,537,8,42,1,NOMINAL_OUTSIDE_CERTIFIED_SET,5.638025760650635,OUTBOUND,-8.652100563049316,-0.5160071791258112,
0,13.01112174987793,1.1058722734451294,0.13588768243789673,0.1440073698759079,11.855749951995676,4.972755425647934,-3.8892743587493896,538,8,43,1,INSUFFICIENT_RECOVERY_RESERVE,13.720551490783691,OUTBOUND,-8.68150520324707,-0.4936002886328542,
0,13.040228843688965,1.106203317642212,2.1604743003845215,2.1105239391326904,11.870989312999882,4.960475810340268,-3.9351532459259033,539,8,44,1,NOMINAL_OUTSIDE_CERTIFIED_SET,1.0099691152572632,OUTBOUND,-8.651680946350098,-0.5043524326564616,
0,13.043416976928711,1.1065332889556885,0.14667397737503052,0.15121838450431824,11.886172356986208,4.94816908255248,-3.878568410873413,540,8,45,1,INSUFFICIENT_RECOVERY_RESERVE,13.754948616027832,OUTBOUND,-8.697338104248047,-0.5140923666688918,
1,13.056116104125977,1.1068607568740845,0.13036827743053436,0.13420826196670532,11.907007459987653,4.935897130788464,-3.8293957710266113,541,8,46,0,,10.870577812194824,OUTBOUND,-8.747526168823242,-0.46543521165184126,
0,13.233488082885742,1.107189655303955,1.2042433023452759,1.1758365631103516,11.927363727998454,4.923626935789853,-3.934499740600586,542,8,47,1,NOMINAL_OUTSIDE_CERTIFIED_SET,1.9570238590240479,OUTBOUND,-8.81718635559082,-0.4786770137094587,
0,13.298259735107422,1.1075193881988525,1.4005649089813232,1.3857996463775635,11.942873991007218,4.91134981865478,-3.9241981506347656,543,8,48,1,NOMINAL_OUTSIDE_CERTIFIED_SET,4.9034576416015625,OUTBOUND,-8.90900707244873,-0.5328140151606835,
0,13.330303192138672,1.107848882675171,0.14227034151554108,0.15243194997310638,11.96358886300004,4.899059310859622,-3.8903307914733887,544,8,49,1,NO_GENERATOR_SET,1.2047158479690552,OUTBOUND,-8.980154991149902,-0.5546264841558223,
0,13.337686538696289,1.1081775426864624,0.08033187687397003,0.08077500760555267,11.983725533995312,4.8867623103306785,-3.876622200012207,545,8,50,1,NO_GENERATOR_SET,4.817421913146973,OUTBOUND,-9.000868797302246,-0.5513270333194075,
0,13.370096206665039,1.1085065603256226,1.1662261486053467,1.1487075090408325,12.001369421981508,4.874467502242234,-3.9079318046569824,546,8,51,1,NOMINAL_OUTSIDE_CERTIFIED_SET,3.1804590225219727,OUTBOUND,-9.00899600982666,-0.5294970931569858,
0,13.449915885925293,1.108837366104126,0.07114728540182114,0.07446758449077606,12.118603440001607,4.8621833567052075,-3.949504852294922,547,8,52,1,NOMINAL_OUTSIDE_CERTIFIED_SET,0.9150367379188538,OUTBOUND,-9.03857707977295,-0.49470256595379875,
0,13.452285766601562,1.1091684103012085,1.1979236602783203,1.1743577718734741,12.13643176300684,4.849916989389214,-3.907132863998413,548,8,53,1,NOMINAL_OUTSIDE_CERTIFIED_SET,8.77522087097168,OUTBOUND,-9.1107177734375,-0.45155047704058315,
1,13.441401481628418,1.1094999313354492,0.0667346864938736,0.07891099154949188,12.152348701987648,4.837682268309179,-3.914905309677124,549,8,54,0,,0.6155939698219299,OUTBOUND,-9.092761993408203,-0.4389128616061145,
0,13.483688354492188,1.1098321676254272,1.2148425579071045,1.1866722106933594,12.165954908996355,4.825414149123336,-3.924973964691162,550,8,55,1,NOMINAL_OUTSIDE_CERTIFIED_SET,8.005090713500977,OUTBOUND,-9.13473892211914,-0.4161239282541338,
0,13.394911766052246,1.1101642847061157,1.2145501375198364,1.1715975999832153,12.180395625997335,4.81318616973083,-3.9032819271087646,551,8,56,1,NOMINAL_OUTSIDE_CERTIFIED_SET,8.750163078308105,OUTBOUND,-9.084973335266113,-0.34946206690466236,
0,13.452823638916016,1.1104967594146729,0.08969498425722122,0.10015201568603516,12.199604678986361,4.800998295340616,-3.915569543838501,552,8,57,1,NOMINAL_OUTSIDE_CERTIFIED_SET,3.6064114570617676,OUTBOUND,-9.114253997802734,-0.2861157362799165,
0,13.422486305236816,1.1108300685882568,0.07313615828752518,0.10057052969932556,12.223840196995297,4.788846906517921,-3.926312208175659,553,8,58,1,NOMINAL_OUTSIDE_CERTIFIED_SET,11.029483795166016,OUTBOUND,-9.052372932434082,-0.2293348117227199,
1,13.429693222045898,1.1111643314361572,1.213363528251648,1.1948456764221191,12.241125675005605,4.776724314387592,-3.9358911514282227,554,8,59,0,,2.1349611282348633,OUTBOUND,-9.048394203186035,-0.21497518872844215,
0,13.448753356933594,1.111498236656189,1.2236744165420532,1.195155382156372,12.259108067984926,4.7645577566638195,-3.902730941772461,555,8,60,1,NOMINAL_OUTSIDE_CERTIFIED_SET,1.9113963842391968,OUTBOUND,-9.10433578491211,-0.1971208082906887,
1,13.477972984313965,1.1118322610855103,1.2222909927368164,1.2003915309906006,12.273596148006618,4.752436625922749,-3.9102001190185547,556,8,61,0,,1.5156300067901611,OUTBOUND,-9.122328758239746,-0.1375556775064919,
0,13.503922462463379,1.1121660470962524,0.09367117285728455,0.09537244588136673,12.293968123995,4.740334465708366,-3.9016666412353516,557,8,62,1,NOMINAL_OUTSIDE_CERTIFIED_SET,5.416707992553711,FAILURE,-9.139358520507812,-0.08900695467211144,
0,13.359320640563965,1.11249577999115,2.3399055004119873,2.29020357131958,12.314551600982668,5.4879676,-3.79414701461792,558,9,1,1,NOMINAL_OUTSIDE_CERTIFIED_SET,8.322341918945312,OUTBOUND,-9.13524055480957,-0.01020132358994201,
0,13.509700775146484,1.112825870513916,1.2617665529251099,1.2302606105804443,12.331929949985351,5.4758992,-3.9063100814819336,559,9,2,1,NOMINAL_OUTSIDE_CERTIFIED_SET,2.6740834712982178,OUTBOUND,-9.159394264221191,-0.01133557945106046,
1,13.470558166503906,1.1131558418273926,1.2394118309020996,1.2115058898925781,12.442618772009155,5.4638198695316875,-3.890789747238159,560,9,3,0,,4.582625865936279,OUTBOUND,-9.124984741210938,-0.01895631630550059,
0,13.486650466918945,1.1134847402572632,2.3597335815429688,2.311605453491211,12.460432516003493,5.451693019451697,-3.8704910278320312,561,9,4,1,NOMINAL_OUTSIDE_CERTIFIED_SET,8.400490760803223,OUTBOUND,-9.176237106323242,-0.028416681583560525,
0,13.622038841247559,1.1138148307800293,0.1563616394996643,0.13708831369876862,12.474270457983948,5.439531946867995,-3.924591541290283,562,9,5,1,NOMINAL_OUTSIDE_CERTIFIED_SET,14.537683486938477,OUTBOUND,-9.230876922607422,-0.038521035504591475,
0,13.579143524169922,1.1141462326049805,3.475592613220215,3.3917105197906494,12.49007201299537,5.4273363355139645,-3.930443048477173,563,9,6,1,NOMINAL_OUTSIDE_CERTIFIED_SET,12.27370834350586,OUTBOUND,-9.197909355163574,-0.05654687015667751,
0,13.613353729248047,1.1144791841506958,0.11197756975889206,0.1136568933725357,12.506655217992375,5.415105899433152,-3.944182872772217,564,9,7,1,NOMINAL_OUTSIDE_CERTIFIED_SET,8.997474670410156,OUTBOUND,-9.207088470458984,-0.08408249372098636,
0,13.515556335449219,1.1148115396499634,1.2857556343078613,1.260178565979004,12.522032601002138,5.402840385418659,-3.886247158050537,565,9,8,1,NOMINAL_OUTSIDE_CERTIFIED_SET,2.147329807281494,OUTBOUND,-9.167606353759766,-0.12239809860452293,
0,13.581002235412598,1.1151436567306519,0.11142104119062424,0.1162496954202652,12.538362241000868,5.39055947396912,-3.8959524631500244,566,9,9,1,NOMINAL_OUTSIDE_CERTIFIED_SET,10.366480827331543,OUTBOUND,-9.197296142578125,-0.16794685289768999,
0,13.630582809448242,1.1154757738113403,1.2631999254226685,1.2334166765213013,12.554348932986613,5.378267295664931,-3.8988358974456787,567,9,10,1,NO_GENERATOR_SET,3.563868284225464,OUTBOUND,-9.244623184204102,-0.2112234309462431,
0,13.62171745300293,1.1158076524734497,2.412217140197754,2.359370470046997,12.57133750198409,5.365968718217127,-3.895563840866089,568,9,11,1,NO_GENERATOR_SET,3.0410680770874023,OUTBOUND,-9.243324279785156,-0.24501822299004242,
0,13.750665664672852,1.1161404848098755,0.10032447427511215,0.10519888252019882,12.58406277798349,5.3536561361286665,-3.92401123046875,569,9,12,1,INSUFFICIENT_RECOVERY_RESERVE,5.999018669128418,OUTBOUND,-9.337789535522461,-0.2596468770365158,
0,13.810918807983398,1.1164747476577759,0.0968598797917366,0.10277201980352402,12.599920998007292,5.341376708810508,-3.943596363067627,570,9,13,1,INSUFFICIENT_RECOVERY_RESERVE,10.296142578125,OUTBOUND,-9.353989601135254,-0.2567828072961528,
0,13.80774974822998,1.1168076992034912,1.257312536239624,1.228476643562317,12.719280657998752,5.329108186178119,-3.865199565887451,571,9,14,1,NOMINAL_OUTSIDE_CERTIFIED_SET,1.5953407287597656,OUTBOUND,-9.441193580627441,-0.28154009743833003,
0,13.798412322998047,1.1171396970748901,1.2694951295852661,1.2468092441558838,12.733028882998042,5.316817568008912,-3.8757147789001465,572,9,15,1,INSUFFICIENT_RECOVERY_RESERVE,5.454491138458252,OUTBOUND,-9.441350936889648,-0.3051939758764022,
0,13.888208389282227,1.1174710988998413,1.284262776374817,1.2556607723236084,12.747360876004677,5.30454015629911,-3.8847150802612305,573,9,16,1,NOMINAL_OUTSIDE_CERTIFIED_SET,4.149541854858398,OUTBOUND,-9.525833129882812,-0.32818806128314193,
0,13.844517707824707,1.1178016662597656,2.4706482887268066,2.4144718647003174,12.766288168000756,5.292239499393268,-3.869459390640259,574,9,17,1,INSUFFICIENT_RECOVERY_RESERVE,12.653427124023438,OUTBOUND,-9.521063804626465,-0.3498446213734653,
0,13.908385276794434,1.1181334257125854,0.07957884669303894,0.08494380861520767,12.784704669989878,5.279954154567819,-3.927532196044922,575,9,18,1,NOMINAL_OUTSIDE_CERTIFIED_SET,1.0790828466415405,OUTBOUND,-9.532561302185059,-0.37067977238947614,
0,13.845468521118164,1.118464469909668,1.3369505405426025,1.3048101663589478,12.79796017400804,5.26764448126929,-3.8787803649902344,576,9,19,1,INSUFFICIENT_RECOVERY_RESERVE,2.444030284881592,OUTBOUND,-9.524620056152344,-0.39009835398641846,
0,13.852617263793945,1.1187962293624878,1.3009374141693115,1.2733185291290283,12.810368482983904,5.255367642130468,-3.9128332138061523,577,9,20,1,INSUFFICIENT_RECOVERY_RESERVE,0.7859360575675964,OUTBOUND,-9.48111343383789,-0.36344555505260695,
0,13.897355079650879,1.1191295385360718,1.303462028503418,1.276698112487793,12.824108644999797,5.243101208184967,-3.937188148498535,578,9,21,1,NOMINAL_OUTSIDE_CERTIFIED_SET,1.6022740602493286,OUTBOUND,-9.49475383758545,-0.38081770481861593,
0,13.885046005249023,1.1194636821746826,2.4882864952087402,2.4153475761413574,12.838237782008946,5.230813094137565,-3.926481246948242,579,9,22,1,INSUFFICIENT_RECOVERY_RESERVE,2.3681588172912598,OUTBOUND,-9.505393981933594,-0.3970806501688761,
0,13.844429016113281,1.1197969913482666,1.273053526878357,1.24933922290802,12.855469501984771,5.218537711009474,-3.877182722091675,580,9,23,1,NOMINAL_OUTSIDE_CERTIFIED_SET,1.2135980129241943,OUTBOUND,-9.508174896240234,-0.4129641486888391,
0,13.76307201385498,1.1201295852661133,1.3491750955581665,1.3345954418182373,12.872237665986177,5.206239420388381,-3.8786892890930176,581,9,24,1,INSUFFICIENT_RECOVERY_RESERVE,8.218127250671387,OUTBOUND,-9.408980369567871,-0.42773977992838874,
1,13.944992065429688,1.1204643249511719,1.33616304397583,1.3087166547775269,12.888877208984923,5.193964396175483,-3.9589061737060547,582,9,25,0,,9.744142532348633,OUTBOUND,-9.485236167907715,-0.40392917170005854,
0,13.986804008483887,1.1207996606826782,0.13112647831439972,0.13520151376724243,12.905600908008637,5.181705372958652,-3.920017957687378,583,9,26,1,NOMINAL_OUTSIDE_CERTIFIED_SET,12.780138969421387,OUTBOUND,-9.53658676147461,-0.4100381482356291,
0,13.927738189697266,1.1211332082748413,1.3236267566680908,1.2921044826507568,12.920484950009268,5.169412049920198,-3.853640556335449,584,9,27,1,NOMINAL_OUTSIDE_CERTIFIED_SET,6.308741092681885,OUTBOUND,-9.540873527526855,-0.45232630715558525,
0,13.935149192810059,1.1214666366577148,3.808840751647949,3.7346317768096924,12.93337198998779,5.157102402433355,-3.8948986530303955,585,9,28,1,INSUFFICIENT_RECOVERY_RESERVE,13.094482421875,OUTBOUND,-9.547510147094727,-0.4615012882956433,
0,13.98886775970459,1.1218000650405884,2.60117506980896,2.540879011154175,13.05520132399397,5.144808452278429,-3.899698495864868,586,9,29,1,NOMINAL_OUTSIDE_CERTIFIED_SET,8.050654411315918,OUTBOUND,-9.612177848815918,-0.47111373187777944,
0,14.006962776184082,1.1221328973770142,1.3246512413024902,1.2913570404052734,13.072036669997033,5.132495723295656,-3.881032705307007,587,9,30,1,INSUFFICIENT_RECOVERY_RESERVE,2.337533950805664,OUTBOUND,-9.641252517700195,-0.48022863880737005,
0,14.047530174255371,1.1224651336669922,2.5686285495758057,2.497509479522705,13.09002112899907,5.120200164661424,-3.8763315677642822,588,9,31,1,NOMINAL_OUTSIDE_CERTIFIED_SET,4.995246887207031,OUTBOUND,-9.70382022857666,-0.4896694025021263,
0,14.024374961853027,1.1227984428405762,2.6025476455688477,2.5435056686401367,13.105795435985783,5.107883527146691,-3.926581859588623,589,9,32,1,INSUFFICIENT_RECOVERY_RESERVE,4.003166198730469,OUTBOUND,-9.624711990356445,-0.49853204937529605,
0,14.022932052612305,1.1231324672698975,3.805379867553711,3.7021539211273193,13.119181207002839,5.095600501066571,-3.9181952476501465,590,9,33,1,INSUFFICIENT_RECOVERY_RESERVE,9.1773099899292,OUTBOUND,-9.653337478637695,-0.4533449279750299,
0,14.012736320495605,1.1234673261642456,1.3649357557296753,1.338513970375061,13.137695732002612,5.083329027033022,-3.919607639312744,591,9,34,1,NOMINAL_OUTSIDE_CERTIFIED_SET,5.944118499755859,OUTBOUND,-9.621964454650879,-0.46403359783568526,
0,13.924344062805176,1.123799204826355,1.3734374046325684,1.339863896369934,13.149966097989818,5.071033589265762,-3.819328546524048,592,9,35,1,INSUFFICIENT_RECOVERY_RESERVE,7.30095911026001,OUTBOUND,-9.625835418701172,-0.4739699605840786,
0,14.060232162475586,1.1241309642791748,0.18358971178531647,0.19652268290519714,13.165011760982452,5.058752164072688,-3.886298418045044,593,9,36,1,NOMINAL_OUTSIDE_CERTIFIED_SET,17.285419464111328,OUTBOUND,-9.652685165405273,-0.4841514822019479,
0,14.123113632202148,1.1244653463363647,2.6211981773376465,2.5514845848083496,13.179632576997392,5.046445120285616,-3.9658195972442627,594,9,37,1,INSUFFICIENT_RECOVERY_RESERVE,3.0197691917419434,OUTBOUND,-9.636235237121582,-0.4935676643551057,
0,14.096185684204102,1.1247981786727905,0.16831719875335693,0.18319974839687347,13.199662005994469,5.034154361575682,-3.8555760383605957,595,9,38,1,NOMINAL_OUTSIDE_CERTIFIED_SET,19.15015411376953,OUTBOUND,-9.678732872009277,-0.5031322630118377,
0,14.189613342285156,1.125131368637085,2.7240140438079834,2.65515398979187,13.218181267991895,5.021837559652452,-3.9009475708007812,596,9,39,1,INSUFFICIENT_RECOVERY_RESERVE,1.751270055770874,OUTBOUND,-9.743141174316406,-0.5119418653342697,
0,14.227974891662598,1.1254643201828003,3.8934712409973145,3.7847511768341064,13.241675505996682,5.009564189622315,-3.890989303588867,597,9,40,1,NOMINAL_OUTSIDE_CERTIFIED_SET,13.582070350646973,OUTBOUND,-9.825221061706543,-0.5033519789659042,
0,14.306356430053711,1.1257990598678589,1.388071060180664,1.361997127532959,13.256090388982557,4.9972801027783635,-3.9402573108673096,598,9,41,1,NOMINAL_OUTSIDE_CERTIFIED_SET,1.0583219528198242,OUTBOUND,-9.85212516784668,-0.5234088611092502,
0,14.328336715698242,1.1261332035064697,0.10805101692676544,0.11328595131635666,13.267928126006154,4.984973500997493,-3.883887767791748,599,9,42,1,INSUFFICIENT_RECOVERY_RESERVE,9.816718101501465,OUTBOUND,-9.906851768493652,-0.5020127111119722,
0,14.371953010559082,1.1264677047729492,1.3721119165420532,1.3367416858673096,13.39821241699974,4.972682941455194,-3.9035420417785645,600,9,43,1,NOMINAL_OUTSIDE_CERTIFIED_SET,2.955796718597412,OUTBOUND,-9.948010444641113,-0.5114591722099591,
0,14.353128433227539,1.1268014907836914,1.3896324634552002,1.3586944341659546,13.410063529998297,4.960367858167444,-3.8781774044036865,601,9,44,1,INSUFFICIENT_RECOVERY_RESERVE,1.428192377090454,OUTBOUND,-9.96318531036377,-0.520093495813368,
0,14.435453414916992,1.1271367073059082,2.700894594192505,2.6305794715881348,13.421883233007975,4.9480861625531185,-3.932938575744629,602,9,45,1,INSUFFICIENT_RECOVERY_RESERVE,11.578822135925293,OUTBOUND,-10.006570816040039,-0.4706277384865857,
0,14.387642860412598,1.1274733543395996,4.044703483581543,3.9313442707061768,13.435108345991466,4.935815458480993,-3.940096616744995,603,9,46,1,NOMINAL_OUTSIDE_CERTIFIED_SET,15.6549072265625,OUTBOUND,-9.97878360748291,-0.48155345677089856,
0,14.377384185791016,1.127810001373291,0.08991948515176773,0.09855327010154724,13.450546220003162,4.923531754781106,-3.8979363441467285,604,9,47,1,NOMINAL_OUTSIDE_CERTIFIED_SET,9.944971084594727,OUTBOUND,-9.995183944702148,-0.5354482831784281,
0,14.238304138183594,1.1281455755233765,4.020125389099121,3.9048047065734863,13.463899677008158,4.911237950507089,-3.8755760192871094,605,9,48,1,NO_GENERATOR_SET,10.346807479858398,OUTBOUND,-9.894813537597656,-0.5594938521443859,
0,14.36496353149414,1.1284821033477783,2.7255852222442627,2.6313228607177734,13.480621850991156,4.89893942836433,-3.9221694469451904,606,9,49,1,NO_GENERATOR_SET,2.6833784580230713,OUTBOUND,-9.976024627685547,-0.5578325086721444,
0,14.211908340454102,1.1288182735443115,3.9880106449127197,3.862802028656006,13.497478172008414,4.886643998031111,-3.8924672603607178,607,9,50,1,NO_GENERATOR_SET,7.667177200317383,OUTBOUND,-9.871015548706055,-0.5370853539528609,
0,14.257857322692871,1.1291555166244507,2.767918586730957,2.69472074508667,13.514380437001819,4.874359664011616,-3.929806709289551,608,9,51,1,NOMINAL_OUTSIDE_CERTIFIED_SET,8.688765525817871,OUTBOUND,-9.841266632080078,-0.5028780313013019,
0,14.360628128051758,1.129494309425354,0.29025688767433167,0.3254321217536926,13.529102589003742,4.862093321281966,-3.9415643215179443,609,9,52,1,NOMINAL_OUTSIDE_CERTIFIED_SET,22.721385955810547,OUTBOUND,-9.879922866821289,-0.4598926270506153,
0,14.379254341125488,1.1298327445983887,1.4626842737197876,1.4225952625274658,13.54517098100041,4.849850131642487,-3.8981382846832275,610,9,53,1,NOMINAL_OUTSIDE_CERTIFIED_SET,11.480616569519043,OUTBOUND,-9.925293922424316,-0.4119350292154082,
0,14.309349060058594,1.1301697492599487,1.5414944887161255,1.514184832572937,13.660942657996202,4.837633363008491,-3.8671672344207764,611,9,54,1,NOMINAL_OUTSIDE_CERTIFIED_SET,10.882955551147461,OUTBOUND,-9.885733604431152,-0.36201646354902245,
0,14.478178024291992,1.1305066347122192,1.4957046508789062,1.4556077718734741,13.681524379993789,4.8254445152172245,-3.8957860469818115,612,9,55,1,NOMINAL_OUTSIDE_CERTIFIED_SET,8.078682899475098,OUTBOUND,-10.004337310791016,-0.31244443356398605,
1,14.512860298156738,1.130843162536621,2.7528536319732666,2.664890766143799,13.702492395008449,4.81329124591593,-3.890151023864746,613,9,56,0,,2.307904005050659,OUTBOUND,-10.055767059326172,-0.27981790952647667,
0,14.534912109375,1.1311780214309692,1.4664264917373657,1.4278745651245117,13.724682722997386,4.80112685173109,-3.850087881088257,614,9,57,1,NOMINAL_OUTSIDE_CERTIFIED_SET,5.095401287078857,OUTBOUND,-10.119938850402832,-0.2459428601922576,
1,14.670358657836914,1.1315133571624756,1.5188528299331665,1.472482681274414,13.739455831004307,4.788996156943063,-3.910435438156128,615,9,58,0,,2.911928653717041,OUTBOUND,-10.193273544311523,-0.23026537869458874,
1,14.79975414276123,1.1318501234054565,1.46745765209198,1.4322162866592407,13.758000829984667,4.776832349443069,-3.9318838119506836,616,9,59,0,,1.606671690940857,OUTBOUND,-10.286290168762207,-0.24399960309196642,
0,14.803068161010742,1.1321877241134644,1.4683881998062134,1.4367198944091797,13.775873990001855,4.764671651996151,-3.92157244682312,617,9,60,1,NOMINAL_OUTSIDE_CERTIFIED_SET,3.2596120834350586,OUTBOUND,-10.316099166870117,-0.21301881287059787,
0,14.728585243225098,1.1325244903564453,2.8716461658477783,2.795191764831543,13.794075288984459,4.752559628615678,-3.8793535232543945,618,9,61,1,NOMINAL_OUTSIDE_CERTIFIED_SET,8.425970077514648,OUTBOUND,-10.319438934326172,-0.14956841429271672,
0,14.797322273254395,1.1328611373901367,0.15101483464241028,0.15989935398101807,13.809034856996732,4.74048684680875,-3.8918278217315674,619,9,62,1,NOMINAL_OUTSIDE_CERTIFIED_SET,2.1262311935424805,FAILURE,-10.354447364807129,-0.09769807849295709,
0,14.832027435302734,1.1331981420516968,1.5317014455795288,1.4878610372543335,13.831941807991825,5.4879676,-3.906388282775879,620,10,1,1,NOMINAL_OUTSIDE_CERTIFIED_SET,4.79017972946167,OUTBOUND,-10.396296501159668,-0.01020132358994201,
1,14.900609970092773,1.133538007736206,0.10763676464557648,0.13471166789531708,13.851488218002487,5.475929427472696,-3.9782180786132812,621,10,2,0,,7.277673721313477,OUTBOUND,-10.36994743347168,-0.00765950878495555,
1,14.84981632232666,1.1338776350021362,1.501059651374817,1.4620710611343384,13.866918602987425,5.463868892549487,-3.899366617202759,622,10,3,0,,5.2158026695251465,OUTBOUND,-10.427986145019531,-0.026841915039388486,
0,14.94591999053955,1.1342182159423828,1.5387213230133057,1.4943513870239258,13.881585602008272,5.45175850022073,-3.9294841289520264,623,10,4,1,NOMINAL_OUTSIDE_CERTIFIED_SET,5.668218612670898,OUTBOUND,-10.48843002319336,-0.045675908725782095,
0,14.883298873901367,1.1345590353012085,1.5672345161437988,1.522508978843689,13.897723336995114,5.439620520709418,-3.916555643081665,624,10,5,1,NOMINAL_OUTSIDE_CERTIFIED_SET,3.409984588623047,OUTBOUND,-10.446739196777344,-0.04254421637316079,
1,14.782705307006836,1.1349012851715088,4.390454292297363,4.253491401672363,14.006297055981122,5.427469406225064,-3.942248582839966,625,10,6,0,,14.797773361206055,OUTBOUND,-10.355183601379395,-0.07105507948570204,
1,14.851318359375,1.1352431774139404,1.5126060247421265,1.4715721607208252,14.01954143398325,5.4152840423484925,-3.905034303665161,626,10,7,0,,3.6773521900177,OUTBOUND,-10.442206382751465,-0.12398249741664456,
1,14.782459259033203,1.1355844736099243,1.5255818367004395,1.4820324182510376,14.033966630988289,5.403083418381945,-3.890483856201172,627,10,8,0,,2.8996872901916504,OUTBOUND,-10.380000114440918,-0.16290226321772333,
0,14.827298164367676,1.1359267234802246,2.929475784301758,2.8335964679718018,14.046408447989961,5.390822863725363,-3.9346981048583984,628,10,9,1,NOMINAL_OUTSIDE_CERTIFIED_SET,5.212479591369629,OUTBOUND,-10.388345718383789,-0.16363316936136182,
0,14.773792266845703,1.1362676620483398,0.18291893601417542,0.19728204607963562,14.061560942005599,5.378563403916721,-3.877249240875244,629,10,10,1,NOMINAL_OUTSIDE_CERTIFIED_SET,17.76692771911621,OUTBOUND,-10.362951278686523,-0.14614817041107556,
0,14.789824485778809,1.1366091966629028,4.2715888023376465,4.134645938873291,14.07455252399086,5.3662970260741965,-3.920656442642212,630,10,11,1,NOMINAL_OUTSIDE_CERTIFIED_SET,9.381373405456543,OUTBOUND,-10.347526550292969,-0.1459536436884696,
0,14.801210403442383,1.1369506120681763,1.5441206693649292,1.5044798851013184,14.088751984992996,5.354032145849415,-3.9025821685791016,631,10,12,1,NOMINAL_OUTSIDE_CERTIFIED_SET,9.666190147399902,OUTBOUND,-10.35600471496582,-0.160106458719035,
0,14.819058418273926,1.1372926235198975,0.22281432151794434,0.22973331809043884,14.10431233199779,5.341760335762286,-3.9278509616851807,632,10,13,1,NOMINAL_OUTSIDE_CERTIFIED_SET,22.974950790405273,OUTBOUND,-10.29227066040039,-0.18009814412053193,
0,14.945362091064453,1.1376349925994873,1.5636847019195557,1.5200421810150146,14.118887480988633,5.3294711811072535,-3.9154155254364014,633,10,14,1,NOMINAL_OUTSIDE_CERTIFIED_SET,5.63055944442749,OUTBOUND,-10.42853832244873,-0.19821846620552108,
0,15.085606575012207,1.1379773616790771,0.1555163711309433,0.14998336136341095,14.133589650009526,5.31716001400924,-3.9091475009918213,634,10,15,1,INSUFFICIENT_RECOVERY_RESERVE,10.56942081451416,OUTBOUND,-10.553773880004883,-0.20809829553417394,
0,15.158770561218262,1.1383205652236938,0.10976406931877136,0.11714022606611252,14.14866544099641,5.304863622944687,-3.93235182762146,635,10,16,1,NOMINAL_OUTSIDE_CERTIFIED_SET,5.378644943237305,OUTBOUND,-10.5948486328125,-0.23427829200807843,
0,15.119027137756348,1.138663411140442,3.0022401809692383,2.9198451042175293,14.161390052002389,5.292540114783311,-3.9006283283233643,636,10,17,1,INSUFFICIENT_RECOVERY_RESERVE,5.424524307250977,OUTBOUND,-10.616728782653809,-0.25976835377666924,
0,15.124489784240723,1.1390058994293213,4.50225830078125,4.389019012451172,14.181053837004583,5.280233981833796,-3.9001731872558594,637,10,18,1,NOMINAL_OUTSIDE_CERTIFIED_SET,19.7760009765625,OUTBOUND,-10.666581153869629,-0.28604467481577145,
0,15.176685333251953,1.1393488645553589,3.035294532775879,2.9529154300689697,14.199050327006262,5.267901590173846,-3.9202206134796143,638,10,19,1,INSUFFICIENT_RECOVERY_RESERVE,9.264361381530762,OUTBOUND,-10.708374977111816,-0.3109792046186951,
1,15.188838005065918,1.1396923065185547,0.10975708812475204,0.12599091231822968,14.315502212994033,5.255609534541304,-3.9218385219573975,639,10,20,0,,7.263472557067871,OUTBOUND,-10.702970504760742,-0.3019784903299701,
0,15.1742525100708,1.1400359869003296,1.604346752166748,1.5681818723678589,14.326588953990722,5.243282188639451,-3.9204964637756348,640,10,21,1,INSUFFICIENT_RECOVERY_RESERVE,3.3737854957580566,OUTBOUND,-10.712336540222168,-0.29372786644580884,
0,15.21307373046875,1.140379548072815,0.11707354336977005,0.13809409737586975,14.341453244996956,5.230970221518258,-3.9044246673583984,641,10,22,1,NOMINAL_OUTSIDE_CERTIFIED_SET,9.378637313842773,OUTBOUND,-10.736515045166016,-0.3231372920522195,
0,15.214500427246094,1.140722393989563,0.09107423573732376,0.11662770062685013,14.355190481990576,5.218643822756243,-3.8931362628936768,642,10,23,1,INSUFFICIENT_RECOVERY_RESERVE,8.96449089050293,OUTBOUND,-10.742585182189941,-0.349902364031691,
1,15.24083137512207,1.1410647630691528,3.1054575443267822,3.0018746852874756,14.373317553981906,5.206363250112319,-3.893843412399292,643,10,24,0,,13.107998847961426,OUTBOUND,-10.79550838470459,-0.35141543335110453,
0,15.213964462280273,1.141406536102295,0.1150437444448471,0.1380382925271988,14.393839195981855,5.194034666097411,-3.891352653503418,644,10,25,1,NOMINAL_OUTSIDE_CERTIFIED_SET,7.730595111846924,OUTBOUND,-10.755939483642578,-0.40249028060696423,
0,15.258974075317383,1.1417495012283325,1.5828405618667603,1.5455799102783203,14.410398325009737,5.181692292755065,-3.935537338256836,645,10,26,1,INSUFFICIENT_RECOVERY_RESERVE,2.5452237129211426,OUTBOUND,-10.730862617492676,-0.42485507889138174,
0,15.408645629882812,1.1420929431915283,0.09850853681564331,0.10590051859617233,14.42732527400949,5.169392261384429,-3.922135829925537,646,10,27,1,NOMINAL_OUTSIDE_CERTIFIED_SET,5.439122200012207,OUTBOUND,-10.897597312927246,-0.4325776961608895,
0,15.394133567810059,1.1424367427825928,0.16132228076457977,0.17038339376449585,14.44425510900328,5.1570905605122235,-3.9164199829101562,647,10,28,1,NO_GENERATOR_SET,6.793519973754883,OUTBOUND,-10.866521835327148,-0.4681410692132384,
0,15.50141429901123,1.142781376838684,1.5868827104568481,1.5408231019973755,14.459180170000764,5.14479061755538,-3.9314963817596436,648,10,29,1,NO_GENERATOR_SET,2.7997488975524902,OUTBOUND,-10.967369079589844,-0.47931129958140334,
0,15.449915885925293,1.1431258916854858,3.219696521759033,3.1377267837524414,14.472762416000478,5.132484690157319,-3.9102277755737305,649,10,30,1,INSUFFICIENT_RECOVERY_RESERVE,15.318981170654297,OUTBOUND,-10.990032196044922,-0.45883426350747236,
0,15.439821243286133,1.143471121788025,1.6419692039489746,1.6065086126327515,14.579513589997077,5.120194622719093,-3.9279778003692627,650,10,31,1,NOMINAL_OUTSIDE_CERTIFIED_SET,5.613239288330078,OUTBOUND,-10.970251083374023,-0.47270486638868825,
0,15.399231910705566,1.1438148021697998,0.14738008379936218,0.1516607403755188,14.593914812983712,5.107882159000927,-3.873614549636841,651,10,32,1,INSUFFICIENT_RECOVERY_RESERVE,3.4165823459625244,OUTBOUND,-10.978888511657715,-0.48533384747025876,
0,15.342704772949219,1.144158124923706,3.1407885551452637,3.0420708656311035,14.610721928009298,5.095602832793226,-3.8957908153533936,652,10,33,1,INSUFFICIENT_RECOVERY_RESERVE,9.220356941223145,OUTBOUND,-10.923506736755371,-0.44192451049164666,
0,15.39434814453125,1.1444995403289795,0.11112424731254578,0.11440708488225937,14.62480319198221,5.083334229231333,-3.8523354530334473,653,10,34,1,NOMINAL_OUTSIDE_CERTIFIED_SET,10.159027099609375,OUTBOUND,-10.998218536376953,-0.4551363448721717,
0,15.406331062316895,1.1448405981063843,3.137423276901245,3.039759635925293,14.637390922987834,5.071041505738037,-3.8943419456481934,654,10,35,1,INSUFFICIENT_RECOVERY_RESERVE,8.220125198364258,OUTBOUND,-10.953807830810547,-0.4672293998969696,
0,15.329514503479004,1.1451820135116577,0.15888917446136475,0.18370409309864044,14.656012380990433,5.0587620999693135,-3.910151720046997,655,10,36,1,NOMINAL_OUTSIDE_CERTIFIED_SET,16.674753189086914,OUTBOUND,-10.826334953308105,-0.4788688726463005,
0,15.42972469329834,1.145524024963379,1.7322932481765747,1.691159963607788,14.667390429007355,5.046457495571113,-3.915579319000244,656,10,37,1,INSUFFICIENT_RECOVERY_RESERVE,6.619141101837158,OUTBOUND,-10.919589042663574,-0.48953015030836194,
0,15.537817001342773,1.1458666324615479,1.6598265171051025,1.6048800945281982,14.6844964690099,5.0341685401320655,-3.9175095558166504,657,10,38,1,NOMINAL_OUTSIDE_CERTIFIED_SET,1.0395442247390747,OUTBOUND,-11.045363426208496,-0.49982956386563154,
0,15.521904945373535,1.1462087631225586,0.14065177738666534,0.14871849119663239,14.697118402982596,5.021853980427061,-3.8871026039123535,658,10,39,1,INSUFFICIENT_RECOVERY_RESERVE,12.85659122467041,OUTBOUND,-11.005701065063477,-0.5092693221320226,
0,15.56889820098877,1.146551251411438,1.762772560119629,1.7220232486724854,14.71739625299233,5.009572740477108,-3.9136714935302734,659,10,40,1,INSUFFICIENT_RECOVERY_RESERVE,3.4087798595428467,OUTBOUND,-11.016350746154785,-0.4615500627231567,
0,15.542526245117188,1.1468939781188965,1.6831036806106567,1.6509041786193848,14.732175459997961,4.997302315098827,-3.9097321033477783,660,10,41,1,NOMINAL_OUTSIDE_CERTIFIED_SET,0.5734595060348511,OUTBOUND,-11.022006034851074,-0.47275069016772875,
0,15.714759826660156,1.1472373008728027,0.13307613134384155,0.1349671185016632,14.750521474983543,4.985018283651383,-3.9173223972320557,661,10,42,1,NOMINAL_OUTSIDE_CERTIFIED_SET,8.437348365783691,OUTBOUND,-11.153347969055176,-0.5258006164447488,
0,15.794078826904297,1.1475805044174194,0.10176307708024979,0.09110135585069656,14.763792171987006,4.972723587858426,-3.902944564819336,662,10,43,1,NO_GENERATOR_SET,3.311878204345703,OUTBOUND,-11.2640380859375,-0.5494520353145667,
0,15.805424690246582,1.1479228734970093,3.3209707736968994,3.2367382049560547,14.783183316991199,4.960423914885021,-3.8780248165130615,663,10,44,1,NO_GENERATOR_SET,18.648420333862305,OUTBOUND,-11.342469215393066,-0.5480142481454882,
0,15.827775955200195,1.1482659578323364,0.08023685216903687,0.08383524417877197,14.797789892007131,4.9481133241271165,-3.9218974113464355,664,10,45,1,INSUFFICIENT_RECOVERY_RESERVE,6.835039138793945,OUTBOUND,-11.29834270477295,-0.5161080454650258,
1,15.854288101196289,1.148608684539795,0.0767696350812912,0.08144987374544144,14.914875496004242,4.93584301390842,-3.8917853832244873,665,10,46,0,,0.9192808866500854,OUTBOUND,-11.377754211425781,-0.4801123776478836,
1,15.739863395690918,1.1489503383636475,1.768882155418396,1.7287617921829224,14.928821617999347,4.923550445495505,-3.872965097427368,666,10,47,0,,5.562607288360596,OUTBOUND,-11.287026405334473,-0.4769558391849234,
0,15.893755912780762,1.1492918729782104,0.21844205260276794,0.22142274677753448,14.942650482989848,4.911215032700413,-3.8930251598358154,667,10,48,1,INSUFFICIENT_RECOVERY_RESERVE,5.326349258422852,OUTBOUND,-11.426974296569824,-0.4616240865751607,
0,15.695928573608398,1.1496336460113525,6.752480983734131,6.539040565490723,14.96439847399597,4.898900166710183,-3.9053826332092285,668,10,49,1,NOMINAL_OUTSIDE_CERTIFIED_SET,34.17421340942383,OUTBOUND,-11.272232055664062,-0.47383284774288376,
1,15.667706489562988,1.1499762535095215,1.715086817741394,1.661149501800537,14.984478667000076,4.886581700727245,-3.9168269634246826,669,10,50,0,,1.934251070022583,OUTBOUND,-11.23383903503418,-0.4892969907701495,
0,15.727373123168945,1.1503196954727173,1.719424843788147,1.6686547994613647,15.002633405994857,4.874312111433576,-3.9258291721343994,670,10,51,1,NOMINAL_OUTSIDE_CERTIFIED_SET,5.971642971038818,OUTBOUND,-11.269688606262207,-0.48336771103313014,
1,15.663329124450684,1.1506626605987549,0.1544368863105774,0.1820254623889923,15.021864010981517,4.86203829521751,-3.887645959854126,671,10,52,0,,19.187088012695312,OUTBOUND,-11.196019172668457,-0.49909921583516503,
0,15.648009300231934,1.1510072946548462,3.356339693069458,3.253110885620117,15.044074139004806,4.849766828154466,-3.9448652267456055,672,10,53,1,NOMINAL_OUTSIDE_CERTIFIED_SET,1.7637437582015991,OUTBOUND,-11.10090446472168,-0.4929626135798924,
0,15.735130310058594,1.1513516902923584,0.23965921998023987,0.24193629622459412,15.063645657995949,4.837498637741247,-3.896162271499634,673,10,54,1,NOMINAL_OUTSIDE_CERTIFIED_SET,21.76455307006836,OUTBOUND,-11.20401382446289,-0.4701286039152652,
0,15.752347946166992,1.1516956090927124,1.7492843866348267,1.6940457820892334,15.079204198002117,4.825241514810621,-3.8910038471221924,674,10,55,1,NOMINAL_OUTSIDE_CERTIFIED_SET,7.934164047241211,OUTBOUND,-11.21996021270752,-0.43673142288595534,
0,15.78843879699707,1.1520401239395142,1.8255808353424072,1.7786227464675903,15.095258527988335,4.813001686456658,-3.919989585876465,675,10,56,1,NOMINAL_OUTSIDE_CERTIFIED_SET,9.581521987915039,OUTBOUND,-11.19653606414795,-0.39671619853829054,
1,15.89148235321045,1.1523849964141846,0.20280757546424866,0.19337280094623566,15.110591970005771,4.800778609486058,-3.909975290298462,676,10,57,0,,16.75223159790039,OUTBOUND,-11.275328636169434,-0.3594122805077551,
0,16.09587860107422,1.1527315378189087,0.15452280640602112,0.13426539301872253,15.126254111004528,4.788566384171403,-3.95257830619812,677,10,58,1,NOMINAL_OUTSIDE_CERTIFIED_SET,13.937336921691895,OUTBOUND,-11.420028686523438,-0.31919522906904907,
0,16.236852645874023,1.1530781984329224,0.11168667674064636,0.10031099617481232,15.250843160989461,4.77638496250061,-3.9070396423339844,678,10,59,1,NOMINAL_OUTSIDE_CERTIFIED_SET,5.907018661499023,OUTBOUND,-11.615474700927734,-0.27219607358895265,
0,16.314559936523438,1.1534249782562256,0.09395617246627808,0.10242312401533127,15.266452192008728,4.764233169009029,-3.9136393070220947,679,10,60,1,NOMINAL_OUTSIDE_CERTIFIED_SET,4.78151273727417,OUTBOUND,-11.708307266235352,-0.2280817195310171,
0,16.282007217407227,1.1537705659866333,0.07809463888406754,0.09124211966991425,15.283835718990304,4.752108952222795,-3.875875473022461,680,10,61,1,NOMINAL_OUTSIDE_CERTIFIED_SET,4.095423221588135,OUTBOUND,-11.737866401672363,-0.18768086755443647,
1,16.34847640991211,1.154115080833435,1.9150900840759277,1.886315941810608,15.297540002997266,4.740004031659141,-3.873307228088379,681,10,62,0,,21.75312614440918,OUTBOUND,-11.86838150024414,-0.1784642544204436,
0,16.33599281311035,1.1544578075408936,1.906543254852295,1.8658324480056763,15.313199363008607,4.727878060289158,-3.856947898864746,682,10,63,1,NOMINAL_OUTSIDE_CERTIFIED_SET,23.545148849487305,OUTBOUND,-11.913309097290039,-0.16569356152801942,
0,16.22992515563965,1.1548010110855103,1.8956825733184814,1.8398699760437012,15.329066232981859,4.715783528627331,-3.907309055328369,683,10,64,1,NOMINAL_OUTSIDE_CERTIFIED_SET,16.946022033691406,OUTBOUND,-11.784015655517578,-0.12365894700372397,
0,16.232446670532227,1.1551449298858643,1.8995462656021118,1.8177968263626099,15.343474533001427,4.703715403035213,-3.9165170192718506,684,10,65,1,NOMINAL_OUTSIDE_CERTIFIED_SET,16.78383445739746,FAILURE,-11.805196762084961,-0.088509160779267,
0,16.081432342529297,1.155488133430481,0.06339764595031738,0.07811437547206879,15.36651071999222,5.4879676,-3.879455089569092,685,11,1,1,NOMINAL_OUTSIDE_CERTIFIED_SET,6.445058822631836,OUTBOUND,-11.660279273986816,-0.01020132358994201,
0,16.09408187866211,1.1558310985565186,0.15589773654937744,0.1793956458568573,15.38014031300554,5.4758992,-3.8902268409729004,686,11,2,1,NOMINAL_OUTSIDE_CERTIFIED_SET,10.208898544311523,OUTBOUND,-11.638261795043945,-0.01133557945106046,
0,15.998379707336426,1.1561733484268188,3.5878453254699707,3.468892812728882,15.400212640000973,5.4637948,-3.8763279914855957,687,11,3,1,NOMINAL_OUTSIDE_CERTIFIED_SET,8.610157012939453,OUTBOUND,-11.576272964477539,-0.015383460743156973,
0,16.000938415527344,1.1565165519714355,1.8690619468688965,1.8458762168884277,15.419550906983204,5.4516544,-3.918668270111084,688,11,4,1,NOMINAL_OUTSIDE_CERTIFIED_SET,8.78381633758545,OUTBOUND,-11.509330749511719,-0.024272287792003466,
0,15.936881065368652,1.156857967376709,3.564950704574585,3.4645578861236572,15.552022847987246,5.439477999999999,-3.846691131591797,689,11,5,1,NOMINAL_OUTSIDE_CERTIFIED_SET,1.8994756937026978,OUTBOUND,-11.508420944213867,-0.03987839345533087,
0,15.941614151000977,1.1572000980377197,3.637761116027832,3.536938190460205,15.56634631298948,5.427265599999999,-3.912169933319092,690,11,6,1,NOMINAL_OUTSIDE_CERTIFIED_SET,7.383273601531982,OUTBOUND,-11.412188529968262,-0.06395244360685569,
1,16.0201473236084,1.1575419902801514,0.2810972332954407,0.26353201270103455,15.581322926009307,5.415042906352464,-3.884047746658325,691,11,7,0,,25.9608097076416,OUTBOUND,-11.473291397094727,-0.09935554132885603,
0,16.130069732666016,1.1578840017318726,0.2846493422985077,0.2368384599685669,15.596670411003288,5.402767862334205,-3.893739700317383,692,11,8,1,NOMINAL_OUTSIDE_CERTIFIED_SET,27.63734245300293,OUTBOUND,-11.504059791564941,-0.1398082779373779,
1,16.21143341064453,1.1582248210906982,3.6503844261169434,3.549013137817383,15.609928924008273,5.390491138919152,-3.860915422439575,693,11,9,0,,2.768760919570923,OUTBOUND,-11.630352020263672,-0.1837657608770579,
0,16.466100692749023,1.1585670709609985,0.20297963917255402,0.15217721462249756,15.624748942995211,5.378200111071308,-3.9255874156951904,694,11,10,1,NOMINAL_OUTSIDE_CERTIFIED_SET,17.087440490722656,OUTBOUND,-11.789542198181152,-0.22022614028874077,
0,16.515811920166016,1.1589092016220093,0.14207440614700317,0.11719922721385956,15.642722719989251,5.365908617070331,-3.8862721920013428,695,11,11,1,NOMINAL_OUTSIDE_CERTIFIED_SET,8.093024253845215,OUTBOUND,-11.897807121276855,-0.24561635652477293,
0,16.536746978759766,1.1592516899108887,0.09239478409290314,0.0966891422867775,15.66095236100955,5.353606703057692,-3.9014718532562256,696,11,12,1,INSUFFICIENT_RECOVERY_RESERVE,3.177865982055664,OUTBOUND,-11.889480590820312,-0.255327207299037,
1,16.6876220703125,1.1595947742462158,0.08727617561817169,0.10237418115139008,15.682867716997862,5.34134686405324,-3.907647132873535,697,11,13,0,,5.503912448883057,OUTBOUND,-12.073501586914062,-0.25266858574675494,
0,16.808931350708008,1.1599394083023071,0.13970577716827393,0.15704917907714844,15.702227558998857,5.329077539084273,-3.9340128898620605,698,11,14,1,NOMINAL_OUTSIDE_CERTIFIED_SET,15.598904609680176,OUTBOUND,-12.215178489685059,-0.2781544590214054,
0,16.846235275268555,1.1602839231491089,0.11087498813867569,0.1042214184999466,15.718134038994322,5.316787900374524,-3.8918392658233643,699,11,15,1,INSUFFICIENT_RECOVERY_RESERVE,15.465378761291504,OUTBOUND,-12.32658576965332,-0.3004799319063872,
1,16.654029846191406,1.1606286764144897,2.0263712406158447,1.952761173248291,15.732403273985256,5.304533675640363,-3.902830123901367,700,11,16,0,,18.95060920715332,OUTBOUND,-12.15113639831543,-0.29403894385418566,
0,16.690570831298828,1.160974144935608,2.0300374031066895,1.9375923871994019,15.746743591997074,5.292268601764054,-3.91640567779541,701,11,17,1,NOMINAL_OUTSIDE_CERTIFIED_SET,23.54669952392578,OUTBOUND,-12.21390438079834,-0.3203606481037114,
0,16.48650550842285,1.1613200902938843,3.9828386306762695,3.82342267036438,15.761927669984289,5.2799888029699895,-3.909391403198242,702,11,18,1,INSUFFICIENT_RECOVERY_RESERVE,24.265823364257812,OUTBOUND,-12.074979782104492,-0.3375210544694576,
1,16.39851188659668,1.1616663932800293,3.828275203704834,3.6821038722991943,15.77682874299353,5.267717000248295,-3.9071037769317627,703,11,19,0,,13.768841743469238,OUTBOUND,-12.000528335571289,-0.32822459917339697,
0,16.41177749633789,1.1620135307312012,0.13992531597614288,0.1938067078590393,15.90006484100013,5.255450398430306,-3.921657085418701,704,11,20,1,NOMINAL_OUTSIDE_CERTIFIED_SET,18.507917404174805,OUTBOUND,-11.964371681213379,-0.3510662982076631,
0,16.32179069519043,1.1623601913452148,0.21510010957717896,0.26769259572029114,15.921918906999053,5.243160038561635,-3.891681671142578,705,11,21,1,NOMINAL_OUTSIDE_CERTIFIED_SET,20.27716827392578,OUTBOUND,-11.860833168029785,-0.3991143349849342,
0,16.214752197265625,1.1627082824707031,3.790158271789551,3.6937482357025146,15.937108754995279,5.2308539385328885,-3.935166358947754,706,11,22,1,INSUFFICIENT_RECOVERY_RESERVE,8.968575477600098,OUTBOUND,-11.670642852783203,-0.4093438332117557,
1,16.375019073486328,1.1630579233169556,0.3264143466949463,0.34298327565193176,15.951093969983049,5.218587974161651,-3.9460129737854004,707,11,23,0,,32.06615447998047,OUTBOUND,-11.733941078186035,-0.38065354991457834,
0,16.554100036621094,1.163408875465393,0.37522590160369873,0.33600878715515137,15.971793843986234,5.206319998489529,-3.9442336559295654,708,11,24,1,NOMINAL_OUTSIDE_CERTIFIED_SET,33.119110107421875,OUTBOUND,-11.830801963806152,-0.3967838200583219,
1,16.663673400878906,1.1637598276138306,0.23360790312290192,0.18108786642551422,15.986947958008386,5.194038520800999,-3.907930374145508,709,11,25,0,,23.061962127685547,OUTBOUND,-11.956829071044922,-0.4121848738761605,
0,16.832809448242188,1.1641124486923218,1.9778821468353271,1.9318381547927856,16.002473106986145,5.181752390614063,-3.956267833709717,710,11,26,1,NOMINAL_OUTSIDE_CERTIFIED_SET,3.660501718521118,OUTBOUND,-12.103158950805664,-0.4142886600633249,
0,17.01003646850586,1.1644656658172607,0.10933061689138412,0.07617991417646408,16.01574152999092,5.169459315030395,-3.9294753074645996,711,11,27,1,NOMINAL_OUTSIDE_CERTIFIED_SET,7.32027006149292,OUTBOUND,-12.311330795288086,-0.43528033945345956,
0,17.014429092407227,1.1648199558258057,1.998173713684082,1.990787148475647,16.032713861990487,5.157149984975405,-3.9454076290130615,712,11,28,1,INSUFFICIENT_RECOVERY_RESERVE,11.930427551269531,OUTBOUND,-12.348284721374512,-0.42209176027729073,
0,17.100269317626953,1.1651736497879028,2.082420587539673,2.089816093444824,16.053973900008714,5.14485563530131,-3.902682304382324,713,11,29,1,NOMINAL_OUTSIDE_CERTIFIED_SET,20.476882934570312,OUTBOUND,-12.528305053710938,-0.43758455633047816,
0,17.085987091064453,1.1655261516571045,0.08871221542358398,0.10468567907810211,16.0687884259969,5.132540760585848,-3.885748863220215,714,11,30,1,INSUFFICIENT_RECOVERY_RESERVE,9.230671882629395,OUTBOUND,-12.549515724182129,-0.45176362799120223,
1,17.08034896850586,1.165879487991333,2.1162612438201904,2.075570583343506,16.086919441993814,5.120245654769856,-3.937197685241699,715,11,31,0,,20.54231834411621,OUTBOUND,-12.524311065673828,-0.4137221622093465,
0,17.06618881225586,1.1662325859069824,0.09468092024326324,0.08761104941368103,16.109539770986885,5.107976863018401,-3.9065191745758057,716,11,32,1,NOMINAL_OUTSIDE_CERTIFIED_SET,7.230041980743408,OUTBOUND,-12.536726951599121,-0.42764997328673593,
0,16.85538101196289,1.1665842533111572,2.144395112991333,2.064405679702759,16.22548733500298,5.095677317191417,-3.8760740756988525,717,11,33,1,NOMINAL_OUTSIDE_CERTIFIED_SET,10.660408020019531,OUTBOUND,-12.376155853271484,-0.49250094290476715,
0,16.991098403930664,1.1669365167617798,0.07980002462863922,0.09279359132051468,16.23753237799974,5.08335708406528,-3.927032232284546,718,11,34,1,INSUFFICIENT_RECOVERY_RESERVE,6.085345268249512,OUTBOUND,-12.448745727539062,-0.5017510840885697,
0,16.861909866333008,1.1672886610031128,6.058683395385742,5.768033027648926,16.25286700000288,5.071070805894098,-3.906613826751709,719,11,35,1,INSUFFICIENT_RECOVERY_RESERVE,29.849042892456055,OUTBOUND,-12.409636497497559,-0.45585281744140005,
0,16.7485294342041,1.167638897895813,0.11855697631835938,0.1890493929386139,16.27463514599367,5.05879624723644,-3.8624227046966553,720,11,36,1,NOMINAL_OUTSIDE_CERTIFIED_SET,16.641456604003906,OUTBOUND,-12.30671215057373,-0.46686042510622644,
0,16.7028751373291,1.1679892539978027,5.932888507843018,5.720547676086426,16.288896857993677,5.046500879272435,-3.9092671871185303,721,11,37,1,INSUFFICIENT_RECOVERY_RESERVE,14.095632553100586,OUTBOUND,-12.23036003112793,-0.47702684915403765,
1,16.632102966308594,1.1683391332626343,3.9778826236724854,3.8547534942626953,16.30470081299427,5.034234967931634,-3.891464948654175,722,11,38,0,,3.1271941661834717,OUTBOUND,-12.17259407043457,-0.43203352565847575,
0,16.539958953857422,1.1686893701553345,3.9554824829101562,3.851114273071289,16.31872055999702,5.02197753788632,-3.9122135639190674,723,11,39,1,NOMINAL_OUTSIDE_CERTIFIED_SET,8.727341651916504,OUTBOUND,-12.01628589630127,-0.4435531856422117,
0,16.610076904296875,1.1690406799316406,4.042913913726807,3.9125263690948486,16.335076902003493,5.009695209563058,-3.937054395675659,724,11,40,1,NOMINAL_OUTSIDE_CERTIFIED_SET,10.10938835144043,OUTBOUND,-12.007689476013184,-0.5041692203689538,
0,16.639331817626953,1.1693922281265259,2.219250202178955,2.120337724685669,16.34836515999632,4.997401326835846,-3.9093875885009766,725,11,41,1,NO_GENERATOR_SET,18.783666610717773,OUTBOUND,-12.040448188781738,-0.5425108065065969,
0,16.68140411376953,1.1697430610656738,0.4203036427497864,0.3322184383869171,16.363664361997508,4.98509923304931,-3.8923051357269287,726,11,42,1,NO_GENERATOR_SET,37.39985656738281,OUTBOUND,-12.025280952453613,-0.5524331514012135,
0,16.911470413208008,1.1700938940048218,0.4097369313240051,0.28442949056625366,16.381277532986132,4.972778579167097,-3.9022130966186523,727,11,43,1,INSUFFICIENT_RECOVERY_RESERVE,35.38620376586914,OUTBOUND,-12.183526992797852,-0.5251775501213749,
0,17.048728942871094,1.170444369316101,4.004632949829102,3.86999773979187,16.49862021600711,4.960491927515583,-3.896594762802124,728,11,44,1,INSUFFICIENT_RECOVERY_RESERVE,4.861703872680664,OUTBOUND,-12.34805965423584,-0.47542354883479,
0,17.170167922973633,1.1707942485809326,2.1143198013305664,2.042680263519287,16.51494126499165,4.948217226308733,-3.8895819187164307,729,11,45,1,NOMINAL_OUTSIDE_CERTIFIED_SET,5.590573787689209,OUTBOUND,-12.483331680297852,-0.48603306097638244,
0,17.313352584838867,1.1711422204971313,0.12087169289588928,0.10403501242399216,16.52772846998414,4.935920562872126,-3.8495821952819824,730,11,46,1,INSUFFICIENT_RECOVERY_RESERVE,7.443403244018555,OUTBOUND,-12.669198036193848,-0.49571571607248344,
1,17.29861831665039,1.1714917421340942,4.197320938110352,4.115868091583252,16.544026557996403,4.923665199700443,-3.940185546875,731,11,47,0,,20.58555793762207,OUTBOUND,-12.620463371276855,-0.4846834254023897,
0,17.3671932220459,1.1718418598175049,2.171891689300537,2.1255574226379395,16.56306280300487,4.91138539614304,-3.9136319160461426,732,11,48,1,NOMINAL_OUTSIDE_CERTIFIED_SET,15.008768081665039,OUTBOUND,-12.760465621948242,-0.5199959577404196,
0,17.42373275756836,1.1721915006637573,0.09660626947879791,0.11038236320018768,16.580415429983987,4.899096412145929,-3.892061233520508,733,11,49,1,NO_GENERATOR_SET,4.419394016265869,OUTBOUND,-12.809295654296875,-0.5480380287047574,
0,17.297086715698242,1.1725417375564575,2.1901659965515137,2.113400936126709,16.594945243996335,4.8868028292360295,-3.9133148193359375,734,11,50,1,NO_GENERATOR_SET,12.231663703918457,OUTBOUND,-12.702088356018066,-0.5497468797290951,
0,17.50162696838379,1.1728934049606323,0.1272972822189331,0.12135031819343567,16.6088778609992,4.874511950500811,-3.9405860900878906,735,11,51,1,NO_GENERATOR_SET,6.255000591278076,OUTBOUND,-12.893339157104492,-0.531790619080611,
0,17.383913040161133,1.1732455492019653,2.475351572036743,2.35486102104187,16.622371095989365,4.862231504446124,-3.917961359024048,736,11,52,1,NOMINAL_OUTSIDE_CERTIFIED_SET,18.999860763549805,OUTBOUND,-12.828916549682617,-0.49984616141985755,
0,17.2353515625,1.1735986471176147,2.1727592945098877,2.1090409755706787,16.638673527981155,4.849968277386904,-3.931063652038574,737,11,53,1,NOMINAL_OUTSIDE_CERTIFIED_SET,4.855645656585693,OUTBOUND,-12.68790054321289,-0.45865057758265054,
1,17.365110397338867,1.1739526987075806,0.09060636162757874,0.1346527636051178,16.653372553992085,4.837739773617189,-3.9336578845977783,738,11,54,0,,12.078231811523438,OUTBOUND,-12.79007339477539,-0.4257555006316884,
0,17.13372039794922,1.17430579662323,4.281088829040527,4.120719909667969,16.671560302987928,4.825487936040962,-3.8838512897491455,739,11,55,1,NOMINAL_OUTSIDE_CERTIFIED_SET,11.535015106201172,OUTBOUND,-12.624072074890137,-0.3866275190962951,
1,17.248884201049805,1.1746594905853271,2.1748335361480713,2.106321096420288,16.68563801498385,4.813292172104857,-3.9245126247406006,740,11,56,0,,1.9673057794570923,OUTBOUND,-12.675498962402344,-0.35173776216875263,
0,17.239896774291992,1.1750116348266602,0.18845294415950775,0.18764956295490265,16.701318100997014,4.80106273559285,-3.8693618774414062,741,11,57,1,NOMINAL_OUTSIDE_CERTIFIED_SET,22.08101463317871,OUTBOUND,-12.639762878417969,-0.31374423333733176,
1,17.281902313232422,1.1753650903701782,2.1726601123809814,2.0932505130767822,16.72453693798161,4.788891126340147,-3.9380061626434326,742,11,58,0,,7.703873634338379,OUTBOUND,-12.625201225280762,-0.2781533063776142,
0,17.401729583740234,1.175718903541565,0.2238471657037735,0.19170063734054565,16.743645421986002,4.77671560901965,-3.916904926300049,743,11,59,1,NOMINAL_OUTSIDE_CERTIFIED_SET,19.18564224243164,OUTBOUND,-12.715606689453125,-0.2420409379705116,
0,17.39031410217285,1.1760728359222412,0.2727184593677521,0.2428966760635376,16.86437317999662,4.764584041387449,-3.913975715637207,744,11,60,1,NOMINAL_OUTSIDE_CERTIFIED_SET,18.641313552856445,OUTBOUND,-12.692829132080078,-0.18215755638989317,
1,17.403860092163086,1.176426649093628,2.2345659732818604,2.158256769180298,16.879378532990813,4.752492317590087,-3.9026527404785156,745,11,61,0,,5.823477745056152,OUTBOUND,-12.718013763427734,-0.17374678805583205,
0,17.729345321655273,1.176781177520752,0.1252564787864685,0.10513991117477417,16.895108033990255,4.740361432913977,-3.9297237396240234,746,11,62,1,NOMINAL_OUTSIDE_CERTIFIED_SET,7.862188816070557,OUTBOUND,-13.002153396606445,-0.16165916432224647,
0,17.678009033203125,1.1771347522735596,0.10549420863389969,0.10623887926340103,16.90988310900866,4.728274201877853,-3.8837716579437256,747,11,63,1,NOMINAL_OUTSIDE_CERTIFIED_SET,5.490840911865234,FAILURE,-13.006117820739746,-0.10526212709857036,
0,17.674381256103516,1.1774877309799194,2.2921667098999023,2.264536142349243,16.929398507985752,5.4879676,-3.8916711807250977,748,12,1,1,NOMINAL_OUTSIDE_CERTIFIED_SET,15.49949836730957,OUTBOUND,-13.038451194763184,-0.01020132358994201,
0,17.783817291259766,1.1778419017791748,4.493099212646484,4.367626667022705,16.945885658002226,5.4758992,-3.935178518295288,749,12,2,1,NOMINAL_OUTSIDE_CERTIFIED_SET,28.501094818115234,OUTBOUND,-13.174627304077148,-0.01133557945106046,
0,17.706886291503906,1.1781964302062988,4.494329452514648,4.342490196228027,16.964852807985153,5.4637948,-3.917994499206543,750,12,3,1,NOMINAL_OUTSIDE_CERTIFIED_SET,31.128976821899414,OUTBOUND,-13.163429260253906,-0.015383460743156973,
0,17.67365264892578,1.178552508354187,0.10703933984041214,0.1252502202987671,16.979761741007678,5.4516544,-3.9487006664276123,751,12,4,1,NOMINAL_OUTSIDE_CERTIFIED_SET,3.4111573696136475,OUTBOUND,-13.077171325683594,-0.024272287792003466,
1,17.643299102783203,1.1789087057113647,2.268186330795288,2.177746534347534,16.993742013000883,5.439492907753958,-3.9149539470672607,752,12,5,0,,10.084114074707031,OUTBOUND,-13.088626861572266,-0.047205265171846957,
0,17.522138595581055,1.1792652606964111,2.244678020477295,2.192446231842041,17.009430981008336,5.427315793267586,-3.9236698150634766,753,12,6,1,NOMINAL_OUTSIDE_CERTIFIED_SET,5.5964789390563965,OUTBOUND,-12.960500717163086,-0.06734494792662364,
0,17.464494705200195,1.179620385169983,4.374162673950195,4.2009382247924805,17.02578940798412,5.415109248402022,-3.8753604888916016,754,12,7,1,NOMINAL_OUTSIDE_CERTIFIED_SET,6.914608001708984,OUTBOUND,-12.967034339904785,-0.0821111386172358,
1,17.40960693359375,1.1799750328063965,2.2678864002227783,2.246588706970215,17.043321459001163,5.402902879384912,-3.894798755645752,755,12,8,0,,14.353551864624023,OUTBOUND,-12.85938835144043,-0.09802591382679136,
0,17.421659469604492,1.18032968044281,0.2907940745353699,0.35123780369758606,17.05679969699122,5.390661067655852,-3.9094183444976807,756,12,9,1,NOMINAL_OUTSIDE_CERTIFIED_SET,31.09055519104004,OUTBOUND,-12.783544540405273,-0.1212144235283748,
1,17.533910751342773,1.18068528175354,2.32951021194458,2.270879030227661,17.164989238983253,5.378418556089445,-3.930086612701416,757,12,10,0,,10.678961753845215,OUTBOUND,-12.843628883361816,-0.15476013794380472,
0,17.476045608520508,1.1810410022735596,6.574539661407471,6.371302127838135,17.182497515983414,5.366171501131458,-3.9159979820251465,758,12,11,1,NOMINAL_OUTSIDE_CERTIFIED_SET,7.274896621704102,OUTBOUND,-12.820825576782227,-0.1849746843998849,
0,17.634634017944336,1.1813969612121582,2.3341541290283203,2.2416350841522217,17.197292606986593,5.353916455214573,-3.9139468669891357,759,12,12,1,NOMINAL_OUTSIDE_CERTIFIED_SET,12.500846862792969,OUTBOUND,-12.946977615356445,-0.21520174953839552,
0,17.848825454711914,1.181754469871521,0.2345445454120636,0.16905717551708221,17.21863953798311,5.341624607638484,-3.9488749504089355,760,12,13,1,NOMINAL_OUTSIDE_CERTIFIED_SET,23.865976333618164,OUTBOUND,-13.079851150512695,-0.2561211059157528,
0,17.767810821533203,1.182110071182251,4.472590446472168,4.33798885345459,17.23805573998834,5.329305742806873,-3.8662095069885254,761,12,14,1,INSUFFICIENT_RECOVERY_RESERVE,6.824299335479736,OUTBOUND,-13.118698120117188,-0.28452425437241974,
0,17.933603286743164,1.1824665069580078,0.14890296757221222,0.1320878565311432,17.252677329990547,5.317020707986387,-3.9298596382141113,762,12,15,1,INSUFFICIENT_RECOVERY_RESERVE,12.77039909362793,OUTBOUND,-13.182048797607422,-0.2779578254303134,
0,18.064577102661133,1.1828234195709229,0.1180628165602684,0.12283843755722046,17.271965114981867,5.304747498043787,-3.9229488372802734,763,12,16,1,NOMINAL_OUTSIDE_CERTIFIED_SET,3.6466588973999023,OUTBOUND,-13.35999584197998,-0.3011490070220793,
0,18.042621612548828,1.1831786632537842,0.09457850456237793,0.11446107178926468,17.28542567198747,5.292450711939056,-3.866058588027954,764,12,17,1,INSUFFICIENT_RECOVERY_RESERVE,3.184544324874878,OUTBOUND,-13.419547080993652,-0.3232606550495912,
0,18.035375595092773,1.183534026145935,0.22954398393630981,0.23815613985061646,17.299123337987112,5.280168096767282,-3.9122519493103027,765,12,18,1,NOMINAL_OUTSIDE_CERTIFIED_SET,3.09574294090271,OUTBOUND,-13.359184265136719,-0.3449124073668935,
0,18.066421508789062,1.1838880777359009,2.402578115463257,2.321080446243286,17.311621770000784,5.267861182121858,-3.8692288398742676,766,12,19,1,INSUFFICIENT_RECOVERY_RESERVE,16.9124755859375,OUTBOUND,-13.477062225341797,-0.3652674417992434,
0,18.161720275878906,1.1842409372329712,2.3861961364746094,2.290465831756592,17.325591241999064,5.2555705339656384,-3.8753433227539062,767,12,20,1,NOMINAL_OUTSIDE_CERTIFIED_SET,15.48684310913086,OUTBOUND,-13.577244758605957,-0.3849796987823173,
0,18.216909408569336,1.1845959424972534,2.4057722091674805,2.3057007789611816,17.441393504996086,5.243254845537854,-3.9544568061828613,768,12,21,1,INSUFFICIENT_RECOVERY_RESERVE,15.10799503326416,OUTBOUND,-13.565473556518555,-0.4033222093352366,
0,17.981048583984375,1.184950590133667,2.414699077606201,2.297367811203003,17.456647377985064,5.230972623411896,-3.8925435543060303,769,12,22,1,INSUFFICIENT_RECOVERY_RESERVE,13.448729515075684,OUTBOUND,-13.426071166992188,-0.3745716430250995,
0,17.97166633605957,1.1853047609329224,0.09890471398830414,0.14664262533187866,17.47800212999573,5.218701592599297,-3.894415855407715,770,12,23,1,NOMINAL_OUTSIDE_CERTIFIED_SET,12.150057792663574,OUTBOUND,-13.401325225830078,-0.3913086280459956,
0,17.88626480102539,1.1856576204299927,6.86995267868042,6.549126625061035,17.489907201001188,5.206408508053384,-3.866088390350342,771,12,24,1,INSUFFICIENT_RECOVERY_RESERVE,27.594343185424805,OUTBOUND,-13.410654067993164,-0.40694476382621514,
0,17.78471565246582,1.186010718345642,4.599785804748535,4.436026096343994,17.514327393000713,5.194140517231256,-3.906461238861084,772,12,25,1,NOMINAL_OUTSIDE_CERTIFIED_SET,7.347705364227295,OUTBOUND,-13.245346069335938,-0.4165530315573221,
0,17.677677154541016,1.1863634586334229,4.614101409912109,4.44672155380249,17.53083838900784,5.181861296644881,-3.8885035514831543,773,12,26,1,NOMINAL_OUTSIDE_CERTIFIED_SET,4.980152606964111,OUTBOUND,-13.180805206298828,-0.4567366277614531,
0,17.73062515258789,1.18671715259552,4.6385087966918945,4.4750518798828125,17.546878127992386,5.169574008454611,-3.921351909637451,774,12,27,1,NO_GENERATOR_SET,12.37519645690918,OUTBOUND,-13.13088321685791,-0.472635366016946,
0,17.767127990722656,1.1870719194412231,0.4268847405910492,0.41973432898521423,17.560991195001407,5.157268867738448,-3.928776741027832,775,12,28,1,INSUFFICIENT_RECOVERY_RESERVE,41.50954055786133,OUTBOUND,-13.078277587890625,-0.45493687542485295,
0,17.82962417602539,1.1874260902404785,4.63108491897583,4.4315032958984375,17.575208780996036,5.144979805502508,-3.8864965438842773,776,12,29,1,NOMINAL_OUTSIDE_CERTIFIED_SET,13.553662300109863,OUTBOUND,-13.149795532226562,-0.467653657138285,
0,17.7867488861084,1.1877775192260742,2.6152007579803467,2.458667516708374,17.587691513996106,5.132666359837416,-3.8279507160186768,777,12,30,1,INSUFFICIENT_RECOVERY_RESERVE,29.052043914794922,OUTBOUND,-13.118524551391602,-0.4793817838230706,
0,18.01818084716797,1.1881287097930908,0.36900949478149414,0.2807900011539459,17.600247138005216,5.120386155063878,-3.8859832286834717,778,12,31,1,INSUFFICIENT_RECOVERY_RESERVE,34.59754943847656,OUTBOUND,-13.221874237060547,-0.4369428200589357,
0,18.30295753479004,1.1884825229644775,0.23661041259765625,0.1763196885585785,17.61831786899711,5.10811692977654,-3.962294101715088,779,12,32,1,NOMINAL_OUTSIDE_CERTIFIED_SET,22.791606903076172,OUTBOUND,-13.41494369506836,-0.4496196572414461,
0,18.456008911132812,1.1888368129730225,2.4836483001708984,2.4466261863708496,17.632465753995348,5.0958260346425215,-3.908933639526367,780,12,33,1,INSUFFICIENT_RECOVERY_RESERVE,10.941791534423828,OUTBOUND,-13.66444206237793,-0.46131134822832404,
1,18.654281616210938,1.189192533493042,2.4612677097320557,2.4394805431365967,17.648997715994483,5.083552692089313,-3.9375438690185547,781,12,34,0,,22.648452758789062,OUTBOUND,-13.91372013092041,-0.408767224763446,
1,18.383350372314453,1.189548134803772,7.449874401092529,7.278165817260742,17.6650343129877,5.071318893911878,-3.9007222652435303,782,12,35,0,,49.87346267700195,OUTBOUND,-13.775111198425293,-0.38469618569824054,
1,18.466651916503906,1.1899046897888184,2.556954860687256,2.466827869415283,17.680052699986845,5.059061278838066,-3.9276845455169678,783,12,36,0,,20.682268142700195,OUTBOUND,-13.85893726348877,-0.37769272329827824,
0,18.3724365234375,1.1902605295181274,0.10908909142017365,0.1245073676109314,17.696501711005112,5.046813251007432,-3.883194923400879,784,12,37,1,NOMINAL_OUTSIDE_CERTIFIED_SET,2.9146108627319336,OUTBOUND,-13.790262222290039,-0.39297629965430975,
0,18.305999755859375,1.1906161308288574,2.517855167388916,2.42010235786438,17.816129765007645,5.0345394090529725,-3.897881507873535,785,12,38,1,NOMINAL_OUTSIDE_CERTIFIED_SET,7.803246021270752,OUTBOUND,-13.734884262084961,-0.45222975419346056,
1,18.279394149780273,1.1909725666046143,2.4733409881591797,2.402611255645752,17.829706463991897,5.022261787436906,-3.923793077468872,786,12,39,0,,6.309299945831299,OUTBOUND,-13.646049499511719,-0.47361538240516504,
0,18.305980682373047,1.1913288831710815,0.1673828810453415,0.25680193305015564,17.844577531999676,5.009965587619739,-3.8995609283447266,787,12,40,1,NOMINAL_OUTSIDE_CERTIFIED_SET,21.32754898071289,OUTBOUND,-13.678558349609375,-0.4985477588452873,
0,18.41383934020996,1.1916861534118652,0.20695632696151733,0.2894362211227417,17.86167787699378,4.997645505677147,-3.9268507957458496,788,12,41,1,INSUFFICIENT_RECOVERY_RESERVE,17.788827896118164,OUTBOUND,-13.707200050354004,-0.5076585871695357,
0,18.35272216796875,1.1920440196990967,2.5359766483306885,2.4715473651885986,17.880275676987367,4.985370705441498,-3.920957326889038,789,12,42,1,NOMINAL_OUTSIDE_CERTIFIED_SET,3.2872536182403564,OUTBOUND,-13.661355972290039,-0.4972683234006499,
0,18.571802139282227,1.1924034357070923,0.1269139051437378,0.12993164360523224,17.897430829994846,4.973087395472441,-3.94883394241333,790,12,43,1,NOMINAL_OUTSIDE_CERTIFIED_SET,15.33286190032959,OUTBOUND,-13.793577194213867,-0.5139137699463259,
0,18.538169860839844,1.1927636861801147,2.452819347381592,2.3718342781066895,17.91261622600723,4.960785068657988,-3.9303653240203857,791,12,44,1,INSUFFICIENT_RECOVERY_RESERVE,3.621976375579834,OUTBOUND,-13.802919387817383,-0.49164449386733333,
1,18.68152618408203,1.1931250095367432,0.14756137132644653,0.11560917645692825,17.93214750100742,4.948515325503377,-3.9397335052490234,792,12,45,0,,12.249235153198242,OUTBOUND,-13.900367736816406,-0.4862704239997696,
0,18.722530364990234,1.1934860944747925,0.13945792615413666,0.1315925419330597,17.94323931899271,4.936222648293815,-3.90779972076416,793,12,46,1,INSUFFICIENT_RECOVERY_RESERVE,8.006053924560547,OUTBOUND,-14.01176929473877,-0.4809184434453703,
0,18.84375762939453,1.1938482522964478,2.5240423679351807,2.478407859802246,17.962031511007808,4.92394106047303,-3.9408082962036133,794,12,47,1,NOMINAL_OUTSIDE_CERTIFIED_SET,18.34817886352539,OUTBOUND,-14.122438430786133,-0.48855971020378797,
0,18.75417709350586,1.1942099332809448,0.10876372456550598,0.09328831732273102,17.977449622005224,4.911644668776197,-3.9051129817962646,795,12,48,1,INSUFFICIENT_RECOVERY_RESERVE,8.307286262512207,OUTBOUND,-14.086383819580078,-0.4956783669966133,
0,18.749279022216797,1.1945723295211792,2.5886106491088867,2.5196094512939453,17.998140869982308,4.899376156997647,-3.934694766998291,796,12,49,1,NOMINAL_OUTSIDE_CERTIFIED_SET,12.76833724975586,OUTBOUND,-14.067913055419922,-0.49435206208486354,
0,18.782426834106445,1.1949357986450195,2.5611701011657715,2.4848172664642334,18.016056371008744,4.887101238914529,-3.9412083625793457,797,12,50,1,NOMINAL_OUTSIDE_CERTIFIED_SET,11.85937213897705,OUTBOUND,-14.114022254943848,-0.5268162267160018,
0,18.67050552368164,1.1952983140945435,2.7560486793518066,2.657442092895508,18.1292180820019,4.874820965839008,-3.8961901664733887,798,12,51,1,NOMINAL_OUTSIDE_CERTIFIED_SET,11.77139949798584,OUTBOUND,-14.056172370910645,-0.5327083142528576,
1,18.62952995300293,1.1956607103347778,2.571307420730591,2.49114727973938,18.151579294004478,4.862538828062584,-3.914759874343872,799,12,52,0,,2.562312602996826,OUTBOUND,-13.968564987182617,-0.5246639440022476,
0,18.56895637512207,1.196022868156433,0.1243429109454155,0.1703903079032898,18.174522369983606,4.850258421554248,-3.906100273132324,800,12,53,1,NOMINAL_OUTSIDE_CERTIFIED_SET,14.944140434265137,OUTBOUND,-13.903640747070312,-0.5003145872652879,
0,18.60540771484375,1.196385383605957,2.66696834564209,2.571082592010498,18.191465902986238,4.837993681575314,-3.9239227771759033,801,12,54,1,NOMINAL_OUTSIDE_CERTIFIED_SET,4.092724800109863,OUTBOUND,-13.918719291687012,-0.45871400126081024,
0,18.661285400390625,1.1967475414276123,2.5875394344329834,2.502558708190918,18.207375334983226,4.825748127430904,-3.908118724822998,802,12,55,1,NOMINAL_OUTSIDE_CERTIFIED_SET,4.465714931488037,OUTBOUND,-13.986899375915527,-0.4119070678825625,
0,18.71493911743164,1.1971110105514526,2.5372531414031982,2.45684814453125,18.220853962993715,4.81352582455974,-3.949000358581543,803,12,56,1,NOMINAL_OUTSIDE_CERTIFIED_SET,6.1778740882873535,OUTBOUND,-13.982016563415527,-0.3628951431713749,
1,18.634944915771484,1.197473406791687,2.644587993621826,2.5725607872009277,18.2399980929913,4.801324766441867,-3.8862640857696533,804,12,57,0,,4.406214714050293,OUTBOUND,-13.933807373046875,-0.3116951334496669,
0,18.743473052978516,1.1978336572647095,0.17434945702552795,0.1690799593925476,18.25758112600306,4.789130274416294,-3.860650062561035,805,12,58,1,NOMINAL_OUTSIDE_CERTIFIED_SET,21.21432113647461,OUTBOUND,-14.050719261169434,-0.2631566165903384,
0,18.796911239624023,1.1981942653656006,2.6407742500305176,2.54805588722229,18.273476964008296,4.776968864921509,-3.9167933464050293,806,12,59,1,NOMINAL_OUTSIDE_CERTIFIED_SET,7.159796714782715,OUTBOUND,-14.016470909118652,-0.22046473535886849,
0,19.00613021850586,1.1985549926757812,2.5790600776672363,2.4941508769989014,18.292071996984305,4.76483795147424,-3.9147164821624756,807,12,60,1,NOMINAL_OUTSIDE_CERTIFIED_SET,5.519872188568115,OUTBOUND,-14.244074821472168,-0.18128807458985216,
0,18.96564483642578,1.198915719985962,0.13066759705543518,0.11448130756616592,18.30968124998617,4.752734396150846,-3.9054672718048096,808,12,61,1,NOMINAL_OUTSIDE_CERTIFIED_SET,10.118918418884277,OUTBOUND,-14.206950187683105,-0.146140760163604,
0,19.111825942993164,1.1992759704589844,0.14723247289657593,0.1341158002614975,18.328620896005305,4.7406547980837095,-3.8976824283599854,809,12,62,1,NOMINAL_OUTSIDE_CERTIFIED_SET,6.636457443237305,FAILURE,-14.365166664123535,-0.11525335539950816,
0,19.08609390258789,1.19963538646698,0.0861489549279213,0.08162225037813187,18.47060626099119,5.4879676,-3.886915445327759,810,13,1,1,NOMINAL_OUTSIDE_CERTIFIED_SET,4.448098659515381,OUTBOUND,-14.37747573852539,-0.01020132358994201,
0,18.94403839111328,1.1999943256378174,5.288609981536865,5.1685099601745605,18.487653888005298,5.4758992,-3.89262056350708,811,13,2,1,NOMINAL_OUTSIDE_CERTIFIED_SET,26.876876831054688,OUTBOUND,-14.299468994140625,-0.01133557945106046,
0,19.235822677612305,1.200355052947998,0.07400922477245331,0.07445717602968216,18.501517422002507,5.4637948,-3.9488918781280518,812,13,3,1,NOMINAL_OUTSIDE_CERTIFIED_SET,1.8427938222885132,OUTBOUND,-14.514811515808105,-0.015383460743156973,
0,19.053075790405273,1.2007158994674683,2.664318799972534,2.577958345413208,18.51883297698805,5.4516544,-3.9101667404174805,813,13,4,1,NOMINAL_OUTSIDE_CERTIFIED_SET,12.589722633361816,OUTBOUND,-14.385810852050781,-0.024272287792003466,
0,19.181819915771484,1.201076626777649,0.09518777579069138,0.09478453546762466,18.539077705005184,5.439477999999999,-3.9027018547058105,814,13,5,1,NOMINAL_OUTSIDE_CERTIFIED_SET,4.870948791503906,OUTBOUND,-14.497822761535645,-0.03987839345533087,
0,19.13138198852539,1.2014377117156982,0.11233025044202805,0.14665324985980988,18.560011330991983,5.427265599999999,-3.920412063598633,815,13,6,1,NOMINAL_OUTSIDE_CERTIFIED_SET,10.318406105041504,OUTBOUND,-14.418224334716797,-0.06395244360685569,
0,19.180538177490234,1.2018001079559326,0.08869825303554535,0.11169784516096115,18.573414666985627,5.415017199999999,-3.9369421005249023,816,13,7,1,NOMINAL_OUTSIDE_CERTIFIED_SET,9.137126922607422,OUTBOUND,-14.4442777633667,-0.09799918910060242,
0,19.183818817138672,1.202160120010376,0.09315139055252075,0.09455107152462006,18.590242756996304,5.402738487366399,-3.8528330326080322,817,13,8,1,NOMINAL_OUTSIDE_CERTIFIED_SET,3.0843448638916016,OUTBOUND,-14.55019760131836,-0.14220157181939536,
0,19.214439392089844,1.2025220394134521,2.718836545944214,2.6342482566833496,18.605530636996264,5.390433537552063,-3.953798770904541,818,13,9,1,INSUFFICIENT_RECOVERY_RESERVE,5.434476852416992,OUTBOUND,-14.45409107208252,-0.1755512253218198,
1,19.295555114746094,1.202884554862976,2.718393325805664,2.615584135055542,18.62392762399395,5.378160620438029,-3.92051362991333,819,13,10,0,,11.131775856018066,OUTBOUND,-14.593767166137695,-0.20241099304820656,
0,19.20568084716797,1.2032469511032104,2.737501621246338,2.642815113067627,18.64127577500767,5.365902438746431,-3.912644147872925,820,13,11,1,NOMINAL_OUTSIDE_CERTIFIED_SET,1.3569072484970093,OUTBOUND,-14.508090019226074,-0.23112479515253642,
0,19.191654205322266,1.2036083936691284,0.1435304433107376,0.12756457924842834,18.659355431998847,5.353610932953649,-3.880776882171631,821,13,12,1,NOMINAL_OUTSIDE_CERTIFIED_SET,12.184146881103516,OUTBOUND,-14.523700714111328,-0.2646230911379226,
0,19.123258590698242,1.2039697170257568,0.1701924204826355,0.17898599803447723,18.67806987700169,5.3413011921446305,-3.906000852584839,822,13,13,1,INSUFFICIENT_RECOVERY_RESERVE,19.520526885986328,OUTBOUND,-14.348201751708984,-0.2872111042400061,
0,19.308305740356445,1.2043306827545166,2.741631031036377,2.6605453491210938,18.6995456989971,5.329007550171516,-3.898125648498535,823,13,14,1,NOMINAL_OUTSIDE_CERTIFIED_SET,5.626938819885254,OUTBOUND,-14.58930492401123,-0.309753239162767,
0,19.363994598388672,1.2046918869018555,0.14618733525276184,0.13266980648040771,18.717078369983938,5.316693556294082,-3.9086482524871826,824,13,15,1,INSUFFICIENT_RECOVERY_RESERVE,4.893691062927246,OUTBOUND,-14.628229141235352,-0.3313967987141938,
0,19.423267364501953,1.205056071281433,0.18788017332553864,0.19431641697883606,18.73642963299062,5.304412841774139,-3.9825124740600586,825,13,16,1,INSUFFICIENT_RECOVERY_RESERVE,5.614280700683594,OUTBOUND,-14.592146873474121,-0.3156553807056025,
0,19.478700637817383,1.205420732498169,0.1400500237941742,0.13525301218032837,18.849327397008892,5.292142856519764,-3.9270782470703125,826,13,17,1,NOMINAL_OUTSIDE_CERTIFIED_SET,2.0941686630249023,OUTBOUND,-14.704984664916992,-0.3341287386463353,
0,19.508228302001953,1.2057842016220093,0.11528797447681427,0.11085601896047592,18.861815204989398,5.279854245499534,-3.881613254547119,827,13,18,1,INSUFFICIENT_RECOVERY_RESERVE,1.1481746435165405,OUTBOUND,-14.783742904663086,-0.3518751639041475,
0,19.420196533203125,1.206147313117981,5.548285484313965,5.385324954986572,18.875314434990287,5.267578419188707,-3.9020304679870605,828,13,19,1,NOMINAL_OUTSIDE_CERTIFIED_SET,31.992477416992188,OUTBOUND,-14.744588851928711,-0.3697098960420977,
0,19.250757217407227,1.2065078020095825,8.274934768676758,8.006168365478516,18.892632514995057,5.255277802786319,-3.843719482421875,829,13,20,1,INSUFFICIENT_RECOVERY_RESERVE,41.037418365478516,OUTBOUND,-14.728924751281738,-0.38658761353853094,
0,19.238542556762695,1.2068688869476318,0.10731387138366699,0.1456957757472992,18.912329744984163,5.242992330658179,-3.9171268939971924,830,13,21,1,NOMINAL_OUTSIDE_CERTIFIED_SET,13.13012409210205,OUTBOUND,-14.598464965820312,-0.40333655199925345,
0,19.09834861755371,1.2072304487228394,2.8160088062286377,2.74714994430542,18.92639917699853,5.230681100981851,-3.915461301803589,831,13,22,1,INSUFFICIENT_RECOVERY_RESERVE,3.9714362621307373,OUTBOUND,-14.46322250366211,-0.4190101249857487,
1,19.117427825927734,1.2075905799865723,5.461241245269775,5.281593322753906,18.941942390985787,5.21841767699001,-3.866863250732422,832,13,23,0,,3.653230905532837,OUTBOUND,-14.528274536132812,-0.40064411756662743,
0,19.1079044342041,1.207951545715332,2.910633087158203,2.861504554748535,18.964361363992793,5.2061439159311105,-3.922013282775879,833,13,24,1,NOMINAL_OUTSIDE_CERTIFIED_SET,20.26068687438965,OUTBOUND,-14.385573387145996,-0.42307848727604247,
1,19.06290054321289,1.2083115577697754,2.857245922088623,2.781430721282959,18.97925310098799,5.193850530254235,-3.8799684047698975,834,13,25,0,,15.491340637207031,OUTBOUND,-14.352879524230957,-0.4582319600800422,
0,19.197542190551758,1.2086703777313232,5.5159454345703125,5.331570625305176,18.99453698800062,5.181561595357751,-3.868544340133667,835,13,26,1,NOMINAL_OUTSIDE_CERTIFIED_SET,7.492215156555176,OUTBOUND,-14.506035804748535,-0.46879452264589466,
0,19.30431365966797,1.2090293169021606,2.9506096839904785,2.8437659740448,19.00555459599127,5.169259558313771,-3.896615505218506,836,13,27,1,INSUFFICIENT_RECOVERY_RESERVE,17.506771087646484,OUTBOUND,-14.537520408630371,-0.44922209133642016,
1,19.337787628173828,1.2093881368637085,2.8696250915527344,2.7455756664276123,19.021288732008543,5.156986145203815,-3.8961353302001953,837,13,28,0,,16.137441635131836,OUTBOUND,-14.542595863342285,-0.406341082974624,
0,19.461288452148438,1.209747552871704,5.535953521728516,5.337655544281006,19.038097045005998,5.144708088339085,-3.9080216884613037,838,13,29,1,NOMINAL_OUTSIDE_CERTIFIED_SET,4.305373191833496,OUTBOUND,-14.655370712280273,-0.418133314771761,
0,19.584922790527344,1.2101057767868042,2.86277174949646,2.718243360519409,19.15485506298137,5.13241008986792,-3.8710286617279053,839,13,30,1,INSUFFICIENT_RECOVERY_RESERVE,9.158243179321289,OUTBOUND,-14.83417797088623,-0.4326647594411762,
0,19.673198699951172,1.2104653120040894,0.21942313015460968,0.1935635209083557,19.174886472988874,5.120125472125842,-3.9226877689361572,840,13,31,1,NOMINAL_OUTSIDE_CERTIFIED_SET,22.338499069213867,OUTBOUND,-14.802531242370605,-0.44699174241894535,
0,19.889028549194336,1.2108266353607178,2.972464084625244,2.863515853881836,19.192133720003767,5.107819864004811,-3.9444353580474854,841,13,32,1,INSUFFICIENT_RECOVERY_RESERVE,9.279422760009766,OUTBOUND,-15.028709411621094,-0.4600968535697091,
0,19.870912551879883,1.2111872434616089,0.12945415079593658,0.13437806069850922,19.21113020798657,5.095529524071139,-3.88254451751709,842,13,33,1,NOMINAL_OUTSIDE_CERTIFIED_SET,4.956498146057129,OUTBOUND,-15.084428787231445,-0.4729251609784614,
0,19.982128143310547,1.2115479707717896,0.1464317888021469,0.15451763570308685,19.227631043992005,5.083217042406537,-3.901820659637451,843,13,34,1,INSUFFICIENT_RECOVERY_RESERVE,3.1062657833099365,OUTBOUND,-15.172268867492676,-0.4846371687814126,
0,19.792278289794922,1.2119077444076538,5.84570837020874,5.573154449462891,19.24413127300795,5.070921574477018,-3.874305486679077,844,13,35,1,NOMINAL_OUTSIDE_CERTIFIED_SET,34.13279724121094,OUTBOUND,-15.079504013061523,-0.4960483079375471,
0,19.97868537902832,1.2122688293457031,5.876068592071533,5.56730318069458,19.26015963900136,5.058602771878672,-3.9289402961730957,845,13,36,1,INSUFFICIENT_RECOVERY_RESERVE,40.321502685546875,OUTBOUND,-15.28300952911377,-0.5064562734621504,
0,19.816692352294922,1.2126296758651733,2.9574520587921143,2.7992680072784424,19.27295434998814,5.046317768815566,-3.894176721572876,846,13,37,1,INSUFFICIENT_RECOVERY_RESERVE,19.829025268554688,OUTBOUND,-15.202886581420898,-0.4595659706468619,
1,19.511890411376953,1.2129896879196167,5.763570785522461,5.488241672515869,19.297376915987115,5.034047123890871,-3.8766229152679443,847,13,38,0,,11.93359375,OUTBOUND,-14.955901145935059,-0.42529181989373377,
1,19.60711097717285,1.2133525609970093,0.21197721362113953,0.3305254578590393,19.315757684991695,5.021812682597095,-3.967479705810547,848,13,39,0,,27.369327545166016,OUTBOUND,-14.884819984436035,-0.42111603832250705,
0,19.34039306640625,1.213715672492981,8.379013061523438,7.969900131225586,19.336577160982415,5.00954459995429,-3.910661458969116,849,13,40,1,NOMINAL_OUTSIDE_CERTIFIED_SET,12.80933666229248,OUTBOUND,-14.684978485107422,-0.4558040513975729,
0,19.425125122070312,1.2140799760818481,3.107288360595703,3.0549871921539307,19.360158441006206,4.997272193577653,-3.9324190616607666,850,13,41,1,NOMINAL_OUTSIDE_CERTIFIED_SET,29.251081466674805,OUTBOUND,-14.673969268798828,-0.49439928037301073,
0,19.554445266723633,1.2144438028335571,3.0096774101257324,2.869274139404297,19.477142260002438,4.984996662446995,-3.894219398498535,851,13,42,1,NOMINAL_OUTSIDE_CERTIFIED_SET,26.85186004638672,OUTBOUND,-14.759027481079102,-0.5062294785422867,
0,19.55219078063965,1.2148076295852661,5.7392258644104,5.49403190612793,19.493838030990446,4.972707612643598,-3.905966281890869,852,13,43,1,INSUFFICIENT_RECOVERY_RESERVE,13.6704740524292,OUTBOUND,-14.72265625,-0.48226479599350963,
0,19.803728103637695,1.2151731252670288,3.1081202030181885,2.9177558422088623,19.512886190001154,4.960430754641259,-3.9469172954559326,853,13,44,1,NOMINAL_OUTSIDE_CERTIFIED_SET,25.24756622314453,OUTBOUND,-14.90935230255127,-0.49114148937918567,
0,19.78567886352539,1.2155381441116333,3.0536327362060547,2.894139289855957,19.529451064008754,4.948135186721108,-3.8927693367004395,854,13,45,1,INSUFFICIENT_RECOVERY_RESERVE,18.365863800048828,OUTBOUND,-14.932098388671875,-0.49934397957346555,
0,20.044559478759766,1.215902328491211,0.2744669020175934,0.21064454317092896,19.548046624986455,4.935853719970433,-3.889961004257202,855,13,46,1,NOMINAL_OUTSIDE_CERTIFIED_SET,23.777843475341797,OUTBOUND,-15.137828826904297,-0.5078850323609627,
0,20.10791015625,1.216266393661499,3.010885715484619,2.916621446609497,19.563527891994454,4.923547555042503,-3.898322820663452,856,13,47,1,INSUFFICIENT_RECOVERY_RESERVE,7.820267677307129,OUTBOUND,-15.210620880126953,-0.5157477660304284,
0,20.308025360107422,1.216631293296814,3.032757043838501,2.9705631732940674,19.57655265898211,4.911281146344907,-3.926377534866333,857,13,48,1,NOMINAL_OUTSIDE_CERTIFIED_SET,13.666396141052246,OUTBOUND,-15.434077262878418,-0.507749962080091,
0,20.143138885498047,1.216996192932129,5.954677104949951,5.743706703186035,19.591924584005028,4.899002537684115,-3.9042890071868896,858,13,49,1,NOMINAL_OUTSIDE_CERTIFIED_SET,31.289321899414062,OUTBOUND,-15.390972137451172,-0.5299025708103896,
0,20.055137634277344,1.2173609733581543,6.05076265335083,5.787923812866211,19.608971125999233,4.886717770148024,-3.902665853500366,859,13,50,1,NOMINAL_OUTSIDE_CERTIFIED_SET,30.555265426635742,OUTBOUND,-15.37026596069336,-0.5279391766622651,
1,20.277469635009766,1.2177273035049438,0.14183276891708374,0.15100149810314178,19.627736609982094,4.874436981012471,-3.944889545440674,860,13,51,0,,7.729722499847412,OUTBOUND,-15.55781364440918,-0.5240890842805195,
0,20.05812644958496,1.2180935144424438,5.906825542449951,5.559454441070557,19.64272259300924,4.862141501856604,-3.9050710201263428,861,13,52,1,NOMINAL_OUTSIDE_CERTIFIED_SET,25.898883819580078,OUTBOUND,-15.40948486328125,-0.5027469933958688,
0,19.996173858642578,1.218459129333496,3.1664884090423584,3.0716142654418945,19.660669384000357,4.8498718698853995,-3.8924098014831543,862,13,53,1,NOMINAL_OUTSIDE_CERTIFIED_SET,6.388297080993652,OUTBOUND,-15.334126472473145,-0.4532703322757125,
0,20.05948257446289,1.2188245058059692,0.17992961406707764,0.28669506311416626,19.6752649229893,4.837630848279613,-3.899793863296509,863,13,54,1,NOMINAL_OUTSIDE_CERTIFIED_SET,25.67938232421875,OUTBOUND,-15.330476760864258,-0.40081002075018846,
1,19.85399055480957,1.2191885709762573,5.818240642547607,5.534921646118164,19.691036304982845,4.825428796946887,-3.87296462059021,864,13,55,0,,5.447807788848877,OUTBOUND,-15.168970108032227,-0.36769784206281236,
0,20.101173400878906,1.2195549011230469,0.3635910153388977,0.4478057026863098,19.705989643989597,4.813190122030996,-3.9583048820495605,865,13,56,1,NOMINAL_OUTSIDE_CERTIFIED_SET,24.86684226989746,OUTBOUND,-15.272560119628906,-0.33058120758932047,
0,20.10808753967285,1.2199220657348633,5.808022975921631,5.488812446594238,19.720258054992883,4.800994204899671,-3.9270291328430176,866,13,57,1,NOMINAL_OUTSIDE_CERTIFIED_SET,2.3460299968719482,OUTBOUND,-15.278900146484375,-0.2718914440551247,
1,20.176734924316406,1.2202913761138916,3.0623621940612793,2.9361205101013184,19.829636278998805,4.788840254348649,-3.9662907123565674,867,13,58,0,,12.035782814025879,OUTBOUND,-15.314302444458008,-0.24064587455954448,
0,20.147249221801758,1.220659852027893,0.31995129585266113,0.31667137145996094,19.849023227987345,4.776638438394701,-3.8924994468688965,868,13,59,1,NOMINAL_OUTSIDE_CERTIFIED_SET,29.234548568725586,OUTBOUND,-15.285625457763672,-0.20948864559030764,
0,20.333044052124023,1.2210296392440796,8.729726791381836,8.324068069458008,19.87224819199764,4.764490239410238,-3.943056344985962,869,13,60,1,NOMINAL_OUTSIDE_CERTIFIED_SET,22.198759078979492,OUTBOUND,-15.471763610839844,-0.15755531124085154,
0,20.125120162963867,1.2213984727859497,3.220520257949829,3.076585531234741,19.891112293000333,4.752386544927414,-3.8908731937408447,870,13,61,1,NOMINAL_OUTSIDE_CERTIFIED_SET,15.893022537231445,FAILURE,-15.306295394897461,-0.11374288750612559,
0,20.297863006591797,1.2217668294906616,3.1575169563293457,3.0379726886749268,19.913255136983935,5.4879676,-3.900327205657959,871,14,1,1,NOMINAL_OUTSIDE_CERTIFIED_SET,6.25004768371582,OUTBOUND,-15.477276802062988,-0.01020132358994201,
0,20.313232421875,1.2221342325210571,3.2015225887298584,3.1222763061523438,19.92954387899954,5.4758992,-3.886014938354492,872,14,2,1,NOMINAL_OUTSIDE_CERTIFIED_SET,3.4017720222473145,OUTBOUND,-15.505261421203613,-0.01133557945106046,
0,20.440311431884766,1.2224993705749512,0.16496574878692627,0.19523587822914124,19.946244191989535,5.4637948,-3.852987289428711,873,14,3,1,NOMINAL_OUTSIDE_CERTIFIED_SET,12.96124267578125,OUTBOUND,-15.66036605834961,-0.015383460743156973,
1,20.67441177368164,1.222866415977478,0.1212577074766159,0.17184948921203613,19.96086938199005,5.451661433140452,-3.946776866912842,874,14,4,0,,5.256344795227051,OUTBOUND,-15.778362274169922,-0.0037557206160441304,
1,20.56729507446289,1.2232294082641602,3.1895289421081543,3.0303635597229004,19.975597726006526,5.43954441414004,-3.806542158126831,875,14,5,0,,22.302955627441406,OUTBOUND,-15.902300834655762,-0.010175332219466635,
0,20.601898193359375,1.2235937118530273,3.2081973552703857,3.0693199634552,19.992918631003704,5.427437587844643,-3.9270851612091064,876,14,6,1,NOMINAL_OUTSIDE_CERTIFIED_SET,11.472574234008789,OUTBOUND,-15.787022590637207,-0.03585036961641605,
0,20.749643325805664,1.223957896232605,0.1758296638727188,0.17836861312389374,20.009057710994966,5.415295894965166,-3.898982048034668,877,14,7,1,NOMINAL_OUTSIDE_CERTIFIED_SET,6.324376583099365,OUTBOUND,-15.976567268371582,-0.0468982571493818,
0,20.5679988861084,1.2243232727050781,3.246713161468506,3.1142330169677734,20.023630618990865,5.403119221995931,-3.925670862197876,878,14,8,1,NOMINAL_OUTSIDE_CERTIFIED_SET,12.410632133483887,OUTBOUND,-15.791595458984375,-0.06451282878825648,
1,20.516878128051758,1.2246891260147095,3.108306646347046,2.9580867290496826,20.0400400699873,5.390916711596834,-3.914025068283081,879,14,9,0,,10.448675155639648,OUTBOUND,-15.783287048339844,-0.06542853936413263,
0,20.52996063232422,1.225055456161499,3.21346378326416,3.0909197330474854,20.15092256999924,5.378725741506977,-3.913658380508423,880,14,10,1,NOMINAL_OUTSIDE_CERTIFIED_SET,3.7084038257598877,OUTBOUND,-15.790616989135742,-0.07084924107665803,
0,20.354782104492188,1.2254207134246826,6.157167434692383,5.833015441894531,20.16579021399957,5.36650188018913,-3.8737258911132812,881,14,11,1,NOMINAL_OUTSIDE_CERTIFIED_SET,15.120553016662598,OUTBOUND,-15.705759048461914,-0.1097025725440805,
0,20.32726287841797,1.2257856130599976,3.2020745277404785,3.1072044372558594,20.18138211700716,5.354255823773944,-3.891836166381836,882,14,12,1,NOMINAL_OUTSIDE_CERTIFIED_SET,9.164562225341797,OUTBOUND,-15.593944549560547,-0.15417863059730072,
1,20.468990325927734,1.2261501550674438,3.223785161972046,3.0582668781280518,20.196050177997677,5.341991673390406,-3.891280174255371,883,14,13,0,,15.439290046691895,OUTBOUND,-15.70108413696289,-0.1799216061393612,
0,20.243894577026367,1.2265129089355469,6.202200889587402,5.979444980621338,20.212639136007056,5.329703721486483,-3.8517239093780518,884,14,14,1,NOMINAL_OUTSIDE_CERTIFIED_SET,2.5756709575653076,OUTBOUND,-15.532682418823242,-0.20266481601511488,
0,20.45586395263672,1.2268776893615723,9.158641815185547,8.7293062210083,20.22478236700408,5.317408123671714,-3.9445343017578125,885,14,15,1,INSUFFICIENT_RECOVERY_RESERVE,18.206438064575195,OUTBOUND,-15.663106918334961,-0.222921194914619,
0,20.1389102935791,1.2272417545318604,6.201916217803955,5.962440490722656,20.242323743994348,5.305124398433276,-3.8786258697509766,886,14,16,1,NOMINAL_OUTSIDE_CERTIFIED_SET,9.860501289367676,OUTBOUND,-15.40357780456543,-0.2558121079140153,
0,20.57417869567871,1.2276086807250977,0.5823386311531067,0.5182498097419739,20.253945681994082,5.292825961293903,-3.9666037559509277,887,14,17,1,INSUFFICIENT_RECOVERY_RESERVE,45.89857864379883,OUTBOUND,-15.631484985351562,-0.2865718076033155,
0,20.55275535583496,1.2279767990112305,0.46996819972991943,0.48091021180152893,20.2749100390065,5.2805411255299335,-3.9333581924438477,888,14,18,1,NOMINAL_OUTSIDE_CERTIFIED_SET,39.766151428222656,OUTBOUND,-15.561307907104492,-0.3151729880680996,
0,20.604461669921875,1.2283447980880737,0.4584295451641083,0.46550899744033813,20.28694550698856,5.268238682667001,-3.901324510574341,889,14,19,1,INSUFFICIENT_RECOVERY_RESERVE,32.713138580322266,OUTBOUND,-15.591944694519043,-0.3416177113521107,
1,20.919189453125,1.2287137508392334,6.28381872177124,6.02617073059082,20.301938500982942,5.255980852217002,-3.9266631603240967,890,14,20,0,,27.060890197753906,OUTBOUND,-16.011302947998047,-0.34273339169670014,
0,20.852188110351562,1.229080319404602,3.443366289138794,3.360020399093628,20.42208628100343,5.243692702498031,-3.850818395614624,891,14,21,1,NOMINAL_OUTSIDE_CERTIFIED_SET,8.94340991973877,OUTBOUND,-16.005691528320312,-0.38356401013250424,
0,21.107099533081055,1.2294479608535767,3.282292366027832,3.1664459705352783,20.43568045698339,5.23138087271831,-3.92440128326416,892,14,22,1,INSUFFICIENT_RECOVERY_RESERVE,18.54129981994629,OUTBOUND,-16.25901985168457,-0.4011813752708331,
1,20.818374633789062,1.2298156023025513,9.647315979003906,9.202584266662598,20.451126170984935,5.219093661505213,-3.9034628868103027,893,14,23,0,,49.70435333251953,OUTBOUND,-16.086292266845703,-0.3825624403778943,
0,20.79769515991211,1.2301846742630005,0.2176542431116104,0.303792804479599,20.464935041993158,5.206802454113573,-3.9370994567871094,894,14,24,1,NOMINAL_OUTSIDE_CERTIFIED_SET,12.708196640014648,OUTBOUND,-16.00743865966797,-0.40470508404166866,
0,20.95219612121582,1.230553150177002,3.334651231765747,3.189215898513794,20.47728255900438,5.194498385035952,-3.8936517238616943,895,14,25,1,INSUFFICIENT_RECOVERY_RESERVE,7.111367225646973,OUTBOUND,-16.209741592407227,-0.4146548950436904,
0,20.80493927001953,1.2309200763702393,3.348844289779663,3.210871696472168,20.494360584008973,5.182207470163689,-3.8639161586761475,896,14,26,1,NOMINAL_OUTSIDE_CERTIFIED_SET,4.397099494934082,OUTBOUND,-16.07246208190918,-0.42506882790618156,
0,20.707244873046875,1.231289029121399,6.4248366355896,6.161134719848633,20.514899428002536,5.16990892593513,-3.950057029724121,897,14,27,1,NOMINAL_OUTSIDE_CERTIFIED_SET,10.387664794921875,OUTBOUND,-15.901176452636719,-0.47194370171339417,
0,20.953487396240234,1.2316577434539795,0.2471655011177063,0.2592899203300476,20.53020983899478,5.1575844144114145,-3.897796154022217,898,14,28,1,INSUFFICIENT_RECOVERY_RESERVE,22.16861343383789,OUTBOUND,-16.200658798217773,-0.4700278727079659,
0,20.765941619873047,1.2320289611816406,9.392183303833008,8.883797645568848,20.55367377199582,5.1453113659086185,-3.9703423976898193,899,14,29,1,NOMINAL_OUTSIDE_CERTIFIED_SET,29.99789810180664,OUTBOUND,-15.96286392211914,-0.452910731406003,
0,20.809253692626953,1.232401728630066,3.2953708171844482,3.135744571685791,20.57324348698603,5.133020329312317,-3.9453001022338867,900,14,30,1,INSUFFICIENT_RECOVERY_RESERVE,14.345797538757324,OUTBOUND,-15.984530448913574,-0.4368831769381356,
0,20.803634643554688,1.2327766418457031,0.4604182541370392,0.47315821051597595,20.58955693099415,5.120741943566658,-3.967909336090088,901,14,31,1,NOMINAL_OUTSIDE_CERTIFIED_SET,40.87535095214844,OUTBOUND,-15.88096809387207,-0.44815347297434716,
0,21.040132522583008,1.233154535293579,0.3876916766166687,0.3672783076763153,20.606964236008935,5.10844275181082,-3.9921066761016846,902,14,32,1,INSUFFICIENT_RECOVERY_RESERVE,36.77509307861328,OUTBOUND,-16.018705368041992,-0.4587572773615701,
0,20.950807571411133,1.2335312366485596,6.421114921569824,6.108684062957764,20.62086008800543,5.096158229588406,-3.8980154991149902,903,14,33,1,NOMINAL_OUTSIDE_CERTIFIED_SET,4.196098327636719,OUTBOUND,-16.053268432617188,-0.4695913065855346,
0,21.014223098754883,1.2339073419570923,6.50576114654541,6.236769676208496,20.63487415498821,5.083850176984347,-3.9083359241485596,904,14,34,1,INSUFFICIENT_RECOVERY_RESERVE,14.701964378356934,OUTBOUND,-16.142013549804688,-0.47970587200297077,
0,21.281089782714844,1.234282374382019,0.23351290822029114,0.23925772309303284,20.654281544993864,5.071558779327621,-3.8944177627563477,905,14,35,1,NOMINAL_OUTSIDE_CERTIFIED_SET,9.825833320617676,OUTBOUND,-16.414608001708984,-0.4899509441894838,
0,21.36263084411621,1.234656810760498,3.2610249519348145,3.0981500148773193,20.668819640995935,5.059240738574031,-3.9005987644195557,906,14,36,1,INSUFFICIENT_RECOVERY_RESERVE,13.778393745422363,OUTBOUND,-16.51066780090332,-0.49945760188474364,
0,21.316368103027344,1.235032320022583,0.2597302198410034,0.2759513854980469,20.782219635992078,5.0469564293291285,-3.9451937675476074,907,14,37,1,INSUFFICIENT_RECOVERY_RESERVE,13.568389892578125,OUTBOUND,-16.4056396484375,-0.45385541930222784,
0,21.303451538085938,1.2354081869125366,3.4325358867645264,3.31877064704895,20.79646371700801,5.034683740653542,-3.925706624984741,908,14,38,1,NOMINAL_OUTSIDE_CERTIFIED_SET,14.237456321716309,OUTBOUND,-16.41832160949707,-0.465111614824411,
0,21.34330177307129,1.2357854843139648,6.650492191314697,6.306466102600098,20.813413010997465,5.022387781729754,-3.9588844776153564,909,14,39,1,INSUFFICIENT_RECOVERY_RESERVE,26.47402572631836,OUTBOUND,-16.494035720825195,-0.4754979105544184,
0,21.236167907714844,1.2361639738082886,9.847898483276367,9.256790161132812,20.83690132800257,5.010105788806625,-3.9499096870422363,910,14,40,1,NOMINAL_OUTSIDE_CERTIFIED_SET,47.17304992675781,OUTBOUND,-16.47508430480957,-0.48598156812496124,
0,20.998748779296875,1.236541509628296,0.39076781272888184,0.5102906227111816,20.852552461990854,4.997799760117726,-3.901848077774048,911,14,41,1,INSUFFICIENT_RECOVERY_RESERVE,22.321765899658203,OUTBOUND,-16.259037017822266,-0.4956245315746105,
1,21.023508071899414,1.2369182109832764,6.595851898193359,6.281156539916992,20.866600217006635,4.985539917196075,-3.899446725845337,912,14,42,0,,7.086684703826904,OUTBOUND,-16.275487899780273,-0.4792202543307346,
0,20.876989364624023,1.2372939586639404,3.4610211849212646,3.385741949081421,20.88346493698191,4.973266125546095,-3.9004759788513184,913,14,43,1,NOMINAL_OUTSIDE_CERTIFIED_SET,23.11948013305664,OUTBOUND,-16.063325881958008,-0.5018911658743658,
0,21.080276489257812,1.2376688718795776,3.462596893310547,3.352271556854248,20.906250401982106,4.960986186008373,-3.8939309120178223,914,14,44,1,NOMINAL_OUTSIDE_CERTIFIED_SET,26.713560104370117,OUTBOUND,-16.21517562866211,-0.5189702079080598,
0,21.280990600585938,1.2380441427230835,0.462175190448761,0.47141769528388977,20.920869728986872,4.948688150389881,-3.9262030124664307,915,14,45,1,INSUFFICIENT_RECOVERY_RESERVE,36.86006164550781,OUTBOUND,-16.323501586914062,-0.4965038346117752,
0,21.325687408447266,1.2384191751480103,6.585039138793945,6.282932758331299,20.93635281000752,4.936404556879649,-3.907578706741333,916,14,46,1,NOMINAL_OUTSIDE_CERTIFIED_SET,10.765674591064453,OUTBOUND,-16.418636322021484,-0.5054321892452006,
0,21.482433319091797,1.2387943267822266,3.357616901397705,3.1743710041046143,20.95006372098578,4.924098068459735,-3.922062873840332,917,14,47,1,INSUFFICIENT_RECOVERY_RESERVE,6.764941215515137,OUTBOUND,-16.554119110107422,-0.5136426241342754,
0,21.416471481323242,1.239167332649231,0.28522545099258423,0.27991461753845215,20.97153783898102,4.911807962349911,-3.85892391204834,918,14,48,1,NOMINAL_OUTSIDE_CERTIFIED_SET,16.28773307800293,OUTBOUND,-16.535308837890625,-0.5220055318343443,
0,21.80193328857422,1.2395405769348145,0.2208017110824585,0.20755599439144135,20.989881460991455,4.899492344056047,-3.9140820503234863,919,14,49,1,INSUFFICIENT_RECOVERY_RESERVE,12.229109764099121,OUTBOUND,-16.8430233001709,-0.5296769104751133,
0,21.627775192260742,1.2399117946624756,3.4326419830322266,3.2784781455993652,21.108890884002903,4.8872186042038015,-3.860351324081421,920,14,50,1,NOMINAL_OUTSIDE_CERTIFIED_SET,9.484843254089355,OUTBOUND,-16.773284912109375,-0.5212090352407628,
0,21.232847213745117,1.2402838468551636,16.799537658691406,16.075252532958984,21.123853377997875,4.8749341791760585,-3.9261906147003174,921,14,51,1,NOMINAL_OUTSIDE_CERTIFIED_SET,75.31004333496094,OUTBOUND,-16.480905532836914,-0.5434876196943603,
0,21.48345375061035,1.2406561374664307,3.509504795074463,3.3562612533569336,21.138856123987352,4.862644706857994,-3.9119908809661865,922,14,52,1,NO_GENERATOR_SET,5.302220344543457,OUTBOUND,-16.75251007080078,-0.5411040401051952,
0,21.467815399169922,1.2410286664962769,0.25187036395072937,0.341585636138916,21.1531892149942,4.850357636618691,-3.9119298458099365,923,14,53,1,NOMINAL_OUTSIDE_CERTIFIED_SET,20.394290924072266,OUTBOUND,-16.646739959716797,-0.5204375817785494,
0,21.414756774902344,1.2414008378982544,6.724649906158447,6.3386735916137695,21.17297715099994,4.838080981714229,-3.897535562515259,924,14,54,1,NOMINAL_OUTSIDE_CERTIFIED_SET,18.640884399414062,OUTBOUND,-16.663305282592773,-0.48690166147108993,
0,21.515037536621094,1.2417731285095215,3.4019064903259277,3.223073720932007,21.189944126992486,4.825821577463222,-3.910869598388672,925,14,55,1,NOMINAL_OUTSIDE_CERTIFIED_SET,9.550841331481934,OUTBOUND,-16.749340057373047,-0.44499799380862265,
0,21.598119735717773,1.2421481609344482,0.32212626934051514,0.3772180676460266,21.206182400987018,4.813584519622514,-3.9710958003997803,926,14,56,1,NOMINAL_OUTSIDE_CERTIFIED_SET,24.027477264404297,OUTBOUND,-16.67310905456543,-0.39838364553006494,
1,21.231281280517578,1.2425216436386108,9.942010879516602,9.37089729309082,21.220664950989885,4.801369682253342,-3.873640537261963,927,14,57,0,,13.687256813049316,OUTBOUND,-16.458288192749023,-0.36248269089290175,
1,21.42450523376465,1.2428979873657227,3.6166796684265137,3.5060486793518066,21.236648869002238,4.7891651394691825,-3.9821224212646484,928,14,58,0,,27.730979919433594,OUTBOUND,-16.46993637084961,-0.33380510537065583,
0,21.266857147216797,1.243274450302124,6.802724361419678,6.511973857879639,21.250686123006744,4.7769791239412,-3.9166204929351807,929,14,59,1,NOMINAL_OUTSIDE_CERTIFIED_SET,7.132927417755127,OUTBOUND,-16.352664947509766,-0.288486902842474,
0,21.50904083251953,1.2436515092849731,3.609138250350952,3.4590206146240234,21.267420589982066,4.764829279269862,-3.9297659397125244,930,14,60,1,NOMINAL_OUTSIDE_CERTIFIED_SET,22.46515464782715,OUTBOUND,-16.55123519897461,-0.23431970615825237,
1,21.662403106689453,1.2440276145935059,6.758262634277344,6.37030553817749,21.38278228000854,4.75271754146221,-3.8915319442749023,931,14,61,0,,5.291687488555908,OUTBOUND,-16.735319137573242,-0.19609325570032665,
0,21.76542854309082,1.2444047927856445,3.530179262161255,3.3337502479553223,21.401823850988876,4.740589820584175,-3.9422109127044678,932,14,62,1,NOMINAL_OUTSIDE_CERTIFIED_SET,6.61030912399292,OUTBOUND,-16.84112548828125,-0.16124165974896892,
0,21.718753814697266,1.244781494140625,6.783557891845703,6.444553852081299,21.418460080982186,4.728494890728734,-3.9020838737487793,933,14,63,1,NOMINAL_OUTSIDE_CERTIFIED_SET,16.333162307739258,FAILURE,-16.865802764892578,-0.12018764354067575,
1,21.60784149169922,1.2451564073562622,13.358147621154785,12.620122909545898,21.444908243982354,5.48799677860581,-3.8720078468322754,934,15,1,0,,54.397159576416016,OUTBOUND,-16.868980407714844,-0.017616153361733874,
0,21.528549194335938,1.245530605316162,3.5978171825408936,3.4249401092529297,21.460249138006475,5.475944669956551,-3.8922929763793945,935,15,2,1,NOMINAL_OUTSIDE_CERTIFIED_SET,11.216405868530273,OUTBOUND,-16.74256706237793,-0.022911313973343516,
0,21.514219284057617,1.2459067106246948,3.6628057956695557,3.5380373001098633,21.478702366992366,5.463871576490315,-3.9529643058776855,936,15,3,1,NOMINAL_OUTSIDE_CERTIFIED_SET,32.49974060058594,OUTBOUND,-16.587812423706055,-0.019652861284608622,
1,21.621742248535156,1.2462799549102783,3.6350784301757812,3.5123116970062256,21.494709786988096,5.451794277261488,-3.8430542945861816,937,15,4,0,,22.10544204711914,OUTBOUND,-16.753414154052734,-0.028226631586766488,
0,21.75466537475586,1.2466533184051514,3.623542547225952,3.4974489212036133,21.514157339988742,5.439665916059251,-3.9074912071228027,938,15,5,1,NOMINAL_OUTSIDE_CERTIFIED_SET,17.592823028564453,OUTBOUND,-16.771974563598633,-0.03701069046729179,
1,21.76517677307129,1.2470273971557617,3.713449478149414,3.6834805011749268,21.53476191399386,5.4275399685472685,-3.922163486480713,939,15,6,0,,16.525182723999023,OUTBOUND,-16.760234832763672,-0.044177062991338445,
0,22.216236114501953,1.2474020719528198,0.23960073292255402,0.2787052392959595,21.55003665399272,5.415371453859454,-3.9225902557373047,940,15,7,1,NOMINAL_OUTSIDE_CERTIFIED_SET,15.954699516296387,OUTBOUND,-17.211999893188477,-0.05347828656356343,
0,22.01456069946289,1.2477765083312988,3.579737663269043,3.4485206604003906,21.571666745992843,5.403176925001003,-3.899226427078247,941,15,8,1,NOMINAL_OUTSIDE_CERTIFIED_SET,5.02219820022583,OUTBOUND,-17.061302185058594,-0.06376044918966123,
0,22.09977149963379,1.2481508255004883,0.26189467310905457,0.3584376275539398,21.587761094007874,5.390954278078409,-3.905026912689209,942,15,9,1,NOMINAL_OUTSIDE_CERTIFIED_SET,14.439247131347656,OUTBOUND,-17.132863998413086,-0.08417908939406653,
0,22.464994430541992,1.248528003692627,0.24068401753902435,0.3345233201980591,21.605949641991174,5.378701684219367,-3.9760990142822266,943,15,10,1,NOMINAL_OUTSIDE_CERTIFIED_SET,4.621178150177002,OUTBOUND,-17.436594009399414,-0.11592576511981512,
0,22.584110260009766,1.2489047050476074,0.18066847324371338,0.25133833289146423,21.620498353004223,5.366427818268612,-3.9029364585876465,944,15,11,1,NOMINAL_OUTSIDE_CERTIFIED_SET,15.408817291259766,OUTBOUND,-17.68510627746582,-0.1564625044913275,
0,22.412683486938477,1.249280571937561,3.7323203086853027,3.6326234340667725,21.63875190698309,5.354139749533005,-3.8904998302459717,945,15,12,1,NOMINAL_OUTSIDE_CERTIFIED_SET,34.53130340576172,OUTBOUND,-17.587514877319336,-0.19715389408302483,
0,22.324649810791016,1.2496567964553833,0.31610581278800964,0.35882002115249634,21.657861875981325,5.34184243871751,-3.916621685028076,946,15,13,1,NO_GENERATOR_SET,13.776290893554688,OUTBOUND,-17.487211227416992,-0.23008845828347907,
0,22.490304946899414,1.2500330209732056,0.4086633324623108,0.4412158727645874,21.774635607987875,5.329528014610523,-3.9127824306488037,947,15,14,1,INSUFFICIENT_RECOVERY_RESERVE,12.217721939086914,OUTBOUND,-17.643096923828125,-0.24518341924119283,
0,22.44266128540039,1.2504112720489502,7.171939849853516,6.714190483093262,21.788149370986503,5.317230876503129,-3.9573111534118652,948,15,15,1,NOMINAL_OUTSIDE_CERTIFIED_SET,48.84497833251953,OUTBOUND,-17.692203521728516,-0.27453170987432757,
0,22.04328155517578,1.2507901191711426,7.1428070068359375,6.703808307647705,21.80008576498949,5.304908264705348,-3.927028179168701,949,15,16,1,INSUFFICIENT_RECOVERY_RESERVE,22.665367126464844,OUTBOUND,-17.326801300048828,-0.30231553479658385,
0,21.891895294189453,1.2511684894561768,0.3570389151573181,0.5482994318008423,21.812418126006378,5.292619836452026,-3.9066038131713867,950,15,17,1,INSUFFICIENT_RECOVERY_RESERVE,32.40475082397461,OUTBOUND,-17.12155532836914,-0.2921611279528949,
0,21.78854751586914,1.2515438795089722,0.4119018316268921,0.5934616923332214,21.82814471400343,5.280343422066891,-3.8407273292541504,951,15,18,1,NOMINAL_OUTSIDE_CERTIFIED_SET,42.495487213134766,OUTBOUND,-17.009986877441406,-0.3151303170233307,
0,22.00518798828125,1.2519210577011108,3.757911443710327,3.601829767227173,21.844444162998116,5.268044858324069,-3.9480690956115723,952,15,19,1,INSUFFICIENT_RECOVERY_RESERVE,27.847646713256836,OUTBOUND,-17.014408111572266,-0.33684435847064903,
0,22.116695404052734,1.2522977590560913,0.37093350291252136,0.39928537607192993,21.864049160998547,5.255760488222889,-3.9005231857299805,953,15,20,1,NOMINAL_OUTSIDE_CERTIFIED_SET,41.085445404052734,OUTBOUND,-17.09778594970703,-0.3579552013334656,
0,22.222620010375977,1.2526741027832031,0.4017278850078583,0.4132034182548523,21.879874948994257,5.243453056101726,-3.9015305042266846,954,15,21,1,INSUFFICIENT_RECOVERY_RESERVE,37.010257720947266,OUTBOUND,-17.129417419433594,-0.3776823321528383,
0,22.67234992980957,1.2530497312545776,0.1708512008190155,0.116645447909832,21.895150839991402,5.231161789431885,-3.888134241104126,955,15,22,1,NOMINAL_OUTSIDE_CERTIFIED_SET,14.926467895507812,OUTBOUND,-17.570215225219727,-0.39668152419173697,
0,22.761316299438477,1.2534253597259521,0.2047681212425232,0.23869124054908752,21.91231721098302,5.218846514658462,-3.9071528911590576,956,15,23,1,INSUFFICIENT_RECOVERY_RESERVE,11.41646957397461,OUTBOUND,-17.737947463989258,-0.41428976701956455,
0,22.626781463623047,1.2538013458251953,3.8145391941070557,3.746518135070801,21.92583362100413,5.206564650663818,-3.913154125213623,957,15,24,1,INSUFFICIENT_RECOVERY_RESERVE,22.77802085876465,OUTBOUND,-17.639564514160156,-0.38335320628161185,
1,22.803340911865234,1.254176139831543,7.530730724334717,7.342972278594971,21.940434744989034,5.19432138963333,-3.8777809143066406,958,15,25,0,,56.1831169128418,OUTBOUND,-17.97688102722168,-0.3608469253541151,
0,22.642520904541016,1.2545506954193115,3.8354787826538086,3.6748268604278564,21.957341795990942,5.182065302465619,-3.8952455520629883,959,15,26,1,NOMINAL_OUTSIDE_CERTIFIED_SET,27.73969841003418,OUTBOUND,-17.869319915771484,-0.385272489105637,
0,22.43489646911621,1.254925012588501,3.8436152935028076,3.678725242614746,22.079143223993015,5.169799095885699,-3.8965303897857666,960,15,27,1,NOMINAL_OUTSIDE_CERTIFIED_SET,18.378925323486328,OUTBOUND,-17.644424438476562,-0.43486353541984507,
0,22.48076057434082,1.2552995681762695,3.857715606689453,3.6413333415985107,22.096135594998486,5.157523747097489,-3.9095618724823,961,15,28,1,NOMINAL_OUTSIDE_CERTIFIED_SET,18.034507751464844,OUTBOUND,-17.718048095703125,-0.45873606253730587,
0,22.303831100463867,1.2556742429733276,3.8845882415771484,3.7682881355285645,22.10800731999916,5.145227063455279,-3.9031171798706055,962,15,29,1,INSUFFICIENT_RECOVERY_RESERVE,7.878171443939209,OUTBOUND,-17.50137710571289,-0.4451135555132223,
0,22.32820701599121,1.2560498714447021,3.8271408081054688,3.666594982147217,22.12439748700126,5.132944846651055,-3.924334764480591,963,15,30,1,NOMINAL_OUTSIDE_CERTIFIED_SET,8.184696197509766,OUTBOUND,-17.535898208618164,-0.4581392729166162,
0,22.134130477905273,1.256424903869629,0.5638256072998047,0.7572615742683411,22.13721496798098,5.1206386935355495,-3.8890576362609863,964,15,31,1,INSUFFICIENT_RECOVERY_RESERVE,37.511474609375,OUTBOUND,-17.274654388427734,-0.47016611420902044,
0,22.155548095703125,1.2568013668060303,0.49425575137138367,0.6381129622459412,22.1551877319871,5.108349010323666,-3.9356837272644043,965,15,32,1,NOMINAL_OUTSIDE_CERTIFIED_SET,48.53125,OUTBOUND,-17.144237518310547,-0.48189808356845953,
0,22.509445190429688,1.2571775913238525,3.8043525218963623,3.627014398574829,22.170778950006934,5.096034362119921,-3.9001452922821045,966,15,33,1,INSUFFICIENT_RECOVERY_RESERVE,11.264557838439941,OUTBOUND,-17.52463150024414,-0.49270369362539385,
0,22.690717697143555,1.2575531005859375,3.8043065071105957,3.619858980178833,22.184182528988458,5.08375310198974,-3.888742208480835,967,15,34,1,INSUFFICIENT_RECOVERY_RESERVE,5.528336048126221,OUTBOUND,-17.66355323791504,-0.44828449138915355,
1,22.642597198486328,1.2579303979873657,10.917436599731445,10.527934074401855,22.199278232990764,5.071508097133495,-3.9441540241241455,968,15,35,0,,34.698734283447266,OUTBOUND,-17.683462142944336,-0.44180224537199436,
0,22.50051498413086,1.2583087682724,3.883979320526123,3.710165500640869,22.21646903498913,5.0592145578223695,-3.9326934814453125,969,15,36,1,NOMINAL_OUTSIDE_CERTIFIED_SET,8.269393920898438,OUTBOUND,-17.57810401916504,-0.487746592690799,
0,22.60273551940918,1.258687973022461,3.9460055828094482,3.745262384414673,22.236062680982286,5.0469030106376,-3.9282233715057373,970,15,37,1,INSUFFICIENT_RECOVERY_RESERVE,7.015512943267822,OUTBOUND,-17.63956642150879,-0.4950204039315124,
0,22.85995864868164,1.2590683698654175,0.25473251938819885,0.19597123563289642,22.340177867998136,5.0346074975475705,-3.9405951499938965,971,15,38,1,NOMINAL_OUTSIDE_CERTIFIED_SET,16.686668395996094,OUTBOUND,-17.881315231323242,-0.5027041467608153,
0,22.584928512573242,1.2594480514526367,0.3381672501564026,0.34108391404151917,22.35691842000233,5.022291995353135,-3.8948073387145996,972,15,39,1,INSUFFICIENT_RECOVERY_RESERVE,25.419788360595703,OUTBOUND,-17.61368751525879,-0.5099386469130979,
0,22.83935546875,1.2598283290863037,0.24197523295879364,0.24576759338378906,22.376264970982447,5.010009908075561,-3.926535129547119,973,15,40,1,INSUFFICIENT_RECOVERY_RESERVE,16.00560188293457,OUTBOUND,-17.77142333984375,-0.46209966696363375,
0,22.866336822509766,1.2602076530456543,15.046936988830566,14.236462593078613,22.393326464982238,4.997741131608388,-3.889025926589966,974,15,41,1,NOMINAL_OUTSIDE_CERTIFIED_SET,72.33334350585938,OUTBOUND,-18.036869049072266,-0.470396925254953,
0,22.968935012817383,1.2605873346328735,0.187221497297287,0.19796448945999146,22.415889584983233,4.985464712825358,-3.9193880558013916,975,15,42,1,NOMINAL_OUTSIDE_CERTIFIED_SET,12.827130317687988,OUTBOUND,-18.044029235839844,-0.516435164295495,
0,23.012887954711914,1.2609654664993286,0.21381890773773193,0.20471009612083435,22.438252766994992,4.973180174579057,-3.8706908226013184,976,15,43,1,NO_GENERATOR_SET,12.430562019348145,OUTBOUND,-18.12590980529785,-0.5331049224434569,
0,22.80015754699707,1.2613426446914673,7.6378912925720215,7.1913371086120605,22.459265872981632,4.960872392799729,-3.885199546813965,977,15,44,1,INSUFFICIENT_RECOVERY_RESERVE,26.34254264831543,OUTBOUND,-17.94801902770996,-0.5097665170002977,
1,22.677837371826172,1.2617181539535522,7.668883800506592,7.186302185058594,22.481481183989672,4.948607044046945,-3.860283851623535,978,15,45,0,,21.49004364013672,OUTBOUND,-17.879161834716797,-0.4923936299486156,
0,22.68397331237793,1.26209557056427,3.9699716567993164,3.8014473915100098,22.50183784100227,4.936295265799103,-3.945333957672119,979,15,46,1,NOMINAL_OUTSIDE_CERTIFIED_SET,15.022205352783203,OUTBOUND,-17.78057861328125,-0.5325521777509884,
0,22.603342056274414,1.2624729871749878,11.13730239868164,10.426311492919922,22.520529269997496,4.923966747773361,-3.9044785499572754,980,15,47,1,INSUFFICIENT_RECOVERY_RESERVE,24.14102554321289,OUTBOUND,-17.790151596069336,-0.538001285468977,
0,22.6204833984375,1.2628508806228638,0.5142424702644348,0.5315220355987549,22.536889271985274,4.911668501829912,-3.914724826812744,981,15,48,1,NOMINAL_OUTSIDE_CERTIFIED_SET,48.74753189086914,OUTBOUND,-17.6988468170166,-0.5376883202384846,
0,22.772687911987305,1.2632278203964233,0.40917328000068665,0.4460218846797943,22.548651535005774,4.899347531961922,-3.8826279640197754,982,15,49,1,INSUFFICIENT_RECOVERY_RESERVE,43.098655700683594,OUTBOUND,-17.74822235107422,-0.5375570249705294,
0,22.88715934753418,1.2636065483093262,7.5695929527282715,7.165085792541504,22.565336002997356,4.887075703623536,-3.943526029586792,983,15,50,1,NOMINAL_OUTSIDE_CERTIFIED_SET,3.7213728427886963,OUTBOUND,-17.809398651123047,-0.5187642481806041,
0,23.193946838378906,1.263987421989441,3.9722275733947754,3.716952085494995,22.579772512981435,4.874798590929173,-3.9569039344787598,984,15,51,1,NOMINAL_OUTSIDE_CERTIFIED_SET,9.409950256347656,OUTBOUND,-18.132511138916016,-0.5241144553155452,
0,22.89990234375,1.264369249343872,7.75476598739624,7.425436973571777,22.599065866001183,4.862519842326971,-3.937363862991333,985,15,52,1,NOMINAL_OUTSIDE_CERTIFIED_SET,8.370051383972168,OUTBOUND,-17.85447120666504,-0.5098841231226013,
0,22.974639892578125,1.264751672744751,7.646429061889648,7.271188259124756,22.616893817001255,4.8502460259659514,-3.924093723297119,986,15,53,1,NOMINAL_OUTSIDE_CERTIFIED_SET,22.45197868347168,OUTBOUND,-18.03545570373535,-0.48157176572777605,
0,22.953857421875,1.2651355266571045,0.37674587965011597,0.4590037167072296,22.730564706987934,4.8379849037164036,-3.9497857093811035,987,15,54,1,NOMINAL_OUTSIDE_CERTIFIED_SET,23.350994110107422,OUTBOUND,-17.951074600219727,-0.44378218740305164,
0,23.11832046508789,1.2655177116394043,4.03356409072876,3.8419110774993896,22.747457985009532,4.825742589766541,-3.8773622512817383,988,15,55,1,NOMINAL_OUTSIDE_CERTIFIED_SET,2.7199840545654297,OUTBOUND,-18.167634963989258,-0.400291467946981,
0,23.318723678588867,1.265899896621704,0.2232106626033783,0.27347826957702637,22.765934238006594,4.813523309006953,-3.9118006229400635,989,15,56,1,NOMINAL_OUTSIDE_CERTIFIED_SET,15.539438247680664,OUTBOUND,-18.321388244628906,-0.35412018969998044,
0,23.161664962768555,1.2662835121154785,4.021625518798828,3.8642218112945557,22.786072583985515,4.8013294617253015,-3.94815731048584,990,15,57,1,NOMINAL_OUTSIDE_CERTIFIED_SET,6.547701358795166,OUTBOUND,-18.142412185668945,-0.3076142887044372,
1,23.26091766357422,1.2666682004928589,0.2709256112575531,0.40063080191612244,22.80118259898154,4.789155146452365,-3.943010091781616,991,15,58,0,,21.64509391784668,OUTBOUND,-18.193506240844727,-0.25656684297876525,
0,23.505983352661133,1.2670526504516602,4.149507522583008,3.9271509647369385,22.81856638699537,4.777011385665366,-3.910578489303589,992,15,59,1,NOMINAL_OUTSIDE_CERTIFIED_SET,27.449594497680664,OUTBOUND,-18.573734283447266,-0.21001528178281093,
0,23.27647590637207,1.2674363851547241,4.123844623565674,3.943366050720215,22.833489401993575,4.764893663945843,-3.9002599716186523,993,15,60,1,NOMINAL_OUTSIDE_CERTIFIED_SET,16.698501586914062,OUTBOUND,-18.33816146850586,-0.17437791940526443,
0,23.340396881103516,1.267818808555603,7.915539264678955,7.413011074066162,22.852418039983604,4.752799542584079,-3.881803274154663,994,15,61,1,NOMINAL_OUTSIDE_CERTIFIED_SET,38.97452163696289,OUTBOUND,-18.537872314453125,-0.14211079040901067,
0,23.435897827148438,1.268201231956482,0.22843384742736816,0.28141480684280396,22.873918180994224,4.740725152619142,-3.913428783416748,995,15,62,1,NOMINAL_OUTSIDE_CERTIFIED_SET,2.862891674041748,FAILURE,-18.567148208618164,-0.11350682940066761,
0,23.067907333374023,1.2685831785202026,11.521536827087402,10.748037338256836,22.901050512999063,5.4879676,-3.9001879692077637,996,16,1,1,NOMINAL_OUTSIDE_CERTIFIED_SET,35.46182632446289,OUTBOUND,-18.289447784423828,-0.01020132358994201,
0,23.19182014465332,1.2689661979675293,4.020020961761475,3.759697198867798,22.920487261988455,5.4758992,-3.9376347064971924,997,16,2,1,NOMINAL_OUTSIDE_CERTIFIED_SET,12.115885734558105,OUTBOUND,-18.327972412109375,-0.01133557945106046,
0,22.72007942199707,1.2693476676940918,15.340323448181152,14.4000825881958,22.93734381298418,5.4637948,-3.8732080459594727,998,16,3,1,NOMINAL_OUTSIDE_CERTIFIED_SET,23.49009132385254,OUTBOUND,-17.909067153930664,-0.015383460743156973,
0,22.978912353515625,1.269729495048523,0.6547654867172241,0.6853989362716675,22.957605775998672,5.4516544,-3.9153456687927246,999,16,4,1,NOMINAL_OUTSIDE_CERTIFIED_SET,58.728084564208984,OUTBOUND,-18.027149200439453,-0.024272287792003466,
1,22.84821319580078,1.27011239528656,8.076062202453613,7.642444133758545,23.09106719700503,5.439495885298496,-3.9363880157470703,1000,16,5,0,,27.54851531982422,OUTBOUND,-17.823322296142578,-0.0530908144687338,
1,23.208627700805664,1.2704957723617554,4.340243339538574,4.053954601287842,23.11291242300649,5.427328481174117,-3.922210693359375,1001,16,6,0,,39.83701705932617,OUTBOUND,-18.132369995117188,-0.05908806422978667,
1,23.235774993896484,1.2708790302276611,7.893390655517578,7.378167629241943,23.13534224999603,5.4152030500225345,-3.9120771884918213,1002,16,7,0,,14.2942533493042,OUTBOUND,-18.13877296447754,-0.06632100389679756,
1,23.414772033691406,1.2712621688842773,0.6017704606056213,0.6760129332542419,23.156168774003163,5.403041591178595,-3.904719829559326,1003,16,8,0,,46.355491638183594,OUTBOUND,-18.23753547668457,-0.07482290589273043,
0,23.738069534301758,1.2716439962387085,0.3066641390323639,0.26724621653556824,23.17204072099412,5.390866870721777,-3.883226156234741,1004,16,9,1,NOMINAL_OUTSIDE_CERTIFIED_SET,29.058820724487305,OUTBOUND,-18.56982421875,-0.07084191839779966,
0,23.881052017211914,1.2720247507095337,0.2752125561237335,0.3120166063308716,23.188293120008893,5.378657963893801,-3.878525495529175,1005,16,10,1,NOMINAL_OUTSIDE_CERTIFIED_SET,14.09920597076416,OUTBOUND,-18.723857879638672,-0.09761181607484641,
0,24.03875732421875,1.2724055051803589,4.2536444664001465,4.110009670257568,23.202976667991607,5.366414680876672,-3.9061436653137207,1006,16,11,1,NOMINAL_OUTSIDE_CERTIFIED_SET,28.788606643676758,OUTBOUND,-18.90737533569336,-0.13378601005686716,
0,24.163665771484375,1.272786259651184,4.451608180999756,4.270906925201416,23.219739243999356,5.354159677846363,-3.904188632965088,1007,16,12,1,NOMINAL_OUTSIDE_CERTIFIED_SET,53.62652587890625,OUTBOUND,-19.18558120727539,-0.1740590399084057,
0,23.905529022216797,1.2731666564941406,8.624711990356445,8.153055191040039,23.234100633009803,5.341895271380441,-3.893541097640991,1008,16,13,1,NOMINAL_OUTSIDE_CERTIFIED_SET,64.58180236816406,OUTBOUND,-19.0423583984375,-0.20901597601288147,
0,23.868722915649414,1.273545742034912,4.327731609344482,4.0377960205078125,23.25222328698146,5.329624922347878,-3.874812602996826,1009,16,14,1,NOMINAL_OUTSIDE_CERTIFIED_SET,36.70278549194336,OUTBOUND,-19.10243034362793,-0.23450512414457672,
0,23.505332946777344,1.2739243507385254,8.603300094604492,7.947238922119141,23.272276592993876,5.317343622105489,-3.8849003314971924,1010,16,15,1,INSUFFICIENT_RECOVERY_RESERVE,52.59429931640625,OUTBOUND,-18.813188552856445,-0.24279645381672432,
0,23.507740020751953,1.2743033170700073,0.23304066061973572,0.39301598072052,23.40937096098787,5.305073142513544,-3.907160520553589,1011,16,16,1,NOMINAL_OUTSIDE_CERTIFIED_SET,23.32228660583496,OUTBOUND,-18.723514556884766,-0.2684214831807784,
0,23.355289459228516,1.2746825218200684,0.46985217928886414,0.7876913547515869,23.425913482002215,5.292780589008713,-3.904146194458008,1012,16,17,1,INSUFFICIENT_RECOVERY_RESERVE,47.106361389160156,OUTBOUND,-18.451519012451172,-0.29294376864355276,
0,23.543590545654297,1.2750643491744995,4.100564479827881,3.868731737136841,23.443654906004667,5.280501184952106,-3.9627957344055176,1013,16,18,1,NOMINAL_OUTSIDE_CERTIFIED_SET,23.56273651123047,OUTBOUND,-18.593555450439453,-0.3168625519228156,
0,23.305156707763672,1.2754459381103516,8.00695514678955,7.546816349029541,23.46517118799966,5.268198782728187,-3.9014596939086914,1014,16,19,1,INSUFFICIENT_RECOVERY_RESERVE,18.885141372680664,OUTBOUND,-18.338834762573242,-0.33940419921830034,
0,23.57000160217285,1.2758281230926514,0.611830472946167,0.648709774017334,23.4829879339959,5.255911634796691,-3.9150044918060303,1015,16,20,1,NOMINAL_OUTSIDE_CERTIFIED_SET,49.30078887939453,OUTBOUND,-18.478771209716797,-0.3611195828568397,
0,23.298202514648438,1.2762092351913452,15.77098560333252,14.805876731872559,23.497321984003065,5.243600551219404,-3.88220477104187,1016,16,21,1,INSUFFICIENT_RECOVERY_RESERVE,31.976850509643555,OUTBOUND,-18.31275177001953,-0.381357019769341,
0,23.495229721069336,1.27659273147583,8.297883033752441,7.827272415161133,23.513482084003044,5.231306628865341,-3.955899953842163,1017,16,22,1,NOMINAL_OUTSIDE_CERTIFIED_SET,12.154309272766113,OUTBOUND,-18.427087783813477,-0.40069239846503496,
0,23.914037704467773,1.2769746780395508,0.5117891430854797,0.4389571249485016,23.52707053098129,5.218987836614712,-3.8750898838043213,1018,16,23,1,INSUFFICIENT_RECOVERY_RESERVE,38.99215316772461,OUTBOUND,-18.86063003540039,-0.418572158216637,
0,23.914546966552734,1.2773562669754028,4.372447967529297,4.076544761657715,23.541555425996194,5.206702865157259,-3.891547679901123,1019,16,24,1,INSUFFICIENT_RECOVERY_RESERVE,14.077486991882324,OUTBOUND,-18.86396598815918,-0.38770605376533884,
0,23.882104873657227,1.2777358293533325,0.43333882093429565,0.4460007846355438,23.561260813992703,5.194429715022059,-3.857632875442505,1020,16,25,1,NOMINAL_OUTSIDE_CERTIFIED_SET,23.457523345947266,OUTBOUND,-18.87639808654785,-0.40403381909428726,
0,23.918363571166992,1.2781184911727905,4.584831237792969,4.474724769592285,23.577987288008444,5.182134594668826,-3.9679958820343018,1021,16,26,1,INSUFFICIENT_RECOVERY_RESERVE,6.454543113708496,OUTBOUND,-18.795066833496094,-0.41922438935638917,
0,23.84311866760254,1.2785009145736694,8.402853965759277,7.937222480773926,23.597921337001026,5.169874990877317,-3.90254545211792,1022,16,27,1,NOMINAL_OUTSIDE_CERTIFIED_SET,25.424972534179688,OUTBOUND,-18.843156814575195,-0.42175153772784946,
0,24.146862030029297,1.2788821458816528,4.396640300750732,4.13655948638916,23.61929211698589,5.157604963004491,-3.872870922088623,1023,16,28,1,NOMINAL_OUTSIDE_CERTIFIED_SET,21.33225440979004,OUTBOUND,-19.158300399780273,-0.450668955047647,
0,24.110227584838867,1.279264211654663,0.26891347765922546,0.3964657783508301,23.633166027982952,5.145311696690459,-3.9209096431732178,1024,16,29,1,INSUFFICIENT_RECOVERY_RESERVE,8.03088665008545,OUTBOUND,-19.10590934753418,-0.43960368723559806,
0,24.084794998168945,1.279646873474121,8.4743070602417,7.815191268920898,23.647177898004884,5.1330321455461645,-3.920032262802124,1025,16,30,1,NOMINAL_OUTSIDE_CERTIFIED_SET,42.99201583862305,OUTBOUND,-19.17993927001953,-0.45274344854134446,
0,24.253875732421875,1.2800302505493164,0.23950344324111938,0.295623779296875,23.66050279099727,5.1207294559365755,-3.918391466140747,1026,16,31,1,INSUFFICIENT_RECOVERY_RESERVE,7.386009693145752,OUTBOUND,-19.2889404296875,-0.46488990116043216,
0,23.72215461730957,1.2804152965545654,12.598352432250977,11.712660789489746,23.677026930003194,5.108442508386657,-3.9457569122314453,1027,16,32,1,NOMINAL_OUTSIDE_CERTIFIED_SET,42.32527542114258,OUTBOUND,-18.821887969970703,-0.4767624909992026,
0,23.807479858398438,1.2807997465133667,4.417989730834961,4.306751728057861,23.796000161004486,5.09613126293479,-3.892895221710205,1028,16,33,1,INSUFFICIENT_RECOVERY_RESERVE,12.505496978759766,OUTBOUND,-18.916000366210938,-0.48770875981201334,
0,24.145479202270508,1.281184434890747,0.31054162979125977,0.37743985652923584,23.80834443299682,5.083853029920217,-3.9149954319000244,1029,16,34,1,INSUFFICIENT_RECOVERY_RESERVE,31.555545806884766,OUTBOUND,-19.103282928466797,-0.4437665981192833,
0,23.822431564331055,1.281565546989441,0.4825407862663269,0.5752735733985901,23.830374713987112,5.071585511437592,-3.8193960189819336,1030,16,35,1,NOMINAL_OUTSIDE_CERTIFIED_SET,44.26542663574219,OUTBOUND,-18.89851951599121,-0.4559386012556179,
0,23.798717498779297,1.281945824623108,4.4987897872924805,4.314606666564941,23.843749416002538,5.059296120250602,-3.880845785140991,1031,16,36,1,INSUFFICIENT_RECOVERY_RESERVE,19.999357223510742,OUTBOUND,-18.72828483581543,-0.4671513226359388,
1,24.24007225036621,1.282326340675354,8.291500091552734,7.793859481811523,23.860492020990932,5.047047994560516,-3.9002695083618164,1032,16,37,0,,18.73026466369629,OUTBOUND,-19.177431106567383,-0.45814471315678584,
1,24.248294830322266,1.2827082872390747,4.409616470336914,4.189697742462158,23.87488995998865,5.034773148454657,-3.929354190826416,1033,16,38,0,,6.380159378051758,OUTBOUND,-19.236021041870117,-0.4809252048897236,
0,24.26428985595703,1.2830946445465088,4.51961612701416,4.250456809997559,23.88886568500311,5.022451297996098,-4.00738525390625,1034,16,39,1,NOMINAL_OUTSIDE_CERTIFIED_SET,14.949614524841309,OUTBOUND,-19.065868377685547,-0.5201207237649346,
0,23.982210159301758,1.2834820747375488,8.543350219726562,8.152793884277344,23.902557519992115,5.010116593632315,-3.936448097229004,1035,16,40,1,INSUFFICIENT_RECOVERY_RESERVE,8.19823169708252,OUTBOUND,-18.916357040405273,-0.5245584058828866,
1,24.328899383544922,1.2838696241378784,0.36684519052505493,0.4778098464012146,23.918763955996837,4.997833268202715,-3.9151406288146973,1036,16,41,0,,20.576770782470703,OUTBOUND,-19.229604721069336,-0.5052255764035076,
1,24.507827758789062,1.2842587232589722,0.31383654475212097,0.367666095495224,23.93434358300874,4.985537085915892,-3.949676990509033,1037,16,42,0,,17.01597785949707,OUTBOUND,-19.397048950195312,-0.513006625342286,
0,24.496829986572266,1.2846479415893555,0.27685606479644775,0.37807995080947876,23.951605340989772,4.9732348061963,-3.9177515506744385,1038,16,43,1,NOMINAL_OUTSIDE_CERTIFIED_SET,6.2757487297058105,OUTBOUND,-19.378021240234375,-0.5184835677416754,
0,24.68686294555664,1.2850364446640015,0.44645053148269653,0.4960080683231354,23.967888418992516,4.960939052472606,-3.900278091430664,1039,16,44,1,NOMINAL_OUTSIDE_CERTIFIED_SET,4.944977283477783,OUTBOUND,-19.58547592163086,-0.5176738174614276,
0,24.58068084716797,1.2854243516921997,4.562435150146484,4.3495378494262695,23.981795478001004,4.9486407086813635,-3.8978993892669678,1040,16,45,1,INSUFFICIENT_RECOVERY_RESERVE,22.52793312072754,OUTBOUND,-19.560781478881836,-0.4878500786007978,
0,24.539644241333008,1.2858093976974487,4.508654594421387,4.182348728179932,24.103844747995026,4.936354281111148,-3.8444135189056396,1041,16,46,1,NOMINAL_OUTSIDE_CERTIFIED_SET,33.32255554199219,OUTBOUND,-19.6717586517334,-0.49443503211935674,
0,24.453636169433594,1.2861924171447754,0.25564172863960266,0.32404080033302307,24.116126904991688,4.92405476798252,-3.8584814071655273,1042,16,47,1,INSUFFICIENT_RECOVERY_RESERVE,9.116338729858398,OUTBOUND,-19.54917335510254,-0.5006809987067206,
0,24.403614044189453,1.2865759134292603,4.463644027709961,4.189274311065674,24.13266236099298,4.911769122814544,-3.909489393234253,1043,16,48,1,NOMINAL_OUTSIDE_CERTIFIED_SET,7.959332466125488,OUTBOUND,-19.415489196777344,-0.5078170856864594,
0,24.539148330688477,1.2869598865509033,13.091383934020996,12.270999908447266,24.14686528799939,4.89945706047796,-3.9101674556732178,1044,16,49,1,INSUFFICIENT_RECOVERY_RESERVE,61.26342010498047,OUTBOUND,-19.677141189575195,-0.5144985810560103,
0,24.415447235107422,1.2873448133468628,12.884449005126953,12.088961601257324,24.16216260800138,4.887187314847869,-3.926914691925049,1045,16,50,1,NOMINAL_OUTSIDE_CERTIFIED_SET,48.4153938293457,OUTBOUND,-19.59490966796875,-0.5034138685681013,
0,23.969308853149414,1.2877315282821655,8.740144729614258,8.256110191345215,24.17991167298169,4.874903886173422,-3.944072723388672,1046,16,51,1,NOMINAL_OUTSIDE_CERTIFIED_SET,9.188637733459473,OUTBOUND,-19.1093692779541,-0.520184871224817,
0,23.96668815612793,1.2881183624267578,0.8222556114196777,0.9195548295974731,24.19538035299047,4.862614068409455,-3.9112401008605957,1047,16,52,1,NOMINAL_OUTSIDE_CERTIFIED_SET,73.23065185546875,OUTBOUND,-18.94646453857422,-0.5146860229115341,
1,24.056785583496094,1.2885061502456665,8.766613960266113,8.279562950134277,24.21097615698818,4.85032331386085,-3.931539535522461,1048,16,53,0,,30.323060989379883,OUTBOUND,-18.96912384033203,-0.49525542150699864,
0,24.31586265563965,1.2888942956924438,0.918603777885437,0.8584362268447876,24.22651609199238,4.838052503131495,-3.9169952869415283,1049,16,54,1,NOMINAL_OUTSIDE_CERTIFIED_SET,73.09100341796875,OUTBOUND,-19.15353012084961,-0.4634256248017249,
0,24.59677505493164,1.2892823219299316,0.6395665407180786,0.6008179187774658,24.240873717004433,4.825797512136217,-3.906930685043335,1050,16,55,1,NOMINAL_OUTSIDE_CERTIFIED_SET,53.022247314453125,OUTBOUND,-19.305986404418945,-0.4211527135025645,
1,24.70813751220703,1.2896708250045776,4.5614237785339355,4.305773735046387,24.256887359981192,4.813546768599035,-3.922170639038086,1051,16,56,0,,15.09013557434082,OUTBOUND,-19.467065811157227,-0.3651743771843509,
0,24.905895233154297,1.2900564670562744,0.33624398708343506,0.32669809460639954,24.273151041998062,4.801320308816574,-3.8426477909088135,1052,16,57,1,NOMINAL_OUTSIDE_CERTIFIED_SET,24.10866928100586,OUTBOUND,-19.694976806640625,-0.31131174754164015,
0,25.252140045166016,1.2904411554336548,0.2912750840187073,0.35888469219207764,24.390470351005206,4.789125124660237,-3.879397392272949,1053,16,58,1,NOMINAL_OUTSIDE_CERTIFIED_SET,19.064149856567383,OUTBOUND,-20.097023010253906,-0.27068906688353755,
1,25.468673706054688,1.290827751159668,0.31094077229499817,0.39597856998443604,24.405557944002794,4.776962922533854,-3.9469337463378906,1054,16,59,0,,26.432056427001953,OUTBOUND,-20.27623176574707,-0.23328592820582392,
0,25.588176727294922,1.291215419769287,4.897228717803955,4.769831657409668,24.423229834996164,4.764796690520926,-3.932082176208496,1055,16,60,1,NOMINAL_OUTSIDE_CERTIFIED_SET,63.727699279785156,OUTBOUND,-20.554672241210938,-0.19772697734497952,
0,25.318939208984375,1.2916032075881958,0.24317651987075806,0.2752746641635895,24.43787527998211,4.752664656972792,-3.9059271812438965,1056,16,61,1,NOMINAL_OUTSIDE_CERTIFIED_SET,24.10053062438965,OUTBOUND,-20.371814727783203,-0.1625286255772343,
0,25.187715530395508,1.291990876197815,0.3279220759868622,0.3177008032798767,24.45499694198952,4.74056267156559,-3.909109115600586,1057,16,62,1,NOMINAL_OUTSIDE_CERTIFIED_SET,19.094804763793945,OUTBOUND,-20.217891693115234,-0.1309285989730187,
0,25.209983825683594,1.292379379272461,0.3057156205177307,0.2256832718849182,24.47158808200038,4.728486500950319,-3.9225971698760986,1058,16,63,1,NOMINAL_OUTSIDE_CERTIFIED_SET,21.290050506591797,FAILURE,-20.252544403076172,-0.1031705092221402,
0,24.987445831298828,1.2927687168121338,4.807786464691162,4.5089430809021,24.495032918988727,5.4879676,-3.9327235221862793,1059,17,1,1,NOMINAL_OUTSIDE_CERTIFIED_SET,23.34711265563965,OUTBOUND,-20.06363296508789,-0.01020132358994201,
0,24.68402099609375,1.293161153793335,13.60660171508789,12.694461822509766,24.509798824990867,5.4758992,-3.9833273887634277,1060,17,2,1,NOMINAL_OUTSIDE_CERTIFIED_SET,49.69638442993164,OUTBOUND,-19.80963897705078,-0.01133557945106046,
1,24.285358428955078,1.2935539484024048,9.15107536315918,8.808671951293945,24.52519427999505,5.463822608290342,-3.9228999614715576,1061,17,3,0,,10.719083786010742,OUTBOUND,-19.43070411682129,-0.00950031827540391,
0,24.355981826782227,1.2939473390579224,4.74069881439209,4.600574970245361,24.54835445198114,5.451718824232159,-3.935495376586914,1062,17,4,1,NOMINAL_OUTSIDE_CERTIFIED_SET,30.14964485168457,OUTBOUND,-19.42841148376465,-0.010140143760563504,
0,24.26690101623535,1.2943412065505981,9.237126350402832,8.792044639587402,24.564448635996087,5.439582206623134,-3.9301702976226807,1063,17,5,1,NOMINAL_OUTSIDE_CERTIFIED_SET,25.112428665161133,OUTBOUND,-19.253517150878906,-0.02112516274124018,
0,24.52765655517578,1.2947354316711426,13.0706787109375,12.27979850769043,24.579058056988288,5.427412190867221,-3.9277329444885254,1064,17,6,1,NOMINAL_OUTSIDE_CERTIFIED_SET,9.612655639648438,OUTBOUND,-19.530338287353516,-0.037812003857010494,
0,24.599952697753906,1.2951291799545288,0.9730327725410461,0.8049722909927368,24.594015209993813,5.415208266767702,-3.907817840576172,1065,17,7,1,NOMINAL_OUTSIDE_CERTIFIED_SET,79.16488647460938,OUTBOUND,-19.45818519592285,-0.06201013366659025,
1,24.79988670349121,1.295521855354309,5.100368499755859,4.605659484863281,24.60815049300436,5.402992312593525,-3.8988194465637207,1066,17,8,0,,53.02486801147461,OUTBOUND,-19.58663558959961,-0.1022864512239292,
1,24.912630081176758,1.2959153652191162,5.059948444366455,4.649138927459717,24.625016006990336,5.390753188567763,-3.9328813552856445,1067,17,9,0,,44.56103515625,OUTBOUND,-19.598920822143555,-0.14638664953342376,
0,25.359477996826172,1.2963093519210815,8.944077491760254,8.410689353942871,24.7431068859878,5.378508158300838,-3.929499626159668,1068,17,10,1,NOMINAL_OUTSIDE_CERTIFIED_SET,17.592008590698242,OUTBOUND,-20.09756851196289,-0.17097325326606186,
0,25.195398330688477,1.2967013120651245,4.73857307434082,4.459300518035889,24.761927615996683,5.366246996185946,-3.8721017837524414,1069,17,11,1,NOMINAL_OUTSIDE_CERTIFIED_SET,8.645371437072754,OUTBOUND,-20.01026153564453,-0.18981045844549574,
0,25.1961612701416,1.2970929145812988,9.175078392028809,8.702788352966309,24.777707194007235,5.353984089721964,-3.904733180999756,1070,17,12,1,NOMINAL_OUTSIDE_CERTIFIED_SET,33.265899658203125,OUTBOUND,-20.12864875793457,-0.21263019375485728,
0,25.413524627685547,1.2974836826324463,0.22506220638751984,0.26623472571372986,24.798776859999634,5.341719280676754,-3.891519546508789,1071,17,13,1,NOMINAL_OUTSIDE_CERTIFIED_SET,6.388394355773926,OUTBOUND,-20.273990631103516,-0.23123046514788198,
0,25.399614334106445,1.2978731393814087,9.280205726623535,8.602798461914062,24.81516797200311,5.329425676576551,-3.8814010620117188,1072,17,14,1,NOMINAL_OUTSIDE_CERTIFIED_SET,49.60723876953125,OUTBOUND,-20.383392333984375,-0.2638655121764171,
0,25.514305114746094,1.2982631921768188,4.93781852722168,4.579954624176025,24.82963315799134,5.31710905078624,-3.9198899269104004,1073,17,15,1,INSUFFICIENT_RECOVERY_RESERVE,32.538421630859375,OUTBOUND,-20.499067306518555,-0.28875401419744473,
0,25.239782333374023,1.2986544370651245,9.508464813232422,8.818412780761719,24.843477741989773,5.304826018348505,-3.937385320663452,1074,17,16,1,INSUFFICIENT_RECOVERY_RESERVE,40.25249481201172,OUTBOUND,-20.260990142822266,-0.28098621874337665,
0,25.006771087646484,1.299047589302063,0.3084362745285034,0.6236651539802551,24.86069273200701,5.292554304337407,-3.958289861679077,1075,17,17,1,NOMINAL_OUTSIDE_CERTIFIED_SET,40.626075744628906,OUTBOUND,-19.959430694580078,-0.3018664254656402,
0,25.10178565979004,1.2994412183761597,0.35240527987480164,0.6562985777854919,24.88016749898088,5.280257357396928,-3.924476385116577,1076,17,18,1,INSUFFICIENT_RECOVERY_RESERVE,38.060020446777344,OUTBOUND,-20.05489730834961,-0.3220360496329487,
0,25.43204689025879,1.2998371124267578,0.2704907953739166,0.35722485184669495,24.899214999983087,5.267974407273538,-3.968256711959839,1077,17,19,1,NOMINAL_OUTSIDE_CERTIFIED_SET,29.29216957092285,OUTBOUND,-20.27906036376953,-0.34242818578729395,
0,25.26551055908203,1.3002345561981201,9.338693618774414,8.698715209960938,24.91152839298593,5.25566594175897,-3.9598388671875,1078,17,20,1,INSUFFICIENT_RECOVERY_RESERVE,18.698740005493164,OUTBOUND,-20.056169509887695,-0.36176171034581467,
0,24.992660522460938,1.3006300926208496,9.423637390136719,8.9942626953125,24.92672654800117,5.243373775678795,-3.87930965423584,1079,17,21,1,NOMINAL_OUTSIDE_CERTIFIED_SET,4.354214191436768,OUTBOUND,-19.938182830810547,-0.3809601344090824,
0,25.635255813598633,1.3010255098342896,0.23839442431926727,0.27552926540374756,24.938584383984562,5.2310557529525905,-3.917750597000122,1080,17,22,1,INSUFFICIENT_RECOVERY_RESERVE,12.528936386108398,OUTBOUND,-20.524818420410156,-0.3989151035274356,
0,25.701690673828125,1.3014209270477295,0.3511278033256531,0.3981621563434601,24.954398434987525,5.21877142243103,-3.9201207160949707,1081,17,23,1,INSUFFICIENT_RECOVERY_RESERVE,15.212174415588379,OUTBOUND,-20.521888732910156,-0.3706152960280382,
0,25.510509490966797,1.3018174171447754,4.761861324310303,4.579044818878174,25.07501864398364,5.206498423096939,-3.941415548324585,1082,17,24,1,NOMINAL_OUTSIDE_CERTIFIED_SET,9.044133186340332,OUTBOUND,-20.322355270385742,-0.3873269984239008,
0,25.611793518066406,1.30221426486969,9.215215682983398,8.71384334564209,25.089251865982078,5.194202895630697,-3.9333086013793945,1083,17,25,1,INSUFFICIENT_RECOVERY_RESERVE,41.98012161254883,OUTBOUND,-20.59730339050293,-0.40296916791357335,
1,25.726600646972656,1.3026117086410522,0.22809627652168274,0.2148119956254959,25.109940180991543,5.181942719105369,-3.93229341506958,1084,17,26,0,,16.931320190429688,OUTBOUND,-20.676855087280273,-0.40255060061982756,
0,25.425230026245117,1.3030078411102295,4.935316562652588,4.744040489196777,25.129509416990913,5.169670615311871,-3.8962326049804688,1085,17,27,1,NOMINAL_OUTSIDE_CERTIFIED_SET,2.144321918487549,OUTBOUND,-20.413793563842773,-0.43139807066893787,
0,25.733192443847656,1.3034048080444336,4.806209564208984,4.483234882354736,25.142794379004044,5.157396283625513,-3.9359025955200195,1086,17,28,1,NOMINAL_OUTSIDE_CERTIFIED_SET,6.760350704193115,OUTBOUND,-20.65116310119629,-0.4475739663066123,
0,25.343782424926758,1.3037980794906616,0.31086599826812744,0.46360304951667786,25.16103523998754,5.145107979533416,-3.8343422412872314,1087,17,29,1,INSUFFICIENT_RECOVERY_RESERVE,32.04846954345703,OUTBOUND,-20.282625198364258,-0.4311703417964822,
0,25.54680633544922,1.3041934967041016,4.916518211364746,4.753508567810059,25.184294134000083,5.132831529335233,-3.9657740592956543,1088,17,30,1,NOMINAL_OUTSIDE_CERTIFIED_SET,8.614548683166504,OUTBOUND,-20.32984161376953,-0.4420040407983105,
0,25.616601943969727,1.3045897483825684,9.536094665527344,8.811491012573242,25.199621532985475,5.120537661378788,-3.934814453125,1089,17,31,1,INSUFFICIENT_RECOVERY_RESERVE,29.07484245300293,OUTBOUND,-20.552730560302734,-0.4522753653259272,
0,25.560951232910156,1.304984450340271,4.959141254425049,4.720673561096191,25.220849984994857,5.108257517394124,-3.882607936859131,1090,17,32,1,NOMINAL_OUTSIDE_CERTIFIED_SET,8.762104034423828,OUTBOUND,-20.50640296936035,-0.4630211535476356,
0,25.656845092773438,1.3053789138793945,4.908724784851074,4.643270492553711,25.234894118999364,5.095951769339713,-3.908522129058838,1091,17,33,1,INSUFFICIENT_RECOVERY_RESERVE,2.590688705444336,OUTBOUND,-20.588241577148438,-0.473097745932893,
0,25.453720092773438,1.3057727813720703,0.43086522817611694,0.5777314901351929,25.25329283499741,5.0836621102249016,-3.9005117416381836,1092,17,34,1,NOMINAL_OUTSIDE_CERTIFIED_SET,44.539085388183594,OUTBOUND,-20.313079833984375,-0.48347990970658666,
0,25.57180404663086,1.3061673641204834,14.125484466552734,13.233304977416992,25.273424635000993,5.0713453989657635,-3.928074836730957,1093,17,35,1,INSUFFICIENT_RECOVERY_RESERVE,40.33824157714844,OUTBOUND,-20.448537826538086,-0.49313536950046494,
0,25.455284118652344,1.3065621852874756,14.095723152160645,13.21695327758789,25.391580553987296,5.059062259656418,-3.9223012924194336,1094,17,36,1,INSUFFICIENT_RECOVERY_RESERVE,35.566349029541016,OUTBOUND,-20.38479232788086,-0.4482536595247799,
0,25.534635543823242,1.3069556951522827,5.185816764831543,4.878171443939209,25.406886493990896,5.046790392228454,-3.881131887435913,1095,17,37,1,NOMINAL_OUTSIDE_CERTIFIED_SET,25.328954696655273,OUTBOUND,-20.471172332763672,-0.4597303813736336,
0,25.823606491088867,1.3073506355285645,0.4952549636363983,0.4790497124195099,25.42033687798539,5.034494987725846,-3.9445059299468994,1096,17,38,1,INSUFFICIENT_RECOVERY_RESERVE,46.15559768676758,OUTBOUND,-20.65932273864746,-0.4703272133760246,
0,25.673982620239258,1.3077442646026611,0.44063177704811096,0.5317275524139404,25.4384495439881,5.0222132895402165,-3.88236141204834,1097,17,39,1,NOMINAL_OUTSIDE_CERTIFIED_SET,38.14475631713867,OUTBOUND,-20.45812225341797,-0.48109078005807054,
0,25.74924659729004,1.308138370513916,9.682900428771973,9.065117835998535,25.45487570698606,5.009907448825703,-3.922668695449829,1098,17,40,1,INSUFFICIENT_RECOVERY_RESERVE,23.98558807373047,OUTBOUND,-20.586376190185547,-0.49099106388480224,
1,25.713335037231445,1.3085325956344604,9.698162078857422,9.190402030944824,25.47270060898154,4.997615852943812,-3.9141886234283447,1099,17,41,0,,22.383825302124023,OUTBOUND,-20.574382781982422,-0.43259436978635873,
0,25.94602394104004,1.3089263439178467,9.438562393188477,8.773460388183594,25.48810608399799,4.985342433027186,-3.899667263031006,1100,17,42,1,NOMINAL_OUTSIDE_CERTIFIED_SET,26.424415588378906,OUTBOUND,-20.872888565063477,-0.42694920913501816,
0,25.651569366455078,1.3093222379684448,5.038967132568359,4.833194732666016,25.511703266995028,4.973064904955953,-3.960671901702881,1101,17,43,1,NOMINAL_OUTSIDE_CERTIFIED_SET,10.964813232421875,OUTBOUND,-20.54005241394043,-0.4690214451552713,
0,25.753475189208984,1.3097172975540161,5.0730743408203125,4.87505578994751,25.52596497099148,4.960769456285206,-3.8961503505706787,1102,17,44,1,INSUFFICIENT_RECOVERY_RESERVE,14.064475059509277,OUTBOUND,-20.626737594604492,-0.4598661468883379,
0,25.82999610900879,1.3101122379302979,0.4085467755794525,0.6052857637405396,25.545807360991603,4.9484859577049,-3.9086079597473145,1103,17,45,1,NOMINAL_OUTSIDE_CERTIFIED_SET,41.46170425415039,OUTBOUND,-20.657020568847656,-0.4734263982820454,
0,25.800540924072266,1.310504674911499,9.844558715820312,9.245044708251953,25.561670697003137,4.936186388088119,-3.8538973331451416,1104,17,46,1,INSUFFICIENT_RECOVERY_RESERVE,15.847335815429688,OUTBOUND,-20.686492919921875,-0.48564690311347347,
0,25.891403198242188,1.3108974695205688,5.19112491607666,4.992345809936523,25.577716355997836,4.9239005323110545,-3.911496162414551,1105,17,47,1,NOMINAL_OUTSIDE_CERTIFIED_SET,9.918567657470703,OUTBOUND,-20.724205017089844,-0.49737967050089266,
0,26.083755493164062,1.311291217803955,5.089927673339844,4.818596363067627,25.591054201009683,4.911596223308733,-3.931002140045166,1106,17,48,1,INSUFFICIENT_RECOVERY_RESERVE,2.1247518062591553,OUTBOUND,-20.88602066040039,-0.507969988324569,
0,26.30913734436035,1.3116834163665771,0.26843446493148804,0.3116888701915741,25.606961334997322,4.89932178648612,-3.871117353439331,1107,17,49,1,NOMINAL_OUTSIDE_CERTIFIED_SET,16.166555404663086,OUTBOUND,-21.22491455078125,-0.509454330558412,
0,26.370424270629883,1.312078595161438,5.01485013961792,4.706871032714844,25.622257645009086,4.887039652213295,-3.974975347518921,1108,17,50,1,NOMINAL_OUTSIDE_CERTIFIED_SET,22.004594802856445,OUTBOUND,-21.203472137451172,-0.5471182207244383,
0,26.456684112548828,1.3124765157699585,5.03057861328125,4.682305335998535,25.6371438849892,4.874748661230661,-3.974764823913574,1109,17,51,1,NO_GENERATOR_SET,19.7711238861084,OUTBOUND,-21.339963912963867,-0.5559071560152338,
0,26.382587432861328,1.3128740787506104,0.2894173562526703,0.34481847286224365,25.6512972189812,4.862455736050046,-3.909367561340332,1110,17,52,1,NO_GENERATOR_SET,10.291004180908203,OUTBOUND,-21.26613426208496,-0.5429151693785821,
0,26.178911209106445,1.3132702112197876,9.72265911102295,9.025323867797852,25.773337311984506,4.850169096735504,-3.8810858726501465,1111,17,53,1,NOMINAL_OUTSIDE_CERTIFIED_SET,34.896907806396484,OUTBOUND,-21.14137840270996,-0.5142088243518896,
0,26.060184478759766,1.313665509223938,9.716309547424316,9.006678581237793,25.790041341999313,4.837896520451753,-3.8968753814697266,1112,17,54,1,NOMINAL_OUTSIDE_CERTIFIED_SET,25.993709564208984,OUTBOUND,-21.10293960571289,-0.47487220429407645,
0,26.118011474609375,1.314061164855957,9.829667091369629,9.116485595703125,25.805709064996336,4.825644184847356,-3.9143800735473633,1113,17,55,1,NOMINAL_OUTSIDE_CERTIFIED_SET,15.744760513305664,OUTBOUND,-21.068313598632812,-0.4290709144134805,
0,25.670154571533203,1.314455509185791,5.277908802032471,5.094878196716309,25.82456774500315,4.81341634995857,-3.881307601928711,1114,17,56,1,NOMINAL_OUTSIDE_CERTIFIED_SET,36.373661041259766,OUTBOUND,-20.622133255004883,-0.3801326787772101,
0,26.032133102416992,1.3148514032363892,5.2502360343933105,5.006843566894531,25.84516767199966,4.801215399723154,-3.9459927082061768,1115,17,57,1,NOMINAL_OUTSIDE_CERTIFIED_SET,34.03537368774414,OUTBOUND,-20.867326736450195,-0.33063903690441493,
0,26.12864112854004,1.3152484893798828,0.6401203274726868,0.7640331387519836,25.86327304498991,4.789042078862472,-3.936856269836426,1116,17,58,1,NOMINAL_OUTSIDE_CERTIFIED_SET,63.97589111328125,OUTBOUND,-20.857654571533203,-0.2825221638075937,
1,26.408254623413086,1.3156449794769287,0.4204978346824646,0.5184899568557739,25.88198240098427,4.77690122677776,-3.8999316692352295,1117,17,59,0,,39.08929443359375,OUTBOUND,-21.103160858154297,-0.2507060193366221,
1,26.395122528076172,1.3160430192947388,10.044462203979492,9.38348388671875,25.895573335990775,4.76475285322911,-3.9478695392608643,1118,17,60,0,,16.75891876220703,OUTBOUND,-21.05908966064453,-0.23419730424321406,
0,26.585498809814453,1.3164409399032593,0.38906851410865784,0.5061748623847961,25.913628351001535,4.752615922792556,-3.9136762619018555,1119,17,61,1,NOMINAL_OUTSIDE_CERTIFIED_SET,19.596601486206055,OUTBOUND,-21.32820701599121,-0.20033867949854398,
0,26.558242797851562,1.3168373107910156,5.226680755615234,5.010776519775391,25.928818232001504,4.740513493197201,-3.875033140182495,1120,17,62,1,NOMINAL_OUTSIDE_CERTIFIED_SET,22.641357421875,OUTBOUND,-21.368148803710938,-0.15289175309609696,
0,26.942989349365234,1.3172359466552734,5.282154560089111,5.05607271194458,25.948044026998105,4.72843814288142,-3.96835994720459,1121,17,63,1,NOMINAL_OUTSIDE_CERTIFIED_SET,38.247196197509766,FAILURE,-21.760276794433594,-0.11269544999011896,
0,26.734670639038086,1.3176321983337402,5.1637749671936035,4.886168479919434,25.96887345900177,5.4879676,-3.8571865558624268,1122,18,1,1,NOMINAL_OUTSIDE_CERTIFIED_SET,38.899208068847656,OUTBOUND,-21.775022506713867,-0.01020132358994201,
0,26.720218658447266,1.318027377128601,10.071488380432129,9.317154884338379,26.094852034002542,5.4758992,-3.8848981857299805,1123,18,2,1,NOMINAL_OUTSIDE_CERTIFIED_SET,50.445438385009766,OUTBOUND,-21.754043579101562,-0.01133557945106046,
0,26.32789421081543,1.3184243440628052,5.315401554107666,5.074914455413818,26.11372639099136,5.4637948,-3.9468071460723877,1124,18,3,1,NOMINAL_OUTSIDE_CERTIFIED_SET,4.276002407073975,OUTBOUND,-21.311138153076172,-0.015383460743156973,
1,26.41417121887207,1.3188222646713257,9.940898895263672,9.173550605773926,26.13002163200872,5.451669267316735,-3.9372503757476807,1125,18,4,0,,27.681785583496094,OUTBOUND,-21.376977920532227,-0.0016807040683919727,
0,26.143474578857422,1.3192201852798462,0.5682653784751892,0.820706844329834,26.147680275986204,5.439522278020927,-3.9096617698669434,1126,18,5,1,NOMINAL_OUTSIDE_CERTIFIED_SET,62.05817794799805,OUTBOUND,-21.02745819091797,0.0049553742981050695,
0,26.127002716064453,1.3196169137954712,10.048660278320312,9.421287536621094,26.162239950994262,5.427346607502106,-3.886225938796997,1127,18,6,1,NOMINAL_OUTSIDE_CERTIFIED_SET,13.32870101928711,OUTBOUND,-21.05600929260254,-0.02015565074427027,
0,26.024005889892578,1.3200123310089111,10.172115325927734,9.630447387695312,26.18108970898902,5.415140935619349,-3.8798632621765137,1128,18,7,1,NOMINAL_OUTSIDE_CERTIFIED_SET,19.607511520385742,OUTBOUND,-20.89266014099121,-0.0509576680428436,
1,26.03960418701172,1.3204092979431152,5.498495101928711,5.319262504577637,26.196414478996303,5.402923482559555,-3.9395830631256104,1129,18,8,0,,44.55613327026367,OUTBOUND,-20.848186492919922,-0.0567853287218334,
0,26.543689727783203,1.3208061456680298,0.7217515110969543,0.8176244497299194,26.21568337199278,5.390661328560204,-3.9092912673950195,1130,18,9,1,NOMINAL_OUTSIDE_CERTIFIED_SET,61.610538482666016,OUTBOUND,-21.15373992919922,-0.07291375511900895,
0,26.93911361694336,1.321201205253601,5.288918495178223,4.860861778259277,26.236193247983465,5.378383759658638,-3.8676366806030273,1131,18,10,1,NOMINAL_OUTSIDE_CERTIFIED_SET,14.653496742248535,OUTBOUND,-21.61494255065918,-0.13232006062979831,
0,26.930068969726562,1.321598768234253,5.326372146606445,5.034582138061523,26.25950403700699,5.366104193504824,-3.9626221656799316,1132,18,11,1,NOMINAL_OUTSIDE_CERTIFIED_SET,7.223847389221191,OUTBOUND,-21.540645599365234,-0.1886779021909459,
1,27.20889663696289,1.3219962120056152,0.3816562592983246,0.4919499158859253,26.281643728987547,5.353819145938357,-3.9055986404418945,1133,18,12,0,,16.435237884521484,OUTBOUND,-21.864192962646484,-0.22253654894168878,
0,27.419761657714844,1.3223936557769775,5.213206768035889,4.91805362701416,26.29540797500522,5.341501657056137,-3.9105899333953857,1134,18,13,1,INSUFFICIENT_RECOVERY_RESERVE,43.85812759399414,OUTBOUND,-22.21255111694336,-0.23343658648004942,
0,26.97318458557129,1.3227931261062622,10.703046798706055,10.200557708740234,26.4182934690034,5.329199725881235,-3.957305431365967,1135,18,14,1,NOMINAL_OUTSIDE_CERTIFIED_SET,64.53400421142578,OUTBOUND,-21.87908172607422,-0.2712002158756482,
0,27.31003189086914,1.323193073272705,0.24284231662750244,0.2745979130268097,26.433042836986715,5.316883560659231,-3.9240379333496094,1136,18,15,1,INSUFFICIENT_RECOVERY_RESERVE,16.523168563842773,OUTBOUND,-22.247913360595703,-0.3059386536680374,
0,26.744497299194336,1.3235907554626465,5.470472812652588,5.24263858795166,26.450436515006004,5.304600884675158,-3.859650135040283,1137,18,16,1,INSUFFICIENT_RECOVERY_RESERVE,12.21337604522705,OUTBOUND,-21.698335647583008,-0.29510413020915277,
1,26.810623168945312,1.323984980583191,0.4656410217285156,0.7143526077270508,26.470579291984905,5.29236130147298,-3.8312559127807617,1138,18,17,0,,20.03916358947754,OUTBOUND,-21.759967803955078,-0.2926176893483923,
0,27.225757598876953,1.3243805170059204,0.2555420994758606,0.25898706912994385,26.493145730986726,5.280084787905146,-3.930429458618164,1139,18,18,1,NOMINAL_OUTSIDE_CERTIFIED_SET,11.43867301940918,OUTBOUND,-22.084606170654297,-0.33251033947378383,
0,27.025310516357422,1.324778437614441,0.42717015743255615,0.6181256771087646,26.507517653983086,5.2677943705217425,-3.9576542377471924,1140,18,19,1,INSUFFICIENT_RECOVERY_RESERVE,24.91709327697754,OUTBOUND,-21.820510864257812,-0.35743888526047846,
1,26.89670753479004,1.3251794576644897,15.539011001586914,14.304498672485352,26.525634385005105,5.255546495477209,-3.983828067779541,1141,18,20,0,,58.3891716003418,OUTBOUND,-21.78455352783203,-0.3445154812781096,
0,26.644420623779297,1.3255821466445923,5.457149028778076,5.21327543258667,26.55014852999011,5.243278700832117,-3.9517269134521484,1142,18,21,1,NOMINAL_OUTSIDE_CERTIFIED_SET,17.70305824279785,OUTBOUND,-21.50892448425293,-0.3774926132636076,
0,26.795047760009766,1.325985074043274,5.438343048095703,5.090819835662842,26.566490394005086,5.230984980089633,-3.9262876510620117,1143,18,22,1,INSUFFICIENT_RECOVERY_RESERVE,14.409893989562988,OUTBOUND,-21.628101348876953,-0.39689630594483016,
0,26.928592681884766,1.3263874053955078,5.356906890869141,5.02353572845459,26.587041364982724,5.218704144405511,-3.9061126708984375,1144,18,23,1,NOMINAL_OUTSIDE_CERTIFIED_SET,4.318560600280762,OUTBOUND,-21.794837951660156,-0.41466490689491775,
0,27.0010929107666,1.3267912864685059,5.391841888427734,5.028113842010498,26.60405650100438,5.206397437582933,-3.955470085144043,1145,18,24,1,INSUFFICIENT_RECOVERY_RESERVE,20.80561637878418,OUTBOUND,-21.733789443969727,-0.4309834507892703,
1,26.91109848022461,1.327197790145874,5.59872579574585,5.374687194824219,26.624406604998512,5.194116780143737,-3.981504440307617,1146,18,25,0,,26.952390670776367,OUTBOUND,-21.64431381225586,-0.3878035483184828,
0,27.03404426574707,1.327602744102478,0.5916460156440735,0.5892344117164612,26.6402412809839,5.181859681562895,-3.8904879093170166,1147,18,26,1,NOMINAL_OUTSIDE_CERTIFIED_SET,42.87544631958008,OUTBOUND,-21.722206115722656,-0.3928020872419831,
0,27.17252540588379,1.3280084133148193,0.5535084009170532,0.5403047800064087,26.656376412982354,5.169597241613008,-3.9410767555236816,1148,18,27,1,NOMINAL_OUTSIDE_CERTIFIED_SET,41.528812408447266,OUTBOUND,-21.78595733642578,-0.438861323644325,
0,27.087312698364258,1.3284157514572144,15.791537284851074,14.940134048461914,26.671265808981843,5.157324117014293,-3.963101387023926,1149,18,28,1,NOMINAL_OUTSIDE_CERTIFIED_SET,56.42917251586914,OUTBOUND,-21.77381134033203,-0.4590135774716052,
0,27.62032699584961,1.3288246393203735,0.32792264223098755,0.426617294549942,26.68387928599259,5.14503237643147,-3.9647467136383057,1150,18,29,1,INSUFFICIENT_RECOVERY_RESERVE,5.777571678161621,OUTBOUND,-22.32460594177246,-0.4429246512974073,
0,27.6490421295166,1.3292375802993774,0.258899450302124,0.3244657516479492,26.69953890700708,5.132753202796914,-4.0251145362854,1151,18,30,1,NOMINAL_OUTSIDE_CERTIFIED_SET,4.507790565490723,OUTBOUND,-22.32032012939453,-0.45598173549998067,
0,27.48680305480957,1.3296496868133545,5.457463264465332,5.124192714691162,26.819061118003447,5.120450292182278,-3.922272205352783,1152,18,31,1,INSUFFICIENT_RECOVERY_RESERVE,33.48762512207031,OUTBOUND,-22.310686111450195,-0.46799093134686476,
0,27.613256454467773,1.3300607204437256,5.398908615112305,5.006187438964844,26.834611316007795,5.108162283305479,-3.9137978553771973,1153,18,32,1,NOMINAL_OUTSIDE_CERTIFIED_SET,23.90736961364746,OUTBOUND,-22.4439640045166,-0.47940598951613106,
0,27.203014373779297,1.3304693698883057,5.617507457733154,5.334052562713623,26.845794780994765,5.095848913056854,-3.8808281421661377,1154,18,33,1,INSUFFICIENT_RECOVERY_RESERVE,15.243404388427734,OUTBOUND,-22.116718292236328,-0.48991859116828324,
0,27.222267150878906,1.3308775424957275,5.461041450500488,5.1172285079956055,26.8617471549951,5.083552584287393,-3.921304702758789,1155,18,34,1,NOMINAL_OUTSIDE_CERTIFIED_SET,10.83513069152832,OUTBOUND,-22.148975372314453,-0.4999883356257821,
0,26.95047950744629,1.3312867879867554,5.732196807861328,5.524825096130371,26.878818958997726,5.071230616699354,-3.9497015476226807,1156,18,35,1,INSUFFICIENT_RECOVERY_RESERVE,13.112669944763184,OUTBOUND,-21.78542709350586,-0.5092702466376285,
0,27.046770095825195,1.3316950798034668,20.839588165283203,19.20142364501953,26.893372492981143,5.058942755849649,-3.9124534130096436,1157,18,36,1,INSUFFICIENT_RECOVERY_RESERVE,74.5115737915039,OUTBOUND,-22.066577911376953,-0.4620842704743242,
0,27.043495178222656,1.3321044445037842,0.47991445660591125,0.6314083337783813,26.91043038200587,5.04666674892061,-3.954270124435425,1158,18,37,1,NOMINAL_OUTSIDE_CERTIFIED_SET,51.50595474243164,OUTBOUND,-21.927349090576172,-0.47292921453924547,
0,26.682052612304688,1.3325142860412598,5.930156230926514,5.808939456939697,26.925449951988412,5.034368495947416,-3.939577102661133,1159,18,38,1,INSUFFICIENT_RECOVERY_RESERVE,52.1984977722168,OUTBOUND,-21.411327362060547,-0.48291372751969347,
1,27.109949111938477,1.3329217433929443,5.770914554595947,5.431109428405762,26.9402535079862,5.022088781169707,-3.8768715858459473,1160,18,39,0,,41.86776351928711,OUTBOUND,-21.828041076660156,-0.4274776635073976,
0,27.239425659179688,1.3333258628845215,15.77316665649414,14.685251235961914,26.955230916995788,5.009828093390856,-3.849520444869995,1161,18,40,1,NOMINAL_OUTSIDE_CERTIFIED_SET,31.30637550354004,OUTBOUND,-22.088720321655273,-0.4307721843445914,
0,27.08984375,1.3337332010269165,15.997627258300781,15.013736724853516,26.978720446990337,4.99754932387134,-3.9914064407348633,1162,18,41,1,NOMINAL_OUTSIDE_CERTIFIED_SET,20.289859771728516,OUTBOUND,-21.855621337890625,-0.4933462313463125,
0,27.017988204956055,1.3341410160064697,10.895008087158203,10.13694953918457,26.99463220400503,4.985263226247646,-3.9364423751831055,1163,18,42,1,NOMINAL_OUTSIDE_CERTIFIED_SET,7.546476364135742,OUTBOUND,-21.880645751953125,-0.5324171680217846,
0,26.83074378967285,1.3345496654510498,16.14923858642578,15.230853080749512,27.009340964985313,4.972970365594517,-3.9465882778167725,1164,18,43,1,NO_GENERATOR_SET,8.845422744750977,OUTBOUND,-21.65639305114746,-0.5430516193963469,
0,27.459007263183594,1.3349583148956299,0.6053218245506287,0.5378302335739136,27.120821785996668,4.960659920803424,-3.9260404109954834,1165,18,44,1,INSUFFICIENT_RECOVERY_RESERVE,51.850677490234375,OUTBOUND,-22.16437530517578,-0.5164390953228192,
0,27.368419647216797,1.3353674411773682,0.7762975692749023,0.9816575050354004,27.143490794987883,4.948366463209979,-3.9397873878479004,1166,18,45,1,NOMINAL_OUTSIDE_CERTIFIED_SET,63.35671615600586,OUTBOUND,-22.027053833007812,-0.5253008282224846,
0,27.69783592224121,1.3357791900634766,0.4549715518951416,0.6056905388832092,27.161971274996176,4.936048113417337,-3.9900922775268555,1167,18,46,1,INSUFFICIENT_RECOVERY_RESERVE,39.11362075805664,OUTBOUND,-22.26314926147461,-0.5333846329849089,
0,27.816104888916016,1.3361895084381104,10.891205787658691,10.161111831665039,27.17788886500057,4.923763533216145,-3.8999438285827637,1168,18,47,1,INSUFFICIENT_RECOVERY_RESERVE,31.615924835205078,OUTBOUND,-22.453495025634766,-0.4824021279481294,
1,27.723731994628906,1.3365988731384277,5.718040466308594,5.450613498687744,27.19224626600044,4.9115142106206084,-3.9085452556610107,1169,18,48,0,,1.6580616235733032,OUTBOUND,-22.36440086364746,-0.4398250137841171,
0,27.959461212158203,1.3370082378387451,5.707765102386475,5.3303608894348145,27.207567598001333,4.899266024275928,-3.9288713932037354,1170,18,49,1,NOMINAL_OUTSIDE_CERTIFIED_SET,24.61381721496582,OUTBOUND,-22.65945053100586,-0.45230651714965736,
0,28.13843536376953,1.337417483329773,5.833962917327881,5.466669082641602,27.22142823098693,4.88700805862276,-3.923797369003296,1171,18,50,1,NOMINAL_OUTSIDE_CERTIFIED_SET,37.442073822021484,OUTBOUND,-22.9472599029541,-0.49758645266638185,
1,28.027759552001953,1.3378230333328247,0.37242013216018677,0.5285162329673767,27.239849195000716,4.874732804002363,-3.8411848545074463,1172,18,51,0,,13.967235565185547,OUTBOUND,-22.86984634399414,-0.4963009794550439,
0,27.65976905822754,1.3382290601730347,11.273290634155273,10.5387601852417,27.262417642981745,4.862459852200038,-3.9310476779937744,1173,18,52,1,NOMINAL_OUTSIDE_CERTIFIED_SET,51.0927734375,OUTBOUND,-22.557559967041016,-0.47825233443286086,
1,27.665958404541016,1.3386344909667969,11.164163589477539,10.373430252075195,27.277366035006708,4.850191506198891,-3.905393123626709,1174,18,53,0,,32.762794494628906,OUTBOUND,-22.601879119873047,-0.47007840184308974,
0,27.348609924316406,1.3390376567840576,11.065446853637695,10.352520942687988,27.292914975987514,4.837935096831965,-3.865870952606201,1175,18,54,1,NOMINAL_OUTSIDE_CERTIFIED_SET,10.01141357421875,OUTBOUND,-22.320556640625,-0.4473325385737376,
0,27.346946716308594,1.3394405841827393,11.025472640991211,10.240034103393555,27.40944697300438,4.8256950621520085,-3.904571294784546,1176,18,55,1,NOMINAL_OUTSIDE_CERTIFIED_SET,12.9940767288208,OUTBOUND,-22.279184341430664,-0.4103589287227608,
0,27.225433349609375,1.339842677116394,15.96268081665039,14.647162437438965,27.424530213989783,4.8134759227073545,-3.8934085369110107,1177,18,56,1,NOMINAL_OUTSIDE_CERTIFIED_SET,13.498499870300293,OUTBOUND,-22.172834396362305,-0.36862899963551016,
1,27.452991485595703,1.3402459621429443,1.068282127380371,1.1967074871063232,27.441547424998134,4.801268180028517,-3.937041759490967,1178,18,57,0,,86.552734375,OUTBOUND,-22.219680786132812,-0.3210416950893701,
0,27.724437713623047,1.340651512145996,0.8663272857666016,0.9271920919418335,27.455850336991716,4.7890905855639625,-3.9636783599853516,1179,18,58,1,NOMINAL_OUTSIDE_CERTIFIED_SET,78.13074493408203,OUTBOUND,-22.282337188720703,-0.27462283152621075,
0,27.481056213378906,1.34105384349823,11.039173126220703,10.362625122070312,27.47211679900647,4.776940314248126,-3.842639684677124,1180,18,59,1,NOMINAL_OUTSIDE_CERTIFIED_SET,14.6597261428833,OUTBOUND,-22.133296966552734,-0.2346517751523235,
0,27.954553604125977,1.3414554595947266,5.729538917541504,5.253850936889648,27.492762381996727,4.764815892536295,-3.891256809234619,1181,18,60,1,NOMINAL_OUTSIDE_CERTIFIED_SET,26.521881103515625,OUTBOUND,-22.553850173950195,-0.19706239297882175,
0,28.06393051147461,1.3418569564819336,0.6304926872253418,0.6816001534461975,27.51035117599531,4.752715213695427,-3.903987407684326,1182,18,61,1,NOMINAL_OUTSIDE_CERTIFIED_SET,40.564456939697266,OUTBOUND,-22.633901596069336,-0.16258412029182248,
1,28.427146911621094,1.342258334159851,0.42664262652397156,0.5634104013442993,27.52569183599553,4.740632521202058,-3.9036221504211426,1183,18,62,0,,15.6123628616333,OUTBOUND,-23.003379821777344,-0.16430676773745936,
0,28.60868263244629,1.342658281326294,0.40351811051368713,0.6119421720504761,27.54179567398387,4.7285221563193325,-3.8733317852020264,1184,18,63,1,NOMINAL_OUTSIDE_CERTIFIED_SET,11.263949394226074,OUTBOUND,-23.217493057250977,-0.16003237397318162,
1,28.56239891052246,1.3430604934692383,6.149682521820068,5.919520854949951,27.555851023993455,4.716436649059744,-3.952880620956421,1185,18,64,0,,44.97588348388672,FAILURE,-23.164175033569336,-0.11538552091296808,
1,28.404296875,1.3434624671936035,6.264554977416992,6.00691032409668,27.58040598698426,5.48798452310641,-3.9020636081695557,1186,19,1,0,,58.74570083618164,OUTBOUND,-23.227020263671875,-0.03306533336081585,
0,28.58502197265625,1.3438644409179688,12.003257751464844,11.087133407592773,27.60080209298758,5.475914333339066,-3.907198429107666,1187,19,2,1,NOMINAL_OUTSIDE_CERTIFIED_SET,96.07891845703125,OUTBOUND,-23.54674530029297,-0.04936569381851163,
0,28.222728729248047,1.34426748752594,5.966946125030518,5.6332879066467285,27.616317428008188,5.463817621933121,-3.9298582077026367,1188,19,3,1,NOMINAL_OUTSIDE_CERTIFIED_SET,30.545900344848633,OUTBOUND,-23.183643341064453,-0.03842782162293772,
1,28.285783767700195,1.3446733951568604,5.810760498046875,5.3886637687683105,27.63060292598675,5.451705323693262,-3.9744627475738525,1189,19,4,0,,18.836101531982422,OUTBOUND,-23.163373947143555,-0.014174473397620398,
0,27.78957176208496,1.3450788259506226,11.27521800994873,10.336845397949219,27.651392934989417,5.439598387182352,-3.903628349304199,1190,19,5,1,NOMINAL_OUTSIDE_CERTIFIED_SET,14.360283851623535,OUTBOUND,-22.803226470947266,0.0022059756775036276,
0,27.930408477783203,1.3454850912094116,0.6459531784057617,0.9766453504562378,27.670893425005488,5.427458896373791,-3.931567668914795,1191,19,6,1,NOMINAL_OUTSIDE_CERTIFIED_SET,63.2751350402832,OUTBOUND,-22.795631408691406,-0.009281396244785526,
0,27.295730590820312,1.345889925956726,16.761409759521484,15.771957397460938,27.687632368993945,5.4152863832790485,-3.881131649017334,1192,19,7,1,NOMINAL_OUTSIDE_CERTIFIED_SET,12.500480651855469,OUTBOUND,-22.124996185302734,-0.02668651752891802,
0,27.695127487182617,1.3462936878204346,11.406116485595703,10.652979850769043,27.813932999997633,5.403080395783704,-3.8895065784454346,1193,19,8,1,NOMINAL_OUTSIDE_CERTIFIED_SET,33.44691467285156,OUTBOUND,-22.506696701049805,-0.05171995545627688,
0,27.778255462646484,1.34669828414917,11.37514877319336,10.470184326171875,27.827690215985058,5.3908387234653965,-3.923327922821045,1194,19,9,1,NOMINAL_OUTSIDE_CERTIFIED_SET,37.965763092041016,OUTBOUND,-22.488536834716797,-0.08589141652669799,
0,28.283227920532227,1.3471035957336426,0.9861277341842651,0.735585629940033,27.8425131989934,5.378562048342266,-3.931735038757324,1195,19,10,1,NOMINAL_OUTSIDE_CERTIFIED_SET,78.3147964477539,OUTBOUND,-22.839906692504883,-0.13027042426337315,
0,28.21217155456543,1.3475100994110107,6.125455379486084,5.618879795074463,27.858816441003,5.3662752934862255,-3.9338104724884033,1196,19,11,1,NOMINAL_OUTSIDE_CERTIFIED_SET,45.737571716308594,OUTBOUND,-22.72374725341797,-0.1788799158210469,
0,28.380542755126953,1.3479171991348267,0.9170337319374084,0.9384588003158569,27.878569394990336,5.3539793708244785,-3.929849863052368,1197,19,12,1,NO_GENERATOR_SET,51.040809631347656,OUTBOUND,-22.840484619140625,-0.22100541949619662,
0,28.75170135498047,1.3483226299285889,11.240029335021973,10.664371490478516,27.901207135000732,5.341680291552022,-3.8782315254211426,1198,19,13,1,NO_GENERATOR_SET,43.68817138671875,OUTBOUND,-23.349266052246094,-0.25183676946022954,
0,28.26595687866211,1.3487303256988525,22.803569793701172,21.516664505004883,27.91882710700156,5.329373209862081,-3.960829019546509,1199,19,14,1,INSUFFICIENT_RECOVERY_RESERVE,92.3396224975586,OUTBOUND,-23.00750160217285,-0.26337055477513605,
1,28.766841888427734,1.3491380214691162,5.947770118713379,5.606334209442139,27.938801404990954,5.3170762559409335,-3.9153482913970947,1200,19,15,0,,24.973186492919922,OUTBOUND,-23.56829261779785,-0.2750549334591936,
1,28.76700210571289,1.3495466709136963,0.4291912615299225,0.5738688111305237,27.958784738002578,5.304826082231816,-3.940361738204956,1201,19,16,0,,8.963491439819336,OUTBOUND,-23.490310668945312,-0.28530794515146307,
0,28.67110252380371,1.3499538898468018,11.532586097717285,10.54755973815918,27.97789665000164,5.2925524516360705,-3.881762742996216,1202,19,17,1,NOMINAL_OUTSIDE_CERTIFIED_SET,47.96906661987305,OUTBOUND,-23.557100296020508,-0.30657635999380756,
0,28.483016967773438,1.3503618240356445,0.3866778612136841,0.6727680563926697,28.00211750800372,5.280249780976717,-3.930554151535034,1203,19,18,1,NOMINAL_OUTSIDE_CERTIFIED_SET,32.64424133300781,OUTBOUND,-23.269350051879883,-0.35690754380984707,
0,28.22621726989746,1.350768804550171,5.963470458984375,5.765894889831543,28.020512955001323,5.267928419697671,-3.896833658218384,1204,19,19,1,INSUFFICIENT_RECOVERY_RESERVE,22.510080337524414,OUTBOUND,-23.027814865112305,-0.37406692468152536,
0,28.471790313720703,1.3511769771575928,5.9935808181762695,5.763915538787842,28.03982264600927,5.255641093978927,-3.936161518096924,1205,19,20,1,INSUFFICIENT_RECOVERY_RESERVE,16.024364471435547,OUTBOUND,-23.26239013671875,-0.3509539503254074,
1,28.705507278442383,1.3515876531600952,5.860140800476074,5.377004146575928,28.15087414899608,5.243371113486101,-3.9736545085906982,1206,19,21,0,,10.462477684020996,OUTBOUND,-23.364229202270508,-0.33995870069438455,
0,28.77131462097168,1.3519984483718872,0.5083100199699402,0.6637749075889587,28.16652560798684,5.231092701559438,-3.9249603748321533,1207,19,22,1,NOMINAL_OUTSIDE_CERTIFIED_SET,38.22413635253906,OUTBOUND,-23.419309616088867,-0.3623781128226636,
0,28.908771514892578,1.3524086475372314,0.5046954154968262,0.5502797961235046,28.185466733004432,5.218791652775228,-3.9066855907440186,1208,19,23,1,NOMINAL_OUTSIDE_CERTIFIED_SET,40.836849212646484,OUTBOUND,-23.490036010742188,-0.41062199515912906,
0,28.937606811523438,1.3528192043304443,0.47337836027145386,0.5810593366622925,28.197989777982002,5.206478667541283,-3.926391363143921,1209,19,24,1,INSUFFICIENT_RECOVERY_RESERVE,10.363373756408691,OUTBOUND,-23.573169708251953,-0.42039350888336974,
0,28.952289581298828,1.353229284286499,6.223416328430176,5.983631610870361,28.216688918008003,5.194181490317795,-3.9114222526550293,1210,19,25,1,NOMINAL_OUTSIDE_CERTIFIED_SET,12.736841201782227,OUTBOUND,-23.542404174804688,-0.43125425150554825,
0,29.27334213256836,1.3536417484283447,6.040688991546631,5.803539752960205,28.2306736909959,5.1818685169201,-3.9709248542785645,1211,19,26,1,INSUFFICIENT_RECOVERY_RESERVE,35.55751037597656,OUTBOUND,-23.99468421936035,-0.44182866071015775,
0,29.072120666503906,1.354053258895874,11.904556274414062,11.230297088623047,28.24931997898966,5.1695997383837335,-3.899657726287842,1212,19,27,1,NOMINAL_OUTSIDE_CERTIFIED_SET,64.52910614013672,OUTBOUND,-23.97856903076172,-0.4360635573805997,
0,28.846670150756836,1.3544644117355347,6.139096260070801,5.848273277282715,28.26730258099269,5.157320099333252,-3.916081428527832,1213,19,28,1,NOMINAL_OUTSIDE_CERTIFIED_SET,18.855894088745117,OUTBOUND,-23.65654945373535,-0.45192185003375074,
0,28.534029006958008,1.35487699508667,11.895612716674805,11.172523498535156,28.28408572700573,5.145016490732383,-3.952026844024658,1214,19,29,1,INSUFFICIENT_RECOVERY_RESERVE,30.7531795501709,OUTBOUND,-23.369415283203125,-0.43579757214071857,
1,28.77768325805664,1.3552922010421753,6.040470123291016,5.6539106369018555,28.298976922989823,5.132729482326364,-3.981823444366455,1215,19,30,0,,9.82573413848877,OUTBOUND,-23.562191009521484,-0.40337414633129975,
0,28.68868064880371,1.355708360671997,0.6928268671035767,1.0237882137298584,28.317016304004937,5.120460927384169,-3.951692581176758,1216,19,31,1,NOMINAL_OUTSIDE_CERTIFIED_SET,55.832923889160156,OUTBOUND,-23.40278434753418,-0.4180070180573904,
1,28.632808685302734,1.356122374534607,11.703198432922363,10.78198528289795,28.4601653929858,5.108191241122347,-3.883209705352783,1217,19,32,0,,13.891788482666016,OUTBOUND,-23.525768280029297,-0.46469061346795115,
0,28.810359954833984,1.3565385341644287,6.165797710418701,5.7934370040893555,28.473583230981603,5.095889141048766,-3.9723901748657227,1218,19,33,1,INSUFFICIENT_RECOVERY_RESERVE,28.601892471313477,OUTBOUND,-23.491771697998047,-0.46090713927937565,
0,28.70509910583496,1.356955885887146,0.7027099132537842,1.0318424701690674,28.491255462984554,5.083599690383123,-3.9566152095794678,1219,19,34,1,NOMINAL_OUTSIDE_CERTIFIED_SET,62.906429290771484,OUTBOUND,-23.317378997802734,-0.46799079651819814,
0,28.73447036743164,1.357374906539917,6.336591720581055,6.069841384887695,28.50395120700705,5.071296951166066,-3.974259614944458,1220,19,35,1,INSUFFICIENT_RECOVERY_RESERVE,37.63898468017578,OUTBOUND,-23.252836227416992,-0.4749321732908875,
0,28.880672454833984,1.357795000076294,6.399692535400391,6.151164531707764,28.518922838993603,5.059008658021193,-3.9588623046875,1221,19,36,1,NOMINAL_OUTSIDE_CERTIFIED_SET,22.788684844970703,OUTBOUND,-23.356840133666992,-0.4829372136862337,
0,29.544666290283203,1.3582130670547485,0.37540650367736816,0.4656069874763489,28.530371889995877,5.046696211168174,-3.891561508178711,1222,19,37,1,INSUFFICIENT_RECOVERY_RESERVE,14.182126998901367,OUTBOUND,-24.062257766723633,-0.4905842257048882,
0,29.214401245117188,1.3586300611495972,12.132125854492188,11.591534614562988,28.54634728099336,5.034400632474644,-3.9094204902648926,1223,19,38,1,NOMINAL_OUTSIDE_CERTIFIED_SET,52.53495407104492,OUTBOUND,-23.848739624023438,-0.4990197874877822,
0,29.32544708251953,1.3590456247329712,0.44596993923187256,0.5954630374908447,28.561168358981377,5.02207664657675,-3.8988614082336426,1224,19,39,1,INSUFFICIENT_RECOVERY_RESERVE,10.475862503051758,OUTBOUND,-23.913747787475586,-0.5069461544345333,
0,29.646015167236328,1.3594608306884766,6.294632911682129,6.071926116943359,28.573418216983555,5.009787001249989,-3.918137788772583,1225,19,40,1,INSUFFICIENT_RECOVERY_RESERVE,48.9744758605957,OUTBOUND,-24.387226104736328,-0.46006592706611477,
0,29.434356689453125,1.359877586364746,6.266082286834717,5.952953338623047,28.588070333993528,4.9975142920758415,-3.961883306503296,1226,19,41,1,NOMINAL_OUTSIDE_CERTIFIED_SET,35.4864387512207,OUTBOUND,-24.165084838867188,-0.46790620025773283,
0,29.472797393798828,1.3602917194366455,0.34561094641685486,0.40090250968933105,28.601508058985928,4.985228336968997,-3.871976137161255,1227,19,42,1,NOMINAL_OUTSIDE_CERTIFIED_SET,5.450039386749268,OUTBOUND,-24.334705352783203,-0.512613156490155,
0,28.75772476196289,1.3607070446014404,24.18164825439453,22.388914108276367,28.615879685996333,4.972931766509689,-3.9496848583221436,1228,19,43,1,NO_GENERATOR_SET,85.66134643554688,OUTBOUND,-23.564695358276367,-0.5285322588779207,
0,28.949745178222656,1.3611228466033936,0.45738542079925537,0.707530677318573,28.632656523986952,4.960613476287418,-3.935514450073242,1229,19,44,1,INSUFFICIENT_RECOVERY_RESERVE,47.37027359008789,OUTBOUND,-23.757736206054688,-0.5053538877525096,
0,29.0830135345459,1.3615384101867676,0.6748285889625549,1.01029372215271,28.64812967198668,4.948313103089113,-3.9207489490509033,1230,19,45,1,NOMINAL_OUTSIDE_CERTIFIED_SET,55.601280212402344,OUTBOUND,-23.750518798828125,-0.5148577665586116,
0,29.146480560302734,1.361952543258667,6.251304626464844,6.008857250213623,28.6643287059851,4.935987460450904,-3.8967576026916504,1231,19,46,1,INSUFFICIENT_RECOVERY_RESERVE,22.345989227294922,OUTBOUND,-23.820274353027344,-0.5235411009307335,
0,29.15694236755371,1.3623647689819336,17.444190979003906,15.885263442993164,28.68196487298701,4.923696326609143,-3.8748483657836914,1232,19,47,1,INSUFFICIENT_RECOVERY_RESERVE,37.6278076171875,OUTBOUND,-23.939292907714844,-0.47398156540730035,
0,28.86544418334961,1.362776279449463,0.8837831020355225,1.02225661277771,28.703118903009454,4.9114176530494,-3.9038214683532715,1233,19,48,1,NOMINAL_OUTSIDE_CERTIFIED_SET,70.7207260131836,OUTBOUND,-23.446735382080078,-0.48498781659094,
1,29.30695343017578,1.3631885051727295,6.434256553649902,5.957664966583252,28.82377034300589,4.899120375523104,-3.931975841522217,1234,19,49,0,,25.349082946777344,OUTBOUND,-23.8532657623291,-0.5222929097669118,
0,29.519865036010742,1.3636016845703125,0.5015982389450073,0.4316032826900482,28.840223985986086,4.8868030084614045,-3.937685966491699,1235,19,50,1,NO_GENERATOR_SET,41.45873260498047,OUTBOUND,-24.060264587402344,-0.5332866046549917,
0,29.8818416595459,1.3640141487121582,6.192454814910889,5.775167465209961,28.860205425997265,4.874488399439702,-3.9020960330963135,1236,19,51,1,NO_GENERATOR_SET,12.068025588989258,OUTBOUND,-24.443466186523438,-0.5379941216458836,
0,29.50425148010254,1.3644276857376099,0.45736414194107056,0.5131590962409973,28.879726251005195,4.862182932355493,-3.9437079429626465,1237,19,52,1,NOMINAL_OUTSIDE_CERTIFIED_SET,26.396770477294922,OUTBOUND,-24.04834747314453,-0.5224970545508424,
0,29.23940658569336,1.3648401498794556,12.168485641479492,11.463748931884766,28.898179962998256,4.849893322315845,-3.8949859142303467,1238,19,53,1,NOMINAL_OUTSIDE_CERTIFIED_SET,28.11444664001465,OUTBOUND,-23.84860610961914,-0.49254920830314036,
0,29.34066390991211,1.365254521369934,24.6339168548584,23.193553924560547,28.912941218994092,4.83762534020531,-3.956960439682007,1239,19,54,1,NOMINAL_OUTSIDE_CERTIFIED_SET,106.94205474853516,OUTBOUND,-24.121204376220703,-0.45297095821050815,
0,29.59552764892578,1.3656692504882812,6.529380798339844,6.242534160614014,28.928746260004118,4.825383195928213,-3.9315197467803955,1240,19,55,1,NOMINAL_OUTSIDE_CERTIFIED_SET,15.281733512878418,OUTBOUND,-24.366432189941406,-0.40769986392820157,
0,29.436391830444336,1.3660832643508911,0.4898405373096466,0.6064721941947937,28.94322473698412,4.813169370837549,-3.9021105766296387,1241,19,56,1,NOMINAL_OUTSIDE_CERTIFIED_SET,35.16497802734375,OUTBOUND,-24.14020347595215,-0.35986525299747013,
0,29.19866180419922,1.3664919137954712,12.43929672241211,11.581489562988281,28.96176735998597,4.800982200656927,-3.8002967834472656,1242,19,57,1,NOMINAL_OUTSIDE_CERTIFIED_SET,20.69524574279785,OUTBOUND,-24.016916275024414,-0.3118774416491702,
0,29.581710815429688,1.3669004440307617,0.42949986457824707,0.5203003883361816,28.985063405998517,4.788820868981711,-3.901336669921875,1243,19,58,1,NOMINAL_OUTSIDE_CERTIFIED_SET,41.81609344482422,OUTBOUND,-24.238052368164062,-0.2655232495572853,
1,29.638843536376953,1.3673113584518433,6.362117290496826,5.967796325683594,29.003485152992653,4.77667841652154,-3.963225841522217,1244,19,59,0,,13.884532928466797,OUTBOUND,-24.20252227783203,-0.21815855116659286,
1,29.195697784423828,1.3677231073379517,12.5411376953125,11.879799842834473,29.01818843698129,4.764561038057123,-3.9285900592803955,1245,19,60,0,,12.174067497253418,OUTBOUND,-23.843027114868164,-0.20220402121433514,
0,29.410242080688477,1.368135929107666,12.43204116821289,11.740323066711426,29.037562440993497,4.752418211928923,-3.937011957168579,1246,19,61,1,NOMINAL_OUTSIDE_CERTIFIED_SET,18.90937042236328,OUTBOUND,-24.146385192871094,-0.1874344189705128,
1,29.68036651611328,1.3685494661331177,6.364473819732666,5.974293231964111,29.15117979099159,4.740323181686534,-3.933393716812134,1247,19,62,0,,14.047102928161621,OUTBOUND,-24.29772186279297,-0.17456212346760572,
0,29.854541778564453,1.3689641952514648,6.421975612640381,6.021372318267822,29.171172167989425,4.72819707449571,-3.9424800872802734,1248,19,63,1,NOMINAL_OUTSIDE_CERTIFIED_SET,8.795605659484863,OUTBOUND,-24.521499633789062,-0.15913409342014917,
0,29.800777435302734,1.3693807125091553,6.48777437210083,6.092040061950684,29.18944763400941,4.716113188530067,-3.957498788833618,1249,19,64,1,NOMINAL_OUTSIDE_CERTIFIED_SET,14.836437225341797,FAILURE,-24.397077560424805,-0.11138268614305902,
0,29.685813903808594,1.3697971105575562,0.6998247504234314,0.7973724603652954,29.212718641996616,5.4879676,-3.920400857925415,1250,20,1,1,NOMINAL_OUTSIDE_CERTIFIED_SET,53.20037078857422,OUTBOUND,-24.271387100219727,-0.01020132358994201,
0,29.506790161132812,1.3702105283737183,6.702244281768799,6.449496269226074,29.23020704399096,5.4758992,-3.8565824031829834,1251,20,2,1,NOMINAL_OUTSIDE_CERTIFIED_SET,10.176170349121094,OUTBOUND,-24.07140350341797,-0.01133557945106046,
1,29.917917251586914,1.3706238269805908,12.314811706542969,11.435532569885254,29.246863325999584,5.4638106593099955,-3.911818265914917,1252,20,3,0,,38.92683792114258,OUTBOUND,-24.495052337646484,0.005575506495909648,
0,29.756481170654297,1.371036410331726,0.6320770382881165,0.8565036058425903,29.26367809798103,5.451665277882242,-3.8979544639587402,1253,20,4,1,NOMINAL_OUTSIDE_CERTIFIED_SET,26.320680618286133,OUTBOUND,-24.401227951049805,0.013348737913450481,
0,30.21866226196289,1.3714498281478882,0.3695874810218811,0.40141114592552185,29.278878181008622,5.439491572059552,-3.9315438270568848,1254,20,5,1,NOMINAL_OUTSIDE_CERTIFIED_SET,15.497172355651855,OUTBOUND,-24.735441207885742,-0.01010503113383194,
0,30.294937133789062,1.3718644380569458,0.45480042695999146,0.6206759810447693,29.29403513498255,5.4272881556295625,-3.9428224563598633,1255,20,6,1,NOMINAL_OUTSIDE_CERTIFIED_SET,7.9690423011779785,OUTBOUND,-24.94158363342285,-0.039092405864637456,
0,30.50303077697754,1.3722833395004272,0.4185333251953125,0.4485718607902527,29.30926793499384,5.415053780203408,-4.011800289154053,1256,20,7,1,NOMINAL_OUTSIDE_CERTIFIED_SET,4.650494575500488,OUTBOUND,-25.05716896057129,-0.0754452272585123,
0,30.01190948486328,1.372700810432434,6.726650714874268,6.403644561767578,29.3292272129911,5.402787345776386,-3.895314931869507,1257,20,8,1,NOMINAL_OUTSIDE_CERTIFIED_SET,24.334489822387695,OUTBOUND,-24.67580795288086,-0.12064903984586638,
1,30.3907413482666,1.3731184005737305,12.939262390136719,11.778412818908691,29.439589557994623,5.390507136984026,-3.92510986328125,1258,20,9,0,,73.95458221435547,OUTBOUND,-25.182079315185547,-0.14133353630995726,
0,29.828052520751953,1.3735384941101074,6.917176723480225,6.581385612487793,29.462704094999935,5.3782235124706,-3.9786877632141113,1259,20,10,1,NOMINAL_OUTSIDE_CERTIFIED_SET,21.454936981201172,OUTBOUND,-24.61208724975586,-0.16285230599724293,
1,30.309343338012695,1.373960256576538,0.39527368545532227,0.49449098110198975,29.48483662700164,5.365935239973698,-3.966036558151245,1260,20,11,0,,15.313884735107422,OUTBOUND,-25.045602798461914,-0.19812744752525163,
0,29.85433006286621,1.374382734298706,6.589849472045898,6.34083366394043,29.503039906005142,5.353628324106664,-3.947784185409546,1261,20,12,1,NOMINAL_OUTSIDE_CERTIFIED_SET,14.501802444458008,OUTBOUND,-24.596450805664062,-0.22505490060592515,
0,29.736427307128906,1.3748061656951904,6.731135368347168,6.410677909851074,29.516964253009064,5.341326125305028,-3.953446388244629,1262,20,13,1,INSUFFICIENT_RECOVERY_RESERVE,26.207895278930664,OUTBOUND,-24.32937240600586,-0.24338477477539341,
0,29.905004501342773,1.3752284049987793,12.738964080810547,11.853170394897461,29.533622472983552,5.329036549308276,-3.908008098602295,1263,20,14,1,NOMINAL_OUTSIDE_CERTIFIED_SET,13.079323768615723,OUTBOUND,-24.606945037841797,-0.27777038452398656,
0,29.804405212402344,1.3756481409072876,12.433300971984863,11.559306144714355,29.55161785200471,5.316733718702477,-3.8781745433807373,1264,20,15,1,INSUFFICIENT_RECOVERY_RESERVE,7.97061014175415,OUTBOUND,-24.514184951782227,-0.3094886538068206,
0,30.435277938842773,1.376069188117981,0.754542350769043,0.44442740082740784,29.569354457984446,5.304445258242143,-3.9557454586029053,1265,20,16,1,NOMINAL_OUTSIDE_CERTIFIED_SET,60.92359924316406,OUTBOUND,-24.934646606445312,-0.33825710737579145,
0,30.373210906982422,1.3764903545379639,0.6784842014312744,0.46985453367233276,29.58312827098416,5.292135457060059,-3.9287662506103516,1266,20,17,1,INSUFFICIENT_RECOVERY_RESERVE,59.244911193847656,OUTBOUND,-24.86427116394043,-0.36456799070384266,
0,30.049978256225586,1.3769131898880005,6.88894510269165,6.498388767242432,29.601096155995037,5.27984215464085,-3.967360258102417,1267,20,18,1,NOMINAL_OUTSIDE_CERTIFIED_SET,33.53207015991211,OUTBOUND,-24.479644775390625,-0.3882647670303414,
0,30.624685287475586,1.3773337602615356,0.4531601667404175,0.4863782525062561,29.61475670998334,5.267520672755611,-3.8804965019226074,1268,20,19,1,INSUFFICIENT_RECOVERY_RESERVE,27.915935516357422,OUTBOUND,-25.052385330200195,-0.40985467749193094,
0,30.61583137512207,1.3777538537979126,6.730400562286377,6.322379112243652,29.627287253009854,5.255233270918464,-3.9187560081481934,1269,20,20,1,INSUFFICIENT_RECOVERY_RESERVE,23.118179321289062,OUTBOUND,-25.15121841430664,-0.3810656312815777,
0,30.720544815063477,1.3781754970550537,6.8320465087890625,6.442333698272705,29.643650156009244,5.242957667339347,-3.957937240600586,1270,20,21,1,NOMINAL_OUTSIDE_CERTIFIED_SET,34.38338088989258,OUTBOUND,-25.262157440185547,-0.3993291307435779,
0,30.84065055847168,1.3785983324050903,6.999074459075928,6.522161960601807,29.657201419991907,5.230657693215527,-3.956861972808838,1271,20,22,1,INSUFFICIENT_RECOVERY_RESERVE,52.9765625,OUTBOUND,-25.52591323852539,-0.4161826863228395,
0,30.681543350219727,1.3790243864059448,13.255581855773926,12.21268367767334,29.67798076098552,5.218372060867563,-4.001811981201172,1272,20,23,1,NOMINAL_OUTSIDE_CERTIFIED_SET,78.82086181640625,OUTBOUND,-25.391876220703125,-0.43185254620000624,
0,30.158164978027344,1.379447102546692,7.0073113441467285,6.498309135437012,29.689614951988915,5.206061592931337,-3.866851806640625,1273,20,24,1,INSUFFICIENT_RECOVERY_RESERVE,20.140615463256836,OUTBOUND,-24.943553924560547,-0.44631132372402427,
1,30.387895584106445,1.3798696994781494,0.38151705265045166,0.5490677356719971,29.716422970988788,5.19378624642116,-3.9238572120666504,1274,20,25,0,,29.594314575195312,OUTBOUND,-25.18293571472168,-0.4066024556178162,
1,30.342897415161133,1.3802927732467651,6.691813945770264,6.35383939743042,29.873029982001754,5.181531327381165,-3.942298412322998,1275,20,26,0,,18.407115936279297,OUTBOUND,-25.041643142700195,-0.39994550555645486,
0,30.14046287536621,1.380713939666748,6.781351089477539,6.477451801300049,29.888040577992797,5.169242630155205,-3.89026141166687,1276,20,27,1,NOMINAL_OUTSIDE_CERTIFIED_SET,23.357328414916992,OUTBOUND,-24.796733856201172,-0.4437224718853465,
0,30.35694694519043,1.3811348676681519,6.854084014892578,6.4044294357299805,29.900944552995497,5.1569367018044625,-3.916729688644409,1277,20,28,1,INSUFFICIENT_RECOVERY_RESERVE,30.29096794128418,OUTBOUND,-24.963748931884766,-0.45347253187742875,
1,30.490623474121094,1.3815546035766602,0.652632474899292,0.6506020426750183,29.917086244007805,5.144667411249397,-3.9016473293304443,1278,20,29,0,,58.21430969238281,OUTBOUND,-24.98310661315918,-0.4201367629781658,
0,30.538158416748047,1.381973147392273,0.6976475715637207,0.6346811652183533,29.93089284998132,5.132386677833071,-3.893371343612671,1279,20,30,1,NOMINAL_OUTSIDE_CERTIFIED_SET,57.651771545410156,OUTBOUND,-24.952953338623047,-0.43772229043231214,
0,30.864471435546875,1.3823925256729126,6.67209529876709,6.275480270385742,29.95092606000253,5.1200769777018,-3.94130802154541,1280,20,31,1,NOMINAL_OUTSIDE_CERTIFIED_SET,10.13094711303711,OUTBOUND,-25.275632858276367,-0.4988104604315085,
0,30.916118621826172,1.3828110694885254,6.605757236480713,6.187464237213135,29.968529042002046,5.1077483961470245,-3.90122652053833,1281,20,32,1,INSUFFICIENT_RECOVERY_RESERVE,14.942075729370117,OUTBOUND,-25.426605224609375,-0.5060957570224924,
0,30.451801300048828,1.3832300901412964,13.385351181030273,12.7067289352417,29.987070169008803,5.095454609307965,-3.9284110069274902,1282,20,33,1,INSUFFICIENT_RECOVERY_RESERVE,47.09014892578125,OUTBOUND,-25.02865982055664,-0.45973951655475764,
0,30.917095184326172,1.3836491107940674,13.433711051940918,12.599117279052734,30.00784592598211,5.083173134655198,-3.9188899993896484,1283,20,34,1,NOMINAL_OUTSIDE_CERTIFIED_SET,62.97782897949219,OUTBOUND,-25.580833435058594,-0.46904084592003514,
0,30.24618911743164,1.384068250656128,26.686079025268555,24.758440017700195,30.02589248798904,5.070874627736583,-3.925170421600342,1284,20,35,1,INSUFFICIENT_RECOVERY_RESERVE,100.2064437866211,OUTBOUND,-25.125150680541992,-0.47777967977722685,
0,30.52081298828125,1.3844883441925049,0.5058746933937073,0.6377565860748291,30.04448360198876,5.058590177881314,-3.937121868133545,1285,20,36,1,NOMINAL_OUTSIDE_CERTIFIED_SET,31.79488182067871,OUTBOUND,-25.23964500427246,-0.4868722181707511,
0,30.165538787841797,1.3849067687988281,13.140340805053711,12.275046348571777,30.0591544979834,5.046285522190394,-3.8876166343688965,1286,20,37,1,INSUFFICIENT_RECOVERY_RESERVE,14.057908058166504,OUTBOUND,-24.905729293823242,-0.4953590333290282,
0,30.199678421020508,1.3853251934051514,6.982690334320068,6.702569961547852,30.076887228002306,5.033996707681365,-3.914874315261841,1287,20,38,1,NOMINAL_OUTSIDE_CERTIFIED_SET,41.29866027832031,OUTBOUND,-24.903324127197266,-0.5041180460579868,
0,30.646564483642578,1.3857425451278687,6.850511074066162,6.5187578201293945,30.20251022800221,5.021684487963966,-3.8957600593566895,1288,20,39,1,INSUFFICIENT_RECOVERY_RESERVE,44.76929473876953,OUTBOUND,-25.267505645751953,-0.512247733700306,
0,30.40191650390625,1.3861643075942993,13.424899101257324,12.525742530822754,30.224413980991812,5.009410740135126,-4.009984970092773,1289,20,40,1,NOMINAL_OUTSIDE_CERTIFIED_SET,25.275110244750977,OUTBOUND,-24.934473037719727,-0.5072797709308994,
0,30.62444496154785,1.3865848779678345,6.969893455505371,6.519445419311523,30.239932850992773,4.997124145130028,-3.8969852924346924,1290,20,41,1,NO_GENERATOR_SET,47.95173645019531,OUTBOUND,-25.129594802856445,-0.5336794205370079,
0,30.830896377563477,1.387003779411316,0.8397511839866638,1.0480468273162842,30.25648628498311,4.984830272514305,-3.8873250484466553,1291,20,42,1,NO_GENERATOR_SET,63.46837615966797,OUTBOUND,-25.258377075195312,-0.5349911682938737,
0,31.036813735961914,1.387424349784851,6.883744716644287,6.4294233322143555,30.268952521990286,4.972522726274601,-3.952157974243164,1292,20,43,1,INSUFFICIENT_RECOVERY_RESERVE,17.408687591552734,OUTBOUND,-25.375062942504883,-0.5051526453343491,
0,30.933870315551758,1.3878451585769653,7.0552167892456055,6.689700603485107,30.284076531999744,4.960231428747341,-3.925340414047241,1293,20,44,1,NOMINAL_OUTSIDE_CERTIFIED_SET,10.083719253540039,OUTBOUND,-25.427751541137695,-0.5142963279274152,
0,31.587032318115234,1.388265609741211,0.4762253165245056,0.529892086982727,30.297911943984218,4.947915109726768,-3.911285877227783,1294,20,45,1,INSUFFICIENT_RECOVERY_RESERVE,16.319765090942383,OUTBOUND,-26.059412002563477,-0.5226624010278605,
0,31.564266204833984,1.3886852264404297,0.31670817732810974,0.5454858541488647,30.313690374983707,4.935620596292526,-3.9045541286468506,1295,20,46,1,NOMINAL_OUTSIDE_CERTIFIED_SET,16.535045623779297,OUTBOUND,-26.05465316772461,-0.5290843156540684,
0,31.45199203491211,1.3891079425811768,7.254991054534912,7.0162129402160645,30.327851645008195,4.923299112737913,-3.9832093715667725,1296,20,47,1,INSUFFICIENT_RECOVERY_RESERVE,57.378456115722656,OUTBOUND,-25.95418930053711,-0.5349604654050026,
0,31.894784927368164,1.3895326852798462,0.3357280492782593,0.43738776445388794,30.344388486002572,4.91102536840655,-3.9719197750091553,1297,20,48,1,NOMINAL_OUTSIDE_CERTIFIED_SET,31.728477478027344,OUTBOUND,-26.48895263671875,-0.5206723451001586,
1,31.46085548400879,1.3899569511413574,7.181731224060059,6.552589416503906,30.366059549007332,4.898733409518075,-3.916066884994507,1298,20,49,0,,44.956932067871094,OUTBOUND,-26.148303985595703,-0.5356389878908592,
0,30.996463775634766,1.3903822898864746,13.807010650634766,12.673394203186035,30.387166956003057,4.886420587647511,-3.9507265090942383,1299,20,50,1,NO_GENERATOR_SET,53.8473014831543,OUTBOUND,-25.732358932495117,-0.5284551105939453,
0,30.921621322631836,1.3908047676086426,0.5057938098907471,0.7867163419723511,30.501639956986764,4.8741215694541555,-3.867976665496826,1300,20,51,1,NOMINAL_OUTSIDE_CERTIFIED_SET,30.26421356201172,OUTBOUND,-25.62405014038086,-0.5023258055587856,
0,31.09749984741211,1.391224980354309,6.919189453125,6.403439998626709,30.52217112100334,4.861842672786331,-3.870089530944824,1301,20,52,1,NOMINAL_OUTSIDE_CERTIFIED_SET,14.506104469299316,OUTBOUND,-25.843463897705078,-0.4652239560990173,
0,30.771652221679688,1.391645908355713,0.5032268166542053,0.9333906173706055,30.545136380009353,4.849588737397984,-3.9349758625030518,1302,20,53,1,NOMINAL_OUTSIDE_CERTIFIED_SET,60.40995788574219,OUTBOUND,-25.31464958190918,-0.4213370267418998,
0,31.276607513427734,1.3920668363571167,0.4861019253730774,0.6232393383979797,30.565142924984684,4.837362847705492,-3.9161465167999268,1303,20,54,1,NOMINAL_OUTSIDE_CERTIFIED_SET,41.61673355102539,OUTBOUND,-25.853240966796875,-0.3740243505482829,
0,31.240577697753906,1.3924877643585205,13.572471618652344,12.50468635559082,30.581911755987676,4.825166382268519,-3.920919895172119,1304,20,55,1,NOMINAL_OUTSIDE_CERTIFIED_SET,16.678546905517578,OUTBOUND,-25.754161834716797,-0.32590099322620175,
1,31.088943481445312,1.3929100036621094,13.786476135253906,12.889022827148438,30.600574607989984,4.813008135712578,-3.945730686187744,1305,20,56,0,,18.80850601196289,OUTBOUND,-25.60509490966797,-0.31042780695671307,
0,30.970003128051758,1.3933312892913818,13.5738525390625,12.566670417785645,30.618700439983513,4.800808111285472,-3.90002179145813,1306,20,57,1,NOMINAL_OUTSIDE_CERTIFIED_SET,9.694539070129395,OUTBOUND,-25.549930572509766,-0.2881181680178953,
0,31.230270385742188,1.3937498331069946,7.180325508117676,6.666264533996582,30.639064672985114,4.78864892751483,-3.8586719036102295,1307,20,58,1,NOMINAL_OUTSIDE_CERTIFIED_SET,18.808292388916016,OUTBOUND,-25.84033966064453,-0.230099905820216,
1,31.583499908447266,1.3941683769226074,0.6854163408279419,0.5226329565048218,30.65820515298401,4.776531007632245,-3.909137487411499,1308,20,59,0,,51.74394989013672,OUTBOUND,-26.044769287109375,-0.18495935948363898,
0,31.80900764465332,1.3945872783660889,0.443054735660553,0.3271029591560364,30.671786708990112,4.76442627049178,-3.922369956970215,1309,20,60,1,NOMINAL_OUTSIDE_CERTIFIED_SET,37.44050598144531,OUTBOUND,-26.26887321472168,-0.14535550885216011,
1,31.262935638427734,1.3950059413909912,20.419675827026367,18.95292091369629,30.68717508300324,4.752336251385089,-3.9037137031555176,1310,20,61,0,,59.45964813232422,FAILURE,-25.868545532226562,-0.09464794181270951,
0,31.724140167236328,1.3954205513000488,0.37372180819511414,0.3350183963775635,30.708019296987914,5.4879676,-3.823207139968872,1311,21,1,1,NOMINAL_OUTSIDE_CERTIFIED_SET,23.998315811157227,OUTBOUND,-26.3109130859375,-0.01020132358994201,
0,31.462888717651367,1.3958373069763184,0.5394191741943359,0.7893787026405334,30.72409450399573,5.4758992,-3.9495837688446045,1312,21,2,1,NOMINAL_OUTSIDE_CERTIFIED_SET,29.62465476989746,OUTBOUND,-25.892362594604492,-0.01133557945106046,
1,31.838285446166992,1.3962541818618774,7.118437767028809,6.583071708679199,30.742164911993314,5.463814536709947,-3.911301851272583,1313,21,3,0,,27.98333168029785,OUTBOUND,-26.387697219848633,-0.012495364657932833,
1,31.711864471435547,1.3966704607009888,7.304579257965088,6.820430278778076,30.763675850990694,5.451753581504994,-3.8894195556640625,1314,21,4,0,,25.624631881713867,OUTBOUND,-26.251178741455078,-0.001545535177381328,
1,31.626468658447266,1.3970860242843628,7.147892951965332,6.558444023132324,30.786131381988525,5.439669937503615,-3.8918991088867188,1315,21,5,0,,28.1713809967041,OUTBOUND,-26.324283599853516,0.010659705237766865,
0,31.63018035888672,1.397503137588501,0.34468844532966614,0.6025276780128479,30.905094975983957,5.427563310435923,-3.9363131523132324,1316,21,6,1,NOMINAL_OUTSIDE_CERTIFIED_SET,26.028644561767578,OUTBOUND,-26.175771713256836,0.005021018747209363,
1,31.798851013183594,1.3979220390319824,7.210536479949951,6.668293476104736,30.924621662008576,5.4154617311406605,-3.9476449489593506,1317,21,7,0,,14.46554946899414,OUTBOUND,-26.388866424560547,0.0046272018158383405,
0,31.244075775146484,1.3983453512191772,13.965250968933105,12.936723709106445,30.94295938499272,5.4033179958965585,-4.005496025085449,1318,21,8,1,NOMINAL_OUTSIDE_CERTIFIED_SET,24.536544799804688,OUTBOUND,-25.879291534423828,0.00017615401487987298,
0,31.482681274414062,1.3987724781036377,13.982470512390137,12.981768608093262,30.959542536002118,5.391152440619319,-4.002695560455322,1319,21,9,1,NOMINAL_OUTSIDE_CERTIFIED_SET,28.513996124267578,OUTBOUND,-26.110218048095703,-0.026564762163640742,
0,31.193405151367188,1.3991992473602295,0.8035433888435364,1.0538926124572754,30.973654864996206,5.378962088062309,-3.922189712524414,1320,21,10,1,NOMINAL_OUTSIDE_CERTIFIED_SET,68.59412384033203,OUTBOUND,-25.716632843017578,-0.05744786294173135,
0,31.3431339263916,1.3996236324310303,14.018474578857422,12.957756042480469,30.991152122995118,5.366744351411908,-3.872570514678955,1321,21,11,1,NOMINAL_OUTSIDE_CERTIFIED_SET,11.268590927124023,OUTBOUND,-25.929563522338867,-0.09438102613401067,
0,31.430984497070312,1.400044560432434,0.7976829409599304,0.9155285954475403,31.009618121985113,5.354490021767366,-3.8459837436676025,1322,21,12,1,NOMINAL_OUTSIDE_CERTIFIED_SET,63.75837326049805,OUTBOUND,-26.02750015258789,-0.1389078239804261,
0,31.498199462890625,1.4004656076431274,0.8173538446426392,0.8829590082168579,31.030151929997373,5.342216785432321,-3.9149837493896484,1323,21,13,1,NOMINAL_OUTSIDE_CERTIFIED_SET,54.514076232910156,OUTBOUND,-25.833711624145508,-0.18685461264491363,
1,31.6354923248291,1.4008874893188477,27.665857315063477,25.599939346313477,31.050325899996096,5.329920908878928,-3.9307618141174316,1324,21,14,0,,93.87669372558594,OUTBOUND,-26.16738510131836,-0.24252678522884275,
0,31.488975524902344,1.4013092517852783,7.52841854095459,7.095222473144531,31.070371704001445,5.31761190304955,-3.912599563598633,1325,21,15,1,NOMINAL_OUTSIDE_CERTIFIED_SET,4.906808853149414,OUTBOUND,-26.078519821166992,-0.2806754110211418,
0,31.922412872314453,1.4017289876937866,7.382391452789307,6.838137149810791,31.086765701009426,5.305295035787737,-3.8705434799194336,1326,21,16,1,INSUFFICIENT_RECOVERY_RESERVE,5.8804240226745605,OUTBOUND,-26.602550506591797,-0.28396080869793544,
0,31.594253540039062,1.4021481275558472,7.247701644897461,6.902614116668701,31.101666103990283,5.292993396617342,-3.8935463428497314,1327,21,17,1,NOMINAL_OUTSIDE_CERTIFIED_SET,6.656959056854248,OUTBOUND,-26.168102264404297,-0.30338809453479965,
0,31.303699493408203,1.4025682210922241,20.919172286987305,19.152666091918945,31.115675045992248,5.280674601796524,-3.9312431812286377,1328,21,18,1,INSUFFICIENT_RECOVERY_RESERVE,51.549285888671875,OUTBOUND,-25.974193572998047,-0.322452796804084,
0,31.639617919921875,1.4029932022094727,7.460388660430908,7.165753364562988,31.237115199008258,5.268372412695087,-4.014585971832275,1329,21,19,1,NOMINAL_OUTSIDE_CERTIFIED_SET,30.194339752197266,OUTBOUND,-26.114425659179688,-0.3414695150859028,
0,31.889835357666016,1.4034194946289062,7.243842601776123,6.696896076202393,31.25370572198881,5.25605128751734,-3.951359272003174,1330,21,20,1,INSUFFICIENT_RECOVERY_RESERVE,24.21904182434082,OUTBOUND,-26.369853973388672,-0.35977575375066134,
0,31.90255355834961,1.403846263885498,0.8126580715179443,1.0855622291564941,31.2689901329868,5.243748124830358,-3.931168556213379,1331,21,21,1,NOMINAL_OUTSIDE_CERTIFIED_SET,67.78963470458984,OUTBOUND,-26.25016975402832,-0.3778897704875807,
0,31.983665466308594,1.4042757749557495,14.039434432983398,12.907885551452637,31.281491670000833,5.231424169785149,-3.985642671585083,1332,21,22,1,INSUFFICIENT_RECOVERY_RESERVE,23.3424072265625,OUTBOUND,-26.45197296142578,-0.3950648609766945,
0,32.011375427246094,1.4047081470489502,0.5818930864334106,0.7906754612922668,31.294998180004768,5.219134556996327,-3.993039131164551,1333,21,23,1,INSUFFICIENT_RECOVERY_RESERVE,45.16596221923828,OUTBOUND,-26.409709930419922,-0.368716251513625,
1,31.64098358154297,1.405141830444336,14.46531867980957,13.602217674255371,31.313434509007493,5.2068744528923725,-3.964052438735962,1334,21,24,0,,13.550692558288574,OUTBOUND,-26.028274536132812,-0.3368251759405685,
1,32.18860626220703,1.405575156211853,14.178136825561523,13.083579063415527,31.330258030007826,5.194649094305825,-3.930011749267578,1335,21,25,0,,43.97074890136719,OUTBOUND,-26.664772033691406,-0.3221597102727699,
1,32.04745864868164,1.406009316444397,14.248937606811523,13.258748054504395,31.34451557000284,5.182412439318294,-3.9533915519714355,1336,21,26,0,,44.38579177856445,OUTBOUND,-26.638708114624023,-0.31932416589765333,
0,32.080020904541016,1.4064435958862305,7.458667755126953,7.004252910614014,31.362462221004535,5.17017439032385,-3.9436564445495605,1337,21,27,1,NOMINAL_OUTSIDE_CERTIFIED_SET,10.805327415466309,OUTBOUND,-26.674163818359375,-0.33916902914134767,
0,32.15578842163086,1.4068760871887207,0.5554870367050171,0.6936118602752686,31.377913765987614,5.1579067335213145,-3.9003875255584717,1338,21,28,1,NOMINAL_OUTSIDE_CERTIFIED_SET,42.631649017333984,OUTBOUND,-26.676952362060547,-0.39555856138123313,
1,32.183528900146484,1.4073091745376587,0.5101990699768066,0.6722056865692139,31.39477891800925,5.145636659248281,-3.9458839893341064,1339,21,29,0,,39.437339782714844,OUTBOUND,-26.69687271118164,-0.4347758073750171,
0,32.35280990600586,1.407743215560913,7.274463176727295,6.722867965698242,31.410744691995205,5.133354207125009,-3.955833673477173,1340,21,30,1,NOMINAL_OUTSIDE_CERTIFIED_SET,13.2081298828125,OUTBOUND,-26.876331329345703,-0.4518527833494603,
0,32.08162307739258,1.4081767797470093,7.465769290924072,7.057753562927246,31.539863822981715,5.1210495070528435,-3.9276609420776367,1341,21,31,1,INSUFFICIENT_RECOVERY_RESERVE,5.072582244873047,OUTBOUND,-26.60710334777832,-0.4398572615976435,
0,32.288246154785156,1.4086095094680786,14.419086456298828,13.111316680908203,31.558685994008556,5.10875981782709,-3.919107437133789,1342,21,32,1,NOMINAL_OUTSIDE_CERTIFIED_SET,34.660430908203125,OUTBOUND,-26.86611557006836,-0.45234884051927904,
0,32.192901611328125,1.4090408086776733,7.4059624671936035,6.951182842254639,31.575185420981143,5.096447921622555,-3.8994903564453125,1343,21,33,1,INSUFFICIENT_RECOVERY_RESERVE,7.471677780151367,OUTBOUND,-26.713891983032227,-0.46397851823024466,
0,31.979963302612305,1.4094709157943726,21.363109588623047,19.479562759399414,31.595780375006143,5.084152908108837,-3.9075608253479004,1344,21,34,1,NOMINAL_OUTSIDE_CERTIFIED_SET,57.17582702636719,OUTBOUND,-26.617746353149414,-0.47564181784336057,
0,31.843202590942383,1.4099043607711792,21.246660232543945,19.454856872558594,31.609536347008543,5.071834426838998,-3.997596502304077,1345,21,35,1,INSUFFICIENT_RECOVERY_RESERVE,50.12316131591797,OUTBOUND,-26.526718139648438,-0.4864379461508464,
0,31.81479835510254,1.4103349447250366,14.128640174865723,12.844242095947266,31.62489669700153,5.059549714717049,-3.874025344848633,1346,21,36,1,INSUFFICIENT_RECOVERY_RESERVE,13.257338523864746,OUTBOUND,-26.498027801513672,-0.4429483986675093,
0,31.638320922851562,1.4107649326324463,1.5042641162872314,1.9783694744110107,31.6441546829883,5.047276559227983,-3.9171736240386963,1347,21,37,1,NOMINAL_OUTSIDE_CERTIFIED_SET,115.3017349243164,OUTBOUND,-26.102493286132812,-0.4550944241170412,
0,32.1444091796875,1.4111933708190918,1.2446938753128052,1.2832543849945068,31.663132229994517,5.034980634072651,-3.889430284500122,1348,21,38,1,INSUFFICIENT_RECOVERY_RESERVE,100.12721252441406,OUTBOUND,-26.468563079833984,-0.46630327010333256,
0,32.04678726196289,1.4116206169128418,14.34577751159668,13.112853050231934,31.678824771981454,5.022698595074384,-3.8967525959014893,1349,21,39,1,NOMINAL_OUTSIDE_CERTIFIED_SET,16.57765007019043,OUTBOUND,-26.370180130004883,-0.4775391887953139,
0,32.515052795410156,1.4120484590530396,14.327191352844238,13.07938289642334,31.69169958800194,5.010391826927004,-3.934448719024658,1350,21,40,1,INSUFFICIENT_RECOVERY_RESERVE,15.274470329284668,OUTBOUND,-26.83902359008789,-0.487874946784617,
0,32.03376007080078,1.4124767780303955,28.215120315551758,25.858047485351562,31.71110961199156,4.998101139048314,-3.930546522140503,1351,21,41,1,NOMINAL_OUTSIDE_CERTIFIED_SET,80.33576965332031,OUTBOUND,-26.55474853515625,-0.49817865906967485,
0,32.62823486328125,1.4129037857055664,14.560487747192383,13.357769966125488,31.724946412985446,4.985785173375227,-3.8946800231933594,1352,21,42,1,INSUFFICIENT_RECOVERY_RESERVE,41.87651824951172,OUTBOUND,-27.23223876953125,-0.5076336168594098,
0,32.545997619628906,1.4133343696594238,7.391653060913086,6.660056114196777,31.743887413002085,4.973500218607676,-3.9954442977905273,1353,21,43,1,NOMINAL_OUTSIDE_CERTIFIED_SET,22.2415828704834,OUTBOUND,-27.02728843688965,-0.5095568264374759,
0,32.092159271240234,1.4137656688690186,1.2069385051727295,1.9196350574493408,31.75965118999011,4.961185722750916,-3.9412665367126465,1354,21,44,1,INSUFFICIENT_RECOVERY_RESERVE,74.25665283203125,OUTBOUND,-26.50436019897461,-0.5113357026960591,
0,32.40456008911133,1.4141944646835327,0.9576184153556824,1.4159600734710693,31.78199413898983,4.9489195996849125,-3.8728108406066895,1355,21,45,1,NOMINAL_OUTSIDE_CERTIFIED_SET,69.96379852294922,OUTBOUND,-26.75476837158203,-0.4949383968023953,
0,32.6423225402832,1.4146239757537842,0.8102906346321106,1.3416297435760498,31.80061748099979,4.936628907540704,-3.937836170196533,1356,21,46,1,INSUFFICIENT_RECOVERY_RESERVE,45.47417449951172,OUTBOUND,-26.86083984375,-0.48002754336336223,
0,33.12940979003906,1.4150537252426147,0.5311071872711182,0.8803027272224426,31.821484365995275,4.9243510184231,-3.928469657897949,1357,21,47,1,NOMINAL_OUTSIDE_CERTIFIED_SET,17.912307739257812,OUTBOUND,-27.339336395263672,-0.4905213807275764,
0,32.83972930908203,1.4154845476150513,15.10477066040039,14.047100067138672,31.940657844999805,4.912050553140876,-3.948402166366577,1358,21,48,1,INSUFFICIENT_RECOVERY_RESERVE,57.9962272644043,OUTBOUND,-27.14983558654785,-0.5001008733234924,
0,33.186126708984375,1.415913701057434,15.178146362304688,13.964470863342285,31.95870854498935,4.899764997863642,-3.8864355087280273,1359,21,49,1,NOMINAL_OUTSIDE_CERTIFIED_SET,97.81483459472656,OUTBOUND,-27.734455108642578,-0.5096392558684195,
0,33.14823913574219,1.4163459539413452,0.6224471926689148,0.8804201483726501,31.97441624198109,4.887455827463768,-3.990176200866699,1360,21,50,1,INSUFFICIENT_RECOVERY_RESERVE,21.47301483154297,OUTBOUND,-27.71333122253418,-0.5183404755849499,
0,32.2938232421875,1.4167784452438354,15.093563079833984,14.151165962219238,31.998722635995364,4.875181115452184,-3.9358654022216797,1361,21,51,1,NOMINAL_OUTSIDE_CERTIFIED_SET,53.28301239013672,OUTBOUND,-26.984447479248047,-0.5159623074914287,
0,32.741634368896484,1.4172112941741943,14.612072944641113,13.1420259475708,32.01933965299395,4.862895732966668,-3.932563304901123,1362,21,52,1,NOMINAL_OUTSIDE_CERTIFIED_SET,52.762306213378906,OUTBOUND,-27.42905616760254,-0.5478533390681903,
0,32.803253173828125,1.4176439046859741,0.5104990601539612,0.5965026617050171,32.038466709986096,4.85060391480087,-3.925370931625366,1363,21,53,1,NO_GENERATOR_SET,37.159183502197266,OUTBOUND,-27.45895004272461,-0.5524280018875543,
0,32.26142501831055,1.4180760383605957,7.938356876373291,7.830458641052246,32.06039485899964,4.838312978128793,-3.9169771671295166,1364,21,54,1,NO_GENERATOR_SET,35.52251434326172,OUTBOUND,-26.870304107666016,-0.5365052623427478,
0,32.32887649536133,1.4185082912445068,8.10410213470459,7.582025527954102,32.08288850900135,4.826030881582804,-3.9306936264038086,1365,21,55,1,NOMINAL_OUTSIDE_CERTIFIED_SET,65.48674774169922,OUTBOUND,-26.760725021362305,-0.5059025906196409,
1,32.55135726928711,1.4189434051513672,14.649813652038574,13.370475769042969,32.10500013898127,4.813753113723506,-3.9884424209594727,1366,21,56,0,,8.592482566833496,OUTBOUND,-26.97972297668457,-0.4703141744932506,
0,32.69144058227539,1.4193769693374634,7.842857837677002,7.29376220703125,32.12023679900449,4.801490088303657,-3.8971121311187744,1367,21,57,1,NOMINAL_OUTSIDE_CERTIFIED_SET,41.16067123413086,OUTBOUND,-27.10590171813965,-0.427233744475552,
0,32.97255325317383,1.4198083877563477,0.8869892954826355,1.060620903968811,32.13461811799789,4.789257726809818,-3.8832716941833496,1368,21,58,1,NOMINAL_OUTSIDE_CERTIFIED_SET,63.341190338134766,OUTBOUND,-27.40667724609375,-0.3755464770966555,
0,33.08205795288086,1.420242428779602,0.8861517906188965,1.0833740234375,32.15022705899901,4.777056928999465,-3.982531785964966,1369,21,59,1,NOMINAL_OUTSIDE_CERTIFIED_SET,45.274696350097656,OUTBOUND,-27.31818389892578,-0.32426170452510134,
0,33.68126678466797,1.4206759929656982,0.6250001192092896,0.7168717384338379,32.17205475200899,4.764887168928085,-3.91909122467041,1370,21,60,1,NOMINAL_OUTSIDE_CERTIFIED_SET,17.532472610473633,OUTBOUND,-27.869075775146484,-0.27510437274692634,
0,33.02776336669922,1.4211093187332153,15.052666664123535,14.0963134765625,32.312107728008414,4.752746820242709,-3.921257257461548,1371,21,61,1,NOMINAL_OUTSIDE_CERTIFIED_SET,48.079261779785156,OUTBOUND,-27.322912216186523,-0.22927758981782034,
0,33.44060516357422,1.421543836593628,7.909626007080078,7.522607326507568,32.325283562997356,4.74063315375432,-3.9558327198028564,1372,21,62,1,NOMINAL_OUTSIDE_CERTIFIED_SET,51.17880630493164,OUTBOUND,-27.926347732543945,-0.18755415521362662,
1,33.7640380859375,1.4219781160354614,7.984554290771484,7.467978477478027,32.34206967099453,4.728544522288293,-3.9220664501190186,1373,21,63,0,,67.07916259765625,OUTBOUND,-28.313297271728516,-0.17774197448030177,
0,33.613548278808594,1.4224131107330322,0.5777583122253418,0.7441285848617554,32.35482527699787,4.716428881355824,-3.9478919506073,1374,21,64,1,NOMINAL_OUTSIDE_CERTIFIED_SET,21.772777557373047,OUTBOUND,-28.1827392578125,-0.16448293028086997,
0,33.2464485168457,1.4228479862213135,15.405692100524902,14.05964469909668,32.36986196000362,4.704342051993022,-3.92633318901062,1375,21,65,1,NOMINAL_OUTSIDE_CERTIFIED_SET,69.61572265625,FAILURE,-27.914979934692383,-0.12174115741743852,
0,32.880584716796875,1.4232836961746216,0.9254518151283264,1.3435481786727905,32.38963997800602,5.4879676,-3.947021484375,1376,22,1,1,NOMINAL_OUTSIDE_CERTIFIED_SET,36.80827331542969,OUTBOUND,-27.442441940307617,-0.01020132358994201,
1,32.834800720214844,1.4237200021743774,7.940120697021484,7.539361476898193,32.4045402869815,5.475925161965102,-3.9443538188934326,1377,22,2,0,,23.837493896484375,OUTBOUND,-27.354297637939453,-0.024870484872758995,
0,33.3104133605957,1.4241559505462646,0.7241678237915039,0.949703574180603,32.42788690899033,5.463840463989754,-3.926647663116455,1378,22,3,1,NOMINAL_OUTSIDE_CERTIFIED_SET,63.75275421142578,OUTBOUND,-27.69825553894043,-0.036119508232528644,
1,32.63457107543945,1.424592137336731,22.351322174072266,20.72214126586914,32.45032326300861,5.451743640081422,-3.9351258277893066,1379,22,4,0,,23.430288314819336,OUTBOUND,-27.04950523376465,-0.054782852407147926,
0,33.10216522216797,1.4250279664993286,7.883406162261963,7.371897220611572,32.46771653799806,5.439617241990701,-3.9238204956054688,1380,22,5,1,NOMINAL_OUTSIDE_CERTIFIED_SET,31.58970069885254,OUTBOUND,-27.542020797729492,-0.06862671683540758,
0,32.91714859008789,1.4254661798477173,14.977394104003906,13.894865989685059,32.484420847991714,5.427467949479125,-3.9829728603363037,1381,22,6,1,NOMINAL_OUTSIDE_CERTIFIED_SET,10.491843223571777,OUTBOUND,-27.350757598876953,-0.058697315234114034,
0,32.90359115600586,1.4259068965911865,1.1802186965942383,1.233629584312439,32.603824771009386,5.415293196250126,-3.990108013153076,1382,22,7,1,NOMINAL_OUTSIDE_CERTIFIED_SET,78.67171478271484,OUTBOUND,-27.234237670898438,-0.05795207344240981,
0,33.87986755371094,1.4263458251953125,0.6233956813812256,0.37664201855659485,32.61911301800865,5.403090716966982,-3.901076316833496,1383,22,8,1,NOMINAL_OUTSIDE_CERTIFIED_SET,51.147857666015625,OUTBOUND,-28.092649459838867,-0.06776729026441675,
1,33.75855255126953,1.4267817735671997,7.861742973327637,7.394543647766113,32.63367049800581,5.390872467792862,-3.8717215061187744,1384,22,9,0,,9.831730842590332,OUTBOUND,-28.126920700073242,-0.08744292874645883,
0,33.700660705566406,1.4272193908691406,7.835778713226318,7.373689651489258,32.648545523989014,5.378650561696029,-3.967337131500244,1385,22,10,1,NOMINAL_OUTSIDE_CERTIFIED_SET,15.453303337097168,OUTBOUND,-27.9785099029541,-0.10709765567698082,
0,34.33716583251953,1.42765474319458,0.45786982774734497,0.48069143295288086,32.66239851299906,5.366400191118676,-3.881959915161133,1386,22,11,1,NOMINAL_OUTSIDE_CERTIFIED_SET,25.90825080871582,OUTBOUND,-28.73152732849121,-0.13416923072658363,
0,34.092079162597656,1.4280939102172852,0.4612354636192322,0.4679732918739319,32.681034011999145,5.354137614579862,-4.012085437774658,1387,22,12,1,NOMINAL_OUTSIDE_CERTIFIED_SET,26.448246002197266,OUTBOUND,-28.532636642456055,-0.1684067439355803,
0,33.63813781738281,1.428531527519226,0.5603041648864746,0.7193508148193359,32.69782710800064,5.341862145367542,-3.90456223487854,1388,22,13,1,NOMINAL_OUTSIDE_CERTIFIED_SET,9.961429595947266,OUTBOUND,-28.13867950439453,-0.20031567341323475,
0,33.50003433227539,1.4289672374725342,15.817808151245117,14.645770072937012,32.71309793298133,5.329579812085993,-3.889530897140503,1389,22,14,1,NOMINAL_OUTSIDE_CERTIFIED_SET,90.06767272949219,OUTBOUND,-28.17702865600586,-0.2246777483289331,
0,33.749603271484375,1.4294050931930542,7.853911876678467,7.143170356750488,32.72498110300512,5.317285718442436,-3.973106622695923,1390,22,15,1,INSUFFICIENT_RECOVERY_RESERVE,38.96283721923828,OUTBOUND,-28.27594757080078,-0.23413099929683207,
1,33.19272994995117,1.4298427104949951,22.934541702270508,21.157405853271484,32.74784303599154,5.3050331605299315,-3.9291293621063232,1391,22,16,0,,72.10501861572266,OUTBOUND,-27.891393661499023,-0.25068485043511135,
0,33.599632263183594,1.4302819967269897,0.6099011301994324,0.728248655796051,32.76355446400703,5.292749232800966,-3.964644193649292,1392,22,17,1,NOMINAL_OUTSIDE_CERTIFIED_SET,63.704261779785156,OUTBOUND,-28.12453842163086,-0.29431884759839116,
0,33.0460090637207,1.4307191371917725,8.263885498046875,7.8541741371154785,32.78243322300841,5.280446384050722,-3.8925223350524902,1393,22,18,1,INSUFFICIENT_RECOVERY_RESERVE,47.84859085083008,OUTBOUND,-27.673179626464844,-0.31509912590881584,
1,33.331058502197266,1.4311565160751343,8.319594383239746,7.736763954162598,32.79688733298099,5.268184154178865,-3.9329886436462402,1394,22,19,0,,53.02669143676758,OUTBOUND,-27.70270538330078,-0.2997893143033162,
0,33.795806884765625,1.4315931797027588,1.0434081554412842,1.0232423543930054,32.815752366004745,5.255885751593775,-3.9157638549804688,1395,22,20,1,NOMINAL_OUTSIDE_CERTIFIED_SET,86.56536102294922,OUTBOUND,-28.000398635864258,-0.32511679156658413,
0,33.32392883300781,1.43202805519104,1.1784510612487793,1.2802404165267944,32.83336195998709,5.243569272735656,-3.8888611793518066,1396,22,21,1,INSUFFICIENT_RECOVERY_RESERVE,82.31919860839844,OUTBOUND,-27.543201446533203,-0.34922896072860354,
0,33.78004455566406,1.4324668645858765,8.14491081237793,7.582632064819336,32.85551238799235,5.231269448801048,-4.0096540451049805,1397,22,22,1,NOMINAL_OUTSIDE_CERTIFIED_SET,23.22574806213379,OUTBOUND,-27.899316787719727,-0.37228318894133167,
0,33.89128494262695,1.4329053163528442,15.868131637573242,15.051548957824707,32.872572739986936,5.218949839312088,-3.9256231784820557,1398,22,23,1,INSUFFICIENT_RECOVERY_RESERVE,62.7315673828125,OUTBOUND,-28.25188636779785,-0.3934475543747514,
0,34.019004821777344,1.4333451986312866,16.05072021484375,15.282979965209961,32.986129769007675,5.206648259729896,-3.9629766941070557,1399,22,24,1,NOMINAL_OUTSIDE_CERTIFIED_SET,66.1837158203125,OUTBOUND,-28.349477767944336,-0.41346799657692596,
0,34.475215911865234,1.4337856769561768,0.48086532950401306,0.588884174823761,32.99832589700236,5.194323145624389,-3.944945812225342,1400,22,25,1,INSUFFICIENT_RECOVERY_RESERVE,11.130002975463867,OUTBOUND,-28.850797653198242,-0.43174649708182267,
0,34.29597854614258,1.4342243671417236,0.7284353971481323,0.8682641386985779,33.0163760749856,5.182032510168649,-3.89823579788208,1401,22,26,1,NOMINAL_OUTSIDE_CERTIFIED_SET,19.697715759277344,OUTBOUND,-28.822383880615234,-0.44133659681538956,
0,34.40019226074219,1.4346628189086914,0.42634010314941406,0.4687187075614929,33.0295342989848,5.169712700815345,-3.928481340408325,1402,22,27,1,INSUFFICIENT_RECOVERY_RESERVE,10.410674095153809,OUTBOUND,-28.86508560180664,-0.44972263528796425,
0,34.10246276855469,1.435103178024292,8.201746940612793,7.7508864402771,33.046439903991995,5.157442666331692,-3.970442533493042,1403,22,28,1,NOMINAL_OUTSIDE_CERTIFIED_SET,28.305326461791992,OUTBOUND,-28.533166885375977,-0.4409717672501199,
0,34.62218475341797,1.4355425834655762,0.2351519614458084,0.26474234461784363,33.060961265000515,5.145149587430578,-3.911130428314209,1404,22,29,1,INSUFFICIENT_RECOVERY_RESERVE,11.996846199035645,OUTBOUND,-29.13869857788086,-0.4322886996712212,
0,33.71013641357422,1.4359819889068604,8.377509117126465,7.991283416748047,33.075391906982986,5.132869757636129,-3.936068534851074,1405,22,30,1,NOMINAL_OUTSIDE_CERTIFIED_SET,8.776683807373047,OUTBOUND,-28.22787094116211,-0.4464518464791344,
0,34.017757415771484,1.436420202255249,0.4765433967113495,0.6394119262695312,33.093766172998585,5.12056787456112,-3.9044220447540283,1406,22,31,1,INSUFFICIENT_RECOVERY_RESERVE,40.624210357666016,OUTBOUND,-28.514488220214844,-0.45947239601733986,
0,33.90568161010742,1.436858057975769,8.289602279663086,7.845337390899658,33.11447370698443,5.108281253534251,-3.920930862426758,1407,22,32,1,NOMINAL_OUTSIDE_CERTIFIED_SET,14.523735046386719,OUTBOUND,-28.295869827270508,-0.4720446975423148,
0,34.597843170166016,1.437292456626892,0.2594091296195984,0.2717009484767914,33.12655603600433,5.095971142323474,-3.8527884483337402,1408,22,33,1,INSUFFICIENT_RECOVERY_RESERVE,22.837495803833008,OUTBOUND,-29.0299072265625,-0.48358821409723085,
0,34.25164031982422,1.4377272129058838,8.279040336608887,7.799351215362549,33.141261468001176,5.083678161350731,-3.92966628074646,1409,22,34,1,NOMINAL_OUTSIDE_CERTIFIED_SET,7.054112911224365,OUTBOUND,-28.5906925201416,-0.4947365859601485,
0,34.1598014831543,1.438162088394165,0.6162190437316895,0.6750594973564148,33.154321520007215,5.0713591598830465,-3.9227652549743652,1410,22,35,1,INSUFFICIENT_RECOVERY_RESERVE,41.842681884765625,OUTBOUND,-28.465816497802734,-0.5049652845073526,
0,33.99761962890625,1.438595175743103,23.779558181762695,22.418926239013672,33.16838957599248,5.059074007372154,-3.882258415222168,1411,22,36,1,INSUFFICIENT_RECOVERY_RESERVE,86.86334991455078,OUTBOUND,-28.472877502441406,-0.4587563966217528,
0,34.2055778503418,1.4390288591384888,0.6648727655410767,0.7008100748062134,33.300559119990794,5.046800748636653,-3.9283556938171387,1412,22,37,1,NOMINAL_OUTSIDE_CERTIFIED_SET,39.028587341308594,OUTBOUND,-28.571346282958984,-0.47036473945787655,
0,34.09859085083008,1.4394640922546387,8.198519706726074,7.7167463302612305,33.31659262100584,5.034504644394962,-3.9518070220947266,1413,22,38,1,INSUFFICIENT_RECOVERY_RESERVE,7.668382167816162,OUTBOUND,-28.532119750976562,-0.48101966554481174,
0,34.2452392578125,1.4399020671844482,0.5448826551437378,0.5912929773330688,33.33230875400477,5.022222686984562,-3.9785642623901367,1414,22,39,1,NOMINAL_OUTSIDE_CERTIFIED_SET,41.73462677001953,OUTBOUND,-28.59848403930664,-0.4915101190832435,
0,33.82062530517578,1.440341830253601,8.631471633911133,8.326054573059082,33.34734085100354,5.009916922967098,-3.9661993980407715,1415,22,40,1,INSUFFICIENT_RECOVERY_RESERVE,8.800604820251465,OUTBOUND,-28.09878158569336,-0.5011314797137768,
0,34.50639724731445,1.440779685974121,0.35149598121643066,0.3963877856731415,33.37687476800056,4.9976382726083886,-3.888139486312866,1416,22,41,1,NOMINAL_OUTSIDE_CERTIFIED_SET,22.579345703125,OUTBOUND,-28.932161331176758,-0.504464955770795,
0,34.544925689697266,1.4412171840667725,8.45144271850586,7.932742595672607,33.40166125498945,4.985348510516959,-3.9161972999572754,1417,22,42,1,NO_GENERATOR_SET,21.995723724365234,OUTBOUND,-28.792810440063477,-0.5443343021230306,
0,34.744476318359375,1.441652536392212,0.36234331130981445,0.41125714778900146,33.41807402999257,4.973050545152644,-3.8789734840393066,1418,22,43,1,NO_GENERATOR_SET,9.489846229553223,OUTBOUND,-29.17056655883789,-0.5552573105315798,
0,35.022953033447266,1.4420851469039917,0.4105978310108185,0.37792959809303284,33.431474256009096,4.960733576312309,-3.8620033264160156,1419,22,44,1,INSUFFICIENT_RECOVERY_RESERVE,4.097265720367432,OUTBOUND,-29.414592742919922,-0.5281467559230005,
0,34.75879669189453,1.4425183534622192,16.637226104736328,15.490384101867676,33.445281719992636,4.948450237957213,-3.925199508666992,1420,22,45,1,INSUFFICIENT_RECOVERY_RESERVE,80.21794891357422,OUTBOUND,-29.274154663085938,-0.4779600009877724,
1,34.03473663330078,1.4429492950439453,16.6329288482666,15.576988220214844,33.46123797999462,4.936185002818641,-3.8675198554992676,1421,22,46,0,,54.02604675292969,OUTBOUND,-28.65806007385254,-0.43915388158376295,
0,34.570350646972656,1.4433823823928833,8.233857154846191,7.68930721282959,33.47667782299686,4.923911142185141,-3.952556848526001,1422,22,47,1,NOMINAL_OUTSIDE_CERTIFIED_SET,10.425694465637207,OUTBOUND,-29.039466857910156,-0.4559200887078905,
0,34.007080078125,1.4438146352767944,0.7519243359565735,0.9627955555915833,33.589974853006424,4.911609465907832,-3.8982977867126465,1423,22,48,1,NOMINAL_OUTSIDE_CERTIFIED_SET,72.0411605834961,OUTBOUND,-28.349380493164062,-0.5203348052593816,
0,34.56557083129883,1.4442497491836548,0.5106056332588196,0.6037614345550537,33.60223980800947,4.8992910454330945,-3.9720988273620605,1424,22,49,1,INSUFFICIENT_RECOVERY_RESERVE,55.18999099731445,OUTBOUND,-28.961116790771484,-0.5263780600226837,
0,34.47252655029297,1.4446848630905151,16.489734649658203,15.412995338439941,33.61960672400892,4.8870165313573555,-3.916318893432617,1425,22,50,1,NOMINAL_OUTSIDE_CERTIFIED_SET,20.125688552856445,OUTBOUND,-28.833587646484375,-0.5131797486266935,
0,34.448795318603516,1.44511878490448,24.51763343811035,22.953712463378906,33.6341996419942,4.874738073160506,-3.8922080993652344,1426,22,51,1,NOMINAL_OUTSIDE_CERTIFIED_SET,53.35329818725586,OUTBOUND,-28.941137313842773,-0.5275197131686415,
0,34.599609375,1.4455565214157104,0.5913270711898804,0.4982454776763916,33.649442789988825,4.862460603656942,-3.995448350906372,1427,22,52,1,NOMINAL_OUTSIDE_CERTIFIED_SET,65.28551483154297,OUTBOUND,-28.846656799316406,-0.5198512829091269,
0,34.48696517944336,1.4459952116012573,8.65918254852295,8.164032936096191,33.66626118600834,4.850188645335206,-3.9417619705200195,1428,22,53,1,NOMINAL_OUTSIDE_CERTIFIED_SET,35.608699798583984,OUTBOUND,-28.778488159179688,-0.4960716858493294,
0,34.453575134277344,1.4464335441589355,16.458290100097656,15.336112976074219,33.68335954498616,4.837926076450818,-3.9172048568725586,1429,22,54,1,NOMINAL_OUTSIDE_CERTIFIED_SET,16.135513305664062,OUTBOUND,-28.800960540771484,-0.46114574677171133,
0,34.40837478637695,1.446872353553772,0.8069896697998047,0.8305283188819885,33.70191379400785,4.825679659310347,-3.9351627826690674,1430,22,55,1,NOMINAL_OUTSIDE_CERTIFIED_SET,73.06737518310547,OUTBOUND,-28.658058166503906,-0.4191735333424317,
1,34.8843879699707,1.4473116397857666,16.760831832885742,15.661861419677734,33.72288582500187,4.813466249292371,-3.9317874908447266,1431,22,56,0,,42.45461654663086,OUTBOUND,-29.18120574951172,-0.4077634949576456,
0,34.7660026550293,1.4477494955062866,8.409411430358887,7.824370861053467,33.73877056699712,4.801217345791218,-3.894444227218628,1432,22,57,1,NOMINAL_OUTSIDE_CERTIFIED_SET,8.825041770935059,OUTBOUND,-29.037185668945312,-0.3850210509106722,
0,34.780296325683594,1.4481843709945679,8.692707061767578,8.262484550476074,33.755532329989364,4.789010516536472,-3.8549203872680664,1433,22,58,1,NOMINAL_OUTSIDE_CERTIFIED_SET,26.37740707397461,OUTBOUND,-29.23720359802246,-0.3203920161667674,
0,34.67269515991211,1.448622465133667,0.4976060688495636,0.771303117275238,33.769869941985235,4.77683974508384,-3.9852590560913086,1434,22,59,1,NOMINAL_OUTSIDE_CERTIFIED_SET,38.16951370239258,OUTBOUND,-28.920860290527344,-0.2614691439873726,
1,35.13228988647461,1.4490617513656616,0.3514024615287781,0.5206634998321533,33.78621932899114,4.7647090999529444,-3.9460344314575195,1435,22,60,0,,16.586435317993164,OUTBOUND,-29.366920471191406,-0.23330896727800035,
0,34.71711349487305,1.4494991302490234,17.084186553955078,15.958560943603516,33.80406195198884,4.752561385469312,-3.8824222087860107,1436,22,61,1,NOMINAL_OUTSIDE_CERTIFIED_SET,54.27215576171875,OUTBOUND,-29.05419921875,-0.20440269899005245,
0,34.6659049987793,1.4499363899230957,8.778769493103027,8.251591682434082,33.81827302300371,4.740453776689005,-3.917422294616699,1437,22,62,1,NOMINAL_OUTSIDE_CERTIFIED_SET,18.834470748901367,OUTBOUND,-29.025299072265625,-0.15162675126610256,
0,34.64332580566406,1.4503768682479858,8.68408203125,8.21893310546875,33.83274124999298,4.728379345996149,-3.984853744506836,1438,22,63,1,NOMINAL_OUTSIDE_CERTIFIED_SET,5.888833045959473,FAILURE,-29.026691436767578,-0.10758007141538861,
0,35.50644302368164,1.4508174657821655,8.44160270690918,7.804615497589111,33.855621825001435,5.4879676,-3.931286573410034,1439,23,1,1,NOMINAL_OUTSIDE_CERTIFIED_SET,44.127403259277344,OUTBOUND,-30.062744140625,-0.01020132358994201,
0,34.78955078125,1.4512560367584229,0.5652093887329102,0.931977391242981,33.99305684698629,5.4758992,-3.879239797592163,1440,23,2,1,NOMINAL_OUTSIDE_CERTIFIED_SET,41.302677154541016,OUTBOUND,-29.23419761657715,-0.01133557945106046,
1,35.08488845825195,1.4516961574554443,8.639641761779785,8.000114440917969,34.015340124984505,5.463822085365007,-3.953080177307129,1441,23,3,0,,5.165378093719482,OUTBOUND,-29.481063842773438,-0.012162403233176543,
0,34.66050338745117,1.452135682106018,8.953913688659668,8.430313110351562,34.03428782298579,5.451695692048772,-3.912128448486328,1442,23,4,1,NOMINAL_OUTSIDE_CERTIFIED_SET,18.22150230407715,OUTBOUND,-29.049880981445312,-0.016474714417881932,
0,34.76057052612305,1.4525753259658813,8.689315795898438,8.158188819885254,34.048422425985336,5.439536345693468,-3.9223384857177734,1443,23,5,1,NOMINAL_OUTSIDE_CERTIFIED_SET,10.921162605285645,OUTBOUND,-29.104501724243164,-0.02954422609010979,
1,34.66551971435547,1.4530123472213745,8.779311180114746,8.253642082214355,34.06531125199399,5.427368836648424,-3.8673267364501953,1444,23,6,0,,25.653484344482422,OUTBOUND,-29.067081451416016,-0.028360354290543698,
0,34.9264030456543,1.4534515142440796,16.842571258544922,15.690690040588379,34.080391027993755,5.415169632965025,-3.9626479148864746,1445,23,7,1,NOMINAL_OUTSIDE_CERTIFIED_SET,18.684101104736328,OUTBOUND,-29.251800537109375,-0.03504443086897961,
0,35.29439163208008,1.4538929462432861,8.66370964050293,8.020254135131836,34.09560814598808,5.402939165267001,-3.968587875366211,1446,23,8,1,NOMINAL_OUTSIDE_CERTIFIED_SET,6.669948577880859,OUTBOUND,-29.610143661499023,-0.07368012808886522,
0,35.082855224609375,1.4543325901031494,0.6633047461509705,0.9115530848503113,34.11266725699534,5.390676625696168,-3.8855345249176025,1447,23,9,1,NOMINAL_OUTSIDE_CERTIFIED_SET,45.47539520263672,OUTBOUND,-29.40713882446289,-0.12036985255399271,
0,35.37937927246094,1.4547725915908813,0.5812276601791382,0.720390796661377,34.127609091985505,5.378402243216997,-3.92865252494812,1448,23,10,1,NOMINAL_OUTSIDE_CERTIFIED_SET,53.68384552001953,OUTBOUND,-29.529651641845703,-0.1711004918052681,
1,35.13594055175781,1.4552146196365356,17.108165740966797,15.861554145812988,34.14169154598494,5.366116734151577,-3.9651858806610107,1449,23,11,0,,38.766212463378906,OUTBOUND,-29.39878273010254,-0.22365990235761488,
0,35.51252365112305,1.4556584358215332,0.5345873236656189,0.8255277276039124,34.15669283500756,5.353820266494951,-3.9621615409851074,1450,23,12,1,NO_GENERATOR_SET,18.104394912719727,OUTBOUND,-29.643667221069336,-0.26189316662443474,
0,35.99707794189453,1.4561023712158203,0.4447364807128906,0.6522970199584961,34.174456593988,5.341513464555287,-3.9327545166015625,1451,23,13,1,INSUFFICIENT_RECOVERY_RESERVE,10.903103828430176,OUTBOUND,-30.220218658447266,-0.2712338935386118,
0,35.97856903076172,1.4565482139587402,8.910433769226074,8.363973617553711,34.18909092998365,5.329222195409523,-3.969080924987793,1452,23,14,1,NOMINAL_OUTSIDE_CERTIFIED_SET,43.88323211669922,OUTBOUND,-30.212018966674805,-0.29622512742061907,
0,35.27322006225586,1.4569941759109497,17.341411590576172,15.93997859954834,34.32077792100608,5.316909367579674,-3.9349703788757324,1453,23,15,1,INSUFFICIENT_RECOVERY_RESERVE,60.71208953857422,OUTBOUND,-29.704627990722656,-0.3200600526174899,
0,35.23265838623047,1.4574384689331055,8.752411842346191,8.169473648071289,34.34075737799867,5.304613732348216,-3.897369861602783,1454,23,16,1,NOMINAL_OUTSIDE_CERTIFIED_SET,10.537359237670898,OUTBOUND,-29.70981216430664,-0.3429361936815604,
0,35.597679138183594,1.4578862190246582,8.733235359191895,7.9812774658203125,34.35831686700112,5.292294578109191,-4.003786563873291,1455,23,17,1,INSUFFICIENT_RECOVERY_RESERVE,21.323448181152344,OUTBOUND,-30.156152725219727,-0.36445246450041524,
0,34.97755432128906,1.458335280418396,0.6612194776535034,1.203561782836914,34.37372323899763,5.280009271987991,-3.961841106414795,1456,23,18,1,INSUFFICIENT_RECOVERY_RESERVE,61.087284088134766,OUTBOUND,-29.40547752380371,-0.34370633154930513,
0,35.170047760009766,1.4587823152542114,17.18988609313965,15.820204734802246,34.396432168985484,5.267735713007353,-3.896186351776123,1457,23,19,1,NOMINAL_OUTSIDE_CERTIFIED_SET,11.699670791625977,OUTBOUND,-29.55361557006836,-0.3619347040629389,
0,35.33364486694336,1.4592301845550537,9.00564193725586,8.532912254333496,34.40914071298903,5.2554403215304895,-3.952852249145508,1458,23,20,1,INSUFFICIENT_RECOVERY_RESERVE,27.538610458374023,OUTBOUND,-29.60329818725586,-0.3791826781612963,
0,35.67597961425781,1.45967698097229,0.7322931885719299,0.7231326103210449,34.42506799500552,5.243158860963555,-3.9106364250183105,1459,23,21,1,NOMINAL_OUTSIDE_CERTIFIED_SET,69.3864517211914,OUTBOUND,-29.91291046142578,-0.3960741446412815,
0,35.81766128540039,1.4601222276687622,0.7867966294288635,0.8882571458816528,34.444323220988736,5.230854384393848,-3.9012560844421387,1460,23,22,1,INSUFFICIENT_RECOVERY_RESERVE,51.084529876708984,OUTBOUND,-29.982942581176758,-0.4119082932330805,
0,36.26103210449219,1.460566759109497,0.4457555413246155,0.5038546323776245,34.46753595600603,5.21856583893811,-3.914848804473877,1461,23,23,1,NOMINAL_OUTSIDE_CERTIFIED_SET,23.232742309570312,OUTBOUND,-30.489892959594727,-0.4273359681302977,
0,35.497657775878906,1.4610087871551514,17.359830856323242,16.14652442932129,34.481600720988354,5.206253144167819,-3.8743066787719727,1462,23,24,1,INSUFFICIENT_RECOVERY_RESERVE,61.69889831542969,OUTBOUND,-29.81242561340332,-0.4416959103848559,
0,36.149566650390625,1.4614531993865967,8.951196670532227,8.347356796264648,34.50184266100405,5.193981212472682,-3.970844268798828,1463,23,25,1,NOMINAL_OUTSIDE_CERTIFIED_SET,34.553409576416016,OUTBOUND,-30.4940128326416,-0.4422536164015907,
0,35.570919036865234,1.461896538734436,17.153247833251953,15.77545166015625,34.62597883300623,5.1816990589313905,-3.905240058898926,1464,23,26,1,NOMINAL_OUTSIDE_CERTIFIED_SET,67.89376831054688,OUTBOUND,-30.087106704711914,-0.4686413609318327,
0,36.19313430786133,1.462340235710144,17.43582534790039,15.912251472473145,34.64183766298811,5.169411407426384,-3.932100296020508,1465,23,27,1,NO_GENERATOR_SET,78.0749282836914,OUTBOUND,-30.680709838867188,-0.4733642549907662,
0,35.81578063964844,1.462782859802246,0.4738706052303314,0.6504446268081665,34.654313568986254,5.157112656492562,-3.902127265930176,1466,23,28,1,INSUFFICIENT_RECOVERY_RESERVE,48.025848388671875,OUTBOUND,-30.256433486938477,-0.4506339334228397,
0,35.5595703125,1.4632235765457153,0.6195359230041504,0.9158743023872375,34.67285261998768,5.144828685983409,-3.8806896209716797,1467,23,29,1,NOMINAL_OUTSIDE_CERTIFIED_SET,65.92286682128906,OUTBOUND,-29.995454788208008,-0.46308302929001044,
0,35.77595901489258,1.463667631149292,0.765005350112915,1.0041868686676025,34.69155840598978,5.132520619491472,-3.987161159515381,1468,23,30,1,INSUFFICIENT_RECOVERY_RESERVE,83.56847381591797,OUTBOUND,-29.9124813079834,-0.4745942204403547,
0,35.47858810424805,1.4641144275665283,17.396255493164062,16.098859786987305,34.71273354400182,5.120229312339882,-3.984616279602051,1469,23,31,1,NOMINAL_OUTSIDE_CERTIFIED_SET,15.370609283447266,OUTBOUND,-29.641788482666016,-0.48590397765514504,
0,35.53900909423828,1.4645622968673706,17.51335334777832,16.20149803161621,34.73096396398614,5.107912947556857,-3.9536375999450684,1470,23,32,1,INSUFFICIENT_RECOVERY_RESERVE,15.69223403930664,OUTBOUND,-29.693029403686523,-0.49633021786455767,
0,35.67350769042969,1.465010404586792,9.179027557373047,8.798736572265625,34.74484606299666,5.095630151420342,-3.936570882797241,1471,23,33,1,INSUFFICIENT_RECOVERY_RESERVE,12.927787780761719,OUTBOUND,-29.939453125,-0.4513637624264288,
1,35.96455001831055,1.4654608964920044,17.143747329711914,15.805781364440918,34.75839043100132,5.083367266134549,-3.9812166690826416,1472,23,34,0,,43.70866775512695,OUTBOUND,-30.2818603515625,-0.4021405532097712,
0,35.998558044433594,1.4659106731414795,0.6990265250205994,0.9239794015884399,34.77308362399344,5.071093229599978,-3.924407958984375,1473,23,35,1,NOMINAL_OUTSIDE_CERTIFIED_SET,45.588645935058594,OUTBOUND,-30.1848087310791,-0.4116108878626144,
0,36.06032180786133,1.4663584232330322,0.6831380128860474,0.8109240531921387,34.78744290198665,5.0587903835754995,-3.890468120574951,1474,23,36,1,NOMINAL_OUTSIDE_CERTIFIED_SET,51.855777740478516,OUTBOUND,-30.25960922241211,-0.4853117166346864,
0,36.20610046386719,1.4668058156967163,17.603918075561523,16.408191680908203,34.79999178799335,5.046469534235362,-3.9246110916137695,1475,23,37,1,INSUFFICIENT_RECOVERY_RESERVE,61.48060607910156,OUTBOUND,-30.51789093017578,-0.49820406246402854,
0,36.130496978759766,1.4672534465789795,8.977523803710938,8.394405364990234,34.81564293600968,5.034182646451,-3.936098337173462,1476,23,38,1,INSUFFICIENT_RECOVERY_RESERVE,9.81116771697998,OUTBOUND,-30.472103118896484,-0.4521636095752306,
0,36.07994079589844,1.4677025079727173,17.772279739379883,16.41506004333496,34.83597690600436,5.021906692641637,-3.958519220352173,1477,23,39,1,NOMINAL_OUTSIDE_CERTIFIED_SET,46.430721282958984,OUTBOUND,-30.44808578491211,-0.4660766228219159,
0,35.53971862792969,1.4681522846221924,17.7161865234375,16.40505027770996,34.85317611900973,5.00962316600466,-3.9483659267425537,1478,23,40,1,NOMINAL_OUTSIDE_CERTIFIED_SET,18.081403732299805,OUTBOUND,-29.900060653686523,-0.5221799333074264,
0,35.462345123291016,1.4686006307601929,0.9127898216247559,1.6483877897262573,34.87371186699602,4.997333145057157,-3.9048469066619873,1479,23,41,1,NO_GENERATOR_SET,82.27571868896484,OUTBOUND,-29.70956802368164,-0.5477148215241946,
0,36.2662239074707,1.4690502882003784,17.54275131225586,15.883216857910156,34.889119597006356,4.985037142443141,-3.9575514793395996,1480,23,42,1,NO_GENERATOR_SET,39.44990158081055,OUTBOUND,-30.629257202148438,-0.5476055327812482,
0,36.1995849609375,1.4694993495941162,0.6549522280693054,1.054677128791809,35.010377078986494,4.97272858078018,-3.9198975563049316,1481,23,43,1,INSUFFICIENT_RECOVERY_RESERVE,60.895660400390625,OUTBOUND,-30.41596031188965,-0.516207585181448,
0,36.03816223144531,1.4699475765228271,9.169710159301758,8.616182327270508,35.031893570994725,4.960436621293748,-3.916757822036743,1482,23,44,1,NOMINAL_OUTSIDE_CERTIFIED_SET,24.89248275756836,OUTBOUND,-30.31972312927246,-0.5251886411862633,
0,36.08122253417969,1.4703967571258545,8.95832347869873,8.569327354431152,35.05189073699876,4.948118563917832,-3.9466357231140137,1483,23,45,1,INSUFFICIENT_RECOVERY_RESERVE,17.48487091064453,OUTBOUND,-30.14873695373535,-0.53336772882319,
0,36.10474395751953,1.4708445072174072,17.68402671813965,16.307514190673828,35.07558115100255,4.93582518713853,-3.904735565185547,1484,23,46,1,NOMINAL_OUTSIDE_CERTIFIED_SET,38.5836296081543,OUTBOUND,-30.41973304748535,-0.5379354518713806,
0,36.63041687011719,1.471293568611145,0.5921910405158997,0.7603391408920288,35.08793277098448,4.923503200479752,-3.953619956970215,1485,23,47,1,INSUFFICIENT_RECOVERY_RESERVE,39.07136154174805,OUTBOUND,-30.81208038330078,-0.5421146777521223,
0,36.21907424926758,1.471742033958435,17.583498001098633,16.39070701599121,35.10202972998377,4.911229714692141,-3.9199135303497314,1486,23,48,1,NOMINAL_OUTSIDE_CERTIFIED_SET,36.82432556152344,OUTBOUND,-30.376174926757812,-0.5262609299553803,
0,36.41279220581055,1.4721876382827759,0.5607097148895264,0.7278488874435425,35.11796920699999,4.898947686498351,-3.868867874145508,1487,23,49,1,NOMINAL_OUTSIDE_CERTIFIED_SET,37.098636627197266,OUTBOUND,-30.716346740722656,-0.536963619117977,
0,36.38002395629883,1.4726320505142212,9.135721206665039,8.461827278137207,35.13479384899256,4.886664129979238,-3.8973679542541504,1488,23,50,1,NOMINAL_OUTSIDE_CERTIFIED_SET,16.67135238647461,OUTBOUND,-30.718544006347656,-0.5261123512940252,
1,36.31993103027344,1.4730747938156128,9.426726341247559,9.059199333190918,35.15366458898643,4.874386865059606,-3.883389472961426,1489,23,51,0,,3.582801342010498,OUTBOUND,-30.505001068115234,-0.5052554457366158,
0,36.67762756347656,1.4735182523727417,9.203567504882812,8.418277740478516,35.169882087997394,4.862096361148383,-3.933565139770508,1490,23,52,1,NOMINAL_OUTSIDE_CERTIFIED_SET,34.68317794799805,OUTBOUND,-30.956321716308594,-0.4723287310559449,
0,36.11083984375,1.4739596843719482,9.452313423156738,9.082013130187988,35.185751446988434,4.849834796323402,-3.8746397495269775,1491,23,53,1,NOMINAL_OUTSIDE_CERTIFIED_SET,16.92182159423828,OUTBOUND,-30.42980194091797,-0.4257371201458266,
0,36.65349578857422,1.4744030237197876,0.6346291899681091,0.8329039216041565,35.203650056006154,4.837604571136855,-3.9518303871154785,1492,23,54,1,NOMINAL_OUTSIDE_CERTIFIED_SET,13.633764266967773,OUTBOUND,-31.009883880615234,-0.37625829236879693,
0,36.36320114135742,1.4748470783233643,9.268254280090332,8.645689010620117,35.218333080993034,4.825406397510168,-3.9308972358703613,1493,23,55,1,NOMINAL_OUTSIDE_CERTIFIED_SET,6.730440139770508,OUTBOUND,-30.659442901611328,-0.3264498283533662,
0,36.35816955566406,1.4752919673919678,17.988006591796875,16.556516647338867,35.34491912298836,4.81323683900072,-3.9379055500030518,1494,23,56,1,NOMINAL_OUTSIDE_CERTIFIED_SET,35.71076202392578,OUTBOUND,-30.62053680419922,-0.27821392292388875,
1,36.62842559814453,1.4757386445999146,9.176640510559082,8.607438087463379,35.363987914985046,4.80110282560522,-3.957310914993286,1495,23,57,0,,11.912845611572266,OUTBOUND,-30.926916122436523,-0.25256386811437487,
0,36.16461181640625,1.476189374923706,17.819801330566406,16.526958465576172,35.38088057600544,4.788944568629334,-4.005227565765381,1496,23,58,1,NOMINAL_OUTSIDE_CERTIFIED_SET,9.106698989868164,OUTBOUND,-30.42681312561035,-0.22484438590714045,
0,36.200782775878906,1.4766415357589722,1.1175990104675293,1.5949681997299194,35.40114736300893,4.7768201694997785,-3.9626758098602295,1497,23,59,1,NOMINAL_OUTSIDE_CERTIFIED_SET,88.18912506103516,OUTBOUND,-30.333894729614258,-0.17695903460218088,
0,36.85477828979492,1.4770947694778442,9.157812118530273,8.450611114501953,35.42189682798926,4.764725214419834,-3.958847761154175,1498,23,60,1,NOMINAL_OUTSIDE_CERTIFIED_SET,20.83008575439453,OUTBOUND,-30.966218948364258,-0.13559725116110055,
0,35.56153869628906,1.4775464534759521,18.295286178588867,17.38408660888672,35.43938208100735,4.752655296130741,-3.9009437561035156,1499,23,61,1,NOMINAL_OUTSIDE_CERTIFIED_SET,5.63723087310791,FAILURE,-29.683387756347656,-0.10054468390277825,
0,36.655391693115234,1.4779961109161377,18.262956619262695,16.980369567871094,35.45931165499496,5.4879676,-3.891103744506836,1500,24,1,1,NOMINAL_OUTSIDE_CERTIFIED_SET,40.710304260253906,OUTBOUND,-30.993942260742188,-0.01020132358994201,
0,36.87655258178711,1.478444218635559,0.775496244430542,0.8929094076156616,35.475414309999906,5.4758992,-3.893045663833618,1501,24,2,1,NOMINAL_OUTSIDE_CERTIFIED_SET,50.183563232421875,OUTBOUND,-31.038822174072266,-0.01133557945106046,
0,37.16948318481445,1.4788939952850342,9.151979446411133,8.430363655090332,35.49712829699274,5.4637948,-3.9628047943115234,1502,24,3,1,NOMINAL_OUTSIDE_CERTIFIED_SET,16.826995849609375,OUTBOUND,-31.361865997314453,-0.015383460743156973,
0,36.46446228027344,1.4793437719345093,18.318281173706055,17.182666778564453,35.51419154598261,5.4516544,-3.9251201152801514,1503,24,4,1,NOMINAL_OUTSIDE_CERTIFIED_SET,43.22431945800781,OUTBOUND,-30.729156494140625,-0.024272287792003466,
0,36.61149215698242,1.4797935485839844,9.423965454101562,8.866573333740234,35.53444864100311,5.439477999999999,-3.929318904876709,1504,24,5,1,NOMINAL_OUTSIDE_CERTIFIED_SET,5.779794216156006,OUTBOUND,-30.883180618286133,-0.03987839345533087,
0,36.568077087402344,1.4802453517913818,0.862459123134613,1.3444979190826416,35.65099215498776,5.427265599999999,-3.9688313007354736,1505,24,6,1,NOMINAL_OUTSIDE_CERTIFIED_SET,61.00471496582031,OUTBOUND,-30.715402603149414,-0.06395244360685569,
0,36.83831787109375,1.480696201324463,9.50468635559082,8.810029983520508,35.666005587991094,5.415017199999999,-3.9095675945281982,1506,24,7,1,NOMINAL_OUTSIDE_CERTIFIED_SET,9.70628547668457,OUTBOUND,-30.988290786743164,-0.09799918910060242,
0,37.15548324584961,1.4811471700668335,9.67849063873291,9.082329750061035,35.681245938001666,5.402738487366399,-3.9333794116973877,1507,24,8,1,NOMINAL_OUTSIDE_CERTIFIED_SET,23.075820922851562,OUTBOUND,-31.377639770507812,-0.14220157181939536,
0,37.064517974853516,1.4815993309020996,9.464766502380371,8.913461685180664,35.69566738200956,5.390433537552063,-3.9517948627471924,1508,24,9,1,INSUFFICIENT_RECOVERY_RESERVE,24.281129837036133,OUTBOUND,-31.371089935302734,-0.1755512253218198,
1,36.72134017944336,1.4820525646209717,0.6243825554847717,0.6748639941215515,35.71190744600608,5.378156814541349,-3.95444655418396,1509,24,10,0,,35.16286087036133,OUTBOUND,-30.913436889648438,-0.1940272804266938,
0,36.9979133605957,1.482505440711975,9.585734367370605,8.866300582885742,35.73130888398737,5.365906136097435,-3.925602912902832,1510,24,11,1,NOMINAL_OUTSIDE_CERTIFIED_SET,17.04559898376465,OUTBOUND,-31.234949111938477,-0.21649854702266558,
1,37.043880462646484,1.4829542636871338,9.666873931884766,9.097679138183594,35.750615172990365,5.353644039699945,-3.847390651702881,1511,24,12,0,,19.138818740844727,OUTBOUND,-31.329341888427734,-0.23082349077000025,
0,37.50818634033203,1.4834048748016357,0.4846312701702118,0.5034266710281372,35.77156190900132,5.341342801650177,-3.9606666564941406,1512,24,13,1,NOMINAL_OUTSIDE_CERTIFIED_SET,14.790885925292969,OUTBOUND,-31.75105094909668,-0.2647977368705559,
0,36.672767639160156,1.4838602542877197,36.1312255859375,33.11951446533203,35.78963888500584,5.3290221486414975,-4.027414321899414,1513,24,14,1,INSUFFICIENT_RECOVERY_RESERVE,122.25064086914062,OUTBOUND,-31.03550148010254,-0.2945453597436095,
0,36.42974090576172,1.4843151569366455,9.837323188781738,9.408313751220703,35.803670572990086,5.316735433189049,-3.925258159637451,1514,24,15,1,INSUFFICIENT_RECOVERY_RESERVE,33.64556121826172,OUTBOUND,-30.820547103881836,-0.28504939158675524,
0,36.682472229003906,1.4847723245620728,1.2551475763320923,1.7780214548110962,35.8185215400008,5.304459947558244,-3.983010768890381,1515,24,16,1,NOMINAL_OUTSIDE_CERTIFIED_SET,87.97860717773438,OUTBOUND,-30.775466918945312,-0.30951826786366915,
0,37.152286529541016,1.4852306842803955,9.529741287231445,8.784370422363281,35.83236735899118,5.2921669176515875,-3.9637362957000732,1516,24,17,1,INSUFFICIENT_RECOVERY_RESERVE,17.414697647094727,OUTBOUND,-31.379621505737305,-0.33250438987073666,
0,36.77909469604492,1.4856911897659302,18.578706741333008,17.07152557373047,35.84655154499342,5.27988701433049,-3.989443302154541,1517,24,18,1,NOMINAL_OUTSIDE_CERTIFIED_SET,22.675607681274414,OUTBOUND,-31.02865219116211,-0.35450587375581166,
0,36.337703704833984,1.4861496686935425,18.824199676513672,17.736133575439453,35.86279662698507,5.267587081337852,-3.902116060256958,1518,24,19,1,INSUFFICIENT_RECOVERY_RESERVE,8.344683647155762,OUTBOUND,-30.483837127685547,-0.37498024721552575,
0,37.710628509521484,1.4866029024124146,0.592466413974762,0.5399519801139832,35.877596992999315,5.255302133257426,-3.8323850631713867,1519,24,20,1,NOMINAL_OUTSIDE_CERTIFIED_SET,34.04421615600586,OUTBOUND,-31.92601776123047,-0.3944412496277056,
0,36.72906494140625,1.4870587587356567,27.27273178100586,25.22175407409668,35.89112552200095,5.242992887082659,-3.983529567718506,1520,24,21,1,INSUFFICIENT_RECOVERY_RESERVE,65.67887878417969,OUTBOUND,-31.012279510498047,-0.41243448578274755,
0,36.893123626708984,1.4875138998031616,9.83655834197998,9.442703247070312,35.907104805985,5.230700628059706,-3.9227123260498047,1521,24,22,1,NOMINAL_OUTSIDE_CERTIFIED_SET,27.567195892333984,OUTBOUND,-31.228321075439453,-0.4294757373252085,
0,37.338172912597656,1.487969160079956,9.324103355407715,8.402881622314453,36.02357639698312,5.2183822941167275,-3.935702323913574,1522,24,23,1,INSUFFICIENT_RECOVERY_RESERVE,30.759727478027344,OUTBOUND,-31.47707748413086,-0.44516596710266737,
0,38.043174743652344,1.488426685333252,0.48328372836112976,0.5534823536872864,36.04245730099501,5.206102585624095,-3.981074333190918,1523,24,24,1,NOMINAL_OUTSIDE_CERTIFIED_SET,39.150917053222656,OUTBOUND,-32.19688034057617,-0.4491780723750497,
0,37.064395904541016,1.4888836145401,18.717252731323242,17.36595916748047,36.05929171500611,5.193810886860356,-3.9281272888183594,1524,24,25,1,NO_GENERATOR_SET,28.638330459594727,OUTBOUND,-31.27314567565918,-0.4813429764011082,
0,37.935394287109375,1.4893397092819214,9.488160133361816,8.765860557556152,36.07973434799351,5.181512288673668,-3.9156811237335205,1525,24,26,1,NO_GENERATOR_SET,19.11728858947754,OUTBOUND,-32.159889221191406,-0.4900366197820444,
0,37.240699768066406,1.4897962808609009,9.815072059631348,9.383265495300293,36.10043939499883,5.169199460951019,-3.948180675506592,1526,24,27,1,INSUFFICIENT_RECOVERY_RESERVE,6.913657188415527,OUTBOUND,-31.456098556518555,-0.4681583909365996,
0,37.63939666748047,1.4902511835098267,9.649888038635254,8.948131561279297,36.11833986599231,5.156904113243401,-3.899933338165283,1527,24,28,1,NOMINAL_OUTSIDE_CERTIFIED_SET,4.221583366394043,OUTBOUND,-31.914012908935547,-0.48013940272987093,
0,36.77398681640625,1.490706205368042,9.930923461914062,9.551244735717773,36.13485508298618,5.144583355803675,-3.9335122108459473,1528,24,29,1,INSUFFICIENT_RECOVERY_RESERVE,37.62275695800781,OUTBOUND,-30.837142944335938,-0.4911889319204987,
0,37.67564392089844,1.4911613464355469,18.541038513183594,17.119033813476562,36.15336294998997,5.1322966288220995,-3.9335906505584717,1529,24,30,1,INSUFFICIENT_RECOVERY_RESERVE,44.10429000854492,OUTBOUND,-31.97992515563965,-0.4474415018858731,
0,37.46980285644531,1.4916151762008667,9.906161308288574,9.534414291381836,36.173815864982316,5.12002200716331,-3.907806634902954,1530,24,31,1,NOMINAL_OUTSIDE_CERTIFIED_SET,2.8092916011810303,OUTBOUND,-31.69487953186035,-0.45947185688871384,
0,37.374107360839844,1.4920716285705566,9.818472862243652,9.25020980834961,36.18980818599812,5.107725053804666,-3.9812088012695312,1531,24,32,1,INSUFFICIENT_RECOVERY_RESERVE,21.62413215637207,OUTBOUND,-31.5269718170166,-0.4705761050074814,
0,37.5488166809082,1.4925274848937988,9.815445899963379,9.371770858764648,36.20606496100663,5.095442378554965,-3.9201974868774414,1532,24,33,1,NOMINAL_OUTSIDE_CERTIFIED_SET,16.345653533935547,OUTBOUND,-31.637550354003906,-0.4815402202695455,
0,37.239131927490234,1.492983102798462,27.787960052490234,25.54833984375,36.21765857399441,5.083136288154532,-3.9288876056671143,1533,24,34,1,INSUFFICIENT_RECOVERY_RESERVE,69.47390747070312,OUTBOUND,-31.534156799316406,-0.49164061165119904,
0,37.169376373291016,1.4934371709823608,9.605432510375977,9.024059295654297,36.23302265498205,5.070846459356847,-3.8991169929504395,1534,24,35,1,NOMINAL_OUTSIDE_CERTIFIED_SET,43.97755432128906,OUTBOUND,-31.43301773071289,-0.5016062883350818,
0,37.828399658203125,1.4938932657241821,0.7069128751754761,0.8685597777366638,36.346944653982064,5.058532167601616,-3.972799301147461,1535,24,36,1,INSUFFICIENT_RECOVERY_RESERVE,41.118919372558594,OUTBOUND,-32.00704574584961,-0.5107721268907277,
0,37.611026763916016,1.4943498373031616,18.484676361083984,16.853227615356445,36.35922777099768,5.046251209521276,-3.939584970474243,1536,24,37,1,INSUFFICIENT_RECOVERY_RESERVE,11.07075309753418,OUTBOUND,-31.68844223022461,-0.4631234647609858,
1,37.966217041015625,1.4948031902313232,9.68217658996582,8.932276725769043,36.37737962900428,5.033982995908429,-3.8650472164154053,1537,24,38,0,,8.877419471740723,OUTBOUND,-32.137168884277344,-0.40833127748265824,
1,38.075927734375,1.4952600002288818,0.7794356942176819,0.9375076293945312,36.39949667599285,5.021727601219189,-3.9991893768310547,1538,24,39,0,,48.961883544921875,OUTBOUND,-32.106727600097656,-0.3954602818173352,
0,38.1880989074707,1.495717167854309,9.546112060546875,8.835721015930176,36.41759659899981,5.009487864899332,-3.940197467803955,1539,24,40,1,NOMINAL_OUTSIDE_CERTIFIED_SET,10.992332458496094,OUTBOUND,-32.37944412231445,-0.4401696151849193,
1,37.939666748046875,1.4961752891540527,9.50761890411377,8.825033187866211,36.44193111799541,4.997225765473495,-3.9533185958862305,1540,24,41,0,,2.9394123554229736,OUTBOUND,-31.998672485351562,-0.4550679587481398,
1,37.5411491394043,1.496634840965271,1.0887880325317383,1.7865650653839111,36.45801382799982,4.984957495289673,-3.963644027709961,1541,24,42,0,,51.572174072265625,OUTBOUND,-31.528705596923828,-0.4168602377029159,
0,38.29270553588867,1.4970910549163818,0.6818436980247498,1.034564733505249,36.476752074988326,4.972709557019416,-3.8704419136047363,1542,24,43,1,NOMINAL_OUTSIDE_CERTIFIED_SET,13.07249927520752,OUTBOUND,-32.44822692871094,-0.42266888062248426,
0,37.8193244934082,1.4975453615188599,0.857046365737915,1.45681893825531,36.49062521100859,4.96042969224144,-3.8895199298858643,1543,24,44,1,NOMINAL_OUTSIDE_CERTIFIED_SET,27.793621063232422,OUTBOUND,-31.808372497558594,-0.48890977678865244,
0,38.54492950439453,1.4980018138885498,0.7523603439331055,1.1413912773132324,36.504490180988796,4.9481312021359525,-3.9722652435302734,1544,24,45,1,INSUFFICIENT_RECOVERY_RESERVE,32.350196838378906,OUTBOUND,-32.57497024536133,-0.49738790832060964,
0,39.01945495605469,1.4984620809555054,10.164240837097168,9.61019229888916,36.52213549200678,4.935846733329097,-4.008876323699951,1545,24,46,1,NOMINAL_OUTSIDE_CERTIFIED_SET,100.45874786376953,OUTBOUND,-33.26365280151367,-0.506051410708056,
0,38.70164108276367,1.4989230632781982,10.115941047668457,9.394354820251465,36.542888381984085,4.923541827178451,-3.9532670974731445,1546,24,47,1,INSUFFICIENT_RECOVERY_RESERVE,88.8539810180664,OUTBOUND,-33.084617614746094,-0.5140117510181804,
0,38.26727294921875,1.4993823766708374,9.974074363708496,9.246986389160156,36.67132447400945,4.9112755237157435,-3.904157876968384,1547,24,48,1,NOMINAL_OUTSIDE_CERTIFIED_SET,55.32675552368164,OUTBOUND,-32.882144927978516,-0.5066333518262186,
1,37.845550537109375,1.4998414516448975,0.7512599229812622,0.9864998459815979,36.692510113993194,4.898995114062125,-3.9298510551452637,1548,24,49,0,,49.645118713378906,OUTBOUND,-32.23310470581055,-0.5161725764603198,
1,38.158382415771484,1.5003005266189575,0.9077022075653076,1.1084946393966675,36.707627748983214,4.886707588985779,-3.9359374046325684,1549,24,50,0,,66.16520690917969,OUTBOUND,-32.425018310546875,-0.4864600196954819,
0,38.26801300048828,1.5007596015930176,0.7888780832290649,0.9991861581802368,36.728428723989055,4.874457913034314,-3.935476779937744,1550,24,51,1,NOMINAL_OUTSIDE_CERTIFIED_SET,70.62212371826172,OUTBOUND,-32.369239807128906,-0.46110017915599083,
0,37.718929290771484,1.5012189149856567,10.249811172485352,9.677675247192383,36.74751907700556,4.862214869218674,-3.9390807151794434,1551,24,52,1,NOMINAL_OUTSIDE_CERTIFIED_SET,38.69386672973633,OUTBOUND,-31.800830841064453,-0.4449786178966353,
0,38.62482452392578,1.5016812086105347,9.870590209960938,9.132512092590332,36.767296646983596,4.849983955445545,-3.9964053630828857,1552,24,53,1,NOMINAL_OUTSIDE_CERTIFIED_SET,11.05201244354248,OUTBOUND,-32.582008361816406,-0.4175595538517464,
1,38.027313232421875,1.502142071723938,0.967565655708313,1.293434739112854,36.79050509099034,4.837770118243736,-3.9108529090881348,1553,24,54,0,,60.03076171875,OUTBOUND,-32.01730728149414,-0.41571135324724856,
0,38.6259880065918,1.502601981163025,9.921066284179688,9.27923583984375,36.81026156799635,4.825515437995599,-3.9164700508117676,1554,24,55,1,NOMINAL_OUTSIDE_CERTIFIED_SET,19.565065383911133,OUTBOUND,-32.60749435424805,-0.3997187738460485,
0,38.14326858520508,1.5030627250671387,29.184194564819336,27.307056427001953,36.83129482300137,4.8132983383466925,-3.9530158042907715,1555,24,56,1,NOMINAL_OUTSIDE_CERTIFIED_SET,119.50879669189453,OUTBOUND,-32.21604919433594,-0.3408961907543892,
1,38.29695129394531,1.5035231113433838,10.133513450622559,9.568676948547363,36.85227168400888,4.801134567364538,-3.9288883209228516,1556,24,57,0,,25.970773696899414,OUTBOUND,-32.484283447265625,-0.31230174587458837,
1,37.32722091674805,1.5039827823638916,10.45330810546875,10.05517292022705,36.87162316098693,4.788946404148497,-3.9212303161621094,1557,24,58,0,,17.43407440185547,OUTBOUND,-31.57534408569336,-0.28408236905717166,
0,38.2047233581543,1.5044422149658203,0.726631760597229,0.8644173741340637,36.8875576639839,4.776789275976328,-3.927919387817383,1558,24,59,1,NOMINAL_OUTSIDE_CERTIFIED_SET,35.97251510620117,OUTBOUND,-32.31868362426758,-0.2266181303872607,
0,38.3670768737793,1.5049024820327759,9.85141658782959,9.119832038879395,36.9027525660058,4.764671967218817,-3.951658010482788,1559,24,60,1,NOMINAL_OUTSIDE_CERTIFIED_SET,8.453255653381348,OUTBOUND,-32.64383316040039,-0.1726178451534456,
0,39.00969696044922,1.5053632259368896,0.3996976613998413,0.3444581925868988,36.918310873996234,4.752586323678066,-3.9438207149505615,1560,24,61,1,NOMINAL_OUTSIDE_CERTIFIED_SET,15.53428840637207,OUTBOUND,-33.21202087402344,-0.1269077508986375,
0,38.139957427978516,1.5058248043060303,20.125947952270508,18.849674224853516,36.932343755994225,4.7405222163147425,-3.952122688293457,1561,24,62,1,NOMINAL_OUTSIDE_CERTIFIED_SET,43.483970642089844,FAILURE,-32.29625701904297,-0.08896124248100826,
0,38.40184783935547,1.5062841176986694,10.292984962463379,9.744653701782227,36.95716717498726,5.4879676,-3.8906116485595703,1562,25,1,1,NOMINAL_OUTSIDE_CERTIFIED_SET,12.11681079864502,OUTBOUND,-32.68265914916992,-0.01020132358994201,
0,38.13399124145508,1.5067458152770996,19.379199981689453,17.855243682861328,37.07710136400419,5.4758992,-3.980206251144409,1563,25,2,1,NOMINAL_OUTSIDE_CERTIFIED_SET,30.010021209716797,OUTBOUND,-32.316463470458984,-0.01133557945106046,
0,38.32992172241211,1.5072071552276611,0.794631838798523,0.9396098852157593,37.098635465983534,5.4637948,-3.9288556575775146,1564,25,3,1,NOMINAL_OUTSIDE_CERTIFIED_SET,66.28890228271484,OUTBOUND,-32.43825912475586,-0.015383460743156973,
1,38.106109619140625,1.5076669454574585,29.078968048095703,26.909921646118164,37.11653910399764,5.451684666920254,-3.902292251586914,1565,25,4,0,,55.753021240234375,OUTBOUND,-32.36026382446289,-0.022049706060948904,
0,37.72889709472656,1.508126139640808,10.288734436035156,9.769500732421875,37.13512833500863,5.439540166676348,-3.923123836517334,1566,25,5,1,NOMINAL_OUTSIDE_CERTIFIED_SET,55.64207458496094,OUTBOUND,-31.88906478881836,-0.0310051853871175,
0,38.55403137207031,1.5085850954055786,0.7658013701438904,1.008833646774292,37.15622499000165,5.427362266386334,-3.9239118099212646,1567,25,6,1,NOMINAL_OUTSIDE_CERTIFIED_SET,73.93993377685547,OUTBOUND,-32.529117584228516,-0.04737597472880331,
1,38.91839599609375,1.5090446472167969,10.139302253723145,9.50554370880127,37.17892655698233,5.415170054568374,-3.940150499343872,1568,25,7,0,,20.4735107421875,OUTBOUND,-32.91466522216797,-0.04286506070640669,
1,39.04692840576172,1.5095031261444092,10.01513957977295,9.25688648223877,37.1938478309894,5.402967296504739,-3.910231828689575,1569,25,8,0,,7.149600505828857,OUTBOUND,-33.11554718017578,-0.026009557993871883,
0,38.58599853515625,1.5099622011184692,10.577658653259277,10.085908889770508,37.20909165299963,5.390717923531783,-3.9420557022094727,1570,25,9,1,NOMINAL_OUTSIDE_CERTIFIED_SET,8.074856758117676,OUTBOUND,-32.60786819458008,-0.052492733776795586,
0,39.102542877197266,1.5104193687438965,0.4876985251903534,0.5722851753234863,37.224688968999544,5.378444626886877,-3.8874967098236084,1571,25,10,1,NOMINAL_OUTSIDE_CERTIFIED_SET,20.621082305908203,OUTBOUND,-33.1417236328125,-0.1121065404628232,
0,38.2110481262207,1.5108771324157715,29.7365665435791,27.746776580810547,37.23998226298136,5.36616953283913,-3.9367868900299072,1572,25,11,1,NOMINAL_OUTSIDE_CERTIFIED_SET,98.6735610961914,OUTBOUND,-32.26346206665039,-0.17075035195312588,
0,38.59846878051758,1.5113354921340942,0.7373203039169312,0.9651866555213928,37.25662817200646,5.353891955719895,-3.9395155906677246,1573,25,12,1,NOMINAL_OUTSIDE_CERTIFIED_SET,34.21056365966797,OUTBOUND,-32.70120620727539,-0.2186046377687405,
0,38.51297378540039,1.5117937326431274,20.132667541503906,18.883024215698242,37.2748717420036,5.341615970918792,-3.924085855484009,1574,25,13,1,NOMINAL_OUTSIDE_CERTIFIED_SET,49.15318298339844,OUTBOUND,-32.73836135864258,-0.2524647296368562,
0,39.200279235839844,1.5122530460357666,10.307903289794922,9.469412803649902,37.29201140999794,5.329331338267587,-3.9464893341064453,1575,25,14,1,INSUFFICIENT_RECOVERY_RESERVE,20.709537506103516,OUTBOUND,-33.5003776550293,-0.26287545854995564,
1,38.32330322265625,1.512716293334961,29.86711883544922,27.682247161865234,37.415043408982456,5.317077681193122,-4.009088516235352,1576,25,15,0,,74.60723114013672,OUTBOUND,-32.62196731567383,-0.2678542196019418,
0,38.464439392089844,1.5131782293319702,1.050978183746338,1.4449715614318848,37.434181874996284,5.304806230355151,-3.912191867828369,1577,25,16,1,NOMINAL_OUTSIDE_CERTIFIED_SET,86.58722686767578,OUTBOUND,-32.64286804199219,-0.30207225743460725,
0,38.60566711425781,1.5136401653289795,1.3271428346633911,1.7862106561660767,37.45210157800466,5.292501519866137,-3.9302737712860107,1578,25,17,1,NOMINAL_OUTSIDE_CERTIFIED_SET,99.77281188964844,OUTBOUND,-32.531307220458984,-0.35900400952197536,
0,38.617149353027344,1.5140994787216187,1.0499142408370972,1.3393714427947998,37.467064967990154,5.280174741469281,-3.878127098083496,1579,25,18,1,INSUFFICIENT_RECOVERY_RESERVE,90.43083190917969,OUTBOUND,-32.56587219238281,-0.3787697903140935,
0,39.528602600097656,1.5145570039749146,0.6206740736961365,0.5906379222869873,37.479550415999256,5.267882548094722,-3.891753911972046,1580,25,19,1,INSUFFICIENT_RECOVERY_RESERVE,32.33671951293945,OUTBOUND,-33.44420623779297,-0.3554465374451093,
0,39.820648193359375,1.5150146484375,10.360980033874512,9.571483612060547,37.494511570985196,5.255602534575976,-3.9270055294036865,1581,25,20,1,NOMINAL_OUTSIDE_CERTIFIED_SET,35.75068664550781,OUTBOUND,-33.818634033203125,-0.37213117986807515,
0,39.562774658203125,1.5154752731323242,0.7182419300079346,1.0452877283096313,37.5117300520069,5.243303193838629,-3.981606960296631,1582,25,21,1,INSUFFICIENT_RECOVERY_RESERVE,19.04160499572754,OUTBOUND,-33.53152847290039,-0.387989818719883,
0,39.20178985595703,1.5159348249435425,20.436418533325195,19.08494758605957,37.52840256600757,5.231017931582331,-3.908247470855713,1583,25,22,1,NOMINAL_OUTSIDE_CERTIFIED_SET,96.76313018798828,OUTBOUND,-33.34516143798828,-0.40348059928664776,
0,39.33106231689453,1.5163931846618652,20.635292053222656,19.082103729248047,37.54064792700228,5.218711344396623,-3.902338981628418,1584,25,23,1,INSUFFICIENT_RECOVERY_RESERVE,112.27652740478516,OUTBOUND,-33.71913528442383,-0.41808148662670075,
0,38.80866241455078,1.516845941543579,0.6294180154800415,0.9570915102958679,37.55784700100776,5.206420668293789,-3.810319423675537,1585,25,24,1,NOMINAL_OUTSIDE_CERTIFIED_SET,32.8614387512207,OUTBOUND,-33.070213317871094,-0.4323323259949937,
0,39.67176818847656,1.5173004865646362,10.220786094665527,9.235405921936035,37.57040490800864,5.194106210800842,-3.946988344192505,1586,25,25,1,INSUFFICIENT_RECOVERY_RESERVE,19.145963668823242,OUTBOUND,-33.944698333740234,-0.44567264182178157,
0,39.27091979980469,1.517758846282959,0.716819703578949,0.9173920154571533,37.58761221799068,5.181833236693368,-3.9946179389953613,1587,25,26,1,NOMINAL_OUTSIDE_CERTIFIED_SET,63.61817932128906,OUTBOUND,-33.54894256591797,-0.444622361470807,
0,39.214073181152344,1.5182217359542847,0.7564128041267395,1.134406566619873,37.707102254003985,5.169550619850675,-4.014792442321777,1588,25,27,1,NOMINAL_OUTSIDE_CERTIFIED_SET,69.05506896972656,OUTBOUND,-33.212799072265625,-0.4689186364374973,
0,39.1210823059082,1.518686056137085,0.95195472240448,1.2645562887191772,37.71981443298864,5.157245415996973,-3.9605751037597656,1589,25,28,1,INSUFFICIENT_RECOVERY_RESERVE,58.835201263427734,OUTBOUND,-33.07183837890625,-0.4550251108904452,
0,39.65776062011719,1.5191502571105957,0.6100566387176514,0.7967618703842163,37.73664239398204,5.144956194939018,-3.9333081245422363,1590,25,29,1,NOMINAL_OUTSIDE_CERTIFIED_SET,45.287376403808594,OUTBOUND,-33.58674621582031,-0.4670612287317572,
0,39.11570739746094,1.5196151733398438,10.739693641662598,10.252338409423828,37.75351735300501,5.1326430121793845,-3.9492123126983643,1591,25,30,1,INSUFFICIENT_RECOVERY_RESERVE,18.192731857299805,OUTBOUND,-33.02471160888672,-0.47823528729529113,
0,39.9781379699707,1.5200848579406738,10.093103408813477,9.325493812561035,37.770840316981776,5.120363035875396,-4.0329813957214355,1592,25,31,1,INSUFFICIENT_RECOVERY_RESERVE,55.008880615234375,OUTBOUND,-33.97147750854492,-0.43595031316126465,
0,40.42527770996094,1.5205579996109009,0.6060241460800171,0.6695569753646851,37.78716530598467,5.1080939422205205,-4.013467311859131,1593,25,32,1,NOMINAL_OUTSIDE_CERTIFIED_SET,34.922767639160156,OUTBOUND,-34.4699592590332,-0.44818744125572246,
0,39.30897521972656,1.5210338830947876,10.89177131652832,10.414872169494629,37.79996366798878,5.095803510871455,-4.0114641189575195,1594,25,33,1,INSUFFICIENT_RECOVERY_RESERVE,39.129920959472656,OUTBOUND,-33.348052978515625,-0.4595249001220489,
0,39.16081237792969,1.521507740020752,21.14636993408203,19.776527404785156,37.81634119700175,5.083526198577345,-3.912475109100342,1595,25,34,1,NOMINAL_OUTSIDE_CERTIFIED_SET,75.57636260986328,OUTBOUND,-33.50113296508789,-0.470846473198446,
0,38.85299301147461,1.521982192993164,20.55891227722168,18.928823471069336,37.83281657900079,5.071225545266238,-3.966722249984741,1596,25,35,1,INSUFFICIENT_RECOVERY_RESERVE,54.893516540527344,OUTBOUND,-33.191646575927734,-0.4813015056027244,
0,38.86986541748047,1.5224568843841553,10.499576568603516,10.005110740661621,37.84651220400701,5.058940141844621,-3.959550380706787,1597,25,36,1,NOMINAL_OUTSIDE_CERTIFIED_SET,31.805566787719727,OUTBOUND,-33.05765151977539,-0.49170682186164427,
0,39.568206787109375,1.5229324102401733,0.6499803066253662,0.9447838664054871,37.860588329989696,5.04663020976618,-3.9693899154663086,1598,25,37,1,INSUFFICIENT_RECOVERY_RESERVE,73.99713134765625,OUTBOUND,-33.770198822021484,-0.5012903301472592,
0,38.8369140625,1.523406744003296,20.578514099121094,19.245948791503906,37.87586943298811,5.034337483123622,-3.9309275150299072,1599,25,38,1,NOMINAL_OUTSIDE_CERTIFIED_SET,28.310340881347656,OUTBOUND,-32.72096252441406,-0.5108017634600233,
0,38.82616424560547,1.5238823890686035,1.3726694583892822,1.760716438293457,37.8889317639987,5.022019306696476,-3.9810359477996826,1600,25,39,1,INSUFFICIENT_RECOVERY_RESERVE,125.05393981933594,OUTBOUND,-32.86791229248047,-0.5195436054297213,
0,39.46321105957031,1.5243598222732544,0.9247199296951294,1.2025973796844482,37.90313172200695,5.009735555109196,-3.991671323776245,1601,25,40,1,NOMINAL_OUTSIDE_CERTIFIED_SET,85.77782440185547,OUTBOUND,-33.183895111083984,-0.5190636599550873,
0,39.52256393432617,1.5248353481292725,10.961812973022461,10.390178680419922,37.91907392398571,4.997421467484037,-3.9188904762268066,1602,25,41,1,INSUFFICIENT_RECOVERY_RESERVE,18.10503387451172,OUTBOUND,-33.32728576660156,-0.5186603976323058,
0,39.828468322753906,1.5253087282180786,11.145001411437988,10.64461898803711,37.9356839020038,4.985156698480926,-3.911043882369995,1603,25,42,1,NOMINAL_OUTSIDE_CERTIFIED_SET,10.859831809997559,OUTBOUND,-33.63874053955078,-0.5003716450999656,
0,40.573883056640625,1.5257794857025146,10.88293170928955,10.410812377929688,37.95561105298111,4.9728681370017185,-3.896859884262085,1604,25,43,1,INSUFFICIENT_RECOVERY_RESERVE,75.1085433959961,OUTBOUND,-34.59698486328125,-0.4837517631185388,
1,39.58209991455078,1.5262516736984253,21.29021644592285,20.064537048339844,38.08284211400314,4.960622151101609,-3.971491575241089,1605,25,44,0,,97.57286071777344,OUTBOUND,-33.66261291503906,-0.4535729917914844,
0,39.942073822021484,1.5267213582992554,0.5150729417800903,0.6609740257263184,38.104479128989624,4.948352443178755,-3.8969531059265137,1606,25,45,1,NOMINAL_OUTSIDE_CERTIFIED_SET,11.93227481842041,OUTBOUND,-34.22113037109375,-0.4811807092089899,
0,39.66049575805664,1.5271910429000854,10.701042175292969,10.088140487670898,38.12221831700299,4.936062480359092,-3.9421443939208984,1607,25,46,1,INSUFFICIENT_RECOVERY_RESERVE,21.883756637573242,OUTBOUND,-33.83828353881836,-0.49046609460095764,
0,40.08457946777344,1.5276596546173096,0.5795605778694153,0.6938657164573669,38.144826531992294,4.923785390571985,-3.9195313453674316,1608,25,47,1,NOMINAL_OUTSIDE_CERTIFIED_SET,23.76655387878418,OUTBOUND,-34.3123779296875,-0.49985722916085806,
0,39.48008728027344,1.5281280279159546,21.113000869750977,19.6574764251709,38.16063525699428,4.911486529392908,-3.934025764465332,1609,25,48,1,INSUFFICIENT_RECOVERY_RESERVE,47.78477478027344,OUTBOUND,-33.733463287353516,-0.5084532138022128,
0,39.27117156982422,1.5285983085632324,31.19707489013672,29.008758544921875,38.18325306099723,4.899227071677531,-3.973827600479126,1610,25,49,1,NOMINAL_OUTSIDE_CERTIFIED_SET,72.80029296875,OUTBOUND,-33.56852722167969,-0.4999018515519343,
0,39.757442474365234,1.5290685892105103,0.9286246299743652,1.1681195497512817,38.2054641690047,4.886958355744896,-3.9431536197662354,1611,25,50,1,NOMINAL_OUTSIDE_CERTIFIED_SET,84.74604034423828,OUTBOUND,-33.79396057128906,-0.5206803596564248,
0,38.8159294128418,1.5295391082763672,21.09404754638672,19.868501663208008,38.2288772269967,4.8746848941089445,-3.947448968887329,1612,25,51,1,NOMINAL_OUTSIDE_CERTIFIED_SET,37.74446487426758,OUTBOUND,-32.91578674316406,-0.51795924965279,
0,39.871219635009766,1.5300087928771973,1.019814133644104,1.0253231525421143,38.24842242899467,4.8624139743864,-3.9246115684509277,1613,25,52,1,NOMINAL_OUTSIDE_CERTIFIED_SET,104.4293441772461,OUTBOUND,-33.810279846191406,-0.4978517119508351,
1,40.00532150268555,1.530478835105896,1.211609125137329,1.3628253936767578,38.26694795899675,4.850153017322417,-3.946535348892212,1614,25,53,0,,94.95984649658203,OUTBOUND,-33.72835922241211,-0.47924698038973157,
0,40.22496795654297,1.5309467315673828,0.817899227142334,0.857875406742096,38.294649246992776,4.837879084738818,-3.894988536834717,1615,25,54,1,NOMINAL_OUTSIDE_CERTIFIED_SET,61.506378173828125,OUTBOUND,-34.054443359375,-0.44847583827073295,
1,40.42538070678711,1.5314128398895264,11.112218856811523,10.660104751586914,38.31975783899543,4.825627491304118,-3.899527072906494,1616,25,55,0,,27.82417106628418,OUTBOUND,-34.24575424194336,-0.3904649993541025,
1,41.105674743652344,1.5318787097930908,11.009095191955566,10.344500541687012,38.339969797001686,4.8134133942550354,-3.9281280040740967,1617,25,56,0,,66.26515197753906,OUTBOUND,-35.15364456176758,-0.33930834109414093,
0,40.64752960205078,1.5323435068130493,10.979698181152344,10.299994468688965,38.46556778700324,4.801215027548854,-3.907088041305542,1618,25,57,1,NOMINAL_OUTSIDE_CERTIFIED_SET,64.76594543457031,OUTBOUND,-34.749935150146484,-0.29533205290905196,
0,41.05078887939453,1.53280770778656,0.5780628323554993,0.7162257432937622,38.48579541698564,4.789052043497373,-3.9169936180114746,1619,25,58,1,NOMINAL_OUTSIDE_CERTIFIED_SET,43.34375,OUTBOUND,-35.306976318359375,-0.2472632527666551,
0,40.461917877197266,1.5332733392715454,10.774548530578613,9.888855934143066,38.50862307898933,4.776921286403107,-3.9540786743164062,1620,25,59,1,NOMINAL_OUTSIDE_CERTIFIED_SET,57.341400146484375,OUTBOUND,-34.62861251831055,-0.20327183204364097,
0,39.859474182128906,1.5337369441986084,11.236860275268555,10.704691886901855,38.533242471981794,4.764819156524808,-3.8903963565826416,1621,25,60,1,NOMINAL_OUTSIDE_CERTIFIED_SET,18.528636932373047,OUTBOUND,-34.040225982666016,-0.16386547888666403,
0,39.91938018798828,1.5342015027999878,0.8278956413269043,1.4205995798110962,38.55738430598285,4.752739529065194,-3.9440014362335205,1622,25,61,1,NOMINAL_OUTSIDE_CERTIFIED_SET,53.95839309692383,OUTBOUND,-33.9526252746582,-0.12925541581092134,
0,39.37657928466797,1.534664511680603,21.222301483154297,19.57260513305664,38.60534278900013,4.740675048526565,-3.8961637020111084,1623,25,62,1,NOMINAL_OUTSIDE_CERTIFIED_SET,23.02236557006836,FAILURE,-33.51967239379883,-0.09942655504637506,
1,40.08179473876953,1.5351253747940063,0.8353116512298584,1.2882766723632812,38.630656613007886,5.487981035469352,-3.8791744709014893,1624,26,1,0,,73.60808563232422,OUTBOUND,-34.143638610839844,-0.02709880091584927,
0,40.0620002746582,1.535584568977356,31.536399841308594,29.04728126525879,38.65023434400791,5.475906272957838,-3.88319993019104,1625,26,2,1,NOMINAL_OUTSIDE_CERTIFIED_SET,83.41454315185547,OUTBOUND,-34.26951599121094,-0.038993875755033304,
0,39.12958526611328,1.536044955253601,21.816076278686523,20.504398345947266,38.675352382007986,5.463844673129882,-3.9392378330230713,1626,26,3,1,NOMINAL_OUTSIDE_CERTIFIED_SET,17.119291305541992,OUTBOUND,-33.096435546875,-0.029800036904911554,
0,40.09689712524414,1.5365055799484253,11.264305114746094,10.383041381835938,38.69923155600554,5.451752194298153,-3.9242143630981445,1627,26,4,1,NOMINAL_OUTSIDE_CERTIFIED_SET,40.626705169677734,OUTBOUND,-34.16206359863281,-0.024049973004272165,
0,40.377220153808594,1.5369689464569092,1.0396450757980347,1.0923082828521729,38.7215251979942,5.439627822603667,-3.971280097961426,1628,26,5,1,NOMINAL_OUTSIDE_CERTIFIED_SET,81.87252044677734,OUTBOUND,-34.27006530761719,-0.02348219064303577,
0,40.61289596557617,1.5374338626861572,11.21412467956543,10.531451225280762,38.84971419299836,5.427470663902273,-3.953883171081543,1629,26,6,1,NOMINAL_OUTSIDE_CERTIFIED_SET,26.378700256347656,OUTBOUND,-34.520721435546875,-0.029811898636563583,
1,40.08046340942383,1.5378996133804321,21.748695373535156,20.40280532836914,38.87036525300937,5.41530770312192,-3.9420461654663086,1630,26,7,0,,22.020736694335938,OUTBOUND,-34.02843475341797,-0.049508042241708496,
0,40.736392974853516,1.5383670330047607,11.031452178955078,10.273566246032715,38.89345489500556,5.403094335723321,-3.9613215923309326,1631,26,8,1,NOMINAL_OUTSIDE_CERTIFIED_SET,16.03890037536621,OUTBOUND,-34.58755874633789,-0.07272826672799773,
0,40.942909240722656,1.5388340950012207,10.910767555236816,10.00728702545166,38.915945321001345,5.390850473208096,-3.921734571456909,1632,26,9,1,NOMINAL_OUTSIDE_CERTIFIED_SET,11.79417896270752,OUTBOUND,-34.84108352661133,-0.09801614087874752,
0,41.168846130371094,1.5393017530441284,10.971284866333008,9.98867130279541,38.93471690599108,5.3785754207747445,-3.9419355392456055,1633,26,10,1,NOMINAL_OUTSIDE_CERTIFIED_SET,39.343772888183594,OUTBOUND,-35.1816291809082,-0.1351879332796031,
1,40.81085968017578,1.5397697687149048,0.5014948844909668,0.7255199551582336,38.950873852008954,5.366283214794073,-3.9382741451263428,1634,26,11,0,,33.310909271240234,OUTBOUND,-34.82587432861328,-0.19626565468246063,
0,40.253578186035156,1.5402365922927856,21.67906379699707,19.895132064819336,38.968109429988544,5.353974831576568,-3.903311252593994,1635,26,12,1,NO_GENERATOR_SET,55.50276565551758,OUTBOUND,-34.259620666503906,-0.2445915968192411,
0,40.56259536743164,1.5406996011734009,0.5505154132843018,0.9383976459503174,38.987805823009694,5.341670405365612,-3.8517673015594482,1636,26,13,1,NO_GENERATOR_SET,49.6038932800293,OUTBOUND,-34.588626861572266,-0.2609309162832955,
0,40.63839340209961,1.5411638021469116,11.170575141906738,10.57489013671875,39.00708457300789,5.32936276283928,-3.9456796646118164,1637,26,14,1,INSUFFICIENT_RECOVERY_RESERVE,12.74769401550293,OUTBOUND,-34.618988037109375,-0.26573137202586783,
0,40.54942321777344,1.541629433631897,21.411155700683594,19.558504104614258,39.02666548098205,5.317070574035079,-3.947256088256836,1638,26,15,1,NOMINAL_OUTSIDE_CERTIFIED_SET,56.20353317260742,OUTBOUND,-34.711177825927734,-0.28818721742088477,
0,40.507591247558594,1.5420945882797241,21.606246948242188,19.82595443725586,39.046616223989986,5.304759928680604,-3.9187281131744385,1639,26,16,1,INSUFFICIENT_RECOVERY_RESERVE,49.933109283447266,OUTBOUND,-34.69386291503906,-0.31002486967864695,
0,40.98760223388672,1.54256272315979,10.975915908813477,9.929723739624023,39.06659130199114,5.292482212620128,-3.979625701904297,1640,26,17,1,INSUFFICIENT_RECOVERY_RESERVE,11.764819145202637,OUTBOUND,-35.11878204345703,-0.2975552450144246,
0,40.20235824584961,1.5430330038070679,31.449087142944336,28.731557846069336,39.083817256992916,5.280214672247204,-3.975294828414917,1641,26,18,1,NOMINAL_OUTSIDE_CERTIFIED_SET,41.57551956176758,OUTBOUND,-34.3785285949707,-0.3164109335257209,
0,40.1733283996582,1.5435055494308472,11.295116424560547,10.665035247802734,39.09770921699237,5.267923477544269,-3.9761199951171875,1642,26,19,1,INSUFFICIENT_RECOVERY_RESERVE,76.90306854248047,OUTBOUND,-34.2198486328125,-0.33467020249154394,
0,39.9007453918457,1.5439815521240234,31.52962303161621,28.660526275634766,39.11407411500113,5.2556451598539855,-4.0076904296875,1643,26,20,1,NOMINAL_OUTSIDE_CERTIFIED_SET,27.251224517822266,OUTBOUND,-33.86552047729492,-0.35333938702131684,
0,40.14303970336914,1.5444543361663818,12.032873153686523,11.25559139251709,39.13005557199358,5.24334212357355,-3.8805930614471436,1644,26,21,1,INSUFFICIENT_RECOVERY_RESERVE,111.50003814697266,OUTBOUND,-34.06704330444336,-0.3710802095548362,
0,39.9256706237793,1.5449272394180298,21.890960693359375,20.332761764526367,39.14929787698202,5.231054356332086,-3.937209367752075,1645,26,22,1,NOMINAL_OUTSIDE_CERTIFIED_SET,52.05162811279297,OUTBOUND,-33.766578674316406,-0.3888786772989303,
0,40.46913146972656,1.5454026460647583,1.9878075122833252,2.695258617401123,39.27323835599236,5.218740988469056,-3.9904749393463135,1646,26,23,1,INSUFFICIENT_RECOVERY_RESERVE,115.40415954589844,OUTBOUND,-34.141761779785156,-0.40556099434380793,
0,41.333160400390625,1.5458790063858032,11.163341522216797,10.355246543884277,39.29230113798985,5.206445005826984,-3.9590940475463867,1647,26,24,1,NOMINAL_OUTSIDE_CERTIFIED_SET,10.255257606506348,OUTBOUND,-35.09700393676758,-0.4220599604341413,
0,42.178245544433594,1.5463556051254272,0.44316983222961426,0.5862952470779419,39.3105161380081,5.1941227176700355,-3.949854850769043,1648,26,25,1,INSUFFICIENT_RECOVERY_RESERVE,11.32712459564209,OUTBOUND,-35.93124771118164,-0.4373722001730839,
1,42.013397216796875,1.5468316078186035,0.6676612496376038,0.959618330001831,39.33406710898271,5.181839924686608,-3.933077096939087,1649,26,26,0,,27.245641708374023,OUTBOUND,-35.823097229003906,-0.4199765065600796,
0,42.10646057128906,1.5473089218139648,0.9391900897026062,1.127295732498169,39.35121543399873,5.169572372878996,-3.9670042991638184,1650,26,27,1,NOMINAL_OUTSIDE_CERTIFIED_SET,51.550537109375,OUTBOUND,-36.011085510253906,-0.4309174143655192,
0,41.72095489501953,1.5477871894836426,33.44837188720703,30.093772888183594,39.37316409099731,5.1573023985317,-3.9639034271240234,1651,26,28,1,NOMINAL_OUTSIDE_CERTIFIED_SET,191.07577514648438,OUTBOUND,-35.769500732421875,-0.4435885278109027,
0,41.92375564575195,1.5482628345489502,11.510754585266113,10.418156623840332,39.39264176500728,5.145019993463818,-3.89365553855896,1652,26,29,1,INSUFFICIENT_RECOVERY_RESERVE,99.6405258178711,OUTBOUND,-36.185142517089844,-0.42588152499109505,
0,41.059383392333984,1.5487388372421265,11.530241966247559,10.638564109802246,39.40938121499494,5.132748746122649,-3.950364589691162,1653,26,30,1,NOMINAL_OUTSIDE_CERTIFIED_SET,33.41386032104492,OUTBOUND,-35.42333984375,-0.4376594596818729,
0,41.24968719482422,1.5492165088653564,0.6964899301528931,0.9730866551399231,39.4221483989968,5.120455508410251,-3.974069833755493,1654,26,31,1,INSUFFICIENT_RECOVERY_RESERVE,40.39939498901367,OUTBOUND,-35.524139404296875,-0.44872981799532413,
0,40.3193473815918,1.5496902465820312,32.34442901611328,29.556781768798828,39.44041226099944,5.108175782688427,-3.865049362182617,1655,26,32,1,NOMINAL_OUTSIDE_CERTIFIED_SET,59.71876907348633,OUTBOUND,-34.61063766479492,-0.4601290812777615,
0,40.70634841918945,1.5501664876937866,1.3302098512649536,2.1075539588928223,39.457391347998055,5.0958709400723095,-3.9869210720062256,1656,26,33,1,INSUFFICIENT_RECOVERY_RESERVE,108.01825714111328,OUTBOUND,-34.704551696777344,-0.47075415241833407,
0,40.119110107421875,1.5506439208984375,22.565265655517578,21.078290939331055,39.48274143898743,5.083581920689246,-3.9651451110839844,1657,26,34,1,NOMINAL_OUTSIDE_CERTIFIED_SET,57.15458297729492,OUTBOUND,-33.999847412109375,-0.4815645476756543,
0,40.648948669433594,1.551124095916748,31.443050384521484,28.330509185791016,39.5049190169957,5.071266652755135,-3.998349666595459,1658,26,35,1,INSUFFICIENT_RECOVERY_RESERVE,28.404136657714844,OUTBOUND,-34.611995697021484,-0.49157671727971924,
0,40.829322814941406,1.5516060590744019,11.760900497436523,11.055912017822266,39.633665255998494,5.058984791468198,-3.9832940101623535,1659,26,36,1,INSUFFICIENT_RECOVERY_RESERVE,77.62957000732422,OUTBOUND,-34.76169204711914,-0.4467448631972499,
0,41.38566589355469,1.5520877838134766,11.58886432647705,10.29156494140625,39.65207814698806,5.0467139274183035,-3.9480533599853516,1660,26,37,1,NOMINAL_OUTSIDE_CERTIFIED_SET,62.08351516723633,OUTBOUND,-35.32484436035156,-0.45850244743874474,
0,41.17486572265625,1.5525691509246826,1.6202142238616943,1.8424625396728516,39.66579226500471,5.034420158244422,-3.944392442703247,1661,26,38,1,INSUFFICIENT_RECOVERY_RESERVE,103.3748550415039,OUTBOUND,-34.785865783691406,-0.4693328627869841,
0,42.040733337402344,1.5530483722686768,11.446831703186035,10.473858833312988,39.68798948000767,5.022139781007719,-3.907413959503174,1662,26,39,1,NOMINAL_OUTSIDE_CERTIFIED_SET,18.154619216918945,OUTBOUND,-35.762916564941406,-0.48025861562357813,
0,41.75360870361328,1.5535269975662231,0.914284348487854,1.4451093673706055,39.704926153004635,5.009835764095216,-3.9328835010528564,1663,26,40,1,INSUFFICIENT_RECOVERY_RESERVE,39.2631950378418,OUTBOUND,-35.46839904785156,-0.4902923172950753,
0,42.08993148803711,1.5540037155151367,11.548855781555176,10.969392776489258,39.72251801000675,4.997563129738756,-3.907449245452881,1664,26,41,1,NOMINAL_OUTSIDE_CERTIFIED_SET,67.97256469726562,OUTBOUND,-35.87299346923828,-0.49091839115984715,
0,41.45015335083008,1.554480791091919,22.683305740356445,20.70730209350586,39.73983811098151,4.9852790946409975,-3.9465861320495605,1665,26,42,1,NOMINAL_OUTSIDE_CERTIFIED_SET,106.22972106933594,OUTBOUND,-35.57411575317383,-0.525274374595058,
0,41.877864837646484,1.5549534559249878,11.612946510314941,10.561403274536133,39.75844617999974,4.972987787350364,-3.8500750064849854,1666,26,43,1,NO_GENERATOR_SET,83.4605712890625,OUTBOUND,-36.20476150512695,-0.5327756184001686,
0,41.95914840698242,1.5554258823394775,0.7730363011360168,1.0350117683410645,39.77310758898966,4.960680738565331,-3.9286086559295654,1667,26,44,1,INSUFFICIENT_RECOVERY_RESERVE,23.27094268798828,OUTBOUND,-36.064537048339844,-0.5056040617852515,
0,41.58631134033203,1.555898666381836,11.842730522155762,11.189513206481934,39.79156323400093,4.948389925371932,-3.9382741451263428,1668,26,45,1,NOMINAL_OUTSIDE_CERTIFIED_SET,30.881141662597656,OUTBOUND,-35.7843132019043,-0.5149781620111867,
0,41.253684997558594,1.5563678741455078,11.415656089782715,10.58106517791748,39.808678097993834,4.936074840478406,-3.8572897911071777,1669,26,46,1,INSUFFICIENT_RECOVERY_RESERVE,12.406522750854492,OUTBOUND,-35.50574493408203,-0.5235353508990093,
0,41.35517883300781,1.5568370819091797,11.379890441894531,10.696266174316406,39.94003478100058,4.923793157345075,-3.9253358840942383,1670,26,47,1,INSUFFICIENT_RECOVERY_RESERVE,19.305866241455078,OUTBOUND,-35.396209716796875,-0.4736636872153782,
1,41.84049987792969,1.55730402469635,11.359772682189941,10.511037826538086,39.96225290899747,4.911551689392403,-3.8772144317626953,1671,26,48,0,,22.822561264038086,OUTBOUND,-35.866851806640625,-0.44394194031576323,
0,40.9560661315918,1.5577713251113892,1.7716490030288696,2.345564126968384,39.98012721698615,4.8992860094674695,-3.927980899810791,1672,26,49,1,NOMINAL_OUTSIDE_CERTIFIED_SET,124.83231353759766,OUTBOUND,-34.81055450439453,-0.46494564380027165,
0,41.66011428833008,1.5582364797592163,11.693745613098145,10.628405570983887,40.002752742992016,4.8870136204339305,-3.8739211559295654,1673,26,50,1,NOMINAL_OUTSIDE_CERTIFIED_SET,58.0882453918457,OUTBOUND,-35.51282501220703,-0.5033358121120577,
0,41.88154220581055,1.558701753616333,11.54364013671875,10.642626762390137,40.02739004898467,4.874737401298551,-3.916642904281616,1674,26,51,1,NOMINAL_OUTSIDE_CERTIFIED_SET,40.33072280883789,OUTBOUND,-35.644588470458984,-0.514248854485513,
0,41.96144485473633,1.5591689348220825,1.1781892776489258,1.5273463726043701,40.05201657599537,4.862463372989148,-3.950709819793701,1675,26,52,1,NOMINAL_OUTSIDE_CERTIFIED_SET,39.195613861083984,OUTBOUND,-35.77672576904297,-0.5043369173021329,
0,42.111839294433594,1.559634804725647,11.5802640914917,10.91149616241455,40.0687294479867,4.850198398464455,-3.8936147689819336,1676,26,53,1,NOMINAL_OUTSIDE_CERTIFIED_SET,24.739580154418945,OUTBOUND,-35.870574951171875,-0.47930299281220196,
0,42.32939147949219,1.5601032972335815,11.763506889343262,11.062684059143066,40.087328777008224,4.837947916845203,-3.9680936336517334,1677,26,54,1,NOMINAL_OUTSIDE_CERTIFIED_SET,53.52586364746094,OUTBOUND,-36.1748161315918,-0.4439405793191666,
0,42.358123779296875,1.5605738162994385,11.500239372253418,10.650473594665527,40.10524916899158,4.825715868473513,-3.9584133625030518,1678,26,55,1,NOMINAL_OUTSIDE_CERTIFIED_SET,60.8861198425293,OUTBOUND,-36.27458190917969,-0.40219015789110296,
0,42.05900192260742,1.5610460042953491,0.7640984654426575,1.0855296850204468,40.12642395400326,4.81350541480923,-3.958467483520508,1679,26,56,1,NOMINAL_OUTSIDE_CERTIFIED_SET,20.199670791625977,OUTBOUND,-36.06169128417969,-0.35721121393575084,
0,42.431663513183594,1.5615208148956299,0.7525861263275146,0.9727773070335388,40.14240991498809,4.8013189916663075,-3.9775967597961426,1680,26,57,1,NOMINAL_OUTSIDE_CERTIFIED_SET,21.49382209777832,OUTBOUND,-36.18831253051758,-0.31146517073681756,
0,41.96329116821289,1.5619975328445435,11.461209297180176,10.686580657958984,40.16201041598106,4.789157502275326,-3.970294952392578,1681,26,58,1,NOMINAL_OUTSIDE_CERTIFIED_SET,31.16869354248047,OUTBOUND,-35.829654693603516,-0.26680382768821786,
0,42.34661865234375,1.5624769926071167,22.932497024536133,20.830659866333008,40.18220895100967,4.777020613579494,-3.9900312423706055,1682,26,59,1,NOMINAL_OUTSIDE_CERTIFIED_SET,94.88407135009766,OUTBOUND,-36.58259582519531,-0.2245584370271347,
0,41.369258880615234,1.5629504919052124,11.976264953613281,11.343132972717285,40.19959140699939,4.764907071873974,-3.8221068382263184,1683,26,60,1,NOMINAL_OUTSIDE_CERTIFIED_SET,21.995866775512695,OUTBOUND,-35.531436920166016,-0.18562565202293516,
1,42.027122497558594,1.5634232759475708,11.772744178771973,10.907608032226562,40.224326822004514,4.7528165635135915,-3.9151477813720703,1684,26,61,0,,20.095191955566406,OUTBOUND,-36.07303237915039,-0.1761077676125634,
0,41.34711456298828,1.563896894454956,33.18035125732422,30.57376480102539,40.24660190398572,4.740699993656204,-3.9415035247802734,1685,26,62,1,NOMINAL_OUTSIDE_CERTIFIED_SET,55.060054779052734,OUTBOUND,-35.393463134765625,-0.16307348424934362,
0,41.40534591674805,1.5643730163574219,12.207598686218262,11.638812065124512,40.26627746099257,4.7286138582205,-3.9787075519561768,1686,26,63,1,NOMINAL_OUTSIDE_CERTIFIED_SET,66.79915618896484,FAILURE,-35.34284210205078,-0.12237624526987972,
1,42.019840240478516,1.5648518800735474,12.19344711303711,11.291833877563477,40.416904824989615,5.487987854711635,-3.9857187271118164,1687,27,1,0,,67.43367767333984,OUTBOUND,-35.74034118652344,-0.03188180172306731,
0,42.00282287597656,1.5653367042541504,11.759672164916992,10.544733047485352,40.43955120598548,5.475928952570637,-4.057232856750488,1688,27,2,1,NOMINAL_OUTSIDE_CERTIFIED_SET,65.60231018066406,OUTBOUND,-35.80663299560547,-0.04724505849044756,
0,42.03117370605469,1.565820574760437,1.511320948600769,1.7254023551940918,40.45741119800368,5.46384192641942,-3.9310269355773926,1689,27,3,1,NOMINAL_OUTSIDE_CERTIFIED_SET,95.83041381835938,OUTBOUND,-35.612422943115234,-0.036557632400690286,
0,42.7696418762207,1.566299319267273,0.9528589844703674,0.9362943172454834,40.4754163659818,5.451725350969347,-3.8470726013183594,1690,27,4,1,NOMINAL_OUTSIDE_CERTIFIED_SET,74.27386474609375,OUTBOUND,-36.43369674682617,-0.030937500001146822,
0,41.94490051269531,1.5667777061462402,12.179248809814453,11.776128768920898,40.49782653700095,5.439577943330091,-3.9290003776550293,1691,27,5,1,NOMINAL_OUTSIDE_CERTIFIED_SET,10.557132720947266,OUTBOUND,-35.62541198730469,-0.032056398799473,
1,43.53654098510742,1.5672556161880493,0.6530451774597168,0.7355887293815613,40.51600842399057,5.427407972929755,-3.9247829914093018,1692,27,6,0,,46.27061080932617,OUTBOUND,-37.21174621582031,-0.02737363568358422,
0,43.251792907714844,1.5677369832992554,12.636053085327148,11.97714900970459,40.53572270498262,5.415249158072906,-4.005260467529297,1693,27,7,1,NOMINAL_OUTSIDE_CERTIFIED_SET,103.1460189819336,OUTBOUND,-37.103370666503906,-0.027094265424053732,
0,42.76546859741211,1.5682181119918823,12.415668487548828,11.60905933380127,40.56262728400179,5.403055269739569,-3.9361133575439453,1694,27,8,1,NOMINAL_OUTSIDE_CERTIFIED_SET,98.73909759521484,OUTBOUND,-36.891807556152344,-0.048943826894089416,
1,43.19002151489258,1.5687000751495361,0.8666611909866333,1.0124636888504028,40.58726985999965,5.3908554074053034,-3.958141565322876,1695,27,9,0,,52.77693557739258,OUTBOUND,-37.28506088256836,-0.08219343096893442,
0,42.59912872314453,1.5691790580749512,12.332067489624023,11.437256813049316,40.60431763800443,5.378630859082431,-3.8805348873138428,1696,27,10,1,NOMINAL_OUTSIDE_CERTIFIED_SET,53.599647521972656,OUTBOUND,-36.771331787109375,-0.11633579944261097,
0,42.23403549194336,1.5696581602096558,34.61391830444336,31.7254638671875,40.620246428006794,5.366379061818602,-3.9408390522003174,1697,27,11,1,NOMINAL_OUTSIDE_CERTIFIED_SET,123.15520477294922,OUTBOUND,-36.52055358886719,-0.151912132405857,
0,41.84444808959961,1.5701382160186768,1.3019620180130005,1.951123595237732,40.63614636199782,5.35411780223287,-3.9524598121643066,1698,27,12,1,NOMINAL_OUTSIDE_CERTIFIED_SET,97.22367858886719,OUTBOUND,-35.86234664916992,-0.19017656770572855,
0,41.644412994384766,1.5706202983856201,12.305832862854004,12.086669921875,40.65486873098416,5.341846053872588,-3.979661703109741,1699,27,13,1,NOMINAL_OUTSIDE_CERTIFIED_SET,90.55265808105469,OUTBOUND,-35.5186653137207,-0.22204484143693481,
0,41.98477554321289,1.5711004734039307,12.052369117736816,11.089200019836426,40.77750706599909,5.329553777621469,-3.9021711349487305,1700,27,14,1,INSUFFICIENT_RECOVERY_RESERVE,84.68721008300781,OUTBOUND,-35.861351013183594,-0.23630426868888404,
1,42.674224853515625,1.5715829133987427,11.938983917236328,10.822593688964844,40.79525845500757,5.317292022283471,-3.981060266494751,1701,27,15,0,,72.06221008300781,OUTBOUND,-36.345855712890625,-0.2629641805573793,
0,41.446353912353516,1.5720621347427368,45.3752326965332,42.4385986328125,40.8125180650095,5.304996825784968,-3.8781745433807373,1702,27,16,1,NOMINAL_OUTSIDE_CERTIFIED_SET,96.81507873535156,OUTBOUND,-35.352874755859375,-0.31027321131749686,
0,42.86228942871094,1.5725398063659668,11.7465181350708,10.608487129211426,40.82643724200898,5.292688875747883,-3.9039793014526367,1703,27,17,1,INSUFFICIENT_RECOVERY_RESERVE,54.4192008972168,OUTBOUND,-36.703330993652344,-0.32516473760336106,
0,42.438011169433594,1.5730164051055908,12.271774291992188,11.316720008850098,40.845071107993135,5.2803952701836705,-3.9090912342071533,1704,27,18,1,NOMINAL_OUTSIDE_CERTIFIED_SET,58.97917556762695,OUTBOUND,-36.238853454589844,-0.3410514701684642,
0,42.8089599609375,1.5734920501708984,1.1820358037948608,1.2045388221740723,40.860670306981774,5.2680857477388825,-3.911306381225586,1705,27,19,1,INSUFFICIENT_RECOVERY_RESERVE,88.62554931640625,OUTBOUND,-36.36971664428711,-0.3567345811423438,
0,42.71574401855469,1.5739694833755493,11.946398735046387,11.246756553649902,40.88275376800448,5.255792155161549,-3.9635109901428223,1706,27,20,1,NOMINAL_OUTSIDE_CERTIFIED_SET,8.925422668457031,OUTBOUND,-36.3484001159668,-0.3730684824866622,
0,41.6347770690918,1.5744487047195435,24.219194412231445,22.81447982788086,40.90337051899405,5.243479704484326,-3.9641294479370117,1707,27,21,1,INSUFFICIENT_RECOVERY_RESERVE,22.908048629760742,OUTBOUND,-35.37604904174805,-0.3888009103154332,
0,43.00153732299805,1.5749303102493286,0.7921802997589111,1.09634268283844,40.91855477599893,5.231200395858396,-3.97890043258667,1708,27,22,1,INSUFFICIENT_RECOVERY_RESERVE,16.784757614135742,OUTBOUND,-36.720947265625,-0.3626223864689351,
0,43.202659606933594,1.5754084587097168,0.5708260536193848,0.7592615485191345,40.93699756800197,5.218931647775153,-3.8702876567840576,1709,27,23,1,NOMINAL_OUTSIDE_CERTIFIED_SET,14.689593315124512,OUTBOUND,-37.046749114990234,-0.3774645098314988,
0,43.789024353027344,1.5758885145187378,0.714046061038971,0.8241242170333862,40.9513869129878,5.2066389883839275,-3.968376398086548,1710,27,24,1,INSUFFICIENT_RECOVERY_RESERVE,48.575035095214844,OUTBOUND,-37.66506576538086,-0.3916966742691624,
0,43.9805908203125,1.5763678550720215,1.0195560455322266,1.1802968978881836,41.08308205800131,5.194359578494213,-3.92044734954834,1711,27,25,1,NOMINAL_OUTSIDE_CERTIFIED_SET,61.854251861572266,OUTBOUND,-37.89728546142578,-0.4064210965266283,
0,43.58125686645508,1.5768518447875977,12.273578643798828,10.980198860168457,41.097078394988785,5.182054370985223,-4.025392532348633,1712,27,26,1,INSUFFICIENT_RECOVERY_RESERVE,90.38924407958984,OUTBOUND,-37.62686538696289,-0.4203215521119834,
0,43.224143981933594,1.5773370265960693,24.021146774291992,21.83529281616211,41.11806501899264,5.169788538821369,-3.9635143280029297,1713,27,27,1,NOMINAL_OUTSIDE_CERTIFIED_SET,125.16162109375,OUTBOUND,-37.44713592529297,-0.42050219490950896,
0,42.399654388427734,1.577822208404541,12.384998321533203,11.605640411376953,41.137654685997404,5.157510591857729,-3.9442598819732666,1714,27,28,1,NOMINAL_OUTSIDE_CERTIFIED_SET,19.603046417236328,OUTBOUND,-36.60281753540039,-0.44498462769755515,
0,42.82684326171875,1.578310489654541,12.107276916503906,11.131843566894531,41.15360070098541,5.145209062069836,-4.004471302032471,1715,27,29,1,INSUFFICIENT_RECOVERY_RESERVE,22.800434112548828,OUTBOUND,-36.91182327270508,-0.4328002636853786,
0,42.24219512939453,1.5787993669509888,12.282510757446289,11.535994529724121,41.17024784500245,5.132922283664501,-3.95992112159729,1716,27,30,1,NOMINAL_OUTSIDE_CERTIFIED_SET,70.70991516113281,OUTBOUND,-36.25157165527344,-0.4464076921496781,
0,42.5952262878418,1.5792906284332275,12.721891403198242,12.149526596069336,41.188040899985936,5.1206113632118555,-3.9992940425872803,1717,27,31,1,INSUFFICIENT_RECOVERY_RESERVE,71.8438949584961,OUTBOUND,-36.39980697631836,-0.458997818159356,
0,42.18628692626953,1.579781413078308,23.45150375366211,21.788936614990234,41.20377012700192,5.108317206733235,-3.9447269439697266,1718,27,32,1,NOMINAL_OUTSIDE_CERTIFIED_SET,37.297454833984375,OUTBOUND,-35.85715103149414,-0.471509458943563,
0,44.02298355102539,1.5802723169326782,0.9377046227455139,0.7261307239532471,41.220494412991684,5.0959982447270225,-3.95378041267395,1719,27,33,1,INSUFFICIENT_RECOVERY_RESERVE,83.0552749633789,OUTBOUND,-37.72144317626953,-0.48302822033711007,
0,42.86032485961914,1.580763339996338,12.649599075317383,11.868483543395996,41.23289578099502,5.083713084990413,-3.958317279815674,1720,27,34,1,INSUFFICIENT_RECOVERY_RESERVE,58.046226501464844,OUTBOUND,-36.41904830932617,-0.43990740957516977,
1,42.85915756225586,1.5812565088272095,1.3142125606536865,1.387669563293457,41.254183062992524,5.0714540902881025,-3.993661642074585,1721,27,35,0,,88.06259155273438,OUTBOUND,-36.38241958618164,-0.39579981897528377,
1,44.28644561767578,1.5817475318908691,0.5790417194366455,0.79976886510849,41.26961785100866,5.059205633375963,-3.9170408248901367,1722,27,36,0,,19.998323440551758,OUTBOUND,-37.88934326171875,-0.38580402599928537,
0,44.11601257324219,1.5822359323501587,0.6851165890693665,0.9928319454193115,41.28878233899013,5.046924402824918,-3.90006685256958,1723,27,37,1,NOMINAL_OUTSIDE_CERTIFIED_SET,44.449790954589844,OUTBOUND,-37.881988525390625,-0.43481377591034726,
0,44.370792388916016,1.5827245712280273,25.30570411682129,23.444795608520508,41.30316762498114,5.03462933959963,-3.952031373977661,1724,27,38,1,INSUFFICIENT_RECOVERY_RESERVE,184.8607940673828,OUTBOUND,-38.25613021850586,-0.4493938729248934,
0,44.25352096557617,1.5832120180130005,0.9538030624389648,1.1270356178283691,41.323502926999936,5.022346475485645,-3.922670602798462,1725,27,39,1,NOMINAL_OUTSIDE_CERTIFIED_SET,77.64173889160156,OUTBOUND,-38.226993560791016,-0.4633920436350986,
0,44.609954833984375,1.583699107170105,0.9660012125968933,0.6561408042907715,41.33739453900489,5.010047283066406,-3.940523386001587,1726,27,40,1,INSUFFICIENT_RECOVERY_RESERVE,87.24397277832031,OUTBOUND,-38.710777282714844,-0.4760598256095866,
0,43.65576934814453,1.5841864347457886,12.939352035522461,11.809355735778809,41.35668597498443,4.997762678685645,-3.9483635425567627,1727,27,41,1,NOMINAL_OUTSIDE_CERTIFIED_SET,74.90157318115234,OUTBOUND,-37.82056427001953,-0.48786185336703336,
1,43.17607498168945,1.5846761465072632,12.672828674316406,12.118141174316406,41.478330885991454,4.985464587210071,-3.990692138671875,1728,27,42,0,,38.434181213378906,OUTBOUND,-37.49078369140625,-0.5038044897631228,
0,43.128990173339844,1.5851622819900513,1.034258484840393,1.6675516366958618,41.49792210099986,4.973169239879269,-3.877769708633423,1729,27,43,1,NOMINAL_OUTSIDE_CERTIFIED_SET,76.70323181152344,OUTBOUND,-37.29259490966797,-0.4987777615118103,
1,43.32426071166992,1.5856496095657349,1.1000995635986328,1.3318665027618408,41.513123335986165,4.960870048611254,-3.962858200073242,1730,27,44,0,,97.43917083740234,OUTBOUND,-37.02650833129883,-0.5285435220160475,
0,43.754024505615234,1.5861362218856812,1.0130032300949097,0.9112997651100159,41.529746369982604,4.94853747984244,-3.932741641998291,1731,27,45,1,INSUFFICIENT_RECOVERY_RESERVE,81.4045639038086,OUTBOUND,-37.304595947265625,-0.5187089777718695,
0,43.55173110961914,1.586622953414917,1.0849518775939941,0.8788362145423889,41.54760190699017,4.93624008307942,-3.942626953125,1732,27,46,1,INSUFFICIENT_RECOVERY_RESERVE,69.46087646484375,OUTBOUND,-37.037933349609375,-0.46971040672132,
0,44.28651809692383,1.587110996246338,0.6115835309028625,0.5212398767471313,41.566536790982354,4.9239543579462035,-3.967102289199829,1733,27,47,1,NOMINAL_OUTSIDE_CERTIFIED_SET,41.4376106262207,OUTBOUND,-37.930259704589844,-0.4831002044610742,
0,44.10435485839844,1.5876017808914185,0.543753445148468,0.574084460735321,41.58325914200395,4.911656461474328,-3.9991819858551025,1734,27,48,1,INSUFFICIENT_RECOVERY_RESERVE,33.59542465209961,OUTBOUND,-37.754539489746094,-0.4951274681016142,
0,44.13041305541992,1.5880895853042603,0.7110925912857056,0.9486052393913269,41.59970155500923,4.899380293416068,-3.8890531063079834,1735,27,49,1,NOMINAL_OUTSIDE_CERTIFIED_SET,33.5296745300293,OUTBOUND,-37.84840393066406,-0.5017445174647666,
0,45.38313293457031,1.5885783433914185,0.7454295754432678,0.7380963563919067,41.61989265700686,4.887094954588141,-3.962803363800049,1736,27,50,1,NOMINAL_OUTSIDE_CERTIFIED_SET,85.3933334350586,OUTBOUND,-39.19430160522461,-0.5472905206722257,
0,44.14263153076172,1.5890663862228394,26.05219268798828,24.296541213989258,41.63966498998343,4.874798980083102,-3.9307851791381836,1737,27,51,1,NO_GENERATOR_SET,157.1966552734375,OUTBOUND,-38.02925109863281,-0.5618564851396081,
0,43.982173919677734,1.5895514488220215,25.632909774780273,23.638463973999023,41.664663287985604,4.862499297040352,-3.8851845264434814,1738,27,52,1,NO_GENERATOR_SET,141.80064392089844,OUTBOUND,-38.09425354003906,-0.5528939018249104,
0,44.08393096923828,1.5900375843048096,0.5266335606575012,0.725023627281189,41.68918146198848,4.8502032234335015,-3.955669403076172,1739,27,53,1,NOMINAL_OUTSIDE_CERTIFIED_SET,34.99617385864258,OUTBOUND,-38.04190444946289,-0.5267925140242867,
0,43.83107376098633,1.5905247926712036,0.5396924018859863,0.9442612528800964,41.71605268199346,4.837919293396005,-3.962419033050537,1740,27,54,1,NOMINAL_OUTSIDE_CERTIFIED_SET,60.79384231567383,OUTBOUND,-37.79572296142578,-0.4889228306576055,
0,42.58812713623047,1.5910125970840454,37.11512756347656,34.77617263793945,41.84138241398614,4.825654444795089,-3.9505484104156494,1741,27,55,1,NOMINAL_OUTSIDE_CERTIFIED_SET,75.27208709716797,OUTBOUND,-36.76247787475586,-0.44370009299061175,
0,43.36375045776367,1.5914971828460693,12.438752174377441,11.859355926513672,41.860093549999874,4.813413633316024,-3.8777079582214355,1742,27,56,1,NOMINAL_OUTSIDE_CERTIFIED_SET,54.85484313964844,OUTBOUND,-37.31947326660156,-0.39466621160025267,
0,44.09149932861328,1.5919818878173828,1.1037909984588623,1.1635903120040894,41.881222789990716,4.801199826834071,-3.9370734691619873,1743,27,57,1,NOMINAL_OUTSIDE_CERTIFIED_SET,117.36775207519531,OUTBOUND,-37.81604766845703,-0.34458367667104506,
0,43.79659652709961,1.592468500137329,36.43447494506836,34.23680877685547,41.903321521007456,4.78901422366489,-3.972733497619629,1744,27,58,1,NOMINAL_OUTSIDE_CERTIFIED_SET,62.72919845581055,OUTBOUND,-37.633766174316406,-0.2955350863372319,
0,42.64325714111328,1.592956781387329,24.804994583129883,23.34379005432129,41.92447691698908,4.776856579846679,-3.970245361328125,1745,27,59,1,NOMINAL_OUTSIDE_CERTIFIED_SET,54.06941604614258,OUTBOUND,-36.33842468261719,-0.249022882319476,
1,42.842620849609375,1.5934430360794067,13.668365478515625,12.690526008605957,41.941603954997845,4.7647178104939085,-3.90370512008667,1746,27,60,0,,96.94730377197266,OUTBOUND,-36.502716064453125,-0.19950663873501723,
1,44.03824996948242,1.593932867050171,1.3413009643554688,0.8132153749465942,41.96543213198311,4.752608019983568,-4.003868103027344,1747,27,61,0,,111.242431640625,OUTBOUND,-37.55455017089844,-0.155935706323441,
0,44.219451904296875,1.5944262742996216,12.725404739379883,11.90517807006836,41.98077627798193,4.740526890237691,-4.017378807067871,1748,27,62,1,NOMINAL_OUTSIDE_CERTIFIED_SET,32.81227111816406,OUTBOUND,-37.88701248168945,-0.12503370123486732,
1,44.67144775390625,1.5949196815490723,12.564530372619629,11.73592472076416,41.9988871429814,4.728449933425416,-3.9483444690704346,1749,27,63,0,,33.13987731933594,OUTBOUND,-38.33970260620117,-0.13508669248657684,
0,45.02983856201172,1.595414161682129,24.60056495666504,22.9189510345459,42.014585046999855,4.71633843958652,-3.971306800842285,1750,27,64,1,NOMINAL_OUTSIDE_CERTIFIED_SET,112.5930404663086,OUTBOUND,-38.8594970703125,-0.13800499793916343,
0,43.8331298828125,1.5959099531173706,36.810604095458984,34.05910110473633,42.032874908996746,4.704259578388761,-3.979431629180908,1751,27,65,1,NOMINAL_OUTSIDE_CERTIFIED_SET,134.67855834960938,FAILURE,-37.78512191772461,-0.0987617765361954,
0,44.59722900390625,1.5964041948318481,13.065794944763184,12.102357864379883,42.161593930999516,5.4879676,-3.9220054149627686,1752,28,1,1,NOMINAL_OUTSIDE_CERTIFIED_SET,30.728404998779297,OUTBOUND,-38.648033142089844,-0.01020132358994201,
0,44.26066970825195,1.596895694732666,0.7456502914428711,1.041124939918518,42.180636446981225,5.4758992,-3.9007115364074707,1753,28,2,1,NOMINAL_OUTSIDE_CERTIFIED_SET,55.117557525634766,OUTBOUND,-38.34614562988281,-0.01133557945106046,
1,43.78371047973633,1.5973836183547974,24.511817932128906,22.466642379760742,42.201567882992094,5.463809349821348,-3.8726656436920166,1754,28,3,0,,45.27180862426758,OUTBOUND,-37.70177459716797,-0.03375778699544648,
0,44.25395202636719,1.5978708267211914,12.582368850708008,11.825308799743652,42.21832658498897,5.451694941255522,-3.925079345703125,1755,28,4,1,NOMINAL_OUTSIDE_CERTIFIED_SET,53.75704574584961,OUTBOUND,-38.1400260925293,-0.05101410347121719,
1,43.678504943847656,1.598358392715454,24.51719856262207,22.49653434753418,42.24246392099303,5.439581243755275,-3.9439756870269775,1756,28,5,0,,26.843124389648438,OUTBOUND,-37.54217529296875,-0.04621595230037953,
0,43.50849151611328,1.5988444089889526,24.796653747558594,22.897876739501953,42.25954531499883,5.427445360112212,-3.9062929153442383,1757,28,6,1,NOMINAL_OUTSIDE_CERTIFIED_SET,25.33710479736328,OUTBOUND,-37.271793365478516,-0.04453788526058535,
0,43.6312255859375,1.5993269681930542,24.471529006958008,22.558971405029297,42.27850962599041,5.41528182524273,-3.8678524494171143,1758,28,7,1,NOMINAL_OUTSIDE_CERTIFIED_SET,23.52631950378418,OUTBOUND,-37.54347229003906,-0.0501433388938437,
0,44.356666564941406,1.599810242652893,13.260713577270508,12.122730255126953,42.3009864249907,5.403088932027046,-3.9399209022521973,1759,28,8,1,NOMINAL_OUTSIDE_CERTIFIED_SET,59.75840759277344,OUTBOUND,-38.0131950378418,-0.0644714298104803,
0,44.420310974121094,1.6002931594848633,12.7098970413208,11.48890495300293,42.320212179998634,5.39086518632105,-3.919159412384033,1760,28,9,1,NOMINAL_OUTSIDE_CERTIFIED_SET,62.813289642333984,OUTBOUND,-38.112762451171875,-0.0889116721104901,
0,44.626346588134766,1.600782036781311,1.4037506580352783,1.5833749771118164,42.34121764998417,5.378605589948582,-4.044435024261475,1761,28,10,1,NOMINAL_OUTSIDE_CERTIFIED_SET,90.2452392578125,OUTBOUND,-38.12389373779297,-0.12455724271456081,
0,44.88185501098633,1.601272702217102,1.1169211864471436,1.3720202445983887,42.36495096600265,5.366329835909225,-3.9730453491210938,1762,28,11,1,NOMINAL_OUTSIDE_CERTIFIED_SET,60.40486526489258,OUTBOUND,-38.469608306884766,-0.16692452248711706,
1,44.86959457397461,1.6017645597457886,24.671892166137695,22.61124610900879,42.386793919984484,5.354020078094984,-3.9639530181884766,1763,28,12,0,,101.10757446289062,OUTBOUND,-38.54129409790039,-0.18617858938158202,
0,44.8165283203125,1.6022536754608154,13.126858711242676,12.317033767700195,42.40734196198173,5.341748929586786,-3.890672206878662,1764,28,13,1,NOMINAL_OUTSIDE_CERTIFIED_SET,51.476715087890625,OUTBOUND,-38.71455764770508,-0.19826973539122533,
0,44.57704544067383,1.6027429103851318,25.615549087524414,23.191587448120117,42.42765507099102,5.329447040309843,-3.9387779235839844,1765,28,14,1,NOMINAL_OUTSIDE_CERTIFIED_SET,100.89908599853516,OUTBOUND,-38.49365234375,-0.24542450350682166,
0,44.93773651123047,1.6032354831695557,13.350835800170898,12.61596393585205,42.44006219698349,5.3171240767412264,-4.003939628601074,1766,28,15,1,INSUFFICIENT_RECOVERY_RESERVE,55.38075256347656,OUTBOUND,-39.00028991699219,-0.2775762554801791,
0,44.57754898071289,1.6037309169769287,25.120420455932617,22.347761154174805,42.45242025499465,5.304835340045312,-4.000397682189941,1767,28,16,1,INSUFFICIENT_RECOVERY_RESERVE,85.17681121826172,OUTBOUND,-38.69358825683594,-0.2718298050021197,
1,44.327064514160156,1.6042251586914062,12.79845142364502,12.055192947387695,42.470435764000285,5.292582537524357,-3.923543691635132,1768,28,17,0,,33.107574462890625,OUTBOUND,-38.304832458496094,-0.26323787492458256,
0,44.121150970458984,1.6047195196151733,13.107568740844727,12.363639831542969,42.599908859003335,5.280312280741267,-3.953181505203247,1769,28,18,1,NOMINAL_OUTSIDE_CERTIFIED_SET,75.29969024658203,OUTBOUND,-38.09635543823242,-0.29006175480068247,
0,44.849510192871094,1.6052172183990479,1.4076194763183594,2.104804039001465,42.61895216698758,5.268012620108302,-4.008980751037598,1770,28,19,1,NOMINAL_OUTSIDE_CERTIFIED_SET,132.61886596679688,OUTBOUND,-38.51025390625,-0.35532265217440107,
0,44.442771911621094,1.6057149171829224,1.7527024745941162,2.6003239154815674,42.63737959798891,5.25569340908087,-3.954376220703125,1771,28,20,1,INSUFFICIENT_RECOVERY_RESERVE,131.98312377929688,OUTBOUND,-37.97223663330078,-0.3785539388441975,
0,44.21817398071289,1.6062124967575073,1.9420373439788818,2.546555519104004,42.651753469981486,5.243408043691243,-3.9490199089050293,1772,28,21,1,INSUFFICIENT_RECOVERY_RESERVE,134.39585876464844,OUTBOUND,-37.66815185546875,-0.3548100559922281,
0,45.1861572265625,1.6067076921463013,24.30415916442871,22.18416976928711,42.66775753899128,5.231134200263022,-3.9073238372802734,1773,28,22,1,NOMINAL_OUTSIDE_CERTIFIED_SET,58.944366455078125,OUTBOUND,-38.86229705810547,-0.37468400255900536,
0,45.55019760131836,1.6072041988372803,1.1948996782302856,1.6301243305206299,42.68313400700572,5.2188401076199105,-3.971019744873047,1774,28,23,1,INSUFFICIENT_RECOVERY_RESERVE,49.56815719604492,OUTBOUND,-39.087486267089844,-0.39310550327600974,
1,44.88737106323242,1.6077018976211548,13.31802749633789,12.979081153869629,42.70325017700088,5.206590127267863,-3.9746439456939697,1775,28,24,0,,40.99930953979492,OUTBOUND,-38.60839080810547,-0.3826374473412792,
0,45.69622039794922,1.6082004308700562,1.3613799810409546,2.218257188796997,42.7188470819965,5.1942972002843435,-3.967958450317383,1776,28,25,1,NOMINAL_OUTSIDE_CERTIFIED_SET,60.318382263183594,OUTBOUND,-39.61173629760742,-0.4213592701463082,
0,45.77778625488281,1.6086976528167725,13.01891803741455,11.917930603027344,42.73146793799242,5.1819871598062575,-3.9276561737060547,1777,28,26,1,INSUFFICIENT_RECOVERY_RESERVE,99.52955627441406,OUTBOUND,-39.82257843017578,-0.4376290026875485,
0,45.89429473876953,1.6091914176940918,13.080324172973633,11.852155685424805,42.74806376599008,5.169719755692572,-3.8822240829467773,1778,28,27,1,NOMINAL_OUTSIDE_CERTIFIED_SET,85.25695037841797,OUTBOUND,-39.96005630493164,-0.4365497056793137,
0,44.93949508666992,1.6096848249435425,1.0239825248718262,1.9500548839569092,42.769107092986815,5.157446964252832,-3.936330556869507,1779,28,28,1,NOMINAL_OUTSIDE_CERTIFIED_SET,42.634490966796875,OUTBOUND,-38.78468322753906,-0.4599563986898099,
0,44.58528518676758,1.610177755355835,25.624454498291016,23.227245330810547,42.788006155984476,5.145150170172306,-3.9328646659851074,1780,28,29,1,INSUFFICIENT_RECOVERY_RESERVE,71.07838439941406,OUTBOUND,-38.659122467041016,-0.4457979984093039,
0,44.93132019042969,1.610669493675232,25.028257369995117,22.010847091674805,42.80692649399862,5.132867484833054,-3.9183874130249023,1781,28,30,1,NOMINAL_OUTSIDE_CERTIFIED_SET,61.061988830566406,OUTBOUND,-39.081260681152344,-0.45892817584435414,
0,44.34868621826172,1.6111648082733154,36.537532806396484,32.566532135009766,42.928693093999755,5.120558839759503,-4.00979471206665,1782,28,31,1,INSUFFICIENT_RECOVERY_RESERVE,53.85825729370117,OUTBOUND,-38.316104888916016,-0.47102265822654793,
0,44.09587478637695,1.6116611957550049,13.753666877746582,13.466917991638184,42.94636172198807,5.108266614201532,-3.9629721641540527,1783,28,32,1,NOMINAL_OUTSIDE_CERTIFIED_SET,125.3152084350586,OUTBOUND,-38.123138427734375,-0.48268456177328317,
0,43.845481872558594,1.6121561527252197,3.2641725540161133,4.3013458251953125,42.95835390800494,5.0959481664500235,-3.920548915863037,1784,28,33,1,INSUFFICIENT_RECOVERY_RESERVE,192.10267639160156,OUTBOUND,-37.548362731933594,-0.49341653376236744,
0,45.145477294921875,1.6126489639282227,13.386590957641602,11.756715774536133,42.97395318100462,5.083663461999894,-3.9028210639953613,1785,28,34,1,INSUFFICIENT_RECOVERY_RESERVE,102.68561553955078,OUTBOUND,-38.763404846191406,-0.44868624410091196,
1,44.10028839111328,1.6131421327590942,14.29910945892334,13.284656524658203,42.98932146598236,5.0714118470583704,-3.946722984313965,1786,28,35,0,,130.3382568359375,OUTBOUND,-37.53089141845703,-0.442428392246423,
0,44.198570251464844,1.6136335134506226,14.81889533996582,13.919529914855957,43.0071785269829,5.059106485653111,-3.9053452014923096,1787,28,36,1,NOMINAL_OUTSIDE_CERTIFIED_SET,123.46044921875,OUTBOUND,-37.49290466308594,-0.48824992726265365,
0,45.006256103515625,1.6141304969787598,1.9767143726348877,2.0292434692382812,43.026964513002895,5.04678593270458,-4.044583797454834,1788,28,37,1,INSUFFICIENT_RECOVERY_RESERVE,113.59046936035156,OUTBOUND,-38.210514068603516,-0.49494412369077145,
0,46.05646896362305,1.6146296262741089,1.2069110870361328,1.615955114364624,43.04883642800269,5.034481814730273,-3.9869384765625,1789,28,38,1,NOMINAL_OUTSIDE_CERTIFIED_SET,54.318275451660156,OUTBOUND,-39.27092361450195,-0.5020971480214602,
0,46.135643005371094,1.615126609802246,38.544769287109375,36.297183990478516,43.06795755398343,5.022160396001341,-3.910616159439087,1790,28,39,1,INSUFFICIENT_RECOVERY_RESERVE,212.47555541992188,OUTBOUND,-39.70088195800781,-0.5088712086355325,
0,46.78354263305664,1.6156255006790161,0.863075315952301,1.4606775045394897,43.089472360006766,5.0098566843776275,-3.9833590984344482,1791,28,40,1,NOMINAL_OUTSIDE_CERTIFIED_SET,108.93196105957031,OUTBOUND,-40.506324768066406,-0.5160578296852466,
0,45.90668869018555,1.6161195039749146,52.84553909301758,48.42670822143555,43.10206420000759,4.997533484623476,-3.8547582626342773,1792,28,41,1,INSUFFICIENT_RECOVERY_RESERVE,303.76458740234375,OUTBOUND,-39.63655090332031,-0.5228069598021985,
0,46.27602005004883,1.6166123151779175,1.2971739768981934,1.24070405960083,43.12027597098495,4.985256399721243,-3.917642116546631,1793,28,42,1,NOMINAL_OUTSIDE_CERTIFIED_SET,101.129638671875,OUTBOUND,-40.21956253051758,-0.5101136282651795,
0,46.2349853515625,1.6171070337295532,1.135711669921875,0.9922467470169067,43.23343524499796,4.972974351526599,-3.9734556674957275,1794,28,43,1,NOMINAL_OUTSIDE_CERTIFIED_SET,76.29839324951172,OUTBOUND,-40.321537017822266,-0.5242340188215594,
0,45.49544906616211,1.617599368095398,26.676097869873047,23.580059051513672,43.25604664898128,4.960673421556504,-3.8959929943084717,1795,28,44,1,INSUFFICIENT_RECOVERY_RESERVE,119.88800811767578,OUTBOUND,-39.57750701904297,-0.5003052066453598,
0,45.949825286865234,1.618093490600586,0.8039564490318298,1.1638171672821045,43.271130779990926,4.948387605618596,-3.969250440597534,1796,28,45,1,NOMINAL_OUTSIDE_CERTIFIED_SET,50.60385513305664,OUTBOUND,-39.82612609863281,-0.509129539024654,
0,45.449317932128906,1.618589162826538,0.8055941462516785,1.5870041847229004,43.285702799999854,4.936076841454336,-3.9685137271881104,1797,28,46,1,INSUFFICIENT_RECOVERY_RESERVE,76.89330291748047,OUTBOUND,-39.53323745727539,-0.5172450668032298,
1,46.08100128173828,1.6190879344940186,0.9296320080757141,1.4064691066741943,43.301068915985525,4.92380626271288,-4.002151966094971,1798,28,47,0,,81.98775482177734,OUTBOUND,-39.938026428222656,-0.48403826640154557,
0,45.07721710205078,1.6195857524871826,1.802247405052185,2.3278591632843018,43.32264025200857,4.911498916081179,-3.9313132762908936,1799,28,48,1,NOMINAL_OUTSIDE_CERTIFIED_SET,106.22711944580078,OUTBOUND,-38.72343444824219,-0.5079583713878731,
0,46.213802337646484,1.6200835704803467,1.1292953491210938,1.2080398797988892,43.34086125998874,4.8991702432014606,-3.9433579444885254,1800,28,49,1,INSUFFICIENT_RECOVERY_RESERVE,76.42613220214844,OUTBOUND,-39.62971496582031,-0.5136256338928414,
0,45.51020431518555,1.6205781698226929,25.77058219909668,24.229293823242188,43.360220845002914,4.886889854771234,-3.883556604385376,1801,28,50,1,NOMINAL_OUTSIDE_CERTIFIED_SET,46.439537048339844,OUTBOUND,-38.99547576904297,-0.49987443110932356,
0,46.0452880859375,1.6210737228393555,13.335009574890137,12.649106979370117,43.3759622790094,4.874607106113081,-3.9597527980804443,1802,28,51,1,NOMINAL_OUTSIDE_CERTIFIED_SET,44.53856658935547,OUTBOUND,-39.72005844116211,-0.5116137752680948,
0,46.26307678222656,1.6215697526931763,1.2934170961380005,1.362654685974121,43.39510025200434,4.862327892114162,-3.9458136558532715,1803,28,52,1,NOMINAL_OUTSIDE_CERTIFIED_SET,50.25968551635742,OUTBOUND,-39.89628601074219,-0.5023811985717385,
1,45.402732849121094,1.6220650672912598,13.841418266296387,13.505877494812012,43.41264324699296,4.85004738391936,-3.9294397830963135,1804,28,53,0,,31.159374237060547,OUTBOUND,-39.11882019042969,-0.4686190357769749,
0,46.328773498535156,1.6225632429122925,13.392134666442871,12.586040496826172,43.42828124499647,4.83780260653693,-3.994326114654541,1805,28,54,1,NOMINAL_OUTSIDE_CERTIFIED_SET,59.34972381591797,OUTBOUND,-40.05143737792969,-0.42713248090477773,
0,47.235103607177734,1.6230661869049072,0.564264178276062,0.4628099799156189,43.44196377499611,4.825577315111047,-4.0352678298950195,1806,28,55,1,NOMINAL_OUTSIDE_CERTIFIED_SET,19.305011749267578,OUTBOUND,-40.92277526855469,-0.39072597373008966,
1,46.76996612548828,1.623570442199707,14.110071182250977,13.108481407165527,43.45928062699386,4.813370443770877,-3.9795937538146973,1807,28,56,0,,63.15684127807617,OUTBOUND,-40.49974060058594,-0.3480753346039732,
0,46.18989181518555,1.6240742206573486,0.6575895547866821,1.050765872001648,43.47347914299462,4.801191296103059,-3.9468588829040527,1808,28,57,1,NOMINAL_OUTSIDE_CERTIFIED_SET,49.27338790893555,OUTBOUND,-39.89654541015625,-0.30436477413435575,
1,46.07658004760742,1.624575138092041,13.620070457458496,12.646309852600098,43.49040466599399,4.7890090506564995,-3.9002866744995117,1809,28,58,0,,39.652488708496094,OUTBOUND,-39.918373107910156,-0.24852216965186394,
1,45.177284240722656,1.6250745058059692,13.493185997009277,12.76718521118164,43.51252787798876,4.776860116471142,-3.9181246757507324,1810,28,59,0,,35.759029388427734,OUTBOUND,-38.872859954833984,-0.22800717463945436,
0,46.407535552978516,1.625571846961975,13.476921081542969,12.430849075317383,43.62800499200239,4.764717885525291,-3.9061827659606934,1811,28,60,1,NOMINAL_OUTSIDE_CERTIFIED_SET,23.440275192260742,OUTBOUND,-40.34436798095703,-0.21989348692106264,
0,46.075077056884766,1.6260682344436646,0.9456526041030884,1.2316844463348389,43.642173751984956,4.7526026630490215,-3.9238076210021973,1812,28,61,1,NOMINAL_OUTSIDE_CERTIFIED_SET,68.33348846435547,OUTBOUND,-39.65013885498047,-0.17710800639466426,
1,46.300167083740234,1.6265625953674316,13.163801193237305,12.123212814331055,43.658773053000914,4.740493317619814,-3.900556802749634,1813,28,62,0,,11.51410961151123,FAILURE,-39.913814544677734,-0.13518378275789983,
1,46.181312561035156,1.627054214477539,0.8670531511306763,0.7735214233398438,43.68138514898601,5.487991699866093,-3.8809902667999268,1814,29,1,0,,61.843345642089844,OUTBOUND,-39.82686996459961,-0.02451308696284607,
0,46.234352111816406,1.6275490522384644,26.352354049682617,24.85140609741211,43.705062356981216,5.475928815127099,-3.9934775829315186,1815,29,2,1,NOMINAL_OUTSIDE_CERTIFIED_SET,79.8252944946289,OUTBOUND,-39.82918167114258,-0.034866637342878634,
0,46.29339599609375,1.628046989440918,13.505261421203613,12.7872953414917,43.728142603999004,5.4638362819778274,-3.9933390617370605,1816,29,3,1,NOMINAL_OUTSIDE_CERTIFIED_SET,33.68018341064453,OUTBOUND,-40.035621643066406,-0.028799816294319314,
0,45.88349914550781,1.6285433769226074,39.33363723754883,37.11506652832031,43.74600098299561,5.451712959843183,-3.9122862815856934,1817,29,4,1,NOMINAL_OUTSIDE_CERTIFIED_SET,134.22425842285156,OUTBOUND,-39.7579345703125,-0.027548266870469795,
0,46.760047912597656,1.6290380954742432,12.721296310424805,11.559297561645508,43.77099311299389,5.439557819991455,-3.908390998840332,1818,29,5,1,NOMINAL_OUTSIDE_CERTIFIED_SET,17.323665618896484,OUTBOUND,-40.718406677246094,-0.032866311311642034,
0,45.71055603027344,1.6295369863510132,26.044984817504883,24.013917922973633,43.79940108399023,5.427369954264766,-4.011032581329346,1819,29,6,1,NOMINAL_OUTSIDE_CERTIFIED_SET,26.508304595947266,OUTBOUND,-39.54079055786133,-0.04644644375683827,
0,45.48185729980469,1.630036473274231,39.085723876953125,36.29035186767578,43.822352966002654,5.41514800569159,-3.955679178237915,1820,29,7,1,NOMINAL_OUTSIDE_CERTIFIED_SET,44.28348159790039,OUTBOUND,-39.36145782470703,-0.06984585843492351,
0,45.458946228027344,1.6305402517318726,13.74746036529541,13.309661865234375,43.837352286005626,5.402888284495265,-4.023199558258057,1821,29,8,1,NOMINAL_OUTSIDE_CERTIFIED_SET,110.86640930175781,OUTBOUND,-39.22274398803711,-0.10435990742066453,
0,44.64189529418945,1.6310442686080933,14.569080352783203,14.204463005065918,43.85214907198679,5.390604655640786,-3.958388566970825,1822,29,9,1,NOMINAL_OUTSIDE_CERTIFIED_SET,152.39111328125,OUTBOUND,-38.15922164916992,-0.14841102223934818,
0,45.640811920166016,1.6315468549728394,14.788393020629883,14.35525131225586,43.96309036598541,5.378290825103006,-3.920963764190674,1823,29,10,1,INSUFFICIENT_RECOVERY_RESERVE,127.63621520996094,OUTBOUND,-39.0252685546875,-0.18074868305258052,
0,46.346893310546875,1.6320462226867676,14.0676851272583,13.376639366149902,43.977487683005165,5.366025469682703,-3.8889670372009277,1824,29,11,1,NOMINAL_OUTSIDE_CERTIFIED_SET,71.02496337890625,OUTBOUND,-39.7387809753418,-0.20339649190040154,
0,46.299781799316406,1.6325459480285645,14.201851844787598,13.404608726501465,43.99888127599843,5.353752857730084,-3.947709560394287,1825,29,12,1,NOMINAL_OUTSIDE_CERTIFIED_SET,41.98816680908203,OUTBOUND,-39.68751907348633,-0.23195410255590948,
0,46.321266174316406,1.6330459117889404,26.24603271484375,24.17437744140625,44.01160464898567,5.34146651992851,-3.9477832317352295,1826,29,13,1,INSUFFICIENT_RECOVERY_RESERVE,67.19322967529297,OUTBOUND,-39.850704193115234,-0.24260803115016308,
0,47.2387809753418,1.6335437297821045,0.8920466899871826,1.2526966333389282,44.0285954909923,5.329192164012341,-3.901230573654175,1827,29,14,1,NOMINAL_OUTSIDE_CERTIFIED_SET,24.786632537841797,OUTBOUND,-40.63626480102539,-0.268928532631228,
0,45.147525787353516,1.634040355682373,40.173255920410156,37.84281921386719,44.0424186209857,5.316895489044323,-3.913759231567383,1828,29,15,1,INSUFFICIENT_RECOVERY_RESERVE,116.00466918945312,OUTBOUND,-38.81171417236328,-0.2940853228694837,
1,47.03392791748047,1.6345372200012207,14.264365196228027,13.510799407958984,44.05748831399251,5.3046147447279175,-3.942685604095459,1829,29,16,0,,76.87069702148438,OUTBOUND,-41.00799560546875,-0.29101507177083974,
0,47.11471939086914,1.635035514831543,0.8907603025436401,1.140840768814087,44.07665609399555,5.292346939020314,-3.961831569671631,1830,29,17,1,NOMINAL_OUTSIDE_CERTIFIED_SET,16.256179809570312,OUTBOUND,-40.745235443115234,-0.31642595742289875,
0,46.238800048828125,1.6355348825454712,14.244980812072754,13.585836410522461,44.10131357298815,5.2800492302032955,-3.95760440826416,1831,29,18,1,NOMINAL_OUTSIDE_CERTIFIED_SET,13.342777252197266,OUTBOUND,-39.97074890136719,-0.3691407130865983,
0,46.24638366699219,1.6360327005386353,1.0475307703018188,1.5717743635177612,44.11891328799538,5.267732389343382,-3.9109599590301514,1832,29,19,1,INSUFFICIENT_RECOVERY_RESERVE,54.97150421142578,OUTBOUND,-39.895057678222656,-0.38561954215447525,
0,45.883365631103516,1.6365314722061157,14.038880348205566,13.482085227966309,44.13813010099693,5.255449098696056,-3.9538474082946777,1833,29,20,1,INSUFFICIENT_RECOVERY_RESERVE,23.59959602355957,OUTBOUND,-39.62926483154297,-0.3598953773977868,
0,46.744171142578125,1.6370298862457275,14.111149787902832,13.161894798278809,44.15155773900915,5.243176602789687,-3.9328644275665283,1834,29,21,1,NOMINAL_OUTSIDE_CERTIFIED_SET,15.151169776916504,OUTBOUND,-40.53450393676758,-0.3749943316866318,
0,45.51801300048828,1.637526273727417,1.852986454963684,3.439265251159668,44.26968358500744,5.230886586935816,-3.897761821746826,1835,29,22,1,INSUFFICIENT_RECOVERY_RESERVE,97.0171127319336,OUTBOUND,-38.939857482910156,-0.3894591018786428,
0,47.101070404052734,1.638023018836975,26.592817306518555,24.166664123535156,44.28545908498927,5.2186093364638655,-3.940424919128418,1836,29,23,1,NOMINAL_OUTSIDE_CERTIFIED_SET,94.84154510498047,OUTBOUND,-40.75277328491211,-0.4041906945774823,
0,47.26444625854492,1.6385210752487183,26.518753051757812,23.980953216552734,44.30058707200806,5.206310324066312,-3.9570374488830566,1837,29,24,1,INSUFFICIENT_RECOVERY_RESERVE,97.1279067993164,OUTBOUND,-41.21339416503906,-0.4181153114424533,
0,47.126190185546875,1.639017939567566,0.8340514302253723,1.0453674793243408,44.31627438199939,5.194041922029669,-3.9158124923706055,1838,29,25,1,NOMINAL_OUTSIDE_CERTIFIED_SET,38.533199310302734,OUTBOUND,-40.91366195678711,-0.4239917740739755,
1,46.79520034790039,1.6395143270492554,1.1840730905532837,1.3496780395507812,44.33513307798421,5.181748508724001,-3.921020030975342,1839,29,26,0,,78.14591217041016,OUTBOUND,-40.443389892578125,-0.42829493328999885,
0,47.0062255859375,1.6400121450424194,1.0620453357696533,1.4351800680160522,44.357360217982205,5.169466463897351,-3.9613747596740723,1840,29,27,1,NOMINAL_OUTSIDE_CERTIFIED_SET,67.59146881103516,OUTBOUND,-40.479652404785156,-0.41870510661236515,
0,47.729190826416016,1.6405097246170044,0.8439422249794006,1.023413062095642,44.37329384000623,5.157167802204173,-3.9300622940063477,1841,29,28,1,INSUFFICIENT_RECOVERY_RESERVE,28.328462600708008,OUTBOUND,-41.2466926574707,-0.4105497950134064,
0,47.50691604614258,1.641008734703064,13.922187805175781,12.832171440124512,44.39480192400515,5.144882009287928,-3.9610435962677,1842,29,29,1,NOMINAL_OUTSIDE_CERTIFIED_SET,30.79201889038086,OUTBOUND,-41.10430908203125,-0.42776609435321034,
0,47.11414337158203,1.6415104866027832,1.111440658569336,1.6645148992538452,44.410321483999724,5.132577789840159,-3.986588954925537,1843,29,30,1,INSUFFICIENT_RECOVERY_RESERVE,36.155094146728516,OUTBOUND,-40.643043518066406,-0.4434066032245999,
0,46.83016586303711,1.6420128345489502,1.2345340251922607,1.7231030464172363,44.43261720598093,5.120288224189127,-3.953748941421509,1844,29,31,1,NOMINAL_OUTSIDE_CERTIFIED_SET,42.233642578125,OUTBOUND,-40.19103240966797,-0.4583116914219621,
0,47.31489944458008,1.642518162727356,14.516202926635742,13.815279006958008,44.44806080299895,5.107978495763886,-3.998326063156128,1845,29,32,1,INSUFFICIENT_RECOVERY_RESERVE,54.165245056152344,OUTBOUND,-40.86533737182617,-0.4718488303853895,
1,47.331722259521484,1.6430190801620483,28.58607292175293,26.40176773071289,44.47017832798883,5.095713669918792,-3.8633956909179688,1846,29,33,0,,139.2752685546875,OUTBOUND,-41.07920837402344,-0.44827270686161486,
0,47.701744079589844,1.6435182094573975,0.6512655019760132,0.7676448225975037,44.48558233998483,5.083401831029776,-3.906808853149414,1847,29,34,1,NOMINAL_OUTSIDE_CERTIFIED_SET,25.21778106689453,OUTBOUND,-41.36688995361328,-0.4841487834408305,
0,47.88300704956055,1.644012212753296,0.5732966065406799,0.7085830569267273,44.497881516988855,5.071073296434996,-3.836592674255371,1848,29,35,1,INSUFFICIENT_RECOVERY_RESERVE,9.893990516662598,OUTBOUND,-41.61848449707031,-0.4979665866303486,
0,46.586891174316406,1.6445060968399048,27.965126037597656,26.01099395751953,44.514311912003905,5.058779548743352,-3.922710418701172,1849,29,36,1,INSUFFICIENT_RECOVERY_RESERVE,59.56352996826172,OUTBOUND,-40.41621780395508,-0.45256570742185603,
0,47.46778869628906,1.6450039148330688,0.9980075359344482,1.3872742652893066,44.52951748398482,5.046497704016939,-3.9979300498962402,1850,29,37,1,NOMINAL_OUTSIDE_CERTIFIED_SET,81.21969604492188,OUTBOUND,-41.046504974365234,-0.46696020591159915,
0,46.898536682128906,1.6454979181289673,40.338775634765625,37.403114318847656,44.5434811009909,5.034200385072215,-3.860208034515381,1851,29,38,1,INSUFFICIENT_RECOVERY_RESERVE,110.22604370117188,OUTBOUND,-40.769691467285156,-0.4799421731287948,
0,46.83403778076172,1.6459897756576538,14.590958595275879,13.746244430541992,44.677857248985674,5.021916769258037,-3.8841452598571777,1852,29,39,1,NOMINAL_OUTSIDE_CERTIFIED_SET,50.6055908203125,OUTBOUND,-40.550926208496094,-0.49217730301775786,
0,47.32019805908203,1.6464807987213135,14.116207122802734,13.149696350097656,44.69509652000852,5.0096133510540755,-3.9030966758728027,1853,29,40,1,INSUFFICIENT_RECOVERY_RESERVE,57.015445709228516,OUTBOUND,-40.974876403808594,-0.5032404020126774,
0,47.91465759277344,1.6469727754592896,13.954188346862793,12.673221588134766,44.71195127899409,4.997350120082952,-3.9352612495422363,1854,29,41,1,NOMINAL_OUTSIDE_CERTIFIED_SET,53.72322463989258,OUTBOUND,-41.535160064697266,-0.4967372219620634,
1,46.59918212890625,1.6474642753601074,39.82105255126953,36.56196594238281,44.72603750100825,4.985039385572264,-3.9121525287628174,1855,29,42,0,,55.707984924316406,OUTBOUND,-40.36194610595703,-0.49205901908035865,
0,47.23407745361328,1.6479588747024536,1.6547397375106812,1.7988184690475464,44.74410826899111,4.972740596528948,-3.977043867111206,1856,29,43,1,NOMINAL_OUTSIDE_CERTIFIED_SET,137.3334197998047,OUTBOUND,-40.675968170166016,-0.5014882089749697,
0,46.980491638183594,1.6484524011611938,15.006141662597656,14.290714263916016,44.762565673008794,4.960425039592135,-3.901522159576416,1857,29,44,1,INSUFFICIENT_RECOVERY_RESERVE,72.79347229003906,OUTBOUND,-40.409019470214844,-0.5087399420035066,
0,47.22304153442383,1.6489530801773071,15.068992614746094,14.383545875549316,44.78222567398916,4.948125356536652,-4.059756755828857,1858,29,45,1,NOMINAL_OUTSIDE_CERTIFIED_SET,43.94774627685547,OUTBOUND,-40.40745162963867,-0.5161090767476261,
0,48.11389923095703,1.649454116821289,14.023378372192383,12.787781715393066,44.79552380100358,4.93580721973108,-3.9401910305023193,1859,29,46,1,INSUFFICIENT_RECOVERY_RESERVE,19.141984939575195,OUTBOUND,-41.41996383666992,-0.5229295033605385,
0,48.61676788330078,1.6499603986740112,0.6147991418838501,0.6141900420188904,44.81085997298942,4.923511695558202,-4.03563117980957,1860,29,47,1,NOMINAL_OUTSIDE_CERTIFIED_SET,18.682903289794922,OUTBOUND,-42.057220458984375,-0.5269706752671239,
0,47.49101257324219,1.6504724025726318,28.591625213623047,26.66854476928711,44.82214028399903,4.911194108538161,-4.052961349487305,1861,29,48,1,INSUFFICIENT_RECOVERY_RESERVE,94.96500396728516,OUTBOUND,-40.99738311767578,-0.5307559567937937,
1,48.404232025146484,1.6509870290756226,0.6999304890632629,0.8021720051765442,44.83811618000618,4.898910530277272,-4.004307746887207,1862,29,49,0,,13.644343376159668,OUTBOUND,-41.91277313232422,-0.4788656924466684,
0,48.37633514404297,1.6514980792999268,0.9845806956291199,1.0736581087112427,44.85189748200355,4.886671098129619,-3.894275188446045,1863,29,50,1,NOMINAL_OUTSIDE_CERTIFIED_SET,27.588871002197266,OUTBOUND,-42.07305908203125,-0.4636507444593183,
1,48.409446716308594,1.6520111560821533,0.8764675855636597,1.2943609952926636,44.8662586940045,4.874415359128473,-3.9913878440856934,1864,29,51,0,,18.694475173950195,OUTBOUND,-41.99462890625,-0.4728592508736522,
0,47.574432373046875,1.6525232791900635,28.845443725585938,26.70984649658203,44.99836936200154,4.8621386174450505,-3.9381260871887207,1865,29,52,1,NOMINAL_OUTSIDE_CERTIFIED_SET,98.74201202392578,OUTBOUND,-41.20306396484375,-0.46356275098497884,
0,47.71848678588867,1.6530373096466064,13.943485260009766,12.94670581817627,45.0222858240013,4.849875154281414,-3.991917371749878,1866,29,53,1,NOMINAL_OUTSIDE_CERTIFIED_SET,20.518356323242188,OUTBOUND,-41.36803436279297,-0.44019903120201437,
0,47.57540512084961,1.6535528898239136,13.873763084411621,12.76409912109375,45.04737036899314,4.837630374568062,-3.987387180328369,1867,29,54,1,NOMINAL_OUTSIDE_CERTIFIED_SET,12.332338333129883,OUTBOUND,-41.39772415161133,-0.4073928928348431,
0,47.71317672729492,1.6540639400482178,1.0458420515060425,1.2072426080703735,45.068463420990156,4.825408266580639,-3.874776601791382,1868,29,55,1,NOMINAL_OUTSIDE_CERTIFIED_SET,87.14126586914062,OUTBOUND,-41.396671295166016,-0.36878437915837636,
0,47.511680603027344,1.6545721292495728,27.720218658447266,25.526588439941406,45.0860169630032,4.813211260906908,-3.898550510406494,1869,29,56,1,NOMINAL_OUTSIDE_CERTIFIED_SET,46.8742790222168,OUTBOUND,-41.25468444824219,-0.32728641474873255,
0,47.70321273803711,1.6550816297531128,27.41326904296875,24.939176559448242,45.1068173039821,4.801040326806985,-3.9718539714813232,1870,29,57,1,NOMINAL_OUTSIDE_CERTIFIED_SET,29.866243362426758,OUTBOUND,-41.37362289428711,-0.2851616935456917,
0,46.31787872314453,1.655588984489441,41.7164421081543,38.72250747680664,45.122329359990545,4.788893414491773,-3.9080605506896973,1871,29,58,1,NOMINAL_OUTSIDE_CERTIFIED_SET,31.911808013916016,OUTBOUND,-40.01378631591797,-0.2441060169100839,
0,47.19544219970703,1.6560949087142944,14.896391868591309,13.585190773010254,45.13622248600586,4.776768617726497,-3.9175286293029785,1872,29,59,1,NOMINAL_OUTSIDE_CERTIFIED_SET,98.40917205810547,OUTBOUND,-40.741573333740234,-0.2053324623756637,
0,46.95423126220703,1.6566004753112793,40.655860900878906,37.08151626586914,45.155618275981396,4.764664843594168,-3.933704137802124,1873,29,60,1,NOMINAL_OUTSIDE_CERTIFIED_SET,31.487911224365234,OUTBOUND,-40.49636459350586,-0.1696525014332476,
0,46.98741912841797,1.6571053266525269,28.290761947631836,26.10348892211914,45.17804808798246,4.752580432728273,-3.9264256954193115,1874,29,61,1,NOMINAL_OUTSIDE_CERTIFIED_SET,52.40067672729492,OUTBOUND,-40.62548828125,-0.1375513158301603,
1,47.85596466064453,1.6576100587844849,27.555946350097656,24.94142723083496,45.19275572698098,4.740509022456549,-3.936112403869629,1875,29,62,0,,27.895933151245117,FAILURE,-41.419776916503906,-0.10539311062354188,
0,47.379764556884766,1.6581124067306519,2.230455160140991,2.6149277687072754,45.31890065499465,5.4879676,-3.895261287689209,1876,30,1,1,NOMINAL_OUTSIDE_CERTIFIED_SET,161.38665771484375,OUTBOUND,-40.81508255004883,-0.01020132358994201,
0,48.34747314453125,1.6586158275604248,1.3377015590667725,1.6662880182266235,45.334381071006646,5.4758992,-3.952239990234375,1877,30,2,1,NOMINAL_OUTSIDE_CERTIFIED_SET,79.19810485839844,OUTBOUND,-41.77048873901367,-0.01133557945106046,
0,48.63688659667969,1.6591187715530396,1.104099988937378,1.4374881982803345,45.35486782499356,5.4637948,-3.9281022548675537,1878,30,3,1,NOMINAL_OUTSIDE_CERTIFIED_SET,74.78596496582031,OUTBOUND,-41.96674346923828,-0.015383460743156973,
0,48.83726501464844,1.6596232652664185,1.0751206874847412,1.5892993211746216,45.37000937500852,5.4516544,-3.9609992504119873,1879,30,4,1,NOMINAL_OUTSIDE_CERTIFIED_SET,18.9102725982666,OUTBOUND,-42.08155059814453,-0.024272287792003466,
0,48.34414291381836,1.6601295471191406,28.629453659057617,26.260955810546875,45.3906948310032,5.439477999999999,-3.9715757369995117,1880,30,5,1,NOMINAL_OUTSIDE_CERTIFIED_SET,116.67316436767578,OUTBOUND,-41.82035446166992,-0.03987839345533087,
0,48.29871368408203,1.6606346368789673,28.883834838867188,26.39210319519043,45.4051753479871,5.427265599999999,-3.9159040451049805,1881,30,6,1,NOMINAL_OUTSIDE_CERTIFIED_SET,144.5471649169922,OUTBOUND,-41.872093200683594,-0.06395244360685569,
0,48.04942321777344,1.6611366271972656,14.327628135681152,13.306859016418457,45.423112605989445,5.415017199999999,-3.879560947418213,1882,30,7,1,NOMINAL_OUTSIDE_CERTIFIED_SET,58.64195251464844,OUTBOUND,-41.78883361816406,-0.09799918910060242,
0,48.40647888183594,1.6616381406784058,14.826896667480469,13.915919303894043,45.43783207499655,5.402738487366399,-3.9225831031799316,1883,30,8,1,NOMINAL_OUTSIDE_CERTIFIED_SET,48.86679458618164,OUTBOUND,-42.106143951416016,-0.14220157181939536,
0,48.10009765625,1.6621379852294922,28.276138305664062,25.516380310058594,45.453291982004885,5.390433537552063,-3.895443916320801,1884,30,9,1,INSUFFICIENT_RECOVERY_RESERVE,89.48786163330078,OUTBOUND,-41.993534088134766,-0.1755512253218198,
1,47.519126892089844,1.662640929222107,1.7052007913589478,3.065985918045044,45.467857701994944,5.378164505022241,-3.9878454208374023,1885,30,10,0,,92.13969421386719,OUTBOUND,-41.1618537902832,-0.2137217388768331,
0,47.788299560546875,1.663146734237671,27.435131072998047,24.720821380615234,45.493019171000924,5.365884127630006,-3.984673500061035,1886,30,11,1,NOMINAL_OUTSIDE_CERTIFIED_SET,18.928823471069336,OUTBOUND,-41.4363899230957,-0.2520435148675751,
0,48.461219787597656,1.6636550426483154,1.164772629737854,1.2986152172088623,45.5098716619832,5.353575976828229,-3.9854118824005127,1887,30,12,1,NOMINAL_OUTSIDE_CERTIFIED_SET,94.34124755859375,OUTBOUND,-42.233680725097656,-0.2826701371942364,
0,47.44807434082031,1.6641643047332764,2.473217487335205,3.4489922523498535,45.52589939298923,5.34125007295156,-3.9593992233276367,1888,30,13,1,INSUFFICIENT_RECOVERY_RESERVE,157.85113525390625,OUTBOUND,-40.899131774902344,-0.3047576128980766,
0,47.51227569580078,1.6646784543991089,15.926678657531738,15.654207229614258,45.53959921799833,5.328958685453006,-4.035998344421387,1889,30,14,1,INSUFFICIENT_RECOVERY_RESERVE,52.18818283081055,OUTBOUND,-40.8230094909668,-0.2947251641985046,
0,48.5019416809082,1.6651947498321533,14.555777549743652,13.590322494506836,45.55991445799009,5.316679125647563,-3.991346597671509,1890,30,15,1,NOMINAL_OUTSIDE_CERTIFIED_SET,17.96159553527832,OUTBOUND,-41.787357330322266,-0.31295802529543243,
0,49.44293975830078,1.6657086610794067,1.0657479763031006,1.3500231504440308,45.572812194004655,5.304383238005091,-3.912282705307007,1891,30,16,1,INSUFFICIENT_RECOVERY_RESERVE,30.28380584716797,OUTBOUND,-42.88398742675781,-0.3308158451632622,
0,49.091522216796875,1.6662192344665527,1.2168992757797241,1.4969067573547363,45.58968239100068,5.292100986252467,-3.887690544128418,1892,30,17,1,NOMINAL_OUTSIDE_CERTIFIED_SET,29.130212783813477,OUTBOUND,-42.523895263671875,-0.34908797788951484,
0,48.08169937133789,1.666731595993042,43.02208709716797,39.59754943847656,45.70972255800734,5.279799446200986,-3.9780914783477783,1893,30,18,1,INSUFFICIENT_RECOVERY_RESERVE,169.02688598632812,OUTBOUND,-41.488250732421875,-0.36660972822500343,
0,48.43916702270508,1.6672451496124268,15.168804168701172,14.447144508361816,45.725976141984574,5.267513331244503,-3.971895933151245,1894,30,19,1,NOMINAL_OUTSIDE_CERTIFIED_SET,57.227848052978516,OUTBOUND,-42.10760498046875,-0.384235013916144,
0,48.911285400390625,1.6677560806274414,1.0389102697372437,1.3180874586105347,45.74106895600562,5.2551997834606325,-3.8999061584472656,1895,30,20,1,INSUFFICIENT_RECOVERY_RESERVE,33.869346618652344,OUTBOUND,-42.43696212768555,-0.40087250706899125,
0,47.128658294677734,1.6682658195495605,29.308212280273438,27.6404972076416,45.75853178999387,5.2429194750648795,-3.9212915897369385,1896,30,21,1,INSUFFICIENT_RECOVERY_RESERVE,52.01149368286133,OUTBOUND,-40.67079162597656,-0.37226402079896825,
0,49.277950286865234,1.668778896331787,1.0268360376358032,1.2339556217193604,45.77484815698699,5.230649984458396,-4.0049333572387695,1897,30,22,1,NOMINAL_OUTSIDE_CERTIFIED_SET,27.734416961669922,OUTBOUND,-42.83318328857422,-0.38794263817359925,
0,48.50785827636719,1.669295072555542,15.192896842956543,14.128336906433105,45.78908986999886,5.218356583365246,-4.005715847015381,1898,30,23,1,INSUFFICIENT_RECOVERY_RESERVE,14.037878036499023,OUTBOUND,-42.22095489501953,-0.4027320044952359,
0,48.83771514892578,1.6698102951049805,14.965041160583496,13.92010498046875,45.80461515599745,5.2060893705218625,-3.9366674423217773,1899,30,24,1,NOMINAL_OUTSIDE_CERTIFIED_SET,25.936782836914062,OUTBOUND,-42.514915466308594,-0.41124185896682397,
0,48.63646697998047,1.6703299283981323,1.399319052696228,1.9107837677001953,45.81919685698813,5.193809457009016,-4.033562660217285,1900,30,25,1,NOMINAL_OUTSIDE_CERTIFIED_SET,86.01478576660156,OUTBOUND,-41.963958740234375,-0.44924555437496205,
0,48.74455642700195,1.670850396156311,15.114978790283203,14.338373184204102,45.837018190999515,5.1815207189937915,-3.9753358364105225,1901,30,26,1,NO_GENERATOR_SET,25.8095760345459,OUTBOUND,-42.252506256103516,-0.4638848038209947,
0,49.021263122558594,1.6713701486587524,1.1448993682861328,1.3488543033599854,45.84910615600529,5.16921424318321,-3.9466164112091064,1902,30,27,1,INSUFFICIENT_RECOVERY_RESERVE,55.03216552734375,OUTBOUND,-42.51744079589844,-0.44629581747733854,
0,49.32430648803711,1.671890377998352,29.3066463470459,27.500635147094727,45.86684623200563,5.156923675988502,-3.968790292739868,1903,30,28,1,NOMINAL_OUTSIDE_CERTIFIED_SET,86.7567138671875,OUTBOUND,-42.801517486572266,-0.4595036373883671,
0,48.47718048095703,1.6724098920822144,29.02418327331543,27.28567886352539,45.879428771993844,5.144608771443254,-3.947066307067871,1904,30,29,1,INSUFFICIENT_RECOVERY_RESERVE,93.46691131591797,OUTBOUND,-42.20731735229492,-0.4716859250337215,
0,48.97880172729492,1.6729319095611572,14.836434364318848,13.956987380981445,45.89350270200521,5.1323272254527454,-4.005713939666748,1905,30,30,1,INSUFFICIENT_RECOVERY_RESERVE,12.88216495513916,OUTBOUND,-42.713443756103516,-0.4301436560340164,
1,47.78174591064453,1.6734511852264404,42.35079574584961,39.36213302612305,46.0144275269995,5.120081388981497,-3.9085793495178223,1906,30,31,0,,69.86170959472656,OUTBOUND,-41.580196380615234,-0.3944970663970643,
0,47.66538619995117,1.6739683151245117,29.400304794311523,27.565383911132812,46.03403323300881,5.10781383576313,-3.918921947479248,1907,30,32,1,NOMINAL_OUTSIDE_CERTIFIED_SET,35.526527404785156,OUTBOUND,-41.38143539428711,-0.41378816703733107,
0,48.47358322143555,1.674483299255371,1.8565928936004639,1.9687663316726685,46.05028828899958,5.095514196486286,-3.9139108657836914,1908,30,33,1,NOMINAL_OUTSIDE_CERTIFIED_SET,155.3613739013672,OUTBOUND,-42.07194519042969,-0.4838974308614851,
0,48.65599822998047,1.6749969720840454,28.85306739807129,26.59600067138672,46.066251260985155,5.083193284246159,-3.9215474128723145,1909,30,34,1,INSUFFICIENT_RECOVERY_RESERVE,40.29536056518555,OUTBOUND,-42.22431945800781,-0.49573742360289774,
0,48.28623962402344,1.6755114793777466,15.905706405639648,15.20598316192627,46.08031965000555,5.070906365991145,-3.9636411666870117,1910,30,35,1,INSUFFICIENT_RECOVERY_RESERVE,107.08973693847656,OUTBOUND,-41.643310546875,-0.45042999501547176,
0,48.55000305175781,1.676026701927185,15.881815910339355,15.518424034118652,46.104872345982585,5.058631010137984,-3.9621520042419434,1911,30,36,1,NOMINAL_OUTSIDE_CERTIFIED_SET,88.45024871826172,OUTBOUND,-41.89378356933594,-0.4634593419333691,
0,48.77919006347656,1.6765403747558594,28.99764633178711,26.98053741455078,46.122854679997545,5.046336623344808,-3.9164857864379883,1912,30,37,1,INSUFFICIENT_RECOVERY_RESERVE,20.597925186157227,OUTBOUND,-41.93507766723633,-0.4753213574961479,
0,49.34196090698242,1.6770504713058472,1.4049396514892578,1.595949649810791,46.14151712899911,5.03405576838515,-3.880747079849243,1913,30,38,1,NOMINAL_OUTSIDE_CERTIFIED_SET,82.42372131347656,OUTBOUND,-42.41294479370117,-0.48685155041512296,
0,49.4030876159668,1.6775648593902588,15.601311683654785,14.645915985107422,46.153525123983854,5.021754055613721,-4.018612861633301,1914,30,39,1,INSUFFICIENT_RECOVERY_RESERVE,25.196533203125,OUTBOUND,-42.51820755004883,-0.4973518374220685,
0,49.35943603515625,1.6780794858932495,14.721508026123047,14.063665390014648,46.16794584799209,5.00949082537931,-3.947554588317871,1915,30,40,1,NOMINAL_OUTSIDE_CERTIFIED_SET,66.41021728515625,OUTBOUND,-42.810482025146484,-0.4921490019088294,
0,48.923912048339844,1.6785939931869507,29.373516082763672,27.527799606323242,46.184173012996325,4.997218501424534,-3.9467177391052246,1916,30,41,1,NOMINAL_OUTSIDE_CERTIFIED_SET,120.6978988647461,OUTBOUND,-42.53564453125,-0.5171100764128815,
0,49.883541107177734,1.6791099309921265,1.0290898084640503,1.1741275787353516,46.308142483991105,4.984921886494563,-3.969865083694458,1917,30,42,1,INSUFFICIENT_RECOVERY_RESERVE,37.26676940917969,OUTBOUND,-43.44340133666992,-0.49791667051595884,
0,49.8411750793457,1.6796268224716187,1.0070807933807373,1.292075514793396,46.325453497993294,4.972639666978437,-3.970336437225342,1918,30,43,1,NOMINAL_OUTSIDE_CERTIFIED_SET,23.242351531982422,OUTBOUND,-43.4936408996582,-0.5076504227820036,
0,49.611473083496094,1.6801456212997437,1.053184986114502,1.3458385467529297,46.33870918600587,4.9603327369915,-3.981438159942627,1919,30,44,1,INSUFFICIENT_RECOVERY_RESERVE,17.917217254638672,OUTBOUND,-43.33123016357422,-0.5165285736360831,
0,50.064388275146484,1.6806687116622925,15.099139213562012,13.461716651916504,46.354550154996105,4.948042301312945,-4.033084869384766,1920,30,45,1,NOMINAL_OUTSIDE_CERTIFIED_SET,78.40282440185547,OUTBOUND,-43.82993698120117,-0.5252610741351497,
0,50.10601043701172,1.681196689605713,0.927864670753479,0.9986443519592285,46.367840366991004,4.935726386810086,-4.0537943840026855,1921,30,46,1,INSUFFICIENT_RECOVERY_RESERVE,18.354116439819336,OUTBOUND,-43.71522521972656,-0.5332278253343066,
0,49.05171203613281,1.6817244291305542,29.02794647216797,26.967281341552734,46.38312787600444,4.923450786968434,-3.964252471923828,1922,30,47,1,NOMINAL_OUTSIDE_CERTIFIED_SET,44.05410385131836,OUTBOUND,-42.686614990234375,-0.5263997838477488,
0,49.688819885253906,1.6822527647018433,1.2247207164764404,1.4957088232040405,46.39778287298395,4.911164285230102,-3.980668783187866,1923,30,48,1,NO_GENERATOR_SET,84.22169494628906,OUTBOUND,-43.215702056884766,-0.5518014447676499,
0,48.26691436767578,1.682783842086792,42.89561080932617,39.62963104248047,46.41441640499397,4.898872209844579,-4.019288539886475,1924,30,49,1,NO_GENERATOR_SET,69.49982452392578,OUTBOUND,-41.850975036621094,-0.5513846411650077,
0,47.999725341796875,1.6833124160766602,29.33806800842285,27.199506759643555,46.43666062899865,4.886582321855345,-3.928922176361084,1925,30,50,1,NOMINAL_OUTSIDE_CERTIFIED_SET,34.40558624267578,OUTBOUND,-41.662994384765625,-0.5317756776716226,
0,49.07626724243164,1.6838418245315552,15.772851943969727,14.688984870910645,46.4596723249997,4.8743026089889,-3.9862494468688965,1926,30,51,1,NOMINAL_OUTSIDE_CERTIFIED_SET,98.7328109741211,OUTBOUND,-42.68195343017578,-0.4985997684366695,
0,49.819461822509766,1.6843676567077637,1.778078556060791,1.4372638463974,46.48225103999721,4.862039988524128,-3.904127597808838,1927,30,52,1,NOMINAL_OUTSIDE_CERTIFIED_SET,138.1929168701172,OUTBOUND,-43.3187255859375,-0.4565365509712965,
1,48.304195404052734,1.684889316558838,56.2689094543457,51.57394790649414,46.50219438498607,4.849814487328613,-3.886630058288574,1928,30,53,0,,101.52986145019531,OUTBOUND,-41.796836853027344,-0.4422676375886004,
0,48.233219146728516,1.6854110956192017,2.6093451976776123,2.9700534343719482,46.521698027005186,4.8375451955123,-3.958526849746704,1929,30,54,1,NOMINAL_OUTSIDE_CERTIFIED_SET,160.68798828125,OUTBOUND,-41.61994552612305,-0.416199098303799,
0,49.70403289794922,1.6859322786331177,1.7897579669952393,1.7706034183502197,46.539008154999465,4.825318248954588,-3.9452707767486572,1930,30,55,1,NOMINAL_OUTSIDE_CERTIFIED_SET,123.26610565185547,OUTBOUND,-42.93912887573242,-0.34940092999182704,
0,50.507381439208984,1.6864515542984009,1.1259135007858276,0.9460458159446716,46.561009811994154,4.813131387874692,-3.918210506439209,1931,30,56,1,NOMINAL_OUTSIDE_CERTIFIED_SET,66.7660903930664,OUTBOUND,-43.7933235168457,-0.287812202690258,
1,49.963623046875,1.6869697570800781,14.901436805725098,14.058847427368164,46.58285287299077,4.800979261565471,-3.9322032928466797,1932,30,57,0,,17.229021072387695,OUTBOUND,-43.04496765136719,-0.2460329709124053,
0,49.27322006225586,1.6874866485595703,16.090547561645508,15.734811782836914,46.60464274699916,4.788823223735154,-3.922102451324463,1933,30,58,1,NOMINAL_OUTSIDE_CERTIFIED_SET,38.59784698486328,OUTBOUND,-42.4736442565918,-0.2066066202247439,
0,49.1605224609375,1.6879981756210327,30.94485855102539,28.663759231567383,46.73003830999369,4.776706656548316,-3.846872329711914,1934,30,59,1,NOMINAL_OUTSIDE_CERTIFIED_SET,119.16590118408203,OUTBOUND,-42.515602111816406,-0.1566784592293139,
0,49.748775482177734,1.6885082721710205,45.28176498413086,40.92863845825195,46.75286296798731,4.764623232025889,-3.9106948375701904,1935,30,60,1,NOMINAL_OUTSIDE_CERTIFIED_SET,209.58148193359375,FAILURE,-43.25656509399414,-0.11455401859011849,
0,49.704593658447266,1.6890188455581665,16.32390785217285,15.414380073547363,46.78002969399677,5.4879676,-3.939573287963867,1936,31,1,1,NOMINAL_OUTSIDE_CERTIFIED_SET,76.12467956542969,OUTBOUND,-43.29874038696289,-0.01020132358994201,
0,51.069583892822266,1.689527988433838,1.1789203882217407,1.332089900970459,46.79756583500421,5.4758992,-3.9064838886260986,1937,31,2,1,NOMINAL_OUTSIDE_CERTIFIED_SET,39.97401809692383,OUTBOUND,-44.76260757446289,-0.01133557945106046,
0,49.555267333984375,1.6900349855422974,1.3690829277038574,2.0731308460235596,46.81375157399452,5.4637948,-3.8917477130889893,1938,31,3,1,NOMINAL_OUTSIDE_CERTIFIED_SET,78.53743743896484,OUTBOUND,-43.192420959472656,-0.015383460743156973,
1,49.73869705200195,1.690547227859497,29.899559020996094,27.425485610961914,46.835082643985515,5.451680170138307,-4.022221565246582,1939,31,4,0,,54.258445739746094,OUTBOUND,-43.28840255737305,-0.016488534659327644,
0,50.51038360595703,1.6910611391067505,1.1206836700439453,0.8618396520614624,46.85303791999468,5.439515522356122,-3.9675989151000977,1940,31,5,1,NOMINAL_OUTSIDE_CERTIFIED_SET,69.32899475097656,OUTBOUND,-44.05530548095703,-0.02384699221107386,
0,49.31153106689453,1.6915779113769531,15.873510360717773,14.63694953918457,46.86845149300643,5.427317727833252,-3.990506887435913,1941,31,6,1,NOMINAL_OUTSIDE_CERTIFIED_SET,71.14276123046875,OUTBOUND,-42.64010238647461,-0.04737119943970955,
0,49.922698974609375,1.6920949220657349,1.8309741020202637,2.047682285308838,46.88401069198153,5.415086277952993,-3.9472880363464355,1942,31,7,1,NOMINAL_OUTSIDE_CERTIFIED_SET,117.31878662109375,OUTBOUND,-43.23944091796875,-0.07932946338394904,
0,49.927547454833984,1.6926171779632568,1.959083080291748,1.9994301795959473,46.90223615098512,5.4028207130714545,-4.040896415710449,1943,31,8,1,NOMINAL_OUTSIDE_CERTIFIED_SET,113.62271881103516,OUTBOUND,-42.992366790771484,-0.12107949267152081,
0,50.11342239379883,1.6931453943252563,15.130852699279785,14.22673225402832,46.92476024699863,5.3905405825724095,-4.065069198608398,1944,31,9,1,NOMINAL_OUTSIDE_CERTIFIED_SET,17.995697021484375,OUTBOUND,-43.48525619506836,-0.16913030504915785,
0,50.74552917480469,1.6936742067337036,1.328690528869629,1.5659818649291992,46.93896748399129,5.378250531741829,-3.973327875137329,1945,31,10,1,NO_GENERATOR_SET,23.267005920410156,OUTBOUND,-43.960479736328125,-0.21405058312017103,
0,51.72945022583008,1.694204568862915,15.738578796386719,14.511610984802246,46.95645967198652,5.365953577867427,-3.994877576828003,1946,31,11,1,NO_GENERATOR_SET,127.59825897216797,OUTBOUND,-45.29015350341797,-0.24877584574117717,
0,50.188533782958984,1.6947294473648071,46.505592346191406,43.003936767578125,47.07240739199915,5.353642284596173,-3.8650686740875244,1947,31,12,1,INSUFFICIENT_RECOVERY_RESERVE,219.3799285888672,OUTBOUND,-43.8592529296875,-0.2632978311678344,
0,51.39284896850586,1.6952552795410156,0.7321904897689819,0.8439057469367981,47.085236835991964,5.341363998673484,-3.9760286808013916,1948,31,13,1,INSUFFICIENT_RECOVERY_RESERVE,35.99674606323242,OUTBOUND,-44.90977096557617,-0.25970133535937173,
0,51.16608810424805,1.6957811117172241,15.700726509094238,14.217889785766602,47.100406754994765,5.32909635163032,-3.9577510356903076,1949,31,14,1,NOMINAL_OUTSIDE_CERTIFIED_SET,79.31611633300781,OUTBOUND,-45.0106201171875,-0.2843281381669722,
0,50.2575569152832,1.6963059902191162,1.032086968421936,1.505354881286621,47.11318258798565,5.316806530509839,-3.9401681423187256,1950,31,15,1,INSUFFICIENT_RECOVERY_RESERVE,53.781768798828125,OUTBOUND,-43.872047424316406,-0.3078316987696009,
0,49.776954650878906,1.6968319416046143,30.32248306274414,28.015926361083984,47.135165982996114,5.30452969543533,-3.9756827354431152,1951,31,16,1,NOMINAL_OUTSIDE_CERTIFIED_SET,67.59525299072266,OUTBOUND,-43.32638168334961,-0.3305556785322591,
0,49.61365509033203,1.6973590850830078,16.037155151367188,15.502504348754883,47.14808611900662,5.292229607999797,-3.98136043548584,1952,31,17,1,INSUFFICIENT_RECOVERY_RESERVE,55.9994010925293,OUTBOUND,-43.080177307128906,-0.35195510967026067,
0,50.67338562011719,1.6978849172592163,1.279074788093567,1.424696922302246,47.16341273399303,5.279944645296784,-3.9323902130126953,1953,31,18,1,NOMINAL_OUTSIDE_CERTIFIED_SET,123.0233383178711,OUTBOUND,-44.09459686279297,-0.3724686977020887,
0,49.92170333862305,1.6984091997146606,16.07320213317871,15.025253295898438,47.17511777099571,5.267635401615311,-3.930934190750122,1954,31,19,1,INSUFFICIENT_RECOVERY_RESERVE,78.09892272949219,OUTBOUND,-43.264408111572266,-0.3915983297144279,
1,50.30432891845703,1.6989336013793945,29.97344970703125,28.118629455566406,47.189166252996074,5.25535467969036,-3.9548532962799072,1955,31,20,0,,34.33112716674805,OUTBOUND,-43.652103424072266,-0.37611898775670294,
0,49.86165237426758,1.6994577646255493,30.134498596191406,28.260761260986328,47.20586634299252,5.243071488960144,-3.950573205947876,1956,31,21,1,NOMINAL_OUTSIDE_CERTIFIED_SET,32.22014236450195,OUTBOUND,-43.206302642822266,-0.40084190601602293,
0,49.943115234375,1.6999797821044922,15.832100868225098,14.939882278442383,47.218495442008134,5.230771525136623,-3.91271710395813,1957,31,22,1,INSUFFICIENT_RECOVERY_RESERVE,47.135841369628906,OUTBOUND,-43.43308639526367,-0.41215719583123483,
0,50.87538146972656,1.700502634048462,1.3950239419937134,1.440833330154419,47.33568358098273,5.218485194397352,-3.966498374938965,1958,31,23,1,NOMINAL_OUTSIDE_CERTIFIED_SET,84.89250183105469,OUTBOUND,-44.08558654785156,-0.42390859000101117,
0,50.22774124145508,1.701023817062378,30.544382095336914,28.635398864746094,47.34837869400508,5.206180036190711,-3.9180145263671875,1959,31,24,1,INSUFFICIENT_RECOVERY_RESERVE,62.9848747253418,OUTBOUND,-43.820159912109375,-0.4351957043708136,
0,51.072669982910156,1.7015479803085327,15.48034954071045,14.46574878692627,47.36539125200943,5.193914496595966,-4.001816272735596,1960,31,25,1,NOMINAL_OUTSIDE_CERTIFIED_SET,26.431880950927734,OUTBOUND,-44.43186950683594,-0.4322947404611852,
0,50.74892044067383,1.7020739316940308,17.101545333862305,16.568828582763672,47.38562000100501,5.181641946970295,-3.9856371879577637,1961,31,26,1,NOMINAL_OUTSIDE_CERTIFIED_SET,29.851055145263672,OUTBOUND,-44.21103286743164,-0.4534391262971583,
0,50.481136322021484,1.702599048614502,1.431958794593811,1.827631950378418,47.39928017699276,5.1693500564886925,-3.939746618270874,1962,31,27,1,INSUFFICIENT_RECOVERY_RESERVE,68.73080444335938,OUTBOUND,-43.88210678100586,-0.43902467544042284,
0,50.94364547729492,1.7031238079071045,45.45753479003906,41.3422966003418,47.41479024599539,5.157071605918327,-3.9464809894561768,1963,31,28,1,NOMINAL_OUTSIDE_CERTIFIED_SET,170.43948364257812,OUTBOUND,-44.537513732910156,-0.4510092626664039,
0,50.486202239990234,1.7036484479904175,15.686748504638672,14.615447998046875,47.43044965498848,5.1447686516154745,-3.951791286468506,1964,31,29,1,INSUFFICIENT_RECOVERY_RESERVE,13.832385063171387,OUTBOUND,-44.014312744140625,-0.46221360517149396,
0,50.36594009399414,1.7041786909103394,16.32916259765625,15.502667427062988,47.448227387008956,5.132481373833704,-4.053624629974365,1965,31,30,1,NOMINAL_OUTSIDE_CERTIFIED_SET,32.82081985473633,OUTBOUND,-43.71439743041992,-0.4735279527201383,
0,50.21521759033203,1.7047092914581299,59.428428649902344,54.372257232666016,47.46572167199338,5.120168350710014,-3.966834306716919,1966,31,31,1,INSUFFICIENT_RECOVERY_RESERVE,163.9439697265625,OUTBOUND,-43.70439147949219,-0.48403557394652663,
0,49.39093780517578,1.7052395343780518,44.7606086730957,41.6790771484375,47.48548313000356,5.107888513042316,-3.9577035903930664,1967,31,32,1,INSUFFICIENT_RECOVERY_RESERVE,76.85892486572266,OUTBOUND,-43.063438415527344,-0.44057253361690735,
0,49.35837936401367,1.705763578414917,16.54560089111328,15.841109275817871,47.50260758100194,5.095619496067624,-3.846770763397217,1968,31,33,1,NOMINAL_OUTSIDE_CERTIFIED_SET,122.2396469116211,OUTBOUND,-42.92365264892578,-0.4525520049570118,
0,50.14474868774414,1.7062883377075195,2.667921543121338,2.8980846405029297,47.51777092399425,5.08332782759602,-3.963078260421753,1969,31,34,1,INSUFFICIENT_RECOVERY_RESERVE,184.9931640625,OUTBOUND,-43.49425506591797,-0.46362477722805545,
0,51.11521911621094,1.7068151235580444,1.9052878618240356,1.2503212690353394,47.53789774898905,5.071049364176687,-3.9888319969177246,1970,31,35,1,NOMINAL_OUTSIDE_CERTIFIED_SET,164.42860412597656,OUTBOUND,-44.4810791015625,-0.47477819711104874,
0,51.004920959472656,1.707342505455017,2.095747232437134,2.1666598320007324,47.55102194900974,5.058747344458965,-3.967174768447876,1971,31,36,1,INSUFFICIENT_RECOVERY_RESERVE,137.44882202148438,OUTBOUND,-44.0344123840332,-0.485051054841639,
1,50.07621765136719,1.7078686952590942,2.456737995147705,2.5088717937469482,47.56952112799627,5.046489882706482,-3.9295973777770996,1972,31,37,0,,146.0433807373047,OUTBOUND,-42.99950408935547,-0.4722773285426573,
0,51.704227447509766,1.7083938121795654,1.341657280921936,1.7088372707366943,47.585896709992085,5.034204478093808,-3.9346446990966797,1973,31,38,1,INSUFFICIENT_RECOVERY_RESERVE,52.353485107421875,OUTBOUND,-44.58661651611328,-0.4605811037142043,
0,50.852745056152344,1.7089184522628784,31.933589935302734,30.123371124267578,47.60525278400746,5.021932432665483,-3.9405460357666016,1974,31,39,1,NOMINAL_OUTSIDE_CERTIFIED_SET,119.63653564453125,OUTBOUND,-44.04845428466797,-0.4706973950298167,
0,51.85565948486328,1.709442377090454,31.55839729309082,29.265697479248047,47.73461777198827,5.009650703682451,-3.9377918243408203,1975,31,40,1,NOMINAL_OUTSIDE_CERTIFIED_SET,189.4474639892578,OUTBOUND,-45.09801483154297,-0.5194390200400444,
0,52.17471694946289,1.7099672555923462,32.06195831298828,29.393234252929688,47.75094677598099,4.997360366176605,-3.965090751647949,1976,31,41,1,NO_GENERATOR_SET,219.93898010253906,OUTBOUND,-45.839988708496094,-0.5379327947278381,
0,50.82259750366211,1.7104870080947876,16.689048767089844,15.755478858947754,47.76975076299277,4.985048795250687,-3.8546385765075684,1977,31,42,1,INSUFFICIENT_RECOVERY_RESERVE,99.8100814819336,OUTBOUND,-44.61461639404297,-0.515035587114105,
1,51.02122116088867,1.7110079526901245,1.2776668071746826,1.8755697011947632,47.785886508005206,4.972784175267264,-3.9619760513305664,1978,31,43,0,,30.006675720214844,OUTBOUND,-44.56235122680664,-0.5007739571761232,
0,51.32630920410156,1.7115329504013062,16.030237197875977,14.698871612548828,47.79891475100885,4.960495219511685,-4.0153937339782715,1979,31,44,1,INSUFFICIENT_RECOVERY_RESERVE,55.69567108154297,OUTBOUND,-45.05021286010742,-0.4877845615076295,
0,50.698631286621094,1.7120610475540161,16.50161361694336,16.136295318603516,47.81392184700235,4.948219048091616,-4.003241062164307,1980,31,45,1,NOMINAL_OUTSIDE_CERTIFIED_SET,41.17847442626953,OUTBOUND,-44.27568817138672,-0.49754680719477185,
0,51.125911712646484,1.7125861644744873,15.95081901550293,15.193903923034668,47.82588731200667,4.9359205517456575,-3.9028432369232178,1981,31,46,1,INSUFFICIENT_RECOVERY_RESERVE,41.472862243652344,OUTBOUND,-44.639041900634766,-0.5064715585762989,
0,51.31756591796875,1.7131102085113525,15.836589813232422,15.050220489501953,47.841730141983135,4.923652782706108,-3.928408145904541,1982,31,47,1,NOMINAL_OUTSIDE_CERTIFIED_SET,50.23090362548828,OUTBOUND,-44.49422836303711,-0.5057494059735783,
0,50.996726989746094,1.7136353254318237,1.7520368099212646,2.0941178798675537,47.855648344004294,4.911373072559108,-3.963320016860962,1983,31,48,1,NOMINAL_OUTSIDE_CERTIFIED_SET,121.26374053955078,OUTBOUND,-44.17805099487305,-0.5396933320544911,
0,51.64262008666992,1.7141592502593994,1.9670177698135376,2.0511624813079834,47.87222510800348,4.89908524554833,-3.927236318588257,1984,31,49,1,NO_GENERATOR_SET,112.1435775756836,OUTBOUND,-44.777339935302734,-0.546104295192119,
1,51.935489654541016,1.7146846055984497,1.437197208404541,1.4847626686096191,47.88897857800475,4.886785856706447,-3.9717555046081543,1985,31,50,0,,75.19197082519531,OUTBOUND,-45.03388214111328,-0.5308016644491025,
1,51.51560974121094,1.715211033821106,16.005739212036133,15.228212356567383,47.90651976299705,4.874488362909958,-3.967151165008545,1986,31,51,0,,40.0600700378418,OUTBOUND,-44.79560852050781,-0.4985731788972413,
0,52.704139709472656,1.7157411575317383,0.936116099357605,1.2156147956848145,47.92733610799769,4.862207669224773,-4.017364501953125,1987,31,52,1,NOMINAL_OUTSIDE_CERTIFIED_SET,49.15951156616211,OUTBOUND,-46.16021728515625,-0.45801077488492703,
0,50.93147277832031,1.7162669897079468,17.268537521362305,16.907981872558594,48.05438891798258,4.849955009451821,-3.877284526824951,1988,31,53,1,NOMINAL_OUTSIDE_CERTIFIED_SET,59.28003692626953,OUTBOUND,-44.36143493652344,-0.41404708407585533,
0,53.3820686340332,1.716791033744812,1.195155143737793,1.30291748046875,48.07593796000583,4.837732332107791,-3.9144508838653564,1989,31,54,1,NOMINAL_OUTSIDE_CERTIFIED_SET,91.22245788574219,OUTBOUND,-46.806236267089844,-0.3671397671707689,
0,52.66642761230469,1.717318058013916,1.1053204536437988,1.2212915420532227,48.09049451499595,4.825540208109873,-3.9985148906707764,1990,31,55,1,NOMINAL_OUTSIDE_CERTIFIED_SET,53.677711486816406,OUTBOUND,-46.11948776245117,-0.3197146178878238,
1,52.55174255371094,1.7178449630737305,0.7492285966873169,0.5459582805633545,48.107162237982266,4.813362165473964,-3.947194814682007,1991,31,56,0,,35.97959518432617,OUTBOUND,-46.005889892578125,-0.27306269002877065,
1,52.73506546020508,1.7183701992034912,0.9616549015045166,0.8225296139717102,48.12290617698454,4.801200948491816,-3.9189696311950684,1992,31,57,0,,41.99855041503906,OUTBOUND,-46.24884796142578,-0.22330925505845406,
0,51.46629333496094,1.7188972234725952,16.482105255126953,15.547486305236816,48.138239858002635,4.789082156344926,-3.9779396057128906,1993,31,58,1,NOMINAL_OUTSIDE_CERTIFIED_SET,38.021751403808594,OUTBOUND,-45.09983444213867,-0.17939246063631267,
0,51.42483139038086,1.7194286584854126,1.1590772867202759,1.4942619800567627,48.15478468500078,4.776988770868077,-4.028264999389648,1994,31,59,1,NOMINAL_OUTSIDE_CERTIFIED_SET,72.68123626708984,OUTBOUND,-44.821044921875,-0.14665395868590655,
0,51.83274459838867,1.7199615240097046,16.1697940826416,15.247339248657227,48.173138710000785,4.76491749559427,-3.982085704803467,1995,31,60,1,NOMINAL_OUTSIDE_CERTIFIED_SET,17.08686065673828,OUTBOUND,-45.27130126953125,-0.11759861356994583,
0,51.73480224609375,1.7204949855804443,31.768428802490234,30.067045211791992,48.194170929986285,4.752858343350371,-3.9718735218048096,1996,31,61,1,NOMINAL_OUTSIDE_CERTIFIED_SET,47.997947692871094,FAILURE,-45.14604187011719,-0.09230330198215624,
0,51.99650573730469,1.7210297584533691,16.43498420715332,15.366655349731445,48.21672247900278,5.4879676,-3.982854127883911,1997,32,1,1,NOMINAL_OUTSIDE_CERTIFIED_SET,36.83493423461914,OUTBOUND,-45.43339920043945,-0.01020132358994201,
0,52.42989730834961,1.7215629816055298,1.1982179880142212,0.5539000034332275,48.23674515099265,5.4758992,-3.93294095993042,1998,32,2,1,NOMINAL_OUTSIDE_CERTIFIED_SET,98.66557312011719,OUTBOUND,-45.55517578125,-0.01133557945106046,
0,51.686073303222656,1.7221022844314575,47.58667755126953,45.193145751953125,48.358112268004334,5.4637948,-4.070923328399658,1999,32,3,1,NOMINAL_OUTSIDE_CERTIFIED_SET,114.02572631835938,OUTBOUND,-45.055931091308594,-0.015383460743156973,
0,51.65752029418945,1.7226417064666748,32.41619110107422,30.748842239379883,48.37796332500875,5.4516544,-3.9719765186309814,2000,32,4,1,NOMINAL_OUTSIDE_CERTIFIED_SET,36.596168518066406,OUTBOUND,-44.9835205078125,-0.024272287792003466,
