accepted,actor_loss,alpha,critic_loss_1,critic_loss_2,elapsed_seconds,energy,entropy,environment_step,episode_id,episode_step,fallback,fallback_reason,gradient_norm,mission_phase,q_value_exec,reward,zonotope_volume
0,,,,,0.006685030995868146,29.9879676,,1,0,1,1,NOMINAL_OUTSIDE_CERTIFIED_SET,,OUTBOUND,,-0.01020132358994201,
0,,,,,0.012339992972556502,29.9758992,,2,0,2,1,NOMINAL_OUTSIDE_CERTIFIED_SET,,OUTBOUND,,-0.01133557945106046,
0,,,,,0.021138871990842745,29.963794800000002,,3,0,3,1,NOMINAL_OUTSIDE_CERTIFIED_SET,,OUTBOUND,,-0.015383460743156973,
0,,,,,0.030760130990529433,29.951654400000002,,4,0,4,1,NOMINAL_OUTSIDE_CERTIFIED_SET,,OUTBOUND,,-0.024272287792003466,
1,,,,,0.037924593983916566,29.939505944623452,,5,0,5,0,,,OUTBOUND,,-0.024337648595789043,
0,,,,,0.13862739998148754,29.927309690324037,,6,0,6,1,NOMINAL_OUTSIDE_CERTIFIED_SET,,OUTBOUND,,-0.032509285810512836,
1,,,,,0.14820449097896926,29.915099742298732,,7,0,7,0,,,OUTBOUND,,-0.08035836088779774,
1,,,,,0.1562762149842456,29.90286466960246,,8,0,8,0,,,OUTBOUND,,-0.09331271692036353,
0,,,,,0.16262074597761966,29.890623549486673,,9,0,9,1,NOMINAL_OUTSIDE_CERTIFIED_SET,,OUTBOUND,,-0.09759465611566721,
0,,,,,0.16833704197779298,29.878363726785288,,10,0,10,1,NOMINAL_OUTSIDE_CERTIFIED_SET,,OUTBOUND,,-0.14704510476370022,
0,,,,,0.17452144698472694,29.866096254940423,,11,0,11,1,NOMINAL_OUTSIDE_CERTIFIED_SET,,OUTBOUND,,-0.19387001712864185,
1,,,,,0.18412470998009667,29.85380516776645,,12,0,12,0,,,OUTBOUND,,-0.20850294214246265,
0,,,,,0.19315741999889724,29.841514217177465,,13,0,13,1,NOMINAL_OUTSIDE_CERTIFIED_SET,,OUTBOUND,,-0.23404957102049834,
0,,,,,0.19938247397658415,29.82920708513509,,14,0,14,1,INSUFFICIENT_RECOVERY_RESERVE,,OUTBOUND,,-0.2676400889132303,
1,,,,,0.20600632397690788,29.81693314336918,,15,0,15,0,,,OUTBOUND,,-0.26137204053527335,
1,,,,,0.2115313510003034,29.804688176914954,,16,0,16,0,,,OUTBOUND,,-0.26974529320919466,
0,,,,,0.2172589169931598,29.79240379056446,,17,0,17,1,NOMINAL_OUTSIDE_CERTIFIED_SET,,OUTBOUND,,-0.3175775361806644,
0,,,,,0.3226408169721253,29.780104244659515,,18,0,18,1,INSUFFICIENT_RECOVERY_RESERVE,,OUTBOUND,,-0.3437098485807862,
0,,,,,0.33183170299162157,29.76781878721172,,19,0,19,1,NOMINAL_OUTSIDE_CERTIFIED_SET,,OUTBOUND,,-0.3677371317675748,
0,,,,,0.3380435179860797,29.755513190437796,,20,0,20,1,INSUFFICIENT_RECOVERY_RESERVE,,OUTBOUND,,-0.3897508064061042,
0,,,,,0.3472270399797708,29.743223561136094,,21,0,21,1,NOMINAL_OUTSIDE_CERTIFIED_SET,,OUTBOUND,,-0.40991927365215103,
0,,,,,0.3529536959831603,29.73090722781256,,22,0,22,1,INSUFFICIENT_RECOVERY_RESERVE,,OUTBOUND,,-0.4283543295093505,
0,,,,,0.35765519199776463,29.718624431831145,,23,0,23,1,INSUFFICIENT_RECOVERY_RESERVE,,OUTBOUND,,-0.3955435149025087,
0,,,,,0.36462076497264206,29.70635282758134,,24,0,24,1,NOMINAL_OUTSIDE_CERTIFIED_SET,,OUTBOUND,,-0.4120551505680162,
1,,,,,0.3731311489827931,29.69406659432246,,25,0,25,0,,,OUTBOUND,,-0.43176117868788605,
0,,,,,0.3823839009855874,29.681801643633666,,26,0,26,1,NOMINAL_OUTSIDE_CERTIFIED_SET,,OUTBOUND,,-0.43631895583164776,
0,,,,,0.3919903509959113,29.669525276943848,,27,0,27,1,NOMINAL_OUTSIDE_CERTIFIED_SET,,OUTBOUND,,-0.4614782738586359,
0,,,,,0.39602083797217347,29.657226700031995,,28,0,28,1,INSUFFICIENT_RECOVERY_RESERVE,,OUTBOUND,,-0.4477783842263914,
0,,,,,0.4041244559921324,29.644942290385515,,29,0,29,1,NOMINAL_OUTSIDE_CERTIFIED_SET,,OUTBOUND,,-0.4607644296639509,
0,,,,,0.4078971989802085,29.63263385617715,,30,0,30,1,INSUFFICIENT_RECOVERY_RESERVE,,OUTBOUND,,-0.4727180339143007,
1,,,,,0.41350419298396446,29.620342790131232,,31,0,31,0,,,OUTBOUND,,-0.424416524870512,
0,,,,,0.4204712369828485,29.60807891534459,,32,0,32,1,NOMINAL_OUTSIDE_CERTIFIED_SET,,OUTBOUND,,-0.43029866255461957,
0,,,,,0.43005668197292835,29.595780860369366,,33,0,33,1,NOMINAL_OUTSIDE_CERTIFIED_SET,,OUTBOUND,,-0.49588572180352686,
0,,,,,0.4341342099942267,29.583459833324394,,34,0,34,1,INSUFFICIENT_RECOVERY_RESERVE,,OUTBOUND,,-0.5049337204298944,
0,,,,,0.5286601339757908,29.571172811685972,,35,0,35,1,INSUFFICIENT_RECOVERY_RESERVE,,OUTBOUND,,-0.4583710643436962,
0,,,,,0.5380247430002782,29.55889746716742,,36,0,36,1,NOMINAL_OUTSIDE_CERTIFIED_SET,,OUTBOUND,,-0.46908021079730156,
0,,,,,0.5441585909866262,29.546601845557717,,37,0,37,1,INSUFFICIENT_RECOVERY_RESERVE,,OUTBOUND,,-0.478975753349094,
0,,,,,0.5522981979884207,29.53431994417249,,38,0,38,1,NOMINAL_OUTSIDE_CERTIFIED_SET,,OUTBOUND,,-0.4888701462623466,
0,,,,,0.5560210999974515,29.522016331485112,,39,0,39,1,INSUFFICIENT_RECOVERY_RESERVE,,OUTBOUND,,-0.49799647854520335,
0,,,,,0.5647381659946404,29.50973790968913,,40,0,40,1,NOMINAL_OUTSIDE_CERTIFIED_SET,,OUTBOUND,,-0.5018206573925768,
0,,,,,0.569947134994436,29.497448937872154,,41,0,41,1,NO_GENERATOR_SET,,OUTBOUND,,-0.5424273867937983,
0,,,,,0.5751111739955377,29.48515178868967,,42,0,42,1,NO_GENERATOR_SET,,OUTBOUND,,-0.5540140351197175,
0,,,,,0.5786983579746448,29.472835245832883,,43,0,43,1,INSUFFICIENT_RECOVERY_RESERVE,,OUTBOUND,,-0.5272785734540771,
0,,,,,0.5822157629881985,29.460552288800613,,44,0,44,1,INSUFFICIENT_RECOVERY_RESERVE,,OUTBOUND,,-0.4772013032969148,
0,,,,,0.5893580720003229,29.44828086712642,,45,0,45,1,NOMINAL_OUTSIDE_CERTIFIED_SET,,OUTBOUND,,-0.48745804629385536,
0,,,,,0.5939290019741748,29.435987523336383,,46,0,46,1,INSUFFICIENT_RECOVERY_RESERVE,,OUTBOUND,,-0.49683432231543023,
0,,,,,0.6005965789954644,29.423708252581246,,47,0,47,1,NOMINAL_OUTSIDE_CERTIFIED_SET,,OUTBOUND,,-0.5060626307599352,
0,,,,,0.7032451009727083,29.41140569799011,,48,0,48,1,INSUFFICIENT_RECOVERY_RESERVE,,OUTBOUND,,-0.5144925135170616,
0,,,,,0.7119208309741225,29.399145980870763,,49,0,49,1,NOMINAL_OUTSIDE_CERTIFIED_SET,,OUTBOUND,,-0.5028151475984696,
0,,,,,0.7211374990001787,29.386876812339903,,50,0,50,1,NOMINAL_OUTSIDE_CERTIFIED_SET,,OUTBOUND,,-0.5186413115125048,
1,,,,,0.7273694479954429,29.37457193541365,,51,0,51,0,,,OUTBOUND,,-0.4961843066058789,
0,,,,,0.7340699599881191,29.362308563206515,,52,0,52,1,NOMINAL_OUTSIDE_CERTIFIED_SET,,OUTBOUND,,-0.4619066299434734,
1,,,,,0.7427738099941052,29.350062608150438,,53,0,53,0,,,OUTBOUND,,-0.4521955857323331,
1,,,,,0.7487808899895754,29.337791972757586,,54,0,54,0,,,OUTBOUND,,-0.4312148728569273,
0,,,,,0.7548222499899566,29.325532762780693,,55,0,55,1,NOMINAL_OUTSIDE_CERTIFIED_SET,,OUTBOUND,,-0.38528004493696044,
1,,,,,0.7641714329947717,29.31329165003372,,56,0,56,0,,,OUTBOUND,,-0.32479088978042275,
1,,,,,0.7735221049806569,29.30105966542658,,57,0,57,0,,,OUTBOUND,,-0.26159223481623967,
1,,,,,0.7817761079932097,29.288915144000416,,58,0,58,0,,,OUTBOUND,,-0.24366873901986877,
1,,,,,0.8841261789784767,29.276741353384526,,59,0,59,0,,,OUTBOUND,,-0.2291538745018016,
0,,,,,0.8905314929725137,29.264606629908087,,60,0,60,1,NOMINAL_OUTSIDE_CERTIFIED_SET,,OUTBOUND,,-0.18355288768845232,
0,,,,,0.8961519949953072,29.25250320739767,,61,0,61,1,NOMINAL_OUTSIDE_CERTIFIED_SET,,OUTBOUND,,-0.14361919285995464,
0,,,,,0.9018167249741964,29.240426565520586,,62,0,62,1,NOMINAL_OUTSIDE_CERTIFIED_SET,,FAILURE,,-0.10934116288448871,
0,,,,,0.9111406519950833,29.9879676,,63,1,1,1,NOMINAL_OUTSIDE_CERTIFIED_SET,,OUTBOUND,,-0.01020132358994201,
0,,,,,0.9163733739987947,29.9758992,,64,1,2,1,NOMINAL_OUTSIDE_CERTIFIED_SET,,OUTBOUND,,-0.01133557945106046,
0,,,,,0.9221580569865182,29.963794800000002,,65,1,3,1,NOMINAL_OUTSIDE_CERTIFIED_SET,,OUTBOUND,,-0.015383460743156973,
0,,,,,0.9276121399889234,29.951654400000002,,66,1,4,1,NOMINAL_OUTSIDE_CERTIFIED_SET,,OUTBOUND,,-0.024272287792003466,
0,,,,,0.9335469959769398,29.939478,,67,1,5,1,NOMINAL_OUTSIDE_CERTIFIED_SET,,OUTBOUND,,-0.03987839345533087,
0,,,,,0.9393506449996494,29.927265600000002,,68,1,6,1,NOMINAL_OUTSIDE_CERTIFIED_SET,,OUTBOUND,,-0.06395244360685569,
0,,,,,0.9448523019964341,29.9150172,,69,1,7,1,NOMINAL_OUTSIDE_CERTIFIED_SET,,OUTBOUND,,-0.09799918910060242,
1,,,,,0.9505385879892856,29.902750700376046,,70,1,8,0,,,OUTBOUND,,-0.11942414209147562,
1,,,,,0.9570328379923012,29.890472160443085,,71,1,9,0,,,OUTBOUND,,-0.13056296930000816,
0,,,,,0.9647209389950149,29.878245983423863,,72,1,10,1,NOMINAL_OUTSIDE_CERTIFIED_SET,,OUTBOUND,,-0.15924746985551116,
0,,,,,0.9708762009977363,29.86600872545887,,73,1,11,1,NOMINAL_OUTSIDE_CERTIFIED_SET,,OUTBOUND,,-0.19553554641517243,
0,,,,,0.9763898179808166,29.853762889874723,,74,1,12,1,NOMINAL_OUTSIDE_CERTIFIED_SET,,OUTBOUND,,-0.2238050505218294,
0,,,,,1.080972939991625,29.84148279851264,,75,1,13,1,NOMINAL_OUTSIDE_CERTIFIED_SET,,OUTBOUND,,-0.2633364706767013,
0,,,,,1.0847154969815165,29.829179289047065,,76,1,14,1,INSUFFICIENT_RECOVERY_RESERVE,,OUTBOUND,,-0.28979284282677265,
0,,,,,1.090280812990386,29.816891637713738,,77,1,15,1,NOMINAL_OUTSIDE_CERTIFIED_SET,,OUTBOUND,,-0.3153059741189868,
0,,,,,1.0942777209857013,29.80457949467742,,78,1,16,1,INSUFFICIENT_RECOVERY_RESERVE,,OUTBOUND,,-0.3393236676892897,
0,,,,,1.098725307994755,29.79230045721495,,79,1,17,1,INSUFFICIENT_RECOVERY_RESERVE,,OUTBOUND,,-0.3223763532861067,
0,,,,,1.1084443609870505,29.78003224074893,,80,1,18,1,NOMINAL_OUTSIDE_CERTIFIED_SET,,OUTBOUND,,-0.3425435033002841,
0,,,,,1.1158832239743788,29.76774223328183,,81,1,19,1,INSUFFICIENT_RECOVERY_RESERVE,,OUTBOUND,,-0.36158882799570186,
0,,,,,1.1267427439743187,29.755465330037467,,82,1,20,1,NOMINAL_OUTSIDE_CERTIFIED_SET,,OUTBOUND,,-0.38012569885083963,
0,,,,,1.1355342739843763,29.74316540455311,,83,1,21,1,INSUFFICIENT_RECOVERY_RESERVE,,OUTBOUND,,-0.3974662214930914,
0,,,,,1.14676544899703,29.73088068019377,,84,1,22,1,NOMINAL_OUTSIDE_CERTIFIED_SET,,OUTBOUND,,-0.41424272941215884,
0,,,,,1.1529795859823935,29.7185714881416,,85,1,23,1,INSUFFICIENT_RECOVERY_RESERVE,,OUTBOUND,,-0.42982768444607555,
1,,,,,1.1607374609739054,29.706302590639194,,86,1,24,0,,,OUTBOUND,,-0.43121329400995906,
0,,,,,1.17126590499538,29.69400460323282,,87,1,25,1,NOMINAL_OUTSIDE_CERTIFIED_SET,,OUTBOUND,,-0.4642195773775165,
0,,,,,1.2700444519869052,29.68170414902348,,88,1,26,1,NO_GENERATOR_SET,,OUTBOUND,,-0.48238729602451386,
0,,,,,1.276050985994516,29.669387237569754,,89,1,27,1,INSUFFICIENT_RECOVERY_RESERVE,,OUTBOUND,,-0.46518583300063615,
1,,,,,1.2847075919853523,29.657112751147196,,90,1,28,0,,,OUTBOUND,,-0.44875318181598023,
0,,,,,1.2902699669939466,29.64481818140054,,91,1,29,1,INSUFFICIENT_RECOVERY_RESERVE,,OUTBOUND,,-0.4340372418023435,
0,,,,,1.3000819459848572,29.632536642653747,,92,1,30,1,NOMINAL_OUTSIDE_CERTIFIED_SET,,OUTBOUND,,-0.447052236170862,
0,,,,,1.3065774999849964,29.620233298683846,,93,1,31,1,INSUFFICIENT_RECOVERY_RESERVE,,OUTBOUND,,-0.4590828588739443,
0,,,,,1.316743093979312,29.607945006580554,,94,1,32,1,NOMINAL_OUTSIDE_CERTIFIED_SET,,OUTBOUND,,-0.47105390859127216,
0,,,,,1.3249423569941428,29.59563386841097,,95,1,33,1,INSUFFICIENT_RECOVERY_RESERVE,,OUTBOUND,,-0.4820784466856488,
1,,,,,1.3348190779797733,29.583369865491758,,96,1,34,0,,,OUTBOUND,,-0.46720494926780887,
0,,,,,1.3414941209775861,29.571087013063167,,97,1,35,1,INSUFFICIENT_RECOVERY_RESERVE,,OUTBOUND,,-0.4533515092842787,
0,,,,,1.3511709749873262,29.558815320161656,,98,1,36,1,NOMINAL_OUTSIDE_CERTIFIED_SET,,OUTBOUND,,-0.4645202577183548,
0,,,,,1.4518102759902831,29.546522853812817,,99,1,37,1,INSUFFICIENT_RECOVERY_RESERVE,,OUTBOUND,,-0.4748209854948384,
0,,,,,1.4575142079847865,29.534243710508317,,100,1,38,1,NOMINAL_OUTSIDE_CERTIFIED_SET,,OUTBOUND,,-0.48519754022685174,
0,,,,,1.4608988989784848,29.521941719645437,,101,1,39,1,INSUFFICIENT_RECOVERY_RESERVE,,OUTBOUND,,-0.49474321103840085,
0,,,,,1.4668873429764062,29.509673946937163,,102,1,40,1,NOMINAL_OUTSIDE_CERTIFIED_SET,,OUTBOUND,,-0.4926431737785334,
1,,,,,1.4734204829728696,29.497393416966588,,103,1,41,0,,,OUTBOUND,,-0.5129332033953913,
1,,,,,1.4800164259795565,29.485095893825704,,104,1,42,0,,,OUTBOUND,,-0.526189433917786,
0,,,,,1.4862620149797294,29.472766102071255,,105,1,43,1,INSUFFICIENT_RECOVERY_RESERVE,,OUTBOUND,,-0.5159723746130926,
0,,,,,1.492317373980768,29.460471186284792,,106,1,44,1,INSUFFICIENT_RECOVERY_RESERVE,,OUTBOUND,,-0.46723291988054466,
0,,,,,1.501881701988168,29.448188257471863,,107,1,45,1,NOMINAL_OUTSIDE_CERTIFIED_SET,,OUTBOUND,,-0.4793965662746334,
0,,,,,1.509377466980368,29.43588993226447,,108,1,46,1,INSUFFICIENT_RECOVERY_RESERVE,,OUTBOUND,,-0.49040614385063863,
0,,,,,1.518897591973655,29.423614097612955,,109,1,47,1,NOMINAL_OUTSIDE_CERTIFIED_SET,,OUTBOUND,,-0.496155796458792,
0,,,,,1.5266266869730316,29.411332053353995,,110,1,48,1,NOMINAL_OUTSIDE_CERTIFIED_SET,,OUTBOUND,,-0.5398879145402014,
0,,,,,1.533969628973864,29.399043219263927,,111,1,49,1,NO_GENERATOR_SET,,OUTBOUND,,-0.5534935086462441,
0,,,,,1.5397785809764173,29.38675054345197,,112,1,50,1,NO_GENERATOR_SET,,OUTBOUND,,-0.5442015586193452,
0,,,,,1.5497486739768647,29.37446187965336,,113,1,51,1,NOMINAL_OUTSIDE_CERTIFIED_SET,,OUTBOUND,,-0.5182179876538324,
1,,,,,1.655331894988194,29.36217738455696,,114,1,52,0,,,OUTBOUND,,-0.4786884029284734,
0,,,,,1.6609911079867743,29.349918329883664,,115,1,53,1,NOMINAL_OUTSIDE_CERTIFIED_SET,,OUTBOUND,,-0.43253094025224276,
0,,,,,1.6669574939878657,29.33768623668832,,116,1,54,1,NOMINAL_OUTSIDE_CERTIFIED_SET,,OUTBOUND,,-0.3852886591145466,
1,,,,,1.674866987974383,29.325491021396225,,117,1,55,0,,,OUTBOUND,,-0.37756766994727115,
0,,,,,1.680842991976533,29.313243157794098,,118,1,56,1,NOMINAL_OUTSIDE_CERTIFIED_SET,,OUTBOUND,,-0.35861425133485253,
1,,,,,1.686050673975842,29.301063379058448,,119,1,57,0,,,OUTBOUND,,-0.3092688272471374,
1,,,,,1.6913785199867561,29.288892830969544,,120,1,58,0,,,OUTBOUND,,-0.28277894774425905,
1,,,,,1.696698090992868,29.276701520432166,,121,1,59,0,,,OUTBOUND,,-0.25043511041299604,
1,,,,,1.7028842709842138,29.264552132272723,,122,1,60,0,,,OUTBOUND,,-0.2195610343261526,
0,,,,,1.7100568829919212,29.252396178064764,,123,1,61,1,NOMINAL_OUTSIDE_CERTIFIED_SET,,OUTBOUND,,-0.17427386155449875,
0,,,,,1.7174995699897408,29.240296392124122,,124,1,62,1,NOMINAL_OUTSIDE_CERTIFIED_SET,,FAILURE,,-0.11251179810130912,
1,,,,,1.7276517069840338,29.987976227877354,,125,2,1,0,,,OUTBOUND,,-0.030173060267174895,
0,,,,,1.7378448749950621,29.975891615314364,,126,2,2,1,NOMINAL_OUTSIDE_CERTIFIED_SET,,OUTBOUND,,-0.044821762127369644,
0,,,,,1.8364772829809226,29.963780234984945,,127,2,3,1,NOMINAL_OUTSIDE_CERTIFIED_SET,,OUTBOUND,,-0.03663017024595818,
0,,,,,1.8426333569805138,29.951640420646942,,128,2,4,1,NOMINAL_OUTSIDE_CERTIFIED_SET,,OUTBOUND,,-0.03443564327930688,
0,,,,,1.8488611259963363,29.939470671461464,,129,2,5,1,NOMINAL_OUTSIDE_CERTIFIED_SET,,OUTBOUND,,-0.039920001645069376,
0,,,,,1.8545912229747046,29.927269664693846,,130,2,6,1,NOMINAL_OUTSIDE_CERTIFIED_SET,,OUTBOUND,,-0.05468220003721644,
0,,,,,1.8600774079968687,29.915035436766733,,131,2,7,1,NOMINAL_OUTSIDE_CERTIFIED_SET,,OUTBOUND,,-0.08015339658645583,
0,,,,,1.8654803449753672,29.902762674143137,,132,2,8,1,NOMINAL_OUTSIDE_CERTIFIED_SET,,OUTBOUND,,-0.11745732004207347,
0,,,,,1.8710862029984128,29.89047355711804,,133,2,9,1,NOMINAL_OUTSIDE_CERTIFIED_SET,,OUTBOUND,,-0.16253603102377653,
0,,,,,1.8754038569750264,29.878151671392047,,134,2,10,1,INSUFFICIENT_RECOVERY_RESERVE,,OUTBOUND,,-0.19350574520321645,
0,,,,,1.8840690549986903,29.865881226840195,,135,2,11,1,NOMINAL_OUTSIDE_CERTIFIED_SET,,OUTBOUND,,-0.21375470508957914,
1,,,,,1.894070306996582,29.853572480469495,,136,2,12,0,,,OUTBOUND,,-0.2206558484040699,
0,,,,,1.9052049579913728,29.841287507805685,,137,2,13,1,NOMINAL_OUTSIDE_CERTIFIED_SET,,OUTBOUND,,-0.24008932465087837,
0,,,,,2.014026180986548,29.828985415758694,,138,2,14,1,INSUFFICIENT_RECOVERY_RESERVE,,OUTBOUND,,-0.26751366854675873,
1,,,,,2.020589662977727,29.816709956065562,,139,2,15,0,,,OUTBOUND,,-0.2597199793873013,
1,,,,,2.025713689974509,29.804475802958407,,140,2,16,0,,,OUTBOUND,,-0.28445480716973076,
0,,,,,2.0309477539849468,29.792192472005638,,141,2,17,1,NOMINAL_OUTSIDE_CERTIFIED_SET,,OUTBOUND,,-0.3393671810031368,
0,,,,,2.0343445539765526,29.77989484760408,,142,2,18,1,INSUFFICIENT_RECOVERY_RESERVE,,OUTBOUND,,-0.35439896678960836,
0,,,,,2.0411987289844546,29.767610260733928,,143,2,19,1,NOMINAL_OUTSIDE_CERTIFIED_SET,,OUTBOUND,,-0.3698509531817569,
0,,,,,2.0480580359871965,29.75530874153527,,144,2,20,1,INSUFFICIENT_RECOVERY_RESERVE,,OUTBOUND,,-0.3847618407998025,
0,,,,,2.057418896991294,29.743021926447454,,145,2,21,1,NOMINAL_OUTSIDE_CERTIFIED_SET,,OUTBOUND,,-0.3998953941024443,
0,,,,,2.061667669971939,29.730714888135264,,146,2,22,1,INSUFFICIENT_RECOVERY_RESERVE,,OUTBOUND,,-0.41427528423552423,
0,,,,,2.0678248969779816,29.718424268274717,,147,2,23,1,NOMINAL_OUTSIDE_CERTIFIED_SET,,OUTBOUND,,-0.42870641142782967,
0,,,,,2.0714662479877006,29.706108260041976,,148,2,24,1,INSUFFICIENT_RECOVERY_RESERVE,,OUTBOUND,,-0.4422586747652372,
1,,,,,2.078819686983479,29.693823324913122,,149,2,25,0,,,OUTBOUND,,-0.44934657422048846,
1,,,,,2.08773941398249,29.681494758739404,,150,2,26,0,,,OUTBOUND,,-0.47014504967147647,
0,,,,,2.0969086029799655,29.669182839533754,,151,2,27,1,NOMINAL_OUTSIDE_CERTIFIED_SET,,OUTBOUND,,-0.4606686624267759,
1,,,,,2.1062192079843953,29.65688030571371,,152,2,28,0,,,OUTBOUND,,-0.4362904427007423,
1,,,,,2.1125701529963408,29.644613402104763,,153,2,29,0,,,OUTBOUND,,-0.40464667562688017,
0,,,,,2.213261890981812,29.632329873805148,,154,2,30,1,NOMINAL_OUTSIDE_CERTIFIED_SET,,OUTBOUND,,-0.41678470930049377,
0,,,,,2.2231533549784217,29.620029160784814,,155,2,31,1,NOMINAL_OUTSIDE_CERTIFIED_SET,,OUTBOUND,,-0.4685315962489495,
0,,,,,2.2289454839774407,29.60772061143298,,156,2,32,1,INSUFFICIENT_RECOVERY_RESERVE,,OUTBOUND,,-0.47411910186842404,
0,,,,,2.238366045989096,29.595427061968273,,157,2,33,1,NOMINAL_OUTSIDE_CERTIFIED_SET,,OUTBOUND,,-0.48130927505473503,
0,,,,,2.2456510859774426,29.583105405032324,,158,2,34,1,INSUFFICIENT_RECOVERY_RESERVE,,OUTBOUND,,-0.4883454052720278,
0,,,,,2.252494102984201,29.570817829226637,,159,2,35,1,INSUFFICIENT_RECOVERY_RESERVE,,OUTBOUND,,-0.444246699695044,
1,,,,,2.2589197229826823,29.5585736721308,,160,2,36,0,,,OUTBOUND,,-0.42416868347679276,
0,,,,,2.2653035759867635,29.546295064603584,,161,2,37,1,NOMINAL_OUTSIDE_CERTIFIED_SET,,OUTBOUND,,-0.45626500247227075,
0,,,,,2.269499721995089,29.533992924160604,,162,2,38,1,INSUFFICIENT_RECOVERY_RESERVE,,OUTBOUND,,-0.465143612526889,
0,,,,,2.2781613059923984,29.521704602799314,,163,2,39,1,NOMINAL_OUTSIDE_CERTIFIED_SET,,OUTBOUND,,-0.4749280659583404,
0,,,,,2.2835138109803665,29.509392183043026,,164,2,40,1,INSUFFICIENT_RECOVERY_RESERVE,,OUTBOUND,,-0.4840455267103748,
0,,,,,2.2917443399783224,29.497119487158272,,165,2,41,1,NOMINAL_OUTSIDE_CERTIFIED_SET,,OUTBOUND,,-0.4781142249374468,
0,,,,,2.2974363819812424,29.484833161321532,,166,2,42,1,NOMINAL_OUTSIDE_CERTIFIED_SET,,OUTBOUND,,-0.5006068263358157,
0,,,,,2.386655618000077,29.472521650817193,,167,2,43,1,INSUFFICIENT_RECOVERY_RESERVE,,OUTBOUND,,-0.4818147993855076,
0,,,,,2.3961567349906545,29.460225932404416,,168,2,44,1,NOMINAL_OUTSIDE_CERTIFIED_SET,,OUTBOUND,,-0.49246896525319556,
0,,,,,2.4010328549775295,29.44790536774539,,169,2,45,1,INSUFFICIENT_RECOVERY_RESERVE,,OUTBOUND,,-0.5022005882621936,
0,,,,,2.4073332339758053,29.435602572869715,,170,2,46,1,NOMINAL_OUTSIDE_CERTIFIED_SET,,OUTBOUND,,-0.5120717527205092,
0,,,,,2.4114724329847377,29.42327484471377,,171,2,47,1,INSUFFICIENT_RECOVERY_RESERVE,,OUTBOUND,,-0.521061775066851,
0,,,,,2.4187233869743068,29.410988574624263,,172,2,48,1,NOMINAL_OUTSIDE_CERTIFIED_SET,,OUTBOUND,,-0.5153814411620892,
0,,,,,2.4296865729847923,29.39869226865658,,173,2,49,1,NO_GENERATOR_SET,,OUTBOUND,,-0.5415152216178245,
0,,,,,2.4381125449726824,29.386391428303703,,174,2,50,1,NO_GENERATOR_SET,,OUTBOUND,,-0.5420650595584232,
0,,,,,2.4472220949828625,29.374093883857256,,175,2,51,1,NO_GENERATOR_SET,,OUTBOUND,,-0.5235260229399576,
1,,,,,2.4567094649828505,29.361800051813063,,176,2,52,0,,,OUTBOUND,,-0.5123347570812646,
1,,,,,2.4628835979965515,29.349468527214217,,177,2,53,0,,,OUTBOUND,,-0.521432817956093,
0,,,,,2.4692223189922515,29.337139832406407,,178,2,54,1,NOMINAL_OUTSIDE_CERTIFIED_SET,,OUTBOUND,,-0.4948774301676749,
1,,,,,2.560686218988849,29.32487929806984,,179,2,55,0,,,OUTBOUND,,-0.4595779808876533,
1,,,,,2.5699513319996186,29.31261316152116,,180,2,56,0,,,OUTBOUND,,-0.43065353741157697,
0,,,,,2.579687628982356,29.30035081417365,,181,2,57,1,NOMINAL_OUTSIDE_CERTIFIED_SET,,OUTBOUND,,-0.37098628331008726,
1,,,,,2.588449477974791,29.28815096666442,,182,2,58,0,,,OUTBOUND,,-0.32981710094617933,
0,,,,,2.5946277479815762,29.27594323885746,,183,2,59,1,NOMINAL_OUTSIDE_CERTIFIED_SET,,OUTBOUND,,-0.28663432151354357,
1,,,,,2.600344939972274,29.26377833367542,,184,2,60,0,,,OUTBOUND,,-0.23743871253741522,
0,,,,,2.606428651983151,29.251603481370264,,185,2,61,1,NOMINAL_OUTSIDE_CERTIFIED_SET,,OUTBOUND,,-0.18604515412167738,
0,,,,,2.612268328986829,29.239476953921624,,186,2,62,1,NOMINAL_OUTSIDE_CERTIFIED_SET,,OUTBOUND,,-0.11331170108621942,
1,,,,,2.621440792980138,29.227404828686687,,187,2,63,0,,,OUTBOUND,,-0.10252586261610323,
0,,,,,2.630923182994593,29.215283621849373,,188,2,64,1,NOMINAL_OUTSIDE_CERTIFIED_SET,,OUTBOUND,,-0.09126780287214209,
0,,,,,2.640045233973069,29.203224207517447,,189,2,65,1,NOMINAL_OUTSIDE_CERTIFIED_SET,,OUTBOUND,,-0.027801295258429604,
0,,,,,2.647107128985226,29.191193449450637,,190,2,66,1,NOMINAL_OUTSIDE_CERTIFIED_SET,,OUTBOUND,,0.019677325421027677,
0,,,,,2.6537722569773905,29.179155806218457,,191,2,67,1,NOMINAL_OUTSIDE_CERTIFIED_SET,,OUTBOUND,,0.05364693711190112,
1,,,,,2.6608444869925734,29.167096662458945,,192,2,68,0,,,OUTBOUND,,0.08919444129192602,
0,,,,,2.67165426898282,29.1550147295457,,193,2,69,1,NOMINAL_OUTSIDE_CERTIFIED_SET,,OUTBOUND,,0.11185830882561978,
1,,,,,2.6809291839890648,29.142908791370356,,194,2,70,0,,,FAILURE,,0.089901095385554,
0,,,,,2.7948670989717357,29.9879676,,195,3,1,1,NOMINAL_OUTSIDE_CERTIFIED_SET,,OUTBOUND,,-0.01020132358994201,
0,,,,,2.8008481589786243,29.9758992,,196,3,2,1,NOMINAL_OUTSIDE_CERTIFIED_SET,,OUTBOUND,,-0.01133557945106046,
0,,,,,2.806273128982866,29.963794800000002,,197,3,3,1,NOMINAL_OUTSIDE_CERTIFIED_SET,,OUTBOUND,,-0.015383460743156973,
1,,,,,2.812487823975971,29.951673492418774,,198,3,4,0,,,OUTBOUND,,-0.0024205456684712953,
1,,,,,2.819195478979964,29.939537451364664,,199,3,5,0,,,OUTBOUND,,0.025802612067521366,
1,,,,,2.8260026009811554,29.927409946646687,,200,3,6,0,,,OUTBOUND,,0.018135898697426017,
0,4.104301929473877,1.0003000497817993,20.194644927978516,19.688838958740234,2.936597001971677,29.915278198986176,-3.923563241958618,201,3,7,1,NOMINAL_OUTSIDE_CERTIFIED_SET,26.671871185302734,OUTBOUND,-0.14754825830459595,-0.013105196214743757,
1,4.199445724487305,1.0006005764007568,19.2272891998291,18.72478485107422,2.9550680959946476,29.903146192512708,-3.982189655303955,202,3,8,0,,26.800106048583984,OUTBOUND,-0.18215778470039368,-0.03583265887633282,
0,4.200200080871582,1.0009009838104248,19.714996337890625,19.21652603149414,2.970846261974657,29.891009871369377,-3.950906753540039,203,3,9,1,NOMINAL_OUTSIDE_CERTIFIED_SET,27.15335464477539,OUTBOUND,-0.21471497416496277,-0.056523029536378874,
0,4.390725135803223,1.0012025833129883,18.08116340637207,17.62347984313965,2.983779334987048,29.878837522863662,-4.1091179847717285,204,3,10,1,NOMINAL_OUTSIDE_CERTIFIED_SET,26.348417282104492,OUTBOUND,-0.24650363624095917,-0.08191043441371017,
0,4.199326038360596,1.001502275466919,17.809396743774414,17.383163452148438,2.9991393189993687,29.866626981169844,-3.8872230052948,205,3,11,1,NOMINAL_OUTSIDE_CERTIFIED_SET,26.219432830810547,OUTBOUND,-0.27658435702323914,-0.11365766268678305,
1,4.290504455566406,1.0018017292022705,17.59453773498535,17.188404083251953,3.017247123993002,29.854385860161443,-3.9421095848083496,206,3,12,0,,26.956350326538086,OUTBOUND,-0.31070804595947266,-0.12144403649684726,
0,4.272218704223633,1.0021002292633057,17.129941940307617,16.75171661376953,3.032944068982033,29.842119220263047,-3.8919923305511475,207,3,13,1,NOMINAL_OUTSIDE_CERTIFIED_SET,26.97291374206543,OUTBOUND,-0.3414298892021179,-0.13997399271499122,
0,4.398576736450195,1.0023995637893677,16.659038543701172,16.322431564331055,3.1497789759887382,29.829852033649917,-3.9849419593811035,208,3,14,1,NOMINAL_OUTSIDE_CERTIFIED_SET,27.024324417114258,OUTBOUND,-0.3723856806755066,-0.19194996689047622,
0,4.372126579284668,1.002698540687561,15.720139503479004,15.411399841308594,3.1731276699865703,29.817585875025436,-3.9215452671051025,209,3,15,1,NOMINAL_OUTSIDE_CERTIFIED_SET,27.33740997314453,OUTBOUND,-0.4075385332107544,-0.23110412975716915,
1,4.4946441650390625,1.00299870967865,15.511154174804688,15.22429370880127,3.1930157159804367,29.805320099031626,-4.011305809020996,210,3,16,0,,27.833009719848633,OUTBOUND,-0.43850529193878174,-0.24915182596978921,
0,4.4686079025268555,1.0032989978790283,15.747880935668945,15.51990795135498,3.2057356469740625,29.793036238184428,-3.9514198303222656,211,3,17,1,NOMINAL_OUTSIDE_CERTIFIED_SET,29.189390182495117,OUTBOUND,-0.4715404808521271,-0.2835894698960364,
0,4.498123645782471,1.0035990476608276,15.60469913482666,15.392200469970703,3.2174698029994033,29.780735335354592,-3.94364333152771,212,3,18,1,INSUFFICIENT_RECOVERY_RESERVE,29.72739028930664,OUTBOUND,-0.5078660249710083,-0.31226623691797467,
0,4.543996810913086,1.0038992166519165,15.198904037475586,15.021807670593262,3.2354141069808975,29.768449212444626,-3.95178484916687,213,3,19,1,NOMINAL_OUTSIDE_CERTIFIED_SET,30.12328338623047,OUTBOUND,-0.5426619052886963,-0.3387057739291869,
0,4.495290756225586,1.0041978359222412,15.089620590209961,14.96237850189209,3.2467521939834114,29.756137685436364,-3.8677213191986084,214,3,20,1,INSUFFICIENT_RECOVERY_RESERVE,31.073566436767578,OUTBOUND,-0.576560378074646,-0.36313162799658966,
1,4.621024131774902,1.0044968128204346,14.51413345336914,14.456672668457031,3.2624454139731824,29.74386891236822,-3.9521090984344482,215,3,21,0,,31.451736450195312,OUTBOUND,-0.6144942045211792,-0.355285678685403,
0,4.5709991455078125,1.0047943592071533,13.981819152832031,13.96871280670166,3.2801363109902013,29.731568727530654,-3.863745927810669,216,3,22,1,INSUFFICIENT_RECOVERY_RESERVE,31.660400390625,OUTBOUND,-0.6496108174324036,-0.34761876077158316,
0,4.719822406768799,1.0050928592681885,13.565240859985352,13.582477569580078,3.3033629389829002,29.71928118458241,-3.9701175689697266,217,3,23,1,NOMINAL_OUTSIDE_CERTIFIED_SET,32.25623321533203,OUTBOUND,-0.6875012516975403,-0.3715853759232435,
0,4.755847930908203,1.005392074584961,13.288529396057129,13.355140686035156,3.3158748019777704,29.706978687916273,-3.959122657775879,218,3,24,1,INSUFFICIENT_RECOVERY_RESERVE,33.0363655090332,OUTBOUND,-0.7312530279159546,-0.39340022380468265,
1,4.760179042816162,1.0056910514831543,13.340770721435547,13.451227188110352,3.4365686329838354,29.694720440233365,-3.9172401428222656,219,3,25,0,,34.69099426269531,OUTBOUND,-0.7741261124610901,-0.388304337387425,
0,4.852884769439697,1.0059902667999268,12.56128215789795,12.739615440368652,3.4587108599953353,29.68242392619493,-3.9469640254974365,220,3,26,1,NOMINAL_OUTSIDE_CERTIFIED_SET,34.61188507080078,OUTBOUND,-0.8334878087043762,-0.4307029321653809,
0,4.827728748321533,1.0062885284423828,12.413557052612305,12.6082181930542,3.4774930459971074,29.670104829352205,-3.8798952102661133,221,3,27,1,INSUFFICIENT_RECOVERY_RESERVE,36.03107833862305,OUTBOUND,-0.8730444312095642,-0.4451302100837771,
1,4.95668363571167,1.006587266921997,12.384052276611328,12.622207641601562,3.4964969699794892,29.657805662961685,-3.9501137733459473,222,3,28,0,,36.938716888427734,OUTBOUND,-0.9279175400733948,-0.4151663276781932,
1,4.985296249389648,1.0068860054016113,11.807170867919922,12.07601261138916,3.511544063978363,29.64552374611316,-3.9203786849975586,223,3,29,0,,38.00724411010742,OUTBOUND,-0.9829434156417847,-0.37897728774860956,
0,5.054197311401367,1.0071848630905151,11.325326919555664,11.635404586791992,3.526673634973122,29.633290035718836,-3.9293742179870605,224,3,30,1,NOMINAL_OUTSIDE_CERTIFIED_SET,38.10474395751953,OUTBOUND,-1.0399595499038696,-0.37036073155816523,
0,5.066706657409668,1.0074827671051025,10.956596374511719,11.300310134887695,3.540616030979436,29.621021023145147,-3.8772358894348145,225,3,31,1,NOMINAL_OUTSIDE_CERTIFIED_SET,38.415992736816406,OUTBOUND,-1.1015678644180298,-0.41577587999616655,
0,5.1464762687683105,1.0077803134918213,10.96850299835205,11.32269287109375,3.5533330909966026,29.60872190780675,-3.9027392864227295,226,3,32,1,NOMINAL_OUTSIDE_CERTIFIED_SET,40.26441192626953,OUTBOUND,-1.1526776552200317,-0.47481143527175695,
0,5.259670257568359,1.0080785751342773,9.918561935424805,10.312020301818848,3.5666105529817287,29.59640402506316,-3.946654796600342,227,3,33,1,INSUFFICIENT_RECOVERY_RESERVE,39.69240188598633,OUTBOUND,-1.2183622121810913,-0.4828817093743932,
0,5.284395694732666,1.0083765983581543,9.772767066955566,10.195752143859863,3.5819408649986144,29.584103589996896,-3.903641700744629,228,3,34,1,NOMINAL_OUTSIDE_CERTIFIED_SET,40.928096771240234,OUTBOUND,-1.28301203250885,-0.491311305666061,
0,5.3508992195129395,1.0086743831634521,9.493696212768555,9.934733390808105,3.5963864059885964,29.571782089669455,-3.905806064605713,229,3,35,1,INSUFFICIENT_RECOVERY_RESERVE,41.51291275024414,OUTBOUND,-1.3438764810562134,-0.49932598367188513,
0,5.424900054931641,1.008971929550171,8.909932136535645,9.345675468444824,3.6141749429807533,29.559494675367013,-3.8988399505615234,230,3,36,1,INSUFFICIENT_RECOVERY_RESERVE,41.870338439941406,OUTBOUND,-1.4207688570022583,-0.4540176364506994,
0,5.473394393920898,1.0092687606811523,8.743213653564453,9.217813491821289,3.6339591819851194,29.54721904535487,-3.8806774616241455,231,3,37,1,NOMINAL_OUTSIDE_CERTIFIED_SET,43.56378173828125,OUTBOUND,-1.4845616817474365,-0.4639428979397463,
0,5.567076683044434,1.0095653533935547,8.634456634521484,9.14383316040039,3.651183256995864,29.534924234795348,-3.897268772125244,232,3,38,1,INSUFFICIENT_RECOVERY_RESERVE,43.50677490234375,OUTBOUND,-1.5574630498886108,-0.4732440427684036,
0,5.655409336090088,1.009861946105957,8.11707878112793,8.621980667114258,3.6728894419793505,29.522643201040072,-3.897780418395996,233,3,39,1,NOMINAL_OUTSIDE_CERTIFIED_SET,45.367713928222656,OUTBOUND,-1.6414343118667603,-0.48288973377623834,
0,5.7147626876831055,1.0101579427719116,7.891290187835693,8.422187805175781,3.809462581994012,29.510340316081848,-3.8782155513763428,234,3,40,1,INSUFFICIENT_RECOVERY_RESERVE,45.38829040527344,OUTBOUND,-1.7166081666946411,-0.4918687112324259,
0,5.811267852783203,1.0104540586471558,7.443398952484131,7.970155715942383,3.829773896984989,29.498053160913212,-3.9020371437072754,235,3,41,1,NOMINAL_OUTSIDE_CERTIFIED_SET,46.42270278930664,OUTBOUND,-1.785543441772461,-0.5010914588330171,
0,5.9209723472595215,1.0107505321502686,6.875648498535156,7.37664794921875,3.84312027899432,29.485739647932302,-3.913879632949829,236,3,42,1,INSUFFICIENT_RECOVERY_RESERVE,45.24848556518555,OUTBOUND,-1.8795459270477295,-0.50963023430582,
0,5.989650726318359,1.0110467672348022,6.2390899658203125,6.754077911376953,3.855963828973472,29.473459650036812,-3.8840770721435547,237,3,43,1,NOMINAL_OUTSIDE_CERTIFIED_SET,45.80109786987305,OUTBOUND,-1.9744043350219727,-0.5090312133041403,
0,6.1385908126831055,1.0113441944122314,6.182468414306641,6.705334663391113,3.868689363996964,29.461167382934878,-3.946159839630127,238,3,44,1,NO_GENERATOR_SET,47.145965576171875,OUTBOUND,-2.056241273880005,-0.542622192492584,
0,6.178357124328613,1.011641502380371,5.475268363952637,5.950105667114258,3.8820249289856292,29.44886706655331,-3.8958840370178223,239,3,45,1,NO_GENERATOR_SET,43.342037200927734,OUTBOUND,-2.1439945697784424,-0.5490225628168078,
0,6.23972225189209,1.0119378566741943,5.090997695922852,5.512307643890381,3.892379627999617,29.436549709621953,-3.86151123046875,240,3,46,1,INSUFFICIENT_RECOVERY_RESERVE,41.71916961669922,OUTBOUND,-2.237489700317383,-0.5205411493917039,
0,6.366029739379883,1.0122337341308594,4.8571248054504395,5.308595180511475,3.905238990992075,29.42426599954919,-3.873122453689575,241,3,47,1,INSUFFICIENT_RECOVERY_RESERVE,44.880550384521484,OUTBOUND,-2.3478336334228516,-0.4712684001020471,
1,6.46142578125,1.0125292539596558,4.397078037261963,4.854024410247803,3.9182540259789675,29.412020579868713,-3.8800108432769775,242,3,48,0,,45.420021057128906,OUTBOUND,-2.4330801963806152,-0.433657892979179,
0,6.655693054199219,1.0128265619277954,3.8688318729400635,4.290975093841553,3.931385322997812,29.399754406721566,-3.95628023147583,243,3,49,1,NOMINAL_OUTSIDE_CERTIFIED_SET,43.995384216308594,OUTBOUND,-2.546893835067749,-0.45455638098202134,
0,6.701045989990234,1.0131239891052246,3.596442461013794,4.009294033050537,3.9493218809948303,29.387461595495004,-3.9014222621917725,244,3,50,1,NOMINAL_OUTSIDE_CERTIFIED_SET,43.808013916015625,OUTBOUND,-2.644475221633911,-0.5208932674918016,
0,6.821895599365234,1.0134220123291016,3.3927178382873535,3.733889102935791,3.9615835109725595,29.37514330372196,-3.9166102409362793,245,3,51,1,INSUFFICIENT_RECOVERY_RESERVE,41.97410583496094,OUTBOUND,-2.746293306350708,-0.5259128064082562,
0,6.870769500732422,1.0137193202972412,2.921398401260376,3.2435646057128906,3.9776400059927255,29.36287258280962,-3.8738927841186523,246,3,52,1,NOMINAL_OUTSIDE_CERTIFIED_SET,39.395843505859375,OUTBOUND,-2.837336540222168,-0.5112766155816726,
0,7.0254716873168945,1.0140174627304077,2.5954771041870117,2.878664016723633,4.081985454977257,29.35059551759544,-3.918543815612793,247,3,53,1,NOMINAL_OUTSIDE_CERTIFIED_SET,38.362030029296875,OUTBOUND,-2.9437813758850098,-0.522653952630115,
0,7.133874893188477,1.0143160820007324,2.4798099994659424,2.722008466720581,4.095491266984027,29.33831855397667,-3.9184465408325195,248,3,54,1,NOMINAL_OUTSIDE_CERTIFIED_SET,35.87506866455078,OUTBOUND,-3.0509133338928223,-0.5128170986052211,
0,7.273979663848877,1.0146150588989258,1.9914875030517578,2.2089426517486572,4.110943632986164,29.326049063626158,-3.9133880138397217,249,3,55,1,NOMINAL_OUTSIDE_CERTIFIED_SET,34.06779479980469,OUTBOUND,-3.1947922706604004,-0.48755720836574556,
0,7.381283760070801,1.0149143934249878,1.7414599657058716,1.9410996437072754,4.126911226980155,29.313793511951083,-3.909708023071289,250,3,56,1,NOMINAL_OUTSIDE_CERTIFIED_SET,35.88533401489258,OUTBOUND,-3.303133487701416,-0.45174547079981936,
0,7.483900547027588,1.015214204788208,1.4844529628753662,1.6546357870101929,4.143285679980181,29.301557371102486,-3.9161245822906494,251,3,57,1,NOMINAL_OUTSIDE_CERTIFIED_SET,33.933807373046875,OUTBOUND,-3.3987178802490234,-0.40939013729996687,
1,7.571676254272461,1.0155137777328491,1.464338779449463,1.5801916122436523,4.164818368997658,29.289356446919538,-3.8912487030029297,252,3,58,0,,30.6390323638916,OUTBOUND,-3.5105764865875244,-0.3800278854579284,
0,7.677433967590332,1.0158133506774902,1.2483797073364258,1.336729884147644,4.185327692975989,29.2771363975612,-3.8998563289642334,253,3,59,1,NOMINAL_OUTSIDE_CERTIFIED_SET,27.939937591552734,OUTBOUND,-3.6066365242004395,-0.3450375746758131,
1,7.801834583282471,1.0161126852035522,0.8025425672531128,0.8839048743247986,4.198267915984616,29.26496678001045,-3.892580032348633,254,3,60,0,,25.800601959228516,OUTBOUND,-3.7377395629882812,-0.3087195672546035,
0,7.929283142089844,1.016412615776062,0.8800846338272095,0.9137191772460938,4.211325283977203,29.252776646422383,-3.9160919189453125,255,3,61,1,NOMINAL_OUTSIDE_CERTIFIED_SET,21.629592895507812,OUTBOUND,-3.8397140502929688,-0.27121690784395036,
0,8.036453247070312,1.0167131423950195,0.7623085379600525,0.7835074663162231,4.226074164995225,29.24062805518484,-3.9228899478912354,256,3,62,1,NOMINAL_OUTSIDE_CERTIFIED_SET,18.901601791381836,OUTBOUND,-3.941880226135254,-0.21612456165738475,
0,8.130908966064453,1.0170137882232666,0.6877536177635193,0.6847547292709351,4.238482228975045,29.228515260411246,-3.9039506912231445,257,3,63,1,NOMINAL_OUTSIDE_CERTIFIED_SET,16.715909957885742,OUTBOUND,-4.0546488761901855,-0.16796399459771577,
0,8.249358177185059,1.0173144340515137,0.33936774730682373,0.33413463830947876,4.353859671973623,29.216431581997252,-3.9024267196655273,258,3,64,1,NOMINAL_OUTSIDE_CERTIFIED_SET,15.702871322631836,OUTBOUND,-4.173877239227295,-0.12668360055864145,
0,8.32734203338623,1.0176142454147339,0.25512567162513733,0.24306079745292664,4.373861303000012,29.20437221393676,-3.8675143718719482,259,3,65,1,NOMINAL_OUTSIDE_CERTIFIED_SET,11.444974899291992,FAILURE,-4.288872718811035,-0.09198884184714827,
1,8.476327896118164,1.0179150104522705,0.20275598764419556,0.19138769805431366,4.4008748149790335,29.987982715667474,-3.9306671619415283,260,4,1,0,,9.621176719665527,OUTBOUND,-4.377008438110352,0.013746944181457593,
0,8.477062225341797,1.0182145833969116,0.6982031464576721,0.6646835803985596,4.416155734972563,29.975909598205096,-3.8570139408111572,261,4,2,1,NOMINAL_OUTSIDE_CERTIFIED_SET,4.183495998382568,OUTBOUND,-4.457515716552734,0.03025850489030863,
0,8.595264434814453,1.018513798713684,0.697807252407074,0.6692653894424438,4.43322507297853,29.963810072329153,-3.8831703662872314,262,4,3,1,NOMINAL_OUTSIDE_CERTIFIED_SET,0.8811942338943481,OUTBOUND,-4.555723667144775,0.015548220869163198,
1,8.72877311706543,1.0188138484954834,0.45275941491127014,0.4403085708618164,4.456298227974912,29.951693657860815,-3.9192445278167725,263,4,4,0,,2.324733018875122,OUTBOUND,-4.658862590789795,-0.021079606023415656,
0,8.801844596862793,1.0191150903701782,0.4363063871860504,0.4366897940635681,4.475981226976728,29.93954462662613,-3.9387998580932617,264,4,5,1,NOMINAL_OUTSIDE_CERTIFIED_SET,4.032304286956787,OUTBOUND,-4.719775676727295,-0.051978299991307514,
0,8.845202445983887,1.0194171667099,0.37809303402900696,0.38005733489990234,4.492516931990394,29.92736567639855,-3.92781138420105,265,4,6,1,NOMINAL_OUTSIDE_CERTIFIED_SET,3.7055840492248535,OUTBOUND,-4.780303001403809,-0.05993202566616213,
1,8.941107749938965,1.019720196723938,0.4957543611526489,0.49960169196128845,4.509098984999582,29.915158656562788,-3.9331235885620117,266,4,7,0,,8.834709167480469,OUTBOUND,-4.879576206207275,-0.047330975356560154,
1,8.9640474319458,1.0200239419937134,0.7328042387962341,0.7517989873886108,4.5268862759985495,29.902970305478345,-3.9357333183288574,267,4,8,0,,10.156414985656738,OUTBOUND,-4.90772819519043,-0.040666952894794835,
0,8.987784385681152,1.0203280448913574,0.8206807971000671,0.8420339822769165,4.538995218987111,29.89081970322859,-3.9138145446777344,268,4,9,1,NOMINAL_OUTSIDE_CERTIFIED_SET,13.084298133850098,OUTBOUND,-4.962790489196777,-0.06290938523813643,
1,9.054964065551758,1.0206327438354492,0.5296222567558289,0.5615339279174805,4.552036437991774,29.87865401950127,-3.932957172393799,269,4,10,0,,12.730710983276367,OUTBOUND,-5.018082141876221,-0.10089491196411018,
0,8.98588752746582,1.0209366083145142,1.2018461227416992,1.222282886505127,4.565912060992559,29.866439380351245,-3.8790063858032227,270,4,11,1,NOMINAL_OUTSIDE_CERTIFIED_SET,17.61829376220703,OUTBOUND,-5.013011932373047,-0.13678091578724574,
1,9.008354187011719,1.0212405920028687,0.11013775318861008,0.14522024989128113,4.577945911994902,29.854220683318044,-3.91593074798584,271,4,12,0,,9.106626510620117,OUTBOUND,-5.001996040344238,-0.16059223164493192,
0,9.01983642578125,1.0215439796447754,0.5075061321258545,0.5367763638496399,4.59648565997486,29.841971317699,-3.8811702728271484,272,4,13,1,NOMINAL_OUTSIDE_CERTIFIED_SET,12.542913436889648,OUTBOUND,-5.0549139976501465,-0.1878369985011118,
0,9.036600112915039,1.0218480825424194,0.09394429624080658,0.12261084467172623,4.70584624298499,29.82971737815659,-3.9275171756744385,273,4,14,1,NOMINAL_OUTSIDE_CERTIFIED_SET,8.083902359008789,OUTBOUND,-5.027359485626221,-0.213038491694072,
0,8.981822967529297,1.0221514701843262,0.5085057020187378,0.5249168276786804,4.717838870972628,29.817460864066742,-3.884791851043701,274,4,15,1,NOMINAL_OUTSIDE_CERTIFIED_SET,11.817814826965332,OUTBOUND,-5.0203857421875,-0.2322419869544732,
0,8.999345779418945,1.0224545001983643,0.1798752397298813,0.20390672981739044,4.733674755989341,29.805176283545666,-3.890721559524536,275,4,16,1,NOMINAL_OUTSIDE_CERTIFIED_SET,11.238814353942871,OUTBOUND,-5.034811973571777,-0.2653928737872194,
0,8.971121788024902,1.0227572917938232,0.46280789375305176,0.4661635756492615,4.744767957978183,29.79287165155498,-3.8898050785064697,276,4,17,1,INSUFFICIENT_RECOVERY_RESERVE,8.978452682495117,OUTBOUND,-5.008871078491211,-0.2896279494481906,
0,9.018068313598633,1.0230612754821777,0.7838811874389648,0.7793856263160706,4.762652285979129,29.78058311418159,-3.945296287536621,277,4,18,1,NOMINAL_OUTSIDE_CERTIFIED_SET,11.067472457885742,OUTBOUND,-5.001696586608887,-0.31369181118491124,
0,8.941579818725586,1.0233646631240845,0.16999636590480804,0.17437273263931274,4.775800043978961,29.768267833623387,-3.881476402282715,278,4,19,1,INSUFFICIENT_RECOVERY_RESERVE,6.054287433624268,OUTBOUND,-4.990632057189941,-0.3365451352446744,
0,8.972160339355469,1.0236690044403076,0.4276948571205139,0.423760324716568,4.788936135999393,29.755985995224478,-3.9310550689697266,279,4,20,1,INSUFFICIENT_RECOVERY_RESERVE,4.952561378479004,OUTBOUND,-4.968579292297363,-0.32012457551198914,
0,8.931421279907227,1.023973822593689,0.4196050465106964,0.4125184416770935,4.807858165993821,29.74371538525698,-3.9242491722106934,280,4,21,1,NOMINAL_OUTSIDE_CERTIFIED_SET,3.8811655044555664,OUTBOUND,-4.933373928070068,-0.33968220487412043,
0,8.866059303283691,1.0242775678634644,0.07172247022390366,0.07161468267440796,4.8239506899844855,29.731420865584234,-3.8680951595306396,281,4,22,1,INSUFFICIENT_RECOVERY_RESERVE,1.4977421760559082,OUTBOUND,-4.922432899475098,-0.35826286954491277,
1,8.93624496459961,1.0245823860168457,0.4746873378753662,0.45043614506721497,4.838799871999072,29.719152578960212,-3.9356088638305664,282,4,23,0,,4.269368648529053,OUTBOUND,-4.923293113708496,-0.327793590789842,
1,8.839071273803711,1.024885892868042,0.10739434510469437,0.10470236837863922,4.861477087979438,29.706856713909477,-3.8644049167633057,283,4,24,0,,0.6596575379371643,OUTBOUND,-4.896245956420898,-0.28665937599217806,
0,8.866645812988281,1.0251896381378174,0.08494444191455841,0.08597256243228912,4.874789167981362,29.694532829811216,-3.901583194732666,284,4,25,1,NOMINAL_OUTSIDE_CERTIFIED_SET,3.3252809047698975,OUTBOUND,-4.880956649780273,-0.3069135888083156,
0,8.867753028869629,1.0254937410354614,0.10477311164140701,0.10195598006248474,4.889238501986256,29.682193995834872,-3.9163217544555664,285,4,26,1,NOMINAL_OUTSIDE_CERTIFIED_SET,3.3981306552886963,OUTBOUND,-4.863216400146484,-0.39260574800552017,
0,8.915446281433105,1.025800108909607,0.4163804054260254,0.4054492115974426,5.00438039097935,29.669849945614708,-3.9781525135040283,286,4,27,1,INSUFFICIENT_RECOVERY_RESERVE,0.9925597906112671,OUTBOUND,-4.844048500061035,-0.419561182906299,
0,8.848237037658691,1.026106357574463,0.09978989511728287,0.0991222932934761,5.017282688990235,29.657547728397255,-3.901972532272339,287,4,28,1,NOMINAL_OUTSIDE_CERTIFIED_SET,5.369446754455566,OUTBOUND,-4.849732398986816,-0.42963544987456104,
0,8.843599319458008,1.0264127254486084,0.4121548533439636,0.4070485830307007,5.032503715978237,29.645249120040088,-3.9112582206726074,288,4,29,1,NO_GENERATOR_SET,2.1865737438201904,OUTBOUND,-4.83502721786499,-0.46813048844481125,
0,8.824625968933105,1.0267188549041748,0.1080399602651596,0.1181974709033966,5.0519785869983025,29.632954842791236,-3.904256820678711,289,4,30,1,NO_GENERATOR_SET,5.756986618041992,OUTBOUND,-4.818967342376709,-0.4809849802481741,
0,8.863008499145508,1.0270256996154785,0.7708448767662048,0.7431690096855164,5.0633890479803085,29.620652580499804,-3.928748846054077,290,4,31,1,INSUFFICIENT_RECOVERY_RESERVE,3.102933883666992,OUTBOUND,-4.829354763031006,-0.46070797200604696,
0,8.843856811523438,1.0273324251174927,0.09134931862354279,0.09874211251735687,5.075998265994713,29.6083651468561,-3.904759168624878,291,4,32,1,NOMINAL_OUTSIDE_CERTIFIED_SET,6.50222635269165,OUTBOUND,-4.830986022949219,-0.47503800036396454,
0,8.823539733886719,1.0276387929916382,0.4224722683429718,0.4138317108154297,5.086208207998425,29.59604862670516,-3.8945059776306152,292,4,33,1,INSUFFICIENT_RECOVERY_RESERVE,2.420039415359497,OUTBOUND,-4.817778587341309,-0.48801542073123544,
1,8.862488746643066,1.0279452800750732,0.7815350890159607,0.756637692451477,5.100546325993491,29.583776344292932,-3.9116499423980713,293,4,34,0,,1.546647548675537,OUTBOUND,-4.8393964767456055,-0.47775012233179304,
0,8.852716445922852,1.02825129032135,0.46503469347953796,0.4534779489040375,5.111303946992848,29.571471228570847,-3.8886897563934326,294,4,35,1,INSUFFICIENT_RECOVERY_RESERVE,2.9154608249664307,OUTBOUND,-4.851358413696289,-0.4683287629463534,
0,8.829657554626465,1.0285565853118896,0.47393956780433655,0.4636535048484802,5.1246581269952,29.559180479968884,-3.883445978164673,295,4,36,1,NOMINAL_OUTSIDE_CERTIFIED_SET,5.1171875,OUTBOUND,-4.829948902130127,-0.4807649131612921,
0,8.928923606872559,1.028863549232483,0.45887401700019836,0.4538896679878235,5.1395460609928705,29.546865774076387,-3.9548275470733643,296,4,37,1,INSUFFICIENT_RECOVERY_RESERVE,6.37280797958374,OUTBOUND,-4.853574275970459,-0.49207703875785463,
0,8.915165901184082,1.0291709899902344,0.43285295367240906,0.4286434054374695,5.248314918979304,29.53456765670539,-3.9266674518585205,297,4,38,1,NOMINAL_OUTSIDE_CERTIFIED_SET,5.120571136474609,OUTBOUND,-4.865011692047119,-0.5026992081596002,
0,8.925841331481934,1.0294785499572754,0.4945950508117676,0.47582927346229553,5.25923760299338,29.522245175300696,-3.9103293418884277,298,4,39,1,INSUFFICIENT_RECOVERY_RESERVE,5.087730884552002,OUTBOUND,-4.889615058898926,-0.5123927738638211,
0,8.953790664672852,1.0297869443893433,0.119710773229599,0.1236574724316597,5.273137437994592,29.50995681456174,-3.9354982376098633,299,4,40,1,INSUFFICIENT_RECOVERY_RESERVE,8.057744026184082,OUTBOUND,-4.888261318206787,-0.4643318977040255,
0,8.905458450317383,1.0300941467285156,0.11853940784931183,0.12522530555725098,5.293910213978961,29.497679961791157,-3.869372606277466,300,4,41,1,NOMINAL_OUTSIDE_CERTIFIED_SET,8.623005867004395,OUTBOUND,-4.902437210083008,-0.47556424976846173,
0,8.962579727172852,1.0304017066955566,0.4751989543437958,0.46703147888183594,5.312256310979137,29.485381952761653,-3.92073655128479,301,4,42,1,INSUFFICIENT_RECOVERY_RESERVE,4.5706682205200195,OUTBOUND,-4.906030654907227,-0.48583342455730966,
0,9.037863731384277,1.0307108163833618,0.11240699887275696,0.11755616217851639,5.329488030984066,29.473114372561792,-3.9602839946746826,302,4,43,1,NOMINAL_OUTSIDE_CERTIFIED_SET,8.260725975036621,OUTBOUND,-4.936689376831055,-0.48572158219173006,
1,9.001448631286621,1.0310198068618774,0.12779998779296875,0.12978117167949677,5.351713575975737,29.460820082025734,-3.9051287174224854,303,4,44,0,,7.406541347503662,OUTBOUND,-4.95499324798584,-0.48657934932205266,
1,9.06225872039795,1.0313292741775513,0.44418805837631226,0.435269296169281,5.375012428994523,29.448549679551537,-3.9306585788726807,304,4,45,0,,1.2476980686187744,OUTBOUND,-4.98816442489624,-0.44905279503987255,
1,9.040985107421875,1.031638503074646,0.4515252411365509,0.44023528695106506,5.395592515997123,29.43628034954809,-3.904232978820801,305,4,46,0,,2.1654999256134033,OUTBOUND,-4.994208812713623,-0.453548780773039,
0,9.054792404174805,1.0319470167160034,0.45899757742881775,0.44189324975013733,5.410086674994091,29.423990437871893,-3.887650966644287,306,4,47,1,NOMINAL_OUTSIDE_CERTIFIED_SET,3.032200574874878,OUTBOUND,-5.023632049560547,-0.5073690853595366,
0,9.053679466247559,1.0322544574737549,0.09529531002044678,0.09472426772117615,5.421856559987646,29.411679651147207,-3.872403144836426,307,4,48,1,INSUFFICIENT_RECOVERY_RESERVE,5.631768703460693,OUTBOUND,-5.036571979522705,-0.5170649020969585,
1,9.043536186218262,1.032560110092163,0.5160112380981445,0.5058456659317017,5.437944691977464,29.39941056626047,-3.85077166557312,308,4,49,0,,3.0382063388824463,OUTBOUND,-5.046951770782471,-0.49320448678540924,
0,9.126157760620117,1.0328662395477295,0.46818575263023376,0.45209503173828125,5.454052886983845,29.387102948041687,-3.9112892150878906,309,4,50,1,NOMINAL_OUTSIDE_CERTIFIED_SET,3.0834059715270996,OUTBOUND,-5.065952301025391,-0.5240481908857008,
0,9.136451721191406,1.0331721305847168,0.8354870676994324,0.8123106956481934,5.466702206991613,29.37477686717609,-3.8939015865325928,310,4,51,1,INSUFFICIENT_RECOVERY_RESERVE,1.1825460195541382,OUTBOUND,-5.096994400024414,-0.5263384813857946,
0,9.187040328979492,1.0334786176681519,0.4282011389732361,0.4173993170261383,5.480749731999822,29.362499949607393,-3.9135167598724365,311,4,52,1,NOMINAL_OUTSIDE_CERTIFIED_SET,1.5408227443695068,OUTBOUND,-5.125607490539551,-0.5095490634911751,
0,9.192359924316406,1.0337847471237183,0.0703892707824707,0.0710565447807312,5.595809251972241,29.350224717141753,-3.89164400100708,312,4,53,1,NOMINAL_OUTSIDE_CERTIFIED_SET,4.664364814758301,OUTBOUND,-5.151605129241943,-0.5172005286381346,
0,9.245532989501953,1.034091830253601,0.08244769275188446,0.07998789101839066,5.613646121986676,29.337951710724912,-3.929323434829712,313,4,54,1,NOMINAL_OUTSIDE_CERTIFIED_SET,5.415716171264648,OUTBOUND,-5.162725925445557,-0.5046586757249563,
0,9.247000694274902,1.0343999862670898,0.4628922641277313,0.4493899941444397,5.634387833997607,29.325685819243787,-3.9336352348327637,314,4,55,1,NOMINAL_OUTSIDE_CERTIFIED_SET,1.486328363418579,OUTBOUND,-5.161249160766602,-0.4775966258724524,
1,9.299437522888184,1.034709095954895,0.1100870668888092,0.11146761476993561,5.655230744974688,29.313436157242425,-3.93814754486084,315,4,56,0,,2.9518394470214844,OUTBOUND,-5.20766019821167,-0.4679484206322809,
0,9.269700050354004,1.035017967224121,0.5133662819862366,0.4992559254169464,5.677553972986061,29.3011451380442,-3.8969764709472656,316,4,57,1,NOMINAL_OUTSIDE_CERTIFIED_SET,1.152878761291504,OUTBOUND,-5.2174482345581055,-0.44424438980004505,
0,9.244717597961426,1.0353254079818726,0.4597790539264679,0.4482886493206024,5.697090771980584,29.288893673452883,-3.860558032989502,317,4,58,1,NOMINAL_OUTSIDE_CERTIFIED_SET,0.5752161145210266,OUTBOUND,-5.23264217376709,-0.38386920459771695,
0,9.284636497497559,1.0356322526931763,0.06796620041131973,0.0699046179652214,5.719196284975624,29.276681191773406,-3.882479667663574,318,4,59,1,NOMINAL_OUTSIDE_CERTIFIED_SET,3.677031993865967,OUTBOUND,-5.245986461639404,-0.32581991786291614,
0,9.318246841430664,1.0359389781951904,0.4618666172027588,0.4479381740093231,5.739325293980073,29.2645049051232,-3.8962347507476807,319,4,60,1,NOMINAL_OUTSIDE_CERTIFIED_SET,1.0937598943710327,OUTBOUND,-5.26635217666626,-0.2715828039742865,
0,9.392111778259277,1.0362474918365479,0.471036434173584,0.45620468258857727,5.761464740993688,29.252359236641624,-3.9540414810180664,320,4,61,1,NOMINAL_OUTSIDE_CERTIFIED_SET,0.9613412618637085,OUTBOUND,-5.282290935516357,-0.22211783292291076,
0,9.38052749633789,1.0365568399429321,0.11479812860488892,0.12105804681777954,5.775329522992251,29.24024159268646,-3.929490327835083,321,4,62,1,NOMINAL_OUTSIDE_CERTIFIED_SET,3.181992769241333,OUTBOUND,-5.2910051345825195,-0.17796121252594685,
1,9.35639476776123,1.0368660688400269,0.4847336709499359,0.4770313501358032,5.789517691999208,29.228139358676497,-3.9037511348724365,322,4,63,0,,1.0402698516845703,OUTBOUND,-5.297540664672852,-0.14963911996296567,
1,9.386031150817871,1.0371750593185425,0.5098128914833069,0.49070802330970764,5.8062137109809555,29.21602035777978,-3.896923303604126,323,4,64,0,,0.8094844818115234,OUTBOUND,-5.331900119781494,-0.13077964816055734,
1,9.42198371887207,1.0374846458435059,0.49029192328453064,0.47800111770629883,5.820305502973497,29.203866008727893,-3.9227981567382812,324,4,65,0,,0.4587744176387787,FAILURE,-5.341917991638184,-0.10217691952223773,
1,9.457181930541992,1.0377954244613647,0.6094364523887634,0.6025385856628418,5.940736096992623,29.987979681682614,-3.943112850189209,325,5,1,0,,1.380240559577942,OUTBOUND,-5.354695796966553,0.007074558737455336,
0,9.449361801147461,1.0381063222885132,0.12591995298862457,0.13000042736530304,5.9584432619740255,29.975904634865753,-3.915984630584717,326,5,2,1,NOMINAL_OUTSIDE_CERTIFIED_SET,4.481166839599609,OUTBOUND,-5.37242317199707,0.019166218900407397,
0,9.452887535095215,1.0384175777435303,0.46717482805252075,0.45808953046798706,5.974180236982647,29.963844802622315,-3.920490264892578,327,5,3,1,NOMINAL_OUTSIDE_CERTIFIED_SET,1.116104006767273,OUTBOUND,-5.371354103088379,0.00984346520126423,
0,9.48376750946045,1.0387299060821533,0.4864448308944702,0.47969383001327515,5.992670450999867,29.951753877664636,-3.9424355030059814,328,5,4,1,NOMINAL_OUTSIDE_CERTIFIED_SET,0.9863973259925842,OUTBOUND,-5.37978982925415,0.0005428562117849238,
1,9.452844619750977,1.0390413999557495,0.08213077485561371,0.08873000741004944,6.0059962239756715,29.939650794880542,-3.8890199661254883,329,5,5,0,,3.243903160095215,OUTBOUND,-5.399736404418945,-0.00113982912992356,
0,9.529983520507812,1.0393542051315308,0.05614526942372322,0.06344244629144669,6.023456028982764,29.927535889218777,-3.951749563217163,330,5,6,1,NOMINAL_OUTSIDE_CERTIFIED_SET,3.237359046936035,OUTBOUND,-5.409597873687744,-0.004528671347410084,
0,9.526774406433105,1.0396672487258911,0.16457617282867432,0.16751235723495483,6.04374129200005,29.915392027563907,-3.9228439331054688,331,5,7,1,NOMINAL_OUTSIDE_CERTIFIED_SET,2.3086135387420654,OUTBOUND,-5.43404483795166,-0.02168343727883816,
0,9.506219863891602,1.0399799346923828,0.4901573359966278,0.47896572947502136,6.0605148499889765,29.903217725051043,-3.9052505493164062,332,5,8,1,NOMINAL_OUTSIDE_CERTIFIED_SET,0.917542576789856,OUTBOUND,-5.432311058044434,-0.04346711776929674,
0,9.483383178710938,1.0402915477752686,0.963011622428894,0.9302801489830017,6.0734789749840274,29.89100993507867,-3.879716157913208,333,5,9,1,NOMINAL_OUTSIDE_CERTIFIED_SET,5.059123992919922,OUTBOUND,-5.441808700561523,-0.07185407917525996,
1,9.562432289123535,1.0406033992767334,0.07645278424024582,0.08047464489936829,6.089882110973122,29.878793306329147,-3.9135637283325195,334,5,10,0,,3.7589592933654785,OUTBOUND,-5.480194091796875,-0.11224769485708845,
0,9.603262901306152,1.0409163236618042,0.062291067093610764,0.06759060174226761,6.1034343039791565,29.86653263093444,-3.949923038482666,335,5,11,1,NOMINAL_OUTSIDE_CERTIFIED_SET,3.8005173206329346,OUTBOUND,-5.481532573699951,-0.1520825433986415,
0,9.547484397888184,1.0412286520004272,0.5006775259971619,0.4891345500946045,6.223459361994173,29.85425685276266,-3.889939785003662,336,5,12,1,NOMINAL_OUTSIDE_CERTIFIED_SET,0.8817770481109619,OUTBOUND,-5.486373424530029,-0.1890430134210133,
0,9.568692207336426,1.0415410995483398,0.5011383891105652,0.49190619587898254,6.243815085996175,29.841973944037438,-3.919010877609253,337,5,13,1,NOMINAL_OUTSIDE_CERTIFIED_SET,0.6268698573112488,OUTBOUND,-5.476860523223877,-0.22480767090042972,
0,9.54818344116211,1.0418527126312256,0.9507560133934021,0.9296067953109741,6.256913918972714,29.829685296073823,-3.884258508682251,338,5,14,1,NO_GENERATOR_SET,0.7408634424209595,OUTBOUND,-5.493687152862549,-0.252261471324899,
0,9.634378433227539,1.0421656370162964,0.06148143112659454,0.06866250932216644,6.27612056399812,29.817382470994154,-3.94909930229187,339,5,15,1,INSUFFICIENT_RECOVERY_RESERVE,2.5251903533935547,OUTBOUND,-5.509145736694336,-0.2622535057115247,
1,9.64436149597168,1.042479395866394,0.5019144415855408,0.49133700132369995,6.294335061975289,29.805121009739686,-3.936765193939209,340,5,16,0,,3.6327967643737793,OUTBOUND,-5.530649185180664,-0.25643124086832475,
0,9.61550235748291,1.0427926778793335,0.09475909918546677,0.10085628181695938,6.30929053699947,29.79282634473681,-3.905043601989746,341,5,17,1,NOMINAL_OUTSIDE_CERTIFIED_SET,5.396410942077637,OUTBOUND,-5.525634765625,-0.2847124001013903,
0,9.636984825134277,1.0431058406829834,0.53011554479599,0.5228402614593506,6.326869813987287,29.780511769663793,-3.9050512313842773,342,5,18,1,INSUFFICIENT_RECOVERY_RESERVE,2.725985288619995,OUTBOUND,-5.548149108886719,-0.31233898103581803,
0,9.686474800109863,1.0434198379516602,0.11242035031318665,0.11773354560136795,6.340987383999163,29.768214090301118,-3.9412667751312256,343,5,19,1,NOMINAL_OUTSIDE_CERTIFIED_SET,3.012256622314453,OUTBOUND,-5.558529376983643,-0.3384601907010982,
0,9.681739807128906,1.0437335968017578,0.5773652791976929,0.5673832297325134,6.353414865996456,29.75589496063036,-3.904186487197876,344,5,20,1,INSUFFICIENT_RECOVERY_RESERVE,2.355053186416626,OUTBOUND,-5.5922627449035645,-0.36263033903654984,
0,9.6653413772583,1.04404616355896,0.5388181209564209,0.5275371074676514,6.37023103798856,29.743609639678972,-3.8802919387817383,345,5,21,1,INSUFFICIENT_RECOVERY_RESERVE,1.9751427173614502,OUTBOUND,-5.599564075469971,-0.3413942259776299,
0,9.711578369140625,1.0443592071533203,1.4558064937591553,1.4213745594024658,6.383913384983316,29.731335712826898,-3.9219613075256348,346,5,22,1,NOMINAL_OUTSIDE_CERTIFIED_SET,5.3065361976623535,OUTBOUND,-5.60632848739624,-0.3619089245789084,
0,9.741443634033203,1.0446730852127075,1.4269083738327026,1.388378620147705,6.398532492981758,29.719042558288823,-3.937933921813965,347,5,23,1,INSUFFICIENT_RECOVERY_RESERVE,8.444402694702148,OUTBOUND,-5.6250762939453125,-0.3809906374777369,
0,9.693601608276367,1.0449858903884888,0.06303803622722626,0.06618451327085495,6.413926059991354,29.706762795676944,-3.8779401779174805,348,5,24,1,NOMINAL_OUTSIDE_CERTIFIED_SET,5.137149333953857,OUTBOUND,-5.635409832000732,-0.39920212375912933,
0,9.751070022583008,1.045299768447876,0.9848918914794922,0.9533764123916626,6.427618996996898,29.694461918462924,-3.944021224975586,349,5,25,1,INSUFFICIENT_RECOVERY_RESERVE,1.8618617057800293,OUTBOUND,-5.624114036560059,-0.416053504804774,
1,9.677770614624023,1.0456112623214722,0.5195275545120239,0.5066882371902466,6.440588423982263,29.682197821074535,-3.8396854400634766,350,5,26,0,,1.4866576194763184,OUTBOUND,-5.658558368682861,-0.38713341038409266,
0,9.743069648742676,1.0459226369857788,0.06702738255262375,0.06823722273111343,6.572663436993025,29.669934736996318,-3.898402214050293,351,5,27,1,NOMINAL_OUTSIDE_CERTIFIED_SET,6.352499485015869,OUTBOUND,-5.656856536865234,-0.40377101102363827,
1,9.728464126586914,1.046233892440796,1.4339417219161987,1.3967483043670654,6.592148742987774,29.657662597297737,-3.901951789855957,352,5,28,0,,4.5130534172058105,OUTBOUND,-5.643202304840088,-0.43886400550317467,
1,9.76356315612793,1.0465458631515503,0.5183587670326233,0.5081735253334045,6.607316256995546,29.645374677049368,-3.9209022521972656,353,5,29,0,,2.3730578422546387,OUTBOUND,-5.655433654785156,-0.4344335767224666,
0,9.735404968261719,1.0468562841415405,0.09699828922748566,0.09632684290409088,6.620128990994999,29.633067094404648,-3.862598419189453,354,5,30,1,NOMINAL_OUTSIDE_CERTIFIED_SET,9.569997787475586,OUTBOUND,-5.679836750030518,-0.45662689234200715,
0,9.746743202209473,1.047166109085083,0.5792283415794373,0.5696950554847717,6.634278066980187,29.620745601289038,-3.8761420249938965,355,5,31,1,INSUFFICIENT_RECOVERY_RESERVE,0.8872290849685669,OUTBOUND,-5.677644729614258,-0.4679210946113313,
0,9.818405151367188,1.0474765300750732,0.6392993927001953,0.6291002035140991,6.649567046988523,29.608441031022583,-3.916839599609375,356,5,32,1,NOMINAL_OUTSIDE_CERTIFIED_SET,0.4052988588809967,OUTBOUND,-5.705967903137207,-0.47901111267029,
0,9.872186660766602,1.0477887392044067,0.07086224853992462,0.07193306088447571,6.665971710986923,29.59611956701986,-3.9556543827056885,357,5,33,1,INSUFFICIENT_RECOVERY_RESERVE,6.746467113494873,OUTBOUND,-5.712868690490723,-0.48928917706580327,
0,9.829021453857422,1.0481007099151611,0.10203409194946289,0.10235641896724701,6.678290178999305,29.583832157831917,-3.894867420196533,358,5,34,1,INSUFFICIENT_RECOVERY_RESERVE,9.312196731567383,OUTBOUND,-5.72563362121582,-0.44536320889084025,
1,9.899992942810059,1.0484137535095215,0.5553653240203857,0.5424380898475647,6.694655279978178,29.571574349469554,-3.9371862411499023,359,5,35,0,,4.5613837242126465,OUTBOUND,-5.750398635864258,-0.4181288526069729,
0,9.861419677734375,1.048726201057434,0.5639581680297852,0.5445993542671204,6.708937202987727,29.55927763402049,-3.890031099319458,360,5,36,1,NOMINAL_OUTSIDE_CERTIFIED_SET,2.7839198112487793,OUTBOUND,-5.760427474975586,-0.44892155832084013,
0,9.882942199707031,1.0490379333496094,0.08817784488201141,0.08836659789085388,6.719621001975611,29.546962814336688,-3.879711151123047,361,5,37,1,INSUFFICIENT_RECOVERY_RESERVE,2.3390297889709473,OUTBOUND,-5.792354583740234,-0.4638121323032687,
0,9.937480926513672,1.0493497848510742,0.08103608340024948,0.08198034763336182,6.734499044978293,29.534663556069823,-3.9063937664031982,362,5,38,1,NOMINAL_OUTSIDE_CERTIFIED_SET,5.144555568695068,OUTBOUND,-5.8154778480529785,-0.4779034798467354,
0,9.929163932800293,1.0496606826782227,0.10097304731607437,0.10432884097099304,6.749146299989661,29.52234466468541,-3.870377540588379,363,5,39,1,INSUFFICIENT_RECOVERY_RESERVE,6.710474491119385,OUTBOUND,-5.8411736488342285,-0.4906112096132164,
0,10.007993698120117,1.0499727725982666,0.5662474036216736,0.5546649694442749,6.764902584982337,29.510043013190494,-3.9322562217712402,364,5,40,1,NOMINAL_OUTSIDE_CERTIFIED_SET,2.854766845703125,OUTBOUND,-5.85380220413208,-0.5026157389178422,
0,10.059403419494629,1.0502862930297852,0.07026185095310211,0.07376399636268616,6.873090932000196,29.497720128798804,-3.949626922607422,365,5,41,1,INSUFFICIENT_RECOVERY_RESERVE,4.35599946975708,OUTBOUND,-5.884317398071289,-0.513462467249577,
1,10.014886856079102,1.0505989789962769,0.5760526657104492,0.5540012121200562,6.8857192609866615,29.48544565891737,-3.879429340362549,366,5,42,0,,0.9308356046676636,OUTBOUND,-5.9172258377075195,-0.4792751381302455,
0,10.015378952026367,1.0509109497070312,1.0483448505401611,1.0216773748397827,6.897816417971626,29.47316418511551,-3.879437208175659,367,5,43,1,NOMINAL_OUTSIDE_CERTIFIED_SET,1.7969377040863037,OUTBOUND,-5.919435024261475,-0.4903999881671164,
0,10.151053428649902,1.0512248277664185,0.6782267093658447,0.6562513709068298,6.912956929998472,29.460878548558735,-3.9601616859436035,368,5,44,1,NOMINAL_OUTSIDE_CERTIFIED_SET,1.0433462858200073,OUTBOUND,-5.967286109924316,-0.5165908974271751,
0,10.025528907775879,1.0515369176864624,0.5762052536010742,0.5610160827636719,6.928698990988778,29.448575525521253,-3.8473165035247803,369,5,45,1,INSUFFICIENT_RECOVERY_RESERVE,1.188923716545105,OUTBOUND,-5.966427803039551,-0.4978883750399668,
0,10.096391677856445,1.0518487691879272,0.05968422815203667,0.06488998979330063,6.947946340980707,29.436287350008705,-3.894003391265869,370,5,46,1,NOMINAL_OUTSIDE_CERTIFIED_SET,2.9324519634246826,OUTBOUND,-5.981803894042969,-0.5083922534830518,
0,10.162710189819336,1.052161455154419,0.07899631559848785,0.08314249664545059,6.963176475983346,29.42397409829882,-3.9250988960266113,371,5,47,1,INSUFFICIENT_RECOVERY_RESERVE,3.90191650390625,OUTBOUND,-6.0159430503845215,-0.5179120005663781,
1,10.172974586486816,1.0524743795394897,0.5742223858833313,0.5619502067565918,6.984894772991538,29.411698996700775,-3.9078292846679688,372,5,48,0,,1.099393606185913,OUTBOUND,-6.042481899261475,-0.4730116627873069,
0,10.231472969055176,1.052789330482483,0.09037502110004425,0.09276698529720306,7.005880786979105,29.399414088601073,-3.9651031494140625,373,5,49,1,NOMINAL_OUTSIDE_CERTIFIED_SET,4.730536460876465,OUTBOUND,-6.0377397537231445,-0.48962445773215757,
0,10.185710906982422,1.0531039237976074,0.07516509294509888,0.08069657534360886,7.025620573986089,29.387120933580615,-3.894076347351074,374,5,50,1,NOMINAL_OUTSIDE_CERTIFIED_SET,3.3652987480163574,OUTBOUND,-6.066418647766113,-0.54462370723765,
0,10.257588386535645,1.0534189939498901,0.13256266713142395,0.1350768506526947,7.038611322990619,29.37481855187884,-3.924363136291504,375,5,51,1,NO_GENERATOR_SET,1.1033434867858887,OUTBOUND,-6.101938247680664,-0.5685941035551387,
0,10.273019790649414,1.0537351369857788,0.06330693513154984,0.0699329674243927,7.158013154985383,29.362512456579815,-3.9360647201538086,376,5,52,1,NO_GENERATOR_SET,1.5352674722671509,OUTBOUND,-6.106719017028809,-0.5664426447677496,
0,10.272567749023438,1.0540515184402466,0.07594051212072372,0.07988600432872772,7.17201525499695,29.35021051024228,-3.921417474746704,377,5,53,1,NO_GENERATOR_SET,3.838085651397705,OUTBOUND,-6.120223522186279,-0.5449546547908527,
0,10.303445816040039,1.0543687343597412,0.06201823055744171,0.06486178189516068,7.187164289993234,29.33792070862895,-3.9336097240448,378,5,54,1,NOMINAL_OUTSIDE_CERTIFIED_SET,2.8113279342651367,OUTBOUND,-6.134529113769531,-0.5098787210189454,
1,10.312336921691895,1.054686188697815,1.6999232769012451,1.6518573760986328,7.203158270975109,29.32564846905006,-3.9213757514953613,379,5,55,0,,9.58836841583252,OUTBOUND,-6.164791107177734,-0.5103266258640304,
1,10.358759880065918,1.0550048351287842,0.09254699945449829,0.09548183530569077,7.223171293997439,29.313344525276285,-3.952991247177124,380,5,56,0,,1.26370108127594,OUTBOUND,-6.176876068115234,-0.5183702757233483,
1,10.345877647399902,1.055323839187622,0.08256092667579651,0.08311387151479721,7.239827971992781,29.30104513360228,-3.9235756397247314,381,5,57,0,,1.4383138418197632,OUTBOUND,-6.192951202392578,-0.48157974982551904,
0,10.351068496704102,1.0556433200836182,0.6305925846099854,0.6088315844535828,7.2572190549981315,29.288756449331434,-3.9367525577545166,382,5,58,1,NOMINAL_OUTSIDE_CERTIFIED_SET,3.69716739654541,OUTBOUND,-6.189580917358398,-0.42210300624338076,
0,10.284896850585938,1.0559605360031128,0.0894835814833641,0.09296968579292297,7.271559106971836,29.27651124252948,-3.850125551223755,383,5,59,1,NOMINAL_OUTSIDE_CERTIFIED_SET,3.2230019569396973,OUTBOUND,-6.211493492126465,-0.3516163183288087,
1,10.398560523986816,1.0562794208526611,0.6544502377510071,0.6337820291519165,7.2876699269982055,29.26433809630779,-3.961282730102539,384,5,60,0,,1.1540563106536865,OUTBOUND,-6.206381797790527,-0.30920743552838126,
0,10.355522155761719,1.0565974712371826,0.1007649227976799,0.10364890843629837,7.302087742980802,29.252135511812277,-3.8916966915130615,385,5,61,1,NOMINAL_OUTSIDE_CERTIFIED_SET,4.124598026275635,OUTBOUND,-6.232341289520264,-0.2669347470776172,
0,10.375412940979004,1.056915283203125,1.147296667098999,1.11918306350708,7.319315575994551,29.239976431420956,-3.909646987915039,386,5,62,1,NOMINAL_OUTSIDE_CERTIFIED_SET,4.405048370361328,OUTBOUND,-6.238533020019531,-0.1968226799331463,
1,10.38502025604248,1.0572326183319092,0.0629626214504242,0.06365684419870377,7.333717673987849,29.22787146172067,-3.8966777324676514,387,5,63,0,,6.687160968780518,OUTBOUND,-6.254624843597412,-0.1629140816261377,
1,10.37253475189209,1.0575498342514038,1.1622991561889648,1.1357897520065308,7.3482880129886325,29.215744955606723,-3.9074409008026123,388,5,64,0,,3.4648191928863525,OUTBOUND,-6.231683731079102,-0.17555573335528282,
0,10.423684120178223,1.0578678846359253,0.6361523866653442,0.6143978834152222,7.361758293991443,29.203603921930736,-3.9352922439575195,389,5,65,1,NOMINAL_OUTSIDE_CERTIFIED_SET,0.5946991443634033,OUTBOUND,-6.2555623054504395,-0.15301691735162398,
0,10.4306058883667,1.058186650276184,1.199846863746643,1.1752722263336182,7.374069029989187,29.19150569571432,-3.932967185974121,390,5,66,1,NOMINAL_OUTSIDE_CERTIFIED_SET,4.509088516235352,OUTBOUND,-6.267509460449219,-0.0852572583395896,
0,10.39982795715332,1.0585049390792847,0.06858713924884796,0.07033141702413559,7.488717122992966,29.179459419359215,-3.9036035537719727,391,5,67,1,NOMINAL_OUTSIDE_CERTIFIED_SET,6.950250625610352,OUTBOUND,-6.262711048126221,-0.025764601278269843,
0,10.36795711517334,1.0588219165802002,0.17696818709373474,0.17889416217803955,7.5024614239810035,29.167439560077426,-3.871445655822754,392,5,68,1,NOMINAL_OUTSIDE_CERTIFIED_SET,6.664882659912109,OUTBOUND,-6.257996559143066,0.018720091264043916,
1,10.438653945922852,1.0591392517089844,1.2156116962432861,1.1907986402511597,7.514910317986505,29.155403057359422,-3.9231739044189453,393,5,69,0,,3.7521820068359375,OUTBOUND,-6.2760090827941895,0.0405059135872451,
0,10.471217155456543,1.059457540512085,0.717971682548523,0.7097628712654114,7.5329156079969835,29.143354091575567,-3.934844493865967,394,5,70,1,NOMINAL_OUTSIDE_CERTIFIED_SET,4.944075584411621,OUTBOUND,-6.293161392211914,0.05475971902921624,
0,10.479536056518555,1.059776782989502,0.1167229562997818,0.12149643898010254,7.552356764994329,29.131303528738545,-3.942807674407959,395,5,71,1,NOMINAL_OUTSIDE_CERTIFIED_SET,8.81201171875,FAILURE,-6.283480644226074,0.0729529187286173,
0,10.43132209777832,1.0600944757461548,0.6970608830451965,0.6765430569648743,7.577926670986926,29.9879676,-3.8642354011535645,396,6,1,1,NOMINAL_OUTSIDE_CERTIFIED_SET,3.361844778060913,OUTBOUND,-6.3179473876953125,-0.01020132358994201,
1,10.493733406066895,1.0604115724563599,0.09105026721954346,0.0939227044582367,7.600423896976281,29.975891100692383,-3.8964767456054688,397,6,2,0,,7.752566337585449,OUTBOUND,-6.337725639343262,-0.037055728241175936,
0,10.567767143249512,1.0607296228408813,0.6885117888450623,0.6696828603744507,7.623190195998177,29.963813165133562,-3.9345619678497314,398,6,3,1,NOMINAL_OUTSIDE_CERTIFIED_SET,3.145470380783081,OUTBOUND,-6.373359680175781,-0.05611801908527638,
0,10.512350082397461,1.0610460042953491,0.636257529258728,0.626173198223114,7.638214328995673,29.95171063366806,-3.8577518463134766,399,6,4,1,NOMINAL_OUTSIDE_CERTIFIED_SET,2.5561017990112305,OUTBOUND,-6.395828723907471,-0.04390991070134801,
1,10.578873634338379,1.0613619089126587,0.7912346720695496,0.767410397529602,7.650641725980677,29.939596208178312,-3.8916821479797363,400,6,5,0,,2.45405912399292,OUTBOUND,-6.429873466491699,-0.03588403088773048,
0,10.573673248291016,1.0616775751113892,1.2974038124084473,1.250626564025879,7.665108595974743,29.927491183976056,-3.8979644775390625,401,6,6,1,NOMINAL_OUTSIDE_CERTIFIED_SET,3.7897868156433105,OUTBOUND,-6.421975135803223,-0.030312007565575155,
0,10.58234977722168,1.0619930028915405,1.288008213043213,1.2497020959854126,7.680110454995884,29.91535885809079,-3.891772985458374,402,6,7,1,NOMINAL_OUTSIDE_CERTIFIED_SET,3.8287975788116455,OUTBOUND,-6.440995216369629,-0.03093541739243701,
1,10.64240837097168,1.0623091459274292,0.15253420174121857,0.15378926694393158,7.694455752993235,29.90319700260653,-3.923372983932495,403,6,8,0,,4.944865703582764,OUTBOUND,-6.465672016143799,-0.06020102242664484,
0,10.710787773132324,1.0626269578933716,0.06626808643341064,0.06870201975107193,7.821734075987479,29.891033183157123,-3.9516091346740723,404,6,9,1,NOMINAL_OUTSIDE_CERTIFIED_SET,5.601695537567139,OUTBOUND,-6.492298126220703,-0.0832763759038629,
1,10.690988540649414,1.0629451274871826,0.06446926295757294,0.0663706511259079,7.841343545995187,29.87887438048115,-3.918818950653076,405,6,10,0,,4.145070552825928,OUTBOUND,-6.5069684982299805,-0.08260101404532878,
0,10.704680442810059,1.0632634162902832,0.10207723081111908,0.10318145155906677,7.856706688995473,29.866673792294993,-3.913045883178711,406,6,11,1,NOMINAL_OUTSIDE_CERTIFIED_SET,6.082464218139648,OUTBOUND,-6.5214972496032715,-0.0889169103705331,
0,10.744063377380371,1.0635818243026733,0.6618570685386658,0.6478398442268372,7.874421783984872,29.854447445900746,-3.909672975540161,407,6,12,1,NOMINAL_OUTSIDE_CERTIFIED_SET,1.4924527406692505,OUTBOUND,-6.563753604888916,-0.10595500647165353,
0,10.719635963439941,1.0638993978500366,0.7177876234054565,0.702369749546051,7.890502862981521,29.842191863651614,-3.886197566986084,408,6,13,1,NOMINAL_OUTSIDE_CERTIFIED_SET,1.8379337787628174,OUTBOUND,-6.567080497741699,-0.13514648304567475,
1,10.745640754699707,1.0642167329788208,1.3160138130187988,1.2789638042449951,7.911354027979542,29.82992660076519,-3.8952507972717285,409,6,14,0,,3.1145894527435303,OUTBOUND,-6.587346076965332,-0.1607990561841508,
1,10.723424911499023,1.064532995223999,0.6776852607727051,0.6671536564826965,7.931362323986832,29.817638473042653,-3.8740034103393555,410,6,15,0,,1.2198158502578735,OUTBOUND,-6.585665702819824,-0.1997119946435073,
1,10.769765853881836,1.0648486614227295,0.0719241127371788,0.0733654648065567,7.94631819499773,29.80534595886186,-3.8824610710144043,411,6,16,0,,4.9608025550842285,OUTBOUND,-6.621608734130859,-0.22633122080956483,
1,10.753571510314941,1.065163493156433,1.3304692506790161,1.305193305015564,7.959882699971786,29.793069302878962,-3.874035358428955,412,6,17,0,,5.3430023193359375,OUTBOUND,-6.6201171875,-0.20189316148618616,
1,10.80980110168457,1.0654786825180054,0.09647165983915329,0.09968852251768112,7.974771522975061,29.78077850771998,-3.9055135250091553,413,6,18,0,,7.679769515991211,OUTBOUND,-6.6323699951171875,-0.19741031779181645,
0,10.834263801574707,1.0657942295074463,0.6944465041160583,0.680992841720581,7.993015411979286,29.768547964238024,-3.9061639308929443,414,6,19,1,NOMINAL_OUTSIDE_CERTIFIED_SET,1.0227656364440918,OUTBOUND,-6.658971786499023,-0.23108112635665448,
0,10.815908432006836,1.06610906124115,0.11601632833480835,0.1184438169002533,8.098527882975759,29.756289531731632,-3.874389171600342,415,6,20,1,NOMINAL_OUTSIDE_CERTIFIED_SET,2.6216213703155518,OUTBOUND,-6.6705756187438965,-0.277063837189979,
0,10.867025375366211,1.0664235353469849,0.13915476202964783,0.14175201952457428,8.115100165974582,29.743997577042652,-3.8867366313934326,416,6,21,1,NOMINAL_OUTSIDE_CERTIFIED_SET,2.8361740112304688,OUTBOUND,-6.70501708984375,-0.3309328274947886,
0,10.937082290649414,1.066739797592163,0.7284837365150452,0.7129238843917847,8.128116623993265,29.731681010135027,-3.9462058544158936,417,6,22,1,INSUFFICIENT_RECOVERY_RESERVE,0.4438479542732239,OUTBOUND,-6.712907791137695,-0.3515501690523152,
0,10.859641075134277,1.0670552253723145,0.7838968634605408,0.764352560043335,8.143674359977013,29.71939796564568,-3.8730483055114746,418,6,23,1,INSUFFICIENT_RECOVERY_RESERVE,0.8777165412902832,OUTBOUND,-6.711562156677246,-0.3315251068262286,
1,10.908540725708008,1.0673705339431763,0.07572230696678162,0.08069074898958206,8.15729100399767,29.707148716668506,-3.891299247741699,419,6,24,0,,2.380378484725952,OUTBOUND,-6.7395429611206055,-0.30626901009009366,
0,10.929518699645996,1.067685842514038,0.7347809076309204,0.7227060794830322,8.17757506199996,29.69487612300626,-3.894847869873047,420,6,25,1,NOMINAL_OUTSIDE_CERTIFIED_SET,2.351743459701538,OUTBOUND,-6.754920959472656,-0.3244488472768096,
0,10.973780632019043,1.0680018663406372,0.7430605292320251,0.7219247817993164,8.193127671984257,29.682571996654797,-3.914288282394409,421,6,26,1,NOMINAL_OUTSIDE_CERTIFIED_SET,1.138090968132019,OUTBOUND,-6.777347564697266,-0.3918818818642424,
0,10.977178573608398,1.0683168172836304,0.06921348720788956,0.07159021496772766,8.20491889497498,29.670246578380848,-3.8634231090545654,422,6,27,1,INSUFFICIENT_RECOVERY_RESERVE,4.935116291046143,OUTBOUND,-6.834685325622559,-0.41186552075260174,
0,11.020057678222656,1.0686326026916504,0.733696699142456,0.7212457060813904,8.217745511996327,29.657955615789135,-3.920822858810425,423,6,28,1,INSUFFICIENT_RECOVERY_RESERVE,1.063367247581482,OUTBOUND,-6.81626558303833,-0.38139369399860085,
1,10.999629020690918,1.0689489841461182,0.08759220689535141,0.08827216923236847,8.231247370975325,29.645686465623182,-3.9083211421966553,424,6,29,0,,5.8377580642700195,OUTBOUND,-6.8042073249816895,-0.3534323217750558,
1,11.088899612426758,1.06926691532135,2.1007018089294434,2.0461692810058594,8.249025662982604,29.63346015227318,-3.945094347000122,425,6,30,0,,8.676858901977539,OUTBOUND,-6.859736442565918,-0.3336435015281706,
0,11.041082382202148,1.0695852041244507,0.7740641236305237,0.7526067495346069,8.268813048984157,29.62120835836838,-3.9110031127929688,426,6,31,1,NOMINAL_OUTSIDE_CERTIFIED_SET,1.4442907571792603,OUTBOUND,-6.8517866134643555,-0.35317962858399227,
1,11.095372200012207,1.0699043273925781,0.0757972002029419,0.07513754069805145,8.289052648993675,29.60894163745084,-3.925657272338867,427,6,32,0,,3.274660110473633,OUTBOUND,-6.885202407836914,-0.3896966381943807,
0,11.093570709228516,1.0702242851257324,0.8627650141716003,0.8387662172317505,8.302490969974315,29.596669321367422,-3.9276487827301025,428,6,33,1,NOMINAL_OUTSIDE_CERTIFIED_SET,4.333685874938965,OUTBOUND,-6.887177467346191,-0.4321542296637632,
0,11.024775505065918,1.0705431699752808,1.432867169380188,1.3992174863815308,8.314934001973597,29.584375807075435,-3.876007318496704,429,6,34,1,INSUFFICIENT_RECOVERY_RESERVE,3.0801162719726562,OUTBOUND,-6.876356601715088,-0.4444201152322646,
1,11.012656211853027,1.0708612203598022,1.4186893701553345,1.3924000263214111,8.42813326898613,29.572104986379703,-3.8748958110809326,430,6,35,0,,1.8495564460754395,OUTBOUND,-6.867034912109375,-0.424456606191704,
1,11.110444068908691,1.0711801052093506,0.7984185218811035,0.7754546403884888,8.440602909977315,29.559835371447075,-3.9278430938720703,431,6,36,0,,1.7226855754852295,OUTBOUND,-6.902883052825928,-0.43545846302670793,
0,11.084639549255371,1.0714994668960571,0.7870093584060669,0.764593780040741,8.458280802995432,29.547538168463646,-3.9127511978149414,432,6,37,1,NOMINAL_OUTSIDE_CERTIFIED_SET,4.184997081756592,OUTBOUND,-6.889319896697998,-0.4757934193452659,
0,11.077839851379395,1.0718181133270264,0.1208805963397026,0.12424883246421814,8.470054054982029,29.53522623504527,-3.8823726177215576,433,6,38,1,INSUFFICIENT_RECOVERY_RESERVE,12.061311721801758,OUTBOUND,-6.899367332458496,-0.482362137272993,
0,11.113916397094727,1.0721375942230225,0.773760199546814,0.7608073353767395,8.483483878982952,29.522929607702245,-3.925806760787964,434,6,39,1,NOMINAL_OUTSIDE_CERTIFIED_SET,5.004581451416016,OUTBOUND,-6.882946968078613,-0.4896324215731328,
0,11.152762413024902,1.0724575519561768,0.08128712326288223,0.081817127764225,8.496061647980241,29.510615645675244,-3.915287494659424,435,6,40,1,INSUFFICIENT_RECOVERY_RESERVE,7.449733257293701,OUTBOUND,-6.927921295166016,-0.4966117625198735,
0,11.158973693847656,1.0727779865264893,0.0799824669957161,0.08386640250682831,8.508684995991644,29.49831848269546,-3.915985107421875,436,6,41,1,NOMINAL_OUTSIDE_CERTIFIED_SET,7.539344310760498,OUTBOUND,-6.925078392028809,-0.5041770457317173,
0,11.196273803710938,1.0730977058410645,0.058229051530361176,0.05966426059603691,8.521048430993687,29.486001488199168,-3.8876428604125977,437,6,42,1,INSUFFICIENT_RECOVERY_RESERVE,5.663153648376465,OUTBOUND,-6.9892578125,-0.5113380721477652,
0,11.293930053710938,1.0734189748764038,0.08077462762594223,0.08277954906225204,8.535290333995363,29.473718116655057,-3.9449501037597656,438,6,43,1,INSUFFICIENT_RECOVERY_RESERVE,4.1099042892456055,OUTBOUND,-7.025124549865723,-0.463761915935844,
1,11.313254356384277,1.0737407207489014,0.10016699135303497,0.10342700779438019,8.54886430298211,29.46145738119837,-3.923933506011963,439,6,44,0,,5.100447654724121,OUTBOUND,-7.0615644454956055,-0.4620194148341705,
0,11.293577194213867,1.0740617513656616,0.8223148584365845,0.8001870512962341,8.564088404993527,29.44914929713712,-3.88393497467041,440,6,45,1,NOMINAL_OUTSIDE_CERTIFIED_SET,1.593980312347412,OUTBOUND,-7.088232040405273,-0.5069141342592207,
0,11.351242065429688,1.0743829011917114,1.5007297992706299,1.4678794145584106,8.57720975097618,29.43684420319022,-3.9103691577911377,441,6,46,1,NOMINAL_OUTSIDE_CERTIFIED_SET,6.888236045837402,OUTBOUND,-7.128204345703125,-0.5401213067280974,
0,11.351113319396973,1.0747036933898926,0.7732681632041931,0.7568447589874268,8.594960787973832,29.4245415633194,-3.8931565284729004,442,6,47,1,NO_GENERATOR_SET,2.131621837615967,OUTBOUND,-7.149116039276123,-0.5466232956989989,
0,11.391645431518555,1.0750247240066528,0.7777068018913269,0.762222170829773,8.70901874397532,29.412228383096874,-3.9118337631225586,443,6,48,1,INSUFFICIENT_RECOVERY_RESERVE,0.9857184886932373,OUTBOUND,-7.1680474281311035,-0.5183879407507073,
0,11.336955070495605,1.0753445625305176,0.793647050857544,0.7789533734321594,8.721510733972536,29.399948401401293,-3.868584156036377,444,6,49,1,INSUFFICIENT_RECOVERY_RESERVE,1.0354183912277222,OUTBOUND,-7.165726184844971,-0.46922737845698415,
1,11.43374252319336,1.0756646394729614,0.05925300717353821,0.05836321413516998,8.73599184397608,29.38770144218165,-3.9084787368774414,445,6,50,0,,4.786026954650879,OUTBOUND,-7.211177825927734,-0.45140581346847175,
0,11.41289234161377,1.0759849548339844,0.8180547952651978,0.791049063205719,8.751263377984287,29.375399661855194,-3.907223701477051,446,6,51,1,NOMINAL_OUTSIDE_CERTIFIED_SET,2.448836326599121,OUTBOUND,-7.194711208343506,-0.49135044018930146,
0,11.418038368225098,1.0763047933578491,0.0531810000538826,0.05357607081532478,8.768362487986451,29.36307765024023,-3.888826370239258,447,6,52,1,INSUFFICIENT_RECOVERY_RESERVE,2.91696834564209,OUTBOUND,-7.216904640197754,-0.5008394204027635,
1,11.4602632522583,1.0766245126724243,0.13140058517456055,0.1296282857656479,8.781898214976536,29.35079472628473,-3.8938183784484863,448,6,53,0,,1.9343531131744385,OUTBOUND,-7.250367164611816,-0.4753123261390291,
1,11.501715660095215,1.0769444704055786,0.08645707368850708,0.08678891509771347,8.797211197990691,29.33852727669382,-3.907381772994995,449,6,54,0,,5.082783222198486,OUTBOUND,-7.274388313293457,-0.47813272856117117,
0,11.520856857299805,1.0772652626037598,0.7996441721916199,0.786617636680603,8.810623971978202,29.326256978348074,-3.922055721282959,450,6,55,1,NOMINAL_OUTSIDE_CERTIFIED_SET,3.549272060394287,OUTBOUND,-7.281711578369141,-0.48776723549032874,
0,11.516437530517578,1.0775856971740723,0.06085604429244995,0.061767466366291046,8.826824020972708,29.313992347898576,-3.894686698913574,451,6,56,1,NOMINAL_OUTSIDE_CERTIFIED_SET,5.323782444000244,OUTBOUND,-7.3002424240112305,-0.48998127082479903,
0,11.553205490112305,1.0779067277908325,0.10199636965990067,0.10003688931465149,8.841104097984498,29.30173662426473,-3.913731336593628,452,6,57,1,NOMINAL_OUTSIDE_CERTIFIED_SET,2.8760459423065186,OUTBOUND,-7.315946578979492,-0.47470918279836083,
0,11.503092765808105,1.0782262086868286,0.9207509756088257,0.9103201627731323,8.856240013992647,29.289482709590864,-3.8583078384399414,453,6,58,1,NOMINAL_OUTSIDE_CERTIFIED_SET,2.23785662651062,OUTBOUND,-7.329069137573242,-0.4469596815062883,
0,11.530550003051758,1.078545093536377,0.06729505211114883,0.06809716671705246,8.989620844979072,29.277237507939557,-3.877161741256714,454,6,59,1,NOMINAL_OUTSIDE_CERTIFIED_SET,2.884345054626465,OUTBOUND,-7.334309101104736,-0.4108972012730936,
0,11.617198944091797,1.0788651704788208,0.8022176027297974,0.7897360324859619,9.003958308981964,29.26500754279992,-3.9298253059387207,455,6,60,1,NOMINAL_OUTSIDE_CERTIFIED_SET,3.5689501762390137,OUTBOUND,-7.367759704589844,-0.36992099306023124,
1,11.613325119018555,1.0791857242584229,1.6507848501205444,1.6020145416259766,9.018893737986218,29.252807987107538,-3.910339593887329,456,6,61,0,,6.272770881652832,OUTBOUND,-7.391021728515625,-0.3530534491460786,
0,11.551074981689453,1.079505205154419,0.8221797347068787,0.8098389506340027,9.03790143498918,29.240570243032565,-3.8701910972595215,457,6,62,1,NOMINAL_OUTSIDE_CERTIFIED_SET,0.9552185535430908,OUTBOUND,-7.372897624969482,-0.32842917552821405,
0,11.663203239440918,1.0798259973526,0.08192641288042068,0.07911501824855804,9.054898891976336,29.22837057283045,-3.9315218925476074,458,6,63,1,NOMINAL_OUTSIDE_CERTIFIED_SET,7.326827526092529,OUTBOUND,-7.408130645751953,-0.27243654899005326,
0,11.660886764526367,1.080148696899414,1.6641467809677124,1.628352403640747,9.069921930000419,29.21620659189004,-3.9544918537139893,459,6,64,1,NOMINAL_OUTSIDE_CERTIFIED_SET,8.421920776367188,OUTBOUND,-7.393883228302002,-0.22156242572373824,
0,11.586953163146973,1.0804697275161743,0.07031486928462982,0.0713074579834938,9.08975341799669,29.204075048930463,-3.8585245609283447,460,6,65,1,NOMINAL_OUTSIDE_CERTIFIED_SET,7.434104919433594,OUTBOUND,-7.412867069244385,-0.1763200361278165,
0,11.606514930725098,1.0807900428771973,0.06784940510988235,0.07045403122901917,9.10510217398405,29.19197222212526,-3.874931812286377,461,6,66,1,NOMINAL_OUTSIDE_CERTIFIED_SET,6.835378170013428,OUTBOUND,-7.402965068817139,-0.13688361553576678,
0,11.679266929626465,1.0811108350753784,0.2654585540294647,0.2683505713939667,9.120882689981954,29.179894228510722,-3.9097230434417725,462,6,67,1,NOMINAL_OUTSIDE_CERTIFIED_SET,1.4258424043655396,FAILURE,-7.438475608825684,-0.10316965875308237,
1,11.671893119812012,1.0814318656921387,0.11190443485975266,0.11497019231319427,9.144145283993566,29.98798963375465,-3.9065277576446533,463,7,1,0,,2.881054162979126,OUTBOUND,-7.429863929748535,0.008844649844179365,
0,11.727913856506348,1.0817540884017944,0.8778237104415894,0.8655892014503479,9.157495272986125,29.975927343164997,-3.933079719543457,464,7,2,1,NOMINAL_OUTSIDE_CERTIFIED_SET,1.3281606435775757,OUTBOUND,-7.457701206207275,0.022143095544952442,
1,11.724868774414062,1.0820763111114502,0.8733948469161987,0.861355185508728,9.175720015977276,29.963867280429746,-3.8986382484436035,465,7,3,0,,3.209198474884033,OUTBOUND,-7.486988067626953,-0.000177489750853402,
0,11.652568817138672,1.0823960304260254,0.8763505220413208,0.8608992099761963,9.191097809991334,29.9517770970642,-3.8304154872894287,466,7,4,1,NOMINAL_OUTSIDE_CERTIFIED_SET,1.3961461782455444,OUTBOUND,-7.49088716506958,-0.01870607038614507,
0,11.797327041625977,1.082716941833496,0.8567611575126648,0.8423495888710022,9.209303160983836,29.939653283181894,-3.925854206085205,467,7,5,1,NOMINAL_OUTSIDE_CERTIFIED_SET,1.945115566253662,OUTBOUND,-7.533667087554932,-0.02475268760732486,
0,11.7865571975708,1.083038568496704,0.0796738713979721,0.08195061981678009,9.22335279098479,29.927495524783634,-3.9158051013946533,468,7,6,1,NOMINAL_OUTSIDE_CERTIFIED_SET,8.22917652130127,OUTBOUND,-7.52333927154541,-0.035859618718012826,
0,11.810677528381348,1.0833611488342285,0.8757305145263672,0.8628180623054504,9.330995205993531,29.915303517195614,-3.928394317626953,469,7,7,1,NOMINAL_OUTSIDE_CERTIFIED_SET,0.7112809419631958,OUTBOUND,-7.537985801696777,-0.05395704042338313,
0,11.781391143798828,1.083682656288147,0.08934222906827927,0.09182851016521454,9.348275189986452,29.903076973660625,-3.868377208709717,470,7,8,1,NOMINAL_OUTSIDE_CERTIFIED_SET,2.7734522819519043,OUTBOUND,-7.569212436676025,-0.08079328876604275,
1,11.77338695526123,1.0840034484863281,1.7003865242004395,1.673317551612854,9.368018490000395,29.89084135012758,-3.8787388801574707,471,7,9,0,,8.413467407226562,OUTBOUND,-7.558183670043945,-0.10156885427037646,
0,11.834197998046875,1.0843249559402466,0.8896859288215637,0.8764029145240784,9.38396455097245,29.878585327328654,-3.912612199783325,472,7,10,1,NOMINAL_OUTSIDE_CERTIFIED_SET,0.4670608639717102,OUTBOUND,-7.583439826965332,-0.12683367504141624,
1,11.850903511047363,1.0846469402313232,1.7163108587265015,1.6903338432312012,9.397283772996161,29.866293861750904,-3.9092795848846436,473,7,11,0,,4.126677513122559,OUTBOUND,-7.608321189880371,-0.16734235779909357,
0,11.868435859680176,1.084969401359558,0.07905038446187973,0.07930844277143478,9.412221567996312,29.854042174017124,-3.9130702018737793,474,7,12,1,NOMINAL_OUTSIDE_CERTIFIED_SET,6.29399299621582,OUTBOUND,-7.6133713722229,-0.19679302660461032,
0,11.85003662109375,1.0852923393249512,1.7345293760299683,1.706745982170105,9.426725706987781,29.841784213466585,-3.914822816848755,475,7,13,1,NOMINAL_OUTSIDE_CERTIFIED_SET,2.7454402446746826,OUTBOUND,-7.601268291473389,-0.22399413926981687,
0,11.77664852142334,1.0856128931045532,1.7313990592956543,1.7010220289230347,9.443824122980004,29.82949160751262,-3.8290507793426514,476,7,14,1,NOMINAL_OUTSIDE_CERTIFIED_SET,2.0462355613708496,OUTBOUND,-7.620708465576172,-0.26132671328010715,
0,11.894153594970703,1.0859345197677612,0.9384430646896362,0.9271171689033508,9.460052670998266,29.817178966573273,-3.9218363761901855,477,7,15,1,INSUFFICIENT_RECOVERY_RESERVE,4.67046594619751,OUTBOUND,-7.624646186828613,-0.28622864107790885,
0,11.945162773132324,1.0862587690353394,0.12266164273023605,0.12097230553627014,9.477220095985103,29.80488330034664,-3.9712798595428467,478,7,16,1,NOMINAL_OUTSIDE_CERTIFIED_SET,11.263038635253906,OUTBOUND,-7.609116554260254,-0.3106258346309966,
0,11.938177108764648,1.086582899093628,0.9658843278884888,0.9540510773658752,9.489045228983741,29.792565828987655,-3.899287223815918,479,7,17,1,INSUFFICIENT_RECOVERY_RESERVE,1.9884228706359863,OUTBOUND,-7.681366920471191,-0.3338185791389069,
0,11.88302230834961,1.0869050025939941,0.9700447916984558,0.9563747644424438,9.504579632979585,29.780282026038677,-3.846285820007324,480,7,18,1,INSUFFICIENT_RECOVERY_RESERVE,3.773266315460205,OUTBOUND,-7.6759033203125,-0.3183075678342844,
0,12.011829376220703,1.087228536605835,0.09667940437793732,0.09522704780101776,9.519431221997365,29.76800968309312,-3.9339599609375,481,7,19,1,NOMINAL_OUTSIDE_CERTIFIED_SET,9.444611549377441,OUTBOUND,-7.702608108520508,-0.3377625665910801,
0,12.044858932495117,1.0875540971755981,1.790563702583313,1.752291202545166,9.620271723979386,29.755717644296787,-3.9602646827697754,482,7,20,1,INSUFFICIENT_RECOVERY_RESERVE,3.8191308975219727,OUTBOUND,-7.714740753173828,-0.3563032244950255,
0,11.996440887451172,1.0878784656524658,0.11629118025302887,0.119193896651268,9.633791906991974,29.74343909319258,-3.869302272796631,483,7,21,1,NOMINAL_OUTSIDE_CERTIFIED_SET,10.435665130615234,OUTBOUND,-7.750157356262207,-0.3746401744823925,
0,12.114991188049316,1.0882046222686768,2.7275078296661377,2.675285816192627,9.647009962995071,29.731136757787485,-3.9557249546051025,484,7,22,1,INSUFFICIENT_RECOVERY_RESERVE,9.061179161071777,OUTBOUND,-7.790171146392822,-0.3918974817974156,
0,12.005843162536621,1.0885298252105713,1.0311414003372192,1.0021554231643677,9.660031289997278,29.7188500515027,-3.8762667179107666,485,7,23,1,NOMINAL_OUTSIDE_CERTIFIED_SET,3.176459789276123,OUTBOUND,-7.773900985717773,-0.4088061541568872,
0,12.106962203979492,1.0888553857803345,0.10813558101654053,0.10997206717729568,9.676168350997614,29.70653755849297,-3.9150888919830322,486,7,24,1,INSUFFICIENT_RECOVERY_RESERVE,6.4794230461120605,OUTBOUND,-7.822996139526367,-0.4245711442808278,
0,12.128923416137695,1.0891811847686768,0.9168180823326111,0.9065449237823486,9.697391857975163,29.694248530667405,-3.9116780757904053,487,7,25,1,NOMINAL_OUTSIDE_CERTIFIED_SET,1.5694783926010132,OUTBOUND,-7.852705955505371,-0.4372595557008895,
0,12.159095764160156,1.0895071029663086,1.8297181129455566,1.802363395690918,9.711120479973033,29.68193118169658,-3.905853748321533,488,7,26,1,INSUFFICIENT_RECOVERY_RESERVE,5.297791957855225,OUTBOUND,-7.895114898681641,-0.44892299742953434,
0,12.144172668457031,1.0898319482803345,0.07928895205259323,0.08075696974992752,9.725906657986343,29.669661448316358,-3.8752026557922363,489,7,27,1,NOMINAL_OUTSIDE_CERTIFIED_SET,4.154977321624756,OUTBOUND,-7.906404495239258,-0.44298473722080756,
1,12.180400848388672,1.0901565551757812,0.07166184484958649,0.07309375703334808,9.74037959598354,29.657370391208605,-3.893954038619995,490,7,28,0,,6.894237041473389,OUTBOUND,-7.913901329040527,-0.4450877677169895,
0,12.2295503616333,1.0904821157455444,0.946544349193573,0.9348644614219666,9.75521186098922,29.645070836706243,-3.926812171936035,491,7,29,1,NOMINAL_OUTSIDE_CERTIFIED_SET,0.6986286044120789,OUTBOUND,-7.929930210113525,-0.4660510627847407,
0,12.250272750854492,1.0908081531524658,0.9695343971252441,0.9578387141227722,9.766173035983229,29.632750526540292,-3.9199118614196777,492,7,30,1,INSUFFICIENT_RECOVERY_RESERVE,0.3086175322532654,OUTBOUND,-7.958691120147705,-0.47728094660101517,
0,12.184928894042969,1.0911331176757812,0.06489649415016174,0.06496798992156982,9.893404480972094,29.62046415876304,-3.8691720962524414,493,7,31,1,INSUFFICIENT_RECOVERY_RESERVE,6.829737186431885,OUTBOUND,-7.936888217926025,-0.43539896451083554,
1,12.273560523986816,1.0914592742919922,1.8959598541259766,1.856343388557434,9.914417962980224,29.6082123912157,-3.9369890689849854,494,7,32,0,,5.6174492835998535,OUTBOUND,-7.959958076477051,-0.40169073888937606,
0,12.287736892700195,1.0917854309082031,1.851107120513916,1.8228293657302856,9.93206065299455,29.59593500425684,-3.900313138961792,495,7,33,1,NOMINAL_OUTSIDE_CERTIFIED_SET,7.574714183807373,OUTBOUND,-8.02806282043457,-0.42356022578060926,
0,12.22231674194336,1.092110276222229,1.0179146528244019,0.9903745651245117,9.946540123986779,29.583640652659298,-3.8665273189544678,496,7,34,1,INSUFFICIENT_RECOVERY_RESERVE,3.468630313873291,OUTBOUND,-7.9915032386779785,-0.43849598859147626,
0,12.293516159057617,1.0924346446990967,0.06572164595127106,0.06479591131210327,9.961568822996924,29.571358694500002,-3.888237953186035,497,7,35,1,NOMINAL_OUTSIDE_CERTIFIED_SET,7.344027996063232,OUTBOUND,-8.031003952026367,-0.4529264989263473,
0,12.271512985229492,1.0927586555480957,0.9766647815704346,0.9657046794891357,9.972305400995538,29.55905804473172,-3.8850204944610596,498,7,36,1,INSUFFICIENT_RECOVERY_RESERVE,0.7770670652389526,OUTBOUND,-8.011489868164062,-0.4660421739428763,
1,12.295405387878418,1.0930819511413574,1.9412399530410767,1.9047935009002686,9.98578057999839,29.546777466858003,-3.875845193862915,499,7,37,0,,1.5700889825820923,OUTBOUND,-8.051183700561523,-0.420918493169583,
0,12.323904037475586,1.0934053659439087,0.9903610348701477,0.9786669015884399,9.998755709995748,29.53452127439082,-3.892873764038086,500,7,38,1,NOMINAL_OUTSIDE_CERTIFIED_SET,3.41760516166687,OUTBOUND,-8.056997299194336,-0.4314385586811713,
1,12.296810150146484,1.0937271118164062,0.19528983533382416,0.1925685554742813,10.013386469974648,29.52224812528084,-3.8502352237701416,501,7,39,0,,9.497530937194824,OUTBOUND,-8.056739807128906,-0.46349063257534046,
1,12.398872375488281,1.094049096107483,0.09983104467391968,0.09888481348752975,10.031148023990681,29.509956530841738,-3.8915657997131348,502,7,40,0,,5.674977779388428,OUTBOUND,-8.110576629638672,-0.47159009403761104,
0,12.430302619934082,1.0943704843521118,0.09083393216133118,0.09190033376216888,10.048494308983209,29.497622846032318,-3.876098155975342,503,7,41,1,INSUFFICIENT_RECOVERY_RESERVE,4.458232402801514,OUTBOUND,-8.154767990112305,-0.45955502477691934,
1,12.428040504455566,1.094692349433899,1.9879791736602783,1.94900643825531,10.065296116983518,29.485334689538565,-3.896885871887207,504,7,42,0,,6.5362772941589355,OUTBOUND,-8.140027046203613,-0.42997998849258995,
1,12.463837623596191,1.0950146913528442,1.0380264520645142,1.0250426530838013,10.078557235974586,29.47302997501159,-3.9012815952301025,505,7,43,0,,1.581515908241272,OUTBOUND,-8.169958114624023,-0.40211479308692305,
0,12.530071258544922,1.0953384637832642,0.09931673854589462,0.09973329305648804,10.096197034989018,29.460740958342566,-3.928175687789917,506,7,44,1,NOMINAL_OUTSIDE_CERTIFIED_SET,4.266867160797119,OUTBOUND,-8.205035209655762,-0.4032927358035906,
0,12.542709350585938,1.0956629514694214,1.021539330482483,1.0101665258407593,10.116814025997883,29.44843523845987,-3.913900852203369,507,7,45,1,NOMINAL_OUTSIDE_CERTIFIED_SET,2.451237916946411,OUTBOUND,-8.239328384399414,-0.4653212893467956,
0,12.519500732421875,1.0959875583648682,1.9931358098983765,1.9576139450073242,10.230941041983897,29.43613084046576,-3.8992295265197754,508,7,46,1,INSUFFICIENT_RECOVERY_RESERVE,9.445837020874023,OUTBOUND,-8.243448257446289,-0.4820537218233007,
0,12.538647651672363,1.0963122844696045,0.09497606754302979,0.0965949296951294,10.251025382982334,29.423836823060274,-3.8966264724731445,509,7,47,1,NOMINAL_OUTSIDE_CERTIFIED_SET,7.334067344665527,OUTBOUND,-8.25612735748291,-0.4970584038408149,
0,12.55842113494873,1.0966366529464722,1.0283235311508179,1.0167839527130127,10.26673706699512,29.41153659774385,-3.885589122772217,510,7,48,1,INSUFFICIENT_RECOVERY_RESERVE,0.803619384765625,OUTBOUND,-8.282322883605957,-0.5103889545118403,
0,12.507772445678711,1.0969595909118652,1.0307252407073975,1.0170704126358032,10.286517154978355,29.399256793110748,-3.850123882293701,511,7,49,1,NOMINAL_OUTSIDE_CERTIFIED_SET,0.5050294399261475,OUTBOUND,-8.27614974975586,-0.5181251504491742,
0,12.654986381530762,1.0972840785980225,0.08302733302116394,0.08025306463241577,10.305934364994755,29.386957852455303,-3.9339427947998047,512,7,50,1,NO_GENERATOR_SET,7.956166744232178,OUTBOUND,-8.317867279052734,-0.566622423850832,
0,12.69828987121582,1.097610354423523,0.09003753960132599,0.08989442139863968,10.329261450999184,29.374644254060325,-3.9399406909942627,513,7,51,1,NO_GENERATOR_SET,6.30211877822876,OUTBOUND,-8.346198081970215,-0.5825189943516744,
0,12.67818546295166,1.0979365110397339,1.1532050371170044,1.1408251523971558,10.350636283983476,29.36232463075818,-3.8983962535858154,514,7,52,1,NO_GENERATOR_SET,3.481222629547119,OUTBOUND,-8.375426292419434,-0.5736901305740613,
0,12.702621459960938,1.0982638597488403,2.0432722568511963,2.017387628555298,10.372065546980593,29.350008788149953,-3.9310202598571777,515,7,53,1,NO_GENERATOR_SET,6.278623580932617,OUTBOUND,-8.37498950958252,-0.5468757710681064,
1,12.678610801696777,1.0985912084579468,0.07263599336147308,0.07175718247890472,10.387383844994474,29.337710111413006,-3.898918867111206,516,7,54,0,,6.716078281402588,OUTBOUND,-8.381841659545898,-0.5124322581548805,
1,12.726037979125977,1.0989197492599487,1.047894835472107,1.0349167585372925,10.403401371993823,29.325415785968517,-3.9319472312927246,517,7,55,0,,0.9211896657943726,OUTBOUND,-8.392623901367188,-0.4658585392487537,
0,12.747394561767578,1.0992491245269775,1.0976914167404175,1.086112141609192,10.418048056977568,29.313157719365353,-3.9274866580963135,518,7,56,1,NOMINAL_OUTSIDE_CERTIFIED_SET,0.9678533673286438,OUTBOUND,-8.415182113647461,-0.41043977767527284,
0,12.81566047668457,1.099578857421875,0.08060666918754578,0.07892858982086182,10.433349087979877,29.300929080961847,-3.9176793098449707,519,7,57,1,NOMINAL_OUTSIDE_CERTIFIED_SET,6.306368827819824,OUTBOUND,-8.48774528503418,-0.35813779970624576,
0,12.788294792175293,1.0999089479446411,2.1185595989227295,2.0697267055511475,10.449421334982617,29.28873097558363,-3.9145495891571045,520,7,58,1,NOMINAL_OUTSIDE_CERTIFIED_SET,8.257688522338867,OUTBOUND,-8.47704792022705,-0.30690129774248665,
0,12.76449966430664,1.10023832321167,0.08753898739814758,0.08876986801624298,10.46772979098023,29.276562985591926,-3.8865394592285156,521,7,59,1,NOMINAL_OUTSIDE_CERTIFIED_SET,8.940961837768555,OUTBOUND,-8.468506813049316,-0.25833284858688405,
0,12.787025451660156,1.1005665063858032,0.12768089771270752,0.12744659185409546,10.573710463999305,29.264423564561305,-3.871325731277466,522,7,60,1,NOMINAL_OUTSIDE_CERTIFIED_SET,8.401754379272461,OUTBOUND,-8.498795509338379,-0.21350896167494082,
0,12.93208122253418,1.1008968353271484,0.05873272567987442,0.059169940650463104,10.589817580999807,29.25230832532778,-3.959671974182129,523,7,61,1,NOMINAL_OUTSIDE_CERTIFIED_SET,6.868013381958008,OUTBOUND,-8.539447784423828,-0.17308106834730747,
0,12.887709617614746,1.1012271642684937,0.10359825193881989,0.10430627316236496,10.604243319976376,29.240214764868426,-3.9062724113464355,524,7,62,1,NOMINAL_OUTSIDE_CERTIFIED_SET,4.231688499450684,OUTBOUND,-8.54627799987793,-0.13736528417808996,
1,12.925429344177246,1.1015576124191284,2.14031720161438,2.115460157394409,10.622916730993893,29.228124292189456,-3.9120023250579834,525,7,63,0,,11.793180465698242,OUTBOUND,-8.598495483398438,-0.13708418289264446,
0,12.870580673217773,1.1018857955932617,1.1493643522262573,1.1371276378631592,10.637973127973964,29.216027281199317,-3.838888645172119,526,7,64,1,NOMINAL_OUTSIDE_CERTIFIED_SET,3.9463300704956055,OUTBOUND,-8.631300926208496,-0.13235770831621083,
0,12.9422025680542,1.1022148132324219,2.1527364253997803,2.1217989921569824,10.657028452988015,29.203961165240433,-3.9235095977783203,527,7,65,1,NOMINAL_OUTSIDE_CERTIFIED_SET,8.325257301330566,FAILURE,-8.625323295593262,-0.09377356196266613,
1,12.930566787719727,1.1025440692901611,1.1247026920318604,1.1028839349746704,10.68574819897185,29.987997268385797,-3.908663272857666,528,8,1,0,,0.7572553753852844,OUTBOUND,-8.624397277832031,-0.0029547294052859616,
0,12.940544128417969,1.1028733253479004,1.133319616317749,1.1219134330749512,10.707163532992126,29.975947306295442,-3.904430866241455,529,8,2,1,NOMINAL_OUTSIDE_CERTIFIED_SET,0.7543463110923767,OUTBOUND,-8.635480880737305,0.0019305525058334262,
1,12.836179733276367,1.1032005548477173,1.1432386636734009,1.1210771799087524,10.721465146983974,29.96387729750533,-3.8405685424804688,530,8,3,0,,2.3845791816711426,OUTBOUND,-8.597976684570312,0.013790990221386195,
1,12.94212532043457,1.1035277843475342,0.08602926880121231,0.08196547627449036,10.738744356989628,29.951773824911267,-3.897738218307495,531,8,4,0,,7.01420783996582,OUTBOUND,-8.631422996520996,0.05035121014701602,
1,12.982614517211914,1.103856086730957,0.08227349817752838,0.08135242760181427,10.865859974990599,29.939658652926894,-3.923705577850342,532,8,5,0,,8.042789459228516,OUTBOUND,-8.627270698547363,0.094363649440801,
0,13.029669761657715,1.1041854619979858,1.105180025100708,1.0927698612213135,10.888711470994167,29.927504035563445,-3.9279720783233643,533,8,6,1,NOMINAL_OUTSIDE_CERTIFIED_SET,1.029221534729004,OUTBOUND,-8.667651176452637,0.09141593918039623,
0,13.003713607788086,1.1045151948928833,0.09048716723918915,0.09082472324371338,10.911374084971612,29.915342521942488,-3.913118600845337,534,8,7,1,NOMINAL_OUTSIDE_CERTIFIED_SET,8.190265655517578,OUTBOUND,-8.648462295532227,0.044558009098122145,
0,13.055908203125,1.104845404624939,1.1292221546173096,1.1166338920593262,10.930791173974285,29.90316817174101,-3.9106602668762207,535,8,8,1,NOMINAL_OUTSIDE_CERTIFIED_SET,1.006903886795044,OUTBOUND,-8.70464038848877,0.0006395595494060858,
0,13.162166595458984,1.1051770448684692,0.09460444003343582,0.09461025893688202,10.949568480980815,29.89097581291652,-3.947044610977173,536,8,9,1,NOMINAL_OUTSIDE_CERTIFIED_SET,6.948742866516113,OUTBOUND,-8.761094093322754,-0.04312832677846602,
1,13.146744728088379,1.1055091619491577,2.297379970550537,2.268383502960205,10.96223256297526,29.878768634630166,-3.9187541007995605,537,8,10,0,,8.13420295715332,OUTBOUND,-8.791958808898926,-0.06511596585738888,
1,13.150237083435059,1.1058417558670044,2.380915403366089,2.3449478149414062,10.979429802973755,29.866611394573383,-3.921724319458008,538,8,11,0,,13.763816833496094,OUTBOUND,-8.816335678100586,-0.0688259629767198,
1,13.160446166992188,1.1061749458312988,0.07700858265161514,0.08008158951997757,10.994022451981436,29.854451955882276,-3.9215686321258545,539,8,12,0,,10.724822998046875,OUTBOUND,-8.810056686401367,-0.05068485499628083,
0,13.175481796264648,1.1065080165863037,1.17631196975708,1.1515754461288452,11.01117407498532,29.842258745572614,-3.911973237991333,540,8,13,1,NOMINAL_OUTSIDE_CERTIFIED_SET,0.6086230874061584,OUTBOUND,-8.832906723022461,-0.056584901610609105,
1,13.156723976135254,1.1068403720855713,0.07338851690292358,0.07618679106235504,11.032094019989017,29.830074477174154,-3.88639760017395,541,8,14,0,,6.3948445320129395,OUTBOUND,-8.833449363708496,-0.09720440437997155,
1,13.207557678222656,1.1071723699569702,1.1505789756774902,1.1386622190475464,11.0498801189824,29.81785252237489,-3.895916223526001,542,8,15,0,,4.177413463592529,OUTBOUND,-8.883262634277344,-0.1283880217525484,
1,13.205974578857422,1.1075037717819214,1.203999638557434,1.1927337646484375,11.065824652992887,29.805667463743795,-3.890491485595703,543,8,16,0,,5.855087757110596,OUTBOUND,-8.894582748413086,-0.1445424923907823,
1,13.188833236694336,1.1078349351882935,0.08636035770177841,0.0867457166314125,11.083866301982198,29.793465092290845,-3.8952419757843018,544,8,17,0,,5.973450183868408,OUTBOUND,-8.863059043884277,-0.14104713012053527,
0,13.312724113464355,1.108167052268982,0.06460044533014297,0.05903220176696777,11.098422586976085,29.78128962564083,-3.932495594024658,545,8,18,1,NOMINAL_OUTSIDE_CERTIFIED_SET,9.140451431274414,OUTBOUND,-8.9288969039917,-0.16380705705333024,
0,13.258625030517578,1.1084996461868286,1.2437951564788818,1.220822811126709,11.112691154994536,29.769071708466832,-3.9153730869293213,546,8,19,1,NOMINAL_OUTSIDE_CERTIFIED_SET,1.3003982305526733,OUTBOUND,-8.90087890625,-0.21538361569495748,
0,13.313214302062988,1.1088323593139648,1.2176284790039062,1.193359136581421,11.216999101976398,29.756815538675177,-3.9117841720581055,547,8,20,1,NOMINAL_OUTSIDE_CERTIFIED_SET,3.0040647983551025,OUTBOUND,-8.952093124389648,-0.27023568560558364,
0,13.29341983795166,1.1091657876968384,3.459304094314575,3.4071006774902344,11.23025441498612,29.74452239937715,-3.9241371154785156,548,8,21,1,NOMINAL_OUTSIDE_CERTIFIED_SET,16.185922622680664,OUTBOUND,-8.947579383850098,-0.3279284249324905,
0,13.276043891906738,1.1094979047775269,0.17972855269908905,0.1749533712863922,11.242039926990401,29.732206965428183,-3.8745205402374268,549,8,22,1,INSUFFICIENT_RECOVERY_RESERVE,6.856643199920654,OUTBOUND,-8.968950271606445,-0.34912913406726526,
0,13.300313949584961,1.109829068183899,0.10916920006275177,0.10396483540534973,11.255622057971777,29.719907549371737,-3.875317335128784,550,8,23,1,NOMINAL_OUTSIDE_CERTIFIED_SET,10.87130355834961,OUTBOUND,-8.979204177856445,-0.36848991266065484,
0,13.37350082397461,1.1101621389389038,3.4676718711853027,3.4102275371551514,11.274008741980651,29.707584313859577,-3.9550578594207764,551,8,24,1,INSUFFICIENT_RECOVERY_RESERVE,14.459415435791016,OUTBOUND,-8.983855247497559,-0.3867424732341641,
0,13.319344520568848,1.1104943752288818,0.13113397359848022,0.13025572896003723,11.289640947972657,29.69527892956607,-3.879781484603882,552,8,25,1,NOMINAL_OUTSIDE_CERTIFIED_SET,10.041556358337402,OUTBOUND,-8.996886253356934,-0.40358769287889595,
0,13.33981990814209,1.1108263731002808,2.326481819152832,2.3063268661499023,11.301157940994017,29.68294915153335,-3.89909291267395,553,8,26,1,INSUFFICIENT_RECOVERY_RESERVE,7.52520227432251,OUTBOUND,-9.011270523071289,-0.4194174738762895,
0,13.331395149230957,1.1111583709716797,2.3597333431243896,2.3351571559906006,11.31490353497793,29.670654245285135,-3.9033846855163574,554,8,27,1,INSUFFICIENT_RECOVERY_RESERVE,8.586922645568848,OUTBOUND,-9.005953788757324,-0.3886111166883988,
1,13.366691589355469,1.1114907264709473,0.10035093128681183,0.09777794033288956,11.329008930973941,29.658402423475998,-3.9106643199920654,555,8,28,0,,11.537836074829102,OUTBOUND,-9.015671730041504,-0.3734051546543354,
0,13.416221618652344,1.1118247509002686,0.18923252820968628,0.1897003948688507,11.346744760987349,29.6461201304124,-3.9523472785949707,556,8,29,1,NOMINAL_OUTSIDE_CERTIFIED_SET,12.152481079101562,OUTBOUND,-8.995193481445312,-0.4027041719632262,
0,13.453657150268555,1.1121588945388794,0.09829096496105194,0.09796015173196793,11.358677630982129,29.63382159133449,-3.9089133739471436,557,8,30,1,INSUFFICIENT_RECOVERY_RESERVE,9.62065601348877,OUTBOUND,-9.066322326660156,-0.4148207032872308,
0,13.466533660888672,1.1124932765960693,0.10084910690784454,0.10146642476320267,11.377243967988761,29.621538993860067,-3.912055015563965,558,8,31,1,NOMINAL_OUTSIDE_CERTIFIED_SET,8.913947105407715,OUTBOUND,-9.065389633178711,-0.4256352030913556,
1,13.582195281982422,1.112829566001892,0.0863335132598877,0.08723577857017517,11.393621227995027,29.609231465430835,-3.966035842895508,559,8,32,0,,10.131139755249023,OUTBOUND,-9.11127758026123,-0.42939804074418053,
0,13.538384437561035,1.1131645441055298,2.415983200073242,2.3830313682556152,11.409720353985904,29.59698160669017,-3.874549150466919,560,8,33,1,NOMINAL_OUTSIDE_CERTIFIED_SET,7.6674346923828125,OUTBOUND,-9.186349868774414,-0.41849203407968116,
0,13.615585327148438,1.1135005950927734,1.2511147260665894,1.237067461013794,11.520020792988362,29.584721470749667,-3.9383463859558105,561,8,34,1,NOMINAL_OUTSIDE_CERTIFIED_SET,0.8203774690628052,OUTBOUND,-9.197599411010742,-0.4376911324849068,
0,13.589515686035156,1.1138360500335693,1.2285152673721313,1.219597578048706,11.532746834971476,29.572426821931817,-3.893527030944824,562,8,35,1,NOMINAL_OUTSIDE_CERTIFIED_SET,5.490259647369385,OUTBOUND,-9.230993270874023,-0.47482606036156444,
0,13.638304710388184,1.1141713857650757,1.2521557807922363,1.2384270429611206,11.546499557996867,29.56010655442697,-3.909668445587158,563,8,36,1,INSUFFICIENT_RECOVERY_RESERVE,4.10252046585083,OUTBOUND,-9.267044067382812,-0.4861516390630936,
0,13.67666244506836,1.114506483078003,0.08158443868160248,0.07839518785476685,11.558102069975575,29.54782026887572,-3.9010908603668213,564,8,37,1,INSUFFICIENT_RECOVERY_RESERVE,8.271628379821777,OUTBOUND,-9.302562713623047,-0.4432843891371682,
0,13.756950378417969,1.1148426532745361,1.4476343393325806,1.4286680221557617,11.572280432999833,29.535546046914607,-3.9402637481689453,565,8,38,1,NOMINAL_OUTSIDE_CERTIFIED_SET,11.270271301269531,OUTBOUND,-9.359663963317871,-0.45547688656187374,
0,13.65571403503418,1.1151777505874634,0.12772256135940552,0.12411610037088394,11.58686908899108,29.523249310408453,-3.878377914428711,566,8,39,1,INSUFFICIENT_RECOVERY_RESERVE,3.4536707401275635,OUTBOUND,-9.318799018859863,-0.46675179294512925,
0,13.72969913482666,1.1155134439468384,1.3060425519943237,1.2929670810699463,11.60069238799042,29.510966834458284,-3.9271597862243652,567,8,40,1,NOMINAL_OUTSIDE_CERTIFIED_SET,1.227970838546753,OUTBOUND,-9.342137336730957,-0.4779082513481933,
0,13.668986320495605,1.115849494934082,1.4244670867919922,1.4028900861740112,11.613755153986858,29.498660795350492,-3.916767120361328,568,8,41,1,INSUFFICIENT_RECOVERY_RESERVE,0.6747910976409912,OUTBOUND,-9.293793678283691,-0.4881992115019046,
1,13.7071533203125,1.116183876991272,0.07518631219863892,0.07444275915622711,11.62823543997365,29.48638904127327,-3.8654613494873047,569,8,42,0,,5.687855243682861,OUTBOUND,-9.377817153930664,-0.4653790170362867,
1,13.720173835754395,1.116518497467041,1.2871837615966797,1.272189736366272,11.644065671978751,29.474095519796453,-3.90803861618042,570,8,43,0,,1.2315151691436768,OUTBOUND,-9.345264434814453,-0.43709645868798563,
0,13.728422164916992,1.1168519258499146,1.3008490800857544,1.2859824895858765,11.658778662997065,29.461830729306712,-3.8740923404693604,571,8,44,1,NOMINAL_OUTSIDE_CERTIFIED_SET,0.7581884264945984,OUTBOUND,-9.390243530273438,-0.43928891321001834,
0,13.780921936035156,1.1171854734420776,0.1726619154214859,0.17053526639938354,11.777228242979618,29.449535961304434,-3.905348777770996,572,8,45,1,NOMINAL_OUTSIDE_CERTIFIED_SET,4.6780829429626465,OUTBOUND,-9.402629852294922,-0.5023416380239379,
0,13.81416130065918,1.1175196170806885,0.08573110401630402,0.0839398205280304,11.796166977990652,29.437222278536556,-3.917632579803467,573,8,46,1,INSUFFICIENT_RECOVERY_RESERVE,7.878085613250732,OUTBOUND,-9.411598205566406,-0.509422285638631,
1,13.895637512207031,1.1178542375564575,1.3271820545196533,1.3109830617904663,11.817857588990591,29.424927946941864,-3.9161477088928223,574,8,47,0,,2.066547393798828,OUTBOUND,-9.491384506225586,-0.4507464025314392,
0,13.903780937194824,1.1181895732879639,0.07591094821691513,0.0736319050192833,11.83937037998112,29.41267184046469,-3.924131393432617,575,8,48,1,NOMINAL_OUTSIDE_CERTIFIED_SET,5.056171894073486,OUTBOUND,-9.482457160949707,-0.4409524747850438,
1,13.900836944580078,1.1185247898101807,0.10857672989368439,0.10708002746105194,11.854418065981008,29.400389399582494,-3.9025228023529053,576,8,49,0,,4.784765243530273,OUTBOUND,-9.498106002807617,-0.4403024003006911,
0,13.922867774963379,1.1188597679138184,0.08732432126998901,0.08479301631450653,11.868570631981129,29.38809285378763,-3.8987717628479004,577,8,50,1,NOMINAL_OUTSIDE_CERTIFIED_SET,5.296762466430664,OUTBOUND,-9.519975662231445,-0.4534386182599719,
0,14.066415786743164,1.1191962957382202,0.049281682819128036,0.04906046763062477,11.880395997985033,29.375784102589108,-3.948535442352295,578,8,51,1,INSUFFICIENT_RECOVERY_RESERVE,0.7842666506767273,OUTBOUND,-9.607209205627441,-0.4680588253871266,
0,14.039586067199707,1.1195337772369385,0.12476544082164764,0.12424769997596741,11.89412383697345,29.363488971848188,-3.934610605239868,579,8,52,1,NOMINAL_OUTSIDE_CERTIFIED_SET,1.2893389463424683,OUTBOUND,-9.599701881408691,-0.4819925545867893,
0,13.97170639038086,1.1198698282241821,2.6459662914276123,2.620568037033081,11.909536105988082,29.35117898172404,-3.8703951835632324,580,8,53,1,INSUFFICIENT_RECOVERY_RESERVE,12.275080680847168,OUTBOUND,-9.625017166137695,-0.494490460297793,
0,14.06324291229248,1.1202059984207153,1.3974369764328003,1.3830368518829346,11.922491748991888,29.338884687280515,-3.9087891578674316,581,8,54,1,NOMINAL_OUTSIDE_CERTIFIED_SET,9.662947654724121,OUTBOUND,-9.688254356384277,-0.506080250509993,
0,13.939529418945312,1.1205415725708008,1.4271520376205444,1.4023178815841675,11.938468553998973,29.32657265741927,-3.8905818462371826,582,8,55,1,INSUFFICIENT_RECOVERY_RESERVE,7.778669357299805,OUTBOUND,-9.597317695617676,-0.5164961661994599,
0,13.954256057739258,1.1208754777908325,1.3500066995620728,1.3389657735824585,11.958522130997153,29.314304498374323,-3.8584163188934326,583,8,56,1,NOMINAL_OUTSIDE_CERTIFIED_SET,3.5870676040649414,OUTBOUND,-9.650384902954102,-0.5061336108473876,
0,13.991661071777344,1.1212087869644165,0.08224780857563019,0.08181435614824295,11.97845031399629,29.302031799436847,-3.8834919929504395,584,8,57,1,NOMINAL_OUTSIDE_CERTIFIED_SET,9.161462783813477,OUTBOUND,-9.640177726745605,-0.5241043182553099,
0,13.998993873596191,1.1215429306030273,2.6372976303100586,2.600764036178589,11.99193116198876,29.289756697836975,-3.9195055961608887,585,8,58,1,NOMINAL_OUTSIDE_CERTIFIED_SET,8.645430564880371,OUTBOUND,-9.620636940002441,-0.5190170247105366,
0,14.002073287963867,1.1218758821487427,0.149366095662117,0.14574679732322693,12.006361861975165,29.27748392205665,-3.8674912452697754,586,8,59,1,NOMINAL_OUTSIDE_CERTIFIED_SET,9.075455665588379,OUTBOUND,-9.664718627929688,-0.49699573007096726,
1,14.055657386779785,1.1222105026245117,2.667829751968384,2.6391067504882812,12.121312812989345,29.265206932092735,-3.9418647289276123,587,8,60,0,,4.716067314147949,OUTBOUND,-9.63996410369873,-0.4667329379994439,
1,13.923872947692871,1.1225441694259644,2.65433931350708,2.6256251335144043,12.136584013991524,29.25294595507988,-3.8729660511016846,588,8,61,0,,6.088788986206055,OUTBOUND,-9.59334945678711,-0.43943923755633113,
1,14.003435134887695,1.1228795051574707,1.4114856719970703,1.3857452869415283,12.151679535978474,29.240697061396652,-3.9448928833007812,589,8,62,0,,6.377604961395264,OUTBOUND,-9.579328536987305,-0.4061570681437087,
0,14.001858711242676,1.123215675354004,1.4046196937561035,1.3973132371902466,12.17133580398513,29.228456560809693,-3.923694133758545,590,8,63,1,NOMINAL_OUTSIDE_CERTIFIED_SET,9.876317977905273,OUTBOUND,-9.585752487182617,-0.35580831668058976,
0,13.998005867004395,1.1235514879226685,0.17038974165916443,0.17042860388755798,12.191946791979717,29.216257173301354,-3.892857789993286,591,8,64,1,NOMINAL_OUTSIDE_CERTIFIED_SET,17.86236572265625,OUTBOUND,-9.588238716125488,-0.3003749296727536,
0,14.075664520263672,1.1238871812820435,1.434234857559204,1.4066721200942993,12.210360326978844,29.204095779972914,-3.9027585983276367,592,8,65,1,NOMINAL_OUTSIDE_CERTIFIED_SET,8.314440727233887,OUTBOUND,-9.640130043029785,-0.24890632226693912,
0,14.189269065856934,1.124222993850708,0.1422017365694046,0.13789527118206024,12.23040201299591,29.19196717161319,-3.9014852046966553,593,8,66,1,NOMINAL_OUTSIDE_CERTIFIED_SET,16.14171600341797,OUTBOUND,-9.730932235717773,-0.20224956613038775,
0,14.229541778564453,1.1245585680007935,0.19114121794700623,0.18476440012454987,12.249914059997536,29.179866113862666,-3.8978137969970703,594,8,67,1,NOMINAL_OUTSIDE_CERTIFIED_SET,7.589626312255859,OUTBOUND,-9.766851425170898,-0.160849031228404,
0,14.401276588439941,1.1248962879180908,0.07850649952888489,0.07563351094722748,12.264119307976216,29.167787353889658,-3.9570906162261963,595,8,68,1,NOMINAL_OUTSIDE_CERTIFIED_SET,4.830463409423828,OUTBOUND,-9.872671127319336,-0.12483678792827753,
0,14.35799503326416,1.1252331733703613,0.11033108830451965,0.10819745808839798,12.279071892990032,29.15572673760525,-3.888514757156372,596,8,69,1,NOMINAL_OUTSIDE_CERTIFIED_SET,4.772205829620361,FAILURE,-9.905807495117188,-0.09411081885373833,
1,14.400118827819824,1.1255693435668945,1.4660208225250244,1.4551485776901245,12.30130085698329,29.987994458467227,-3.8810372352600098,597,9,1,0,,4.828052520751953,OUTBOUND,-9.970427513122559,0.0034337472846304898,
1,14.459510803222656,1.1259040832519531,0.12545764446258545,0.12318114936351776,12.317384035995929,29.975962883173054,-3.861830234527588,598,9,2,0,,2.4077816009521484,OUTBOUND,-10.058626174926758,0.005877895501098479,
0,14.599699974060059,1.1262397766113281,0.06924846768379211,0.06871841847896576,12.331286818982335,29.963899954645804,-3.9232125282287598,599,9,3,1,NOMINAL_OUTSIDE_CERTIFIED_SET,0.8789586424827576,OUTBOUND,-10.137626647949219,-0.006831753178903769,
1,14.588890075683594,1.1265767812728882,1.5371462106704712,1.5255013704299927,12.448072556988336,29.951813570386786,-3.9380111694335938,600,9,4,0,,17.558883666992188,OUTBOUND,-10.144449234008789,0.017632820889429055,
1,14.504022598266602,1.12691330909729,2.939628839492798,2.9015090465545654,12.460247242997866,29.939703822855776,-3.8912360668182373,601,9,5,0,,18.628808975219727,OUTBOUND,-10.140588760375977,0.022134833729569703,
1,14.544267654418945,1.1272505521774292,0.11526549607515335,0.1139032319188118,12.473176463972777,29.92761005297143,-3.918567419052124,602,9,6,0,,1.0318191051483154,OUTBOUND,-10.148273468017578,0.006630112518925795,
1,14.530656814575195,1.1275889873504639,2.9190683364868164,2.88339900970459,12.487902787979692,29.91551009623013,-3.937535285949707,603,9,7,0,,15.690311431884766,OUTBOUND,-10.135293006896973,0.0074281012485748026,
0,14.407824516296387,1.1279280185699463,2.9174070358276367,2.8698713779449463,12.509336423972854,29.90342753378159,-3.9221839904785156,604,9,8,1,NOMINAL_OUTSIDE_CERTIFIED_SET,13.221512794494629,OUTBOUND,-10.049018859863281,-0.0063655745810462915,
1,14.279099464416504,1.1282658576965332,2.8683767318725586,2.8239734172821045,12.530234744976042,29.891343636869472,-3.8749642372131348,605,9,9,0,,10.633163452148438,OUTBOUND,-9.983540534973145,-0.0069138844528428825,
0,14.393157958984375,1.128605604171753,0.13302983343601227,0.1438940167427063,12.55338796597789,29.879226607715623,-3.9570558071136475,606,9,10,1,NOMINAL_OUTSIDE_CERTIFIED_SET,14.58059310913086,OUTBOUND,-9.967629432678223,-0.010394288248447806,
1,14.22665023803711,1.1289432048797607,1.492833137512207,1.4868351221084595,12.573191285977373,29.867110370303525,-3.852330207824707,607,9,11,0,,9.276719093322754,OUTBOUND,-9.902684211730957,-0.03565703864719383,
0,14.319039344787598,1.1292814016342163,0.2261873185634613,0.2342926561832428,12.593782871990697,29.85495702293798,-3.9155917167663574,608,9,12,1,NOMINAL_OUTSIDE_CERTIFIED_SET,22.551265716552734,OUTBOUND,-9.884181022644043,-0.06029009235529572,
0,14.31584358215332,1.129619836807251,0.24703797698020935,0.2509351670742035,12.616521065996494,29.842766815768133,-3.912907838821411,609,9,13,1,NOMINAL_OUTSIDE_CERTIFIED_SET,21.97762107849121,OUTBOUND,-9.843854904174805,-0.0877439904334025,
1,14.521303176879883,1.129959225654602,1.5138369798660278,1.4983376264572144,12.639169083995512,29.830567557570717,-3.9310195446014404,610,9,14,0,,9.652914047241211,OUTBOUND,-10.013202667236328,-0.11409157423940904,
0,14.38978099822998,1.1302976608276367,2.9181864261627197,2.8782947063446045,12.75553807799588,29.818326095457053,-3.880070209503174,611,9,15,1,NOMINAL_OUTSIDE_CERTIFIED_SET,1.2878785133361816,OUTBOUND,-9.947046279907227,-0.14557932103682075,
0,14.52695369720459,1.130636215209961,1.515533447265625,1.5005781650543213,12.768666613992536,29.806067056016037,-3.9086036682128906,612,9,16,1,NOMINAL_OUTSIDE_CERTIFIED_SET,5.794112682342529,OUTBOUND,-10.045408248901367,-0.18785573409738848,
1,14.652185440063477,1.130975604057312,0.09524477273225784,0.08277203887701035,12.788484088989208,29.793797217558804,-3.924189329147339,613,9,17,0,,10.438812255859375,OUTBOUND,-10.139657020568848,-0.21233425807089065,
0,14.663030624389648,1.1313142776489258,1.532727837562561,1.511651635169983,12.802294958994025,29.781537530504508,-3.888035297393799,614,9,18,1,NOMINAL_OUTSIDE_CERTIFIED_SET,4.101942539215088,OUTBOUND,-10.195043563842773,-0.22958840966673202,
0,14.774214744567871,1.13165283203125,3.047258138656616,3.0386650562286377,12.815859786991496,29.769246332672576,-3.9008398056030273,615,9,19,1,NOMINAL_OUTSIDE_CERTIFIED_SET,25.982707977294922,OUTBOUND,-10.342371940612793,-0.2742116476411767,
0,14.834074020385742,1.1319934129714966,0.09892410039901733,0.09789203852415085,12.829592763999244,29.756931204311634,-3.9614977836608887,616,9,20,1,INSUFFICIENT_RECOVERY_RESERVE,2.297823190689087,OUTBOUND,-10.33283519744873,-0.30293299566860854,
0,14.73217487335205,1.1323342323303223,1.571537733078003,1.5583871603012085,12.842092932987725,29.744649458106096,-3.9138221740722656,617,9,21,1,INSUFFICIENT_RECOVERY_RESERVE,3.1679251194000244,OUTBOUND,-10.289233207702637,-0.2925537982532483,
0,14.78541088104248,1.1326755285263062,0.07056615501642227,0.06864490360021591,12.860056225996232,29.732378533666456,-3.920145034790039,618,9,22,1,NOMINAL_OUTSIDE_CERTIFIED_SET,4.672154426574707,OUTBOUND,-10.326642990112305,-0.3156780095128694,
0,14.813090324401855,1.133017897605896,1.5537610054016113,1.5387040376663208,12.87396042398177,29.720086440968743,-3.940518617630005,619,9,23,1,INSUFFICIENT_RECOVERY_RESERVE,4.347540855407715,OUTBOUND,-10.338054656982422,-0.33751256154255344,
0,14.836920738220215,1.1333601474761963,1.5081504583358765,1.4915039539337158,12.887835442990763,29.707807449113645,-3.909970760345459,620,9,24,1,NOMINAL_OUTSIDE_CERTIFIED_SET,8.722075462341309,OUTBOUND,-10.409013748168945,-0.35830889307397884,
0,14.752433776855469,1.1337016820907593,3.078418731689453,3.051459550857544,12.899264003994176,29.695504814775543,-3.8935797214508057,621,9,25,1,INSUFFICIENT_RECOVERY_RESERVE,11.518169403076172,OUTBOUND,-10.360086441040039,-0.3777715117599373,
1,14.658064842224121,1.134042501449585,4.502326965332031,4.449746131896973,12.91343078398495,29.68323737746223,-3.8891427516937256,622,9,26,0,,22.844865798950195,OUTBOUND,-10.305693626403809,-0.38930648562493736,
0,14.625102043151855,1.1343824863433838,2.993563652038574,2.9685964584350586,12.928150314983213,29.670929531356276,-3.8835487365722656,623,9,27,1,INSUFFICIENT_RECOVERY_RESERVE,4.797765254974365,OUTBOUND,-10.279825210571289,-0.39764927605394634,
1,14.654984474182129,1.1347236633300781,0.1497495174407959,0.16798655688762665,12.944672265992267,29.65864925282647,-3.9423999786376953,624,9,28,0,,19.283538818359375,OUTBOUND,-10.206960678100586,-0.3803593151427161,
0,14.694535255432129,1.1350657939910889,0.237614244222641,0.2509620785713196,12.968707550986437,29.646351374213232,-3.9310808181762695,625,9,29,1,NOMINAL_OUTSIDE_CERTIFIED_SET,22.571199417114258,OUTBOUND,-10.221610069274902,-0.40128971173440836,
0,14.714038848876953,1.1354084014892578,0.2086734175682068,0.2200404405593872,13.09857566098799,29.63403502959065,-3.9224114418029785,626,9,30,1,NOMINAL_OUTSIDE_CERTIFIED_SET,21.606412887573242,OUTBOUND,-10.21345043182373,-0.4495359049349242,
0,14.724652290344238,1.1357500553131104,1.5997321605682373,1.5852009057998657,13.116231720981887,29.62171032209613,-3.887320041656494,627,9,31,1,INSUFFICIENT_RECOVERY_RESERVE,10.724888801574707,OUTBOUND,-10.248342514038086,-0.4559042323177015,
0,14.904047012329102,1.1360923051834106,0.12514016032218933,0.1172969862818718,13.136946459999308,29.609429399929052,-3.9248509407043457,628,9,32,1,NOMINAL_OUTSIDE_CERTIFIED_SET,14.375029563903809,OUTBOUND,-10.359634399414062,-0.44631543648900635,
0,14.89933967590332,1.136433482170105,3.04443621635437,3.023404121398926,13.158815751987277,29.59714879084564,-3.8808512687683105,629,9,33,1,NOMINAL_OUTSIDE_CERTIFIED_SET,8.143092155456543,OUTBOUND,-10.426219940185547,-0.4579578138463157,
0,14.947484016418457,1.136773943901062,3.0838069915771484,3.063523769378662,13.170597461983562,29.584852941588732,-3.888333797454834,630,9,34,1,INSUFFICIENT_RECOVERY_RESERVE,7.795468330383301,OUTBOUND,-10.485278129577637,-0.4393914127416323,
1,15.019132614135742,1.1371147632598877,1.7283213138580322,1.715781807899475,13.186253477993887,29.572594495007813,-3.9105756282806396,631,9,35,0,,3.732088088989258,OUTBOUND,-10.540987968444824,-0.41688314602770554,
1,15.019501686096191,1.1374561786651611,1.6062253713607788,1.591019868850708,13.207339962973492,29.560335239749328,-3.925248146057129,632,9,36,0,,1.5628552436828613,OUTBOUND,-10.5319185256958,-0.4240245733647573,
0,15.084866523742676,1.13779878616333,0.11791978031396866,0.11172798275947571,13.231743271986488,29.548034746618434,-3.937814950942993,633,9,37,1,NOMINAL_OUTSIDE_CERTIFIED_SET,7.630899906158447,OUTBOUND,-10.573675155639648,-0.4601845629494511,
0,15.105976104736328,1.1381419897079468,3.2408981323242188,3.222306489944458,13.252176651993068,29.53572681736912,-3.9271488189697266,634,9,38,1,INSUFFICIENT_RECOVERY_RESERVE,15.74121379852295,OUTBOUND,-10.634312629699707,-0.4648199137544715,
0,15.075153350830078,1.1384854316711426,3.15500545501709,3.130880355834961,13.27484427698073,29.523431870068038,-3.9155325889587402,635,9,39,1,NOMINAL_OUTSIDE_CERTIFIED_SET,14.76811695098877,OUTBOUND,-10.635882377624512,-0.4710572792071148,
0,14.939038276672363,1.1388269662857056,1.6372578144073486,1.6210581064224243,13.293796308978926,29.511124843752807,-3.8606085777282715,636,9,40,1,INSUFFICIENT_RECOVERY_RESERVE,2.245952606201172,OUTBOUND,-10.554732322692871,-0.4772836008555843,
0,15.08814811706543,1.139169692993164,1.6524428129196167,1.6247793436050415,13.311285449977731,29.498832655250386,-3.937469959259033,637,9,41,1,NOMINAL_OUTSIDE_CERTIFIED_SET,7.167122840881348,OUTBOUND,-10.601675033569336,-0.48477939349374516,
0,15.062784194946289,1.139513373374939,1.627520203590393,1.601513147354126,13.32485309499316,29.486514605786585,-3.935042381286621,638,9,42,1,INSUFFICIENT_RECOVERY_RESERVE,5.401851177215576,OUTBOUND,-10.573022842407227,-0.49200112590842915,
0,14.992992401123047,1.1398557424545288,0.12196848541498184,0.13269054889678955,13.445248292991892,29.474230229313534,-3.8746979236602783,639,9,43,1,INSUFFICIENT_RECOVERY_RESERVE,14.551406860351562,OUTBOUND,-10.543450355529785,-0.44688032075361545,
0,15.150566101074219,1.1401993036270142,1.6541531085968018,1.6406842470169067,13.462072306982009,29.461956462793445,-3.9413323402404785,640,9,44,1,NOMINAL_OUTSIDE_CERTIFIED_SET,4.779331207275391,OUTBOUND,-10.621835708618164,-0.4568285316901206,
0,15.130568504333496,1.1405421495437622,1.6472084522247314,1.636046051979065,13.4761537599843,29.449657276301707,-3.8913652896881104,641,9,45,1,INSUFFICIENT_RECOVERY_RESERVE,1.640006184577942,OUTBOUND,-10.658930778503418,-0.4661440207709592,
1,15.17936897277832,1.1408852338790894,0.10783227533102036,0.11141303181648254,13.494529696996324,29.437363405015912,-3.9124584197998047,642,9,46,0,,10.696513175964355,OUTBOUND,-10.669459342956543,-0.4052615837500032,
0,15.312538146972656,1.1412277221679688,0.09411252290010452,0.08948688209056854,13.513281026971526,29.425091659982794,-3.8953347206115723,643,9,47,1,NOMINAL_OUTSIDE_CERTIFIED_SET,1.3254998922348022,OUTBOUND,-10.819770812988281,-0.40116092909618223,
0,15.290144920349121,1.1415702104568481,1.6429022550582886,1.618993878364563,13.534435393987224,29.412813256851297,-3.9042022228240967,644,9,48,1,NOMINAL_OUTSIDE_CERTIFIED_SET,5.169654369354248,OUTBOUND,-10.798739433288574,-0.4533310924986904,
0,15.358470916748047,1.141912579536438,0.11317036300897598,0.1099432036280632,13.55492030098685,29.400529688594823,-3.9018070697784424,645,9,49,1,NOMINAL_OUTSIDE_CERTIFIED_SET,6.356150150299072,OUTBOUND,-10.860578536987305,-0.4766734001658682,
0,15.393527030944824,1.1422548294067383,1.6606377363204956,1.6519336700439453,13.568937673990149,29.38823069454257,-3.905115842819214,646,9,50,1,INSUFFICIENT_RECOVERY_RESERVE,6.568121910095215,OUTBOUND,-10.90722370147705,-0.4594733656790312,
0,15.417200088500977,1.1425983905792236,0.11184339225292206,0.10715402662754059,13.587167450983543,29.375944511222222,-3.936727285385132,647,9,51,1,NOMINAL_OUTSIDE_CERTIFIED_SET,5.890939712524414,OUTBOUND,-10.884195327758789,-0.47249728096386573,
0,15.44876480102539,1.1429413557052612,0.12447430193424225,0.12699121236801147,13.607103821996134,29.36364025098686,-3.897153854370117,648,9,52,1,INSUFFICIENT_RECOVERY_RESERVE,0.7346389293670654,OUTBOUND,-10.96617317199707,-0.48427573476830144,
1,15.404376983642578,1.1432838439941406,3.318181037902832,3.298051595687866,13.623151584994048,29.35135949048797,-3.8907196521759033,649,9,53,0,,19.151586532592773,OUTBOUND,-10.966136932373047,-0.46836651669802254,
0,15.479233741760254,1.1436272859573364,0.08462972939014435,0.08529765903949738,13.737437082978431,29.339035540988764,-3.9307806491851807,650,9,54,1,NOMINAL_OUTSIDE_CERTIFIED_SET,1.021111011505127,OUTBOUND,-10.991817474365234,-0.5083977533918401,
0,15.376445770263672,1.1439709663391113,3.3456053733825684,3.318716526031494,13.749898290989222,29.326695582263955,-3.913865089416504,651,9,55,1,INSUFFICIENT_RECOVERY_RESERVE,15.029237747192383,OUTBOUND,-10.929311752319336,-0.5145921072023258,
0,15.364112854003906,1.144313931465149,1.7082407474517822,1.6831203699111938,13.76596560399048,29.314404799741965,-3.8865303993225098,652,9,56,1,NOMINAL_OUTSIDE_CERTIFIED_SET,1.9459481239318848,OUTBOUND,-10.94688606262207,-0.5010706628802111,
0,15.300604820251465,1.1446558237075806,0.1836458444595337,0.19015690684318542,13.783921045978786,29.302116736960635,-3.8777215480804443,653,9,57,1,NOMINAL_OUTSIDE_CERTIFIED_SET,10.871360778808594,OUTBOUND,-10.869108200073242,-0.5128488183925253,
0,15.393284797668457,1.1449973583221436,0.18740805983543396,0.18762078881263733,13.805018847982865,29.289836430726208,-3.8919899463653564,654,9,58,1,NOMINAL_OUTSIDE_CERTIFIED_SET,14.655261993408203,OUTBOUND,-10.918817520141602,-0.5034373450842852,
0,15.514725685119629,1.1453406810760498,1.7358518838882446,1.720262050628662,13.823025405989029,29.27756969789062,-3.9508957862854004,655,9,59,1,NOMINAL_OUTSIDE_CERTIFIED_SET,5.5919718742370605,OUTBOUND,-10.967528343200684,-0.4786628060883167,
0,15.498089790344238,1.1456855535507202,1.7634210586547852,1.7487504482269287,13.84154245298123,29.265317109771285,-3.945937156677246,656,9,60,1,NOMINAL_OUTSIDE_CERTIFIED_SET,5.492499351501465,OUTBOUND,-10.94657039642334,-0.4434170937847239,
1,15.52400016784668,1.1460314989089966,3.3940985202789307,3.360650062561035,13.86408681399189,29.253054731396904,-3.9391672611236572,657,9,61,0,,2.5538434982299805,OUTBOUND,-10.984321594238281,-0.4010882076014123,
0,15.506629943847656,1.1463779211044312,1.8012619018554688,1.7870092391967773,13.88155273697339,29.24082470164232,-3.9246835708618164,658,9,62,1,NOMINAL_OUTSIDE_CERTIFIED_SET,2.1650197505950928,OUTBOUND,-10.979026794433594,-0.35552678966640267,
1,15.546296119689941,1.1467241048812866,1.7577276229858398,1.7387194633483887,13.901654296991182,29.228608160615053,-3.9064269065856934,659,9,63,0,,3.524782419204712,OUTBOUND,-11.036664962768555,-0.31837766817717367,
0,15.533222198486328,1.1470694541931152,3.3768489360809326,3.335258722305298,13.922787832998438,29.216402260416626,-3.889111280441284,660,9,64,1,NOMINAL_OUTSIDE_CERTIFIED_SET,9.486871719360352,OUTBOUND,-11.060911178588867,-0.27982559393466805,
0,15.53749942779541,1.1474148035049438,1.7920682430267334,1.7746862173080444,13.938133835996268,29.204234248889954,-3.9136056900024414,661,9,65,1,NOMINAL_OUTSIDE_CERTIFIED_SET,2.6218013763427734,OUTBOUND,-11.034326553344727,-0.2332955335163153,
0,15.608859062194824,1.1477619409561157,1.7943670749664307,1.7744158506393433,13.972459551994689,29.192100418091464,-3.95461368560791,662,9,66,1,NOMINAL_OUTSIDE_CERTIFIED_SET,6.71312952041626,OUTBOUND,-11.045028686523438,-0.19092379229531697,
0,15.56989574432373,1.148107886314392,1.7850090265274048,1.7662546634674072,13.999980358988978,29.179996698554483,-3.881181478500366,663,9,67,1,NOMINAL_OUTSIDE_CERTIFIED_SET,3.5273852348327637,OUTBOUND,-11.08881950378418,-0.15315237866698317,
0,15.68862533569336,1.148455262184143,3.4625797271728516,3.439070224761963,14.01525637297891,29.167918926935883,-3.950305461883545,664,9,68,1,NOMINAL_OUTSIDE_CERTIFIED_SET,13.780760765075684,FAILURE,-11.153215408325195,-0.12013749197057218,
0,15.589888572692871,1.148801565170288,3.4769785404205322,3.4497251510620117,14.14777033397695,29.9879676,-3.883659839630127,665,10,1,1,NOMINAL_OUTSIDE_CERTIFIED_SET,7.425782203674316,OUTBOUND,-11.14334487915039,-0.01020132358994201,
0,15.507535934448242,1.149147391319275,3.4801995754241943,3.4544975757598877,14.164345065975795,29.9758992,-3.9010324478149414,666,10,2,1,NOMINAL_OUTSIDE_CERTIFIED_SET,8.759119987487793,OUTBOUND,-11.052681922912598,-0.01133557945106046,
1,15.527291297912598,1.1494932174682617,1.8214235305786133,1.8096493482589722,14.179960694978945,29.963823468951716,-3.9073336124420166,667,10,3,0,,11.480669021606445,OUTBOUND,-11.040090560913086,-0.023436613096002364,
0,15.658449172973633,1.1498404741287231,3.451035261154175,3.418415069580078,14.196694261976518,29.951698616227127,-3.947547674179077,668,10,4,1,NOMINAL_OUTSIDE_CERTIFIED_SET,7.403552055358887,OUTBOUND,-11.138174057006836,-0.03497142364415203,
0,15.588590621948242,1.1501871347427368,1.8060885667800903,1.7918381690979004,14.211172950977925,29.939542662830853,-3.8983078002929688,669,10,5,1,NOMINAL_OUTSIDE_CERTIFIED_SET,10.61082649230957,OUTBOUND,-11.101632118225098,-0.04057314333240146,
1,15.540407180786133,1.1505335569381714,3.4570703506469727,3.4223687648773193,14.229564240988111,29.927357084302415,-3.903538942337036,670,10,6,0,,2.4403319358825684,OUTBOUND,-11.04512882232666,-0.06707783960975036,
0,15.575644493103027,1.150879979133606,3.5068564414978027,3.45977520942688,14.242914138972992,29.915175358077324,-3.9077706336975098,671,10,7,1,NOMINAL_OUTSIDE_CERTIFIED_SET,4.167890548706055,OUTBOUND,-11.06552505493164,-0.08851267825960138,
0,15.539386749267578,1.1512266397476196,3.5628085136413574,3.5113892555236816,14.258496689988533,29.902966562628823,-3.918240547180176,672,10,8,1,NOMINAL_OUTSIDE_CERTIFIED_SET,2.0600883960723877,OUTBOUND,-11.01574993133545,-0.09710350671217952,
1,15.69936752319336,1.151573896408081,1.8993422985076904,1.8780115842819214,14.277376435988117,29.890752609544883,-3.9260106086730957,673,10,9,0,,16.275590896606445,OUTBOUND,-11.134817123413086,-0.0953230750332713,
1,15.6162109375,1.1519200801849365,5.16493034362793,5.105889320373535,14.300144664972322,29.878521012632348,-3.881917715072632,674,10,10,0,,8.730976104736328,OUTBOUND,-11.122204780578613,-0.06278046634348484,
0,15.757675170898438,1.1522667407989502,0.2441277801990509,0.2374550700187683,14.320615251985146,29.866297956971678,-3.9197990894317627,675,10,11,1,NOMINAL_OUTSIDE_CERTIFIED_SET,21.527589797973633,OUTBOUND,-11.182994842529297,-0.06259421649482727,
0,15.738805770874023,1.152612566947937,1.9005978107452393,1.878852367401123,14.340932975988835,29.85405197509607,-3.888718605041504,676,10,12,1,NOMINAL_OUTSIDE_CERTIFIED_SET,14.938232421875,OUTBOUND,-11.178972244262695,-0.11289988073522166,
0,15.870885848999023,1.1529570817947388,1.853446125984192,1.8335548639297485,14.364444314996945,29.841800482412545,-3.8706822395324707,677,10,13,1,NOMINAL_OUTSIDE_CERTIFIED_SET,1.4425653219223022,OUTBOUND,-11.329529762268066,-0.1614131018083337,
0,15.978023529052734,1.1533020734786987,0.1972121149301529,0.1965051144361496,14.47848401297233,29.829544867842664,-3.913334369659424,678,10,14,1,NOMINAL_OUTSIDE_CERTIFIED_SET,7.3791656494140625,OUTBOUND,-11.384117126464844,-0.2000345485300361,
0,16.021068572998047,1.1536468267440796,3.563985586166382,3.524954319000244,14.497462840983644,29.817258571497984,-3.8989431858062744,679,10,15,1,NOMINAL_OUTSIDE_CERTIFIED_SET,14.59231948852539,OUTBOUND,-11.479096412658691,-0.2477781589792142,
0,16.08670997619629,1.153992772102356,5.393649101257324,5.357367515563965,14.50927589199273,29.80495321317154,-3.9363062381744385,680,10,16,1,INSUFFICIENT_RECOVERY_RESERVE,29.670618057250977,OUTBOUND,-11.563005447387695,-0.278455987934291,
0,15.932578086853027,1.1543382406234741,0.10898315906524658,0.10949668288230896,14.52656694597681,29.79266341589992,-3.8897950649261475,681,10,17,1,NOMINAL_OUTSIDE_CERTIFIED_SET,5.465909957885742,OUTBOUND,-11.444215774536133,-0.30738118884475846,
0,15.985441207885742,1.1546825170516968,1.8937739133834839,1.8761405944824219,14.543252586998278,29.780352583200973,-3.873129367828369,682,10,18,1,INSUFFICIENT_RECOVERY_RESERVE,3.233578681945801,OUTBOUND,-11.508231163024902,-0.33428178306884626,
0,16.12186050415039,1.1550278663635254,1.8636366128921509,1.8355170488357544,14.562678249989403,29.76805895181124,-3.931292772293091,683,10,19,1,NOMINAL_OUTSIDE_CERTIFIED_SET,2.2156481742858887,OUTBOUND,-11.570754051208496,-0.35934419674337265,
0,16.05828857421875,1.1553727388381958,1.859824776649475,1.8472046852111816,14.580006972973933,29.755742082687217,-3.8903005123138428,684,10,20,1,INSUFFICIENT_RECOVERY_RESERVE,0.8426956534385681,OUTBOUND,-11.556778907775879,-0.38242755396675726,
0,15.995306015014648,1.1557179689407349,3.633418083190918,3.5957260131835938,14.595001072972082,29.74345885768424,-3.910045623779297,685,10,21,1,INSUFFICIENT_RECOVERY_RESERVE,11.746743202209473,OUTBOUND,-11.492722511291504,-0.3586872684245686,
0,16.104747772216797,1.156064748764038,0.14533264935016632,0.15160533785820007,14.611713837977732,29.73118735058019,-3.944417953491211,686,10,22,1,NOMINAL_OUTSIDE_CERTIFIED_SET,17.41283416748047,OUTBOUND,-11.528655052185059,-0.37814326292897066,
0,16.063217163085938,1.15641188621521,0.1423289179801941,0.14669078588485718,14.62863954299246,29.718891664681795,-3.9154856204986572,687,10,23,1,INSUFFICIENT_RECOVERY_RESERVE,12.784931182861328,OUTBOUND,-11.497137069702148,-0.3962146987512489,
0,16.16985321044922,1.156760334968567,1.9547027349472046,1.9373611211776733,14.645941189985024,29.706610123122154,-3.9418931007385254,688,10,24,1,NOMINAL_OUTSIDE_CERTIFIED_SET,3.1095569133758545,OUTBOUND,-11.566356658935547,-0.41337043325578204,
0,16.239477157592773,1.1571086645126343,0.1214253380894661,0.11670012772083282,14.768415392987663,29.694303720743154,-3.906352996826172,689,10,25,1,INSUFFICIENT_RECOVERY_RESERVE,14.01269817352295,OUTBOUND,-11.655479431152344,-0.42924048377948465,
0,16.293258666992188,1.157456636428833,1.9119559526443481,1.8970474004745483,14.782696938986192,29.682025016369224,-3.9030635356903076,690,10,26,1,NOMINAL_OUTSIDE_CERTIFIED_SET,1.688921332359314,OUTBOUND,-11.717466354370117,-0.43871596991840517,
0,16.307538986206055,1.157805323600769,1.9459328651428223,1.9275928735733032,14.798880417976761,29.669734453457114,-3.925520420074463,691,10,27,1,NO_GENERATOR_SET,1.168837070465088,OUTBOUND,-11.715699195861816,-0.4797965328296031,
0,16.352140426635742,1.1581543684005737,1.9312338829040527,1.9181455373764038,14.819169851980405,29.65743525761196,-3.91786527633667,692,10,28,1,NO_GENERATOR_SET,7.4006171226501465,OUTBOUND,-11.788712501525879,-0.4955268267135097,
0,16.280799865722656,1.158501386642456,3.7610583305358887,3.740557909011841,14.833233261975693,29.645116961943053,-3.8589980602264404,693,10,29,1,INSUFFICIENT_RECOVERY_RESERVE,24.551712036132812,OUTBOUND,-11.833595275878906,-0.4764615770360333,
0,16.296022415161133,1.1588482856750488,1.9847910404205322,1.9689775705337524,14.846860216988716,29.632832425491635,-3.90225887298584,694,10,30,1,INSUFFICIENT_RECOVERY_RESERVE,5.218080043792725,OUTBOUND,-11.802837371826172,-0.4350883380688331,
0,16.267906188964844,1.1591947078704834,1.9723405838012695,1.956408977508545,14.867640213982668,29.62055957280826,-3.890563488006592,695,10,31,1,NOMINAL_OUTSIDE_CERTIFIED_SET,1.5242124795913696,OUTBOUND,-11.78488540649414,-0.44771907538254685,
0,16.319608688354492,1.1595414876937866,1.998673439025879,1.9785521030426025,14.884273583971662,29.608264511545375,-3.9102323055267334,696,10,32,1,INSUFFICIENT_RECOVERY_RESERVE,0.7253727912902832,OUTBOUND,-11.810622215270996,-0.4594192448508195,
0,16.267749786376953,1.1598882675170898,0.15585048496723175,0.1611207127571106,14.903505269991001,29.59598335035926,-3.9080634117126465,697,10,33,1,NOMINAL_OUTSIDE_CERTIFIED_SET,18.66888427734375,OUTBOUND,-11.719403266906738,-0.4709293428690264,
0,16.2489013671875,1.1602349281311035,0.22858381271362305,0.23822399973869324,14.915735634975135,29.58367889882085,-3.894897937774658,698,10,34,1,INSUFFICIENT_RECOVERY_RESERVE,17.94021224975586,OUTBOUND,-11.684476852416992,-0.4815665748817885,
0,16.3392333984375,1.160582184791565,3.8181402683258057,3.778604030609131,14.931866984989028,29.571390369476514,-3.92110538482666,699,10,35,1,NOMINAL_OUTSIDE_CERTIFIED_SET,3.0924506187438965,OUTBOUND,-11.758807182312012,-0.4920312544944396,
0,16.396259307861328,1.1609293222427368,0.16312098503112793,0.16277630627155304,14.94995713699609,29.55907750344303,-3.9008841514587402,700,10,36,1,INSUFFICIENT_RECOVERY_RESERVE,17.425704956054688,OUTBOUND,-11.804319381713867,-0.5016832141753474,
0,16.43805503845215,1.1612770557403564,2.06341552734375,2.047910213470459,14.96749617398018,29.54679781225554,-3.919691801071167,701,10,37,1,INSUFFICIENT_RECOVERY_RESERVE,1.5668965578079224,OUTBOUND,-11.830245018005371,-0.45540599091757605,
0,16.609071731567383,1.1616262197494507,2.0946662425994873,2.0755014419555664,14.98617618298158,29.534528983430217,-3.9406025409698486,702,10,38,1,NOMINAL_OUTSIDE_CERTIFIED_SET,7.3956522941589355,OUTBOUND,-11.991628646850586,-0.4667258654184592,
0,16.385873794555664,1.161974549293518,3.9570281505584717,3.9262754917144775,15.00427237697295,29.522238527558763,-3.888690948486328,703,10,39,1,INSUFFICIENT_RECOVERY_RESERVE,13.496129035949707,OUTBOUND,-11.855462074279785,-0.47713728021346746,
0,16.64598274230957,1.162322998046875,0.07442163676023483,0.0730760246515274,15.14799071199377,29.509961197334423,-3.9069814682006836,704,10,40,1,NOMINAL_OUTSIDE_CERTIFIED_SET,5.216663837432861,OUTBOUND,-12.086902618408203,-0.48751112736391977,
0,16.681575775146484,1.1626731157302856,0.12539027631282806,0.1243518814444542,15.16546803797246,29.497660999755055,-3.949082374572754,705,10,41,1,INSUFFICIENT_RECOVERY_RESERVE,7.7807183265686035,OUTBOUND,-12.059553146362305,-0.4970384544445639,
0,16.476863861083984,1.1630210876464844,4.030362129211426,3.989049196243286,15.180036996986018,29.485397797415935,-3.856565475463867,706,10,42,1,NOMINAL_OUTSIDE_CERTIFIED_SET,16.386335372924805,OUTBOUND,-11.996419906616211,-0.49233187660444006,
1,16.54921531677246,1.163368821144104,2.0317397117614746,2.0119974613189697,15.193253076984547,29.4731049379602,-3.895113468170166,707,10,43,0,,0.9924144148826599,OUTBOUND,-12.02309799194336,-0.485638132455121,
0,16.58270263671875,1.1637170314788818,0.16174769401550293,0.16304869949817657,15.208797968982253,29.46083886806565,-3.9135453701019287,708,10,44,1,NOMINAL_OUTSIDE_CERTIFIED_SET,11.39742374420166,OUTBOUND,-12.014640808105469,-0.4641663907385827,
0,16.656681060791016,1.1640658378601074,0.1445583701133728,0.1406627595424652,15.224953160999576,29.448543089668934,-3.922283172607422,709,10,45,1,NOMINAL_OUTSIDE_CERTIFIED_SET,12.347704887390137,OUTBOUND,-12.052762985229492,-0.5049277860745343,
0,16.55919075012207,1.1644147634506226,5.891061305999756,5.837560653686523,15.243358375999378,29.436227673205064,-3.9073309898376465,710,10,46,1,INSUFFICIENT_RECOVERY_RESERVE,24.363182067871094,OUTBOUND,-12.024267196655273,-0.5151144248604969,
0,16.59335708618164,1.1647623777389526,0.15654689073562622,0.15760311484336853,15.256714944000123,29.423929728124204,-3.873648166656494,711,10,47,1,NOMINAL_OUTSIDE_CERTIFIED_SET,14.76240062713623,OUTBOUND,-12.06314468383789,-0.5249389243986216,
0,16.663774490356445,1.1651095151901245,2.034069299697876,2.0166075229644775,15.267958802985959,29.411610216696314,-3.8839468955993652,712,10,48,1,INSUFFICIENT_RECOVERY_RESERVE,2.0271997451782227,OUTBOUND,-12.127259254455566,-0.5338316394895916,
1,16.632274627685547,1.1654534339904785,0.15091443061828613,0.1533949226140976,15.28228847097489,29.399341517521645,-3.8175230026245117,713,10,49,0,,15.39922046661377,OUTBOUND,-12.147544860839844,-0.5037236848555301,
1,16.723115921020508,1.1657978296279907,0.13579575717449188,0.13597111403942108,15.296865311975125,29.38706373109954,-3.9013888835906982,714,10,50,0,,18.252382278442383,OUTBOUND,-12.103999137878418,-0.49177134630293834,
0,16.814008712768555,1.1661425828933716,0.16179534792900085,0.16337469220161438,15.317053692997433,29.374771198749368,-3.902279853820801,715,10,51,1,NOMINAL_OUTSIDE_CERTIFIED_SET,6.631453514099121,OUTBOUND,-12.181069374084473,-0.491358810989198,
1,16.89556884765625,1.166487693786621,0.09204023331403732,0.08993910998106003,15.334685382986208,29.362482926484674,-3.9012274742126465,716,10,52,0,,6.99287223815918,OUTBOUND,-12.261234283447266,-0.4950369958752727,
0,17.028091430664062,1.1668339967727661,2.096529483795166,2.0907390117645264,15.356860166997649,29.35020942058098,-3.927443027496338,717,10,53,1,NOMINAL_OUTSIDE_CERTIFIED_SET,14.390933990478516,OUTBOUND,-12.399352073669434,-0.4802193219356907,
0,16.89873504638672,1.1671795845031738,4.0819525718688965,4.0248308181762695,15.490410192986019,29.33795244398118,-3.8759121894836426,718,10,54,1,NOMINAL_OUTSIDE_CERTIFIED_SET,26.701152801513672,OUTBOUND,-12.389402389526367,-0.4538537995769466,
0,16.897825241088867,1.1675262451171875,2.118476629257202,2.104658603668213,15.504752837994602,29.32571055085985,-3.921333074569702,719,10,55,1,NOMINAL_OUTSIDE_CERTIFIED_SET,8.0919771194458,OUTBOUND,-12.346111297607422,-0.4183492136277068,
0,16.912460327148438,1.1678730249404907,0.09513366222381592,0.09083332121372223,15.522112445993116,29.313488329989816,-3.8999409675598145,720,10,56,1,NOMINAL_OUTSIDE_CERTIFIED_SET,4.440126419067383,OUTBOUND,-12.373205184936523,-0.3773743543878681,
1,16.901123046875,1.168220043182373,0.11933238059282303,0.12137128412723541,15.53581810797914,29.301291924410354,-3.903306484222412,721,10,57,0,,10.809135437011719,OUTBOUND,-12.329069137573242,-0.3581307854335046,
1,16.955303192138672,1.1685683727264404,2.097731590270996,2.0818536281585693,15.55144029998337,29.28906663782207,-3.9293625354766846,722,10,58,0,,4.243231296539307,OUTBOUND,-12.363920211791992,-0.33345360973265675,
0,16.96322250366211,1.1689177751541138,0.10604028403759003,0.11111025512218475,15.56588991699391,29.276871626059588,-3.9300804138183594,723,10,59,1,NOMINAL_OUTSIDE_CERTIFIED_SET,9.773530006408691,OUTBOUND,-12.349248886108398,-0.2792289609282723,
1,17.021282196044922,1.169268012046814,0.10095728188753128,0.10021573305130005,15.5863785079855,29.26472456689612,-3.9248197078704834,724,10,60,0,,11.300276756286621,OUTBOUND,-12.393182754516602,-0.2377762334150474,
0,17.140716552734375,1.1696192026138306,0.08337719738483429,0.08447757363319397,15.602081398974406,29.252550075924066,-3.9311885833740234,725,10,61,1,NOMINAL_OUTSIDE_CERTIFIED_SET,6.4058380126953125,OUTBOUND,-12.495101928710938,-0.199083309920373,
1,17.00371551513672,1.1699683666229248,2.170715808868408,2.140526533126831,15.619923632999416,29.240430472236646,-3.852234363555908,726,10,62,0,,9.141664505004883,OUTBOUND,-12.473367691040039,-0.19402615048860436,
1,17.000328063964844,1.1703181266784668,4.185639381408691,4.151505470275879,15.63314357798663,29.22831265084656,-3.916935920715332,727,10,63,0,,19.07050323486328,OUTBOUND,-12.43317985534668,-0.1992320332738938,
1,17.015018463134766,1.1706671714782715,0.11738435924053192,0.11602426320314407,15.651809696981218,29.21620172054065,-3.8832895755767822,728,10,64,0,,8.383304595947266,OUTBOUND,-12.46854305267334,-0.19724197931646995,
0,17.10381317138672,1.171017050743103,0.09225659817457199,0.09462189674377441,15.777959840983385,29.204045428734513,-3.9206390380859375,729,10,65,1,NOMINAL_OUTSIDE_CERTIFIED_SET,7.765082359313965,OUTBOUND,-12.497831344604492,-0.17448218815133215,
0,17.14726448059082,1.1713669300079346,0.1042632907629013,0.09884705394506454,15.793019724980695,29.191941102715496,-3.90483021736145,730,10,66,1,NOMINAL_OUTSIDE_CERTIFIED_SET,5.611401081085205,FAILURE,-12.545026779174805,-0.11001677200783556,
1,17.2065486907959,1.1717162132263184,0.0976526290178299,0.0935794860124588,15.816058640979463,29.98795992069446,-3.8857641220092773,731,11,1,0,,3.8620548248291016,OUTBOUND,-12.62503719329834,-0.037644474117180936,
0,17.086139678955078,1.1720653772354126,4.264285087585449,4.226486682891846,15.831707773992093,29.975861519838205,-3.8966948986053467,732,11,2,1,NOMINAL_OUTSIDE_CERTIFIED_SET,17.762792587280273,OUTBOUND,-12.524496078491211,-0.056998118064418596,
0,17.121517181396484,1.172415018081665,4.246340274810791,4.207428455352783,15.84928326899535,29.963794008266326,-3.9110562801361084,733,11,3,1,NOMINAL_OUTSIDE_CERTIFIED_SET,15.958218574523926,OUTBOUND,-12.574553489685059,-0.04185607767025455,
1,17.15022087097168,1.1727668046951294,0.13507971167564392,0.13586369156837463,15.865789404982934,29.95173108935751,-3.9582817554473877,734,11,4,0,,11.982916831970215,OUTBOUND,-12.519767761230469,-0.032468112934985194,
0,17.052997589111328,1.1731195449829102,4.2448248863220215,4.210636615753174,15.887761255988153,29.939650101791987,-3.931033134460449,735,11,5,1,NOMINAL_OUTSIDE_CERTIFIED_SET,6.710775375366211,OUTBOUND,-12.46651840209961,-0.025788268893628043,
0,16.98332977294922,1.173471450805664,4.27281379699707,4.237836837768555,15.908802288991865,29.927537870053712,-3.8849189281463623,736,11,6,1,NOMINAL_OUTSIDE_CERTIFIED_SET,5.082708835601807,OUTBOUND,-12.454209327697754,-0.021666967810020338,
0,17.045095443725586,1.1738241910934448,2.26629376411438,2.233689069747925,15.928072473994689,29.91539333471316,-3.927431106567383,737,11,7,1,NOMINAL_OUTSIDE_CERTIFIED_SET,11.548145294189453,OUTBOUND,-12.440593719482422,-0.024489795105117725,
1,17.004566192626953,1.1741752624511719,0.2787207365036011,0.2801152467727661,15.942607946984936,29.903228844955194,-3.8668293952941895,738,11,8,0,,34.51361083984375,OUTBOUND,-12.401482582092285,-0.029265047370005397,
0,17.19489288330078,1.1745266914367676,2.2703559398651123,2.2496843338012695,15.96333260697429,29.891067167651403,-3.9099268913269043,739,11,9,1,NOMINAL_OUTSIDE_CERTIFIED_SET,9.974885940551758,OUTBOUND,-12.528411865234375,-0.03660624791527078,
0,17.212631225585938,1.1748768091201782,2.246807813644409,2.2265875339508057,15.978441120998468,29.878869625707104,-3.869171380996704,740,11,10,1,NOMINAL_OUTSIDE_CERTIFIED_SET,7.623491287231445,OUTBOUND,-12.58717155456543,-0.056894722147156476,
0,17.387649536132812,1.1752281188964844,0.12193767726421356,0.11709298193454742,15.994359623990022,29.86663643154973,-3.928267478942871,741,11,11,1,NOMINAL_OUTSIDE_CERTIFIED_SET,11.452581405639648,OUTBOUND,-12.673460006713867,-0.08694347505973687,
1,17.46662139892578,1.1755818128585815,2.2990431785583496,2.284911632537842,16.007023073994787,29.85435663191177,-3.968921661376953,742,11,12,0,,6.986993789672852,OUTBOUND,-12.732070922851562,-0.087443468577713,
0,17.445205688476562,1.1759347915649414,4.442209243774414,4.423492908477783,16.123279156978242,29.842092319785618,-3.8901889324188232,743,11,13,1,NOMINAL_OUTSIDE_CERTIFIED_SET,25.419771194458008,OUTBOUND,-12.857436180114746,-0.09479709247918362,
1,17.438926696777344,1.176288366317749,0.08105523884296417,0.08019110560417175,16.13831065199338,29.82981553749922,-3.919869899749756,744,11,14,0,,3.5799527168273926,OUTBOUND,-12.811306953430176,-0.1625787813091258,
0,17.44138526916504,1.1766403913497925,2.2964396476745605,2.2739577293395996,16.15982801700011,29.817558136636798,-3.8681082725524902,745,11,15,1,NOMINAL_OUTSIDE_CERTIFIED_SET,8.959455490112305,OUTBOUND,-12.888257026672363,-0.21574330146844295,
0,17.52474594116211,1.1769925355911255,0.10225045680999756,0.09919290989637375,16.179377039981773,29.80526694165331,-3.907914400100708,746,11,16,1,NOMINAL_OUTSIDE_CERTIFIED_SET,8.29571533203125,OUTBOUND,-12.91077995300293,-0.2572311177188448,
0,17.50945281982422,1.1773451566696167,2.300475597381592,2.280590534210205,16.197663537983317,29.7929550480248,-3.912684679031372,747,11,17,1,INSUFFICIENT_RECOVERY_RESERVE,5.531578063964844,OUTBOUND,-12.898539543151855,-0.28483330811281865,
0,17.489761352539062,1.1776968240737915,2.260693311691284,2.240065336227417,16.214890118979383,29.780676213233267,-3.8829407691955566,748,11,18,1,INSUFFICIENT_RECOVERY_RESERVE,11.230764389038086,OUTBOUND,-12.931971549987793,-0.27727520362724567,
0,17.411428451538086,1.178048849105835,4.542794704437256,4.498928070068359,16.232710775977466,29.768407887358226,-3.9076151847839355,749,11,19,1,NOMINAL_OUTSIDE_CERTIFIED_SET,12.796538352966309,OUTBOUND,-12.848548889160156,-0.2998737811118708,
0,17.411029815673828,1.1784024238586426,4.481460094451904,4.435750961303711,16.24409825899056,29.756118975344275,-3.944669485092163,750,11,20,1,INSUFFICIENT_RECOVERY_RESERVE,12.151482582092285,OUTBOUND,-12.820463180541992,-0.32147075431922373,
0,17.333805084228516,1.1787563562393188,0.1426779180765152,0.15548057854175568,16.258565560972784,29.743842831940526,-3.91627836227417,751,11,21,1,NOMINAL_OUTSIDE_CERTIFIED_SET,17.36412811279297,OUTBOUND,-12.743081092834473,-0.34259127278009543,
0,17.39763069152832,1.1791110038757324,2.3645997047424316,2.347172737121582,16.272375398984877,29.731542596020446,-3.925830602645874,752,11,22,1,INSUFFICIENT_RECOVERY_RESERVE,11.372663497924805,OUTBOUND,-12.761445045471191,-0.3625056068789928,
0,17.395610809326172,1.1794648170471191,2.3254218101501465,2.3123552799224854,16.287518927972997,29.719257411338415,-3.8832483291625977,753,11,23,1,NOMINAL_OUTSIDE_CERTIFIED_SET,12.326862335205078,OUTBOUND,-12.789093017578125,-0.38179870087322526,
0,17.424556732177734,1.1798189878463745,4.414569854736328,4.381847858428955,16.303733899985673,29.70694674445283,-3.918477773666382,754,11,24,1,INSUFFICIENT_RECOVERY_RESERVE,10.528085708618164,OUTBOUND,-12.796540260314941,-0.3998081601125516,
0,17.399940490722656,1.1801724433898926,4.491107940673828,4.440810203552246,16.31866512898705,29.6946532265234,-3.888123035430908,755,11,25,1,NOMINAL_OUTSIDE_CERTIFIED_SET,4.760870456695557,OUTBOUND,-12.80150318145752,-0.4171441607852401,
0,17.533740997314453,1.1805273294448853,2.3630685806274414,2.332820415496826,16.334607672994025,29.68233364613501,-3.938685417175293,756,11,26,1,INSUFFICIENT_RECOVERY_RESERVE,13.675925254821777,OUTBOUND,-12.847127914428711,-0.43321026968006887,
0,17.48406219482422,1.1808801889419556,2.410874366760254,2.3824193477630615,16.46874000399839,29.6700479689625,-3.8576884269714355,757,11,27,1,INSUFFICIENT_RECOVERY_RESERVE,15.746380805969238,OUTBOUND,-12.86555004119873,-0.399714845470113,
0,17.696168899536133,1.1812341213226318,0.17329192161560059,0.16227881610393524,16.48624057797133,29.65778404657548,-3.929525852203369,758,11,28,1,NOMINAL_OUTSIDE_CERTIFIED_SET,18.500646591186523,OUTBOUND,-12.961553573608398,-0.4101092514293865,
0,17.760353088378906,1.1815884113311768,2.410733938217163,2.395758867263794,16.50290016498184,29.645508285442308,-3.913384437561035,759,11,29,1,NOMINAL_OUTSIDE_CERTIFIED_SET,1.2795757055282593,OUTBOUND,-13.052754402160645,-0.4515700038843485,
0,17.79491424560547,1.1819416284561157,2.336357593536377,2.3200206756591797,16.516998814971885,29.633223708079406,-3.8793275356292725,760,11,30,1,NO_GENERATOR_SET,3.438135862350464,OUTBOUND,-13.14171314239502,-0.4686169648460991,
0,17.877159118652344,1.1822943687438965,0.14378581941127777,0.14086300134658813,16.532350375986425,29.620920429682837,-3.8865227699279785,761,11,31,1,INSUFFICIENT_RECOVERY_RESERVE,3.020308494567871,OUTBOUND,-13.216796875,-0.45155887352900487,
0,17.836654663085938,1.1826467514038086,6.921135425567627,6.858548164367676,16.54729194898391,29.60863270076066,-3.8935179710388184,762,11,32,1,NOMINAL_OUTSIDE_CERTIFIED_SET,38.71319580078125,OUTBOUND,-13.251688003540039,-0.46421927934910434,
0,17.84014320373535,1.1829980611801147,2.380220413208008,2.3569443225860596,16.561146561987698,29.596320812719906,-3.8730390071868896,763,11,33,1,INSUFFICIENT_RECOVERY_RESERVE,4.224640369415283,OUTBOUND,-13.28209114074707,-0.47591367761880016,
0,17.94098472595215,1.1833500862121582,0.07551057636737823,0.07768204808235168,16.57729094097158,29.584041978032,-3.913609027862549,764,11,34,1,INSUFFICIENT_RECOVERY_RESERVE,6.666231632232666,OUTBOUND,-13.313529014587402,-0.43372717014818707,
0,17.911394119262695,1.1837033033370972,0.12143386900424957,0.12985990941524506,16.593329109979095,29.571773728212296,-3.9286489486694336,765,11,35,1,NOMINAL_OUTSIDE_CERTIFIED_SET,11.849430084228516,OUTBOUND,-13.242115020751953,-0.4464180033065413,
0,17.96092987060547,1.1840580701828003,0.12958693504333496,0.14195159077644348,16.610398547985824,29.55948404116382,-3.9400267601013184,766,11,36,1,INSUFFICIENT_RECOVERY_RESERVE,12.407472610473633,OUTBOUND,-13.258139610290527,-0.45813239780809867,
1,17.90534210205078,1.1844117641448975,0.13959194719791412,0.15302520990371704,16.6287412919919,29.547218292122864,-3.88086199760437,767,11,37,0,,15.219435691833496,OUTBOUND,-13.246034622192383,-0.41028970706287365,
1,17.954463958740234,1.1847665309906006,2.3792214393615723,2.344346761703491,16.6455332779733,29.53498155943219,-3.9258792400360107,768,11,38,0,,1.161781668663025,OUTBOUND,-13.244808197021484,-0.3818232614734406,
0,18.14641761779785,1.1851221323013306,0.13348431885242462,0.13334527611732483,16.77160356598324,29.522688119684396,-3.926654815673828,769,11,39,1,NOMINAL_OUTSIDE_CERTIFIED_SET,1.2122597694396973,OUTBOUND,-13.441610336303711,-0.41719466904128927,
1,18.20794677734375,1.1854784488677979,0.11714891344308853,0.1187020018696785,16.791323129989905,29.510386593204768,-3.9260504245758057,770,11,40,0,,1.6855061054229736,OUTBOUND,-13.502416610717773,-0.4304685718696849,
1,18.109952926635742,1.1858347654342651,4.733460903167725,4.6822404861450195,16.8060998969886,29.498089300857952,-3.9056005477905273,771,11,41,0,,27.746545791625977,OUTBOUND,-13.483831405639648,-0.39733286586915834,
1,18.091737747192383,1.186189889907837,2.3929221630096436,2.3585011959075928,16.820961453981,29.485851113212632,-3.87931489944458,772,11,42,0,,11.719170570373535,OUTBOUND,-13.527583122253418,-0.40284420468831217,
0,18.046524047851562,1.1865437030792236,4.724725246429443,4.693638324737549,16.83562274099677,29.473568646278476,-3.8674142360687256,773,11,43,1,NOMINAL_OUTSIDE_CERTIFIED_SET,26.818706512451172,OUTBOUND,-13.5411958694458,-0.4547751847756961,
1,17.942537307739258,1.1868973970413208,0.18521320819854736,0.18287420272827148,16.851951927994378,29.46127822924047,-3.8977746963500977,774,11,44,0,,15.933692932128906,OUTBOUND,-13.359171867370605,-0.4997049303384695,
0,17.773193359375,1.1872503757476807,4.774320602416992,4.736325740814209,16.875458673981484,29.44895928867819,-3.879056453704834,775,11,45,1,NO_GENERATOR_SET,5.53003454208374,OUTBOUND,-13.21922779083252,-0.521954345046912,
0,17.86857795715332,1.1876022815704346,2.4816038608551025,2.4619712829589844,16.898911984986626,29.43665046202972,-3.873072385787964,776,11,46,1,NO_GENERATOR_SET,9.257072448730469,OUTBOUND,-13.295366287231445,-0.537112231350618,
0,17.849769592285156,1.1879522800445557,0.3000769019126892,0.3033630847930908,16.916165867995005,29.42434034089798,-3.8406982421875,777,11,47,1,INSUFFICIENT_RECOVERY_RESERVE,27.092578887939453,OUTBOUND,-13.248937606811523,-0.5125936692796713,
1,17.95892333984375,1.18830144405365,0.27725231647491455,0.28197792172431946,16.93049190597958,29.41204791953513,-3.8690993785858154,778,11,48,0,,30.033367156982422,OUTBOUND,-13.269847869873047,-0.45442408930048406,
0,18.195693969726562,1.188651204109192,0.20808732509613037,0.20124462246894836,16.947738184971968,29.3997835475126,-3.9018959999084473,779,11,49,1,NOMINAL_OUTSIDE_CERTIFIED_SET,26.12377166748047,OUTBOUND,-13.426355361938477,-0.45871453253205874,
1,17.922948837280273,1.1890002489089966,14.235519409179688,14.124519348144531,16.96235398997669,29.387518217497252,-3.871000289916992,780,11,50,0,,68.40589904785156,OUTBOUND,-13.33289623260498,-0.5006903770104536,
0,18.15377426147461,1.1893519163131714,2.464083671569824,2.4291207790374756,16.979452413972467,29.375224293778118,-3.9516777992248535,781,11,51,1,NOMINAL_OUTSIDE_CERTIFIED_SET,4.021546840667725,OUTBOUND,-13.466963768005371,-0.5353522282601262,
0,18.121932983398438,1.189704179763794,2.499046802520752,2.474453926086426,16.992400508985156,29.36289755624793,-3.906497001647949,782,11,52,1,INSUFFICIENT_RECOVERY_RESERVE,5.044857978820801,OUTBOUND,-13.471800804138184,-0.537912877498781,
0,18.196542739868164,1.1900579929351807,2.465379476547241,2.445016860961914,17.008554875996197,29.350619989797543,-3.935990571975708,783,11,53,1,NOMINAL_OUTSIDE_CERTIFIED_SET,1.4631249904632568,OUTBOUND,-13.513208389282227,-0.520921974830063,
0,18.14916229248047,1.1904122829437256,2.501732110977173,2.485884189605713,17.02403132399195,29.338332497343156,-3.9060416221618652,784,11,54,1,NOMINAL_OUTSIDE_CERTIFIED_SET,8.288318634033203,OUTBOUND,-13.480119705200195,-0.5295123392166166,
0,18.195810317993164,1.1907649040222168,0.15102168917655945,0.15344779193401337,17.04724273699685,29.326043249239746,-3.857485294342041,785,11,55,1,NOMINAL_OUTSIDE_CERTIFIED_SET,22.2435302734375,OUTBOUND,-13.544983863830566,-0.5172586184268539,
1,18.099071502685547,1.1911182403564453,4.940566539764404,4.900998592376709,17.16162879599142,29.313727140333594,-3.9116079807281494,786,11,56,0,,3.6337835788726807,OUTBOUND,-13.395776748657227,-0.4688647637872976,
1,18.30499839782715,1.191474199295044,2.5689308643341064,2.5499608516693115,17.17555562299094,29.301460351498477,-3.9617652893066406,787,11,57,0,,5.596962928771973,OUTBOUND,-13.535348892211914,-0.43829270898934813,
0,18.393070220947266,1.1918307542800903,2.471301317214966,2.428229570388794,17.19140573198092,29.28915707443349,-3.9186017513275146,788,11,58,1,NOMINAL_OUTSIDE_CERTIFIED_SET,1.088757038116455,OUTBOUND,-13.681160926818848,-0.4219769906571132,
0,18.307767868041992,1.1921873092651367,2.5758564472198486,2.5655226707458496,17.20538126298925,29.276900918802994,-3.902641773223877,789,11,59,1,NOMINAL_OUTSIDE_CERTIFIED_SET,1.1505833864212036,OUTBOUND,-13.614227294921875,-0.37345149167423264,
0,18.42308235168457,1.1925451755523682,4.992997646331787,4.948756217956543,17.22062792198267,29.264689277274954,-3.9365081787109375,790,11,60,1,NOMINAL_OUTSIDE_CERTIFIED_SET,19.558067321777344,OUTBOUND,-13.732345581054688,-0.32422619519948576,
1,18.404403686523438,1.192903995513916,2.566608428955078,2.5447285175323486,17.239554306986975,29.252532292774877,-3.9306414127349854,791,11,61,0,,2.0497829914093018,OUTBOUND,-13.718000411987305,-0.2884031986300406,
0,18.352340698242188,1.193261742591858,2.6409971714019775,2.619978427886963,17.257236212986754,29.24035864309376,-3.881484270095825,792,11,62,1,NOMINAL_OUTSIDE_CERTIFIED_SET,11.174628257751465,OUTBOUND,-13.707164764404297,-0.2519231221422527,
0,18.41018295288086,1.1936198472976685,2.5200366973876953,2.4860332012176514,17.272218023979804,29.228226905419426,-3.912140369415283,793,11,63,1,NOMINAL_OUTSIDE_CERTIFIED_SET,0.9481895565986633,OUTBOUND,-13.728721618652344,-0.20414904646067986,
0,18.556928634643555,1.1939789056777954,0.19295622408390045,0.1927461326122284,17.286827048985288,29.216119111827748,-3.9295358657836914,794,11,64,1,NOMINAL_OUTSIDE_CERTIFIED_SET,12.065862655639648,OUTBOUND,-13.827945709228516,-0.16181441657528386,
0,18.53467559814453,1.1943374872207642,2.639014959335327,2.61832594871521,17.302594408974983,29.2040326823896,-3.8981170654296875,795,11,65,1,NOMINAL_OUTSIDE_CERTIFIED_SET,3.4462080001831055,FAILURE,-13.833917617797852,-0.1250710580541145,
0,18.42667007446289,1.1946941614151,5.047825813293457,4.983511924743652,17.32215952599654,29.9879676,-3.8560495376586914,796,12,1,1,NOMINAL_OUTSIDE_CERTIFIED_SET,12.45289134979248,OUTBOUND,-13.809630393981934,-0.01020132358994201,
1,18.46647834777832,1.1950510740280151,2.606750726699829,2.5843379497528076,17.335330931993667,29.975918342298804,-3.906522512435913,797,12,2,0,,2.4445366859436035,OUTBOUND,-13.791417121887207,-0.01590205220754858,
0,18.43422508239746,1.1954078674316406,2.639495611190796,2.623758554458618,17.45823189098155,29.963858492729386,-3.8970422744750977,798,12,3,1,NOMINAL_OUTSIDE_CERTIFIED_SET,6.247292995452881,OUTBOUND,-13.75789737701416,-0.02028975948397786,
0,18.681745529174805,1.1957643032073975,0.1475059539079666,0.1471121907234192,17.479183522984385,29.95176642581964,-3.8949317932128906,799,12,4,1,NOMINAL_OUTSIDE_CERTIFIED_SET,8.637221336364746,OUTBOUND,-13.990039825439453,-0.020178300749170448,
0,18.64175796508789,1.1961227655410767,2.5802032947540283,2.5396294593811035,17.49846954399254,29.93964146643301,-3.9475653171539307,800,12,5,1,NOMINAL_OUTSIDE_CERTIFIED_SET,4.766020774841309,OUTBOUND,-13.901738166809082,-0.024288655969534338,
0,18.572874069213867,1.1964807510375977,5.131350517272949,5.0792975425720215,17.51899856099044,29.92748300464427,-3.894278049468994,801,12,6,1,NOMINAL_OUTSIDE_CERTIFIED_SET,9.320508003234863,OUTBOUND,-13.92132568359375,-0.03446899917152004,
0,18.694643020629883,1.1968390941619873,0.1793351024389267,0.18047448992729187,17.54116660298314,29.91529050093348,-3.912539005279541,802,12,7,1,NOMINAL_OUTSIDE_CERTIFIED_SET,19.522457122802734,OUTBOUND,-13.975509643554688,-0.052484239643927615,
0,18.768728256225586,1.1971986293792725,2.7524428367614746,2.7246694564819336,17.560536982986378,29.903063142817075,-3.9351043701171875,803,12,8,1,NOMINAL_OUTSIDE_CERTIFIED_SET,7.322808265686035,OUTBOUND,-14.034839630126953,-0.07992690188520614,
0,18.729516983032227,1.1975579261779785,0.16881902515888214,0.16654960811138153,17.573323346994584,29.890798708403285,-3.8994555473327637,804,12,9,1,NOMINAL_OUTSIDE_CERTIFIED_SET,16.023164749145508,OUTBOUND,-14.013496398925781,-0.11808158041572504,
0,18.686059951782227,1.1979176998138428,2.644082546234131,2.6224207878112793,17.586586780991638,29.87851638848415,-3.917673110961914,805,12,10,1,NOMINAL_OUTSIDE_CERTIFIED_SET,3.275423288345337,OUTBOUND,-13.961132049560547,-0.1638045074116347,
0,18.878765106201172,1.1982783079147339,2.697849750518799,2.6768529415130615,17.604816806997405,29.866222720561165,-3.9281439781188965,806,12,11,1,NO_GENERATOR_SET,6.956675052642822,OUTBOUND,-14.153152465820312,-0.20784817768692337,
0,18.782644271850586,1.1986377239227295,0.14885178208351135,0.15198969841003418,17.625205196993193,29.853922370677964,-3.8760733604431152,807,12,12,1,NO_GENERATOR_SET,7.569477558135986,OUTBOUND,-14.10484504699707,-0.24262672321622047,
0,18.91657829284668,1.1989964246749878,0.1464298814535141,0.1523381769657135,17.64135526298196,29.841607277487036,-3.8897292613983154,808,12,13,1,INSUFFICIENT_RECOVERY_RESERVE,5.449944972991943,OUTBOUND,-14.217514038085938,-0.25803402352066174,
0,18.91354751586914,1.1993539333343506,0.15784642100334167,0.16076916456222534,17.656562246993417,29.829325599720715,-3.8710439205169678,809,12,14,1,INSUFFICIENT_RECOVERY_RESERVE,5.546858310699463,OUTBOUND,-14.228245735168457,-0.2555861947522806,
1,19.068023681640625,1.1997113227844238,0.14140769839286804,0.14587455987930298,17.78670959599549,29.817070118032866,-3.8949079513549805,810,12,15,0,,3.3257977962493896,OUTBOUND,-14.348785400390625,-0.2527506459821164,
0,19.02145767211914,1.2000685930252075,0.16908618807792664,0.1760042905807495,17.803181283990853,29.804755889407385,-3.8976359367370605,811,12,16,1,NOMINAL_OUTSIDE_CERTIFIED_SET,2.6887717247009277,OUTBOUND,-14.293608665466309,-0.2902799421275794,
0,18.89902114868164,1.200425624847412,2.875574827194214,2.86248779296875,17.814367679995485,29.792426538947787,-3.892080545425415,812,12,17,1,INSUFFICIENT_RECOVERY_RESERVE,15.171537399291992,OUTBOUND,-14.210015296936035,-0.32166273846700694,
0,18.937286376953125,1.2007828950881958,0.12459947168827057,0.12893176078796387,17.82902001697221,29.780115651956464,-3.9024672508239746,813,12,18,1,NOMINAL_OUTSIDE_CERTIFIED_SET,6.558919906616211,OUTBOUND,-14.224698066711426,-0.350610766480886,
0,19.016799926757812,1.2011394500732422,0.19803127646446228,0.20890532433986664,17.84294026097632,29.767787085052248,-3.878967761993408,814,12,19,1,INSUFFICIENT_RECOVERY_RESERVE,1.2080384492874146,OUTBOUND,-14.334943771362305,-0.3769309024773845,
0,19.016677856445312,1.2014954090118408,5.346476078033447,5.2781243324279785,17.854541027976666,29.75549333161489,-3.881185293197632,815,12,20,1,INSUFFICIENT_RECOVERY_RESERVE,28.007328033447266,OUTBOUND,-14.39411735534668,-0.35389607607345214,
0,19.0477294921875,1.2018526792526245,0.12846225500106812,0.13357332348823547,17.870193898997968,29.743211914136186,-3.9258971214294434,816,12,21,1,NOMINAL_OUTSIDE_CERTIFIED_SET,13.309409141540527,OUTBOUND,-14.330976486206055,-0.3759123582070604,
0,19.140562057495117,1.2022117376327515,2.7487542629241943,2.7240023612976074,17.88277604698669,29.730914203451835,-3.945265054702759,817,12,22,1,INSUFFICIENT_RECOVERY_RESERVE,11.998575210571289,OUTBOUND,-14.434602737426758,-0.39608209863650556,
1,19.056737899780273,1.202571153640747,2.765256404876709,2.7405452728271484,17.900767463986995,29.718662482544655,-3.906691312789917,818,12,23,0,,6.559875965118408,OUTBOUND,-14.40487003326416,-0.3893439226075451,
0,18.992719650268555,1.20293128490448,0.1914026141166687,0.19913341104984283,17.914661321992753,29.70637375209617,-3.922388792037964,819,12,24,1,NOMINAL_OUTSIDE_CERTIFIED_SET,19.42983627319336,OUTBOUND,-14.27644157409668,-0.4324986415230362,
0,18.95773696899414,1.203291654586792,5.430479049682617,5.388739585876465,17.934284460992785,29.694062933936365,-3.9092013835906982,820,12,25,1,INSUFFICIENT_RECOVERY_RESERVE,10.5768461227417,OUTBOUND,-14.268970489501953,-0.44876725235308085,
1,18.95720100402832,1.2036523818969727,2.769303321838379,2.752641201019287,17.94843301398214,29.681773327667166,-3.913553476333618,821,12,26,0,,8.243905067443848,OUTBOUND,-14.250190734863281,-0.4015864632818289,
1,18.94649887084961,1.2040119171142578,0.22212380170822144,0.22331777215003967,17.965291478991276,29.66949482405508,-3.8730249404907227,822,12,27,0,,25.684114456176758,OUTBOUND,-14.232823371887207,-0.3674749511902355,
0,19.174474716186523,1.204372525215149,2.8750925064086914,2.8497302532196045,17.977915642986773,29.65722963670162,-3.930717706680298,823,12,28,1,NOMINAL_OUTSIDE_CERTIFIED_SET,8.533187866210938,OUTBOUND,-14.372779846191406,-0.39219781310159835,
0,19.22683334350586,1.2047334909439087,0.20275172591209412,0.19517916440963745,17.990785027999664,29.64493549129711,-3.9108078479766846,824,12,29,1,NOMINAL_OUTSIDE_CERTIFIED_SET,18.21881103515625,OUTBOUND,-14.425248146057129,-0.4555654101172048,
0,19.244773864746094,1.2050952911376953,2.73791766166687,2.6943459510803223,18.004323200992076,29.632625069434926,-3.925534725189209,825,12,30,1,INSUFFICIENT_RECOVERY_RESERVE,2.0068321228027344,OUTBOUND,-14.436612129211426,-0.4661239491194542,
0,19.424293518066406,1.2054563760757446,0.11259143054485321,0.10841424763202667,18.021508155972697,29.620330016667783,-3.8865256309509277,826,12,31,1,NOMINAL_OUTSIDE_CERTIFIED_SET,5.117616176605225,OUTBOUND,-14.658995628356934,-0.4764996692021175,
0,19.30262565612793,1.2058180570602417,2.98392653465271,2.9790029525756836,18.135913127975073,29.60801647905021,-3.919769763946533,827,12,32,1,INSUFFICIENT_RECOVERY_RESERVE,16.048778533935547,OUTBOUND,-14.540952682495117,-0.4861758592949452,
0,19.31671905517578,1.2061785459518433,0.12222383916378021,0.12210722267627716,18.14990264599328,29.59571982155962,-3.8753061294555664,828,12,33,1,NOMINAL_OUTSIDE_CERTIFIED_SET,3.72747540473938,OUTBOUND,-14.600125312805176,-0.4957374454221198,
0,19.387802124023438,1.2065374851226807,2.8072609901428223,2.7651429176330566,18.16661012498662,29.583398736252338,-3.8632311820983887,829,12,34,1,INSUFFICIENT_RECOVERY_RESERVE,13.69752025604248,OUTBOUND,-14.717172622680664,-0.5046341729047857,
0,19.397571563720703,1.2068973779678345,0.1264517456293106,0.12760105729103088,18.179673831997206,29.571111673365866,-3.919464588165283,830,12,35,1,INSUFFICIENT_RECOVERY_RESERVE,7.186617374420166,OUTBOUND,-14.63804817199707,-0.4582134732252807,
0,19.63083267211914,1.207256555557251,0.10895195603370667,0.10524949431419373,18.195884082990233,29.55883628524418,-3.8820865154266357,831,12,36,1,NOMINAL_OUTSIDE_CERTIFIED_SET,5.459286212921143,OUTBOUND,-14.934640884399414,-0.4688255519577792,
0,19.4984188079834,1.2076176404953003,2.9237301349639893,2.8938512802124023,18.212725050980225,29.546538109490747,-3.948136806488037,832,12,37,1,INSUFFICIENT_RECOVERY_RESERVE,9.589652061462402,OUTBOUND,-14.74119758605957,-0.4786484444049788,
0,19.46135139465332,1.2079792022705078,2.9306440353393555,2.898702383041382,18.228085519978777,29.534253955236995,-3.913565158843994,833,12,38,1,NOMINAL_OUTSIDE_CERTIFIED_SET,13.038137435913086,OUTBOUND,-14.768756866455078,-0.48852662997906304,
0,19.489198684692383,1.2083414793014526,2.948899745941162,2.920130491256714,18.24386409597355,29.52194625925844,-3.9212541580200195,834,12,39,1,INSUFFICIENT_RECOVERY_RESERVE,9.23426342010498,OUTBOUND,-14.801481246948242,-0.4976471924596633,
0,19.253337860107422,1.2087053060531616,8.403853416442871,8.327964782714844,18.25743718497688,29.509662240730712,-3.9416232109069824,835,12,40,1,NOMINAL_OUTSIDE_CERTIFIED_SET,34.49751281738281,OUTBOUND,-14.600662231445312,-0.5026905208787449,
0,19.181947708129883,1.2090694904327393,2.932440757751465,2.91640305519104,18.269656709977426,29.49735144109678,-3.921196937561035,836,12,41,1,INSUFFICIENT_RECOVERY_RESERVE,13.231635093688965,OUTBOUND,-14.520405769348145,-0.5073690590155133,
1,19.189977645874023,1.209434151649475,2.855520009994507,2.826744318008423,18.28236542097875,29.485080390702954,-3.920278787612915,837,12,42,0,,16.196439743041992,OUTBOUND,-14.485257148742676,-0.4993546387585059,
0,19.211938858032227,1.2097991704940796,2.964026689529419,2.9380075931549072,18.29548826898099,29.47279104225238,-3.9194140434265137,838,12,43,1,NOMINAL_OUTSIDE_CERTIFIED_SET,18.744770050048828,OUTBOUND,-14.466715812683105,-0.5142792389819232,
0,19.2252254486084,1.2101645469665527,2.9427061080932617,2.9175021648406982,18.308404356997926,29.460490518217473,-3.91884183883667,839,12,44,1,INSUFFICIENT_RECOVERY_RESERVE,20.37613868713379,OUTBOUND,-14.432616233825684,-0.4877423292784945,
1,19.373193740844727,1.210530161857605,0.31416118144989014,0.29057690501213074,18.423436618992127,29.448221286190417,-3.9162912368774414,840,12,45,0,,38.412723541259766,OUTBOUND,-14.513381958007812,-0.4442447450174784,
0,19.672693252563477,1.2108948230743408,0.2590561509132385,0.22577938437461853,18.437888478976674,29.43594827766633,-3.890732526779175,841,12,46,1,NOMINAL_OUTSIDE_CERTIFIED_SET,33.49100875854492,OUTBOUND,-14.783370971679688,-0.45821469293877715,
0,19.574111938476562,1.2112600803375244,5.62047004699707,5.582176685333252,18.450784085987834,29.42364587913976,-3.9220261573791504,842,12,47,1,NOMINAL_OUTSIDE_CERTIFIED_SET,11.857147216796875,OUTBOUND,-14.703068733215332,-0.525190970555688,
0,19.775360107421875,1.2116235494613647,2.9919650554656982,2.982783317565918,18.462377832998754,29.41132425781384,-3.865023612976074,843,12,48,1,INSUFFICIENT_RECOVERY_RESERVE,12.230085372924805,OUTBOUND,-15.003710746765137,-0.5322543851461081,
1,19.904939651489258,1.2119879722595215,2.9876320362091064,2.9787800312042236,18.479838140978245,29.39903254043348,-3.926882266998291,844,12,49,0,,15.270363807678223,OUTBOUND,-15.089489936828613,-0.48704179354421046,
1,19.9287109375,1.212350845336914,3.0022106170654297,2.989621877670288,18.493987586000003,29.386757450354008,-3.8716094493865967,845,12,50,0,,24.111587524414062,OUTBOUND,-15.245061874389648,-0.46845969009176336,
0,19.69255256652832,1.2127132415771484,5.809757232666016,5.737522125244141,18.507458284992026,29.37449888270521,-3.8894875049591064,846,12,51,1,NOMINAL_OUTSIDE_CERTIFIED_SET,26.622825622558594,OUTBOUND,-15.027159690856934,-0.47252646324342723,
1,19.603355407714844,1.2130730152130127,2.991612434387207,2.961351156234741,18.520490261988016,29.362238513190814,-3.834789514541626,847,12,52,0,,11.94985580444336,OUTBOUND,-15.01339054107666,-0.4672972671963759,
0,19.74479103088379,1.213435411453247,2.9955551624298096,2.9644696712493896,18.53492782797548,29.34997924939659,-3.9633524417877197,848,12,53,1,NOMINAL_OUTSIDE_CERTIFIED_SET,6.014253616333008,OUTBOUND,-15.010363578796387,-0.447225350917968,
0,19.542747497558594,1.2137997150421143,5.823009967803955,5.774062156677246,18.55179946697899,29.337734183114083,-3.9485080242156982,849,12,54,1,NOMINAL_OUTSIDE_CERTIFIED_SET,9.043512344360352,OUTBOUND,-14.834741592407227,-0.42061581523094366,
1,19.477401733398438,1.2141624689102173,0.3016235828399658,0.36749720573425293,18.567732712981524,29.325514933419953,-3.8672595024108887,850,12,55,0,,41.40117263793945,OUTBOUND,-14.789941787719727,-0.4005285316099,
0,19.67029571533203,1.2145254611968994,0.24366499483585358,0.2748138904571533,18.695426497986773,29.31327803232451,-3.9066388607025146,851,12,56,1,NOMINAL_OUTSIDE_CERTIFIED_SET,34.587318420410156,OUTBOUND,-14.872432708740234,-0.37169286839704907,
0,19.654102325439453,1.2148889303207397,3.124112844467163,3.105874538421631,18.710957747971406,29.301074458014345,-3.9120283126831055,852,12,57,1,NOMINAL_OUTSIDE_CERTIFIED_SET,15.360600471496582,OUTBOUND,-14.79879379272461,-0.3229909176715315,
0,19.771562576293945,1.2152502536773682,3.0544352531433105,3.0283360481262207,18.72510151498136,29.288901562080152,-3.849663019180298,853,12,58,1,NOMINAL_OUTSIDE_CERTIFIED_SET,7.591078758239746,OUTBOUND,-14.981922149658203,-0.27569855898726237,
0,19.8923397064209,1.2156120538711548,2.9388880729675293,2.89316725730896,18.739999057987006,29.27675495053801,-3.9092326164245605,854,12,59,1,NOMINAL_OUTSIDE_CERTIFIED_SET,4.301238536834717,OUTBOUND,-15.036470413208008,-0.2311665558689391,
1,19.76177215576172,1.21597158908844,3.069973945617676,3.0478336811065674,18.75319832598325,29.264633033324937,-3.8406076431274414,855,12,60,0,,2.8234763145446777,OUTBOUND,-15.00499439239502,-0.19545560306281362,
0,19.984893798828125,1.216330647468567,3.039764404296875,3.0333030223846436,18.772497155994643,29.252504269569368,-3.880419969558716,856,12,61,1,NOMINAL_OUTSIDE_CERTIFIED_SET,11.69329833984375,OUTBOUND,-15.206583023071289,-0.16248847067791627,
0,19.989437103271484,1.2166916131973267,8.959479331970215,8.946166038513184,18.78882380799041,29.240409178492495,-3.9372470378875732,857,12,62,1,NOMINAL_OUTSIDE_CERTIFIED_SET,48.88075256347656,OUTBOUND,-15.244909286499023,-0.1274524387760219,
0,20.078283309936523,1.21705162525177,0.18981623649597168,0.19010084867477417,18.81104182099807,29.228340154680172,-3.870469808578491,858,12,63,1,NOMINAL_OUTSIDE_CERTIFIED_SET,2.800760507583618,FAILURE,-15.418705940246582,-0.09730643622473867,
0,19.798194885253906,1.2174118757247925,11.82344913482666,11.711371421813965,18.840206761989975,29.9879676,-3.899656057357788,859,13,1,1,NOMINAL_OUTSIDE_CERTIFIED_SET,58.2181396484375,OUTBOUND,-15.19948959350586,-0.01020132358994201,
1,19.733842849731445,1.2177724838256836,3.1021225452423096,3.0754575729370117,18.85424901198712,29.975910856919988,-3.9005308151245117,860,13,2,0,,2.704066514968872,OUTBOUND,-15.105863571166992,-0.03859363852059193,
0,19.688932418823242,1.2181344032287598,0.46244940161705017,0.5165108442306519,18.867656600981718,29.963804972089704,-3.9264113903045654,861,13,3,1,NOMINAL_OUTSIDE_CERTIFIED_SET,44.77400207519531,OUTBOUND,-14.933473587036133,-0.06001316819336389,
0,19.823150634765625,1.2184996604919434,0.34144869446754456,0.40347379446029663,18.88516720198095,29.95167196604564,-3.979133367538452,862,13,4,1,NOMINAL_OUTSIDE_CERTIFIED_SET,43.77036666870117,OUTBOUND,-14.921222686767578,-0.050361574794649346,
0,19.90582847595215,1.2188646793365479,0.33754071593284607,0.3884020745754242,18.905701325973496,29.939510218529524,-3.9012961387634277,863,13,5,1,NOMINAL_OUTSIDE_CERTIFIED_SET,38.372318267822266,OUTBOUND,-15.03520679473877,-0.04863764394256234,
0,20.18722152709961,1.2192308902740479,3.035125255584717,3.018324613571167,18.921627694973722,29.92731827437849,-3.93154239654541,864,13,6,1,NOMINAL_OUTSIDE_CERTIFIED_SET,10.596158981323242,OUTBOUND,-15.256782531738281,-0.05638106863181229,
0,20.17121124267578,1.2195987701416016,0.2172689437866211,0.22511674463748932,18.935878687974764,29.91509485576313,-3.9481711387634277,865,13,7,1,NOMINAL_OUTSIDE_CERTIFIED_SET,23.15177345275879,OUTBOUND,-15.185410499572754,-0.07500113062698671,
0,20.340614318847656,1.2199643850326538,0.16582873463630676,0.172560915350914,18.951651825977024,29.902838093026254,-3.8540823459625244,866,13,8,1,NOMINAL_OUTSIDE_CERTIFIED_SET,2.3157989978790283,OUTBOUND,-15.48348617553711,-0.1056629407929467,
0,20.503135681152344,1.2203294038772583,0.11201122403144836,0.11852145940065384,19.070153313979972,29.890556659571978,-3.8893682956695557,867,13,9,1,NOMINAL_OUTSIDE_CERTIFIED_SET,2.5893149375915527,OUTBOUND,-15.616247177124023,-0.14659696201825334,
0,20.538545608520508,1.2206944227218628,0.16567440330982208,0.19063816964626312,19.085555178986397,29.878262507570533,-3.9017670154571533,868,13,10,1,NO_GENERATOR_SET,13.292604446411133,OUTBOUND,-15.677633285522461,-0.18955058190820562,
0,20.51406478881836,1.2210582494735718,3.3259973526000977,3.3441476821899414,19.103376463986933,29.86595957211542,-3.8722362518310547,869,13,11,1,NO_GENERATOR_SET,39.585289001464844,OUTBOUND,-15.78366470336914,-0.22551584375979533,
0,20.548612594604492,1.2214229106903076,3.386444568634033,3.392693519592285,19.12243280999246,29.853655471008704,-3.9202771186828613,870,13,12,1,NO_GENERATOR_SET,39.48472213745117,OUTBOUND,-15.831029891967773,-0.25029199494011684,
0,20.515010833740234,1.2217880487442017,0.18337012827396393,0.19564484059810638,19.139331646991195,29.84134884718511,-3.9098219871520996,871,13,13,1,INSUFFICIENT_RECOVERY_RESERVE,13.152995109558105,OUTBOUND,-15.826925277709961,-0.25866322025495575,
0,20.41754722595215,1.2221508026123047,0.1077933982014656,0.10786060243844986,19.1651551379764,29.82905820278073,-3.8448598384857178,872,13,14,1,NOMINAL_OUTSIDE_CERTIFIED_SET,0.7858982086181641,OUTBOUND,-15.792165756225586,-0.2867172088909835,
0,20.40806770324707,1.22251296043396,0.11559077352285385,0.12136504799127579,19.185541672981344,29.81674325261378,-3.8767049312591553,873,13,15,1,INSUFFICIENT_RECOVERY_RESERVE,7.3492045402526855,OUTBOUND,-15.714924812316895,-0.3132000173587434,
0,20.28875732421875,1.222874402999878,3.1693978309631348,3.1471846103668213,19.20433653399232,29.804461670728653,-3.878988742828369,874,13,16,1,INSUFFICIENT_RECOVERY_RESERVE,3.0394318103790283,OUTBOUND,-15.59587287902832,-0.30030901984661934,
0,20.19409942626953,1.22323739528656,6.09943962097168,6.005814075469971,19.21927322697593,29.79219101747307,-3.9284396171569824,875,13,17,1,NOMINAL_OUTSIDE_CERTIFIED_SET,19.885812759399414,OUTBOUND,-15.476053237915039,-0.3225552238311157,
0,20.206480026245117,1.2236019372940063,3.1651153564453125,3.149322509765625,19.23073063598713,29.779898931352694,-3.93304181098938,876,13,18,1,INSUFFICIENT_RECOVERY_RESERVE,13.178528785705566,OUTBOUND,-15.463937759399414,-0.34353620682433045,
1,20.088354110717773,1.2239662408828735,3.212918758392334,3.207758903503418,19.24570815297193,29.767619248625625,-3.8946597576141357,877,13,19,0,,18.488269805908203,OUTBOUND,-15.34017562866211,-0.3043522794621486,
0,20.33439064025879,1.2243330478668213,0.32149049639701843,0.33176714181900024,19.258802002994344,29.755353324105535,-3.9579901695251465,878,13,20,1,NOMINAL_OUTSIDE_CERTIFIED_SET,41.3487548828125,OUTBOUND,-15.420557022094727,-0.30981496183518764,
1,20.363527297973633,1.224699854850769,0.32444506883621216,0.32291659712791443,19.271946031978587,29.74308790690793,-3.9059243202209473,879,13,21,0,,29.62102508544922,OUTBOUND,-15.458399772644043,-0.34781669837985735,
1,20.41779327392578,1.2250665426254272,3.708289384841919,3.678436517715454,19.389152666990412,29.73080054939978,-3.901076078414917,880,13,22,0,,2.370527982711792,OUTBOUND,-15.529131889343262,-0.36768279154927436,
0,20.548274993896484,1.2254334688186646,0.19222621619701385,0.1733461618423462,19.4016607599915,29.718508171340826,-3.9087841510772705,881,13,23,1,NOMINAL_OUTSIDE_CERTIFIED_SET,22.11109733581543,OUTBOUND,-15.620267868041992,-0.4173564871432552,
0,20.751319885253906,1.22580087184906,3.225475311279297,3.210932493209839,19.412960826972267,29.706197300775656,-3.9126598834991455,882,13,24,1,INSUFFICIENT_RECOVERY_RESERVE,14.146846771240234,OUTBOUND,-15.859838485717773,-0.4339838000335492,
1,20.65275764465332,1.2261686325073242,3.3142080307006836,3.303666114807129,19.43147782998858,29.693921804531744,-3.91479229927063,883,13,25,0,,12.464029312133789,OUTBOUND,-15.796239852905273,-0.44121867463344205,
0,20.6564884185791,1.2265362739562988,6.46506404876709,6.446154594421387,19.44939469997189,29.681626273002163,-3.9022183418273926,884,13,26,1,NOMINAL_OUTSIDE_CERTIFIED_SET,41.577457427978516,OUTBOUND,-15.912397384643555,-0.4737355475173898,
0,20.565675735473633,1.226902723312378,3.2800302505493164,3.262543201446533,19.468573211983312,29.66933055720926,-3.871112108230591,885,13,27,1,NOMINAL_OUTSIDE_CERTIFIED_SET,10.192581176757812,OUTBOUND,-15.86635971069336,-0.47893296974402516,
0,20.583080291748047,1.2272686958312988,3.281428813934326,3.251835346221924,19.481214922998333,29.657026367410914,-3.891510486602783,886,13,28,1,INSUFFICIENT_RECOVERY_RESERVE,7.198873519897461,OUTBOUND,-15.861078262329102,-0.45574242654177516,
1,20.64229965209961,1.2276339530944824,0.17960527539253235,0.19023321568965912,19.49969879098353,29.64473866516269,-3.8829236030578613,887,13,29,0,,21.95663070678711,OUTBOUND,-15.87753963470459,-0.42233248716015487,
0,20.606582641601562,1.228000283241272,3.292130470275879,3.266387939453125,19.512777946976712,29.63245051913062,-3.920609712600708,888,13,30,1,NOMINAL_OUTSIDE_CERTIFIED_SET,8.918586730957031,OUTBOUND,-15.781363487243652,-0.4367792109305437,
0,20.67556381225586,1.228366732597351,0.14542624354362488,0.1653154045343399,19.532062246988062,29.620137126524824,-3.903944969177246,889,13,31,1,NOMINAL_OUTSIDE_CERTIFIED_SET,19.748510360717773,OUTBOUND,-15.840704917907715,-0.493164211711489,
0,20.50113296508789,1.2287322282791138,9.708443641662598,9.596881866455078,19.546925675997045,29.60780898417782,-3.877145767211914,890,13,32,1,INSUFFICIENT_RECOVERY_RESERVE,38.70075225830078,OUTBOUND,-15.76918888092041,-0.4987874105564708,
0,20.617149353027344,1.2290972471237183,0.2008439004421234,0.22572167217731476,19.675164499989478,29.595515540673546,-3.882565975189209,891,13,33,1,INSUFFICIENT_RECOVERY_RESERVE,23.052797317504883,OUTBOUND,-15.840335845947266,-0.4531033080387724,
1,20.768692016601562,1.229464054107666,0.26337355375289917,0.274324506521225,19.694302962976508,29.583256280083216,-3.9422781467437744,892,13,34,0,,31.122148513793945,OUTBOUND,-15.851944923400879,-0.44273686038033266,
0,20.90623664855957,1.2298322916030884,0.17073097825050354,0.17445409297943115,19.7117607909895,29.570956614057213,-3.935725688934326,893,13,35,1,NOMINAL_OUTSIDE_CERTIFIED_SET,24.811853408813477,OUTBOUND,-15.95521068572998,-0.48618092083623665,
0,20.859310150146484,1.2302014827728271,3.345576286315918,3.325500965118408,19.723535153985722,29.558637988548426,-3.9262659549713135,894,13,36,1,INSUFFICIENT_RECOVERY_RESERVE,10.075519561767578,OUTBOUND,-15.949883460998535,-0.49440623195348493,
1,21.057689666748047,1.2305723428726196,3.3712995052337646,3.3601369857788086,19.73762936197454,29.546346800243533,-3.948369264602661,895,13,37,0,,15.053374290466309,OUTBOUND,-16.1489315032959,-0.47499208163946116,
0,21.12222671508789,1.2309435606002808,0.1366119384765625,0.13748574256896973,19.753760072984733,29.534024785479925,-3.914763927459717,896,13,38,1,INSUFFICIENT_RECOVERY_RESERVE,2.7858641147613525,OUTBOUND,-16.25687026977539,-0.4582389214184931,
1,20.86507797241211,1.2313134670257568,3.4087841510772705,3.38714861869812,19.77192926799762,29.52171399068905,-3.8808746337890625,897,13,39,0,,10.719330787658691,OUTBOUND,-16.0772647857666,-0.40033230110107687,
1,21.03989601135254,1.2316843271255493,3.4226484298706055,3.3993008136749268,19.793470555974636,29.50942235874558,-3.9277188777923584,898,13,40,0,,12.683382987976074,OUTBOUND,-16.21803092956543,-0.33043484349613217,
0,21.08766746520996,1.232055902481079,0.1771612912416458,0.18311268091201782,19.815750030975323,29.49713618218237,-3.9267282485961914,899,13,41,1,NOMINAL_OUTSIDE_CERTIFIED_SET,8.291569709777832,OUTBOUND,-16.24587059020996,-0.33756803569416327,
0,21.027456283569336,1.2324283123016357,3.3650262355804443,3.34289288520813,19.83676266897237,29.484856672479417,-3.9305355548858643,900,13,42,1,NOMINAL_OUTSIDE_CERTIFIED_SET,11.082930564880371,OUTBOUND,-16.201854705810547,-0.40633409284485333,
0,21.00916862487793,1.2327994108200073,3.394829511642456,3.3668689727783203,19.852495537983486,29.472584783646404,-3.879103183746338,901,13,43,1,NOMINAL_OUTSIDE_CERTIFIED_SET,12.895318984985352,OUTBOUND,-16.278099060058594,-0.4472700617034109,
0,20.963544845581055,1.233170747756958,0.2212265282869339,0.2308187484741211,19.866590215999167,29.46028789771397,-3.916111469268799,902,13,44,1,NOMINAL_OUTSIDE_CERTIFIED_SET,8.652740478515625,OUTBOUND,-16.169809341430664,-0.497908415687153,
0,20.89449691772461,1.2335424423217773,6.666033744812012,6.596917629241943,19.877974791976158,29.447975428786293,-3.913278341293335,903,13,45,1,INSUFFICIENT_RECOVERY_RESERVE,18.91307830810547,OUTBOUND,-16.12999153137207,-0.5102253091899804,
0,20.873186111450195,1.233913779258728,3.3136916160583496,3.2721850872039795,19.89407436098554,29.435678774531283,-3.904801607131958,904,13,46,1,NOMINAL_OUTSIDE_CERTIFIED_SET,13.022805213928223,OUTBOUND,-16.08438491821289,-0.5215990367104012,
0,20.820892333984375,1.2342840433120728,6.6594390869140625,6.599552154541016,19.90515684397542,29.423361405683693,-3.8786051273345947,905,13,47,1,INSUFFICIENT_RECOVERY_RESERVE,5.051267623901367,OUTBOUND,-16.065025329589844,-0.5318013984227237,
0,20.76209831237793,1.2346537113189697,3.3824076652526855,3.338169813156128,20.015302448999137,29.411076954313618,-3.8903279304504395,906,13,48,1,NOMINAL_OUTSIDE_CERTIFIED_SET,24.90793228149414,OUTBOUND,-15.936787605285645,-0.5320816814059475,
0,20.985431671142578,1.2350234985351562,3.456101417541504,3.429476022720337,20.034756876993924,29.3987760149124,-3.9059715270996094,907,13,49,1,NO_GENERATOR_SET,15.854881286621094,OUTBOUND,-16.123666763305664,-0.5694061650178609,
0,20.923059463500977,1.2353935241699219,9.895536422729492,9.820899963378906,20.059461795986863,29.38646396875721,-3.908499002456665,908,13,50,1,NO_GENERATOR_SET,23.375999450683594,OUTBOUND,-16.086210250854492,-0.5770693432898559,
0,20.892566680908203,1.2357641458511353,6.77443265914917,6.7181620597839355,20.073751777992584,29.374149516034834,-3.91823410987854,909,13,51,1,NO_GENERATOR_SET,2.658381938934326,OUTBOUND,-16.064632415771484,-0.5624342301451263,
0,20.930648803710938,1.2361350059509277,6.732883453369141,6.671593189239502,20.087901246995898,29.361842010906557,-3.912648916244507,910,13,52,1,NO_GENERATOR_SET,3.672084331512451,OUTBOUND,-16.107271194458008,-0.5317820793874574,
1,20.86248207092285,1.2365046739578247,6.57216215133667,6.486888885498047,20.102301842998713,29.349542481994323,-3.87455415725708,911,13,53,0,,5.383187770843506,OUTBOUND,-16.067445755004883,-0.4950003310524231,
0,20.854799270629883,1.2368743419647217,3.523620843887329,3.4919512271881104,20.12222481399658,29.33725803480703,-3.8992226123809814,912,13,54,1,NOMINAL_OUTSIDE_CERTIFIED_SET,20.12979507446289,OUTBOUND,-16.001230239868164,-0.4502106498746131,
1,21.17432403564453,1.2372450828552246,0.3559260368347168,0.34379518032073975,20.13809469199623,29.325010053762878,-3.9294509887695312,913,13,55,0,,38.41569519042969,OUTBOUND,-16.200946807861328,-0.4251945655289124,
1,21.063697814941406,1.2376172542572021,3.4452507495880127,3.400334596633911,20.152863800991327,29.31274331932239,-3.9421029090881348,914,13,56,0,,22.774290084838867,OUTBOUND,-16.04622459411621,-0.41270971780370697,
0,21.120744705200195,1.237987756729126,3.546006917953491,3.525487184524536,20.172035456984304,29.30047733619923,-3.862457275390625,915,13,57,1,NOMINAL_OUTSIDE_CERTIFIED_SET,2.976710081100464,OUTBOUND,-16.210796356201172,-0.361334354033634,
0,21.300521850585938,1.2383569478988647,3.556727170944214,3.5321617126464844,20.191300915990723,29.28826631034873,-3.870772361755371,916,13,58,1,NOMINAL_OUTSIDE_CERTIFIED_SET,4.036149024963379,OUTBOUND,-16.406517028808594,-0.28978283401702193,
0,21.517333984375,1.238726019859314,6.977603435516357,6.916862487792969,20.209165099979145,29.276104957737836,-3.8974852561950684,917,13,59,1,NOMINAL_OUTSIDE_CERTIFIED_SET,39.535400390625,OUTBOUND,-16.66741943359375,-0.22601280948396696,
1,21.338037490844727,1.2390943765640259,3.637640953063965,3.6185810565948486,20.229434751992812,29.26399438232411,-3.8798882961273193,918,13,60,0,,17.637006759643555,OUTBOUND,-16.535247802734375,-0.18265261263770372,
0,21.277999877929688,1.2394633293151855,6.96718692779541,6.888820171356201,20.253640179987997,29.2518942831343,-3.9116320610046387,919,13,61,1,NOMINAL_OUTSIDE_CERTIFIED_SET,26.224523544311523,OUTBOUND,-16.48780632019043,-0.14446609101119032,
1,21.1641845703125,1.239830493927002,6.793328285217285,6.703834056854248,20.388508738979,29.239825019211473,-3.852938413619995,920,13,62,0,,11.955798149108887,OUTBOUND,-16.46700096130371,-0.11309817817460646,
1,21.268163681030273,1.240198016166687,3.538271188735962,3.5082809925079346,20.403306597989285,29.22773819643199,-3.9002127647399902,921,13,63,0,,1.6104673147201538,FAILURE,-16.511016845703125,-0.08562895156076393,
0,21.225618362426758,1.2405668497085571,6.83795690536499,6.777474403381348,20.420925960992463,29.9879676,-3.92767596244812,922,14,1,1,NOMINAL_OUTSIDE_CERTIFIED_SET,3.8291895389556885,OUTBOUND,-16.434560775756836,-0.01020132358994201,
1,21.106836318969727,1.240935206413269,3.706718921661377,3.6929759979248047,20.437527312984457,29.97590087222374,-3.8855607509613037,923,14,2,0,,31.318265914916992,OUTBOUND,-16.297985076904297,0.005846823647182595,
0,21.343889236450195,1.241303563117981,0.3910202383995056,0.41003960371017456,20.450542453996604,29.963835034511824,-3.8920116424560547,924,14,3,1,NOMINAL_OUTSIDE_CERTIFIED_SET,41.929500579833984,OUTBOUND,-16.445980072021484,0.016910535360639595,
0,21.179367065429688,1.2416715621948242,3.6266252994537354,3.578392505645752,20.466153671994107,29.951741231802213,-3.888321876525879,925,14,4,1,NOMINAL_OUTSIDE_CERTIFIED_SET,30.18809700012207,OUTBOUND,-16.233474731445312,0.005824746673964737,
0,21.290809631347656,1.2420375347137451,3.7846319675445557,3.7546722888946533,20.48045853097574,29.939618018240417,-3.8419480323791504,926,14,5,1,NOMINAL_OUTSIDE_CERTIFIED_SET,20.206178665161133,OUTBOUND,-16.361740112304688,-0.006907166635161528,
0,21.6097412109375,1.2424037456512451,3.556753635406494,3.5286450386047363,20.496116506983526,29.927464090467527,-3.8965091705322266,927,14,6,1,NOMINAL_OUTSIDE_CERTIFIED_SET,5.073395729064941,OUTBOUND,-16.65312957763672,-0.02340054601674651,
0,21.731521606445312,1.2427728176116943,7.07689094543457,7.029460906982422,20.511653326975647,29.91527829866848,-3.955723524093628,928,14,7,1,NOMINAL_OUTSIDE_CERTIFIED_SET,21.85893440246582,OUTBOUND,-16.76416778564453,-0.045691356591929036,
0,21.95366096496582,1.243143916130066,3.615751266479492,3.602454900741577,20.5318061359867,29.903058929363876,-3.9463186264038086,929,14,8,1,NOMINAL_OUTSIDE_CERTIFIED_SET,20.507219314575195,OUTBOUND,-17.04084014892578,-0.07563941552910493,
1,21.652244567871094,1.243513584136963,3.6233460903167725,3.609415292739868,20.55445132899331,29.890826866639298,-3.866666555404663,930,14,9,0,,11.22900390625,OUTBOUND,-16.861454010009766,-0.11912015705906802,
1,21.586732864379883,1.2438843250274658,3.5699126720428467,3.5323169231414795,20.665908314986154,29.878586486345295,-3.921281576156616,931,14,10,0,,2.757063865661621,OUTBOUND,-16.70713996887207,-0.15508612896644833,
0,21.636804580688477,1.244254231452942,7.063368320465088,6.985106468200684,20.67963350698119,29.866317084511206,-3.879568099975586,932,14,11,1,NOMINAL_OUTSIDE_CERTIFIED_SET,26.201908111572266,OUTBOUND,-16.865419387817383,-0.1822421961487354,
0,21.55318832397461,1.2446247339248657,7.089463710784912,7.022933006286621,20.697719236981357,29.854042082017276,-3.908717632293701,933,14,12,1,NOMINAL_OUTSIDE_CERTIFIED_SET,16.06365966796875,OUTBOUND,-16.770553588867188,-0.21445874519090444,
0,21.50613021850586,1.2449966669082642,7.112585067749023,7.0214080810546875,20.715452174976235,29.841763013361273,-3.9345602989196777,934,14,13,1,NOMINAL_OUTSIDE_CERTIFIED_SET,11.354326248168945,OUTBOUND,-16.710412979125977,-0.2403246404213069,
0,21.43832778930664,1.2453688383102417,13.28842830657959,13.066401481628418,20.726477201998932,29.829469618098283,-3.9052352905273438,935,14,14,1,INSUFFICIENT_RECOVERY_RESERVE,40.69470977783203,OUTBOUND,-16.75136375427246,-0.25000832849719773,
0,21.039722442626953,1.2457407712936401,10.440896034240723,10.355422973632812,20.742404707998503,29.817188916123698,-3.8959743976593018,936,14,15,1,NOMINAL_OUTSIDE_CERTIFIED_SET,3.6418256759643555,OUTBOUND,-16.3342342376709,-0.2732361366205618,
0,21.22755241394043,1.2461143732070923,0.808630645275116,0.8837515711784363,20.756901234999532,29.80488937904482,-3.940791368484497,937,14,16,1,INSUFFICIENT_RECOVERY_RESERVE,71.8539047241211,OUTBOUND,-16.3159122467041,-0.2957997770792603,
0,21.294029235839844,1.2464879751205444,0.8142980337142944,0.8549691438674927,20.776849377987674,29.792604354274395,-3.9044344425201416,938,14,17,1,NOMINAL_OUTSIDE_CERTIFIED_SET,70.36919403076172,OUTBOUND,-16.293006896972656,-0.31817937600195095,
0,21.315826416015625,1.2468630075454712,10.46619987487793,10.376166343688965,20.794790767977247,29.78029853127205,-3.9396162033081055,939,14,18,1,INSUFFICIENT_RECOVERY_RESERVE,8.575448036193848,OUTBOUND,-16.271854400634766,-0.3395120859281272,
0,21.57244300842285,1.2472389936447144,7.128087520599365,7.0495476722717285,20.81389234800008,29.768008960017188,-3.9307079315185547,940,14,19,1,NOMINAL_OUTSIDE_CERTIFIED_SET,15.299799919128418,OUTBOUND,-16.519332885742188,-0.36039259615649005,
0,21.8115291595459,1.247614860534668,0.45853549242019653,0.40546107292175293,20.82497164598317,29.755695189140308,-3.905421495437622,941,14,20,1,INSUFFICIENT_RECOVERY_RESERVE,43.92265319824219,OUTBOUND,-16.724567413330078,-0.3800139964457231,
0,21.888263702392578,1.2479907274246216,7.245730400085449,7.2129807472229,20.837046745989937,29.743414707545174,-3.909536838531494,942,14,21,1,INSUFFICIENT_RECOVERY_RESERVE,16.78253173828125,OUTBOUND,-16.841636657714844,-0.3557749186091936,
0,22.135787963867188,1.2483644485473633,0.3495059013366699,0.341275691986084,20.85086310398765,29.731145327896353,-3.854914665222168,943,14,22,1,NOMINAL_OUTSIDE_CERTIFIED_SET,8.012750625610352,OUTBOUND,-17.169204711914062,-0.373168969587816,
0,22.245750427246094,1.2487385272979736,7.3044843673706055,7.281256198883057,20.8619141659874,29.718852631859317,-3.910381317138672,944,14,23,1,INSUFFICIENT_RECOVERY_RESERVE,43.9162483215332,OUTBOUND,-17.31256675720215,-0.3895663097803232,
0,22.21282958984375,1.2491109371185303,0.28917205333709717,0.3026297390460968,20.878669306985103,29.706573452817867,-3.863593101501465,945,14,24,1,NOMINAL_OUTSIDE_CERTIFIED_SET,8.67482852935791,OUTBOUND,-17.350419998168945,-0.40578991519571117,
0,22.182580947875977,1.2494845390319824,0.32675060629844666,0.3321438133716583,20.891258685995126,29.694269885854617,-3.927103042602539,946,14,25,1,INSUFFICIENT_RECOVERY_RESERVE,3.627770185470581,OUTBOUND,-17.256471633911133,-0.42094389113719216,
0,22.321260452270508,1.24985933303833,0.2610112428665161,0.27221113443374634,20.906287028978113,29.681998026079164,-3.932239294052124,947,14,26,1,NOMINAL_OUTSIDE_CERTIFIED_SET,6.706617832183838,OUTBOUND,-17.39435577392578,-0.4275251842033198,
0,22.294668197631836,1.2502351999282837,7.299679756164551,7.16022253036499,21.023194187990157,29.669714318279784,-3.9297327995300293,948,14,27,1,NOMINAL_OUTSIDE_CERTIFIED_SET,49.64881896972656,OUTBOUND,-17.451433181762695,-0.4630018306074913,
0,22.029006958007812,1.2506102323532104,7.367318153381348,7.258065223693848,21.04623859099229,29.65742296960104,-3.8860504627227783,949,14,28,1,NO_GENERATOR_SET,32.245906829833984,OUTBOUND,-17.305028915405273,-0.47508843210820156,
0,22.07893943786621,1.2509864568710327,0.2580532729625702,0.285447895526886,21.05837092298316,29.645115527368386,-3.933076858520508,950,14,29,1,INSUFFICIENT_RECOVERY_RESERVE,13.409588813781738,OUTBOUND,-17.260482788085938,-0.4556796941860383,
0,21.894943237304688,1.2513612508773804,7.03848934173584,6.934172630310059,21.07148720297846,29.63282451868371,-3.8746726512908936,951,14,30,1,NOMINAL_OUTSIDE_CERTIFIED_SET,11.415568351745605,OUTBOUND,-17.15554428100586,-0.46839115635179024,
0,21.996028900146484,1.2517354488372803,0.2289271205663681,0.25279000401496887,21.08314839497325,29.62050876654324,-3.8860669136047363,952,14,31,1,INSUFFICIENT_RECOVERY_RESERVE,31.52738380432129,OUTBOUND,-17.1745662689209,-0.48011302627647434,
0,21.838308334350586,1.252109408378601,0.5118807554244995,0.5359247326850891,21.097318992979126,29.608226497398793,-3.894808530807495,953,14,32,1,INSUFFICIENT_RECOVERY_RESERVE,49.77626037597656,OUTBOUND,-16.898801803588867,-0.43764177280317607,
1,21.844181060791016,1.2524834871292114,7.296512603759766,7.243714809417725,21.116156998992665,29.595966076656534,-3.905134916305542,954,14,33,0,,8.103655815124512,OUTBOUND,-16.881324768066406,-0.4445901979948913,
0,22.107967376708984,1.2528579235076904,0.41683506965637207,0.38706114888191223,21.13429165497655,29.583649476643163,-3.9070682525634766,955,14,34,1,NOMINAL_OUTSIDE_CERTIFIED_SET,40.07526779174805,OUTBOUND,-17.072023391723633,-0.5018456994299596,
0,22.3406925201416,1.253232479095459,3.8451459407806396,3.790876865386963,21.15140923098079,29.571318743614317,-3.907927989959717,956,14,35,1,INSUFFICIENT_RECOVERY_RESERVE,12.352174758911133,OUTBOUND,-17.297374725341797,-0.507537599539619,
0,22.555252075195312,1.2536081075668335,3.5928773880004883,3.556844711303711,21.167785951984115,29.559022966981004,-3.9243550300598145,957,14,36,1,INSUFFICIENT_RECOVERY_RESERVE,13.515230178833008,OUTBOUND,-17.531681060791016,-0.460399938628221,
0,22.442174911499023,1.2539832592010498,3.7625224590301514,3.7533133029937744,21.183437600993784,29.54673874574529,-3.8911092281341553,958,14,37,1,NOMINAL_OUTSIDE_CERTIFIED_SET,13.713106155395508,OUTBOUND,-17.526771545410156,-0.4686743648701235,
0,22.578014373779297,1.2543586492538452,3.8531816005706787,3.8498854637145996,21.194769242982147,29.53444132751892,-3.90911602973938,959,14,38,1,INSUFFICIENT_RECOVERY_RESERVE,26.763202667236328,OUTBOUND,-17.68012809753418,-0.4765126611741519,
0,22.549882888793945,1.2547352313995361,0.30143800377845764,0.305192232131958,21.211531080974964,29.522157121628076,-3.9334120750427246,960,14,39,1,NOMINAL_OUTSIDE_CERTIFIED_SET,6.281921863555908,OUTBOUND,-17.60399055480957,-0.4849836432138811,
0,22.418285369873047,1.2551119327545166,4.2849836349487305,4.24735164642334,21.33483781098039,29.50985651405156,-3.9067208766937256,961,14,40,1,INSUFFICIENT_RECOVERY_RESERVE,14.96204948425293,OUTBOUND,-17.516040802001953,-0.4929311820407734,
0,22.42127227783203,1.2554900646209717,7.557192802429199,7.459469795227051,21.350714727974264,29.497584863547466,-3.937333106994629,962,14,41,1,NOMINAL_OUTSIDE_CERTIFIED_SET,33.575496673583984,OUTBOUND,-17.54574203491211,-0.4931915302928046,
1,22.26887321472168,1.2558683156967163,3.9047393798828125,3.8971168994903564,21.365711120975902,29.485292036539533,-3.9137706756591797,963,14,42,0,,7.111857891082764,OUTBOUND,-17.42134666442871,-0.5306089175212064,
0,22.34048843383789,1.2562482357025146,0.2810458838939667,0.3211512267589569,21.384326118975878,29.472976451523735,-3.9491827487945557,964,14,43,1,NO_GENERATOR_SET,22.912906646728516,OUTBOUND,-17.393938064575195,-0.5407241208407909,
0,22.299793243408203,1.2566277980804443,11.012298583984375,10.875653266906738,21.39696563198231,29.460647459720036,-3.9048633575439453,965,14,44,1,INSUFFICIENT_RECOVERY_RESERVE,34.818546295166016,OUTBOUND,-17.463090896606445,-0.5126663301470591,
0,22.40744400024414,1.2570077180862427,3.827371120452881,3.796144485473633,21.409470708982553,29.448353270749884,-3.916609525680542,966,14,45,1,INSUFFICIENT_RECOVERY_RESERVE,3.6881372928619385,OUTBOUND,-17.56165313720703,-0.4644358324544424,
0,21.970746994018555,1.2573878765106201,7.427703380584717,7.354742527008057,21.423580628994387,29.4360714457986,-3.919098377227783,967,14,46,1,NOMINAL_OUTSIDE_CERTIFIED_SET,12.493607521057129,OUTBOUND,-17.085107803344727,-0.47646200248854803,
0,22.281129837036133,1.257768154144287,3.971783399581909,3.950066089630127,21.44021621198044,29.42376970362975,-3.914377450942993,968,14,47,1,INSUFFICIENT_RECOVERY_RESERVE,29.36455535888672,OUTBOUND,-17.302186965942383,-0.48737781826328186,
0,22.180044174194336,1.2581490278244019,7.500726699829102,7.419731140136719,21.455476885981625,29.411486937841424,-3.9268643856048584,969,14,48,1,NOMINAL_OUTSIDE_CERTIFIED_SET,12.930107116699219,OUTBOUND,-17.195770263671875,-0.49563723218965156,
0,22.5721378326416,1.2585285902023315,0.38097453117370605,0.3462525010108948,21.469192658987595,29.399195299394655,-3.883575916290283,970,14,49,1,NOMINAL_OUTSIDE_CERTIFIED_SET,41.93245315551758,OUTBOUND,-17.555713653564453,-0.5433537656243573,
0,22.427104949951172,1.2589075565338135,4.134422779083252,4.083334922790527,21.48388368097949,29.386896204638788,-3.8909671306610107,971,14,50,1,NO_GENERATOR_SET,18.85595703125,OUTBOUND,-17.371578216552734,-0.5598675865828895,
0,22.76952362060547,1.2592875957489014,7.3039469718933105,7.235938549041748,21.501025876990752,29.374595779862005,-3.936098098754883,972,14,51,1,NO_GENERATOR_SET,22.104732513427734,OUTBOUND,-17.744050979614258,-0.5525502662955388,
0,22.67647933959961,1.2596664428710938,0.38830626010894775,0.3680266737937927,21.617065390979405,29.36230183152409,-3.882410764694214,973,14,52,1,NO_GENERATOR_SET,29.157670974731445,OUTBOUND,-17.664037704467773,-0.52775385807613,
0,22.700031280517578,1.260045051574707,7.43293571472168,7.357222080230713,21.634138306981185,29.350021918689404,-3.9004828929901123,974,14,53,1,NOMINAL_OUTSIDE_CERTIFIED_SET,27.635997772216797,OUTBOUND,-17.740413665771484,-0.4908488138379029,
0,22.9350643157959,1.2604255676269531,0.30008161067962646,0.3050350844860077,21.648566695977934,29.3377622759326,-3.952741861343384,975,14,54,1,NOMINAL_OUTSIDE_CERTIFIED_SET,12.046666145324707,OUTBOUND,-17.885406494140625,-0.4462771460394371,
0,23.04156494140625,1.2608057260513306,3.90936017036438,3.8705320358276367,21.66462673599017,29.325527346980536,-3.901191473007202,976,14,55,1,NOMINAL_OUTSIDE_CERTIFIED_SET,25.041290283203125,OUTBOUND,-18.10798454284668,-0.39762330740672686,
0,22.87837791442871,1.2611864805221558,0.32335689663887024,0.33118370175361633,21.68078751998837,29.313319723415603,-3.922492504119873,977,14,56,1,NOMINAL_OUTSIDE_CERTIFIED_SET,4.076132774353027,OUTBOUND,-17.915115356445312,-0.3476990920839032,
1,22.65713119506836,1.2615649700164795,7.652169704437256,7.538765907287598,21.695016754994867,29.301143106915188,-3.859128475189209,978,14,57,0,,30.041528701782227,OUTBOUND,-17.830183029174805,-0.31594615199813525,
0,22.791732788085938,1.2619411945343018,0.20422154664993286,0.2164892554283142,21.70866304199444,29.288952467578447,-3.8467612266540527,979,14,58,1,NOMINAL_OUTSIDE_CERTIFIED_SET,10.311121940612793,OUTBOUND,-17.967151641845703,-0.2813657410685463,
1,22.819683074951172,1.2623176574707031,7.938630104064941,7.821099281311035,21.7246215249761,29.276796016060896,-3.9069113731384277,980,14,59,0,,34.95619583129883,OUTBOUND,-17.97199249267578,-0.23283880302720017,
0,23.039443969726562,1.2626945972442627,0.19283227622509003,0.20618852972984314,21.740699501999188,29.264658993662586,-3.9094793796539307,981,14,60,1,NOMINAL_OUTSIDE_CERTIFIED_SET,10.696399688720703,OUTBOUND,-18.171775817871094,-0.1889691770054134,
1,22.738983154296875,1.2630728483200073,0.4504554271697998,0.4830579459667206,21.758739151991904,29.252544277975485,-3.931271553039551,982,14,61,0,,32.96862030029297,OUTBOUND,-17.770349502563477,-0.15934310631780552,
1,22.831615447998047,1.263451099395752,4.002979755401611,3.957930326461792,21.7787632389809,29.240417624025675,-3.904822587966919,983,14,62,0,,8.490989685058594,FAILURE,-17.865026473999023,-0.12499857679323179,
1,22.76736831665039,1.2638286352157593,3.8621628284454346,3.7910094261169434,21.8011676989845,29.987991701571584,-3.8863697052001953,984,15,1,0,,17.19106674194336,OUTBOUND,-17.800012588500977,-0.021533902790873548,
0,22.807811737060547,1.2642056941986084,11.477428436279297,11.400042533874512,21.81620140199084,29.975927678367853,-3.88555908203125,985,15,2,1,NOMINAL_OUTSIDE_CERTIFIED_SET,42.21350860595703,OUTBOUND,-17.926027297973633,-0.029856467294576482,
1,22.727182388305664,1.2645812034606934,0.3567112684249878,0.3486919403076172,21.830976900993846,29.963846016510658,-3.8638882637023926,986,15,3,0,,24.2337646484375,OUTBOUND,-17.82408905029297,-0.018486720878794393,
0,22.911685943603516,1.2649562358856201,0.44422411918640137,0.42449164390563965,21.84395891299937,29.951774765224634,-3.884004831314087,987,15,4,1,NOMINAL_OUTSIDE_CERTIFIED_SET,35.615272521972656,OUTBOUND,-17.927473068237305,-0.010318701435960972,
1,22.85094451904297,1.2653322219848633,7.7268171310424805,7.654525279998779,21.9587662339909,29.939689920771432,-3.916961193084717,988,15,5,0,,14.251574516296387,OUTBOUND,-17.865745544433594,-0.011161288558557175,
1,22.960153579711914,1.2657084465026855,0.3529510200023651,0.3440145254135132,21.981212267972296,29.92762715322122,-3.899674415588379,989,15,6,0,,24.47171401977539,OUTBOUND,-17.938745498657227,0.0031962833405892316,
0,23.29926109313965,1.266085147857666,0.24955223500728607,0.2436436265707016,22.001326773985056,29.915507782423838,-3.909311294555664,990,15,7,1,NOMINAL_OUTSIDE_CERTIFIED_SET,23.444265365600586,OUTBOUND,-18.24463653564453,0.010352035862783871,
0,23.358417510986328,1.2664616107940674,0.2162589430809021,0.21825750172138214,22.015852369979257,29.903367695832536,-3.8917694091796875,991,15,8,1,NOMINAL_OUTSIDE_CERTIFIED_SET,7.793472766876221,OUTBOUND,-18.311161041259766,-0.00489767044835792,
1,23.4040470123291,1.2668381929397583,8.061165809631348,7.982863426208496,22.031078925996553,29.891220839175837,-3.897144079208374,992,15,9,0,,46.36865234375,OUTBOUND,-18.447494506835938,-0.017270674052602582,
0,23.151399612426758,1.267216444015503,8.2687349319458,8.190415382385254,22.05174552599783,29.879075655859978,-3.939206123352051,993,15,10,1,NOMINAL_OUTSIDE_CERTIFIED_SET,44.93996047973633,OUTBOUND,-18.21527099609375,-0.029239665811486047,
1,23.228788375854492,1.2675961256027222,0.20610404014587402,0.22017227113246918,22.07061623397749,29.866925918350013,-3.9318418502807617,994,15,11,0,,12.002158164978027,OUTBOUND,-18.296112060546875,-0.03189218503926844,
0,23.06471824645996,1.2679775953292847,8.090126991271973,7.993764400482178,22.088710099982563,29.854775075223877,-3.947373390197754,995,15,12,1,NOMINAL_OUTSIDE_CERTIFIED_SET,34.78396987915039,OUTBOUND,-18.168148040771484,-0.03747433817735369,
0,23.0659236907959,1.2683576345443726,4.111111640930176,4.071756362915039,22.10512984797242,29.84259556412123,-3.87440824508667,996,15,13,1,NOMINAL_OUTSIDE_CERTIFIED_SET,2.889092206954956,OUTBOUND,-18.23512840270996,-0.0678931411000837,
1,23.21678924560547,1.2687373161315918,3.9695401191711426,3.932774782180786,22.120319396984996,29.830394335081355,-3.8933961391448975,997,15,14,0,,2.242492198944092,OUTBOUND,-18.365692138671875,-0.07111020000373877,
0,22.9836483001709,1.269115924835205,4.182519912719727,4.156325340270996,22.136957981972955,29.818180440156162,-3.8764829635620117,998,15,15,1,NOMINAL_OUTSIDE_CERTIFIED_SET,14.2384672164917,OUTBOUND,-18.12506675720215,-0.08007286988875502,
0,22.825786590576172,1.269493579864502,4.271427154541016,4.246149063110352,22.151499972998863,29.805936406855196,-3.8741846084594727,999,15,16,1,NOMINAL_OUTSIDE_CERTIFIED_SET,34.857303619384766,OUTBOUND,-17.87845230102539,-0.13120308867004823,
0,22.883546829223633,1.2698696851730347,4.396746635437012,4.367084503173828,22.172758738975972,29.793685162711345,-3.8632922172546387,1000,15,17,1,NOMINAL_OUTSIDE_CERTIFIED_SET,34.60182189941406,OUTBOUND,-17.898513793945312,-0.18087553915770677,
0,23.15822410583496,1.270247220993042,8.005752563476562,7.920970916748047,22.187829068978317,29.781427618090625,-3.9237380027770996,1001,15,18,1,NOMINAL_OUTSIDE_CERTIFIED_SET,3.0143229961395264,OUTBOUND,-18.11166763305664,-0.22014370445139286,
0,23.027442932128906,1.2706263065338135,15.697807312011719,15.604662895202637,22.313053580990527,29.76913251776953,-3.93597149848938,1002,15,19,1,NOMINAL_OUTSIDE_CERTIFIED_SET,53.31630325317383,OUTBOUND,-18.045011520385742,-0.26736368322768944,
0,23.341957092285156,1.2710075378417969,0.4113047122955322,0.37683290243148804,22.325285639992217,29.756811812168376,-3.9503250122070312,1003,15,20,1,INSUFFICIENT_RECOVERY_RESERVE,37.0002326965332,OUTBOUND,-18.299644470214844,-0.29653398923747365,
1,23.400232315063477,1.2713884115219116,0.3729681968688965,0.3393273949623108,22.34251853398746,29.744535163254472,-3.895272731781006,1004,15,21,0,,37.48607635498047,OUTBOUND,-18.347314834594727,-0.3144034689650122,
0,23.266231536865234,1.2717691659927368,4.347945213317871,4.2978715896606445,22.35632409097161,29.732215837477156,-3.902301073074341,1005,15,22,1,NOMINAL_OUTSIDE_CERTIFIED_SET,23.48847007751465,OUTBOUND,-18.177356719970703,-0.36317509041722523,
0,23.67688751220703,1.2721515893936157,0.26311108469963074,0.25570613145828247,22.373233530990547,29.719876574673606,-3.9399876594543457,1006,15,23,1,INSUFFICIENT_RECOVERY_RESERVE,27.648799896240234,OUTBOUND,-18.494155883789062,-0.380855867927943,
0,23.57172393798828,1.2725329399108887,0.3718791902065277,0.39017385244369507,22.386125113000162,29.707573158366174,-3.8814330101013184,1007,15,24,1,INSUFFICIENT_RECOVERY_RESERVE,17.67799186706543,OUTBOUND,-18.46548843383789,-0.35744360399935454,
0,23.61853790283203,1.2729148864746094,8.45351791381836,8.385760307312012,22.407776240987005,29.695282923377498,-3.9183149337768555,1008,15,25,1,NOMINAL_OUTSIDE_CERTIFIED_SET,38.50985336303711,OUTBOUND,-18.55339241027832,-0.3724613326343147,
0,23.629539489746094,1.2732946872711182,4.407022476196289,4.371653079986572,22.421182642981876,29.68297557282081,-3.855306386947632,1009,15,26,1,INSUFFICIENT_RECOVERY_RESERVE,27.152889251708984,OUTBOUND,-18.698352813720703,-0.38694866545898493,
1,23.790321350097656,1.2736750841140747,0.256494402885437,0.27219709753990173,22.44213978899643,29.670713711129856,-3.911674976348877,1010,15,27,0,,4.740721702575684,OUTBOUND,-18.769800186157227,-0.37786947219585476,
1,23.802284240722656,1.274056315422058,0.3263568580150604,0.32725220918655396,22.45694088298478,29.658434469862843,-3.920172929763794,1011,15,28,0,,13.362388610839844,OUTBOUND,-18.81076431274414,-0.37189490502739014,
0,23.69818687438965,1.274438500404358,0.2756684422492981,0.2950921356678009,22.473912415996892,29.64616451806979,-3.9233627319335938,1012,15,29,1,NOMINAL_OUTSIDE_CERTIFIED_SET,4.4298834800720215,OUTBOUND,-18.707857131958008,-0.3874464919339372,
0,23.705127716064453,1.2748198509216309,0.3472442924976349,0.3520396649837494,22.490671933977865,29.633867126135403,-3.886434555053711,1013,15,30,1,NOMINAL_OUTSIDE_CERTIFIED_SET,2.409484386444092,OUTBOUND,-18.771766662597656,-0.4434981426364755,
0,23.871389389038086,1.2752037048339844,4.380410671234131,4.329012870788574,22.60225045599509,29.621548713184215,-3.9617114067077637,1014,15,31,1,INSUFFICIENT_RECOVERY_RESERVE,25.271467208862305,OUTBOUND,-18.880598068237305,-0.45353210100723523,
1,23.56824493408203,1.2755844593048096,12.502663612365723,12.369608879089355,22.6224307709781,29.609275145040474,-3.8343019485473633,1015,15,32,0,,68.96846771240234,OUTBOUND,-18.85633087158203,-0.4452346834048452,
0,23.54976463317871,1.2759658098220825,4.630248546600342,4.5824432373046875,22.6405418329814,29.596990985796676,-3.9141640663146973,1016,15,33,1,NOMINAL_OUTSIDE_CERTIFIED_SET,11.430800437927246,OUTBOUND,-18.74579429626465,-0.45750461628387346,
0,23.339317321777344,1.2763473987579346,8.398666381835938,8.316307067871094,22.653480023989687,29.58469497453815,-3.905355453491211,1017,15,34,1,INSUFFICIENT_RECOVERY_RESERVE,6.269392490386963,OUTBOUND,-18.53467559814453,-0.4391694166795447,
1,23.134239196777344,1.2767292261123657,8.451229095458984,8.383268356323242,22.670221495995065,29.57244136973049,-3.9070589542388916,1018,15,35,0,,18.390005111694336,OUTBOUND,-18.27338218688965,-0.42224914326906055,
0,23.29347801208496,1.2771086692810059,0.7242357134819031,0.7273469567298889,22.68618481597514,29.56014581825024,-3.8442511558532715,1019,15,36,1,NOMINAL_OUTSIDE_CERTIFIED_SET,74.59091186523438,OUTBOUND,-18.376480102539062,-0.45313132034900566,
0,23.409303665161133,1.2774879932403564,0.7108865976333618,0.6982272863388062,22.69897566799773,29.547841336378454,-3.894362211227417,1020,15,37,1,INSUFFICIENT_RECOVERY_RESERVE,74.73204803466797,OUTBOUND,-18.28807830810547,-0.45971292517821566,
0,23.45063591003418,1.2778669595718384,8.437067985534668,8.353900909423828,22.717579312971793,29.53555037798069,-3.8846065998077393,1021,15,38,1,NOMINAL_OUTSIDE_CERTIFIED_SET,19.145122528076172,OUTBOUND,-18.319137573242188,-0.4675088107858032,
0,23.897424697875977,1.278246283531189,0.44032979011535645,0.39437663555145264,22.731999650975922,29.523246143558463,-3.9012951850891113,1022,15,39,1,INSUFFICIENT_RECOVERY_RESERVE,46.02541732788086,OUTBOUND,-18.701282501220703,-0.4750795160486499,
0,24.12026023864746,1.27862548828125,0.26927924156188965,0.23517228662967682,22.74798643498798,29.51095702781265,-3.895002841949463,1023,15,40,1,NOMINAL_OUTSIDE_CERTIFIED_SET,30.305809020996094,OUTBOUND,-18.893020629882812,-0.48358736327573937,
0,24.25303840637207,1.2790056467056274,4.470340251922607,4.448333263397217,22.75883178098593,29.498642080108954,-3.9136457443237305,1024,15,41,1,INSUFFICIENT_RECOVERY_RESERVE,15.888041496276855,OUTBOUND,-19.045934677124023,-0.4916731343867141,
0,24.230045318603516,1.2793864011764526,4.611045837402344,4.607540130615234,22.77033908898011,29.486360507349584,-3.9117379188537598,1025,15,42,1,INSUFFICIENT_RECOVERY_RESERVE,35.18711853027344,OUTBOUND,-19.119543075561523,-0.44677090698239247,
1,24.487018585205078,1.2797672748565674,0.34686601161956787,0.3884914219379425,22.78657024097629,29.47411922020758,-3.900348663330078,1026,15,43,0,,34.56300354003906,OUTBOUND,-19.450271606445312,-0.43365942114652783,
0,24.336772918701172,1.280146837234497,8.901322364807129,8.824495315551758,22.803513590974035,29.461832151115917,-3.8651394844055176,1027,15,44,1,NOMINAL_OUTSIDE_CERTIFIED_SET,70.30094146728516,OUTBOUND,-19.4609375,-0.47504819197406384,
0,24.210765838623047,1.2805254459381104,0.22193364799022675,0.2153020203113556,22.81666173497797,29.449519716693594,-3.868255853652954,1028,15,45,1,INSUFFICIENT_RECOVERY_RESERVE,10.420455932617188,OUTBOUND,-19.320043563842773,-0.4846860696240405,
0,24.26805877685547,1.2809028625488281,0.21092529594898224,0.21777905523777008,22.82969727399177,29.43723351714205,-3.865180253982544,1029,15,46,1,NOMINAL_OUTSIDE_CERTIFIED_SET,3.128603219985962,OUTBOUND,-19.390514373779297,-0.48926221861554625,
0,24.233774185180664,1.2812819480895996,0.26682689785957336,0.26783785223960876,22.844617924973136,29.42493510217722,-3.926713466644287,1030,15,47,1,NO_GENERATOR_SET,3.892768621444702,OUTBOUND,-19.277549743652344,-0.5298192820164779,
0,24.175472259521484,1.281660795211792,0.21488390862941742,0.24084241688251495,22.963983260997338,29.412627821419395,-3.886009931564331,1031,15,48,1,NO_GENERATOR_SET,15.372252464294434,OUTBOUND,-19.250783920288086,-0.5419774505688832,
0,23.949724197387695,1.2820394039154053,8.615777969360352,8.51578426361084,22.977151110972045,29.400301131709398,-3.8827905654907227,1032,15,49,1,INSUFFICIENT_RECOVERY_RESERVE,20.409908294677734,OUTBOUND,-19.06233787536621,-0.5164481401894409,
0,24.009906768798828,1.2824180126190186,0.3092859983444214,0.33812880516052246,22.989837978995638,29.388009034419536,-3.893388271331787,1033,15,50,1,INSUFFICIENT_RECOVERY_RESERVE,35.62187576293945,OUTBOUND,-19.01171875,-0.4678276384436602,
0,23.739713668823242,1.2827951908111572,8.6671724319458,8.582319259643555,23.0045824739791,29.375729319372216,-3.8535964488983154,1034,15,51,1,NOMINAL_OUTSIDE_CERTIFIED_SET,2.666001319885254,OUTBOUND,-18.807458877563477,-0.47915585824286083,
0,23.96568489074707,1.2831734418869019,4.501893520355225,4.478818416595459,23.019932143972255,29.363428177644206,-3.9104323387145996,1035,15,52,1,INSUFFICIENT_RECOVERY_RESERVE,12.096506118774414,OUTBOUND,-18.913972854614258,-0.48947711100335356,
1,24.010499954223633,1.2835524082183838,0.40032070875167847,0.37543198466300964,23.033946999988984,29.351168593728698,-3.9052653312683105,1036,15,53,0,,41.013694763183594,OUTBOUND,-18.919109344482422,-0.46825143075987197,
1,24.383289337158203,1.2839330434799194,0.2593038082122803,0.22150030732154846,23.049563937995117,29.33887357347039,-3.9299192428588867,1037,15,54,0,,29.076173782348633,OUTBOUND,-19.207115173339844,-0.4628879552937189,
0,24.323617935180664,1.284313440322876,4.514585018157959,4.483659744262695,23.068531200988218,29.326553011218568,-3.8884403705596924,1038,15,55,1,NOMINAL_OUTSIDE_CERTIFIED_SET,5.661884784698486,OUTBOUND,-19.21622085571289,-0.475136148996091,
0,24.2280330657959,1.2846935987472534,8.908671379089355,8.883668899536133,23.08408844898804,29.314241109989513,-3.8844666481018066,1039,15,56,1,NOMINAL_OUTSIDE_CERTIFIED_SET,39.79682540893555,OUTBOUND,-19.22122573852539,-0.5023566615037776,
1,24.405792236328125,1.28507399559021,0.2050144076347351,0.20501989126205444,23.097590922989184,29.30194352138445,-3.89738130569458,1040,15,57,0,,13.528977394104004,OUTBOUND,-19.36446189880371,-0.511533142107345,
0,24.424434661865234,1.2854562997817993,0.3030700087547302,0.30687227845191956,23.111157250998076,29.289630821226133,-3.9397408962249756,1041,15,58,1,NOMINAL_OUTSIDE_CERTIFIED_SET,9.263952255249023,OUTBOUND,-19.325780868530273,-0.5004360445513122,
0,24.312267303466797,1.2858408689498901,17.6871395111084,17.49616050720215,23.128381002985407,29.277346026861096,-3.9482967853546143,1042,15,59,1,NOMINAL_OUTSIDE_CERTIFIED_SET,91.38710021972656,OUTBOUND,-19.335256576538086,-0.4676309232246183,
0,24.121597290039062,1.2862251996994019,9.028583526611328,8.919629096984863,23.14601474997471,29.265091942965427,-3.8958866596221924,1043,15,60,1,NOMINAL_OUTSIDE_CERTIFIED_SET,28.226781845092773,OUTBOUND,-19.244491577148438,-0.42671471720694143,
0,23.95145034790039,1.2866098880767822,4.7048163414001465,4.681258201599121,23.273305429989705,29.252866910923288,-3.908839702606201,1044,15,61,1,NOMINAL_OUTSIDE_CERTIFIED_SET,18.701967239379883,OUTBOUND,-19.031190872192383,-0.3813336717716799,
0,23.94487190246582,1.2869954109191895,13.092476844787598,12.948866844177246,23.29105957498541,29.24066300075469,-3.920032262802124,1045,15,62,1,NOMINAL_OUTSIDE_CERTIFIED_SET,26.586191177368164,OUTBOUND,-19.02544593811035,-0.33433784935648136,
0,23.79270362854004,1.287380337715149,0.6161545515060425,0.7212573289871216,23.305027904978488,29.228482478342016,-3.8886559009552,1046,15,63,1,NOMINAL_OUTSIDE_CERTIFIED_SET,68.67963409423828,OUTBOUND,-18.824831008911133,-0.28788206929160376,
0,24.11168670654297,1.2877657413482666,0.6538242697715759,0.7263457775115967,23.321740536979632,29.216326113626277,-3.9131953716278076,1047,15,64,1,NOMINAL_OUTSIDE_CERTIFIED_SET,68.4752197265625,OUTBOUND,-18.960960388183594,-0.2435292077807871,
0,24.449508666992188,1.288151502609253,0.4623660445213318,0.47748416662216187,23.33707588899415,29.204193479268202,-3.9101967811584473,1048,15,65,1,NOMINAL_OUTSIDE_CERTIFIED_SET,55.700897216796875,OUTBOUND,-19.22625732421875,-0.20234918205719887,
0,24.381990432739258,1.2885361909866333,8.929208755493164,8.849793434143066,23.357207497989293,29.192083286840646,-3.8774595260620117,1049,15,66,1,NOMINAL_OUTSIDE_CERTIFIED_SET,4.878881454467773,OUTBOUND,-19.203245162963867,-0.165010633838604,
1,24.69028663635254,1.2889206409454346,4.320783615112305,4.242915153503418,23.3753758679959,29.1799932160827,-3.891728162765503,1050,15,67,0,,10.839192390441895,OUTBOUND,-19.487897872924805,-0.16072784728839742,
1,24.753189086914062,1.2893065214157104,4.624531269073486,4.6170759201049805,23.393330813996727,29.16785860432644,-3.9343204498291016,1051,15,68,0,,13.381318092346191,OUTBOUND,-19.58137321472168,-0.15814995274658963,
0,24.87816619873047,1.289691686630249,0.17277801036834717,0.17370612919330597,23.411611916992115,29.155739942241212,-3.88602876663208,1052,15,69,1,NOMINAL_OUTSIDE_CERTIFIED_SET,6.553590297698975,FAILURE,-19.76546859741211,-0.12213343830939695,
1,25.053531646728516,1.2900786399841309,9.31627082824707,9.306158065795898,23.437083912984235,29.987975260106122,-3.940204381942749,1053,16,1,0,,64.43310546875,OUTBOUND,-19.999967575073242,-0.03280818143301345,
0,24.910614013671875,1.2904658317565918,0.21803665161132812,0.23030772805213928,23.458958969975356,29.975891518420696,-3.9106688499450684,1054,16,2,1,NOMINAL_OUTSIDE_CERTIFIED_SET,9.541372299194336,OUTBOUND,-19.891128540039062,-0.04927540030243367,
0,24.553956985473633,1.2908538579940796,4.8661580085754395,4.84033727645874,23.566216478997376,29.963780915397386,-3.9237897396087646,1055,16,3,1,NOMINAL_OUTSIDE_CERTIFIED_SET,27.607070922851562,OUTBOUND,-19.54865264892578,-0.03959691781281196,
1,24.467208862304688,1.2912429571151733,17.87065887451172,17.6307373046875,23.583331107976846,29.95166146027977,-3.931429624557495,1056,16,4,0,,85.95439147949219,OUTBOUND,-19.573348999023438,-0.032895537882165204,
0,24.604406356811523,1.2916321754455566,0.20733650028705597,0.2430688738822937,23.602457421977306,29.939551670344283,-3.90976881980896,1057,16,5,1,NOMINAL_OUTSIDE_CERTIFIED_SET,22.544248580932617,OUTBOUND,-19.692628860473633,-0.029062233894666643,
0,24.316059112548828,1.2920209169387817,9.126964569091797,9.030855178833008,23.61876268699416,29.927410318106077,-3.8975894451141357,1058,16,6,1,NOMINAL_OUTSIDE_CERTIFIED_SET,4.580528736114502,OUTBOUND,-19.39980125427246,-0.03379168088697928,
0,24.123119354248047,1.2924078702926636,8.860502243041992,8.762222290039062,23.638504178990843,29.915234763575935,-3.865983009338379,1059,16,7,1,NOMINAL_OUTSIDE_CERTIFIED_SET,11.07370662689209,OUTBOUND,-19.243316650390625,-0.04655796675349981,
1,24.12822723388672,1.2927972078323364,5.057441234588623,5.085982799530029,23.65565997597878,29.903022032190744,-3.957946538925171,1060,16,8,0,,56.212982177734375,OUTBOUND,-19.01913070678711,-0.03980117783158212,
1,24.278255462646484,1.2931859493255615,4.743932247161865,4.719239234924316,23.67383886798052,29.890810263015094,-3.89333438873291,1061,16,9,0,,55.28994369506836,OUTBOUND,-19.180278778076172,-0.003050998690767828,
1,24.375001907348633,1.2935737371444702,9.11089038848877,9.054704666137695,23.68787025398342,29.87862931799537,-3.88456392288208,1062,16,10,0,,19.808168411254883,OUTBOUND,-19.245542526245117,-0.0023735525113829426,
0,24.516971588134766,1.2939622402191162,4.940168857574463,4.866300106048584,23.70147799598635,29.866460931491154,-3.9175915718078613,1063,16,11,1,NOMINAL_OUTSIDE_CERTIFIED_SET,44.21242904663086,OUTBOUND,-19.293554306030273,-0.039182420928540906,
1,25.0008487701416,1.2943514585494995,4.635761260986328,4.598649024963379,23.714210548991105,29.854301779656193,-3.922975778579712,1064,16,12,0,,8.910609245300293,OUTBOUND,-19.767854690551758,-0.06155075613155662,
0,24.980297088623047,1.2947410345077515,9.211183547973633,9.169382095336914,23.728781147976406,29.842112870043284,-3.9167845249176025,1065,16,13,1,NOMINAL_OUTSIDE_CERTIFIED_SET,26.430850982666016,OUTBOUND,-19.805118560791016,-0.08670153158768122,
0,24.90433692932129,1.2951310873031616,9.265595436096191,9.226934432983398,23.741726036998443,29.829897483875147,-3.91438627243042,1066,16,14,1,NOMINAL_OUTSIDE_CERTIFIED_SET,32.62235641479492,OUTBOUND,-19.79897117614746,-0.13254635249897562,
0,24.797061920166016,1.2955197095870972,4.861769676208496,4.814971923828125,23.75447587299277,29.817674558284214,-3.8762075901031494,1067,16,15,1,NOMINAL_OUTSIDE_CERTIFIED_SET,3.9867422580718994,OUTBOUND,-19.775981903076172,-0.17739306348532868,
0,24.929523468017578,1.295908808708191,0.36969518661499023,0.3677065372467041,23.771818721987074,29.805441875948144,-3.9157490730285645,1068,16,16,1,NOMINAL_OUTSIDE_CERTIFIED_SET,27.564788818359375,OUTBOUND,-19.791053771972656,-0.2128885502425292,
1,25.01917266845703,1.2962987422943115,0.431545615196228,0.4493758976459503,23.785131967975758,29.793175967701117,-3.9240379333496094,1069,16,17,0,,25.1417179107666,OUTBOUND,-19.816442489624023,-0.22425648640929702,
1,25.110767364501953,1.2966885566711426,9.612427711486816,9.513814926147461,23.802527373976773,29.780948670881223,-3.9019641876220703,1070,16,18,0,,49.894737243652344,OUTBOUND,-20.03367805480957,-0.20824081846821565,
0,25.24518394470215,1.297078013420105,4.986733436584473,4.925057888031006,23.822450013976777,29.768716852413263,-3.8998146057128906,1071,16,19,1,NOMINAL_OUTSIDE_CERTIFIED_SET,33.71296691894531,OUTBOUND,-20.22079849243164,-0.2241442417028824,
0,25.259401321411133,1.2974674701690674,0.27703163027763367,0.30376434326171875,23.94654374397942,29.756454206929213,-3.905141830444336,1072,16,20,1,NOMINAL_OUTSIDE_CERTIFIED_SET,12.474188804626465,OUTBOUND,-20.19625473022461,-0.28223131575326754,
0,25.178436279296875,1.2978559732437134,4.908692359924316,4.850892543792725,23.96467530998052,29.744155760255225,-3.8800487518310547,1073,16,21,1,NOMINAL_OUTSIDE_CERTIFIED_SET,13.762014389038086,OUTBOUND,-20.19084930419922,-0.3446255619755527,
0,24.99544906616211,1.2982451915740967,4.935435771942139,4.899134635925293,23.97727799299173,29.731833329815053,-3.920830249786377,1074,16,22,1,INSUFFICIENT_RECOVERY_RESERVE,8.425736427307129,OUTBOUND,-19.96953582763672,-0.3677175260254376,
0,25.131649017333984,1.298634648323059,9.310527801513672,9.195438385009766,23.989017887972295,29.71954503688013,-3.907174587249756,1075,16,23,1,INSUFFICIENT_RECOVERY_RESERVE,25.905296325683594,OUTBOUND,-20.140228271484375,-0.3459275569375158,
0,24.828536987304688,1.2990224361419678,4.879765510559082,4.851675987243652,24.009628040977987,29.707268414455875,-3.8645100593566895,1076,16,24,1,NOMINAL_OUTSIDE_CERTIFIED_SET,13.405037879943848,OUTBOUND,-19.87578010559082,-0.3652925964163284,
0,25.108312606811523,1.2994109392166138,0.42966753244400024,0.43689024448394775,24.021522526978515,29.694970857175914,-3.918351411819458,1077,16,25,1,INSUFFICIENT_RECOVERY_RESERVE,37.02250671386719,OUTBOUND,-20.00043487548828,-0.3834067043637359,
0,25.003555297851562,1.2998006343841553,4.929039001464844,4.890224933624268,24.036346121982206,29.68268711456157,-3.9271798133850098,1078,16,26,1,NOMINAL_OUTSIDE_CERTIFIED_SET,28.47315788269043,OUTBOUND,-19.85488510131836,-0.4007023835082361,
0,25.102161407470703,1.3001891374588013,4.984158992767334,4.933388710021973,24.0529898799723,29.670381282365344,-3.8761603832244873,1079,16,27,1,INSUFFICIENT_RECOVERY_RESERVE,19.408063888549805,OUTBOUND,-19.985076904296875,-0.41679776533515717,
0,25.14088249206543,1.300577163696289,4.935633659362793,4.873765468597412,24.07149465297698,29.658091219285424,-3.8905932903289795,1080,16,28,1,NOMINAL_OUTSIDE_CERTIFIED_SET,16.79766845703125,OUTBOUND,-19.979814529418945,-0.4321665769009355,
0,25.272781372070312,1.3009655475616455,9.48501968383789,9.424079895019531,24.08346906697261,29.64577790540708,-3.905933380126953,1081,16,29,1,INSUFFICIENT_RECOVERY_RESERVE,27.694963455200195,OUTBOUND,-20.15787696838379,-0.446415252115348,
0,25.271549224853516,1.3013547658920288,4.920085906982422,4.88754940032959,24.09843659697799,29.633506910735747,-3.919285774230957,1082,16,30,1,NOMINAL_OUTSIDE_CERTIFIED_SET,2.415048122406006,OUTBOUND,-20.150470733642578,-0.4450089327245283,
0,25.3762264251709,1.3017444610595703,4.867558002471924,4.839733600616455,24.116672483971342,29.62122663689649,-3.912384271621704,1083,16,31,1,NOMINAL_OUTSIDE_CERTIFIED_SET,2.7398409843444824,OUTBOUND,-20.263938903808594,-0.46872087013394953,
0,25.3209171295166,1.3021348714828491,4.610806465148926,4.544317722320557,24.13061985798413,29.608923547335518,-3.9180874824523926,1084,16,32,1,INSUFFICIENT_RECOVERY_RESERVE,1.5425496101379395,OUTBOUND,-20.210887908935547,-0.45437732085194815,
0,25.61983871459961,1.3025267124176025,4.89456844329834,4.845525741577148,24.278815762983868,29.596635938338235,-3.9377036094665527,1085,16,33,1,NOMINAL_OUTSIDE_CERTIFIED_SET,7.095538139343262,OUTBOUND,-20.467714309692383,-0.4665526832410082,
0,25.397977828979492,1.302918791770935,0.3631594777107239,0.39948391914367676,24.29002850098186,29.58432381481558,-3.9127352237701416,1086,16,34,1,INSUFFICIENT_RECOVERY_RESERVE,24.647918701171875,OUTBOUND,-20.257038116455078,-0.4778312540690794,
1,25.55246925354004,1.3033115863800049,4.966007232666016,4.919816970825195,24.306133435980882,29.572037734856824,-3.924787998199463,1087,16,35,0,,2.7529923915863037,OUTBOUND,-20.41909408569336,-0.439111275689156,
0,25.522064208984375,1.303705096244812,4.939192771911621,4.901790618896484,24.325773610995384,29.559755004428684,-3.925135374069214,1088,16,36,1,NOMINAL_OUTSIDE_CERTIFIED_SET,6.004989147186279,OUTBOUND,-20.380725860595703,-0.45296995093097425,
0,25.471160888671875,1.3041017055511475,9.641621589660645,9.540375709533691,24.341990465996787,29.547456130870312,-3.980260133743286,1089,16,37,1,INSUFFICIENT_RECOVERY_RESERVE,25.852481842041016,OUTBOUND,-20.3111572265625,-0.4619653890246124,
0,25.743183135986328,1.3044992685317993,4.921761989593506,4.874403953552246,24.357719444000395,29.535170469862827,-3.940863609313965,1090,16,38,1,NOMINAL_OUTSIDE_CERTIFIED_SET,4.136136531829834,OUTBOUND,-20.66341781616211,-0.47132179771530014,
0,25.384286880493164,1.3048968315124512,5.0290398597717285,4.987063407897949,24.377393666974967,29.52286665797966,-3.9199843406677246,1091,16,39,1,INSUFFICIENT_RECOVERY_RESERVE,6.120162487030029,OUTBOUND,-20.290374755859375,-0.4801115672733686,
1,25.3669490814209,1.3052940368652344,5.155318737030029,5.132472038269043,24.391769837995525,29.510602847428178,-3.909151315689087,1092,16,40,0,,6.1555495262146,OUTBOUND,-20.271066665649414,-0.46659143157976657,
0,25.304367065429688,1.3056910037994385,0.5319043397903442,0.5385984778404236,24.40695691999281,29.498316130575915,-3.9127190113067627,1093,16,41,1,INSUFFICIENT_RECOVERY_RESERVE,44.8939208984375,OUTBOUND,-20.127229690551758,-0.45461665318472944,
0,25.49700927734375,1.306087851524353,9.706733703613281,9.62811279296875,24.4245912359911,29.486041183982717,-3.910464286804199,1094,16,42,1,NOMINAL_OUTSIDE_CERTIFIED_SET,20.650428771972656,OUTBOUND,-20.35301971435547,-0.46639683266983006,
0,25.543394088745117,1.3064823150634766,5.0271196365356445,4.987921714782715,24.44342188097653,29.47374512365452,-3.862668514251709,1095,16,43,1,INSUFFICIENT_RECOVERY_RESERVE,1.4342783689498901,OUTBOUND,-20.476533889770508,-0.47719948047971456,
0,25.661903381347656,1.3068764209747314,4.716114521026611,4.646027088165283,24.5660756379948,29.46146571914136,-3.9013190269470215,1096,16,44,1,NOMINAL_OUTSIDE_CERTIFIED_SET,3.8527159690856934,OUTBOUND,-20.5478515625,-0.48653279008133166,
0,25.625598907470703,1.3072694540023804,9.853843688964844,9.786422729492188,24.581573314993875,29.44917660004158,-3.8862762451171875,1097,16,45,1,NO_GENERATOR_SET,30.071868896484375,OUTBOUND,-20.596332550048828,-0.5349078984764087,
0,25.837127685546875,1.3076645135879517,0.2669718265533447,0.2654370665550232,24.596156388986856,29.4368787278249,-3.951645612716675,1098,16,46,1,NO_GENERATOR_SET,30.505781173706055,OUTBOUND,-20.6580810546875,-0.5525879229369024,
0,25.640899658203125,1.3080594539642334,4.721243381500244,4.639308452606201,24.612077074998524,29.42457755377301,-3.9076132774353027,1099,16,47,1,NO_GENERATOR_SET,13.309388160705566,OUTBOUND,-20.492450714111328,-0.5466205020699961,
0,25.730979919433594,1.308453917503357,4.685293674468994,4.611083507537842,24.6293159959896,29.412268764482604,-3.9006507396698,1100,16,48,1,INSUFFICIENT_RECOVERY_RESERVE,4.338673114776611,OUTBOUND,-20.579545974731445,-0.5130417610712715,
1,25.51975440979004,1.3088480234146118,0.49130770564079285,0.5240378975868225,24.65056447099778,29.399996619078365,-3.8997321128845215,1101,16,49,0,,45.62944793701172,OUTBOUND,-20.31357192993164,-0.46712803736591385,
0,25.782957077026367,1.3092424869537354,10.104681015014648,10.020988464355469,24.66482693699072,29.387723802438263,-3.917083263397217,1102,16,50,1,NOMINAL_OUTSIDE_CERTIFIED_SET,32.550106048583984,OUTBOUND,-20.615812301635742,-0.48139355500652325,
0,25.673377990722656,1.3096327781677246,5.133482933044434,5.104822158813477,24.681966396979988,29.375430945605434,-3.80835223197937,1103,16,51,1,INSUFFICIENT_RECOVERY_RESERVE,5.249305725097656,OUTBOUND,-20.63332748413086,-0.4915506811423457,
1,25.89752197265625,1.310023307800293,0.42750903964042664,0.45353609323501587,24.701178109971806,29.363181694249818,-3.9037692546844482,1104,16,52,0,,7.369619369506836,OUTBOUND,-20.751628875732422,-0.4758187176117517,
1,25.867948532104492,1.310414433479309,14.326887130737305,14.143601417541504,24.718689248984447,29.350901655556264,-3.915546178817749,1105,16,53,0,,69.25273895263672,OUTBOUND,-20.840103149414062,-0.45734048050910053,
1,25.439058303833008,1.3108055591583252,10.097312927246094,10.01431941986084,24.73466890997952,29.33864019551492,-3.8979313373565674,1106,16,54,0,,19.393918991088867,OUTBOUND,-20.43334197998047,-0.4171893212856353,
0,25.940597534179688,1.311198353767395,0.4345015287399292,0.44446855783462524,24.754029185976833,29.326412825345752,-3.936558485031128,1107,16,55,1,NOMINAL_OUTSIDE_CERTIFIED_SET,35.639808654785156,OUTBOUND,-20.833683013916016,-0.4178894476888441,
0,25.95360565185547,1.3115911483764648,0.4059440791606903,0.42753756046295166,24.767667091975454,29.31418085896495,-3.9043869972229004,1108,16,56,1,NOMINAL_OUTSIDE_CERTIFIED_SET,30.158706665039062,OUTBOUND,-20.830537796020508,-0.4339574227301026,
0,25.90526008605957,1.3119832277297974,0.4296620786190033,0.42803966999053955,24.784309668990318,29.301949717074006,-3.885988712310791,1109,16,57,1,NOMINAL_OUTSIDE_CERTIFIED_SET,44.15222930908203,OUTBOUND,-20.712722778320312,-0.430664671130134,
0,25.95325469970703,1.3123760223388672,9.958944320678711,9.873558044433594,24.800405373971444,29.289725363511145,-3.9170212745666504,1110,16,58,1,NOMINAL_OUTSIDE_CERTIFIED_SET,19.319307327270508,OUTBOUND,-20.737558364868164,-0.413130941590485,
0,25.98883819580078,1.312767744064331,5.2588324546813965,5.2154622077941895,24.817319992987905,29.277511046759024,-3.8758068084716797,1111,16,59,1,NOMINAL_OUTSIDE_CERTIFIED_SET,3.829317092895508,OUTBOUND,-20.883615493774414,-0.3856745787201542,
0,25.82280921936035,1.3131595849990845,5.428511619567871,5.395946025848389,24.83197377799661,29.265310375604205,-3.903042793273926,1112,16,60,1,NOMINAL_OUTSIDE_CERTIFIED_SET,15.150592803955078,OUTBOUND,-20.662874221801758,-0.3518603616593574,
0,26.00455093383789,1.313551664352417,5.255305767059326,5.207551956176758,24.945832370984135,29.25312721390658,-3.9064199924468994,1113,16,61,1,NOMINAL_OUTSIDE_CERTIFIED_SET,11.820038795471191,OUTBOUND,-20.793502807617188,-0.3145620255350859,
1,26.347198486328125,1.3139452934265137,4.9120306968688965,4.832465171813965,24.959170237998478,29.24096453418807,-3.9337100982666016,1114,16,62,0,,6.675900459289551,OUTBOUND,-21.09612274169922,-0.27737028583351503,
1,26.26380157470703,1.3143393993377686,5.262417793273926,5.235647678375244,24.973380824987544,29.228802724676054,-3.91341495513916,1115,16,63,0,,18.72437286376953,OUTBOUND,-21.103626251220703,-0.22720595178637332,
1,26.279369354248047,1.314734697341919,0.3748754560947418,0.39411109685897827,24.98999754997203,29.216690871268653,-3.9353740215301514,1116,16,64,0,,14.716306686401367,OUTBOUND,-21.066238403320312,-0.21590766975638517,
0,26.35531234741211,1.315130352973938,0.28923389315605164,0.3052520155906677,25.010701928986236,29.20455178049291,-3.9100143909454346,1117,16,65,1,NOMINAL_OUTSIDE_CERTIFIED_SET,22.8455810546875,OUTBOUND,-21.118820190429688,-0.2132332381006802,
0,26.50400161743164,1.3155254125595093,5.377748012542725,5.335232257843018,25.028529614995932,29.192441763672527,-3.8970398902893066,1118,16,66,1,NOMINAL_OUTSIDE_CERTIFIED_SET,24.77381706237793,OUTBOUND,-21.35613250732422,-0.16901727934441496,
0,26.578489303588867,1.3159211874008179,0.23927876353263855,0.24508187174797058,25.04700168297859,29.18035716320333,-3.9179372787475586,1119,16,67,1,NOMINAL_OUTSIDE_CERTIFIED_SET,5.168995380401611,OUTBOUND,-21.41105842590332,-0.1306362117025428,
0,26.260644912719727,1.3163176774978638,5.46966028213501,5.4281134605407715,25.064436482993187,29.168294280860085,-3.927884101867676,1120,16,68,1,NOMINAL_OUTSIDE_CERTIFIED_SET,19.98212432861328,FAILURE,-21.091625213623047,-0.0979537086797023,
0,26.188247680664062,1.316714882850647,15.525930404663086,15.362359046936035,25.08514274598565,29.9879676,-3.9203872680664062,1121,17,1,1,NOMINAL_OUTSIDE_CERTIFIED_SET,72.592529296875,OUTBOUND,-21.15265464782715,-0.01020132358994201,
0,26.158235549926758,1.3171113729476929,5.3125505447387695,5.277174949645996,25.099050664983224,29.9758992,-3.896296977996826,1122,17,2,1,NOMINAL_OUTSIDE_CERTIFIED_SET,10.527584075927734,OUTBOUND,-21.102828979492188,-0.01133557945106046,
0,25.93939208984375,1.3175079822540283,0.505599856376648,0.5412733554840088,25.118056149978656,29.963794800000002,-3.9075424671173096,1123,17,3,1,NOMINAL_OUTSIDE_CERTIFIED_SET,42.74601745605469,OUTBOUND,-20.783044815063477,-0.015383460743156973,
0,25.973398208618164,1.3179049491882324,10.431676864624023,10.329176902770996,25.131467596977018,29.951654400000002,-3.916017770767212,1124,17,4,1,NOMINAL_OUTSIDE_CERTIFIED_SET,5.898387432098389,OUTBOUND,-20.868459701538086,-0.024272287792003466,
1,25.9963321685791,1.318302035331726,5.480574131011963,5.454268455505371,25.1459512039728,29.939501377175183,-3.912081241607666,1125,17,5,0,,29.139711380004883,OUTBOUND,-20.79367446899414,-0.020390450246639616,
0,26.152246475219727,1.318699598312378,10.422571182250977,10.343368530273438,25.261988531972747,29.927295508346802,-3.918637275695801,1126,17,6,1,NOMINAL_OUTSIDE_CERTIFIED_SET,10.896665573120117,OUTBOUND,-20.977317810058594,-0.02643466362866883,
0,26.16874122619629,1.3190957307815552,5.397000312805176,5.347372055053711,25.27561282698298,29.9150598977898,-3.876021146774292,1127,17,7,1,NOMINAL_OUTSIDE_CERTIFIED_SET,23.88903045654297,OUTBOUND,-21.01708221435547,-0.06388977465904537,
0,26.173919677734375,1.3194918632507324,5.503406524658203,5.453811168670654,25.291296213981695,29.90279341894295,-3.9029674530029297,1128,17,8,1,NOMINAL_OUTSIDE_CERTIFIED_SET,27.18339729309082,OUTBOUND,-20.932571411132812,-0.10981611540541407,
1,26.08000946044922,1.3198847770690918,15.490605354309082,15.370464324951172,25.31101538997609,29.89051766104518,-3.8328897953033447,1129,17,9,0,,44.322105407714844,OUTBOUND,-21.038692474365234,-0.15162512272438494,
1,26.447437286376953,1.3202784061431885,0.47254109382629395,0.45907366275787354,25.329293011978734,29.878255207873764,-3.9130091667175293,1130,17,10,0,,44.26393127441406,OUTBOUND,-21.22325897216797,-0.15991868839235632,
1,26.3830509185791,1.3206733465194702,0.6115713715553284,0.6168352365493774,25.35058046798804,29.865975720481433,-3.9284439086914062,1131,17,11,0,,52.697052001953125,OUTBOUND,-21.03221893310547,-0.1560319233645655,
0,26.768136978149414,1.321070671081543,5.5074872970581055,5.472291946411133,25.36752241998329,29.85373187222711,-3.9554944038391113,1132,17,12,1,NOMINAL_OUTSIDE_CERTIFIED_SET,5.860794544219971,OUTBOUND,-21.450305938720703,-0.17762223860719292,
0,27.046127319335938,1.3214691877365112,0.36197248101234436,0.3817179501056671,25.389925044990378,29.841457185759086,-3.937194347381592,1133,17,13,1,NOMINAL_OUTSIDE_CERTIFIED_SET,2.0682218074798584,OUTBOUND,-21.737333297729492,-0.23121405694881303,
0,27.110557556152344,1.3218685388565063,0.28843462467193604,0.29999953508377075,25.40754057597951,29.829168975057186,-3.924342155456543,1134,17,14,1,INSUFFICIENT_RECOVERY_RESERVE,7.967581272125244,OUTBOUND,-21.838085174560547,-0.2627485830286172,
1,27.116975784301758,1.322267770767212,0.29734888672828674,0.3047131597995758,25.428304869972635,29.816898561874694,-3.910841464996338,1135,17,15,0,,20.603853225708008,OUTBOUND,-21.894033432006836,-0.24132024250428452,
0,26.9484806060791,1.3226666450500488,5.5310492515563965,5.4671430587768555,25.448490482987836,29.80464066130148,-3.901332378387451,1136,17,16,1,NOMINAL_OUTSIDE_CERTIFIED_SET,36.407047271728516,OUTBOUND,-21.811214447021484,-0.25711947615531167,
1,26.792593002319336,1.3230642080307007,5.7272562980651855,5.667686462402344,25.56773692497518,29.79238513001162,-3.880002498626709,1137,17,17,0,,36.87273406982422,OUTBOUND,-21.722576141357422,-0.3052804641604129,
0,26.858346939086914,1.3234620094299316,0.29717230796813965,0.3129492402076721,25.585871890973067,29.780106068715174,-3.911623954772949,1138,17,18,1,NOMINAL_OUTSIDE_CERTIFIED_SET,2.889171600341797,OUTBOUND,-21.748676300048828,-0.34984968002265054,
0,26.894588470458984,1.3238589763641357,0.26032620668411255,0.269850492477417,25.6026251159783,29.76780391304328,-3.8851003646850586,1139,17,19,1,INSUFFICIENT_RECOVERY_RESERVE,7.991548538208008,OUTBOUND,-21.808765411376953,-0.3709914053403091,
1,26.688491821289062,1.3242573738098145,5.137096405029297,5.064651966094971,25.623048596986337,29.75554355226643,-3.9380857944488525,1140,17,20,0,,3.291531562805176,OUTBOUND,-21.519241333007812,-0.3531629585759378,
0,26.808931350708008,1.3246545791625977,5.522556781768799,5.467382431030273,25.643648888973985,29.743253965784113,-3.8776631355285645,1141,17,21,1,NOMINAL_OUTSIDE_CERTIFIED_SET,4.451704025268555,OUTBOUND,-21.73259735107422,-0.3843541281139191,
0,26.40253257751465,1.325053095817566,15.943442344665527,15.799383163452148,25.657544369983952,29.730949458359262,-3.935274124145508,1142,17,22,1,INSUFFICIENT_RECOVERY_RESERVE,43.491233825683594,OUTBOUND,-21.317983627319336,-0.4059528962813808,
1,26.359046936035156,1.3254516124725342,5.517002582550049,5.478334426879883,25.67111580297933,29.718673884218802,-3.9068751335144043,1143,17,23,0,,34.42198944091797,OUTBOUND,-21.23078155517578,-0.3903399683547742,
0,26.532299041748047,1.3258496522903442,5.593137264251709,5.544425964355469,25.684471136977663,29.706358977156146,-3.895427703857422,1144,17,24,1,INSUFFICIENT_RECOVERY_RESERVE,32.531070709228516,OUTBOUND,-21.38133430480957,-0.3770788628197707,
1,26.475574493408203,1.3262485265731812,5.6915364265441895,5.623358249664307,25.701960737991612,29.69406804442207,-3.9250316619873047,1145,17,25,0,,39.939300537109375,OUTBOUND,-21.225509643554688,-0.33791368126631466,
1,26.67012596130371,1.3266496658325195,10.492396354675293,10.34895133972168,25.71663465499296,29.681786151494162,-3.9586775302886963,1146,17,26,0,,6.188965797424316,OUTBOUND,-21.391380310058594,-0.3293897853379081,
0,26.72243309020996,1.3270503282546997,15.370677947998047,15.19930362701416,25.734346591983922,29.669510881372748,-3.9011502265930176,1147,17,27,1,NOMINAL_OUTSIDE_CERTIFIED_SET,32.1591796875,OUTBOUND,-21.556415557861328,-0.37407088645554015,
0,26.595304489135742,1.3274494409561157,5.67952823638916,5.628057479858398,25.750922711973544,29.657245587378387,-3.871544599533081,1148,17,28,1,NOMINAL_OUTSIDE_CERTIFIED_SET,26.715545654296875,OUTBOUND,-21.40485954284668,-0.4179964652132864,
0,26.909221649169922,1.3278512954711914,0.539769172668457,0.5418809652328491,25.772446088987635,29.644957956000734,-3.972978353500366,1149,17,29,1,NOMINAL_OUTSIDE_CERTIFIED_SET,50.455841064453125,OUTBOUND,-21.524059295654297,-0.4709452003335971,
0,26.761741638183594,1.3282523155212402,10.69828987121582,10.622937202453613,25.79150939898682,29.632641706414045,-3.892827033996582,1150,17,30,1,INSUFFICIENT_RECOVERY_RESERVE,8.095793724060059,OUTBOUND,-21.486730575561523,-0.4868633644820435,
1,27.20569610595703,1.3286542892456055,0.3175209164619446,0.3263512849807739,25.807884259993443,29.62034685059657,-3.933119773864746,1151,17,31,0,,31.46927833557129,OUTBOUND,-21.836366653442383,-0.4335557800967608,
0,27.345273971557617,1.329056978225708,5.622879981994629,5.571237564086914,25.82307013499667,29.608069840256704,-3.9262099266052246,1152,17,32,1,NOMINAL_OUTSIDE_CERTIFIED_SET,7.293485164642334,OUTBOUND,-22.019651412963867,-0.4412695233540317,
0,27.48698616027832,1.3294576406478882,0.2419963926076889,0.25185155868530273,25.835126301972196,29.595778006298644,-3.8694188594818115,1153,17,33,1,INSUFFICIENT_RECOVERY_RESERVE,10.058534622192383,OUTBOUND,-22.2220401763916,-0.4577514651710895,
0,27.263134002685547,1.3298592567443848,11.0278902053833,10.917448997497559,25.94122059797519,29.583497139569715,-3.930772066116333,1154,17,34,1,NOMINAL_OUTSIDE_CERTIFIED_SET,51.69833755493164,OUTBOUND,-22.014284133911133,-0.4724795359461236,
0,27.405574798583984,1.3302613496780396,5.744721412658691,5.6940083503723145,25.95625448098872,29.571190532985707,-3.9203667640686035,1155,17,35,1,INSUFFICIENT_RECOVERY_RESERVE,33.91303634643555,OUTBOUND,-22.2793025970459,-0.4857292179534044,
0,27.368330001831055,1.330664873123169,5.725217819213867,5.670732498168945,25.972937625978375,29.558898360429495,-3.944239377975464,1156,17,36,1,NOMINAL_OUTSIDE_CERTIFIED_SET,27.914783477783203,OUTBOUND,-22.222131729125977,-0.4976535509253593,
0,26.813833236694336,1.3310672044754028,16.41848373413086,16.250986099243164,25.98681220097933,29.54658030073003,-3.8878612518310547,1157,17,37,1,INSUFFICIENT_RECOVERY_RESERVE,64.35868835449219,OUTBOUND,-21.82304573059082,-0.5084471649969923,
0,26.923860549926758,1.331470012664795,5.639962673187256,5.6175537109375,26.00630670497776,29.53427935089114,-3.921675205230713,1158,17,38,1,NOMINAL_OUTSIDE_CERTIFIED_SET,10.050068855285645,OUTBOUND,-21.806102752685547,-0.5182662545500555,
0,26.574995040893555,1.3318718671798706,16.41571044921875,16.248315811157227,26.02626073799911,29.52195000032187,-3.8923099040985107,1159,17,39,1,INSUFFICIENT_RECOVERY_RESERVE,39.20221710205078,OUTBOUND,-21.571998596191406,-0.5272052001088645,
0,26.67264175415039,1.332275152206421,10.878768920898438,10.798527717590332,26.043110992992297,29.5096456793897,-3.940713405609131,1160,17,40,1,NOMINAL_OUTSIDE_CERTIFIED_SET,28.79296875,OUTBOUND,-21.576276779174805,-0.5324580716927888,
0,26.512210845947266,1.3326780796051025,1.2972818613052368,1.3484143018722534,26.056847903993912,29.497311368051406,-3.9042294025421143,1161,17,41,1,INSUFFICIENT_RECOVERY_RESERVE,106.318603515625,OUTBOUND,-21.267797470092773,-0.5372747378567466,
0,26.516193389892578,1.333079218864441,11.18617057800293,11.103028297424316,26.071113934973255,29.48502648964369,-3.873173236846924,1162,17,42,1,NOMINAL_OUTSIDE_CERTIFIED_SET,50.0517692565918,OUTBOUND,-21.241466522216797,-0.5221301509076688,
0,27.013723373413086,1.3334813117980957,5.968624114990234,5.889493465423584,26.08477051599766,29.472732233352268,-3.9279751777648926,1163,17,43,1,NOMINAL_OUTSIDE_CERTIFIED_SET,65.12171173095703,OUTBOUND,-21.55278778076172,-0.5334128639000854,
0,27.265560150146484,1.3338837623596191,5.967149257659912,5.8856940269470215,26.100076824979624,29.460420204356694,-3.9159903526306152,1164,17,44,1,INSUFFICIENT_RECOVERY_RESERVE,44.25651168823242,OUTBOUND,-21.757099151611328,-0.5073525395495507,
0,27.249366760253906,1.3342856168746948,5.478945255279541,5.387781143188477,26.119826229987666,29.448124018017587,-3.8968722820281982,1165,17,45,1,NOMINAL_OUTSIDE_CERTIFIED_SET,27.823152542114258,OUTBOUND,-21.76120376586914,-0.515667173970392,
0,28.010517120361328,1.3346855640411377,0.31687629222869873,0.3296893835067749,26.13380351298838,29.43580480586774,-3.8666419982910156,1166,17,46,1,INSUFFICIENT_RECOVERY_RESERVE,5.663051605224609,OUTBOUND,-22.5953369140625,-0.5232983227495503,
0,27.93882179260254,1.3350845575332642,0.30843961238861084,0.33353281021118164,26.25731636499404,29.423503192994854,-3.8788697719573975,1167,17,47,1,NOMINAL_OUTSIDE_CERTIFIED_SET,9.31452751159668,OUTBOUND,-22.568634033203125,-0.5308402313220804,
0,28.0091495513916,1.33547842502594,0.3489625155925751,0.37645983695983887,26.277647393988445,29.41117796768013,-3.7848868370056152,1168,17,48,1,INSUFFICIENT_RECOVERY_RESERVE,31.95613670349121,OUTBOUND,-22.82765769958496,-0.5377667452089633,
0,28.023605346679688,1.3358745574951172,12.013503074645996,11.923457145690918,26.300195438991068,29.39889761454702,-3.9414830207824707,1169,17,49,1,NOMINAL_OUTSIDE_CERTIFIED_SET,105.66114807128906,OUTBOUND,-22.848133087158203,-0.5260995347880087,
1,27.90890121459961,1.3362714052200317,6.144455909729004,6.059035301208496,26.317419544997392,29.386591657393534,-3.908384084701538,1170,17,50,0,,66.34160614013672,OUTBOUND,-22.8121280670166,-0.5447844227007868,
0,27.70047950744629,1.3366683721542358,5.52283239364624,5.378106117248535,26.337305536988424,29.3742756938544,-3.898825168609619,1171,17,51,1,NO_GENERATOR_SET,51.274261474609375,OUTBOUND,-22.684450149536133,-0.5400944215988047,
0,27.840072631835938,1.3370646238327026,0.3288411796092987,0.32760801911354065,26.35142092697788,29.361973279648137,-3.8778133392333984,1172,17,52,1,NOMINAL_OUTSIDE_CERTIFIED_SET,11.268977165222168,OUTBOUND,-22.84568214416504,-0.5167284034848176,
0,27.26079559326172,1.3374625444412231,5.935093402862549,5.901895046234131,26.370366983988788,29.349690572653575,-3.9320499897003174,1173,17,53,1,NOMINAL_OUTSIDE_CERTIFIED_SET,6.86082649230957,OUTBOUND,-22.229690551757812,-0.48116112103978,
0,27.18590545654297,1.33786141872406,10.792939186096191,10.641308784484863,26.38524289097404,29.337432480475897,-3.91811466217041,1174,17,54,1,NOMINAL_OUTSIDE_CERTIFIED_SET,12.041905403137207,OUTBOUND,-22.1463680267334,-0.43784541154641177,
1,26.946365356445312,1.3382627964019775,6.219839096069336,6.257739543914795,26.40634913399117,29.325206615941514,-3.956162929534912,1175,17,55,0,,56.78913879394531,OUTBOUND,-21.76205825805664,-0.4266111800043633,
1,27.336631774902344,1.3386646509170532,0.7244813442230225,0.7668625116348267,26.419984419975663,29.312949432322387,-3.915926456451416,1176,17,56,0,,73.5968017578125,OUTBOUND,-22.039138793945312,-0.42573539431630053,
0,27.35621452331543,1.339066743850708,6.0641679763793945,5.981952667236328,26.435341872973368,29.300668783419038,-3.912095785140991,1177,17,57,1,NOMINAL_OUTSIDE_CERTIFIED_SET,54.570068359375,OUTBOUND,-21.98876190185547,-0.37610447990286006,
1,27.513919830322266,1.339469313621521,11.370567321777344,11.23901653289795,26.45527858598507,29.288433130860497,-3.9146103858947754,1178,17,58,0,,16.091991424560547,OUTBOUND,-22.083585739135742,-0.31156823255245886,
1,27.580486297607422,1.3398716449737549,0.7158808708190918,0.6333655118942261,26.57889000099385,29.276245401735128,-3.899984836578369,1179,17,59,0,,61.13441848754883,OUTBOUND,-22.118629455566406,-0.28560928774171046,
1,27.55788803100586,1.3402750492095947,16.9420108795166,16.865222930908203,26.592709770979127,29.26403878651449,-3.9308362007141113,1180,17,60,0,,45.41358947753906,OUTBOUND,-22.192955017089844,-0.31300493702164284,
0,27.905139923095703,1.3406776189804077,16.97361183166504,16.92392349243164,26.607049251993885,29.251764303035447,-3.888692617416382,1181,17,61,1,NOMINAL_OUTSIDE_CERTIFIED_SET,72.26880645751953,OUTBOUND,-22.693323135375977,-0.29772602674933624,
0,27.904216766357422,1.3410799503326416,5.912868022918701,5.873116970062256,26.621015272976365,29.239558687819958,-3.8998429775238037,1182,17,62,1,NOMINAL_OUTSIDE_CERTIFIED_SET,12.748638153076172,OUTBOUND,-22.722373962402344,-0.21698199885027147,
0,28.187915802001953,1.341483473777771,0.26872149109840393,0.2654205858707428,26.638948223990155,29.227416690499286,-3.9312758445739746,1183,17,63,1,NOMINAL_OUTSIDE_CERTIFIED_SET,26.56034278869629,FAILURE,-22.898906707763672,-0.13963597650659446,
1,27.995494842529297,1.3418861627578735,5.8261003494262695,5.780900955200195,26.657594406977296,29.987986846819712,-3.8877971172332764,1184,18,1,0,,1.6235905885696411,OUTBOUND,-22.73529052734375,-0.01927470950792884,
0,27.723888397216797,1.3422902822494507,5.97715950012207,5.966590881347656,26.67151137799374,29.975917707948305,-3.9373648166656494,1185,18,2,1,NOMINAL_OUTSIDE_CERTIFIED_SET,17.973665237426758,OUTBOUND,-22.417892456054688,-0.025686376082704066,
0,27.68568229675293,1.3426926136016846,11.578603744506836,11.458394050598145,26.68797064499813,29.963856845486294,-3.8691909313201904,1186,18,3,1,NOMINAL_OUTSIDE_CERTIFIED_SET,23.948535919189453,OUTBOUND,-22.480331420898438,-0.02082521311323287,
0,27.820768356323242,1.3430960178375244,6.035452842712402,6.010112285614014,26.70217130999663,29.951764188797142,-3.926872730255127,1187,18,4,1,NOMINAL_OUTSIDE_CERTIFIED_SET,6.126382827758789,OUTBOUND,-22.58005714416504,-0.018720688746957512,
0,28.018470764160156,1.343500018119812,11.327428817749023,11.15721607208252,26.718792830972234,29.939638910560223,-3.917618989944458,1188,18,5,1,NOMINAL_OUTSIDE_CERTIFIED_SET,26.20768165588379,OUTBOUND,-22.834314346313477,-0.02120940697789132,
1,27.780872344970703,1.343906283378601,5.634050369262695,5.586544036865234,26.740442329988582,29.92748691224318,-3.957404136657715,1189,18,6,0,,24.93768882751465,OUTBOUND,-22.476398468017578,-0.0027339001429037457,
1,27.934654235839844,1.3443119525909424,0.44117236137390137,0.4843824803829193,26.76372419297695,29.91528932321761,-3.9017786979675293,1190,18,7,0,,40.581329345703125,OUTBOUND,-22.65928077697754,-0.01481224339929337,
0,27.786779403686523,1.3447157144546509,5.608118534088135,5.523088455200195,26.77963655698113,29.903106176767512,-3.8652610778808594,1191,18,8,1,NOMINAL_OUTSIDE_CERTIFIED_SET,29.219633102416992,OUTBOUND,-22.466028213500977,-0.058659384440686545,
1,27.970340728759766,1.3451182842254639,17.087427139282227,16.972347259521484,26.798179534991505,29.890888400632097,-3.876581907272339,1192,18,9,0,,67.65624237060547,OUTBOUND,-22.761445999145508,-0.08847881136057001,
0,28.136390686035156,1.3455206155776978,0.4483257234096527,0.45037540793418884,26.81231229097466,29.87868504683195,-3.895648241043091,1193,18,10,1,NOMINAL_OUTSIDE_CERTIFIED_SET,26.050189971923828,OUTBOUND,-22.87774658203125,-0.11343513127680005,
0,28.398534774780273,1.3459223508834839,0.3323335647583008,0.2835845947265625,26.82774838898331,29.8664503239421,-3.889821767807007,1194,18,11,1,NOMINAL_OUTSIDE_CERTIFIED_SET,33.05851364135742,OUTBOUND,-23.10882568359375,-0.13700224695784072,
0,28.246532440185547,1.3463256359100342,6.088230133056641,6.044861316680908,26.93740624599741,29.854194275190718,-3.9355669021606445,1195,18,12,1,NOMINAL_OUTSIDE_CERTIFIED_SET,7.784877300262451,OUTBOUND,-22.914379119873047,-0.16933997872042142,
0,27.86115837097168,1.3467280864715576,17.40105438232422,17.24103546142578,26.951463341974886,29.841929708568802,-3.8858137130737305,1196,18,13,1,NOMINAL_OUTSIDE_CERTIFIED_SET,50.77290725708008,OUTBOUND,-22.661178588867188,-0.203004816634695,
1,27.935958862304688,1.3471307754516602,6.1359782218933105,6.082923412322998,26.966504124982748,29.829635573514594,-3.9019722938537598,1197,18,14,0,,1.269866943359375,OUTBOUND,-22.72974967956543,-0.24603843215747373,
0,28.00492286682129,1.3475322723388672,11.56326675415039,11.433029174804688,26.984326346981106,29.817320325713464,-3.8774843215942383,1198,18,15,1,NOMINAL_OUTSIDE_CERTIFIED_SET,28.765369415283203,OUTBOUND,-22.87820816040039,-0.2905172254079905,
0,27.776931762695312,1.3479350805282593,0.744853675365448,0.8229232430458069,26.9982269309985,29.80499505639828,-3.9261844158172607,1199,18,16,1,INSUFFICIENT_RECOVERY_RESERVE,66.76380157470703,OUTBOUND,-22.44040870666504,-0.3068057183410746,
0,27.834089279174805,1.3483343124389648,17.450525283813477,17.23186492919922,27.01878711298923,29.792686730267974,-3.8208909034729004,1200,18,17,1,NOMINAL_OUTSIDE_CERTIFIED_SET,46.82810592651367,OUTBOUND,-22.775169372558594,-0.32419272547703604,
0,28.312835693359375,1.3487344980239868,0.44413453340530396,0.48855945467948914,27.033334128995193,29.78036436843922,-3.912703514099121,1201,18,18,1,INSUFFICIENT_RECOVERY_RESERVE,47.037681579589844,OUTBOUND,-23.015256881713867,-0.3414189955142417,
0,28.243206024169922,1.3491346836090088,0.653548002243042,0.7194757461547852,27.05152853098116,29.76807616790748,-3.895581007003784,1202,18,19,1,INSUFFICIENT_RECOVERY_RESERVE,60.80951690673828,OUTBOUND,-22.89114761352539,-0.32446251203141663,
0,28.125381469726562,1.349536657333374,16.966716766357422,16.726226806640625,27.07103394099977,29.755799053346838,-3.9330296516418457,1203,18,20,1,NOMINAL_OUTSIDE_CERTIFIED_SET,43.3079948425293,OUTBOUND,-22.793903350830078,-0.3397142014983845,
0,28.71234703063965,1.349940538406372,0.46669745445251465,0.48524194955825806,27.08651112698135,29.743507114610846,-3.943509101867676,1204,18,21,1,INSUFFICIENT_RECOVERY_RESERVE,28.39471435546875,OUTBOUND,-23.330007553100586,-0.354758840601296,
0,28.472970962524414,1.350346565246582,17.47565460205078,17.318721771240234,27.105484127998352,29.731228216751468,-3.949399948120117,1205,18,22,1,NOMINAL_OUTSIDE_CERTIFIED_SET,73.24324798583984,OUTBOUND,-23.216432571411133,-0.3707351872662124,
0,28.466550827026367,1.3507558107376099,11.77869701385498,11.65882682800293,27.122408827999607,29.718920994208933,-3.9780523777008057,1206,18,23,1,INSUFFICIENT_RECOVERY_RESERVE,28.072282791137695,OUTBOUND,-23.21843719482422,-0.3860935466869942,
0,28.262903213500977,1.351167917251587,11.694123268127441,11.583889961242676,27.145959112996934,29.706629693405585,-3.9821553230285645,1207,18,24,1,NOMINAL_OUTSIDE_CERTIFIED_SET,15.625418663024902,OUTBOUND,-23.01340103149414,-0.40196167541428707,
0,27.89405632019043,1.3515784740447998,0.9436825513839722,0.9558173418045044,27.272508931986522,29.694310324484388,-3.8809337615966797,1208,18,25,1,INSUFFICIENT_RECOVERY_RESERVE,77.93482208251953,OUTBOUND,-22.6330623626709,-0.4169435279876442,
0,28.315921783447266,1.3519889116287231,0.7154403328895569,0.7181649208068848,27.28643369997735,29.682018300449787,-3.915161609649658,1209,18,26,1,NOMINAL_OUTSIDE_CERTIFIED_SET,62.652347564697266,OUTBOUND,-22.9415340423584,-0.4278491131761072,
0,28.762144088745117,1.3524004220962524,0.5727319121360779,0.557039201259613,27.300126221991377,29.669695577713693,-3.941720485687256,1210,18,27,1,INSUFFICIENT_RECOVERY_RESERVE,48.89228057861328,OUTBOUND,-23.24266242980957,-0.4378970600997566,
1,28.473552703857422,1.3528112173080444,11.958219528198242,11.84172534942627,27.32099967598333,29.657410514727626,-3.899822473526001,1211,18,28,0,,24.69476890563965,OUTBOUND,-23.081623077392578,-0.40556053041087287,
1,28.95633888244629,1.3532226085662842,6.222645282745361,6.172232151031494,27.341478004993405,29.645093253621926,-3.9282917976379395,1212,18,29,0,,17.51184844970703,OUTBOUND,-23.597925186157227,-0.3951573569138497,
0,28.595020294189453,1.3536330461502075,6.164094924926758,6.122673511505127,27.35409671999514,29.63274623668746,-3.8985555171966553,1213,18,30,1,INSUFFICIENT_RECOVERY_RESERVE,12.821537971496582,OUTBOUND,-23.28194808959961,-0.38465734336061863,
0,28.7750301361084,1.3540420532226562,0.4776171147823334,0.5005223751068115,27.368855159991654,29.620413408959024,-3.8799338340759277,1214,18,31,1,NOMINAL_OUTSIDE_CERTIFIED_SET,11.586441040039062,OUTBOUND,-23.436559677124023,-0.41182572299628784,
0,28.89142608642578,1.3544490337371826,6.1913909912109375,6.153918266296387,27.38493454499985,29.60807729820744,-3.8658087253570557,1215,18,32,1,INSUFFICIENT_RECOVERY_RESERVE,20.986587524414062,OUTBOUND,-23.62265968322754,-0.4356760203134814,
1,28.888530731201172,1.3548572063446045,0.4213308095932007,0.43719908595085144,27.398653958982322,29.595761215187554,-3.9318175315856934,1216,18,33,0,,12.573906898498535,OUTBOUND,-23.53827667236328,-0.39955849863857146,
0,28.822036743164062,1.355267882347107,0.42351412773132324,0.4554240107536316,27.41908149298979,29.5834876558421,-3.965350389480591,1217,18,34,1,NOMINAL_OUTSIDE_CERTIFIED_SET,17.18984603881836,OUTBOUND,-23.398632049560547,-0.41962311920214646,
1,29.39563751220703,1.3556793928146362,0.3488604724407196,0.36276766657829285,27.436366409994662,29.571194520172664,-3.9346046447753906,1218,18,35,0,,20.118709564208984,OUTBOUND,-24.064443588256836,-0.4329154433870665,
0,29.014583587646484,1.3560917377471924,6.26315450668335,6.211892127990723,27.453031989978626,29.55892506303702,-3.9352715015411377,1219,18,36,1,NOMINAL_OUTSIDE_CERTIFIED_SET,25.825908660888672,OUTBOUND,-23.66080093383789,-0.4440834940990804,
0,28.94570541381836,1.3565034866333008,0.41922640800476074,0.4474821090698242,27.575665280979592,29.546637587118653,-3.899796724319458,1220,18,37,1,INSUFFICIENT_RECOVERY_RESERVE,8.750106811523438,OUTBOUND,-23.65739631652832,-0.457950381116265,
1,28.961259841918945,1.3569145202636719,6.191473960876465,6.150951862335205,27.59060843597399,29.534380419038882,-3.9018354415893555,1221,18,38,0,,18.319236755371094,OUTBOUND,-23.707454681396484,-0.4424821762109636,
0,28.737171173095703,1.3573259115219116,6.411171913146973,6.358295917510986,27.60331683399272,29.52206906593008,-3.9231514930725098,1222,18,39,1,NOMINAL_OUTSIDE_CERTIFIED_SET,16.10283851623535,OUTBOUND,-23.448530197143555,-0.48746680335160547,
0,29.231380462646484,1.3577368259429932,6.25555419921875,6.195925235748291,27.61504425597377,29.509750696604126,-3.902662515640259,1223,18,40,1,INSUFFICIENT_RECOVERY_RESERVE,32.147377014160156,OUTBOUND,-24.0300350189209,-0.5010432407982993,
0,28.575942993164062,1.3581477403640747,12.331324577331543,12.229681968688965,27.629984785977285,29.497448482110048,-3.913376808166504,1224,18,41,1,NOMINAL_OUTSIDE_CERTIFIED_SET,21.307775497436523,OUTBOUND,-23.397258758544922,-0.5133754014419553,
0,28.685028076171875,1.3585567474365234,0.4991719126701355,0.5251144170761108,27.644510427984642,29.48512879979881,-3.8673057556152344,1225,18,42,1,INSUFFICIENT_RECOVERY_RESERVE,48.96453857421875,OUTBOUND,-23.467235565185547,-0.5244256634748272,
0,28.927818298339844,1.358965277671814,0.5393375158309937,0.5514830946922302,27.659192664985312,29.472853719663608,-3.8978934288024902,1226,18,43,1,NOMINAL_OUTSIDE_CERTIFIED_SET,61.682289123535156,OUTBOUND,-23.52417755126953,-0.5152132104738824,
0,28.856306076049805,1.3593730926513672,0.697812557220459,0.7116705775260925,27.678654421993997,29.460567038194462,-3.8915395736694336,1227,18,44,1,NOMINAL_OUTSIDE_CERTIFIED_SET,67.02000427246094,OUTBOUND,-23.337453842163086,-0.5351961088251856,
0,29.045188903808594,1.3597819805145264,18.140531539916992,17.968509674072266,27.69593927299138,29.44825427327193,-3.928306818008423,1228,18,45,1,INSUFFICIENT_RECOVERY_RESERVE,53.54790496826172,OUTBOUND,-23.672388076782227,-0.5126476363653809,
1,29.056472778320312,1.3601930141448975,5.87267541885376,5.794071197509766,27.717874270980246,29.435976865053163,-3.956624984741211,1229,18,46,0,,2.0003414154052734,OUTBOUND,-23.631576538085938,-0.4718484487839217,
1,29.222848892211914,1.3606024980545044,0.3658207058906555,0.3710731863975525,27.733575364982244,29.423708428460156,-3.875682830810547,1230,18,47,0,,27.256576538085938,OUTBOUND,-23.891706466674805,-0.4389006947532907,
1,29.212535858154297,1.3610116243362427,6.421621799468994,6.364964962005615,27.752606792986626,29.411424058710526,-3.898749351501465,1231,18,48,0,,19.164955139160156,OUTBOUND,-23.815977096557617,-0.40161644215850206,
0,28.959630966186523,1.3614193201065063,5.847044944763184,5.753440856933594,27.77241999199032,29.399179256625782,-3.875148057937622,1232,18,49,1,NOMINAL_OUTSIDE_CERTIFIED_SET,2.9868695735931396,OUTBOUND,-23.620203018188477,-0.4190197429588562,
0,29.205196380615234,1.3618264198303223,6.4666595458984375,6.414743423461914,27.796715054981178,29.386908282313577,-3.8895349502563477,1233,18,50,1,NOMINAL_OUTSIDE_CERTIFIED_SET,16.93716812133789,OUTBOUND,-23.91897201538086,-0.4891685230958807,
1,29.28516960144043,1.362234354019165,11.83194637298584,11.642411231994629,27.819782626000233,29.374611910144484,-3.9230263233184814,1234,18,51,0,,48.947811126708984,OUTBOUND,-24.000308990478516,-0.5014424468015372,
0,29.067047119140625,1.3626426458358765,12.363004684448242,12.213367462158203,27.839753304986516,29.362351789270136,-3.9091949462890625,1235,18,52,1,NOMINAL_OUTSIDE_CERTIFIED_SET,38.3400993347168,OUTBOUND,-23.87958526611328,-0.493119811531732,
0,29.23492431640625,1.363050103187561,0.38514092564582825,0.4175092577934265,27.85777071499615,29.35008795154271,-3.883953332901001,1236,18,53,1,NOMINAL_OUTSIDE_CERTIFIED_SET,35.80548858642578,OUTBOUND,-23.97479248046875,-0.5061724688619448,
0,29.332298278808594,1.3634581565856934,0.390105664730072,0.4241918921470642,27.96250482398318,29.337817398207466,-3.915480613708496,1237,18,54,1,NOMINAL_OUTSIDE_CERTIFIED_SET,47.143218994140625,OUTBOUND,-24.03814125061035,-0.497981280946777,
1,29.322795867919922,1.3638644218444824,6.433237552642822,6.377590656280518,27.97829423699295,29.325545148762874,-3.862459421157837,1238,18,55,0,,9.192667007446289,OUTBOUND,-24.019622802734375,-0.4785720552447263,
0,28.975208282470703,1.3642703294754028,12.518316268920898,12.414030075073242,28.000530634977622,29.31326980068616,-3.888002395629883,1239,18,56,1,NOMINAL_OUTSIDE_CERTIFIED_SET,11.16291618347168,OUTBOUND,-23.656993865966797,-0.4472564076762367,
0,29.08942222595215,1.3646785020828247,0.5801074504852295,0.6056066155433655,28.020696311985375,29.30101592212076,-3.950718879699707,1240,18,57,1,NOMINAL_OUTSIDE_CERTIFIED_SET,50.46882247924805,OUTBOUND,-23.636966705322266,-0.40414810072717405,
1,29.232711791992188,1.3650864362716675,24.596887588500977,24.379867553710938,28.043146523996256,29.288798285595718,-3.8948938846588135,1241,18,58,0,,94.64488220214844,OUTBOUND,-23.983503341674805,-0.37426604925213,
0,29.082313537597656,1.3654958009719849,6.744919776916504,6.697280406951904,28.062604187987745,29.276581524917397,-3.9346461296081543,1242,18,59,1,NOMINAL_OUTSIDE_CERTIFIED_SET,14.159305572509766,OUTBOUND,-23.739591598510742,-0.3391660110975071,
0,29.12775993347168,1.3659038543701172,12.35863208770752,12.225441932678223,28.077634422981646,29.264396910128703,-3.873551607131958,1243,18,60,1,NOMINAL_OUTSIDE_CERTIFIED_SET,4.733114242553711,OUTBOUND,-23.872451782226562,-0.2852502079600516,
0,29.288299560546875,1.3663136959075928,6.5662384033203125,6.4841742515563965,28.091504208976403,29.25224308358144,-3.9429194927215576,1244,18,61,1,NOMINAL_OUTSIDE_CERTIFIED_SET,31.689388275146484,OUTBOUND,-23.918399810791016,-0.2355045876479031,
0,29.066211700439453,1.3667241334915161,12.679121971130371,12.54704475402832,28.105666641989956,29.240117753846683,-3.9158272743225098,1245,18,62,1,NOMINAL_OUTSIDE_CERTIFIED_SET,9.497995376586914,OUTBOUND,-23.700206756591797,-0.19064236118333455,
1,29.1854190826416,1.3671351671218872,6.573587894439697,6.526541709899902,28.123310821974883,29.228000714115375,-3.9189553260803223,1246,18,63,0,,38.34482955932617,FAILURE,-23.7965030670166,-0.13718820814739463,
1,29.425045013427734,1.3675453662872314,6.688818454742432,6.648622512817383,28.150677757977974,29.98799807060145,-3.8896210193634033,1247,19,1,0,,21.14118766784668,OUTBOUND,-24.011381149291992,-0.0016769961773167418,
0,29.086517333984375,1.3679559230804443,6.721157550811768,6.6488118171691895,28.17094689499936,29.97595363161355,-3.9127438068389893,1248,19,2,1,NOMINAL_OUTSIDE_CERTIFIED_SET,40.89049530029297,OUTBOUND,-23.62682342529297,0.004143179586008543,
1,29.726160049438477,1.3683654069900513,0.4249994158744812,0.43532317876815796,28.296270889986772,29.963900568266116,-3.880779504776001,1249,19,3,0,,40.329349517822266,OUTBOUND,-24.22711181640625,-0.004486227202075509,
1,30.10395622253418,1.3687771558761597,0.3547568619251251,0.3621422052383423,28.310748490999686,29.951822183152096,-3.9508609771728516,1250,19,4,0,,24.494762420654297,OUTBOUND,-24.499332427978516,-0.025058063968789686,
0,29.872766494750977,1.3691879510879517,0.5285859704017639,0.5778513550758362,28.328585869981907,29.939729268095217,-3.8900136947631836,1251,19,5,1,NOMINAL_OUTSIDE_CERTIFIED_SET,10.87215805053711,OUTBOUND,-24.377254486083984,-0.0375194669002687,
0,30.11233139038086,1.3695985078811646,0.4986269474029541,0.5332522988319397,28.343753522000043,29.927608252808085,-3.8962340354919434,1252,19,6,1,NOMINAL_OUTSIDE_CERTIFIED_SET,8.81915283203125,OUTBOUND,-24.606285095214844,-0.036454011572795104,
0,30.641159057617188,1.3700109720230103,0.51907879114151,0.5654726028442383,28.361425503971986,29.915457739164026,-3.947176694869995,1253,19,7,1,NOMINAL_OUTSIDE_CERTIFIED_SET,54.68218994140625,OUTBOUND,-25.17327880859375,-0.04109137922154668,
1,29.724748611450195,1.3704237937927246,13.746110916137695,13.644593238830566,28.376424324000254,29.903305421252462,-3.918185234069824,1254,19,8,0,,94.31227111816406,OUTBOUND,-24.40730857849121,-0.04865379555705584,
0,30.059471130371094,1.3708367347717285,0.5673206448554993,0.5909185409545898,28.393538852978963,29.891115542569985,-3.9082369804382324,1255,19,9,1,NOMINAL_OUTSIDE_CERTIFIED_SET,34.02008056640625,OUTBOUND,-24.85049819946289,-0.06196909756203039,
1,29.6109561920166,1.3712495565414429,6.9757890701293945,6.925748825073242,28.40826206098427,29.878889854295835,-3.9088120460510254,1256,19,10,0,,34.798240661621094,OUTBOUND,-24.401708602905273,-0.09720989715207694,
0,29.806533813476562,1.3716627359390259,0.40120869874954224,0.43586739897727966,28.42565478698816,29.86666332597105,-3.914905071258545,1257,19,11,1,NOMINAL_OUTSIDE_CERTIFIED_SET,7.413412094116211,OUTBOUND,-24.640064239501953,-0.12637554950744487,
1,29.382713317871094,1.372077465057373,12.975608825683594,12.830732345581055,28.44316146199708,29.854412714293073,-3.9434268474578857,1258,19,12,0,,32.8497314453125,OUTBOUND,-24.21394920349121,-0.12092129886250079,
0,29.707914352416992,1.3724908828735352,6.714278697967529,6.663031578063965,28.463470196991693,29.84220372154793,-3.8812901973724365,1259,19,13,1,NOMINAL_OUTSIDE_CERTIFIED_SET,2.863518714904785,OUTBOUND,-24.573532104492188,-0.1201897287478617,
1,29.255001068115234,1.3729047775268555,13.041400909423828,12.903833389282227,28.48532725998666,29.829987668540536,-3.9207139015197754,1260,19,14,0,,15.988534927368164,OUTBOUND,-24.06928825378418,-0.12386426692567293,
0,29.432422637939453,1.3733185529708862,0.9242372512817383,0.9592427015304565,28.6045056549774,29.817745580484836,-3.9042303562164307,1261,19,15,1,NOMINAL_OUTSIDE_CERTIFIED_SET,91.1948471069336,OUTBOUND,-24.029747009277344,-0.1330969199023055,
1,29.30982208251953,1.3737318515777588,6.908786296844482,6.869924545288086,28.624840831995243,29.805480025233017,-3.9005086421966553,1262,19,16,0,,63.10154342651367,OUTBOUND,-23.869739532470703,-0.14612697723934162,
0,29.8895263671875,1.3741446733474731,0.764160692691803,0.7675585746765137,28.644422971992753,29.79321966291685,-3.895979642868042,1263,19,17,1,NOMINAL_OUTSIDE_CERTIFIED_SET,69.65923309326172,OUTBOUND,-24.28388023376465,-0.1649641500928334,
0,29.62645149230957,1.3745580911636353,31.751314163208008,31.504802703857422,28.664459027990233,29.78093662329908,-3.9195175170898438,1264,19,18,1,NOMINAL_OUTSIDE_CERTIFIED_SET,98.90975189208984,OUTBOUND,-24.22429847717285,-0.22603307442376502,
0,30.012601852416992,1.3749721050262451,6.832455635070801,6.757197380065918,28.68042081099702,29.768628394309573,-3.92124080657959,1265,19,19,1,NOMINAL_OUTSIDE_CERTIFIED_SET,13.37100601196289,OUTBOUND,-24.568689346313477,-0.292321723084688,
0,29.54770278930664,1.3753852844238281,13.158585548400879,13.037481307983398,28.694234929978848,29.756304068868534,-3.8881499767303467,1266,19,20,1,INSUFFICIENT_RECOVERY_RESERVE,16.641719818115234,OUTBOUND,-24.20975685119629,-0.32256725293731436,
0,30.19024085998535,1.3757973909378052,6.619925022125244,6.555428504943848,28.712102243996924,29.744014118507238,-3.8823602199554443,1267,19,21,1,INSUFFICIENT_RECOVERY_RESERVE,4.037006378173828,OUTBOUND,-24.82910919189453,-0.3092398795400665,
0,30.19910430908203,1.3762083053588867,6.674872875213623,6.590425968170166,28.733777465997264,29.73173596790879,-3.879625082015991,1268,19,22,1,NOMINAL_OUTSIDE_CERTIFIED_SET,9.5134916305542,OUTBOUND,-24.88102912902832,-0.3338776735098202,
0,30.11164665222168,1.3766206502914429,6.882806301116943,6.827524662017822,28.74656593997497,29.719437830861843,-3.9291305541992188,1269,19,23,1,INSUFFICIENT_RECOVERY_RESERVE,11.821795463562012,OUTBOUND,-24.676803588867188,-0.35672598136702205,
0,29.95292854309082,1.3770337104797363,12.484196662902832,12.298145294189453,28.761433583975304,29.707153700138704,-3.921064853668213,1270,19,24,1,NOMINAL_OUTSIDE_CERTIFIED_SET,20.327926635742188,OUTBOUND,-24.551982879638672,-0.37818127609290775,
0,30.082782745361328,1.3774468898773193,6.125302314758301,6.034493923187256,28.773116647993447,29.69484639398063,-3.9069087505340576,1271,19,25,1,INSUFFICIENT_RECOVERY_RESERVE,23.49659538269043,OUTBOUND,-24.65809440612793,-0.39795957509032964,
0,29.806291580200195,1.3778588771820068,12.41567611694336,12.240983009338379,28.787926580000203,29.682555237374977,-3.8763175010681152,1272,19,26,1,NOMINAL_OUTSIDE_CERTIFIED_SET,12.000301361083984,OUTBOUND,-24.472652435302734,-0.41646310444636664,
0,29.969118118286133,1.3782742023468018,6.96720027923584,6.94038724899292,28.800757188990247,29.670236791133355,-3.9777297973632812,1273,19,27,1,INSUFFICIENT_RECOVERY_RESERVE,31.398897171020508,OUTBOUND,-24.460012435913086,-0.4334603703116403,
1,30.378093719482422,1.3786896467208862,0.4832491874694824,0.5222093462944031,28.81497216099524,29.65794656290367,-3.9122257232666016,1274,19,28,0,,44.15528106689453,OUTBOUND,-24.826736450195312,-0.4468276310831376,
0,30.33051300048828,1.3791065216064453,6.16981840133667,6.056779861450195,28.83405719898292,29.645620958018892,-3.939101457595825,1275,19,29,1,NOMINAL_OUTSIDE_CERTIFIED_SET,3.510436534881592,OUTBOUND,-24.81584930419922,-0.4918080094638538,
0,30.088115692138672,1.3795249462127686,32.45867156982422,32.136417388916016,28.8493581879884,29.63329353448564,-3.94844913482666,1276,19,30,1,NO_GENERATOR_SET,147.6611328125,OUTBOUND,-24.757539749145508,-0.509531592059121,
0,30.22142219543457,1.3799428939819336,0.46938103437423706,0.4849573075771332,28.86707608299912,29.620968923304194,-3.902986764907837,1277,19,31,1,NO_GENERATOR_SET,40.87797927856445,OUTBOUND,-24.860883712768555,-0.506593144867295,
0,30.37657928466797,1.380361795425415,13.057918548583984,12.934657096862793,28.99730586700025,29.60864057103045,-3.936967134475708,1278,19,32,1,INSUFFICIENT_RECOVERY_RESERVE,38.20463943481445,OUTBOUND,-25.019224166870117,-0.4787776888874165,
0,30.800371170043945,1.3807803392410278,6.58865213394165,6.535273551940918,29.00823741898057,29.596346933360845,-3.9059033393859863,1279,19,33,1,INSUFFICIENT_RECOVERY_RESERVE,20.62869644165039,OUTBOUND,-25.461750030517578,-0.43649276535560355,
1,30.41344451904297,1.3811994791030884,6.131103515625,6.008185386657715,29.022412887978135,29.58408557598826,-3.9275686740875244,1280,19,34,0,,16.96062469482422,OUTBOUND,-25.073665618896484,-0.39940890649305444,
1,29.73421859741211,1.3816193342208862,26.023622512817383,25.762619018554688,29.035893691994715,29.571847222378317,-3.9329721927642822,1281,19,35,0,,67.11775207519531,OUTBOUND,-24.478336334228516,-0.38680549203965214,
0,29.706411361694336,1.38203763961792,13.494808197021484,13.36451530456543,29.04968150399509,29.559576088270592,-3.8824071884155273,1282,19,36,1,NOMINAL_OUTSIDE_CERTIFIED_SET,24.086387634277344,OUTBOUND,-24.443017959594727,-0.41760898797798085,
0,29.93522834777832,1.3824563026428223,13.312089920043945,13.167570114135742,29.066573307994986,29.54728118257224,-3.9207944869995117,1283,19,37,1,NOMINAL_OUTSIDE_CERTIFIED_SET,33.861534118652344,OUTBOUND,-24.579425811767578,-0.47349354573419855,
0,29.81583023071289,1.3828747272491455,1.345895767211914,1.4151031970977783,29.081073955981992,29.534974383661787,-3.9074864387512207,1284,19,38,1,INSUFFICIENT_RECOVERY_RESERVE,113.84821319580078,OUTBOUND,-24.292491912841797,-0.47953857365297947,
0,29.75929832458496,1.3832955360412598,1.6487799882888794,1.735102891921997,29.09800317097688,29.52268196488767,-3.9681315422058105,1285,19,39,1,NOMINAL_OUTSIDE_CERTIFIED_SET,116.19538116455078,OUTBOUND,-24.03811264038086,-0.48662156706304827,
0,30.300506591796875,1.383716106414795,7.2460174560546875,7.197021007537842,29.111772036994807,29.51037396812464,-3.911442279815674,1286,19,40,1,INSUFFICIENT_RECOVERY_RESERVE,42.66389465332031,OUTBOUND,-24.654264450073242,-0.4934561725282708,
1,30.872478485107422,1.3841376304626465,7.11775016784668,7.0476555824279785,29.13222579698777,29.49808610391361,-3.9385862350463867,1287,19,41,0,,13.043464660644531,OUTBOUND,-25.12847900390625,-0.4439992719613161,
0,31.157939910888672,1.3845583200454712,6.965066909790039,6.924559116363525,29.151173924998147,29.4858162987432,-3.8989925384521484,1288,19,42,1,NOMINAL_OUTSIDE_CERTIFIED_SET,32.38404846191406,OUTBOUND,-25.571659088134766,-0.4486544090811237,
0,31.189220428466797,1.3849766254425049,0.49046453833580017,0.526449978351593,29.177684990980197,29.473535248019843,-3.8650097846984863,1289,19,43,1,INSUFFICIENT_RECOVERY_RESERVE,14.002914428710938,OUTBOUND,-25.6798038482666,-0.4569406221812898,
1,31.322477340698242,1.3853927850723267,7.277735233306885,7.273147106170654,29.20168902599835,29.461276247786888,-3.865062713623047,1290,19,44,0,,75.9927749633789,OUTBOUND,-25.95482635498047,-0.429122123222442,
0,30.786148071289062,1.3858067989349365,0.6031215190887451,0.649021565914154,29.315897326974664,29.449000451748596,-3.858527660369873,1291,19,45,1,NOMINAL_OUTSIDE_CERTIFIED_SET,15.603890419006348,OUTBOUND,-25.445755004882812,-0.44937219167623216,
1,31.03187370300293,1.3862217664718628,7.3368730545043945,7.277795314788818,29.331387110985816,29.436720708486042,-3.9212276935577393,1292,19,46,0,,63.96379852294922,OUTBOUND,-25.709735870361328,-0.46130653231934093,
0,31.2053279876709,1.3866362571716309,7.100693225860596,7.014637470245361,29.34442897097324,29.42445234528728,-3.891889810562134,1293,19,47,1,NOMINAL_OUTSIDE_CERTIFIED_SET,58.70717239379883,OUTBOUND,-26.008220672607422,-0.4541565516307309,
0,30.814451217651367,1.3870514631271362,0.40796616673469543,0.4406699538230896,29.360617482976522,29.412160405255843,-3.918795585632324,1294,19,48,1,NOMINAL_OUTSIDE_CERTIFIED_SET,11.418925285339355,OUTBOUND,-25.549312591552734,-0.4914605584967052,
0,30.313955307006836,1.3874672651290894,7.4114155769348145,7.378758430480957,29.375163923978107,29.399860410056284,-3.9164206981658936,1295,19,49,1,INSUFFICIENT_RECOVERY_RESERVE,6.754438877105713,OUTBOUND,-25.009790420532227,-0.497099213098888,
0,30.852378845214844,1.387884497642517,0.5234476327896118,0.5942984819412231,29.39477083599195,29.387573862747924,-3.934460163116455,1296,19,50,1,NOMINAL_OUTSIDE_CERTIFIED_SET,43.076534271240234,OUTBOUND,-25.438894271850586,-0.5038885215951885,
0,30.641983032226562,1.3883018493652344,7.05525541305542,7.007367134094238,29.409468999976525,29.375259813119047,-3.9124608039855957,1297,19,51,1,INSUFFICIENT_RECOVERY_RESERVE,19.04912757873535,OUTBOUND,-25.219390869140625,-0.5103082975162344,
1,30.60968780517578,1.388719916343689,12.967145919799805,12.772272109985352,29.431823575985618,29.362983153429457,-3.9204928874969482,1298,19,52,0,,6.994726657867432,OUTBOUND,-25.240327835083008,-0.46621150277919887,
1,30.8013916015625,1.389138102531433,0.8365444540977478,0.8619593381881714,29.447207623976283,29.35073045058586,-3.9114208221435547,1299,19,53,0,,69.11995697021484,OUTBOUND,-25.290176391601562,-0.44496351583639004,
1,30.905189514160156,1.3895570039749146,6.375489711761475,6.266972064971924,29.464826859999448,29.338457797667402,-3.923490285873413,1300,19,54,0,,18.933223724365234,OUTBOUND,-25.386632919311523,-0.4461895687518534,
1,30.71063232421875,1.389976143836975,13.361339569091797,13.247233390808105,29.478446572000394,29.3261780085765,-3.9159321784973145,1301,19,55,0,,13.403585433959961,OUTBOUND,-25.172475814819336,-0.4548836025750635,
0,31.194547653198242,1.390395998954773,0.6444174647331238,0.616664707660675,29.591934697993565,29.31392245427371,-3.9249114990234375,1302,19,56,1,NOMINAL_OUTSIDE_CERTIFIED_SET,42.49476623535156,OUTBOUND,-25.603500366210938,-0.4595123388600881,
0,31.12598991394043,1.3908144235610962,7.489006042480469,7.465646266937256,29.609123178990558,29.301664222819404,-3.880448341369629,1303,19,57,1,NOMINAL_OUTSIDE_CERTIFIED_SET,21.53000259399414,OUTBOUND,-25.64019775390625,-0.450897071172119,
1,31.4794921875,1.391233205795288,0.48973745107650757,0.49429449439048767,29.631085390981752,29.289398008112364,-3.9132819175720215,1304,19,58,0,,15.193140983581543,OUTBOUND,-25.991891860961914,-0.4184837407976402,
0,31.370542526245117,1.3916531801223755,7.207334518432617,7.155895233154297,29.652822435979033,29.27714332440919,-3.938169240951538,1305,19,59,1,NOMINAL_OUTSIDE_CERTIFIED_SET,29.48602294921875,OUTBOUND,-25.817291259765625,-0.38021435615628907,
0,31.777793884277344,1.3920739889144897,0.28169235587120056,0.29992547631263733,29.67448403299204,29.264910794912222,-3.927234649658203,1306,19,60,1,NOMINAL_OUTSIDE_CERTIFIED_SET,12.79345989227295,OUTBOUND,-26.337989807128906,-0.3490215580987074,
0,31.266599655151367,1.3924944400787354,6.543823719024658,6.435309886932373,29.689884719991824,29.25270321351615,-3.9024059772491455,1307,19,61,1,NOMINAL_OUTSIDE_CERTIFIED_SET,20.413114547729492,OUTBOUND,-25.84056282043457,-0.3136776707724541,
0,31.210182189941406,1.3929165601730347,7.316742420196533,7.2353515625,29.709769184992183,29.24052189316824,-3.949414014816284,1308,19,62,1,NOMINAL_OUTSIDE_CERTIFIED_SET,15.895025253295898,OUTBOUND,-25.772689819335938,-0.2765489252340552,
0,30.769147872924805,1.393338680267334,6.629848003387451,6.527817249298096,29.73023905098671,29.228366319559786,-3.9153800010681152,1309,19,63,1,NOMINAL_OUTSIDE_CERTIFIED_SET,12.813467979431152,OUTBOUND,-25.342512130737305,-0.23945564973274716,
0,31.090105056762695,1.3937599658966064,0.5479587912559509,0.6026309132575989,29.74737343698507,29.216235632561375,-3.895495653152466,1310,19,64,1,NOMINAL_OUTSIDE_CERTIFIED_SET,32.26784133911133,OUTBOUND,-25.64147186279297,-0.20374338109504794,
1,30.747072219848633,1.3941818475723267,14.223164558410645,14.104290008544922,29.764771914982703,29.204125711041222,-3.9242944717407227,1311,19,65,0,,21.36275291442871,OUTBOUND,-25.298070907592773,-0.17363140703867272,
0,31.238183975219727,1.3946058750152588,7.083186626434326,7.039385795593262,29.785416361992247,29.192000066771687,-3.9616315364837646,1312,19,66,1,NOMINAL_OUTSIDE_CERTIFIED_SET,4.693621635437012,OUTBOUND,-25.782535552978516,-0.14559938939046815,
0,31.34975814819336,1.395029902458191,0.5004375576972961,0.5168139338493347,29.806346031982685,29.179904998781865,-3.918426275253296,1313,19,67,1,NOMINAL_OUTSIDE_CERTIFIED_SET,40.5402946472168,OUTBOUND,-25.782299041748047,-0.11669582321616297,
0,31.406177520751953,1.3954521417617798,7.011977672576904,6.952993392944336,29.824563415982993,29.16783585976967,-3.8779220581054688,1314,19,68,1,NOMINAL_OUTSIDE_CERTIFIED_SET,7.961623668670654,FAILURE,-25.99703598022461,-0.09145157898233,
1,30.91193962097168,1.3958714008331299,13.206868171691895,13.067289352416992,29.844928817998152,29.987981838864155,-3.8485512733459473,1315,20,1,0,,30.44377326965332,OUTBOUND,-25.54483985900879,-0.005711085149332646,
0,31.03872299194336,1.3962901830673218,13.828774452209473,13.7149076461792,29.861639968992677,29.975912861795123,-3.892212390899658,1316,20,2,1,NOMINAL_OUTSIDE_CERTIFIED_SET,24.16474151611328,OUTBOUND,-25.670406341552734,-0.0026224932112946667,
0,31.290817260742188,1.3967108726501465,0.5471283793449402,0.5423039197921753,29.876894281973364,29.963862811078034,-3.950277328491211,1317,20,3,1,NOMINAL_OUTSIDE_CERTIFIED_SET,45.358436584472656,OUTBOUND,-25.8233585357666,-0.004883110065359644,
1,31.18740463256836,1.3971326351165771,7.404047012329102,7.33152961730957,29.89395683098701,29.951795453918574,-3.9303526878356934,1318,20,4,0,,18.466564178466797,OUTBOUND,-25.6640625,0.0077429985591710914,
0,30.93734359741211,1.397552251815796,26.855445861816406,26.50602149963379,30.013486741983797,29.93971340337085,-3.8666555881500244,1319,20,5,1,NOMINAL_OUTSIDE_CERTIFIED_SET,95.37104034423828,OUTBOUND,-25.66040802001953,0.01578380645576448,
1,30.963769912719727,1.397972583770752,14.407416343688965,14.263802528381348,30.034220153989736,29.927629760286813,-3.9188971519470215,1320,20,6,0,,4.092758655548096,OUTBOUND,-25.63637351989746,0.011028846317361233,
0,31.138410568237305,1.3983954191207886,7.473433017730713,7.41835355758667,30.047971425985452,29.91550428830814,-3.965043306350708,1321,20,7,1,NOMINAL_OUTSIDE_CERTIFIED_SET,47.23647689819336,OUTBOUND,-25.66997718811035,0.00347932669479002,
1,31.25191307067871,1.3988178968429565,7.469054222106934,7.417857646942139,30.06269492499996,29.90334326491411,-3.90274715423584,1322,20,8,0,,48.29201126098633,OUTBOUND,-25.74464225769043,0.015369899034782185,
0,31.198930740356445,1.3992412090301514,0.9755383729934692,1.0634129047393799,30.078597447980428,29.89119543146424,-3.9315500259399414,1323,20,9,1,NOMINAL_OUTSIDE_CERTIFIED_SET,91.26741027832031,OUTBOUND,-25.51633071899414,0.021237482123452483,
0,31.180866241455078,1.3996660709381104,0.8212062120437622,0.8876354694366455,30.09645281799021,29.879026114291598,-3.943284273147583,1324,20,10,1,NOMINAL_OUTSIDE_CERTIFIED_SET,77.10489654541016,OUTBOUND,-25.37215805053711,-0.013668373547576352,
0,31.465656280517578,1.4000909328460693,7.2733473777771,7.215503692626953,30.11567914299667,29.866832284316384,-3.9197466373443604,1325,20,11,1,NOMINAL_OUTSIDE_CERTIFIED_SET,7.422307968139648,OUTBOUND,-25.757843017578125,-0.05121565498767987,
0,32.11179733276367,1.400514006614685,0.36014485359191895,0.36314600706100464,30.137322619993938,29.854611310319005,-3.8752682209014893,1326,20,12,1,NOMINAL_OUTSIDE_CERTIFIED_SET,9.068924903869629,OUTBOUND,-26.473230361938477,-0.09346679868161778,
0,31.754785537719727,1.4009408950805664,7.475854396820068,7.475819110870361,30.16106081797625,29.842356201514818,-3.9981517791748047,1327,20,13,1,NOMINAL_OUTSIDE_CERTIFIED_SET,35.29438781738281,OUTBOUND,-26.103544235229492,-0.14211471855094177,
0,32.39459228515625,1.401366949081421,7.819014072418213,7.833590030670166,30.177976753999246,29.830081904535334,-3.898390769958496,1328,20,14,1,NOMINAL_OUTSIDE_CERTIFIED_SET,85.20820617675781,OUTBOUND,-26.930681228637695,-0.19320794792930926,
0,32.282981872558594,1.401793360710144,0.47695714235305786,0.5314211845397949,30.19177096299245,29.817793845940738,-3.927680253982544,1329,20,15,1,NOMINAL_OUTSIDE_CERTIFIED_SET,43.00395584106445,OUTBOUND,-26.918821334838867,-0.23748265206378455,
0,32.01958465576172,1.4022194147109985,8.102620124816895,8.080611228942871,30.209131693991367,29.80549813952128,-3.9110794067382812,1330,20,16,1,NO_GENERATOR_SET,81.14112091064453,OUTBOUND,-26.75147247314453,-0.2694888676108596,
0,32.16009521484375,1.4026449918746948,0.34889930486679077,0.37187397480010986,30.224580773996422,29.793189154205614,-3.906846761703491,1331,20,17,1,INSUFFICIENT_RECOVERY_RESERVE,10.717674255371094,OUTBOUND,-26.85582733154297,-0.27963213888714133,
0,31.639667510986328,1.4030719995498657,0.4609605073928833,0.509841799736023,30.346116840984905,29.78089594036542,-3.9465227127075195,1332,20,18,1,NOMINAL_OUTSIDE_CERTIFIED_SET,24.819316864013672,OUTBOUND,-26.21685028076172,-0.30526311265294126,
0,31.598283767700195,1.403496503829956,14.31593132019043,14.12937068939209,30.36740341197583,29.76857858415479,-3.8633475303649902,1333,20,19,1,INSUFFICIENT_RECOVERY_RESERVE,44.521366119384766,OUTBOUND,-26.397214889526367,-0.32951416040510084,
1,31.55929183959961,1.4039207696914673,0.565767765045166,0.6562035083770752,30.384707646997413,29.756294805144755,-3.9076945781707764,1334,20,20,0,,61.35258483886719,OUTBOUND,-26.159622192382812,-0.3503802579859112,
1,31.548887252807617,1.404345989227295,7.682648181915283,7.660964488983154,30.407822740991833,29.74397715417828,-3.933668375015259,1335,20,21,0,,29.417943954467773,OUTBOUND,-26.013484954833984,-0.3592737324642785,
0,31.7939453125,1.404771327972412,0.5956608653068542,0.6234792470932007,30.431376976979664,29.731678689079367,-3.9173266887664795,1336,20,22,1,NOMINAL_OUTSIDE_CERTIFIED_SET,65.44790649414062,OUTBOUND,-26.222978591918945,-0.37137259708032205,
0,31.6646728515625,1.4051960706710815,7.7049665451049805,7.631954193115234,30.44374838497606,29.71935968164415,-3.901534080505371,1337,20,23,1,INSUFFICIENT_RECOVERY_RESERVE,30.553953170776367,OUTBOUND,-26.015459060668945,-0.3901993866886462,
0,31.588550567626953,1.405621886253357,0.7789696455001831,0.800410270690918,30.46012764799525,29.707074449953556,-3.935781240463257,1338,20,24,1,INSUFFICIENT_RECOVERY_RESERVE,65.40292358398438,OUTBOUND,-25.858280181884766,-0.363878631616895,
1,32.14955520629883,1.4060440063476562,0.4542653262615204,0.43192771077156067,30.474375343997963,29.69482385910476,-3.8325986862182617,1339,20,25,0,,37.96355438232422,OUTBOUND,-26.481843948364258,-0.3387186016283122,
0,32.483245849609375,1.4064679145812988,14.893555641174316,14.824777603149414,30.48923480999656,29.68256196106775,-3.9474313259124756,1340,20,26,1,NOMINAL_OUTSIDE_CERTIFIED_SET,85.39833068847656,OUTBOUND,-26.92023277282715,-0.3589373778190415,
0,32.305850982666016,1.4068909883499146,7.584744930267334,7.593184471130371,30.50435219699284,29.670265922162937,-3.890950918197632,1341,20,27,1,NOMINAL_OUTSIDE_CERTIFIED_SET,43.208770751953125,OUTBOUND,-26.81024742126465,-0.4244855562658264,
0,32.16204833984375,1.4073152542114258,14.399225234985352,14.268792152404785,30.516665723989718,29.657946726613623,-3.931947946548462,1342,20,28,1,INSUFFICIENT_RECOVERY_RESERVE,85.01988220214844,OUTBOUND,-26.823415756225586,-0.4405697429650377,
0,32.19026184082031,1.4077390432357788,7.811017990112305,7.758912086486816,30.631896178994793,29.64566710534318,-3.9005136489868164,1343,20,29,1,NOMINAL_OUTSIDE_CERTIFIED_SET,41.25797653198242,OUTBOUND,-26.883325576782227,-0.4440525160157723,
0,31.844409942626953,1.4081634283065796,14.128191947937012,13.91688346862793,30.647314151981845,29.6333782567967,-3.9238204956054688,1344,20,30,1,NO_GENERATOR_SET,33.690284729003906,OUTBOUND,-26.546913146972656,-0.47501510722472157,
0,31.598283767700195,1.4085843563079834,0.6814320683479309,0.7233176827430725,30.667004267976154,29.62108429327233,-3.833169937133789,1345,20,31,1,NO_GENERATOR_SET,62.241493225097656,OUTBOUND,-26.270536422729492,-0.48292495319277984,
0,31.59384536743164,1.4090042114257812,7.577663421630859,7.559787273406982,30.68263271698379,29.608777620344224,-3.8779661655426025,1346,20,32,1,INSUFFICIENT_RECOVERY_RESERVE,35.043880462646484,OUTBOUND,-26.179668426513672,-0.46101901425989283,
1,31.637619018554688,1.409423589706421,7.841818809509277,7.825501441955566,30.70042326298426,29.596510815347095,-3.8897838592529297,1347,20,33,0,,52.05695724487305,OUTBOUND,-26.094043731689453,-0.46076007902992844,
0,32.0340461730957,1.409847617149353,7.940000534057617,7.933043956756592,30.7185851779941,29.58421034435372,-3.9993879795074463,1348,20,34,1,INSUFFICIENT_RECOVERY_RESERVE,40.808162689208984,OUTBOUND,-26.36395263671875,-0.459753832779794,
1,31.97864532470703,1.410270094871521,13.859434127807617,13.663490295410156,30.73664810898481,29.571930505710156,-3.8726024627685547,1349,20,35,0,,7.004109859466553,OUTBOUND,-26.417694091796875,-0.4095375196418201,
1,32.404048919677734,1.4106922149658203,0.5639737248420715,0.556280255317688,30.753000009979587,29.5596819152426,-3.8966915607452393,1350,20,36,0,,55.95398712158203,OUTBOUND,-26.777494430541992,-0.3791624560268203,
0,32.4224739074707,1.411112666130066,0.5456085801124573,0.5517453551292419,30.769539631990483,29.54739082305408,-3.868130922317505,1351,20,37,1,NOMINAL_OUTSIDE_CERTIFIED_SET,44.0548095703125,OUTBOUND,-26.80049705505371,-0.4149756932312114,
0,32.70814895629883,1.4115327596664429,7.544961929321289,7.518371105194092,30.787476575991604,29.535090434469073,-3.891618013381958,1352,20,38,1,INSUFFICIENT_RECOVERY_RESERVE,26.805130004882812,OUTBOUND,-27.025054931640625,-0.4323470192037192,
0,32.643924713134766,1.4119549989700317,0.3882804214954376,0.4194673001766205,30.806649283971637,29.52280198863389,-3.9435746669769287,1353,20,39,1,NOMINAL_OUTSIDE_CERTIFIED_SET,4.755446910858154,OUTBOUND,-26.986087799072266,-0.4487350718110789,
0,32.295719146728516,1.412376046180725,0.4336625337600708,0.449629008769989,30.822746794990962,29.510500904547957,-3.879455804824829,1354,20,40,1,INSUFFICIENT_RECOVERY_RESERVE,4.653075218200684,OUTBOUND,-26.747650146484375,-0.4634782214035708,
1,32.637516021728516,1.4127963781356812,0.5328251719474792,0.5780255794525146,30.84141249198001,29.498222462999788,-3.8817121982574463,1355,20,41,0,,9.355716705322266,OUTBOUND,-27.09238052368164,-0.4429342265985337,
1,32.93698501586914,1.4132150411605835,8.169503211975098,8.123781204223633,30.861247935972642,29.485919401924022,-3.8604416847229004,1356,20,42,0,,87.86482238769531,OUTBOUND,-27.568355560302734,-0.45356155821256255,
0,32.70804977416992,1.4136359691619873,0.49364861845970154,0.5245397090911865,30.87364910999895,29.473592097741886,-3.945981502532959,1357,20,43,1,INSUFFICIENT_RECOVERY_RESERVE,22.07244110107422,OUTBOUND,-27.262374877929688,-0.4414541895887939,
0,32.57862091064453,1.4140571355819702,0.5332135558128357,0.5650264024734497,30.890616586984834,29.461278734284736,-3.9032087326049805,1358,20,44,1,NOMINAL_OUTSIDE_CERTIFIED_SET,6.815317630767822,OUTBOUND,-27.174428939819336,-0.4595134609397906,
0,32.515625,1.4144777059555054,7.132222652435303,7.01468563079834,30.907039100973634,29.448975205848825,-3.885772705078125,1359,20,45,1,NOMINAL_OUTSIDE_CERTIFIED_SET,16.05841636657715,OUTBOUND,-27.112794876098633,-0.5185518558027331,
0,32.88170623779297,1.4148975610733032,7.945957183837891,7.859129428863525,31.016063237999333,29.43667695764678,-3.879678964614868,1360,20,46,1,NO_GENERATOR_SET,26.434120178222656,OUTBOUND,-27.50564193725586,-0.5440017630207995,
0,32.475433349609375,1.415318250656128,14.988958358764648,14.829269409179688,31.029818590992363,29.424364172098183,-3.914259195327759,1361,20,47,1,INSUFFICIENT_RECOVERY_RESERVE,45.481346130371094,OUTBOUND,-27.15810203552246,-0.5232074112611264,
0,32.2148323059082,1.415741205215454,7.9577107429504395,7.905413627624512,31.04150227297214,29.412084535148793,-3.947564125061035,1362,20,48,1,INSUFFICIENT_RECOVERY_RESERVE,23.630151748657227,OUTBOUND,-26.76923942565918,-0.47333121228436253,
1,32.08940887451172,1.4161642789840698,0.8336098790168762,0.8974045515060425,31.059390772978077,29.399834588282605,-3.903468132019043,1363,20,49,0,,78.59175872802734,OUTBOUND,-26.52381134033203,-0.42703753593478305,
1,32.390567779541016,1.416586995124817,0.9699506759643555,0.9849931597709656,31.073362535971683,29.38761474075701,-3.893758535385132,1364,20,50,0,,88.85808563232422,OUTBOUND,-26.750497817993164,-0.4013264096147957,
0,32.868385314941406,1.4170114994049072,7.945112705230713,7.858141899108887,31.088073374994565,29.37535725768541,-3.9397826194763184,1365,20,51,1,NOMINAL_OUTSIDE_CERTIFIED_SET,22.829252243041992,OUTBOUND,-27.151796340942383,-0.43599629094925485,
1,32.739715576171875,1.4174344539642334,7.909243583679199,7.836559772491455,31.104976115981117,29.363083421241356,-3.8697855472564697,1366,20,52,0,,9.433269500732422,OUTBOUND,-27.08102035522461,-0.44980966778624143,
0,32.32640838623047,1.4178571701049805,23.229822158813477,23.053762435913086,31.12192957699881,29.350823624467843,-3.8965399265289307,1367,20,53,1,NOMINAL_OUTSIDE_CERTIFIED_SET,70.62078094482422,OUTBOUND,-26.783977508544922,-0.45758344141519763,
0,32.646060943603516,1.4182803630828857,7.893992900848389,7.83767557144165,31.14390476598055,29.338549366975926,-3.908226251602173,1368,20,54,1,NOMINAL_OUTSIDE_CERTIFIED_SET,8.38198184967041,OUTBOUND,-27.121248245239258,-0.5045329684947027,
1,33.007110595703125,1.418704628944397,7.6631550788879395,7.5863237380981445,31.167161316989223,29.326233399607982,-3.9236621856689453,1369,20,55,0,,4.127335548400879,OUTBOUND,-27.475067138671875,-0.48750298097781525,
0,32.73414611816406,1.4191292524337769,7.8713483810424805,7.793819904327393,31.187714643980144,29.313977976677805,-3.9114747047424316,1370,20,56,1,NOMINAL_OUTSIDE_CERTIFIED_SET,8.917128562927246,OUTBOUND,-27.190784454345703,-0.457704824424088,
0,32.933048248291016,1.4195530414581299,8.183476448059082,8.128517150878906,31.203348276991164,29.301721586224254,-3.8835983276367188,1371,20,57,1,NOMINAL_OUTSIDE_CERTIFIED_SET,10.615395545959473,OUTBOUND,-27.39320945739746,-0.45370019207285234,
1,32.50039291381836,1.4199784994125366,23.33926773071289,23.0726375579834,31.22048049798468,29.28944153291305,-3.939470052719116,1372,20,58,0,,73.7767105102539,OUTBOUND,-27.06345558166504,-0.4223507513553514,
0,32.44343948364258,1.4204024076461792,15.40701675415039,15.26732063293457,31.340859725984046,29.27719646200696,-3.8690125942230225,1373,20,59,1,NOMINAL_OUTSIDE_CERTIFIED_SET,23.901201248168945,OUTBOUND,-27.117900848388672,-0.3842582134704837,
0,32.42890930175781,1.4208282232284546,0.7910757064819336,0.874954879283905,31.364332601981005,29.2649722187244,-3.9405980110168457,1374,20,60,1,NOMINAL_OUTSIDE_CERTIFIED_SET,77.0009765625,OUTBOUND,-26.890506744384766,-0.35513966099103894,
0,32.91290283203125,1.4212565422058105,7.827597618103027,7.765497207641602,31.38101981097134,29.252771291852287,-3.960523843765259,1375,20,61,1,NOMINAL_OUTSIDE_CERTIFIED_SET,29.875125885009766,OUTBOUND,-27.278141021728516,-0.3212596216509119,
0,32.655662536621094,1.4216841459274292,8.088604927062988,8.02644157409668,31.402803672972368,29.24059495758774,-3.8960483074188232,1376,20,62,1,NOMINAL_OUTSIDE_CERTIFIED_SET,37.21615982055664,OUTBOUND,-27.054868698120117,-0.28507808274741436,
1,32.686519622802734,1.4221125841140747,8.396016120910645,8.355347633361816,31.4232690789795,29.228408946327104,-3.9226696491241455,1377,20,63,0,,29.804553985595703,OUTBOUND,-27.024856567382812,-0.2448415323629916,
1,33.13798141479492,1.4225420951843262,8.072528839111328,8.00321102142334,31.44270948198391,29.21625313516658,-3.934699535369873,1378,20,64,0,,9.715721130371094,OUTBOUND,-27.455028533935547,-0.20837180417121332,
1,32.688072204589844,1.4229730367660522,15.747954368591309,15.609444618225098,31.458690031984588,29.204089087802526,-3.939091920852661,1379,20,65,0,,29.10944938659668,OUTBOUND,-27.052194595336914,-0.16888822726259925,
1,32.996742248535156,1.4234027862548828,0.6040281653404236,0.6053361892700195,31.47582819798845,29.19195704544054,-3.8912577629089355,1380,20,66,0,,40.30052947998047,OUTBOUND,-27.340259552001953,-0.14312836483741087,
0,32.90727996826172,1.4238303899765015,23.476001739501953,23.29998016357422,31.49058897199575,29.17984138677719,-3.8642702102661133,1381,20,67,1,NOMINAL_OUTSIDE_CERTIFIED_SET,85.25999450683594,OUTBOUND,-27.387863159179688,-0.12834589698150123,
0,32.85406494140625,1.4242582321166992,15.719237327575684,15.59924602508545,31.505857890995685,29.16776079475172,-3.9121413230895996,1382,20,68,1,NOMINAL_OUTSIDE_CERTIFIED_SET,39.222496032714844,FAILURE,-27.392086029052734,-0.10234961388618749,
1,32.68336486816406,1.4246838092803955,15.938119888305664,15.81009292602539,31.52446535899071,29.987980470751783,-3.8571834564208984,1383,21,1,0,,26.852264404296875,OUTBOUND,-27.330350875854492,0.012114671548303512,
0,32.83856201171875,1.4251118898391724,8.160825729370117,8.110845565795898,31.63826681097271,29.975901418866695,-3.9553866386413574,1384,21,2,1,NOMINAL_OUTSIDE_CERTIFIED_SET,26.057353973388672,OUTBOUND,-27.3201904296875,0.0277340112452203,
0,32.751495361328125,1.4255399703979492,8.342292785644531,8.310689926147461,31.653481386980275,29.963825140291718,-3.9072251319885254,1385,21,3,1,NOMINAL_OUTSIDE_CERTIFIED_SET,24.04344940185547,OUTBOUND,-27.253244400024414,0.015315767493507205,
1,33.392066955566406,1.4259697198867798,0.660914957523346,0.7163267135620117,31.669599572982406,29.951753283547973,-3.9422028064727783,1386,21,4,0,,81.58576202392578,OUTBOUND,-27.723876953125,0.0058690483730365894,
1,33.0586051940918,1.426400065422058,14.645901679992676,14.409366607666016,31.68843309697695,29.939664522123223,-3.9212307929992676,1387,21,5,0,,6.468990802764893,OUTBOUND,-27.427583694458008,0.024523397304632447,
0,32.779781341552734,1.4268323183059692,8.609901428222656,8.580714225769043,31.702922176977154,29.92755283505766,-3.9532227516174316,1388,21,6,1,NOMINAL_OUTSIDE_CERTIFIED_SET,48.75384521484375,OUTBOUND,-27.06235694885254,0.03379201356131059,
0,33.075416564941406,1.4272658824920654,8.413620948791504,8.371999740600586,31.717420909990324,29.91542136994551,-3.9429826736450195,1389,21,7,1,NOMINAL_OUTSIDE_CERTIFIED_SET,23.064119338989258,OUTBOUND,-27.34841537475586,0.008044835379860045,
1,33.32577896118164,1.4277008771896362,0.6223621368408203,0.640416145324707,31.730856884998502,29.903273664867417,-3.9472224712371826,1390,21,8,0,,47.521820068359375,OUTBOUND,-27.535961151123047,-0.007148984602107983,
0,33.295082092285156,1.4281370639801025,15.990838050842285,15.89011001586914,31.74716467797407,29.891145462105435,-3.944816827774048,1391,21,9,1,NOMINAL_OUTSIDE_CERTIFIED_SET,54.70348358154297,OUTBOUND,-27.564653396606445,-0.02045043336456173,
0,33.733158111572266,1.4285701513290405,0.51149582862854,0.5351860523223877,31.76217822000035,29.87899336544695,-3.8557968139648438,1392,21,10,1,NOMINAL_OUTSIDE_CERTIFIED_SET,10.018044471740723,OUTBOUND,-28.128402709960938,-0.04661785715221561,
0,33.758941650390625,1.4290013313293457,8.309900283813477,8.328662872314453,31.776836241973797,29.866807854736916,-3.8747382164001465,1393,21,11,1,NOMINAL_OUTSIDE_CERTIFIED_SET,59.51606369018555,OUTBOUND,-28.15264129638672,-0.07647973855709261,
0,33.71701431274414,1.4294320344924927,23.25741958618164,22.99860382080078,31.791558358992916,29.854584794491714,-3.901047945022583,1394,21,12,1,NOMINAL_OUTSIDE_CERTIFIED_SET,123.53862762451172,OUTBOUND,-28.318344116210938,-0.11206770049829419,
0,33.76653289794922,1.4298641681671143,8.05966567993164,7.994192600250244,31.808402465976542,29.842321436896018,-3.941185474395752,1395,21,13,1,NOMINAL_OUTSIDE_CERTIFIED_SET,38.31163024902344,OUTBOUND,-28.374614715576172,-0.15502448046862025,
0,33.9359016418457,1.430298089981079,0.355598121881485,0.3848026692867279,31.824053674994502,29.83004108722724,-3.9503235816955566,1396,21,14,1,NOMINAL_OUTSIDE_CERTIFIED_SET,31.150226593017578,OUTBOUND,-28.447153091430664,-0.20108516559940012,
1,33.47309875488281,1.430734634399414,8.259197235107422,8.204490661621094,31.841945161984768,29.817728460213612,-3.9731786251068115,1397,21,15,0,,10.89380168914795,OUTBOUND,-27.914522171020508,-0.21131537771526218,
0,33.17605209350586,1.431170105934143,8.448477745056152,8.421087265014648,31.86503029798041,29.8054483580995,-3.896873712539673,1398,21,16,1,NOMINAL_OUTSIDE_CERTIFIED_SET,33.654457092285156,OUTBOUND,-27.63312530517578,-0.21803902440143114,
0,33.074832916259766,1.4316035509109497,8.52529525756836,8.494181632995605,31.887044678995153,29.79316291112661,-3.8763978481292725,1399,21,17,1,INSUFFICIENT_RECOVERY_RESERVE,53.02838134765625,OUTBOUND,-27.474546432495117,-0.23690282968204676,
0,33.171749114990234,1.4320381879806519,15.991052627563477,15.815897941589355,31.912428847979754,29.78088820729309,-3.9387593269348145,1400,21,18,1,NOMINAL_OUTSIDE_CERTIFIED_SET,8.395467758178711,OUTBOUND,-27.545564651489258,-0.2684518232955873,
0,33.64332580566406,1.4324722290039062,15.895715713500977,15.723163604736328,32.02329471698613,29.768596296129218,-3.9045066833496094,1401,21,19,1,INSUFFICIENT_RECOVERY_RESERVE,21.644886016845703,OUTBOUND,-28.118066787719727,-0.2979425643578499,
0,34.119632720947266,1.4329081773757935,0.6569951772689819,0.6660746335983276,32.04429249299574,29.756317324158033,-3.956557512283325,1402,21,20,1,NOMINAL_OUTSIDE_CERTIFIED_SET,41.925621032714844,OUTBOUND,-28.406333923339844,-0.3251436679501849,
0,33.67938232421875,1.4333429336547852,0.7894594073295593,0.7709105014801025,32.057444458972896,29.744010496351436,-3.891401529312134,1403,21,21,1,INSUFFICIENT_RECOVERY_RESERVE,77.34393310546875,OUTBOUND,-27.923734664916992,-0.3503220719525566,
0,34.01927947998047,1.4337763786315918,0.4168817698955536,0.3959478437900543,32.07227689999854,29.731719433808,-3.8901426792144775,1404,21,22,1,NOMINAL_OUTSIDE_CERTIFIED_SET,47.57768249511719,OUTBOUND,-28.30211639404297,-0.373399488734796,
0,34.06820297241211,1.4342091083526611,15.01857852935791,14.830282211303711,32.08588635697379,29.719400472106646,-3.895799160003662,1405,21,23,1,INSUFFICIENT_RECOVERY_RESERVE,44.86590576171875,OUTBOUND,-28.39995002746582,-0.3946390103578919,
0,34.04246520996094,1.4346414804458618,0.547175407409668,0.5672076940536499,32.102226758986944,29.707115278635403,-3.9033567905426025,1406,21,24,1,INSUFFICIENT_RECOVERY_RESERVE,21.856998443603516,OUTBOUND,-28.35786247253418,-0.36774013125342625,
0,34.058868408203125,1.4350732564926147,8.156901359558105,8.100268363952637,32.12573112998507,29.694841285237043,-3.8978381156921387,1407,21,25,1,NOMINAL_OUTSIDE_CERTIFIED_SET,32.725189208984375,OUTBOUND,-28.41122817993164,-0.3858816448826745,
0,33.88597106933594,1.435505747795105,8.304655075073242,8.263996124267578,32.145387521974044,29.682543322322726,-3.923703193664551,1408,21,26,1,INSUFFICIENT_RECOVERY_RESERVE,29.878725051879883,OUTBOUND,-28.281539916992188,-0.40274903526386263,
0,33.918033599853516,1.4359394311904907,8.633373260498047,8.58011245727539,32.16664479798055,29.67025909248959,-3.935844659805298,1409,21,27,1,NOMINAL_OUTSIDE_CERTIFIED_SET,35.2000732421875,OUTBOUND,-28.328317642211914,-0.41867483102712943,
0,34.147979736328125,1.4363750219345093,0.4497224688529968,0.4871968626976013,32.18234264198691,29.65795062237978,-3.952227830886841,1410,21,28,1,INSUFFICIENT_RECOVERY_RESERVE,12.682500839233398,OUTBOUND,-28.542015075683594,-0.43344850474248975,
0,34.25188446044922,1.4368091821670532,0.40771573781967163,0.4305003881454468,32.20049388697953,29.645674764959885,-3.885502815246582,1411,21,29,1,NOMINAL_OUTSIDE_CERTIFIED_SET,8.60625171661377,OUTBOUND,-28.671628952026367,-0.43864280961356394,
0,33.97673034667969,1.4372437000274658,8.67314338684082,8.600176811218262,32.220253072999185,29.633387239322015,-3.9199576377868652,1412,21,30,1,NOMINAL_OUTSIDE_CERTIFIED_SET,15.10566234588623,OUTBOUND,-28.370704650878906,-0.4733142173474903,
0,34.34387969970703,1.4376789331436157,8.248272895812988,8.182247161865234,32.233447790000355,29.621092597789467,-3.9289350509643555,1413,21,31,1,NO_GENERATOR_SET,25.4939022064209,OUTBOUND,-28.84545135498047,-0.48411184521895334,
0,33.882049560546875,1.4381145238876343,8.406895637512207,8.3363676071167,32.33194929099409,29.608782930871104,-3.9207210540771484,1414,21,32,1,INSUFFICIENT_RECOVERY_RESERVE,4.697983741760254,OUTBOUND,-28.328569412231445,-0.4631432484334643,
0,34.22970199584961,1.438551425933838,0.5588816404342651,0.5931347012519836,32.34778182397713,29.59648953671796,-3.943239688873291,1415,21,33,1,NOMINAL_OUTSIDE_CERTIFIED_SET,24.393922805786133,OUTBOUND,-28.632484436035156,-0.4745550811170423,
0,33.86497116088867,1.4389852285385132,8.49703311920166,8.43344783782959,32.362439409975195,29.584172406101413,-3.8533945083618164,1416,21,34,1,INSUFFICIENT_RECOVERY_RESERVE,2.5242578983306885,OUTBOUND,-28.34358787536621,-0.48514325184033746,
0,34.175575256347656,1.4394196271896362,0.7213932871818542,0.7325180768966675,32.374729051982285,29.57188886117576,-3.921419620513916,1417,21,35,1,INSUFFICIENT_RECOVERY_RESERVE,40.71982192993164,OUTBOUND,-28.49346160888672,-0.4416185225863166,
1,34.1609992980957,1.4398537874221802,0.9602913856506348,1.0110034942626953,32.39345249699545,29.559633336188575,-3.9042835235595703,1418,21,36,0,,34.3375358581543,OUTBOUND,-28.48102378845215,-0.4130040818501391,
1,33.55474853515625,1.4402873516082764,0.8429992198944092,0.8577254414558411,32.4079282139719,29.54738064967651,-3.9010167121887207,1419,21,37,0,,52.043582916259766,OUTBOUND,-27.790279388427734,-0.4075382048230781,
0,34.80713653564453,1.4407224655151367,0.4712386429309845,0.4943734109401703,32.42488893697737,29.535120079382285,-3.9409499168395996,1420,21,38,1,NOMINAL_OUTSIDE_CERTIFIED_SET,10.283166885375977,OUTBOUND,-29.031082153320312,-0.44307327938260627,
0,34.35957336425781,1.4411582946777344,8.671568870544434,8.618709564208984,32.43920749699464,29.52283893673198,-3.928083896636963,1421,21,39,1,INSUFFICIENT_RECOVERY_RESERVE,31.432302474975586,OUTBOUND,-28.735496520996094,-0.45434886988343437,
0,34.80902099609375,1.4415920972824097,0.41244521737098694,0.44950762391090393,32.45753857700038,29.51056896909085,-3.8694849014282227,1422,21,40,1,NOMINAL_OUTSIDE_CERTIFIED_SET,16.80356788635254,OUTBOUND,-29.16474151611328,-0.46564962541469673,
0,34.83741760253906,1.4420270919799805,0.4908989667892456,0.5377585291862488,32.47208447297453,29.49827713906158,-3.9324779510498047,1423,21,41,1,INSUFFICIENT_RECOVERY_RESERVE,27.535520553588867,OUTBOUND,-29.246240615844727,-0.4760650289072022,
0,34.11210250854492,1.442461609840393,16.294376373291016,16.08339500427246,32.49240386899328,29.485998731649833,-3.9039206504821777,1424,21,42,1,NOMINAL_OUTSIDE_CERTIFIED_SET,83.75835418701172,OUTBOUND,-28.555747985839844,-0.4864772084107666,
0,34.742210388183594,1.4428973197937012,0.2939607799053192,0.30843910574913025,32.504213997977786,29.4736972407185,-3.933168649673462,1425,21,43,1,INSUFFICIENT_RECOVERY_RESERVE,12.400191307067871,OUTBOUND,-29.297622680664062,-0.49605368493511814,
1,34.20841598510742,1.4433341026306152,0.5764555931091309,0.6363437175750732,32.621767691976856,29.46142151920359,-3.9351859092712402,1426,21,44,0,,30.30117416381836,OUTBOUND,-28.664030075073242,-0.44487914873313217,
0,34.70779037475586,1.443771243095398,0.5349034070968628,0.5906952619552612,32.63767882299726,29.44917530330645,-3.9231815338134766,1427,21,45,1,NOMINAL_OUTSIDE_CERTIFIED_SET,15.695799827575684,OUTBOUND,-29.09748649597168,-0.44569703626501045,
0,34.35251235961914,1.4442082643508911,16.556238174438477,16.36259651184082,32.65474775497569,29.43691791544331,-3.911877393722534,1428,21,46,1,NOMINAL_OUTSIDE_CERTIFIED_SET,47.53569412231445,OUTBOUND,-28.79060173034668,-0.4860095849727208,
0,34.410888671875,1.4446436166763306,8.649519920349121,8.583518028259277,32.6731145089725,29.424651886021056,-3.8777122497558594,1429,21,47,1,NOMINAL_OUTSIDE_CERTIFIED_SET,2.2423558235168457,OUTBOUND,-28.855850219726562,-0.4992601192525112,
0,33.84539031982422,1.4450799226760864,8.802797317504883,8.768922805786133,32.69255627298844,29.412368657459204,-3.9308831691741943,1430,21,48,1,INSUFFICIENT_RECOVERY_RESERVE,42.47946548461914,OUTBOUND,-28.206085205078125,-0.47626951076198537,
0,34.17498016357422,1.4455186128616333,8.80975341796875,8.747363090515137,32.71562211497803,29.40009706959148,-3.9628894329071045,1431,21,49,1,NOMINAL_OUTSIDE_CERTIFIED_SET,39.22499465942383,OUTBOUND,-28.39479637145996,-0.48685413844866426,
0,33.76057434082031,1.445957064628601,9.129324913024902,9.06671142578125,32.73355680098757,29.38780313426102,-3.910504102706909,1432,21,50,1,INSUFFICIENT_RECOVERY_RESERVE,47.93646240234375,OUTBOUND,-28.0274658203125,-0.49651423519224397,
1,34.81855010986328,1.4463986158370972,0.555601179599762,0.5466940402984619,32.756098041980295,29.37554284188399,-3.982781410217285,1433,21,51,0,,50.42350769042969,OUTBOUND,-28.97549057006836,-0.4806128385343581,
1,34.475894927978516,1.4468406438827515,16.943187713623047,16.79745864868164,32.775370082992595,29.3632238053274,-3.9319419860839844,1434,21,52,0,,35.958621978759766,OUTBOUND,-28.79567527770996,-0.4667653908847898,
0,34.66958236694336,1.4472835063934326,25.795894622802734,25.595020294189453,32.79696470798808,29.35092310304823,-3.9401354789733887,1435,21,53,1,NOMINAL_OUTSIDE_CERTIFIED_SET,110.91934967041016,OUTBOUND,-29.11422348022461,-0.4688021029549091,
0,34.65058898925781,1.4477266073226929,0.5221229195594788,0.5521789193153381,32.81975594998221,29.338630353704524,-3.931550979614258,1436,21,54,1,NOMINAL_OUTSIDE_CERTIFIED_SET,30.98556900024414,OUTBOUND,-29.088838577270508,-0.5036742345996585,
0,34.324806213378906,1.448168396949768,9.001204490661621,8.936223983764648,32.84231325797737,29.326344371743367,-3.895963191986084,1437,21,55,1,NOMINAL_OUTSIDE_CERTIFIED_SET,15.694709777832031,OUTBOUND,-28.675905227661133,-0.51215155072912,
1,34.80669021606445,1.4486104249954224,8.458831787109375,8.398882865905762,32.86403781597619,29.314039845291884,-3.9265565872192383,1438,21,56,0,,7.641269683837891,OUTBOUND,-29.189041137695312,-0.4772640594140673,
0,34.48435974121094,1.449053406715393,8.957967758178711,8.899251937866211,32.88569906298653,29.301798899446222,-3.9448556900024414,1439,21,57,1,NOMINAL_OUTSIDE_CERTIFIED_SET,18.59735679626465,OUTBOUND,-28.7812442779541,-0.4348550116945386,
0,34.84709548950195,1.4494969844818115,0.43609005212783813,0.48426076769828796,32.906497088988544,29.289568858513523,-3.932864189147949,1440,21,58,1,NOMINAL_OUTSIDE_CERTIFIED_SET,42.82477951049805,OUTBOUND,-29.05303192138672,-0.41196618372101695,
0,34.653873443603516,1.4499388933181763,0.5904148817062378,0.622807502746582,32.93304228797206,29.27734541139614,-3.8915045261383057,1441,21,59,1,NOMINAL_OUTSIDE_CERTIFIED_SET,42.590301513671875,OUTBOUND,-28.857242584228516,-0.38077392639242263,
0,34.986934661865234,1.4503816366195679,8.971892356872559,8.890177726745605,32.95574598599342,29.265134692604505,-3.936933994293213,1442,21,60,1,NOMINAL_OUTSIDE_CERTIFIED_SET,19.370573043823242,OUTBOUND,-29.152528762817383,-0.3445044654417782,
0,34.726402282714844,1.4508239030838013,0.4881369471549988,0.5163133144378662,33.06542970199371,29.252941146869183,-3.914512872695923,1443,21,61,1,NOMINAL_OUTSIDE_CERTIFIED_SET,29.30470848083496,OUTBOUND,-28.97277069091797,-0.3057407176929026,
1,35.37699890136719,1.4512648582458496,0.4110300838947296,0.43976953625679016,33.082258127979,29.24077480825516,-3.8937437534332275,1444,21,62,0,,15.448122024536133,OUTBOUND,-29.64475440979004,-0.2862041113464843,
1,35.29450988769531,1.451708197593689,26.810489654541016,26.601072311401367,33.10502061797888,29.228581441986737,-3.968013286590576,1445,21,63,0,,153.61961364746094,OUTBOUND,-29.705589294433594,-0.26846062628845896,
1,34.659305572509766,1.4521507024765015,26.2434139251709,26.038043975830078,33.12171288198442,29.216432273122816,-3.9040653705596924,1446,21,64,0,,115.88529205322266,OUTBOUND,-29.22077751159668,-0.2602212140868441,
0,34.91048812866211,1.4525924921035767,0.4919353723526001,0.5182682871818542,33.139497710973956,29.204244942222996,-3.9062275886535645,1447,21,65,1,NOMINAL_OUTSIDE_CERTIFIED_SET,33.17591857910156,OUTBOUND,-29.34963607788086,-0.23851847066913473,
1,34.85808563232422,1.4530348777770996,7.986214637756348,7.8792948722839355,33.1555087659799,29.192116525576736,-3.9326484203338623,1448,21,66,0,,17.88811683654785,OUTBOUND,-29.27413558959961,-0.20040825267160045,
0,34.029911041259766,1.4534764289855957,8.210904121398926,8.13575553894043,33.173612894985126,29.179972793027773,-3.9021761417388916,1449,21,67,1,NOMINAL_OUTSIDE_CERTIFIED_SET,46.68293380737305,OUTBOUND,-28.386049270629883,-0.16553928647181615,
0,34.81967544555664,1.4539165496826172,9.098434448242188,9.036572456359863,33.193969281972386,29.16786893152828,-3.8883414268493652,1450,21,68,1,NOMINAL_OUTSIDE_CERTIFIED_SET,12.70778751373291,FAILURE,-29.229454040527344,-0.1140482020888619,
1,34.88551330566406,1.4543566703796387,8.837915420532227,8.76645278930664,33.216263291978976,29.987988597552476,-3.9153072834014893,1451,22,1,0,,20.862695693969727,OUTBOUND,-29.192533493041992,-0.0023430255719211267,
1,34.71391296386719,1.454795479774475,8.049118995666504,7.936004638671875,33.239854891988216,29.975942170075516,-3.8858089447021484,1452,22,2,0,,44.261390686035156,OUTBOUND,-28.948680877685547,0.022141532329001117,
0,35.02126693725586,1.4552350044250488,17.336685180664062,17.20500946044922,33.25368286299636,29.963861842896133,-3.926445722579956,1453,22,3,1,NOMINAL_OUTSIDE_CERTIFIED_SET,18.958955764770508,OUTBOUND,-29.261566162109375,0.03095379749332809,
0,35.069847106933594,1.4556726217269897,0.6431192755699158,0.657982349395752,33.273994816991035,29.951758900467407,-3.8734757900238037,1454,22,4,1,NOMINAL_OUTSIDE_CERTIFIED_SET,60.53615951538086,OUTBOUND,-29.313711166381836,0.0152866380820336,
1,34.986785888671875,1.4561078548431396,0.757372260093689,0.7900296449661255,33.390576680976665,29.9396533642184,-3.8583316802978516,1455,22,5,0,,58.4614143371582,OUTBOUND,-29.16991424560547,0.02584336845726311,
1,35.33951187133789,1.4565447568893433,0.5419867634773254,0.547416090965271,33.41138636699179,29.92752754691525,-3.936781406402588,1456,22,6,0,,26.13393783569336,OUTBOUND,-29.504091262817383,0.03901018871133249,
0,35.61507797241211,1.4569813013076782,9.424208641052246,9.383748054504395,33.42730004998157,29.91536840482247,-3.8982295989990234,1457,22,7,1,NOMINAL_OUTSIDE_CERTIFIED_SET,49.089717864990234,OUTBOUND,-29.837242126464844,0.015853189590880473,
1,35.46821594238281,1.4574182033538818,0.4274277091026306,0.44998639822006226,33.442752420989564,29.9031786126324,-3.9132473468780518,1458,22,8,0,,3.6741247177124023,OUTBOUND,-29.71389389038086,-0.028245564184395784,
0,36.096702575683594,1.4578536748886108,0.4684292674064636,0.49445855617523193,33.46287871498498,29.891028834491056,-3.8774421215057373,1459,22,9,1,NOMINAL_OUTSIDE_CERTIFIED_SET,41.932777404785156,OUTBOUND,-30.430946350097656,-0.06298065768446044,
0,35.823326110839844,1.4582881927490234,0.38154101371765137,0.39617469906806946,33.481719563977094,29.87884592395859,-3.8802316188812256,1460,22,10,1,NOMINAL_OUTSIDE_CERTIFIED_SET,28.259429931640625,OUTBOUND,-30.21198272705078,-0.08603498916816511,
0,35.650211334228516,1.4587243795394897,18.549707412719727,18.35392189025879,33.5006165469822,29.866629654038807,-3.9385287761688232,1461,22,11,1,NOMINAL_OUTSIDE_CERTIFIED_SET,109.90769958496094,OUTBOUND,-30.115055084228516,-0.11499784592225579,
0,35.1439208984375,1.4591598510742188,0.4341164231300354,0.4489590525627136,33.51611226599198,29.85437622560303,-3.885270118713379,1462,22,12,1,NOMINAL_OUTSIDE_CERTIFIED_SET,9.439775466918945,OUTBOUND,-29.608135223388672,-0.15156936888779812,
0,34.902259826660156,1.4595974683761597,9.764403343200684,9.73499870300293,33.53206789397518,29.842101669180376,-3.9479968547821045,1463,22,13,1,NOMINAL_OUTSIDE_CERTIFIED_SET,6.273017406463623,OUTBOUND,-29.23748779296875,-0.19327361018153733,
0,35.3894157409668,1.4600359201431274,0.5376102924346924,0.5931467413902283,33.55133512598695,29.82981507672016,-3.923985481262207,1464,22,14,1,NOMINAL_OUTSIDE_CERTIFIED_SET,39.64592361450195,OUTBOUND,-29.705699920654297,-0.23183814870820327,
1,34.92146301269531,1.4604748487472534,9.351075172424316,9.301095008850098,33.57436047997908,29.817498950741644,-3.916350841522217,1465,22,15,0,,23.056217193603516,OUTBOUND,-29.203222274780273,-0.238136262840376,
0,34.83627700805664,1.4609177112579346,26.66769790649414,26.449161529541016,33.58999833499547,29.805205626085836,-3.9908218383789062,1466,22,16,1,NOMINAL_OUTSIDE_CERTIFIED_SET,74.12133026123047,OUTBOUND,-29.140541076660156,-0.2582341455610249,
0,35.19536209106445,1.4613630771636963,0.7282729744911194,0.7379363775253296,33.72860378798214,29.79289455450732,-3.9689314365386963,1467,22,17,1,INSUFFICIENT_RECOVERY_RESERVE,79.83123016357422,OUTBOUND,-29.521501541137695,-0.28978463238559576,
0,35.56706619262695,1.4618099927902222,0.7223231196403503,0.7242230772972107,33.741677597980015,29.780616462371025,-3.955320119857788,1468,22,18,1,INSUFFICIENT_RECOVERY_RESERVE,75.73857879638672,OUTBOUND,-29.687034606933594,-0.28161107625300624,
0,35.474082946777344,1.4622573852539062,17.66347312927246,17.521636962890625,33.755306192993885,29.76834867298118,-3.93288254737854,1469,22,19,1,NOMINAL_OUTSIDE_CERTIFIED_SET,29.19322967529297,OUTBOUND,-29.77183723449707,-0.30694646265011116,
0,35.51311492919922,1.4627045392990112,0.7359337210655212,0.7329061031341553,33.771682415972464,29.756057657845005,-3.9190073013305664,1470,22,20,1,INSUFFICIENT_RECOVERY_RESERVE,52.84992218017578,OUTBOUND,-29.72736930847168,-0.33071617574168605,
1,35.569095611572266,1.4631531238555908,8.36493968963623,8.27514934539795,33.78760009497637,29.7437699925845,-3.9567008018493652,1471,22,21,0,,9.092398643493652,OUTBOUND,-29.70233154296875,-0.28812087854105595,
1,35.1077880859375,1.4636030197143555,27.428203582763672,27.212671279907227,33.807236468972405,29.731505672894336,-3.952221393585205,1472,22,22,0,,83.51422882080078,OUTBOUND,-29.333560943603516,-0.23038307378920003,
1,35.189090728759766,1.4640501737594604,9.522826194763184,9.454906463623047,33.82213716598926,29.719289865675147,-3.8731205463409424,1473,22,23,0,,5.567742347717285,OUTBOUND,-29.50641632080078,-0.21629362344987663,
0,35.75518798828125,1.4644960165023804,0.5146120190620422,0.5518368482589722,33.841201281000394,29.707021266300664,-3.8959102630615234,1474,22,24,1,NOMINAL_OUTSIDE_CERTIFIED_SET,35.947200775146484,OUTBOUND,-30.020200729370117,-0.2683648053903393,
1,34.97286605834961,1.4649399518966675,18.532676696777344,18.370269775390625,33.86183030999382,29.694754988788855,-3.8794565200805664,1475,22,25,0,,42.29292678833008,OUTBOUND,-29.310741424560547,-0.29522018009371354,
0,35.52675247192383,1.4653841257095337,18.28378677368164,18.121307373046875,33.880439320986625,29.682435484329584,-3.922044277191162,1476,22,26,1,NOMINAL_OUTSIDE_CERTIFIED_SET,29.346181869506836,OUTBOUND,-29.89021110534668,-0.32722300230507184,
0,35.242244720458984,1.4658260345458984,17.433046340942383,17.234786987304688,33.90226081997389,29.670104481293045,-3.869351863861084,1477,22,27,1,NOMINAL_OUTSIDE_CERTIFIED_SET,14.749063491821289,OUTBOUND,-29.666912078857422,-0.417426156287004,
0,35.360294342041016,1.4662665128707886,9.549442291259766,9.491036415100098,33.91615503799403,29.657770863860414,-3.879164695739746,1478,22,28,1,INSUFFICIENT_RECOVERY_RESERVE,33.63256072998047,OUTBOUND,-29.76581382751465,-0.4439583421435161,
0,35.7794303894043,1.4667099714279175,0.8566610217094421,0.9009759426116943,33.93970797798829,29.6454748773672,-3.97322940826416,1479,22,29,1,NOMINAL_OUTSIDE_CERTIFIED_SET,73.3773422241211,OUTBOUND,-29.925399780273438,-0.4546143656743917,
0,36.04525375366211,1.4671555757522583,0.6005649566650391,0.6196276545524597,33.9576169239881,29.63317797826711,-3.956448554992676,1480,22,30,1,NO_GENERATOR_SET,62.89075469970703,OUTBOUND,-30.137041091918945,-0.4967304732304966,
0,36.011138916015625,1.4676008224487305,0.7537047863006592,0.7809557318687439,33.976794441987295,29.620868102593228,-3.9116334915161133,1481,22,31,1,NO_GENERATOR_SET,55.71101760864258,OUTBOUND,-30.054351806640625,-0.5110536273721186,
0,36.02250289916992,1.4680458307266235,9.241815567016602,9.201122283935547,33.992599994991906,29.60854065120508,-3.914240598678589,1482,22,32,1,INSUFFICIENT_RECOVERY_RESERVE,19.726476669311523,OUTBOUND,-30.095491409301758,-0.4891809904127511,
0,36.13114547729492,1.468493103981018,0.5358784198760986,0.5782007575035095,34.01056661098846,29.596231618542344,-3.96199369430542,1483,22,33,1,NOMINAL_OUTSIDE_CERTIFIED_SET,11.27330207824707,OUTBOUND,-30.262975692749023,-0.5010554669145655,
0,36.230628967285156,1.4689404964447021,9.697608947753906,9.658655166625977,34.13051700097276,29.583894623592226,-3.9239814281463623,1484,22,34,1,INSUFFICIENT_RECOVERY_RESERVE,43.91590881347656,OUTBOUND,-30.399864196777344,-0.5118582851683688,
0,36.15812683105469,1.4693893194198608,9.906991958618164,9.874224662780762,34.15114878799068,29.571593271024742,-3.9503068923950195,1485,22,35,1,INSUFFICIENT_RECOVERY_RESERVE,59.099609375,OUTBOUND,-30.4415340423584,-0.46489240834523343,
1,36.56422424316406,1.4698396921157837,0.5448377728462219,0.5729646682739258,34.175618612993276,29.55932261332703,-3.9563097953796387,1486,22,36,0,,35.18820571899414,OUTBOUND,-30.920528411865234,-0.4229599411906515,
0,35.894683837890625,1.4702889919281006,19.078577041625977,18.894412994384766,34.19206443298026,29.54705058339213,-3.904468297958374,1487,22,37,1,NOMINAL_OUTSIDE_CERTIFIED_SET,94.99287414550781,OUTBOUND,-30.311824798583984,-0.4404230196665368,
0,35.867679595947266,1.4707382917404175,9.625188827514648,9.538908958435059,34.206599537981674,29.53476281434503,-3.9251627922058105,1488,22,38,1,INSUFFICIENT_RECOVERY_RESERVE,18.7213077545166,OUTBOUND,-30.348325729370117,-0.4552643110567783,
1,35.735260009765625,1.4711862802505493,0.5170566439628601,0.5815438032150269,34.22167949998402,29.522512087684223,-3.895057439804077,1489,22,39,0,,62.0177116394043,OUTBOUND,-30.127729415893555,-0.4192880131580637,
1,35.9639778137207,1.471634030342102,18.409366607666016,18.196603775024414,34.23535584597266,29.51027168498343,-3.914658308029175,1490,22,40,0,,34.221309661865234,OUTBOUND,-30.35177230834961,-0.42263290655405167,
0,36.10545349121094,1.4720818996429443,9.340492248535156,9.262568473815918,34.26883369599818,29.49799782852664,-3.9239118099212646,1491,22,41,1,NOMINAL_OUTSIDE_CERTIFIED_SET,27.545455932617188,OUTBOUND,-30.470388412475586,-0.4751091463977646,
0,35.951210021972656,1.4725292921066284,9.5520601272583,9.466086387634277,34.29233632099931,29.485697601150644,-3.9101243019104004,1492,22,42,1,INSUFFICIENT_RECOVERY_RESERVE,49.614723205566406,OUTBOUND,-30.234865188598633,-0.48659981155828724,
0,35.86321258544922,1.472976565361023,18.51572036743164,18.332746505737305,34.30937107600039,29.473411235073225,-3.9191884994506836,1493,22,43,1,NOMINAL_OUTSIDE_CERTIFIED_SET,8.42977523803711,OUTBOUND,-30.135583877563477,-0.4973512335155805,
0,35.47340393066406,1.4734234809875488,27.41494369506836,27.184551239013672,34.32238364798832,29.461098791642918,-3.9066388607025146,1494,22,44,1,INSUFFICIENT_RECOVERY_RESERVE,15.323370933532715,OUTBOUND,-29.839223861694336,-0.5071373089084769,
0,35.96533966064453,1.4738725423812866,1.1875454187393188,1.1636626720428467,34.33644184199511,29.448824764158143,-3.964223623275757,1495,22,45,1,NOMINAL_OUTSIDE_CERTIFIED_SET,108.88340759277344,OUTBOUND,-30.06208038330078,-0.501865014016552,
1,35.97319793701172,1.4743226766586304,1.2149536609649658,1.1781097650527954,34.357055337983184,29.436529488695058,-3.944283962249756,1496,22,46,0,,113.21703338623047,OUTBOUND,-29.93389129638672,-0.5121353763910063,
1,36.50008773803711,1.47477126121521,9.503918647766113,9.38674545288086,34.488834079995286,29.424222624316858,-3.8883633613586426,1497,22,47,0,,26.966581344604492,OUTBOUND,-30.515348434448242,-0.48050891867671697,
1,35.96211624145508,1.4752197265625,44.87322235107422,44.55291748046875,34.506860754976515,29.411959859371702,-3.920459270477295,1498,22,48,0,,183.05946350097656,OUTBOUND,-30.15576934814453,-0.4610413078817244,
0,37.1068115234375,1.4756673574447632,0.2805618345737457,0.26431509852409363,34.523370554990834,29.39963982158528,-3.9000091552734375,1499,22,49,1,NOMINAL_OUTSIDE_CERTIFIED_SET,21.70353126525879,OUTBOUND,-31.262788772583008,-0.5020594348102018,
0,37.06645965576172,1.4761146306991577,0.4171369969844818,0.4418857991695404,34.53987753597903,29.387312241135426,-3.9108493328094482,1500,22,50,1,INSUFFICIENT_RECOVERY_RESERVE,6.210331439971924,OUTBOUND,-31.103315353393555,-0.5153100212194436,
1,36.65985870361328,1.4765616655349731,9.947556495666504,9.873787879943848,34.555664149986114,29.375020010527617,-3.912731170654297,1501,22,51,0,,30.316085815429688,OUTBOUND,-30.92102813720703,-0.4674193526862011,
0,36.81488037109375,1.4770077466964722,0.49958908557891846,0.5366159677505493,34.57273855499807,29.362738625045946,-3.8947460651397705,1502,22,52,1,NOMINAL_OUTSIDE_CERTIFIED_SET,3.8201160430908203,OUTBOUND,-30.983257293701172,-0.478618468366124,
0,36.65094757080078,1.4774545431137085,10.083535194396973,10.020130157470703,34.5948948339792,29.350456518515646,-3.9272854328155518,1503,22,53,1,NOMINAL_OUTSIDE_CERTIFIED_SET,38.73460388183594,OUTBOUND,-30.892642974853516,-0.5279788853570004,
0,36.607059478759766,1.477900505065918,8.599621772766113,8.426592826843262,34.6098811479751,29.338168725367186,-3.898282766342163,1504,22,54,1,NO_GENERATOR_SET,36.70206069946289,OUTBOUND,-31.00606918334961,-0.5459409750137014,
0,36.39436721801758,1.4783451557159424,10.072270393371582,9.99368953704834,34.6311562799965,29.325873933428184,-3.885197639465332,1505,22,55,1,NO_GENERATOR_SET,20.5228271484375,OUTBOUND,-30.72406005859375,-0.5399673879658442,
1,36.24847412109375,1.4787898063659668,10.050934791564941,9.998197555541992,34.65813510699081,29.313582768479854,-3.9099490642547607,1506,22,56,0,,4.7978129386901855,OUTBOUND,-30.572324752807617,-0.5216124370800429,
0,36.201255798339844,1.4792351722717285,9.940516471862793,9.906984329223633,34.68118762798258,29.301299347434597,-3.9215874671936035,1507,22,57,1,NOMINAL_OUTSIDE_CERTIFIED_SET,7.4952521324157715,OUTBOUND,-30.54757308959961,-0.48985750993720767,
0,36.28919219970703,1.479681372642517,0.6888468861579895,0.7046778202056885,34.79319692097488,29.289037949785705,-3.9319677352905273,1508,22,58,1,NOMINAL_OUTSIDE_CERTIFIED_SET,68.03688049316406,OUTBOUND,-30.5013484954834,-0.44392565978737214,
0,36.408424377441406,1.4801278114318848,0.8794575929641724,0.8959454894065857,34.81479133997345,29.276798558897276,-3.912484645843506,1509,22,59,1,NOMINAL_OUTSIDE_CERTIFIED_SET,72.4700927734375,OUTBOUND,-30.576126098632812,-0.39425340094888484,
1,37.06666946411133,1.4805729389190674,0.6015432476997375,0.6056941747665405,34.83840907199192,29.264554420245933,-3.887512445449829,1510,22,60,0,,38.41453170776367,OUTBOUND,-31.083009719848633,-0.3436167524371795,
0,36.7786750793457,1.481016755104065,9.75826358795166,9.740801811218262,34.85824757197406,29.252348287502148,-3.881840944290161,1511,22,61,1,NOMINAL_OUTSIDE_CERTIFIED_SET,14.192015647888184,OUTBOUND,-30.909881591796875,-0.294069528519152,
1,36.9677734375,1.4814605712890625,9.946647644042969,9.899251937866211,34.876185425993754,29.2401858777945,-3.90586256980896,1512,22,62,0,,41.44205093383789,OUTBOUND,-31.135868072509766,-0.2726428126244591,
0,37.17390441894531,1.4819055795669556,27.330493927001953,27.095317840576172,34.89458393698442,29.22799766372276,-3.9318833351135254,1513,22,63,1,NOMINAL_OUTSIDE_CERTIFIED_SET,140.5588836669922,OUTBOUND,-31.47162437438965,-0.2473828963276554,
0,36.634525299072266,1.4823524951934814,0.42823830246925354,0.44037696719169617,34.91801723197568,29.215850379642372,-3.9452261924743652,1514,22,64,1,NOMINAL_OUTSIDE_CERTIFIED_SET,33.73773956298828,OUTBOUND,-30.839984893798828,-0.19482767466815096,
1,36.696556091308594,1.482800006866455,0.5763186812400818,0.6191339492797852,34.93656636599917,29.20374605284922,-3.9258666038513184,1515,22,65,0,,31.660524368286133,OUTBOUND,-30.92465591430664,-0.15904766334006773,
1,37.3309326171875,1.483249545097351,0.4427909851074219,0.4569067358970642,34.95233954399009,29.19164724765099,-3.9546046257019043,1516,22,66,0,,17.63617515563965,OUTBOUND,-31.45882225036621,-0.16154362066470998,
0,36.40892791748047,1.4836994409561157,0.6906447410583496,0.7562100291252136,34.97061237698654,29.179530915933842,-3.9225518703460693,1517,22,67,1,NOMINAL_OUTSIDE_CERTIFIED_SET,49.44651794433594,OUTBOUND,-30.507713317871094,-0.14834164396890545,
0,37.31800079345703,1.48415207862854,8.639934539794922,8.486631393432617,34.98694866197184,29.167451201080475,-3.9762415885925293,1518,22,68,1,NOMINAL_OUTSIDE_CERTIFIED_SET,32.44267272949219,FAILURE,-31.501420974731445,-0.09934263646549558,
1,37.31685256958008,1.4846043586730957,0.3714819550514221,0.3915724754333496,35.00454816999263,29.98797454991333,-3.914494037628174,1519,23,1,0,,6.783538341522217,OUTBOUND,-31.443090438842773,-0.03612918409021291,
1,37.13842010498047,1.4850544929504395,9.830835342407227,9.756153106689453,35.02013000199804,29.97592017893259,-3.8765206336975098,1520,23,2,0,,33.968292236328125,OUTBOUND,-31.353763580322266,-0.06758290679337539,
0,36.77513122558594,1.4855070114135742,8.929503440856934,8.820415496826172,35.037075525993714,29.963832147947425,-3.9686965942382812,1521,23,3,1,NOMINAL_OUTSIDE_CERTIFIED_SET,19.042922973632812,OUTBOUND,-31.014755249023438,-0.06255580096144893,
0,37.607635498046875,1.4859603643417358,0.34269365668296814,0.34952667355537415,35.054316017980454,29.95173803846004,-3.935791492462158,1522,23,4,1,NOMINAL_OUTSIDE_CERTIFIED_SET,4.298107624053955,OUTBOUND,-31.838993072509766,-0.04431922913152033,
0,36.69173049926758,1.4864139556884766,9.8995943069458,9.844141006469727,35.07040394798969,29.939620589762907,-3.9312245845794678,1523,23,5,1,NOMINAL_OUTSIDE_CERTIFIED_SET,16.531835556030273,OUTBOUND,-30.95630645751953,-0.032181706904349704,
1,36.748897552490234,1.4868690967559814,19.77161979675293,19.60902214050293,35.08505796798272,29.927508862433175,-3.952756643295288,1524,23,6,0,,50.27722930908203,OUTBOUND,-31.120925903320312,-0.02992521937852154,
0,37.15177917480469,1.4873218536376953,0.5369141101837158,0.5563145279884338,35.20156378898537,29.91536284041947,-3.8772215843200684,1525,23,7,1,NOMINAL_OUTSIDE_CERTIFIED_SET,51.49952697753906,OUTBOUND,-31.38998031616211,-0.03248672123814181,
0,37.02279281616211,1.4877787828445435,0.66096431016922,0.6729726195335388,35.215449502982665,29.903184997203493,-4.009336948394775,1526,23,8,1,NOMINAL_OUTSIDE_CERTIFIED_SET,73.42234802246094,OUTBOUND,-31.108768463134766,-0.039950114326189654,
0,37.20081329345703,1.488234281539917,0.5518603324890137,0.5563352108001709,35.23071868499392,29.890966917886416,-3.8995447158813477,1527,23,9,1,NOMINAL_OUTSIDE_CERTIFIED_SET,50.50377655029297,OUTBOUND,-31.378345489501953,-0.05810422723897884,
1,37.19276809692383,1.4886900186538696,10.215574264526367,10.149772644042969,35.24923707297421,29.87873472085626,-3.9284911155700684,1528,23,10,0,,5.795049667358398,OUTBOUND,-31.318750381469727,-0.07053093783062943,
0,37.65825653076172,1.489142894744873,0.4633120894432068,0.4875192940235138,35.26599678097409,29.86645565265747,-3.87031626701355,1529,23,11,1,NOMINAL_OUTSIDE_CERTIFIED_SET,32.05554962158203,OUTBOUND,-31.740642547607422,-0.0951549153985221,
1,37.440948486328125,1.489593744277954,9.925886154174805,9.878304481506348,35.28040179098025,29.854159390169432,-3.8768744468688965,1530,23,12,0,,40.54166030883789,OUTBOUND,-31.677934646606445,-0.11765086654537835,
0,37.63003921508789,1.4900463819503784,0.33684012293815613,0.3548184037208557,35.29667427597451,29.841880883298437,-3.9539504051208496,1531,23,13,1,NOMINAL_OUTSIDE_CERTIFIED_SET,3.315769910812378,OUTBOUND,-31.758419036865234,-0.13847491462769398,
1,37.66878128051758,1.4904989004135132,0.46736812591552734,0.5031124353408813,35.31355977099156,29.829575546535796,-3.9143171310424805,1532,23,14,0,,19.969770431518555,OUTBOUND,-31.852689743041992,-0.16665575631659357,
1,37.53369140625,1.490952491760254,10.304941177368164,10.234468460083008,35.33526743398397,29.817305372474678,-3.944395065307617,1533,23,15,0,,49.82080078125,OUTBOUND,-31.775362014770508,-0.15507152270220464,
0,37.56987380981445,1.4914060831069946,0.38275814056396484,0.40986523032188416,35.35550611198414,29.805021411164038,-3.9184248447418213,1534,23,16,1,NOMINAL_OUTSIDE_CERTIFIED_SET,4.0862345695495605,OUTBOUND,-31.805017471313477,-0.1785578936478454,
0,37.80517578125,1.4918614625930786,10.383580207824707,10.305322647094727,35.376324108976405,29.792715901067663,-3.958043098449707,1535,23,17,1,NOMINAL_OUTSIDE_CERTIFIED_SET,60.33981704711914,OUTBOUND,-32.061424255371094,-0.2530185222941287,
0,36.833133697509766,1.4923151731491089,10.545676231384277,10.502222061157227,35.392686732986476,29.780400867796395,-3.888270854949951,1536,23,18,1,INSUFFICIENT_RECOVERY_RESERVE,7.117785930633545,OUTBOUND,-31.167932510375977,-0.2877973397925005,
1,37.730552673339844,1.4927695989608765,0.32934117317199707,0.3584345281124115,35.4166861109843,29.76810476341636,-3.9372847080230713,1537,23,19,0,,32.762508392333984,OUTBOUND,-31.894092559814453,-0.27327749845420085,
0,37.70341110229492,1.49322509765625,18.33938217163086,18.118497848510742,35.54291814699536,29.75584567788398,-3.94124174118042,1538,23,20,1,NOMINAL_OUTSIDE_CERTIFIED_SET,48.079856872558594,OUTBOUND,-32.05897903442383,-0.2966729621186737,
1,37.041404724121094,1.4936784505844116,10.432090759277344,10.351171493530273,35.56080634499085,29.74358240220511,-3.8785548210144043,1539,23,21,0,,35.352481842041016,OUTBOUND,-31.381221771240234,-0.3398951490683215,
0,36.7495002746582,1.4941333532333374,19.035581588745117,18.823667526245117,35.580792109976755,29.731290732720606,-3.9530863761901855,1540,23,22,1,NOMINAL_OUTSIDE_CERTIFIED_SET,15.056900024414062,OUTBOUND,-30.954334259033203,-0.3790992977981437,
0,37.446834564208984,1.494589924812317,0.8647935390472412,0.8969584107398987,35.59600853797747,29.718977955094665,-3.9526257514953613,1541,23,23,1,INSUFFICIENT_RECOVERY_RESERVE,81.4261703491211,OUTBOUND,-31.48992919921875,-0.39706525890035665,
0,37.16731262207031,1.49504554271698,10.339905738830566,10.24624252319336,35.6135106679867,29.70668103024229,-3.9084153175354004,1542,23,24,1,NOMINAL_OUTSIDE_CERTIFIED_SET,37.50138473510742,OUTBOUND,-31.195159912109375,-0.41380672268990554,
0,37.18031692504883,1.4955012798309326,29.998729705810547,29.78091812133789,35.631104957981734,29.694362156358196,-3.922781229019165,1543,23,25,1,INSUFFICIENT_RECOVERY_RESERVE,63.56200408935547,OUTBOUND,-31.353687286376953,-0.42935547249867706,
1,37.64604187011719,1.495954155921936,10.375472068786621,10.279020309448242,35.6552289579995,29.68206259527915,-3.8637866973876953,1544,23,26,0,,43.397945404052734,OUTBOUND,-31.800697326660156,-0.4007095856628149,
0,37.625450134277344,1.49640691280365,10.356925964355469,10.269993782043457,35.680510389996925,29.669767366501254,-3.9163691997528076,1545,23,27,1,NOMINAL_OUTSIDE_CERTIFIED_SET,27.669466018676758,OUTBOUND,-31.708547592163086,-0.4169417834344881,
0,37.37265396118164,1.4968583583831787,20.191001892089844,20.040082931518555,35.70249180099927,29.657466316477212,-3.884549140930176,1546,23,28,1,NOMINAL_OUTSIDE_CERTIFIED_SET,37.325279235839844,OUTBOUND,-31.587398529052734,-0.4638860596341178,
0,37.705345153808594,1.497309684753418,19.785415649414062,19.635160446166992,35.725979860988446,29.64516262580967,-3.9142963886260986,1547,23,29,1,NO_GENERATOR_SET,43.363075256347656,OUTBOUND,-31.897171020507812,-0.48891335950544756,
0,37.574249267578125,1.4977625608444214,10.312190055847168,10.253664016723633,35.74714095098898,29.632859693629264,-3.939774990081787,1548,23,30,1,NO_GENERATOR_SET,17.179588317871094,OUTBOUND,-31.730859756469727,-0.49213030552482884,
0,37.3759765625,1.498213768005371,0.7653149366378784,0.8049898147583008,35.86737172497669,29.62054783230543,-3.8846781253814697,1549,23,31,1,INSUFFICIENT_RECOVERY_RESERVE,75.77007293701172,OUTBOUND,-31.474409103393555,-0.46763271936050843,
1,37.944095611572266,1.4986639022827148,0.6131076216697693,0.640257716178894,35.88386299897684,29.608283158815905,-3.888526678085327,1550,23,32,0,,59.87007522583008,OUTBOUND,-31.930458068847656,-0.44519812261142266,
1,37.7679443359375,1.4991133213043213,10.173791885375977,10.122037887573242,35.89934789398103,29.596015702564404,-3.8917717933654785,1551,23,33,0,,1.9871317148208618,OUTBOUND,-31.777706146240234,-0.4557282903145533,
1,37.88166427612305,1.4995640516281128,10.696009635925293,10.646297454833984,35.92057010999997,29.58370161951556,-3.9372916221618652,1552,23,34,0,,25.38058090209961,OUTBOUND,-31.876312255859375,-0.4414992921466891,
1,38.36468505859375,1.500015377998352,10.51028823852539,10.436715126037598,35.943986097991,29.571423628749727,-3.920243263244629,1553,23,35,0,,43.2598762512207,OUTBOUND,-32.58016586303711,-0.3902113913184454,
1,38.44304656982422,1.5004665851593018,0.3662679195404053,0.37740617990493774,35.96193614997901,29.559179369152517,-3.9082047939300537,1554,23,36,0,,13.126585960388184,OUTBOUND,-32.57038116455078,-0.3584723217797701,
1,38.33208465576172,1.50091552734375,0.39241716265678406,0.40109145641326904,35.98606107599335,29.546922340910232,-3.864867925643921,1555,23,37,0,,4.0690693855285645,OUTBOUND,-32.50480270385742,-0.3312331732806009,
1,38.02893829345703,1.501365065574646,10.521285057067871,10.454216957092285,36.00710574898403,29.534653080722926,-3.915789842605591,1556,23,38,0,,49.06962966918945,OUTBOUND,-32.272186279296875,-0.27823535524011106,
0,38.39451217651367,1.5018162727355957,10.651188850402832,10.555351257324219,36.025990354974056,29.522374256489552,-3.940812826156616,1557,23,39,1,NOMINAL_OUTSIDE_CERTIFIED_SET,51.111083984375,OUTBOUND,-32.731056213378906,-0.28669132811847897,
0,37.85839080810547,1.5022695064544678,20.671226501464844,20.509775161743164,36.04428360998281,29.510089376256957,-3.9494683742523193,1558,23,40,1,NOMINAL_OUTSIDE_CERTIFIED_SET,66.60558319091797,OUTBOUND,-32.148895263671875,-0.36675130560770275,
0,37.57990646362305,1.5027233362197876,10.766304016113281,10.729716300964355,36.06933633299195,29.49779229533384,-3.9263691902160645,1559,23,41,1,NOMINAL_OUTSIDE_CERTIFIED_SET,37.398826599121094,OUTBOUND,-31.79142951965332,-0.4448495865790249,
0,37.87295913696289,1.5031787157058716,19.747936248779297,19.60483169555664,36.084838564973325,29.485483694319967,-3.945833683013916,1560,23,42,1,INSUFFICIENT_RECOVERY_RESERVE,17.32121467590332,OUTBOUND,-32.134952545166016,-0.46139126295445154,
0,37.199214935302734,1.50363290309906,28.82146453857422,28.498098373413086,36.09933782997541,29.47318759838408,-3.8919506072998047,1561,23,43,1,NOMINAL_OUTSIDE_CERTIFIED_SET,25.85268783569336,OUTBOUND,-31.57986068725586,-0.4766744324213345,
0,37.53322219848633,1.5040887594223022,10.747564315795898,10.710062026977539,36.11108698497992,29.460874587242653,-3.9498915672302246,1562,23,44,1,INSUFFICIENT_RECOVERY_RESERVE,83.39806365966797,OUTBOUND,-31.666057586669922,-0.4903516675990401,
1,37.957069396972656,1.504546046257019,10.67707633972168,10.590912818908691,36.12573448100011,29.4485953810328,-3.9472157955169678,1563,23,45,0,,103.85780334472656,OUTBOUND,-31.964452743530273,-0.4429279697956514,
0,38.321998596191406,1.505005121231079,1.2949957847595215,1.2512872219085693,36.143114413978765,29.43633328614896,-3.954645872116089,1564,23,46,1,NOMINAL_OUTSIDE_CERTIFIED_SET,125.2902603149414,OUTBOUND,-32.23657989501953,-0.44304914999932193,
0,37.759803771972656,1.50546133518219,10.899969100952148,10.806097984313965,36.165676215983694,29.424067501309832,-3.865684986114502,1565,23,47,1,NOMINAL_OUTSIDE_CERTIFIED_SET,59.87226867675781,OUTBOUND,-31.646602630615234,-0.47575311928941355,
0,38.98339080810547,1.5059161186218262,0.5458806157112122,0.4760274291038513,36.296107698988635,29.41176533245252,-3.8886759281158447,1566,23,48,1,NOMINAL_OUTSIDE_CERTIFIED_SET,61.54419708251953,OUTBOUND,-32.83782196044922,-0.5211186688349437,
0,38.98704147338867,1.5063698291778564,0.5396813154220581,0.5327965021133423,36.31032182398485,29.399433561517853,-3.890141487121582,1567,23,49,1,INSUFFICIENT_RECOVERY_RESERVE,9.718134880065918,OUTBOUND,-32.8718376159668,-0.5307400321111337,
0,39.233787536621094,1.5068223476409912,10.613937377929688,10.594017028808594,36.32452745799674,29.387136865449218,-3.8892195224761963,1568,23,50,1,INSUFFICIENT_RECOVERY_RESERVE,88.28205871582031,OUTBOUND,-33.270931243896484,-0.47993554071597244,
1,38.89251708984375,1.50727379322052,10.983339309692383,10.939374923706055,36.343619360995945,29.374877905931825,-3.886875629425049,1569,23,51,0,,91.17350006103516,OUTBOUND,-33.08123016357422,-0.46342430626453485,
0,38.524356842041016,1.5077263116836548,0.6727888584136963,0.7116694450378418,36.35763516498264,29.362584548117347,-3.926698684692383,1570,23,52,1,NOMINAL_OUTSIDE_CERTIFIED_SET,28.114517211914062,OUTBOUND,-32.69906234741211,-0.5045591189006224,
0,39.003150939941406,1.5081788301467896,0.7056957483291626,0.6939268112182617,36.37700190898613,29.350287866356595,-3.911294460296631,1571,23,53,1,NO_GENERATOR_SET,54.27472686767578,OUTBOUND,-33.29484558105469,-0.5532443902018394,
0,38.77617645263672,1.5086336135864258,0.54012131690979,0.5215306878089905,36.39964056399185,29.33797886172102,-3.9533956050872803,1572,23,54,1,NO_GENERATOR_SET,25.209640502929688,OUTBOUND,-33.004066467285156,-0.5698882064349955,
0,38.67152404785156,1.5090887546539307,0.5687652826309204,0.5970395803451538,36.42157423798926,29.32566540949911,-3.9180800914764404,1573,23,55,1,NO_GENERATOR_SET,11.803220748901367,OUTBOUND,-32.971378326416016,-0.562143238402461,
0,38.17350387573242,1.509544014930725,20.543413162231445,20.312232971191406,36.44093914399855,29.313356678056326,-3.917973041534424,1574,23,56,1,NO_GENERATOR_SET,58.66667938232422,OUTBOUND,-32.40834045410156,-0.5365841507857008,
0,37.99651336669922,1.5099998712539673,0.9809545278549194,1.098854422569275,36.46223394598928,29.30106126387195,-3.9214372634887695,1575,23,57,1,NOMINAL_OUTSIDE_CERTIFIED_SET,65.64167022705078,OUTBOUND,-32.208457946777344,-0.4987442042097437,
1,37.67304992675781,1.510460615158081,30.970582962036133,30.689369201660156,36.47932967997622,29.28876620795945,-4.017895698547363,1576,23,58,0,,55.54310607910156,OUTBOUND,-31.93468475341797,-0.4399548037840318,
0,37.83242416381836,1.5109199285507202,11.21335506439209,11.123693466186523,36.49399694299791,29.27653516321372,-3.892057418823242,1577,23,59,1,NOMINAL_OUTSIDE_CERTIFIED_SET,61.60791015625,OUTBOUND,-31.99612808227539,-0.38117342653268543,
0,38.44739532470703,1.5113800764083862,0.9995666742324829,0.9308487176895142,36.50888038298581,29.264332622676893,-3.937361001968384,1578,23,60,1,NOMINAL_OUTSIDE_CERTIFIED_SET,106.40067291259766,OUTBOUND,-32.50493240356445,-0.33758548887240974,
0,38.59366989135742,1.5118420124053955,11.000986099243164,10.883088111877441,36.62196957797278,29.252153312072146,-3.9580719470977783,1579,23,61,1,NOMINAL_OUTSIDE_CERTIFIED_SET,50.24536895751953,OUTBOUND,-32.525299072265625,-0.29352557879005853,
1,38.911624908447266,1.5123035907745361,11.12215805053711,11.062395095825195,36.640890583978035,29.239978085606467,-3.9185597896575928,1580,23,62,0,,13.357545852661133,OUTBOUND,-32.820735931396484,-0.25216219268891943,
1,39.15884017944336,1.5127661228179932,0.5787298083305359,0.5212441682815552,36.66395647797617,29.227827125647384,-3.9444761276245117,1581,23,63,0,,48.199405670166016,OUTBOUND,-33.06912612915039,-0.21595179305087345,
0,38.43843078613281,1.513228178024292,10.879149436950684,10.8450288772583,36.6853073349921,29.21569384728805,-3.913825035095215,1582,23,64,1,NOMINAL_OUTSIDE_CERTIFIED_SET,9.074398040771484,OUTBOUND,-32.41971969604492,-0.1803636834123043,
1,38.39424514770508,1.5136919021606445,10.826008796691895,10.786844253540039,36.70312171499245,29.2035945736139,-3.9608564376831055,1583,23,65,0,,8.867059707641602,OUTBOUND,-32.36771774291992,-0.16770547689672205,
1,39.24778747558594,1.5141557455062866,21.332109451293945,21.132734298706055,36.72251779999351,29.19147096995015,-3.92887020111084,1584,23,66,0,,108.01814270019531,OUTBOUND,-33.33831787109375,-0.14683385678901695,
0,39.1728401184082,1.5146214962005615,10.873769760131836,10.768644332885742,36.73978663599701,29.1793940608951,-3.967273712158203,1585,23,67,1,NOMINAL_OUTSIDE_CERTIFIED_SET,54.984500885009766,FAILURE,-33.33818435668945,-0.10364130087659043,
1,39.26375198364258,1.5150859355926514,0.4387178122997284,0.4553581476211548,36.769618560996605,29.987977796710418,-3.903315544128418,1586,24,1,0,,8.069731712341309,OUTBOUND,-33.453575134277344,-0.03552268706987468,
0,38.03446960449219,1.5155478715896606,11.26467227935791,11.22612476348877,36.791891438973835,29.975896464254642,-3.878849744796753,1587,24,2,1,NOMINAL_OUTSIDE_CERTIFIED_SET,16.821989059448242,OUTBOUND,-32.22118377685547,-0.05335663838017415,
1,38.89704132080078,1.5160107612609863,10.788305282592773,10.67225170135498,36.81522404498537,29.96384200662022,-3.9442334175109863,1588,24,3,0,,5.810420036315918,OUTBOUND,-33.058128356933594,-0.05017219438170693,
1,38.2345085144043,1.5164741277694702,31.006216049194336,30.708717346191406,36.83365704299649,29.95176799289877,-3.93147873878479,1589,24,4,0,,65.62123107910156,OUTBOUND,-32.40394973754883,-0.054623999690007266,
0,37.934532165527344,1.516936182975769,21.160747528076172,20.98015594482422,36.95642946197768,29.93966846136087,-3.900475025177002,1590,24,5,1,NOMINAL_OUTSIDE_CERTIFIED_SET,14.614500045776367,OUTBOUND,-32.16307830810547,-0.04677897141857388,
0,38.126731872558594,1.5173966884613037,1.2053911685943604,1.238324522972107,36.982015561981825,29.927548170193525,-3.891629695892334,1591,24,6,1,NOMINAL_OUTSIDE_CERTIFIED_SET,115.06305694580078,OUTBOUND,-32.231689453125,-0.03501721686195308,
0,39.20545196533203,1.517858862876892,0.80743408203125,0.7734330892562866,37.006540473987116,29.915403887452065,-3.9521536827087402,1592,24,7,1,NOMINAL_OUTSIDE_CERTIFIED_SET,87.57987213134766,OUTBOUND,-33.135902404785156,-0.030956701220018732,
1,38.842525482177734,1.5183206796646118,10.929986953735352,10.841575622558594,37.03128258200013,29.903246456688315,-3.916163921356201,1593,24,8,0,,48.81160354614258,OUTBOUND,-32.672847747802734,-0.05072040145331671,
0,39.26237869262695,1.5187846422195435,0.9213172197341919,0.8742156028747559,37.05887573497603,29.89106686274706,-3.9629902839660645,1594,24,9,1,NOMINAL_OUTSIDE_CERTIFIED_SET,72.96156311035156,OUTBOUND,-33.01814270019531,-0.06811084597745454,
0,39.54887390136719,1.5192503929138184,10.986125946044922,10.922969818115234,37.07963748698239,29.878866872216836,-3.9632303714752197,1595,24,10,1,NOMINAL_OUTSIDE_CERTIFIED_SET,23.067766189575195,OUTBOUND,-33.37429428100586,-0.07283423632936621,
0,39.61472702026367,1.5197160243988037,0.49005839228630066,0.525120735168457,37.09949497997877,29.866642818799665,-3.9273428916931152,1596,24,11,1,NOMINAL_OUTSIDE_CERTIFIED_SET,6.92017936706543,OUTBOUND,-33.62670135498047,-0.08978537354501498,
1,40.025611877441406,1.5201804637908936,0.7212693691253662,0.7874060869216919,37.12279776399373,29.854395879805928,-3.9023447036743164,1597,24,12,0,,46.87736892700195,OUTBOUND,-34.062522888183594,-0.09154705971037318,
1,39.83478546142578,1.5206425189971924,22.755691528320312,22.56479263305664,37.13889216099051,29.842121336178675,-3.8779590129852295,1598,24,13,0,,158.8966827392578,OUTBOUND,-33.96344757080078,-0.0949124122685004,
0,39.67585372924805,1.521101474761963,11.43206787109375,11.27938461303711,37.16371248199721,29.829835655388873,-3.8569774627685547,1599,24,14,1,NOMINAL_OUTSIDE_CERTIFIED_SET,89.33922576904297,OUTBOUND,-33.958248138427734,-0.1341842629523203,
0,39.17215347290039,1.521560549736023,22.311819076538086,21.992229461669922,37.18070243499824,29.81754375801517,-3.9161863327026367,1600,24,15,1,NOMINAL_OUTSIDE_CERTIFIED_SET,111.17662811279297,OUTBOUND,-33.520790100097656,-0.17936541406609138,
0,38.36720275878906,1.5220208168029785,30.62701988220215,30.151611328125,37.19358463998651,29.80523663350368,-3.9398109912872314,1601,24,16,1,INSUFFICIENT_RECOVERY_RESERVE,95.09888458251953,OUTBOUND,-32.86642074584961,-0.20156523336939725,
0,38.82768249511719,1.5224822759628296,10.8726806640625,10.865012168884277,37.21540698298486,29.792942916181588,-3.939173460006714,1602,24,17,1,NOMINAL_OUTSIDE_CERTIFIED_SET,48.785545349121094,OUTBOUND,-33.118499755859375,-0.23556116640833297,
0,38.951454162597656,1.5229464769363403,31.222604751586914,30.842077255249023,37.234267851978075,29.78063111065149,-3.972217559814453,1603,24,18,1,INSUFFICIENT_RECOVERY_RESERVE,31.735454559326172,OUTBOUND,-33.29380416870117,-0.2675235186399263,
1,38.36759567260742,1.523412823677063,21.522850036621094,21.411985397338867,37.253386604978004,29.768340541721095,-3.969935178756714,1604,24,19,0,,91.22113800048828,OUTBOUND,-32.56611251831055,-0.24206922065096803,
0,38.44333267211914,1.5238806009292603,2.418363332748413,2.4781289100646973,37.27630199998384,29.756040084427834,-3.954265594482422,1605,24,20,1,NOMINAL_OUTSIDE_CERTIFIED_SET,200.3455047607422,OUTBOUND,-32.55134582519531,-0.25929601149995407,
0,38.320152282714844,1.5243488550186157,12.688309669494629,12.539191246032715,37.29105109497323,29.74373727462226,-3.9399912357330322,1606,24,21,1,INSUFFICIENT_RECOVERY_RESERVE,168.58966064453125,OUTBOUND,-32.235992431640625,-0.2933438832184565,
0,38.35624313354492,1.5248171091079712,21.835479736328125,21.529762268066406,37.40997010699357,29.731445357217787,-3.930830478668213,1607,24,22,1,NOMINAL_OUTSIDE_CERTIFIED_SET,104.37959289550781,OUTBOUND,-32.22002410888672,-0.324452423919681,
0,39.04961013793945,1.5252854824066162,12.1778564453125,11.889383316040039,37.427708112983964,29.719142479559814,-3.9336414337158203,1608,24,23,1,INSUFFICIENT_RECOVERY_RESERVE,129.8260955810547,OUTBOUND,-32.702823638916016,-0.3526179162173138,
0,39.16202926635742,1.5257540941238403,1.922263741493225,1.728752851486206,37.44348611697205,29.706852505075975,-3.934706449508667,1609,24,24,1,NOMINAL_OUTSIDE_CERTIFIED_SET,123.71734619140625,OUTBOUND,-32.7570686340332,-0.37806358518496963,
0,40.01597213745117,1.5262186527252197,20.84427261352539,20.74322509765625,37.46123890799936,29.69454661882839,-3.8492302894592285,1610,24,25,1,INSUFFICIENT_RECOVERY_RESERVE,45.45909118652344,OUTBOUND,-33.78253936767578,-0.4010404708532813,
0,40.3699951171875,1.526682734489441,0.5105000138282776,0.5037621855735779,37.4802979019878,29.682255659834052,-3.9137816429138184,1611,24,26,1,NOMINAL_OUTSIDE_CERTIFIED_SET,15.281152725219727,OUTBOUND,-34.123348236083984,-0.42170102027375794,
0,40.43810272216797,1.5271457433700562,0.5856836438179016,0.629973292350769,37.49742764097755,29.66994074742197,-3.8994667530059814,1612,24,27,1,INSUFFICIENT_RECOVERY_RESERVE,22.15374183654785,OUTBOUND,-34.333499908447266,-0.4403677110806751,
1,39.62130355834961,1.527610182762146,21.33248519897461,21.10660171508789,37.516618953988655,29.65764468138696,-3.9472851753234863,1613,24,28,0,,142.4134979248047,OUTBOUND,-33.53245544433594,-0.4185058826899877,
0,40.150211334228516,1.5280722379684448,11.638059616088867,11.475471496582031,37.53820211699349,29.645358491026062,-3.873471736907959,1614,24,29,1,NOMINAL_OUTSIDE_CERTIFIED_SET,110.77104187011719,OUTBOUND,-34.21349334716797,-0.4352378796767545,
1,40.36429977416992,1.5285398960113525,33.97321701049805,33.23229217529297,37.56281529698754,29.633061442178228,-4.028415679931641,1615,24,30,0,,221.82591247558594,OUTBOUND,-34.53273391723633,-0.4745939774614513,
1,39.383277893066406,1.5290080308914185,22.624425888061523,22.179630279541016,37.58247889598715,29.620738647110894,-3.9375033378601074,1616,24,31,0,,107.68903350830078,OUTBOUND,-33.73920440673828,-0.481471212259683,
0,39.9323844909668,1.5294735431671143,0.6107953190803528,0.6835315227508545,37.59780187497381,29.60844055851675,-3.8744757175445557,1617,24,32,1,INSUFFICIENT_RECOVERY_RESERVE,25.686643600463867,OUTBOUND,-34.36493682861328,-0.4499971447996708,
1,39.47948455810547,1.5299415588378906,11.457630157470703,11.402168273925781,37.61310367897386,29.596179757008585,-3.973996877670288,1618,24,33,0,,14.111390113830566,OUTBOUND,-33.71535873413086,-0.4140495086818107,
1,39.2132568359375,1.5304105281829834,1.2291072607040405,1.4432443380355835,37.629740946984384,29.583903252836112,-3.9439427852630615,1619,24,34,0,,108.58118438720703,OUTBOUND,-33.290283203125,-0.3661443913029185,
0,39.55194854736328,1.5308786630630493,21.424171447753906,21.214313507080078,37.740814721997594,29.57164676988918,-3.9146530628204346,1620,24,35,1,NOMINAL_OUTSIDE_CERTIFIED_SET,10.234206199645996,OUTBOUND,-33.89483642578125,-0.36947310223688395,
1,38.966224670410156,1.5313483476638794,12.171341896057129,12.06124210357666,37.754802856972674,29.55938977440578,-3.959447145462036,1621,24,36,0,,92.43443298339844,OUTBOUND,-32.88570785522461,-0.3969910168766449,
1,39.666072845458984,1.5318198204040527,11.795124053955078,11.61862564086914,37.77481042899308,29.547100120372892,-3.9620208740234375,1622,24,37,0,,66.61907958984375,OUTBOUND,-33.53714370727539,-0.3684132592952672,
0,39.838932037353516,1.5322903394699097,1.2454886436462402,1.0377072095870972,37.789298079995206,29.53485286201476,-3.9163999557495117,1623,24,38,1,NOMINAL_OUTSIDE_CERTIFIED_SET,108.59171295166016,OUTBOUND,-33.63311767578125,-0.38516282809557656,
0,40.13491439819336,1.5327614545822144,31.777589797973633,31.73922348022461,37.80812875999254,29.522577376252972,-3.9413113594055176,1624,24,39,1,NOMINAL_OUTSIDE_CERTIFIED_SET,111.9776382446289,OUTBOUND,-34.13642120361328,-0.4583577866455714,
0,40.36851119995117,1.5332331657409668,0.7289944291114807,0.615264892578125,37.822610142990015,29.51028645218117,-3.9462947845458984,1625,24,40,1,INSUFFICIENT_RECOVERY_RESERVE,55.593101501464844,OUTBOUND,-34.274742126464844,-0.4719658049403537,
0,40.52669906616211,1.5337082147598267,0.8558468222618103,0.8890191912651062,37.842856512987055,29.498008196354842,-3.9993762969970703,1626,24,41,1,NOMINAL_OUTSIDE_CERTIFIED_SET,28.7484188079834,OUTBOUND,-34.46416091918945,-0.4846590251615306,
0,40.212005615234375,1.5341835021972656,11.607603073120117,11.549407005310059,37.859642256982625,29.4857030711223,-3.943779468536377,1627,24,42,1,INSUFFICIENT_RECOVERY_RESERVE,38.73796844482422,OUTBOUND,-34.280311584472656,-0.496148356444891,
1,40.17005920410156,1.534654974937439,11.548579216003418,11.454158782958984,37.87886051097303,29.473414775625585,-3.861974000930786,1628,24,43,0,,37.12416458129883,OUTBOUND,-34.09627914428711,-0.4553711657911908,
0,41.056182861328125,1.535125970840454,0.7565889358520508,0.7683431506156921,37.90099512899178,29.461127693459876,-3.924010753631592,1629,24,44,1,NOMINAL_OUTSIDE_CERTIFIED_SET,33.584712982177734,OUTBOUND,-35.074180603027344,-0.4709476318372584,
0,40.8551025390625,1.5356003046035767,22.203330993652344,21.752195358276367,37.91982636699686,29.44882963746409,-3.9949889183044434,1630,24,45,1,NOMINAL_OUTSIDE_CERTIFIED_SET,125.6405258178711,OUTBOUND,-35.01691436767578,-0.5230281220719546,
0,40.48738098144531,1.5360764265060425,0.6939839720726013,0.7950745224952698,37.93771564398776,29.43652525989761,-3.9739089012145996,1631,24,46,1,NO_GENERATOR_SET,23.692716598510742,OUTBOUND,-34.70220947265625,-0.5482477589609311,
0,39.6480598449707,1.5365502834320068,1.0439318418502808,1.2560787200927734,38.05632701099967,29.424218963191375,-3.8946292400360107,1632,24,47,1,NO_GENERATOR_SET,66.11797332763672,OUTBOUND,-33.795475006103516,-0.5480597039386903,
0,40.22913360595703,1.5370250940322876,11.524921417236328,11.449152946472168,38.076898731000256,29.411903301692696,-3.954650402069092,1633,24,48,1,INSUFFICIENT_RECOVERY_RESERVE,14.038769721984863,OUTBOUND,-34.19804763793945,-0.5165577151494433,
0,39.90015411376953,1.5374983549118042,33.01506805419922,32.62586212158203,38.094173539982876,29.399604514478884,-3.9076006412506104,1634,24,49,1,NOMINAL_OUTSIDE_CERTIFIED_SET,113.77961730957031,OUTBOUND,-34.092628479003906,-0.5238798394366467,
0,39.85968780517578,1.5379698276519775,0.9944796562194824,1.0233455896377563,38.10864137599128,29.38728462958236,-3.89554762840271,1635,24,50,1,INSUFFICIENT_RECOVERY_RESERVE,91.19645690917969,OUTBOUND,-33.93949890136719,-0.5306550077165445,
0,40.34965515136719,1.538440465927124,11.572620391845703,11.447196006774902,38.124628101999406,29.374986256566455,-3.914551258087158,1636,24,51,1,NOMINAL_OUTSIDE_CERTIFIED_SET,27.474285125732422,OUTBOUND,-34.28612518310547,-0.5358707762752828,
0,39.572654724121094,1.538913369178772,12.282532691955566,12.188714981079102,38.14150988298934,29.36266415260125,-3.971813917160034,1637,24,52,1,INSUFFICIENT_RECOVERY_RESERVE,58.35706329345703,OUTBOUND,-33.47027587890625,-0.5407128592920665,
0,40.392066955566406,1.539385437965393,1.0344046354293823,0.9593262076377869,38.16332093399251,29.350389628626257,-3.9166946411132812,1638,24,53,1,NOMINAL_OUTSIDE_CERTIFIED_SET,75.80693817138672,OUTBOUND,-34.22868347167969,-0.5254616194861815,
0,40.225181579589844,1.539858102798462,41.840110778808594,41.59122085571289,38.18184630799806,29.338108400311405,-3.943497657775879,1639,24,54,1,NOMINAL_OUTSIDE_CERTIFIED_SET,152.597900390625,OUTBOUND,-34.28801345825195,-0.5371297800078942,
1,40.61167526245117,1.5403298139572144,11.14473819732666,11.079788208007812,38.19878675497603,29.325808243934862,-3.9089162349700928,1640,24,55,0,,16.17746353149414,OUTBOUND,-34.61689758300781,-0.5103374281937312,
0,40.42561340332031,1.5408012866973877,0.8828493356704712,0.9049429297447205,38.21480480898754,29.313537697857676,-3.927485466003418,1641,24,56,1,NOMINAL_OUTSIDE_CERTIFIED_SET,51.712554931640625,OUTBOUND,-34.503387451171875,-0.4727417503344874,
0,41.112361907958984,1.5412760972976685,0.6060578227043152,0.649622917175293,38.22951937498874,29.30127982062802,-3.9920811653137207,1642,24,57,1,NOMINAL_OUTSIDE_CERTIFIED_SET,24.68152618408203,OUTBOUND,-34.97307586669922,-0.445147784716365,
0,40.95525360107422,1.5417495965957642,0.7129744291305542,0.7814420461654663,38.2467762939923,29.28904007519215,-3.9105453491210938,1643,24,58,1,NOMINAL_OUTSIDE_CERTIFIED_SET,37.21541213989258,OUTBOUND,-34.74297332763672,-0.4091235531475692,
0,40.87432098388672,1.542222261428833,11.341043472290039,11.258978843688965,38.26213147598901,29.276822474293947,-3.9162044525146484,1644,24,59,1,NOMINAL_OUTSIDE_CERTIFIED_SET,30.32659912109375,OUTBOUND,-34.86065673828125,-0.3681406578422686,
1,40.887046813964844,1.5426952838897705,11.795762062072754,11.698840141296387,38.278962803975446,29.264616667640794,-3.9346773624420166,1645,24,60,0,,35.830257415771484,OUTBOUND,-34.83164596557617,-0.3171702550522668,
0,40.93995666503906,1.5431679487228394,23.00279426574707,22.69149398803711,38.29707738797879,29.252453569933802,-3.923651933670044,1646,24,61,1,NOMINAL_OUTSIDE_CERTIFIED_SET,101.32603454589844,OUTBOUND,-35.05447006225586,-0.2684223526451554,
0,40.58148956298828,1.5436406135559082,11.848932266235352,11.740452766418457,38.31820728199091,29.240314724644445,-3.928464889526367,1647,24,62,1,NOMINAL_OUTSIDE_CERTIFIED_SET,17.771699905395508,OUTBOUND,-34.76624298095703,-0.23088708017318185,
0,40.832794189453125,1.5441144704818726,11.822568893432617,11.718493461608887,38.340571349981474,29.228199049909804,-3.955803871154785,1648,24,63,1,NOMINAL_OUTSIDE_CERTIFIED_SET,5.998174667358398,OUTBOUND,-34.8594856262207,-0.19520558078761135,
0,40.81464767456055,1.5445870161056519,11.456428527832031,11.343987464904785,38.462758939975174,29.216103554224805,-3.9033970832824707,1649,24,64,1,NOMINAL_OUTSIDE_CERTIFIED_SET,7.547826290130615,OUTBOUND,-34.98027038574219,-0.16218298593264696,
0,40.353614807128906,1.5450584888458252,1.194088339805603,1.2308790683746338,38.47766497099656,29.204024722881762,-3.906637191772461,1650,24,65,1,NOMINAL_OUTSIDE_CERTIFIED_SET,113.56568908691406,OUTBOUND,-34.21837615966797,-0.13231754860455713,
1,40.6929931640625,1.5455284118652344,11.709814071655273,11.61867618560791,38.49319548299536,29.1919492186338,-3.8954696655273438,1651,24,66,0,,36.859561920166016,OUTBOUND,-34.589046478271484,-0.13580513379588752,
1,40.04286193847656,1.5460000038146973,22.990859985351562,22.778974533081055,38.5085969499778,29.17984452104664,-3.954439401626587,1652,24,67,0,,8.372552871704102,OUTBOUND,-34.016075134277344,-0.15282341627707355,
0,41.08926010131836,1.5464690923690796,11.57282543182373,11.462441444396973,38.52919761798694,29.167699999943707,-3.8772835731506348,1653,24,68,1,NOMINAL_OUTSIDE_CERTIFIED_SET,7.988258361816406,OUTBOUND,-35.03791809082031,-0.13044207928919305,
0,40.51769256591797,1.5469372272491455,22.00445556640625,21.85305404663086,38.544256972993026,29.155602081824448,-3.901336669921875,1654,24,69,1,NOMINAL_OUTSIDE_CERTIFIED_SET,22.342090606689453,FAILURE,-34.52771759033203,-0.0905817601731592,
1,40.0240364074707,1.547408103942871,1.3903303146362305,1.4035779237747192,38.572406064980896,29.987972444452353,-3.9714207649230957,1655,25,1,0,,106.83917236328125,OUTBOUND,-33.7452507019043,-0.034582612711481345,
1,40.529693603515625,1.5478789806365967,33.91455078125,33.58573913574219,38.59480364699266,29.97590838443955,-3.9261436462402344,1656,25,2,0,,105.79605102539062,OUTBOUND,-34.56061553955078,-0.05709512607819986,
0,40.11103820800781,1.5483524799346924,10.555307388305664,10.46568489074707,38.61314832099015,29.963845521504084,-3.9725430011749268,1657,25,3,1,NOMINAL_OUTSIDE_CERTIFIED_SET,37.00019073486328,OUTBOUND,-33.99039840698242,-0.04769053790923555,
0,40.347740173339844,1.5488253831863403,22.5050048828125,22.294221878051758,38.63047075699433,29.95176198527001,-3.9169883728027344,1658,25,4,1,NOMINAL_OUTSIDE_CERTIFIED_SET,30.318065643310547,OUTBOUND,-34.3671760559082,-0.03531597459711229,
1,40.4888916015625,1.5492968559265137,11.717162132263184,11.68886947631836,38.64677639797446,29.939651344649853,-3.8976035118103027,1659,25,5,0,,38.10697937011719,OUTBOUND,-34.425933837890625,-0.01142512135623586,
0,40.64163589477539,1.5497699975967407,11.528786659240723,11.466996192932129,38.666726930998266,29.927566938888027,-3.956637144088745,1660,25,6,1,NOMINAL_OUTSIDE_CERTIFIED_SET,23.328014373779297,OUTBOUND,-34.56055450439453,0.0054860829838988745,
1,40.48930358886719,1.5502445697784424,12.190834045410156,12.124261856079102,38.785113549995,29.915449107389467,-3.9564883708953857,1661,25,7,0,,17.315553665161133,OUTBOUND,-34.327571868896484,-0.021545766849948474,
0,40.700843811035156,1.5507159233093262,11.661824226379395,11.612223625183105,38.80379052797798,29.90334133637534,-3.862353801727295,1662,25,8,1,NOMINAL_OUTSIDE_CERTIFIED_SET,9.445289611816406,OUTBOUND,-34.55564880371094,-0.04243423347245701,
0,41.18056869506836,1.5511834621429443,11.856877326965332,11.757893562316895,38.82750428997679,29.891207303198726,-3.8491082191467285,1663,25,9,1,NOMINAL_OUTSIDE_CERTIFIED_SET,22.49852180480957,OUTBOUND,-35.26860046386719,-0.04120381681358022,
1,41.12970733642578,1.5516514778137207,0.9153240323066711,0.9701942205429077,38.85042366097332,29.87907408232231,-3.9248533248901367,1664,25,10,0,,53.20609664916992,OUTBOUND,-34.98919677734375,-0.049891487034656325,
0,41.270545959472656,1.5521188974380493,10.15522575378418,10.007857322692871,38.87636333698174,29.86689971036527,-3.900045156478882,1665,25,11,1,NOMINAL_OUTSIDE_CERTIFIED_SET,10.087031364440918,OUTBOUND,-35.118865966796875,-0.06284449291350122,
0,41.40248489379883,1.5525867938995361,11.534310340881348,11.470057487487793,38.893122049979866,29.854694308328014,-3.9255995750427246,1666,25,12,1,NOMINAL_OUTSIDE_CERTIFIED_SET,29.59514045715332,OUTBOUND,-35.32152557373047,-0.08065231507615707,
0,41.22544860839844,1.5530558824539185,0.6966175436973572,0.7200318574905396,38.910171455994714,29.842452720091885,-3.9383280277252197,1667,25,13,1,NOMINAL_OUTSIDE_CERTIFIED_SET,32.12190246582031,OUTBOUND,-35.175804138183594,-0.10946245957045776,
0,41.65265655517578,1.5535212755203247,0.4655580520629883,0.4741591811180115,38.92727754698717,29.830186119303157,-3.841959238052368,1668,25,14,1,NOMINAL_OUTSIDE_CERTIFIED_SET,6.527408123016357,OUTBOUND,-35.672672271728516,-0.14746936798632085,
1,41.50722885131836,1.5539840459823608,12.011396408081055,11.924907684326172,38.94567371899029,29.817901420363537,-3.857532501220703,1669,25,15,0,,41.05327224731445,OUTBOUND,-35.57896041870117,-0.17125161770820868,
0,41.985713958740234,1.5544489622116089,0.6908295154571533,0.7240856885910034,38.967894468980376,29.805602935898907,-3.9463393688201904,1670,25,16,1,NOMINAL_OUTSIDE_CERTIFIED_SET,12.912083625793457,OUTBOUND,-35.965641021728516,-0.1932308327499857,
0,40.62653350830078,1.5549135208129883,35.11311340332031,34.77504348754883,38.986455504986225,29.793290986750787,-3.899509906768799,1671,25,17,1,INSUFFICIENT_RECOVERY_RESERVE,141.6785125732422,OUTBOUND,-34.81529998779297,-0.21444922866672472,
0,41.80198669433594,1.5553796291351318,0.7286716103553772,0.7872880697250366,39.007089791994076,29.780994431338957,-3.937086582183838,1672,25,18,1,NOMINAL_OUTSIDE_CERTIFIED_SET,27.613943099975586,OUTBOUND,-35.87415313720703,-0.2483884531057271,
0,40.71974182128906,1.5558468103408813,10.343343734741211,10.205119132995605,39.12530177697772,29.768678342003238,-3.930889129638672,1673,25,19,1,INSUFFICIENT_RECOVERY_RESERVE,19.95345687866211,OUTBOUND,-34.81395721435547,-0.2802261003552464,
0,40.80665969848633,1.55631685256958,12.152461051940918,12.12858772277832,39.14178577999701,29.75637918335906,-3.9674720764160156,1674,25,20,1,NOMINAL_OUTSIDE_CERTIFIED_SET,36.398536682128906,OUTBOUND,-34.72847366333008,-0.3103090353860758,
0,40.810543060302734,1.556786060333252,10.330103874206543,10.184922218322754,39.15783954798826,29.744058919506344,-3.9009101390838623,1675,25,21,1,INSUFFICIENT_RECOVERY_RESERVE,48.745487213134766,OUTBOUND,-34.756202697753906,-0.3381126052399856,
0,40.71235656738281,1.557259440422058,12.49258041381836,12.460245132446289,39.17807669899776,29.731772580186306,-3.994119882583618,1676,25,22,1,INSUFFICIENT_RECOVERY_RESERVE,41.300392150878906,OUTBOUND,-34.50000762939453,-0.3212270108290482,
1,41.073272705078125,1.5577343702316284,1.0338971614837646,1.0625290870666504,39.198579531977884,29.719516570938566,-3.9549927711486816,1677,25,23,0,,80.85719299316406,OUTBOUND,-34.81735610961914,-0.29788413790622065,
1,41.87944412231445,1.5582091808319092,23.6350040435791,23.50933074951172,39.21350111198262,29.707280572616924,-3.925281524658203,1678,25,24,0,,84.48277282714844,OUTBOUND,-35.8232421875,-0.2771564876187912,
1,42.27311706542969,1.5586844682693481,12.00051212310791,11.955291748046875,39.232298029994126,29.6950525543167,-3.932023525238037,1679,25,25,0,,61.325801849365234,OUTBOUND,-36.326805114746094,-0.2815433047481927,
0,41.658546447753906,1.559161901473999,23.52999496459961,23.40523910522461,39.2463623789954,29.682769452577418,-3.9677114486694336,1680,25,26,1,NOMINAL_OUTSIDE_CERTIFIED_SET,73.60889434814453,OUTBOUND,-35.761627197265625,-0.3304185972295481,
0,41.57469177246094,1.5596377849578857,21.963348388671875,21.730365753173828,39.26136218899046,29.67046359294817,-3.8988876342773438,1681,25,27,1,NOMINAL_OUTSIDE_CERTIFIED_SET,61.53260803222656,OUTBOUND,-35.67964553833008,-0.405110042463635,
0,41.224822998046875,1.5601130723953247,10.405784606933594,10.26429557800293,39.27855110299424,29.658144717029373,-3.9155516624450684,1682,25,28,1,INSUFFICIENT_RECOVERY_RESERVE,55.147586822509766,OUTBOUND,-35.297157287597656,-0.426196302151094,
0,41.645999908447266,1.5605895519256592,12.139198303222656,12.04147720336914,39.29904089999036,29.64585380995103,-3.947507858276367,1683,25,29,1,NOMINAL_OUTSIDE_CERTIFIED_SET,66.40790557861328,OUTBOUND,-35.51370620727539,-0.44000930375701536,
0,40.367942810058594,1.56106436252594,12.647651672363281,12.672951698303223,39.31402010199963,29.633542938292873,-3.8947594165802,1684,25,30,1,INSUFFICIENT_RECOVERY_RESERVE,106.12443542480469,OUTBOUND,-34.21984100341797,-0.4521703271891248,
1,41.681514739990234,1.5615376234054565,22.46084976196289,22.29515266418457,39.33065268397331,29.621266438654754,-3.891913890838623,1685,25,31,0,,12.607747077941895,OUTBOUND,-35.57756423950195,-0.4115891581306478,
0,41.29622268676758,1.5620163679122925,12.944920539855957,12.906599044799805,39.34535886297817,29.609005058636082,-4.027926445007324,1686,25,32,1,NOMINAL_OUTSIDE_CERTIFIED_SET,67.16485595703125,OUTBOUND,-35.03140640258789,-0.4030146068180699,
0,41.7331657409668,1.562495231628418,1.1105904579162598,1.1473560333251953,39.36557429700042,29.596717901994985,-3.932934522628784,1687,25,33,1,NOMINAL_OUTSIDE_CERTIFIED_SET,89.6792984008789,OUTBOUND,-35.4811897277832,-0.4517572416254385,
0,42.854286193847656,1.5629726648330688,0.44636452198028564,0.44696667790412903,39.399015014991164,29.58441619407603,-3.9043490886688232,1688,25,34,1,INSUFFICIENT_RECOVERY_RESERVE,20.637426376342773,OUTBOUND,-36.64625549316406,-0.46700395252014043,
0,42.12444305419922,1.5634486675262451,23.774066925048828,23.612945556640625,39.41934989197762,29.572129502597665,-3.8981354236602783,1689,25,35,1,NOMINAL_OUTSIDE_CERTIFIED_SET,99.14055633544922,OUTBOUND,-35.99697494506836,-0.4809342752900238,
0,42.36579132080078,1.5639233589172363,0.6676755547523499,0.7079234719276428,39.53742556797806,29.559812693079632,-3.8960580825805664,1690,25,36,1,INSUFFICIENT_RECOVERY_RESERVE,13.948163032531738,OUTBOUND,-36.337677001953125,-0.4935436822620216,
0,41.97041702270508,1.564399003982544,35.74858856201172,35.442893981933594,39.55436494899914,29.547529448112698,-3.943131446838379,1691,25,37,1,INSUFFICIENT_RECOVERY_RESERVE,162.7253875732422,OUTBOUND,-35.96391296386719,-0.44875087212174253,
1,42.134464263916016,1.5648741722106934,0.7337543964385986,0.7802859544754028,39.57595521098119,29.53525543582469,-3.9126923084259033,1692,25,38,0,,10.617889404296875,OUTBOUND,-36.0339469909668,-0.3916070533937679,
1,41.56532287597656,1.5653493404388428,12.306574821472168,12.214107513427734,39.59855538298143,29.52301467397965,-3.9220011234283447,1693,25,39,0,,45.06108093261719,OUTBOUND,-35.73787307739258,-0.32907313378039,
0,42.27842712402344,1.5658245086669922,0.5628386735916138,0.6220963597297668,39.61468188397703,29.51075157746627,-3.9228572845458984,1694,25,40,1,NOMINAL_OUTSIDE_CERTIFIED_SET,38.628822326660156,OUTBOUND,-36.2684440612793,-0.34211051133615017,
0,41.565738677978516,1.5663013458251953,24.113046646118164,23.889081954956055,39.639504991995636,29.498471038819105,-3.9518160820007324,1695,25,41,1,NOMINAL_OUTSIDE_CERTIFIED_SET,50.1082763671875,OUTBOUND,-35.495697021484375,-0.4205940106514711,
1,42.48154067993164,1.5667768716812134,12.096190452575684,11.983591079711914,39.66211352299433,29.486193931175578,-3.9008758068084717,1696,25,42,0,,10.63753890991211,OUTBOUND,-36.51045608520508,-0.46864434116124637,
1,41.26175308227539,1.5672510862350464,46.48491668701172,45.94633865356445,39.68626505997963,29.473925253523053,-3.8941526412963867,1697,25,43,0,,124.96826171875,OUTBOUND,-35.557193756103516,-0.4772795500624988,
1,41.37299346923828,1.5677261352539062,1.8183836936950684,1.9725507497787476,39.70940615798463,29.461612647329616,-3.934974431991577,1698,25,44,0,,139.84523010253906,OUTBOUND,-35.234580993652344,-0.4511615360496651,
0,41.34690856933594,1.5682027339935303,12.859049797058105,12.82327938079834,39.73045675299363,29.449328313558325,-3.9513754844665527,1699,25,45,1,NOMINAL_OUTSIDE_CERTIFIED_SET,99.5440902709961,OUTBOUND,-35.19688415527344,-0.45694500220656215,
0,41.459957122802734,1.5686771869659424,13.202237129211426,13.121014595031738,39.748376361996634,29.437028970306176,-3.878653049468994,1700,25,46,1,NOMINAL_OUTSIDE_CERTIFIED_SET,97.49584197998047,OUTBOUND,-35.187076568603516,-0.5118803192430694,
0,42.01788330078125,1.5691503286361694,12.46737289428711,12.295111656188965,39.763624825980514,29.42472442537773,-3.8946170806884766,1701,25,47,1,NOMINAL_OUTSIDE_CERTIFIED_SET,69.93524169921875,OUTBOUND,-35.71504211425781,-0.5435743408435805,
0,41.83386993408203,1.569624423980713,33.41188049316406,33.04175567626953,39.780377602990484,29.41241770985085,-3.9332921504974365,1702,25,48,1,NO_GENERATOR_SET,59.28498077392578,OUTBOUND,-35.63865661621094,-0.5483775679125491,
0,41.88502502441406,1.5700947046279907,35.53846740722656,35.26700210571289,39.886806797992904,29.40009943505868,-3.841092824935913,1703,25,49,1,INSUFFICIENT_RECOVERY_RESERVE,85.63211822509766,OUTBOUND,-35.90556716918945,-0.5188619722881035,
1,41.41707992553711,1.5705645084381104,12.917964935302734,12.813441276550293,39.90592108198325,29.387815255091308,-3.9008660316467285,1704,25,50,0,,62.98474884033203,OUTBOUND,-35.296417236328125,-0.48423373148093446,
0,42.55009460449219,1.5710331201553345,23.780797958374023,23.558528900146484,39.92541932998574,29.375503025458222,-3.884528398513794,1705,25,51,1,NOMINAL_OUTSIDE_CERTIFIED_SET,41.996707916259766,OUTBOUND,-36.50281524658203,-0.5063257598523178,
0,41.19456481933594,1.571503758430481,35.85938262939453,35.51544952392578,39.94132584397448,29.36318183912413,-3.9450387954711914,1706,25,52,1,INSUFFICIENT_RECOVERY_RESERVE,53.622772216796875,OUTBOUND,-35.10236358642578,-0.5112218817175661,
0,42.09334945678711,1.5719764232635498,1.455683946609497,1.580644130706787,39.96039771597134,29.350881364232105,-3.9496424198150635,1707,25,53,1,NOMINAL_OUTSIDE_CERTIFIED_SET,96.95486450195312,OUTBOUND,-36.01610565185547,-0.5137109723963655,
0,42.286712646484375,1.5724496841430664,11.919927597045898,11.891182899475098,39.97891020998941,29.338580034302897,-3.9245030879974365,1708,25,54,1,NOMINAL_OUTSIDE_CERTIFIED_SET,25.16936683654785,OUTBOUND,-36.10211944580078,-0.5540642993114094,
0,42.286155700683594,1.5729241371154785,23.93982696533203,23.69382095336914,39.99333643598948,29.326277595438448,-3.9343690872192383,1709,25,55,1,NO_GENERATOR_SET,33.42533493041992,OUTBOUND,-36.15456771850586,-0.5649130698443154,
0,42.438232421875,1.5733970403671265,12.133444786071777,12.042731285095215,40.01125327398768,29.31397868140972,-3.8883352279663086,1710,25,56,1,NO_GENERATOR_SET,19.692106246948242,OUTBOUND,-36.41754150390625,-0.5534080305924002,
0,41.86221694946289,1.5738729238510132,12.841649055480957,12.776105880737305,40.0318726899859,29.301686036986382,-3.9684035778045654,1711,25,57,1,NO_GENERATOR_SET,50.111610412597656,OUTBOUND,-35.64764404296875,-0.5256447779801584,
0,42.54964828491211,1.5743472576141357,1.278853416442871,1.3584580421447754,40.04859574098373,29.289404506595776,-3.890439033508301,1712,25,58,1,NOMINAL_OUTSIDE_CERTIFIED_SET,66.1153335571289,OUTBOUND,-36.309791564941406,-0.4867457409292068,
0,42.36217498779297,1.5748236179351807,1.2939482927322388,1.345153570175171,40.062841344974004,29.277140267548596,-3.9521546363830566,1713,25,59,1,NOMINAL_OUTSIDE_CERTIFIED_SET,66.4744873046875,OUTBOUND,-35.960296630859375,-0.44093392626951855,
0,43.24321365356445,1.5753018856048584,12.672822952270508,12.601840019226074,40.16931221197592,29.264898705870678,-3.9557056427001953,1714,25,60,1,NOMINAL_OUTSIDE_CERTIFIED_SET,57.389060974121094,OUTBOUND,-36.95178985595703,-0.39161032715398747,
0,43.1559944152832,1.5757802724838257,23.93266487121582,23.82163429260254,40.18985063798027,29.25268317948094,-3.9263172149658203,1715,25,61,1,NOMINAL_OUTSIDE_CERTIFIED_SET,130.1769561767578,OUTBOUND,-37.125587463378906,-0.34143802307437954,
0,43.01205825805664,1.5762594938278198,23.760845184326172,23.588457107543945,40.21020162498462,29.240495219358795,-3.935002326965332,1716,25,62,1,NOMINAL_OUTSIDE_CERTIFIED_SET,114.6777572631836,OUTBOUND,-37.02532958984375,-0.29243130369061676,
1,42.48746871948242,1.5767391920089722,1.175507664680481,1.2234845161437988,40.23454646099708,29.228345182044812,-3.934321165084839,1717,25,63,0,,24.984066009521484,OUTBOUND,-36.468231201171875,-0.27661821899054373,
0,42.05852508544922,1.5772180557250977,24.52914047241211,24.30660629272461,40.25335473299492,29.216159045044964,-3.909123420715332,1718,25,64,1,NOMINAL_OUTSIDE_CERTIFIED_SET,49.616703033447266,OUTBOUND,-36.07160186767578,-0.25537477435362743,
0,42.608665466308594,1.5776976346969604,12.199248313903809,12.106574058532715,40.26696489099413,29.204012769396723,-3.9328038692474365,1719,25,65,1,NOMINAL_OUTSIDE_CERTIFIED_SET,7.187307357788086,OUTBOUND,-36.68509292602539,-0.2002414164474372,
0,42.1484260559082,1.5781738758087158,13.039505958557129,13.022831916809082,40.28501092499937,29.191901148705007,-3.8614847660064697,1720,25,66,1,NOMINAL_OUTSIDE_CERTIFIED_SET,50.272247314453125,OUTBOUND,-36.12371826171875,-0.15264521675283263,
0,42.3739013671875,1.5786511898040771,1.6550925970077515,1.7885581254959106,40.300326532975305,29.17981896574749,-3.9347033500671387,1721,25,67,1,NOMINAL_OUTSIDE_CERTIFIED_SET,118.4224853515625,FAILURE,-36.23612594604492,-0.11234383815581904,
1,42.79156494140625,1.5791270732879639,12.845714569091797,12.772066116333008,40.32705583499046,29.987973390657476,-3.891890048980713,1722,26,1,0,,42.21878433227539,OUTBOUND,-36.59759521484375,-0.03726324960191544,
0,42.474700927734375,1.5796045064926147,1.5673496723175049,1.6269512176513672,40.34942412597593,29.975890117782907,-3.9439632892608643,1723,26,2,1,NOMINAL_OUTSIDE_CERTIFIED_SET,98.9335708618164,OUTBOUND,-36.04988098144531,-0.056759133702834634,
0,43.11518478393555,1.5800797939300537,12.680943489074707,12.588947296142578,40.365631103981286,29.963780813730494,-3.8774619102478027,1724,26,3,1,NOMINAL_OUTSIDE_CERTIFIED_SET,5.913627624511719,OUTBOUND,-36.97496795654297,-0.044387501724970996,
0,43.316871643066406,1.5805569887161255,0.9911514520645142,1.0273081064224243,40.3856559759879,29.951643665850764,-3.94866943359375,1725,26,4,1,NOMINAL_OUTSIDE_CERTIFIED_SET,21.745492935180664,OUTBOUND,-37.05854034423828,-0.038523936719115914,
1,43.096221923828125,1.5810357332229614,12.812814712524414,12.788477897644043,40.40146718698088,29.939490054080718,-3.9471871852874756,1726,26,5,0,,57.06064224243164,OUTBOUND,-36.687522888183594,-0.061063588639317996,
0,43.89979934692383,1.5815144777297974,0.9065921306610107,0.9780148267745972,40.41807183998753,29.927311825292513,-3.920738935470581,1727,26,6,1,NOMINAL_OUTSIDE_CERTIFIED_SET,41.06309127807617,OUTBOUND,-37.707298278808594,-0.07964153384189897,
0,44.00955581665039,1.5819978713989258,0.7187054753303528,0.7760246992111206,40.439690087980125,29.915111939701962,-4.008330345153809,1728,26,7,1,NOMINAL_OUTSIDE_CERTIFIED_SET,52.106449127197266,OUTBOUND,-37.84955978393555,-0.07845588392845451,
0,42.77692794799805,1.5824776887893677,13.33188247680664,13.333763122558594,40.459757299977355,29.902887379017283,-3.859523296356201,1729,26,8,1,NOMINAL_OUTSIDE_CERTIFIED_SET,37.37491989135742,OUTBOUND,-36.6644172668457,-0.08943726947853678,
1,42.84840774536133,1.5829598903656006,12.9214506149292,12.814726829528809,40.48063120097504,29.890642744191172,-3.9684879779815674,1730,26,9,0,,28.986284255981445,OUTBOUND,-36.76409912109375,-0.08665560943420558,
1,42.79701614379883,1.583442211151123,48.69976043701172,48.08820343017578,40.58625096597825,29.878417429849826,-3.927043914794922,1731,26,10,0,,200.64312744140625,OUTBOUND,-36.91902542114258,-0.07592467397070683,
0,43.484100341796875,1.5839250087738037,0.7493669986724854,0.8568896055221558,40.60350359897711,29.866189037005384,-3.932996988296509,1732,26,11,1,NOMINAL_OUTSIDE_CERTIFIED_SET,47.980220794677734,OUTBOUND,-37.547142028808594,-0.09600352493542642,
1,42.75670623779297,1.5844097137451172,1.2298533916473389,1.3930585384368896,40.620082276000176,29.853936336983555,-3.965609550476074,1733,26,12,0,,86.23558044433594,OUTBOUND,-36.58732604980469,-0.11091052269987099,
0,43.081146240234375,1.5848921537399292,13.02951431274414,12.959039688110352,40.63562537098187,29.841715829217833,-3.882205009460449,1734,26,13,1,NOMINAL_OUTSIDE_CERTIFIED_SET,32.054656982421875,OUTBOUND,-36.94168472290039,-0.1247207021017737,
1,43.111995697021484,1.5853742361068726,1.3229035139083862,1.4318538904190063,40.653250228991965,29.829457148939227,-3.920389413833618,1735,26,14,0,,103.0090560913086,OUTBOUND,-36.73598098754883,-0.16407059109072092,
0,43.180885314941406,1.5858538150787354,12.985516548156738,12.890993118286133,40.67243896299624,29.8172380433683,-3.8733274936676025,1736,26,15,1,NOMINAL_OUTSIDE_CERTIFIED_SET,23.131038665771484,OUTBOUND,-36.87106704711914,-0.1979480579514748,
0,44.112361907958984,1.5863337516784668,0.6167560815811157,0.6456758379936218,40.6893086139753,29.804988896650322,-3.9250071048736572,1737,26,16,1,NOMINAL_OUTSIDE_CERTIFIED_SET,21.306589126586914,OUTBOUND,-37.8092155456543,-0.23753347280562595,
1,43.83721923828125,1.586817979812622,24.254478454589844,24.10921859741211,40.70886904999497,29.792720613065057,-4.005233287811279,1738,26,17,0,,97.14381408691406,OUTBOUND,-37.65444564819336,-0.28563354302300853,
1,43.6890983581543,1.5873030424118042,0.7825464606285095,0.8247362375259399,40.731726962985704,29.780441510641012,-3.941023349761963,1739,26,18,0,,24.26688003540039,OUTBOUND,-37.50060272216797,-0.2925173156976865,
0,43.392181396484375,1.5877869129180908,25.326488494873047,25.08297348022461,40.74585221597226,29.76817512818658,-3.9050445556640625,1740,26,19,1,NOMINAL_OUTSIDE_CERTIFIED_SET,101.53947448730469,OUTBOUND,-37.44590377807617,-0.2991327529903153,
0,43.377952575683594,1.588274598121643,37.234188079833984,36.841529846191406,40.759869949979475,29.755896252257628,-4.001425743103027,1741,26,20,1,INSUFFICIENT_RECOVERY_RESERVE,140.6144561767578,OUTBOUND,-37.35478210449219,-0.31599515378202636,
1,43.15464782714844,1.588763952255249,12.723755836486816,12.643940925598145,40.77592160899076,29.74365099106912,-3.964109182357788,1742,26,21,0,,23.649890899658203,OUTBOUND,-37.307456970214844,-0.30992694680280786,
1,42.434181213378906,1.5892523527145386,1.8444702625274658,2.1031484603881836,40.79155380799784,29.731400425629378,-3.919564723968506,1743,26,22,0,,114.50881958007812,OUTBOUND,-36.29457092285156,-0.3086262627741654,
0,43.45351028442383,1.5897396802902222,1.087549090385437,1.258858561515808,40.90302988397889,29.719125308658043,-3.911590099334717,1744,26,23,1,NOMINAL_OUTSIDE_CERTIFIED_SET,103.88506317138672,OUTBOUND,-37.21314239501953,-0.33579140134213487,
0,42.68272399902344,1.5902284383773804,25.535173416137695,25.33780860900879,40.92360660599661,29.706826599068165,-3.95997953414917,1745,26,24,1,INSUFFICIENT_RECOVERY_RESERVE,14.291446685791016,OUTBOUND,-36.489776611328125,-0.3549957380000604,
1,42.454612731933594,1.590715765953064,47.809608459472656,47.19918441772461,40.94641990098171,29.69455928587665,-3.9059205055236816,1746,26,25,0,,114.97866821289062,OUTBOUND,-36.317115783691406,-0.32513944675730905,
0,43.1113395690918,1.5912028551101685,13.424042701721191,13.313284873962402,40.96906823699828,29.682273136491595,-3.9257752895355225,1747,26,26,1,NOMINAL_OUTSIDE_CERTIFIED_SET,40.98615264892578,OUTBOUND,-36.94336700439453,-0.3419764329118854,
1,42.61090087890625,1.5916917324066162,24.661487579345703,24.45221710205078,40.98532020798302,29.669976841973497,-3.9668307304382324,1748,26,27,0,,19.804271697998047,OUTBOUND,-36.441192626953125,-0.4026253122640072,
0,43.77815246582031,1.592179775238037,0.8549885153770447,0.8640884160995483,41.00583408799139,29.657681279354694,-3.9145798683166504,1749,26,28,1,NOMINAL_OUTSIDE_CERTIFIED_SET,89.03572845458984,OUTBOUND,-37.56636047363281,-0.45077419151963805,
0,43.714881896972656,1.5926704406738281,1.133757472038269,1.1370991468429565,41.01733795297332,29.645354257175384,-3.9858920574188232,1750,26,29,1,INSUFFICIENT_RECOVERY_RESERVE,92.3910903930664,OUTBOUND,-37.30896759033203,-0.4545871548078169,
0,44.41737365722656,1.593159556388855,0.5324589014053345,0.5069534182548523,41.03217140198103,29.633079262880607,-3.9042630195617676,1751,26,30,1,NOMINAL_OUTSIDE_CERTIFIED_SET,35.31534957885742,OUTBOUND,-38.089935302734375,-0.44217874084378256,
0,43.587249755859375,1.593648910522461,13.34485149383545,13.30150318145752,41.043646612990415,29.62078359036864,-3.938762903213501,1752,26,31,1,INSUFFICIENT_RECOVERY_RESERVE,28.584455490112305,OUTBOUND,-37.17228698730469,-0.4301043686364651,
1,44.76782989501953,1.5941356420516968,0.631473958492279,0.6702341437339783,41.061683135980275,29.60851943793695,-3.8808627128601074,1753,26,32,0,,22.591115951538086,OUTBOUND,-38.411399841308594,-0.3965861616762287,
0,44.337711334228516,1.5946240425109863,26.04421615600586,25.84903907775879,41.075914244982414,29.59621177660431,-3.9616575241088867,1754,26,33,1,NOMINAL_OUTSIDE_CERTIFIED_SET,134.3990020751953,OUTBOUND,-38.17033004760742,-0.4201571323591579,
0,44.14966583251953,1.595108985900879,0.862734854221344,0.9029521346092224,41.1861655949906,29.58389340089167,-3.8647170066833496,1755,26,34,1,INSUFFICIENT_RECOVERY_RESERVE,19.70296859741211,OUTBOUND,-38.00528335571289,-0.43826220590050535,
0,44.1795768737793,1.595589518547058,0.8964157700538635,0.9446648359298706,41.20809851799277,29.571590143422203,-3.837686777114868,1756,26,35,1,NOMINAL_OUTSIDE_CERTIFIED_SET,22.067060470581055,OUTBOUND,-38.114097595214844,-0.45513940329010005,
0,44.19727325439453,1.5960737466812134,0.7037091851234436,0.7488692998886108,41.22327197698178,29.559273127875276,-3.9877099990844727,1757,26,36,1,INSUFFICIENT_RECOVERY_RESERVE,9.566728591918945,OUTBOUND,-38.00042724609375,-0.47029671274372065,
0,44.373291015625,1.5965585708618164,13.184102058410645,13.035289764404297,41.24120300798677,29.54697250013501,-3.933927059173584,1758,26,37,1,NOMINAL_OUTSIDE_CERTIFIED_SET,57.84041213989258,OUTBOUND,-38.41577911376953,-0.48439428676852136,
0,43.087806701660156,1.5970449447631836,13.236214637756348,13.19527816772461,41.25404451598297,29.53465508361939,-3.950986385345459,1759,26,38,1,INSUFFICIENT_RECOVERY_RESERVE,7.541984558105469,OUTBOUND,-36.923370361328125,-0.49708969903138867,
0,43.816768646240234,1.5975332260131836,0.9057605266571045,0.9728331565856934,41.27003182898625,29.522371289158365,-3.9648561477661133,1760,26,39,1,INSUFFICIENT_RECOVERY_RESERVE,58.44449996948242,OUTBOUND,-37.600738525390625,-0.451434755523121,
0,44.519962310791016,1.598024845123291,0.5992592573165894,0.6284541487693787,41.2855513819959,29.510098256515878,-3.9915432929992676,1761,26,40,1,NOMINAL_OUTSIDE_CERTIFIED_SET,50.61833572387695,OUTBOUND,-38.33358383178711,-0.4649763438132324,
0,43.48765563964844,1.5985212326049805,13.774561882019043,13.700729370117188,41.29791355697671,29.497808385343948,-4.029576778411865,1762,26,41,1,INSUFFICIENT_RECOVERY_RESERVE,17.741270065307617,OUTBOUND,-37.109466552734375,-0.4772508050600717,
1,44.510196685791016,1.5990197658538818,0.7783787250518799,0.8279740214347839,41.31295779297943,29.485525035510605,-3.9848947525024414,1763,26,42,0,,23.923120498657227,OUTBOUND,-38.289268493652344,-0.4292657206256485,
0,44.23117446899414,1.5995171070098877,38.339664459228516,38.11379623413086,41.32680279199849,29.473266958985562,-3.9258949756622314,1764,26,43,1,NOMINAL_OUTSIDE_CERTIFIED_SET,161.99940490722656,OUTBOUND,-38.17364501953125,-0.43707610107090333,
0,43.355831146240234,1.6000124216079712,1.0949162244796753,1.0857363939285278,41.34574547997909,29.46099060146971,-3.9051249027252197,1765,26,44,1,NOMINAL_OUTSIDE_CERTIFIED_SET,83.13904571533203,OUTBOUND,-37.1549072265625,-0.49317055253724396,
1,44.12198257446289,1.6005090475082397,23.796031951904297,23.541988372802734,41.3645786959969,29.44868829942905,-3.969733476638794,1766,26,45,0,,64.94337463378906,OUTBOUND,-37.930641174316406,-0.5240820152864747,
0,44.50794219970703,1.6010019779205322,0.5466586351394653,0.5543948411941528,41.38480548898224,29.436378163484335,-3.869262456893921,1767,26,46,1,NOMINAL_OUTSIDE_CERTIFIED_SET,44.6849365234375,OUTBOUND,-38.38508987426758,-0.5283308986592372,
0,43.69670104980469,1.6014946699142456,26.07798194885254,25.835493087768555,41.39806492399657,29.42406434672431,-3.934579849243164,1768,26,47,1,INSUFFICIENT_RECOVERY_RESERVE,50.15329360961914,OUTBOUND,-37.615753173828125,-0.5000634387532675,
0,43.829429626464844,1.601990818977356,13.998071670532227,13.941705703735352,41.41503563799779,29.411763577616274,-3.9998629093170166,1769,26,48,1,NOMINAL_OUTSIDE_CERTIFIED_SET,15.20533561706543,OUTBOUND,-37.59037780761719,-0.505312768876482,
0,44.34893035888672,1.6024894714355469,1.0569626092910767,1.1620078086853027,41.42872868498671,29.399451126009886,-3.9928250312805176,1770,26,49,1,INSUFFICIENT_RECOVERY_RESERVE,73.82698059082031,OUTBOUND,-38.01551818847656,-0.5103346072482197,
1,43.8764762878418,1.6029878854751587,1.009765386581421,1.1278656721115112,41.44879415197647,29.387184724785726,-3.940429925918579,1771,26,50,0,,67.12467956542969,OUTBOUND,-37.47187042236328,-0.4884381156881519,
0,43.359649658203125,1.6034828424453735,26.07859992980957,25.84721565246582,41.56704428899684,29.374892024600886,-3.879302978515625,1772,26,51,1,NOMINAL_OUTSIDE_CERTIFIED_SET,61.02409744262695,OUTBOUND,-37.097110748291016,-0.5184826369892866,
0,44.76070785522461,1.6039763689041138,13.472660064697266,13.339262962341309,41.583188317978056,29.362597779448475,-3.913667678833008,1773,26,52,1,NO_GENERATOR_SET,36.90855026245117,OUTBOUND,-38.68144226074219,-0.5547100247499508,
0,44.17346954345703,1.6044691801071167,13.292564392089844,13.245073318481445,41.59798390799551,29.350300904443646,-3.920454502105713,1774,26,53,1,NO_GENERATOR_SET,2.08514666557312,OUTBOUND,-37.87937927246094,-0.5625032560744404,
0,44.305973052978516,1.6049597263336182,13.359115600585938,13.262105941772461,41.61224707198562,29.337999447958563,-3.8906772136688232,1775,26,54,1,NO_GENERATOR_SET,4.526405334472656,OUTBOUND,-38.166812896728516,-0.54881451356618,
0,45.03148651123047,1.6054507493972778,0.6838582754135132,0.7071998715400696,41.629622589971405,29.325701133152112,-3.939488649368286,1776,26,55,1,NO_GENERATOR_SET,30.896404266357422,OUTBOUND,-38.714691162109375,-0.5195786032305085,
1,44.857601165771484,1.6059406995773315,13.45918083190918,13.340899467468262,41.64609716099221,29.313409564067573,-3.908968925476074,1777,26,56,0,,7.643490791320801,OUTBOUND,-38.56709289550781,-0.4810137428623072,
1,44.154693603515625,1.606431245803833,13.602575302124023,13.511495590209961,41.66278668897576,29.301102662860583,-3.939918279647827,1778,26,57,0,,11.091262817382812,OUTBOUND,-37.92255783081055,-0.46618832685430517,
0,44.26153564453125,1.6069198846817017,0.810066819190979,0.8607962131500244,41.681496951990994,29.28874506567287,-3.893686532974243,1779,26,58,1,NOMINAL_OUTSIDE_CERTIFIED_SET,50.57093048095703,OUTBOUND,-37.93748092651367,-0.44317760862276295,
0,44.213863372802734,1.6074095964431763,39.40108108520508,39.03914260864258,41.695468352991156,29.27644030062637,-3.9441866874694824,1780,26,59,1,NOMINAL_OUTSIDE_CERTIFIED_SET,134.51927185058594,OUTBOUND,-37.92631530761719,-0.38363334523682635,
0,45.23554229736328,1.6079025268554688,0.6793224215507507,0.7320994138717651,41.71586220699828,29.26418563905764,-3.987431049346924,1781,26,60,1,NOMINAL_OUTSIDE_CERTIFIED_SET,46.08871841430664,OUTBOUND,-38.94823455810547,-0.32185811526298064,
1,45.08121109008789,1.6083993911743164,0.7801200747489929,0.8478220105171204,41.73805469099898,29.251989804000214,-4.010021686553955,1782,26,61,0,,46.1448860168457,OUTBOUND,-38.82414245605469,-0.2662694243943,
0,45.189979553222656,1.6088935136795044,13.48890495300293,13.394556999206543,41.75516365797375,29.239779399738243,-3.8870694637298584,1783,26,62,1,NOMINAL_OUTSIDE_CERTIFIED_SET,36.865840911865234,OUTBOUND,-39.103065490722656,-0.21519492294737208,
0,44.31010437011719,1.6093870401382446,1.1986602544784546,1.263123631477356,41.77258129499387,29.227628276186145,-3.923729419708252,1784,26,63,1,NOMINAL_OUTSIDE_CERTIFIED_SET,42.49292755126953,OUTBOUND,-37.97338104248047,-0.16481729730591668,
0,44.673439025878906,1.6098829507827759,26.668432235717773,26.408283233642578,41.8831237689883,29.215525798292852,-3.9783992767333984,1785,26,64,1,NOMINAL_OUTSIDE_CERTIFIED_SET,82.40543365478516,FAILURE,-38.4223518371582,-0.12183705164685808,
0,44.68198013305664,1.6103808879852295,0.7829198837280273,0.8196625709533691,41.902043405978475,29.9879676,-3.9758167266845703,1786,27,1,1,NOMINAL_OUTSIDE_CERTIFIED_SET,59.69519805908203,OUTBOUND,-38.37420654296875,-0.01020132358994201,
1,45.33844757080078,1.6108812093734741,0.5363355875015259,0.5513896942138672,41.9184921119886,29.975916671063953,-3.987907886505127,1787,27,2,0,,35.950321197509766,OUTBOUND,-38.92577362060547,0.011052002183256394,
0,44.00172424316406,1.6113789081573486,40.00929260253906,39.64414978027344,41.93763549099094,29.963833779541442,-3.893150806427002,1788,27,3,1,NOMINAL_OUTSIDE_CERTIFIED_SET,108.39710235595703,OUTBOUND,-37.89495086669922,0.02525778075183875,
1,44.78664779663086,1.6118766069412231,23.75886344909668,23.47873878479004,41.95958073498332,29.951732271723582,-3.940995931625366,1789,27,4,0,,65.42432403564453,OUTBOUND,-38.963714599609375,0.029325027325451662,
0,44.768497467041016,1.6123768091201782,0.9641985893249512,1.032280445098877,41.9804406639887,29.939632481851223,-3.987879514694214,1790,27,5,1,NOMINAL_OUTSIDE_CERTIFIED_SET,83.86741638183594,OUTBOUND,-38.367149353027344,0.03014447301214269,
0,44.553932189941406,1.612876534461975,1.110158085823059,1.1734261512756348,41.99896704699495,29.92750803870831,-3.9356117248535156,1791,27,6,1,NOMINAL_OUTSIDE_CERTIFIED_SET,105.0581283569336,OUTBOUND,-38.179344177246094,0.007062424550974286,
0,45.19044876098633,1.6133744716644287,14.076910972595215,13.993578910827637,42.01701450999826,29.91535670141827,-3.9107022285461426,1792,27,7,1,NOMINAL_OUTSIDE_CERTIFIED_SET,3.0983800888061523,OUTBOUND,-38.92955017089844,-0.017386724669169427,
1,44.44490051269531,1.6138715744018555,14.231311798095703,14.151824951171875,42.02979643797153,29.903203678249383,-3.920891284942627,1793,27,8,0,,19.689067840576172,OUTBOUND,-38.12022399902344,-0.039174560547983885,
0,44.21855545043945,1.614370584487915,22.598857879638672,22.253360748291016,42.04604394698981,29.89102818215736,-3.9755749702453613,1794,27,9,1,NOMINAL_OUTSIDE_CERTIFIED_SET,15.381706237792969,OUTBOUND,-37.90478515625,-0.06070612205623013,
0,44.845977783203125,1.6148725748062134,24.07526206970215,23.802047729492188,42.06071414100006,29.8788172267722,-3.9966678619384766,1795,27,10,1,NOMINAL_OUTSIDE_CERTIFIED_SET,52.86479187011719,OUTBOUND,-38.48583221435547,-0.09224269502858695,
1,45.61487579345703,1.615377426147461,13.378654479980469,13.244651794433594,42.16509343398502,29.866590750556075,-4.002950668334961,1796,27,11,0,,10.883980751037598,OUTBOUND,-39.450408935546875,-0.11462033315675411,
1,44.46099090576172,1.6158885955810547,26.67902374267578,26.471773147583008,42.186287068994716,29.85436177861182,-4.073516845703125,1797,27,12,0,,55.490238189697266,OUTBOUND,-38.28374481201172,-0.0923693128516018,
0,44.35978698730469,1.6164002418518066,11.869158744812012,11.740711212158203,42.207411567971576,29.84215094420159,-3.971543788909912,1798,27,13,1,NOMINAL_OUTSIDE_CERTIFIED_SET,42.04899978637695,OUTBOUND,-38.22037887573242,-0.09220951793990026,
0,45.204837799072266,1.616908073425293,1.1387691497802734,1.1835949420928955,42.22581791097764,29.82992181465719,-3.8927130699157715,1799,27,14,1,NOMINAL_OUTSIDE_CERTIFIED_SET,105.5916976928711,OUTBOUND,-38.89116668701172,-0.14561851526132927,
0,45.45692825317383,1.6174145936965942,13.55643081665039,13.449891090393066,42.24175759998616,29.817687174919403,-3.9301695823669434,1800,27,15,1,NOMINAL_OUTSIDE_CERTIFIED_SET,17.535995483398438,OUTBOUND,-39.11634826660156,-0.1937139855170569,
0,45.040191650390625,1.617917776107788,13.303353309631348,13.20782470703125,42.258956538978964,29.805446406191017,-3.8913071155548096,1801,27,16,1,NOMINAL_OUTSIDE_CERTIFIED_SET,7.414919853210449,OUTBOUND,-38.82498550415039,-0.22976579393243576,
1,45.07145690917969,1.6184176206588745,13.982683181762695,13.91689682006836,42.2748896269768,29.793193103965994,-3.883488178253174,1802,27,17,0,,35.30429458618164,OUTBOUND,-38.68929672241211,-0.26847953909546013,
0,44.82457733154297,1.6189210414886475,26.713367462158203,26.502716064453125,42.29144175199326,29.780886680447395,-4.009096622467041,1803,27,18,1,NOMINAL_OUTSIDE_CERTIFIED_SET,53.452537536621094,OUTBOUND,-38.468570709228516,-0.3196130368063235,
0,45.14865493774414,1.6194233894348145,26.918018341064453,26.701488494873047,42.30681004899088,29.768560936162693,-3.9270570278167725,1804,27,19,1,INSUFFICIENT_RECOVERY_RESERVE,64.19149780273438,OUTBOUND,-38.90871810913086,-0.34059039466477514,
0,45.045833587646484,1.6199232339859009,26.927799224853516,26.716957092285156,42.32366897998145,29.756253085715155,-3.896839141845703,1805,27,20,1,NOMINAL_OUTSIDE_CERTIFIED_SET,59.017086029052734,OUTBOUND,-38.96234130859375,-0.3604672143978655,
0,45.06953811645508,1.6204228401184082,1.2952024936676025,1.3427528142929077,42.33585825399496,29.743924797871077,-3.936418294906616,1806,27,21,1,INSUFFICIENT_RECOVERY_RESERVE,110.69524383544922,OUTBOUND,-38.679298400878906,-0.3792800841464232,
0,44.71858596801758,1.620922327041626,1.4828001260757446,1.5568989515304565,42.34995620898553,29.731631228121344,-3.93471622467041,1807,27,22,1,INSUFFICIENT_RECOVERY_RESERVE,124.80195617675781,OUTBOUND,-38.21261978149414,-0.35559785225343854,
0,44.77210998535156,1.6214207410812378,14.199073791503906,14.147482872009277,42.364624391979305,29.719349740580384,-3.919304132461548,1808,27,23,1,NOMINAL_OUTSIDE_CERTIFIED_SET,32.63071060180664,OUTBOUND,-38.325016021728516,-0.37164800176970775,
0,45.43982696533203,1.6219151020050049,0.8036384582519531,0.8259038329124451,42.37755775998812,29.707050299841026,-3.861707925796509,1809,27,24,1,INSUFFICIENT_RECOVERY_RESERVE,52.234561920166016,OUTBOUND,-38.97483825683594,-0.3869757186976467,
0,46.02350616455078,1.6224100589752197,0.7613844871520996,0.8207538723945618,42.39663516799919,29.694764745164424,-3.9366025924682617,1810,27,25,1,NOMINAL_OUTSIDE_CERTIFIED_SET,21.90081214904785,OUTBOUND,-39.52531051635742,-0.40209281041130546,
0,46.07324981689453,1.6229052543640137,11.74367618560791,11.611963272094727,42.411098831973504,29.6824594337691,-3.9355077743530273,1811,27,26,1,INSUFFICIENT_RECOVERY_RESERVE,75.73470306396484,OUTBOUND,-39.760772705078125,-0.4163905137516769,
1,45.96063995361328,1.6234010457992554,38.16440200805664,37.73688507080078,42.429954640974756,29.670174537777513,-3.9388809204101562,1812,27,27,0,,199.4954376220703,OUTBOUND,-39.72835922241211,-0.37080330738847755,
0,45.417327880859375,1.6238967180252075,14.494508743286133,14.398073196411133,42.54866601299727,29.657890466244655,-3.9301981925964355,1813,27,28,1,NOMINAL_OUTSIDE_CERTIFIED_SET,46.043701171875,OUTBOUND,-39.28382110595703,-0.37752092289501044,
1,45.17386245727539,1.6243915557861328,1.2494713068008423,1.3312095403671265,42.56670336399111,29.64560632666693,-3.9114699363708496,1814,27,29,0,,34.11893081665039,OUTBOUND,-38.9177131652832,-0.42464610777870854,
0,45.71681594848633,1.62488853931427,26.74013328552246,26.50067138671875,42.583374305977486,29.63332702811564,-3.9705796241760254,1815,27,30,1,NOMINAL_OUTSIDE_CERTIFIED_SET,95.61136627197266,OUTBOUND,-39.646400451660156,-0.44792413526952723,
0,44.992828369140625,1.6253833770751953,27.699710845947266,27.47884178161621,42.6042240409879,29.621045238109698,-3.8911972045898438,1816,27,31,1,NOMINAL_OUTSIDE_CERTIFIED_SET,68.56748962402344,OUTBOUND,-38.88628005981445,-0.46155987800263915,
0,44.679962158203125,1.6258772611618042,13.852096557617188,13.82034969329834,42.6222237169859,29.608752686693617,-3.907909870147705,1817,27,32,1,INSUFFICIENT_RECOVERY_RESERVE,53.440185546875,OUTBOUND,-38.57719802856445,-0.443069470615328,
1,45.224491119384766,1.6263712644577026,1.438147783279419,1.4876941442489624,42.63967836499796,29.596480083056125,-3.9288954734802246,1818,27,33,0,,134.85646057128906,OUTBOUND,-38.93498229980469,-0.421604340357367,
0,44.969932556152344,1.6268678903579712,1.9686654806137085,2.0010311603546143,42.66115850399365,29.584189695445644,-3.974905490875244,1819,27,34,1,NOMINAL_OUTSIDE_CERTIFIED_SET,142.47116088867188,OUTBOUND,-38.434791564941406,-0.44908781245046003,
0,44.25273513793945,1.6273643970489502,15.504594802856445,15.436580657958984,42.67311353798141,29.571888226031767,-3.927511215209961,1820,27,35,1,INSUFFICIENT_RECOVERY_RESERVE,101.36647033691406,OUTBOUND,-37.78038024902344,-0.45678544078562966,
1,46.067901611328125,1.6278620958328247,1.2431398630142212,1.2265594005584717,42.6883897119842,29.559628270419363,-3.9519095420837402,1821,27,36,0,,80.7845687866211,OUTBOUND,-39.38896942138672,-0.43348199549974953,
1,45.677162170410156,1.6283621788024902,12.13230037689209,11.953753471374512,42.70342822399107,29.547367007942984,-3.976396083831787,1822,27,37,0,,18.610546112060547,OUTBOUND,-39.07164764404297,-0.41656018172162845,
0,46.24103546142578,1.6288647651672363,27.747028350830078,27.63848876953125,42.72062371397624,29.53508379410754,-3.984452962875366,1823,27,38,1,NOMINAL_OUTSIDE_CERTIFIED_SET,124.43254089355469,OUTBOUND,-39.79908752441406,-0.43637738793801334,
0,46.57401657104492,1.6293691396713257,14.584492683410645,14.543157577514648,42.73710947998916,29.522783082747598,-3.975011110305786,1824,27,39,1,INSUFFICIENT_RECOVERY_RESERVE,89.58277893066406,OUTBOUND,-40.22394561767578,-0.4507344476881759,
0,46.730106353759766,1.629875898361206,0.6801003813743591,0.7345185279846191,42.75238878597156,29.510495785261618,-3.9865481853485107,1825,27,40,1,NOMINAL_OUTSIDE_CERTIFIED_SET,29.621318817138672,OUTBOUND,-40.423179626464844,-0.4645879428992944,
0,46.41236114501953,1.6303799152374268,0.5995396375656128,0.6152735948562622,42.87059020099696,29.49818941482991,-3.8978967666625977,1826,27,41,1,INSUFFICIENT_RECOVERY_RESERVE,10.296131134033203,OUTBOUND,-40.18470001220703,-0.4771515214163658,
0,46.5321159362793,1.6308821439743042,14.179920196533203,14.011982917785645,42.88528834198951,29.485898231356494,-3.906952381134033,1827,27,42,1,NOMINAL_OUTSIDE_CERTIFIED_SET,71.3464584350586,OUTBOUND,-40.39247131347656,-0.4892419911470321,
0,46.12176513671875,1.63137948513031,0.8739093542098999,0.9311937689781189,42.898745975981,29.47358633867093,-3.8463571071624756,1828,27,43,1,INSUFFICIENT_RECOVERY_RESERVE,28.79001235961914,OUTBOUND,-40.01177978515625,-0.5002140730954562,
0,45.651161193847656,1.6318742036819458,1.228471279144287,1.374032974243164,42.91762023299816,29.461305080696295,-3.88036847114563,1829,27,44,1,NOMINAL_OUTSIDE_CERTIFIED_SET,67.72357940673828,OUTBOUND,-39.37028121948242,-0.502761500662771,
0,45.41650390625,1.6323703527450562,25.101774215698242,24.786624908447266,42.94111343397526,29.449015190215817,-3.950211524963379,1830,27,45,1,NO_GENERATOR_SET,49.26191329956055,OUTBOUND,-39.2052001953125,-0.5409855280179361,
0,45.89618682861328,1.6328673362731934,14.952534675598145,14.905488967895508,42.95734228199581,29.43671870007062,-3.942012071609497,1831,27,46,1,NO_GENERATOR_SET,5.01564884185791,OUTBOUND,-39.608402252197266,-0.5506991504119892,
0,46.69586944580078,1.6333638429641724,0.7105379104614258,0.7392594218254089,42.97588897999958,29.424403769901453,-3.918637275695801,1832,27,47,1,INSUFFICIENT_RECOVERY_RESERVE,60.899383544921875,OUTBOUND,-40.27077865600586,-0.5232907806779862,
0,45.777000427246094,1.6338623762130737,14.358924865722656,14.288846015930176,43.00653823898756,29.412122224241802,-3.9642581939697266,1833,27,48,1,INSUFFICIENT_RECOVERY_RESERVE,7.755311012268066,OUTBOUND,-39.5124626159668,-0.47351870379815886,
0,46.39891815185547,1.6343657970428467,0.9571847915649414,0.9638793468475342,43.034881037980085,29.39985173433457,-4.023627281188965,1834,27,49,1,NOMINAL_OUTSIDE_CERTIFIED_SET,69.26271057128906,OUTBOUND,-40.008827209472656,-0.4844073011936264,
0,46.375240325927734,1.6348650455474854,1.4838149547576904,1.5336313247680664,43.05481543397764,29.38755882623947,-3.8602075576782227,1835,27,50,1,INSUFFICIENT_RECOVERY_RESERVE,34.08132553100586,OUTBOUND,-39.90037536621094,-0.4943223209348855,
0,47.2476692199707,1.6353620290756226,0.6202993988990784,0.667822539806366,43.07647121298942,29.37528122802514,-3.886721134185791,1836,27,51,1,NOMINAL_OUTSIDE_CERTIFIED_SET,12.137075424194336,OUTBOUND,-40.874755859375,-0.5030854181092738,
0,46.322959899902344,1.6358590126037598,0.8603583574295044,0.9251722097396851,43.09092294599395,29.36299279690414,-3.9258909225463867,1837,27,52,1,NOMINAL_OUTSIDE_CERTIFIED_SET,30.224441528320312,OUTBOUND,-39.885581970214844,-0.5524293633692245,
0,46.686283111572266,1.6363551616668701,1.0429542064666748,1.140609622001648,43.20443068098393,29.350694770317393,-3.911705732345581,1838,27,53,1,NO_GENERATOR_SET,17.454858779907227,OUTBOUND,-40.26012420654297,-0.569811744042612,
0,46.337913513183594,1.6368552446365356,24.26055145263672,23.872617721557617,43.22203466697829,29.33839342178675,-3.9985806941986084,1839,27,54,1,NO_GENERATOR_SET,140.0572509765625,OUTBOUND,-40.132469177246094,-0.5627902181187477,
0,46.639427185058594,1.637353777885437,0.8169175982475281,0.8920648097991943,43.23969998897519,29.32609688710841,-3.899364471435547,1840,27,55,1,NO_GENERATOR_SET,17.382017135620117,OUTBOUND,-40.18239212036133,-0.537863522891215,
0,46.82013702392578,1.6378542184829712,0.6491360068321228,0.6953620910644531,43.2585295229801,29.3138131317383,-3.9666664600372314,1841,27,56,1,NOMINAL_OUTSIDE_CERTIFIED_SET,11.25406551361084,OUTBOUND,-40.46617126464844,-0.5005192913583213,
0,46.9243278503418,1.6383559703826904,0.7778530716896057,0.8520809412002563,43.28058514898294,29.301548802762422,-3.9556570053100586,1842,27,57,1,NOMINAL_OUTSIDE_CERTIFIED_SET,26.652740478515625,OUTBOUND,-40.69175720214844,-0.4552939729194443,
0,47.35679626464844,1.638857364654541,14.88953685760498,14.759528160095215,43.30517782198149,29.289308719155642,-3.9274702072143555,1843,27,58,1,NOMINAL_OUTSIDE_CERTIFIED_SET,88.40835571289062,OUTBOUND,-41.24531173706055,-0.4058482316471434,
1,46.125240325927734,1.6393591165542603,12.249387741088867,12.081528663635254,43.326105699990876,29.27708916103844,-3.937174081802368,1844,27,59,0,,14.440152168273926,OUTBOUND,-40.01742172241211,-0.37003060692578366,
0,46.7120361328125,1.6398603916168213,0.7226821184158325,0.7976847887039185,43.34654421999585,29.264859982469584,-3.926337242126465,1845,27,60,1,NOMINAL_OUTSIDE_CERTIFIED_SET,62.49542236328125,OUTBOUND,-40.35262680053711,-0.33044860724631475,
0,46.259220123291016,1.6403639316558838,28.517377853393555,28.228612899780273,43.36403107698425,29.25267195702576,-3.9746792316436768,1846,27,61,1,NOMINAL_OUTSIDE_CERTIFIED_SET,42.2651252746582,OUTBOUND,-40.03302764892578,-0.27468161840501204,
1,47.014686584472656,1.6408687829971313,0.9061751961708069,0.9343702793121338,43.38641703498433,29.24051469926213,-3.95936918258667,1847,27,62,0,,86.29204559326172,OUTBOUND,-40.728878021240234,-0.22893397308448335,
1,47.073760986328125,1.6413716077804565,14.732715606689453,14.591968536376953,43.40453387299203,29.22837605123182,-3.902660369873047,1848,27,63,0,,33.25038528442383,OUTBOUND,-40.743896484375,-0.21166643060229656,
0,46.793251037597656,1.64187490940094,0.897784411907196,0.9054023027420044,43.42550147799193,29.21623522154126,-3.9401774406433105,1849,27,64,1,NOMINAL_OUTSIDE_CERTIFIED_SET,102.86908721923828,OUTBOUND,-40.3358268737793,-0.18667101496051522,
0,46.83430480957031,1.642378330230713,0.8979658484458923,0.9336454272270203,43.44852630599053,29.204134198139116,-3.9378132820129395,1850,27,65,1,NOMINAL_OUTSIDE_CERTIFIED_SET,85.6939926147461,OUTBOUND,-40.1688117980957,-0.13758076008857412,
1,46.644893646240234,1.6428813934326172,26.3817195892334,26.03545570373535,43.472517752990825,29.192063934598774,-3.9278807640075684,1851,27,66,0,,73.03736877441406,OUTBOUND,-40.21071243286133,-0.11262820121118686,
0,46.82600402832031,1.6433851718902588,15.260479927062988,15.174762725830078,43.48886494099861,29.179972205229575,-3.9492297172546387,1852,27,67,1,NOMINAL_OUTSIDE_CERTIFIED_SET,45.06971740722656,FAILURE,-40.37944030761719,-0.0905998584788745,
0,46.934486389160156,1.6438875198364258,0.5272027254104614,0.5857424736022949,43.51291863198276,29.9879676,-3.9049124717712402,1853,28,1,1,NOMINAL_OUTSIDE_CERTIFIED_SET,21.567476272583008,OUTBOUND,-40.63709259033203,-0.01020132358994201,
0,46.407676696777344,1.6443933248519897,12.622451782226562,12.473288536071777,43.63259721599752,29.9758992,-3.999924898147583,1854,28,2,1,NOMINAL_OUTSIDE_CERTIFIED_SET,23.231815338134766,OUTBOUND,-39.98972702026367,-0.01133557945106046,
0,46.914188385009766,1.6448962688446045,0.7035306692123413,0.7801138162612915,43.65345440598321,29.963794800000002,-3.883127212524414,1855,28,3,1,NOMINAL_OUTSIDE_CERTIFIED_SET,11.967585563659668,OUTBOUND,-40.56973648071289,-0.015383460743156973,
0,46.557369232177734,1.6453979015350342,15.368948936462402,15.255263328552246,43.67816825097543,29.951654400000002,-3.9070353507995605,1856,28,4,1,NOMINAL_OUTSIDE_CERTIFIED_SET,50.51903533935547,OUTBOUND,-40.274818420410156,-0.024272287792003466,
1,47.726661682128906,1.6459009647369385,15.114788055419922,14.985803604125977,43.69528747998993,29.9394985922016,-3.957216501235962,1857,28,5,0,,84.93580627441406,OUTBOUND,-41.501033782958984,-0.04147730725079409,
0,46.99714660644531,1.646406650543213,0.7174077033996582,0.7765055894851685,43.713790429988876,29.927329699111464,-3.9820971488952637,1858,28,6,1,NOMINAL_OUTSIDE_CERTIFIED_SET,23.137571334838867,OUTBOUND,-40.65247344970703,-0.057845865008552794,
0,46.88084411621094,1.6469089984893799,14.823954582214355,14.73093318939209,43.73742405200028,29.915128483129102,-3.8726963996887207,1859,28,7,1,NOMINAL_OUTSIDE_CERTIFIED_SET,24.68341827392578,OUTBOUND,-40.6436653137207,-0.07617692304954042,
1,46.67768096923828,1.6474117040634155,15.025945663452148,14.925349235534668,43.75515863497276,29.902919046828192,-3.9381706714630127,1860,28,8,0,,14.73423957824707,OUTBOUND,-40.5023307800293,-0.08921090558376796,
0,46.98758316040039,1.6479166746139526,0.72929447889328,0.7540943622589111,43.77686471899506,29.890664607745045,-3.9719157218933105,1861,28,9,1,NOMINAL_OUTSIDE_CERTIFIED_SET,77.50016021728516,OUTBOUND,-40.50787353515625,-0.11255235072180401,
0,47.04399871826172,1.6484169960021973,28.195226669311523,27.986839294433594,43.790759118972346,29.8783955795648,-3.849371910095215,1862,28,10,1,NOMINAL_OUTSIDE_CERTIFIED_SET,56.696800231933594,OUTBOUND,-40.785884857177734,-0.15888426516664944,
0,47.378868103027344,1.6489168405532837,14.946636199951172,14.81900691986084,43.806713823985774,29.866118293034017,-3.9154679775238037,1863,28,11,1,NOMINAL_OUTSIDE_CERTIFIED_SET,26.113420486450195,OUTBOUND,-41.03463363647461,-0.2020933977673448,
1,46.75612258911133,1.6494158506393433,14.822430610656738,14.727853775024414,43.82246093999129,29.85382645074384,-3.909635305404663,1864,28,12,0,,35.42005157470703,OUTBOUND,-40.57180404663086,-0.2208347646088443,
0,47.595603942871094,1.6499121189117432,1.044795274734497,1.071586012840271,43.83798629499506,29.841524788750984,-3.869664430618286,1865,28,13,1,INSUFFICIENT_RECOVERY_RESERVE,101.86891174316406,OUTBOUND,-41.05617904663086,-0.22024255829547493,
0,46.43887710571289,1.650414228439331,29.874570846557617,29.66958999633789,43.85718075398472,29.829235617646155,-4.028212547302246,1866,28,14,1,NOMINAL_OUTSIDE_CERTIFIED_SET,35.13470458984375,OUTBOUND,-39.86772155761719,-0.25189261324078815,
0,47.4765625,1.6509145498275757,30.01962661743164,29.805965423583984,43.96256618597545,29.816932913890827,-3.8932278156280518,1867,28,15,1,INSUFFICIENT_RECOVERY_RESERVE,87.03890228271484,OUTBOUND,-41.0579948425293,-0.28165804079645007,
1,46.06501770019531,1.6514167785644531,15.537583351135254,15.44998836517334,43.98459396898397,29.804658894753814,-3.9602584838867188,1868,28,16,0,,40.69850540161133,OUTBOUND,-39.63227844238281,-0.25921323708155763,
1,46.31293487548828,1.6519176959991455,41.21684646606445,40.77880859375,44.00627707300009,29.792382619327267,-3.9022274017333984,1869,28,17,0,,81.45811462402344,OUTBOUND,-39.9627571105957,-0.2541495892975909,
0,47.305843353271484,1.652423620223999,1.0039230585098267,1.0611027479171753,44.02474768698448,29.78009616171533,-4.019232273101807,1870,28,18,1,NOMINAL_OUTSIDE_CERTIFIED_SET,118.96051025390625,OUTBOUND,-40.854801177978516,-0.30275941784852445,
0,47.37666320800781,1.652934193611145,14.862723350524902,14.759900093078613,44.044107266992796,29.767803920784154,-4.022761344909668,1871,28,19,1,INSUFFICIENT_RECOVERY_RESERVE,44.725440979003906,OUTBOUND,-40.9351806640625,-0.33044505854802053,
0,47.113502502441406,1.6534475088119507,1.3884135484695435,1.444681167602539,44.07125306097441,29.755522510688298,-3.991983413696289,1872,28,20,1,NOMINAL_OUTSIDE_CERTIFIED_SET,121.72193908691406,OUTBOUND,-40.570274353027344,-0.3557998604086849,
0,47.36532974243164,1.6539591550827026,29.376712799072266,29.149433135986328,44.09384885599138,29.743229992192777,-3.918137550354004,1873,28,21,1,INSUFFICIENT_RECOVERY_RESERVE,48.788387298583984,OUTBOUND,-40.815181732177734,-0.3789039587447593,
0,47.076683044433594,1.6544687747955322,15.534716606140137,15.44279956817627,44.11511509597767,29.730950082644213,-3.904675245285034,1874,28,22,1,NOMINAL_OUTSIDE_CERTIFIED_SET,9.804526329040527,OUTBOUND,-40.588932037353516,-0.399964394618041,
0,46.74458312988281,1.6549791097640991,29.765119552612305,29.581829071044922,44.13002126698848,29.718645508393035,-3.9530906677246094,1875,28,23,1,INSUFFICIENT_RECOVERY_RESERVE,59.693424224853516,OUTBOUND,-40.22817611694336,-0.4191390250169282,
0,47.90360641479492,1.6554895639419556,0.6789732575416565,0.6916369199752808,44.1457998159749,29.706356232130148,-3.9449429512023926,1876,28,24,1,NOMINAL_OUTSIDE_CERTIFIED_SET,46.0156364440918,OUTBOUND,-41.540401458740234,-0.4366217106218533,
0,46.89213180541992,1.6560020446777344,43.108848571777344,42.798851013183594,44.15763445899938,29.6940377159468,-3.978037118911743,1877,28,25,1,INSUFFICIENT_RECOVERY_RESERVE,129.4922332763672,OUTBOUND,-40.597660064697266,-0.45255572850664416,
1,47.61850357055664,1.656516671180725,29.993751525878906,29.74717140197754,44.174339243996656,29.681725161544026,-3.984407901763916,1878,28,26,0,,87.94667053222656,OUTBOUND,-41.39531326293945,-0.3949881702935505,
0,47.2802619934082,1.6570335626602173,1.2987534999847412,1.3992743492126465,44.31581677799113,29.66947207368132,-3.990654230117798,1879,28,27,1,NOMINAL_OUTSIDE_CERTIFIED_SET,117.39742279052734,OUTBOUND,-40.93840789794922,-0.37928457246376307,
0,46.47704315185547,1.6575514078140259,29.732330322265625,29.48934555053711,44.34224983499735,29.657221087003634,-3.971872568130493,1880,28,28,1,NOMINAL_OUTSIDE_CERTIFIED_SET,13.600191116333008,OUTBOUND,-40.208980560302734,-0.4119295945171998,
1,46.74658203125,1.6580736637115479,1.480208158493042,1.6271514892578125,44.36017495999113,29.64497066719296,-4.034435749053955,1881,28,29,0,,136.87338256835938,OUTBOUND,-40.321533203125,-0.43123303480421704,
0,47.422760009765625,1.658592939376831,1.4889291524887085,1.580762505531311,44.37596984897391,29.63268140167836,-3.907229423522949,1882,28,30,1,NOMINAL_OUTSIDE_CERTIFIED_SET,140.18466186523438,OUTBOUND,-40.801307678222656,-0.4759149815269186,
0,47.741737365722656,1.6591145992279053,26.570398330688477,26.269386291503906,44.394453577988315,29.620366286089013,-4.002638339996338,1883,28,31,1,INSUFFICIENT_RECOVERY_RESERVE,46.643802642822266,OUTBOUND,-41.182674407958984,-0.48884148049200543,
0,47.972110748291016,1.6596378087997437,14.638654708862305,14.526350975036621,44.409026045992505,29.608084557427606,-3.986846685409546,1884,28,32,1,INSUFFICIENT_RECOVERY_RESERVE,5.613529205322266,OUTBOUND,-41.44239807128906,-0.4447864697135639,
0,48.51190948486328,1.660161018371582,14.718162536621094,14.617000579833984,44.4252858159889,29.595813460114208,-3.9629385471343994,1885,28,33,1,NOMINAL_OUTSIDE_CERTIFIED_SET,32.79226303100586,OUTBOUND,-42.06367874145508,-0.45809084590619287,
0,47.34523391723633,1.6606833934783936,43.145973205566406,42.814117431640625,44.44257497799117,29.583515787505988,-3.947859048843384,1886,28,34,1,INSUFFICIENT_RECOVERY_RESERVE,143.14300537109375,OUTBOUND,-40.89970016479492,-0.470238299677582,
0,47.026695251464844,1.6612038612365723,29.35126495361328,29.13792610168457,44.46312112198211,29.571231732473564,-3.9250876903533936,1887,28,35,1,NOMINAL_OUTSIDE_CERTIFIED_SET,36.55253601074219,OUTBOUND,-40.75548553466797,-0.4817493203813575,
0,47.510677337646484,1.6617212295532227,1.3471221923828125,1.479637622833252,44.483685530984076,29.558921410577632,-3.9012975692749023,1888,28,36,1,INSUFFICIENT_RECOVERY_RESERVE,124.77308654785156,OUTBOUND,-41.05874252319336,-0.49228296306379665,
0,47.789363861083984,1.6622380018234253,1.321058750152588,1.4671664237976074,44.51370878398302,29.546627184078254,-3.9373278617858887,1889,28,37,1,NOMINAL_OUTSIDE_CERTIFIED_SET,102.31611633300781,OUTBOUND,-41.41324996948242,-0.5023380482953985,
0,47.437950134277344,1.6627541780471802,14.956169128417969,14.902711868286133,44.53318331297487,29.534306832866253,-3.9393422603607178,1890,28,38,1,INSUFFICIENT_RECOVERY_RESERVE,32.598121643066406,OUTBOUND,-40.893707275390625,-0.5115562789224691,
0,47.54189682006836,1.6632680892944336,28.835186004638672,28.59505271911621,44.561981085978914,29.52200465286335,-3.906477212905884,1891,28,39,1,NOMINAL_OUTSIDE_CERTIFIED_SET,54.010990142822266,OUTBOUND,-41.07136535644531,-0.5204234007861661,
0,48.43149948120117,1.6637797355651855,1.3586345911026,1.4736360311508179,44.595390627975576,29.509676305615617,-3.9017293453216553,1892,28,40,1,INSUFFICIENT_RECOVERY_RESERVE,56.54832077026367,OUTBOUND,-41.921661376953125,-0.528563672517971,
1,48.952091217041016,1.6642895936965942,0.7021649479866028,0.7271872162818909,44.61752622097265,29.49739974976854,-3.903709888458252,1893,28,41,0,,37.200523376464844,OUTBOUND,-42.4918212890625,-0.501230627044746,
1,48.49580001831055,1.6648019552230835,15.861835479736328,15.837940216064453,44.63431731198216,29.485092807701253,-3.983665943145752,1894,28,42,0,,45.77376937866211,OUTBOUND,-41.83073043823242,-0.4672909239178509,
0,48.15713882446289,1.6653120517730713,15.974821090698242,15.941889762878418,44.65373045799788,29.472858175285165,-3.899042844772339,1895,28,43,1,NOMINAL_OUTSIDE_CERTIFIED_SET,41.57941818237305,OUTBOUND,-41.673309326171875,-0.44553661227670593,
0,48.02069091796875,1.665822148323059,15.415550231933594,15.401493072509766,44.7853277939721,29.46058215252995,-3.934433937072754,1896,28,44,1,NOMINAL_OUTSIDE_CERTIFIED_SET,44.8948974609375,OUTBOUND,-41.459957122802734,-0.4909399218978338,
0,47.53002166748047,1.6663342714309692,30.47364616394043,30.36097526550293,44.80295504198875,29.448282614116806,-3.9736266136169434,1897,28,45,1,INSUFFICIENT_RECOVERY_RESERVE,88.96693420410156,OUTBOUND,-41.092899322509766,-0.5003017627765532,
0,47.3400764465332,1.6668452024459839,29.977439880371094,29.737499237060547,44.81947480497183,29.43599763743943,-3.9174320697784424,1898,28,46,1,NOMINAL_OUTSIDE_CERTIFIED_SET,61.55344009399414,OUTBOUND,-41.157005310058594,-0.5095639594803568,
0,48.513206481933594,1.6673533916473389,1.0495679378509521,1.1689884662628174,44.83623563198489,29.42368845664165,-3.8841989040374756,1899,28,47,1,INSUFFICIENT_RECOVERY_RESERVE,83.6256332397461,OUTBOUND,-42.2471809387207,-0.518026712798109,
0,48.09284591674805,1.667863130569458,15.333785057067871,15.273727416992188,44.852833939978154,29.411407049151837,-3.960749626159668,1900,28,48,1,NOMINAL_OUTSIDE_CERTIFIED_SET,64.75405883789062,OUTBOUND,-41.60649108886719,-0.5199477657202038,
0,48.22657775878906,1.6683712005615234,1.4172614812850952,1.539114236831665,44.87453705299413,29.39911440899273,-3.902141571044922,1901,28,49,1,NO_GENERATOR_SET,123.20556640625,OUTBOUND,-41.81135559082031,-0.5592800763482729,
0,48.44353103637695,1.6688772439956665,29.19137954711914,28.899887084960938,44.89828445998137,29.38681361943591,-3.892490863800049,1902,28,50,1,NO_GENERATOR_SET,42.79969787597656,OUTBOUND,-41.94578170776367,-0.5689874301721186,
0,47.56858825683594,1.6693851947784424,16.315584182739258,16.254993438720703,44.915367766981944,29.37451176652796,-3.9608521461486816,1903,28,51,1,NO_GENERATOR_SET,70.28962707519531,OUTBOUND,-40.953033447265625,-0.5562997859411627,
0,48.102325439453125,1.6698917150497437,29.57665252685547,29.33528709411621,44.93710381598794,29.36221711534057,-3.9032845497131348,1904,28,52,1,NO_GENERATOR_SET,45.54462814331055,OUTBOUND,-41.610450744628906,-0.5274034390106112,
0,48.730594635009766,1.6703948974609375,15.204657554626465,15.104989051818848,44.95723982597701,29.349937354525498,-3.86529803276062,1905,28,53,1,NOMINAL_OUTSIDE_CERTIFIED_SET,7.1717848777771,OUTBOUND,-42.234981536865234,-0.4874929644361258,
1,47.868343353271484,1.6709009408950806,16.217445373535156,16.16120719909668,44.97582043299917,29.337689945472253,-3.9698290824890137,1906,28,54,0,,12.893296241760254,OUTBOUND,-41.380977630615234,-0.46250705113559876,
0,47.886070251464844,1.671408772468567,57.58185577392578,57.22409439086914,44.99126866098959,29.325403968813955,-3.9617133140563965,1907,28,55,1,NOMINAL_OUTSIDE_CERTIFIED_SET,187.2535858154297,OUTBOUND,-41.52627182006836,-0.4279734383650362,
1,48.65431594848633,1.6719154119491577,15.43482780456543,15.373331069946289,45.010057827981655,29.31316810017917,-3.9048633575439453,1908,28,56,0,,12.271821022033691,OUTBOUND,-42.33586120605469,-0.37817242992095473,
1,48.89626693725586,1.6724226474761963,1.3927549123764038,1.4583483934402466,45.137865862983745,29.300910294307123,-3.9358370304107666,1909,28,57,0,,94.54757690429688,OUTBOUND,-42.44969940185547,-0.34067926353606165,
0,47.75898742675781,1.6729296445846558,2.013974189758301,2.157637357711792,45.15725792298326,29.28869169224778,-3.9222466945648193,1910,28,58,1,NOMINAL_OUTSIDE_CERTIFIED_SET,138.75218200683594,OUTBOUND,-41.14151382446289,-0.28837371127808253,
1,48.900390625,1.673437476158142,14.998028755187988,14.880606651306152,45.17967904199031,29.27654381756102,-3.9408111572265625,1911,28,59,0,,5.506000995635986,OUTBOUND,-42.243865966796875,-0.24655805830134078,
0,48.52655792236328,1.6739451885223389,16.067337036132812,15.964899063110352,45.20999044299242,29.264393221529314,-3.924501419067383,1912,28,60,1,NOMINAL_OUTSIDE_CERTIFIED_SET,7.307224273681641,OUTBOUND,-41.883914947509766,-0.2070552997251101,
1,48.750205993652344,1.6744530200958252,15.851255416870117,15.790769577026367,45.237348909984576,29.252282846008878,-3.929844856262207,1913,28,61,0,,31.012548446655273,OUTBOUND,-42.21644973754883,-0.16121729082368674,
0,48.57365036010742,1.674962043762207,15.761847496032715,15.691789627075195,45.25665251899045,29.240181152811136,-3.9500532150268555,1914,28,62,1,NOMINAL_OUTSIDE_CERTIFIED_SET,28.431304931640625,FAILURE,-41.936492919921875,-0.12191093182831825,
0,49.59302520751953,1.675471305847168,1.1358611583709717,1.2150615453720093,45.28031504599494,29.9879676,-3.9299378395080566,1915,29,1,1,NOMINAL_OUTSIDE_CERTIFIED_SET,19.669368743896484,OUTBOUND,-43.19013977050781,-0.01020132358994201,
0,48.75661849975586,1.6759817600250244,1.3296666145324707,1.4018957614898682,45.30411230699974,29.9758992,-3.9519379138946533,1916,29,2,1,NOMINAL_OUTSIDE_CERTIFIED_SET,48.807281494140625,OUTBOUND,-42.193355560302734,-0.01133557945106046,
0,49.012451171875,1.6764941215515137,16.139102935791016,16.09728240966797,45.32298248598818,29.963794800000002,-3.965456962585449,1917,29,3,1,NOMINAL_OUTSIDE_CERTIFIED_SET,47.8642692565918,OUTBOUND,-42.485565185546875,-0.015383460743156973,
1,49.407657623291016,1.6770035028457642,1.1153932809829712,1.1982823610305786,45.34524317499017,29.951677386731365,-3.8791611194610596,1918,29,4,0,,13.469320297241211,OUTBOUND,-42.99264144897461,-0.03566445869334374,
1,49.425819396972656,1.677516222000122,45.26910400390625,44.88360595703125,45.369782230991405,29.939525756676456,-3.9880781173706055,1919,29,5,0,,211.41781616210938,OUTBOUND,-43.080291748046875,-0.03718823075385008,
1,48.75593566894531,1.6780277490615845,30.85601234436035,30.57496452331543,45.495486280997284,29.927429287533343,-3.912381172180176,1920,29,6,0,,105.8612289428711,OUTBOUND,-42.385440826416016,-0.04995203479779425,
1,48.809326171875,1.678541898727417,1.049071192741394,1.1218112707138062,45.5183394329797,29.915314115117255,-3.980398654937744,1921,29,7,0,,74.8857192993164,OUTBOUND,-42.484169006347656,-0.06927592188548687,
0,48.54621887207031,1.6790601015090942,15.912483215332031,15.852581024169922,45.543324281985406,29.9032021773749,-4.011507511138916,1922,29,8,1,NOMINAL_OUTSIDE_CERTIFIED_SET,42.4742546081543,OUTBOUND,-41.99900817871094,-0.05823954317950175,
0,47.56586456298828,1.6795793771743774,16.601415634155273,16.653799057006836,45.567646804993274,29.89106519056161,-3.9611868858337402,1923,29,9,1,NOMINAL_OUTSIDE_CERTIFIED_SET,80.60270690917969,OUTBOUND,-41.01204299926758,-0.05878182854137935,
1,49.16629409790039,1.6800968647003174,15.772902488708496,15.658141136169434,45.5922050329973,29.87890460175342,-3.914252281188965,1924,29,10,0,,55.87584686279297,OUTBOUND,-42.41014862060547,-0.05434587811455597,
0,48.72174072265625,1.6806151866912842,1.361573338508606,1.4329296350479126,45.61183118497138,29.86676761250615,-3.955734968185425,1925,29,11,1,NOMINAL_OUTSIDE_CERTIFIED_SET,98.7084732055664,OUTBOUND,-42.14041519165039,-0.052641012442266925,
0,49.217124938964844,1.6811341047286987,1.09766685962677,1.1166149377822876,45.63527797398274,29.85459936739441,-3.9528915882110596,1926,29,12,1,NOMINAL_OUTSIDE_CERTIFIED_SET,78.95745849609375,OUTBOUND,-42.5621452331543,-0.06972882963064524,
0,49.15435791015625,1.6816500425338745,31.090578079223633,30.94523811340332,45.65566649797256,29.84239685507226,-3.890376091003418,1927,29,13,1,NOMINAL_OUTSIDE_CERTIFIED_SET,114.10099029541016,OUTBOUND,-42.57632064819336,-0.09545713107022129,
1,49.0142822265625,1.682167649269104,15.37209415435791,15.333512306213379,45.68061973998556,29.83016986091127,-3.967172622680664,1928,29,14,0,,63.83014678955078,OUTBOUND,-42.681846618652344,-0.12107146555812973,
0,50.1197395324707,1.6826872825622559,31.001846313476562,30.8171443939209,45.69854612398194,29.817949789937042,-3.976222276687622,1929,29,15,1,NOMINAL_OUTSIDE_CERTIFIED_SET,180.82032775878906,OUTBOUND,-43.752864837646484,-0.14498925413961575,
0,50.43054962158203,1.6832040548324585,0.6146419048309326,0.6752248406410217,45.719044142984785,29.805720916335275,-3.8943448066711426,1930,29,16,1,NOMINAL_OUTSIDE_CERTIFIED_SET,32.20494842529297,OUTBOUND,-44.102821350097656,-0.17574899142976072,
1,49.021202087402344,1.683722972869873,15.484604835510254,15.428854942321777,45.74134872798459,29.793459387994503,-3.978182315826416,1931,29,17,0,,17.27328109741211,OUTBOUND,-42.72880935668945,-0.1773400112747969,
0,48.597023010253906,1.6842427253723145,16.71114158630371,16.674531936645508,45.76277707898407,29.781196902414806,-3.9574246406555176,1932,29,18,1,NOMINAL_OUTSIDE_CERTIFIED_SET,14.26481819152832,OUTBOUND,-42.3120231628418,-0.18972909990363906,
0,48.51264572143555,1.6847643852233887,44.57623291015625,44.092254638671875,45.781941468972946,29.768902953768634,-3.9780163764953613,1933,29,19,1,NOMINAL_OUTSIDE_CERTIFIED_SET,94.24707794189453,OUTBOUND,-42.312992095947266,-0.247441762017085,
0,48.95882034301758,1.685285210609436,1.7499136924743652,1.954353928565979,45.79617267899448,29.756590959420972,-3.9313361644744873,1934,29,20,1,INSUFFICIENT_RECOVERY_RESERVE,141.6132049560547,OUTBOUND,-42.46873474121094,-0.2758549409633089,
0,48.943443298339844,1.6858084201812744,1.293017029762268,1.46168851852417,45.81864209199557,29.744294514221913,-3.9892826080322266,1935,29,21,1,NOMINAL_OUTSIDE_CERTIFIED_SET,137.0198516845703,OUTBOUND,-42.47000503540039,-0.3033239967019873,
0,49.11394119262695,1.686330795288086,31.487716674804688,31.24489402770996,45.83256417399389,29.731978537035037,-3.9339396953582764,1936,29,22,1,INSUFFICIENT_RECOVERY_RESERVE,16.4020938873291,OUTBOUND,-42.570343017578125,-0.32899197783549333,
0,48.511600494384766,1.6868538856506348,1.584403157234192,1.6167864799499512,45.955307178985095,29.719679605754294,-3.959928035736084,1937,29,23,1,NOMINAL_OUTSIDE_CERTIFIED_SET,140.7096405029297,OUTBOUND,-41.782066345214844,-0.35342849863393977,
0,48.54374694824219,1.687380075454712,45.3947868347168,45.10902786254883,45.971792946977075,29.707359552942584,-4.00626277923584,1938,29,24,1,INSUFFICIENT_RECOVERY_RESERVE,81.37604522705078,OUTBOUND,-41.974430084228516,-0.37601169233431375,
0,49.111854553222656,1.6879068613052368,1.6741716861724854,1.6833672523498535,45.98852048997651,29.69507340346762,-3.9638452529907227,1939,29,25,1,INSUFFICIENT_RECOVERY_RESERVE,106.22177124023438,OUTBOUND,-42.4080810546875,-0.3522163645354132,
1,49.929996490478516,1.6884312629699707,1.1644436120986938,1.148573875427246,46.00766855099937,29.682827409747414,-3.90999436378479,1940,29,26,0,,72.98251342773438,OUTBOUND,-43.27495574951172,-0.333437952062309,
1,49.48371887207031,1.6889538764953613,30.37308120727539,30.25603675842285,46.02854202198796,29.670571933135676,-3.9198758602142334,1941,29,27,0,,82.11405944824219,OUTBOUND,-42.97489929199219,-0.32098168109829656,
1,50.34489822387695,1.6894748210906982,1.0070101022720337,1.0334278345108032,46.04573167199851,29.658351416763757,-3.913881778717041,1942,29,28,0,,18.08185577392578,OUTBOUND,-43.696807861328125,-0.331544847434769,
1,49.117088317871094,1.689995288848877,47.03155517578125,46.73454666137695,46.06617847899906,29.646104899674974,-3.933863639831543,1943,29,29,0,,167.48887634277344,OUTBOUND,-42.619110107421875,-0.35550419897802527,
0,49.94638442993164,1.690520167350769,1.032034993171692,1.1029667854309082,46.08377173298504,29.63383157924134,-4.024227142333984,1944,29,30,1,NOMINAL_OUTSIDE_CERTIFIED_SET,22.836055755615234,OUTBOUND,-43.343963623046875,-0.38465692749865005,
1,49.513946533203125,1.691042184829712,1.0387550592422485,1.109395146369934,46.10120571599691,29.621549730658863,-3.89695143699646,1945,29,31,0,,30.600664138793945,OUTBOUND,-42.973976135253906,-0.3989866771951699,
0,49.54761505126953,1.6915618181228638,13.09957218170166,12.927796363830566,46.12309029698372,29.609296461206494,-3.9022340774536133,1946,29,32,1,NOMINAL_OUTSIDE_CERTIFIED_SET,27.572174072265625,OUTBOUND,-43.12869644165039,-0.40754908657922695,
0,50.019187927246094,1.6920840740203857,1.0991345643997192,1.1922709941864014,46.143730195995886,29.59703294225279,-3.984539031982422,1947,29,33,1,NOMINAL_OUTSIDE_CERTIFIED_SET,28.12736701965332,OUTBOUND,-43.45585632324219,-0.43082151418496617,
0,50.06110763549805,1.6926069259643555,0.8122100234031677,0.8311282992362976,46.16346365198842,29.584745769377307,-3.957958698272705,1948,29,34,1,INSUFFICIENT_RECOVERY_RESERVE,27.958118438720703,OUTBOUND,-43.37353515625,-0.41849175563329666,
0,50.590553283691406,1.6931254863739014,0.9304406642913818,0.9756746888160706,46.18149611298577,29.57247039459934,-3.8650529384613037,1949,29,35,1,NOMINAL_OUTSIDE_CERTIFIED_SET,11.492217063903809,OUTBOUND,-43.85938262939453,-0.4321468090850886,
0,49.65757751464844,1.693643569946289,1.2501842975616455,1.303175926208496,46.30485334599507,29.560171144790843,-3.928579807281494,1950,29,36,1,INSUFFICIENT_RECOVERY_RESERVE,35.94830322265625,OUTBOUND,-43.011474609375,-0.444816999564368,
1,50.24484634399414,1.6941605806350708,16.64111328125,16.628612518310547,46.322198859998025,29.547882126067005,-3.9168310165405273,1951,29,37,0,,78.816162109375,OUTBOUND,-43.724159240722656,-0.39003512386883693,
1,50.126216888427734,1.6946834325790405,16.43952178955078,16.416927337646484,46.34392465997371,29.535613590783985,-4.039698600769043,1952,29,38,0,,73.97818756103516,OUTBOUND,-43.644325256347656,-0.33258265387090646,
0,50.04448699951172,1.6952041387557983,1.0745917558670044,1.140928030014038,46.36364381897147,29.523339200269756,-3.9038963317871094,1953,29,39,1,NOMINAL_OUTSIDE_CERTIFIED_SET,13.532976150512695,OUTBOUND,-43.61769485473633,-0.34859772876546197,
0,50.1966552734375,1.6957250833511353,32.0722770690918,31.896446228027344,46.38891787198372,29.511041293348864,-3.944958209991455,1954,29,40,1,NOMINAL_OUTSIDE_CERTIFIED_SET,127.81575775146484,OUTBOUND,-43.90140914916992,-0.4267023837022907,
0,50.19956588745117,1.696254849433899,15.943614959716797,15.848440170288086,46.408746763976524,29.498733906724116,-4.10106086730957,1955,29,41,1,INSUFFICIENT_RECOVERY_RESERVE,30.259876251220703,OUTBOUND,-43.84718704223633,-0.4446689180571464,
0,49.7642936706543,1.6967854499816895,0.9374090433120728,1.0085850954055786,46.42773752997164,29.486439294268273,-3.974491834640503,1956,29,42,1,NOMINAL_OUTSIDE_CERTIFIED_SET,120.09246063232422,OUTBOUND,-43.25796127319336,-0.4612752651262293,
0,49.6925163269043,1.6973187923431396,1.5523957014083862,1.6671605110168457,46.44307752198074,29.474131678110876,-4.003715991973877,1957,29,43,1,INSUFFICIENT_RECOVERY_RESERVE,135.90260314941406,OUTBOUND,-42.90382385253906,-0.4761340755233174,
0,49.855411529541016,1.697852373123169,1.3174643516540527,1.4124202728271484,46.45872868699371,29.46183856100366,-3.9671709537506104,1958,29,44,1,NOMINAL_OUTSIDE_CERTIFIED_SET,127.30426788330078,OUTBOUND,-43.10087966918945,-0.4898537048615154,
0,50.72175598144531,1.6983851194381714,1.0404456853866577,1.1172544956207275,46.47518180499901,29.44952909570608,-3.94796085357666,1959,29,45,1,INSUFFICIENT_RECOVERY_RESERVE,72.96519470214844,OUTBOUND,-43.829200744628906,-0.5021751776790002,
1,50.248512268066406,1.6989150047302246,31.984647750854492,31.776962280273438,46.495346052979585,29.437231428154348,-3.9095702171325684,1960,29,46,0,,93.40355682373047,OUTBOUND,-43.53190612792969,-0.4400597847558685,
0,50.541996002197266,1.6994448900222778,16.91098976135254,16.882417678833008,46.62324933797936,29.424960583338414,-3.951895236968994,1961,29,47,1,NOMINAL_OUTSIDE_CERTIFIED_SET,45.714820861816406,OUTBOUND,-43.90901565551758,-0.43852667651912,
1,49.89480972290039,1.6999738216400146,0.8711377382278442,0.91208815574646,46.64416534997872,29.412684277583498,-3.9382262229919434,1962,29,48,0,,59.664894104003906,OUTBOUND,-43.17768096923828,-0.4536504243269364,
0,50.53582000732422,1.7004951238632202,26.307313919067383,26.018413543701172,46.67141215899028,29.40042438982714,-3.813490629196167,1963,29,49,1,NOMINAL_OUTSIDE_CERTIFIED_SET,121.73799133300781,OUTBOUND,-44.03343200683594,-0.44925136210776456,
1,50.825504302978516,1.7010126113891602,0.7282695174217224,0.7714934349060059,46.69619521297864,29.388149822995114,-3.870192289352417,1964,29,50,0,,9.288778305053711,OUTBOUND,-44.426448822021484,-0.4433843337695039,
1,49.229393005371094,1.7015283107757568,31.78422737121582,31.60708999633789,46.716578172985464,29.37588874384261,-3.8977036476135254,1965,29,51,0,,80.28592681884766,OUTBOUND,-42.963035583496094,-0.38291427984295384,
1,49.57530212402344,1.702040433883667,0.9173353314399719,0.9440579414367676,46.73565955198137,29.363674273300525,-3.8629260063171387,1966,29,52,0,,84.90292358398438,OUTBOUND,-42.98761749267578,-0.3407178596055579,
0,50.331298828125,1.7025525569915771,16.1710205078125,16.090957641601562,46.75372630197671,29.351409514149932,-3.9189047813415527,1967,29,53,1,NOMINAL_OUTSIDE_CERTIFIED_SET,10.036216735839844,OUTBOUND,-43.85525894165039,-0.37661667649753405,
0,50.60130310058594,1.7030657529830933,16.505220413208008,16.38264274597168,46.77480270099477,29.339130433145147,-3.9402577877044678,1968,29,54,1,NOMINAL_OUTSIDE_CERTIFIED_SET,5.764190196990967,OUTBOUND,-44.0497932434082,-0.45523667758314645,
0,49.945316314697266,1.7035824060440063,13.766742706298828,13.607458114624023,46.79222740899422,29.326839704670917,-3.9857499599456787,1969,29,55,1,NOMINAL_OUTSIDE_CERTIFIED_SET,33.60295104980469,OUTBOUND,-43.2827033996582,-0.5271683718252999,
0,50.471534729003906,1.7041021585464478,13.561922073364258,13.419106483459473,46.80622088498785,29.3145206596691,-3.9847328662872314,1970,29,56,1,INSUFFICIENT_RECOVERY_RESERVE,20.006561279296875,OUTBOUND,-43.80787658691406,-0.5334627921092366,
0,50.162513732910156,1.7046223878860474,1.3201524019241333,1.3585124015808105,46.825769342976855,29.302248067239702,-3.941666841506958,1971,29,57,1,NOMINAL_OUTSIDE_CERTIFIED_SET,97.87803649902344,OUTBOUND,-43.445701599121094,-0.5193271696518362,
0,50.578880310058594,1.7051430940628052,29.208925247192383,28.8912410736084,46.845960124977864,29.28996333167965,-3.9429636001586914,1972,29,58,1,NOMINAL_OUTSIDE_CERTIFIED_SET,92.59747314453125,OUTBOUND,-43.96046447753906,-0.5323639867480947,
0,49.933135986328125,1.7056607007980347,16.461278915405273,16.38699722290039,46.865454814978875,29.277674383738294,-3.87921404838562,1973,29,59,1,NOMINAL_OUTSIDE_CERTIFIED_SET,4.740541934967041,OUTBOUND,-43.48536682128906,-0.5232130567289993,
0,50.39967346191406,1.706173300743103,17.149415969848633,17.098800659179688,46.89101900497917,29.265388409064652,-3.8369228839874268,1974,29,60,1,NOMINAL_OUTSIDE_CERTIFIED_SET,4.8902482986450195,OUTBOUND,-43.79844284057617,-0.4979740247543831,
0,49.77988815307617,1.7066872119903564,16.378461837768555,16.348526000976562,46.91293945797952,29.25311393918135,-3.9453256130218506,1975,29,61,1,NOMINAL_OUTSIDE_CERTIFIED_SET,37.917354583740234,OUTBOUND,-43.203243255615234,-0.46174940376348306,
0,50.26845932006836,1.707203984260559,16.95730209350586,16.909526824951172,46.9334034579806,29.240857772447878,-3.9719955921173096,1976,29,62,1,NOMINAL_OUTSIDE_CERTIFIED_SET,6.320904731750488,OUTBOUND,-43.70771026611328,-0.4187144515028248,
0,51.77406311035156,1.7077275514602661,0.597212553024292,0.6264793872833252,46.955232014996,29.228624708387336,-4.050637722015381,1977,29,63,1,NOMINAL_OUTSIDE_CERTIFIED_SET,42.820350646972656,OUTBOUND,-45.050437927246094,-0.3722038356444227,
0,50.40582275390625,1.7082551717758179,1.233673334121704,1.2845312356948853,47.08689014799893,29.21641760259514,-4.012933254241943,1978,29,64,1,NOMINAL_OUTSIDE_CERTIFIED_SET,71.8775863647461,OUTBOUND,-43.675254821777344,-0.3248077423919405,
0,51.36064529418945,1.708782434463501,16.375797271728516,16.302587509155273,47.10618825900019,29.20423760685316,-3.938692808151245,1979,29,65,1,NOMINAL_OUTSIDE_CERTIFIED_SET,59.721378326416016,OUTBOUND,-44.80183792114258,-0.27847112180746747,
0,51.562835693359375,1.7093119621276855,16.68512725830078,16.622365951538086,47.12564138197922,29.192084495512557,-3.9853603839874268,1980,29,66,1,NOMINAL_OUTSIDE_CERTIFIED_SET,66.37849426269531,OUTBOUND,-44.8165283203125,-0.23459124462617315,
0,50.826622009277344,1.7098444700241089,0.7615014910697937,0.81618332862854,47.14384881898877,29.179957011045055,-4.003442764282227,1981,29,67,1,NOMINAL_OUTSIDE_CERTIFIED_SET,35.91021728515625,OUTBOUND,-44.288272857666016,-0.19411013427357576,
0,51.663246154785156,1.710377812385559,0.7538137435913086,0.7830265164375305,47.16566711498308,29.167853187290824,-3.970028877258301,1982,29,68,1,NOMINAL_OUTSIDE_CERTIFIED_SET,22.547550201416016,OUTBOUND,-45.02101135253906,-0.15759961767956424,
0,49.26665496826172,1.7109112739562988,49.719722747802734,49.411041259765625,47.18981356397853,29.155770628162312,-3.9544119834899902,1983,29,69,1,NOMINAL_OUTSIDE_CERTIFIED_SET,140.02435302734375,FAILURE,-42.66365051269531,-0.1253376806026448,
1,50.676551818847656,1.7114431858062744,33.482757568359375,33.269813537597656,47.213128826988395,29.987991078772968,-3.9306893348693848,1984,30,1,0,,115.88762664794922,OUTBOUND,-44.30592346191406,-0.007283280909958078,
0,50.093570709228516,1.7119722366333008,47.80775833129883,47.536338806152344,47.231471590988804,29.975934030930695,-3.899022340774536,1985,30,2,1,NOMINAL_OUTSIDE_CERTIFIED_SET,120.9447250366211,OUTBOUND,-43.720680236816406,-0.005261446318086993,
0,50.76359176635742,1.7125003337860107,16.6641788482666,16.614534378051758,47.25672515199403,29.963879585045845,-3.929471254348755,1986,30,3,1,NOMINAL_OUTSIDE_CERTIFIED_SET,46.19053649902344,OUTBOUND,-44.45036315917969,-0.006961017293909769,
0,51.13591766357422,1.713027000427246,1.4636170864105225,1.5727699995040894,47.276028854976175,29.95179067958913,-3.917546272277832,1987,30,4,1,NOMINAL_OUTSIDE_CERTIFIED_SET,164.43170166015625,OUTBOUND,-44.6118278503418,-0.010298571809129003,
1,49.06410217285156,1.7135483026504517,32.897483825683594,32.73594665527344,47.293440396984806,29.939683778380267,-3.8459041118621826,1988,30,5,0,,82.1092758178711,OUTBOUND,-42.5889892578125,0.00909077551822602,
0,49.573097229003906,1.7140697240829468,29.77219581604004,29.567485809326172,47.30909004897694,29.92752795396648,-3.933912515640259,1989,30,6,1,NOMINAL_OUTSIDE_CERTIFIED_SET,96.78137969970703,OUTBOUND,-42.974609375,0.018860745158453658,
0,49.49164581298828,1.7145953178405762,48.919700622558594,48.630531311035156,47.32575806998648,29.915346821449535,-4.006957530975342,1990,30,7,1,NOMINAL_OUTSIDE_CERTIFIED_SET,18.588125228881836,OUTBOUND,-42.80762481689453,-0.008606457968760039,
0,50.070247650146484,1.7151235342025757,29.692394256591797,29.39458656311035,47.441616729978705,29.903138369890407,-3.9849166870117188,1991,30,8,1,NOMINAL_OUTSIDE_CERTIFIED_SET,52.76136016845703,OUTBOUND,-43.23942947387695,-0.041105890156738406,
0,49.82467269897461,1.7156565189361572,47.381248474121094,47.2037353515625,47.45964062999701,29.89090080589125,-4.031116485595703,1992,30,9,1,NOMINAL_OUTSIDE_CERTIFIED_SET,49.45560836791992,OUTBOUND,-43.177207946777344,-0.08050139140667663,
1,50.341426849365234,1.716188907623291,33.16708755493164,32.9849739074707,47.482693550991826,29.878636572833145,-3.9401025772094727,1993,30,10,0,,16.433324813842773,OUTBOUND,-43.784820556640625,-0.13541932338291032,
1,50.72465515136719,1.716719150543213,1.8561656475067139,1.829028844833374,47.5051310909912,29.86637151415242,-3.913311243057251,1994,30,11,0,,147.6026611328125,OUTBOUND,-43.93842315673828,-0.19505731691299585,
1,51.256561279296875,1.71724534034729,1.632513403892517,1.6018978357315063,47.52351940298104,29.854120811784494,-3.874340295791626,1995,30,12,0,,114.35603332519531,OUTBOUND,-44.36684799194336,-0.23292644428761825,
1,52.088558197021484,1.7177729606628418,0.7154264450073242,0.679413378238678,47.546423602994764,29.841857615565214,-3.962435722351074,1996,30,13,0,,73.35000610351562,OUTBOUND,-45.103477478027344,-0.23901767684177516,
1,52.151611328125,1.7183034420013428,16.36066246032715,16.255321502685547,47.565151534974575,29.829608007113176,-3.993847131729126,1997,30,14,0,,62.34025192260742,OUTBOUND,-45.19236373901367,-0.22887441042275364,
0,52.76777648925781,1.7188338041305542,0.8331322073936462,0.8367908000946045,47.58013946498977,29.81735870873525,-3.942478895187378,1998,30,15,1,NOMINAL_OUTSIDE_CERTIFIED_SET,48.704429626464844,OUTBOUND,-46.09708023071289,-0.22466734587959863,
1,52.44483947753906,1.7193628549575806,17.19690704345703,17.06841278076172,47.59694512197166,29.805119569411428,-3.9239773750305176,1999,30,16,0,,112.1212387084961,OUTBOUND,-45.827308654785156,-0.22185240330350986,
0,52.098777770996094,1.7198922634124756,17.612924575805664,17.48638343811035,47.612717408977915,29.792873031389878,-3.948892831802368,2000,30,17,1,NOMINAL_OUTSIDE_CERTIFIED_SET,116.4612808227539,OUTBOUND,-45.68001174926758,-0.2349327940815947,
