accepted,actor_loss,alpha,critic_loss_1,critic_loss_2,elapsed_seconds,energy,entropy,environment_step,episode_id,episode_step,fallback,fallback_reason,gradient_norm,mission_phase,q_value_exec,reward,zonotope_volume
1,,,,,0.0014601989823859185,29.987985306280915,,1,0,1,0,,,OUTBOUND,,-0.026715025968278558,
1,,,,,0.0027868750039488077,29.97589680729953,,2,0,2,0,,,OUTBOUND,,-0.020757633145455142,
1,,,,,0.003956647007726133,29.96385604947514,,3,0,3,0,,,OUTBOUND,,0.0182181279075862,
1,,,,,0.005095325002912432,29.951772398801808,,4,0,4,0,,,OUTBOUND,,0.05752461826258395,
1,,,,,0.006324482004856691,29.939651003730557,,5,0,5,0,,,OUTBOUND,,0.046757283129747834,
1,,,,,0.007518049009377137,29.927560132933216,,6,0,6,0,,,OUTBOUND,,0.038962371431644514,
1,,,,,0.00874078000197187,29.915486895594867,,7,0,7,0,,,OUTBOUND,,0.05936887800300741,
1,,,,,0.009900953999022022,29.903407598543165,,8,0,8,0,,,OUTBOUND,,0.06611594710442605,
1,,,,,0.011075796996010467,29.89131051709066,,9,0,9,0,,,OUTBOUND,,0.0702994416399155,
1,,,,,0.012244507001014426,29.879220832158705,,10,0,10,0,,,OUTBOUND,,0.0755521659382839,
1,,,,,0.013350849010748789,29.86714079690066,,11,0,11,0,,,OUTBOUND,,0.08048963848583945,
1,,,,,0.014515625982312486,29.85505180231166,,12,0,12,0,,,OUTBOUND,,0.07298246801821053,
1,,,,,0.015592295996611938,29.84292181640661,,13,0,13,0,,,OUTBOUND,,0.10162042478296332,
1,,,,,0.01674540899693966,29.830799109727902,,14,0,14,0,,,OUTBOUND,,0.13417946129384528,
1,,,,,0.01779767998959869,29.818675029539925,,15,0,15,0,,,OUTBOUND,,0.12641217524407217,
1,,,,,0.01850756598287262,29.806527443881627,,16,0,16,0,,,OUTBOUND,,0.09153760481849427,
1,,,,,0.019763191987294704,29.794366244296935,,17,0,17,0,,,OUTBOUND,,0.09429228892372965,
1,,,,,0.020340355986263603,29.782220705077194,,18,0,18,0,,,OUTBOUND,,0.1478282648107704,
1,,,,,0.021138384006917477,29.77007170833955,,19,0,19,0,,,OUTBOUND,,0.151521627906037,
1,,,,,0.021862455003429204,29.757951576040796,,20,0,20,0,,,OUTBOUND,,0.10479143498799337,
1,,,,,0.022498748992802575,29.74582383906604,,21,0,21,0,,,OUTBOUND,,0.05967203708172643,
1,,,,,0.023110770009225234,29.733721988232624,,22,0,22,0,,,OUTBOUND,,0.021972997585786587,
1,,,,,0.02380052098305896,29.721603697003662,,23,0,23,0,,,OUTBOUND,,0.039952703854487535,
1,,,,,0.024525913002435118,29.70948139023086,,24,0,24,0,,,OUTBOUND,,0.08760600874339308,
1,,,,,0.02508246700745076,29.697353075645825,,25,0,25,0,,,OUTBOUND,,0.13436552294478088,
1,,,,,0.025711853988468647,29.685206104712332,,26,0,26,0,,,OUTBOUND,,0.17750334509296137,
1,,,,,0.026259659993229434,29.673041782207388,,27,0,27,0,,,OUTBOUND,,0.18187130862510784,
1,,,,,0.02682929500588216,29.66093998171772,,28,0,28,0,,,OUTBOUND,,0.17855170591623276,
1,,,,,0.027406103996327147,29.648822266075086,,29,0,29,0,,,OUTBOUND,,0.19995525969886127,
1,,,,,0.027989952999632806,29.636645604838982,,30,0,30,0,,,OUTBOUND,,0.1869242961660405,
1,,,,,0.028525469999294728,29.62445081123817,,31,0,31,0,,,OUTBOUND,,0.1795910255373973,
1,,,,,0.02908976300386712,29.612212666519348,,32,0,32,0,,,OUTBOUND,,0.2293747153016237,
1,,,,,0.029686655005207285,29.599902730059004,,33,0,33,0,,,OUTBOUND,,0.28863162536101933,
1,,,,,0.030295650998596102,29.587605051817132,,34,0,34,0,,,OUTBOUND,,0.30671139849256207,
1,,,,,0.030880370002705604,29.575273063496514,,35,0,35,0,,,OUTBOUND,,0.29410177275986665,
1,,,,,0.03150830799131654,29.562927410628873,,36,0,36,0,,,OUTBOUND,,0.27144170424109193,
1,,,,,0.03215592500055209,29.55053998743563,,37,0,37,0,,,OUTBOUND,,0.25143168487045636,
1,,,,,0.03272349599865265,29.538158902914763,,38,0,38,0,,,OUTBOUND,,0.26233675710347154,
1,,,,,0.03325762998429127,29.525839175784377,,39,0,39,0,,,OUTBOUND,,0.21734460964783717,
1,,,,,0.03385430798516609,29.51345527814721,,40,0,40,0,,,OUTBOUND,,0.15180457539448713,
1,,,,,0.03437776499777101,29.501126888241135,,41,0,41,0,,,OUTBOUND,,0.08535068676323546,
1,,,,,0.03491347600356676,29.488799398253168,,42,0,42,0,,,OUTBOUND,,-0.03243400010163067,
1,,,,,0.03545902299811132,29.476469931613895,,43,0,43,0,,,OUTBOUND,,-0.16629423736422966,
1,,,,,0.0360260889865458,29.464170299441406,,44,0,44,0,,,OUTBOUND,,-0.25134969454440614,
1,,,,,0.036609339993447065,29.451870767124497,,45,0,45,0,,,OUTBOUND,,-0.3186812704446079,
1,,,,,0.03721002099337056,29.439550894581537,,46,0,46,0,,,OUTBOUND,,-0.3899844909517946,
1,,,,,0.038052415009588,29.427195254498614,,47,0,47,0,,,OUTBOUND,,-0.4506546671438119,
1,,,,,0.03896248000091873,29.414823792555143,,48,0,48,0,,,OUTBOUND,,-0.5102117474914789,
1,,,,,0.03956688800826669,29.402423659130502,,49,0,49,0,,,FAILURE,,-20.564447989088368,
1,,,,,0.04059688400593586,29.98798279109399,,50,1,1,0,,,OUTBOUND,,-0.016253192791921018,
1,,,,,0.0413989560038317,29.97590488174072,,51,1,2,0,,,OUTBOUND,,-0.03207585471868346,
1,,,,,0.04213761299615726,29.96386339601387,,52,1,3,0,,,OUTBOUND,,-0.057976969420174676,
1,,,,,0.04272127599688247,29.951779707996494,,53,1,4,0,,,OUTBOUND,,-0.10137040875554629,
1,,,,,0.04327513699536212,29.939647505432013,,54,1,5,0,,,OUTBOUND,,-0.13703992626800351,
1,,,,,0.04383530199993402,29.92753477119456,,55,1,6,0,,,OUTBOUND,,-0.11122038145301377,
1,,,,,0.04437866099760868,29.91546312437322,,56,1,7,0,,,OUTBOUND,,-0.09385747447616627,
1,,,,,0.04492262998246588,29.90334502106985,,57,1,8,0,,,OUTBOUND,,-0.11027861118209412,
1,,,,,0.045674055989366025,29.89121676381159,,58,1,9,0,,,OUTBOUND,,-0.1233207233528509,
1,,,,,0.04678027398767881,29.879056397488963,,59,1,10,0,,,OUTBOUND,,-0.11603068785101041,
1,,,,,0.04792726898449473,29.8668655682156,,60,1,11,0,,,OUTBOUND,,-0.0679973635135641,
1,,,,,0.04920117498841137,29.85468829819863,,61,1,12,0,,,OUTBOUND,,-0.06364188812440676,
1,,,,,0.04986642498988658,29.84249421925635,,62,1,13,0,,,OUTBOUND,,-0.07587178466385143,
1,,,,,0.05053780198795721,29.83030323506823,,63,1,14,0,,,OUTBOUND,,-0.04003067028306972,
1,,,,,0.05113791799522005,29.818122466221052,,64,1,15,0,,,OUTBOUND,,-0.041409187964542245,
1,,,,,0.051706442987779155,29.805933486848584,,65,1,16,0,,,OUTBOUND,,-0.10311128610524493,
1,,,,,0.0522302940080408,29.793691579260535,,66,1,17,0,,,OUTBOUND,,-0.17802108298921446,
1,,,,,0.052974744990933686,29.781402882679053,,67,1,18,0,,,OUTBOUND,,-0.22427399044299295,
1,,,,,0.053641145990695804,29.769104622370413,,68,1,19,0,,,OUTBOUND,,-0.21771316411547237,
1,,,,,0.05420655099442229,29.756862321919066,,69,1,20,0,,,OUTBOUND,,-0.2035411524334093,
1,,,,,0.05483462699339725,29.744589366111057,,70,1,21,0,,,OUTBOUND,,-0.19832465831927254,
1,,,,,0.05536593100987375,29.732344613722674,,71,1,22,0,,,OUTBOUND,,-0.19282696167837637,
1,,,,,0.05590102498535998,29.72012012829369,,72,1,23,0,,,OUTBOUND,,-0.22767271039638773,
1,,,,,0.056434430996887386,29.70785943393567,,73,1,24,0,,,OUTBOUND,,-0.2776055102907317,
1,,,,,0.05710982100572437,29.695544113871794,,74,1,25,0,,,OUTBOUND,,-0.275219528676596,
1,,,,,0.0577125639829319,29.683235570461427,,75,1,26,0,,,OUTBOUND,,-0.2768850620367689,
1,,,,,0.05826602998422459,29.670960738863272,,76,1,27,0,,,OUTBOUND,,-0.3001494080615696,
1,,,,,0.05879727899446152,29.658682660801993,,77,1,28,0,,,OUTBOUND,,-0.3250684456134125,
1,,,,,0.05935387598583475,29.646379206352925,,78,1,29,0,,,OUTBOUND,,-0.3459580075612149,
1,,,,,0.05988612800138071,29.63404758823748,,79,1,30,0,,,OUTBOUND,,-0.32821044650004594,
1,,,,,0.060423952993005514,29.621766861784472,,80,1,31,0,,,OUTBOUND,,-0.32363929137146275,
1,,,,,0.06094084700453095,29.609422812780956,,81,1,32,0,,,OUTBOUND,,-0.3010216585325764,
1,,,,,0.06154871400212869,29.59715537409581,,82,1,33,0,,,OUTBOUND,,-0.24573053793922764,
1,,,,,0.062072434986475855,29.584891488000977,,83,1,34,0,,,OUTBOUND,,-0.2088703078230154,
1,,,,,0.06263980400399305,29.572673133991607,,84,1,35,0,,,OUTBOUND,,-0.2117516200924889,
1,,,,,0.06320146500365809,29.56040298363504,,85,1,36,0,,,OUTBOUND,,-0.23996238235170636,
1,,,,,0.06373887800145894,29.548125340881647,,86,1,37,0,,,FAILURE,,-30.224402535498754,
1,,,,,0.06485100198187865,29.98798124280588,,87,2,1,0,,,OUTBOUND,,0.010679090472480977,
1,,,,,0.0654620589921251,29.975918414705067,,88,2,2,0,,,OUTBOUND,,0.05280483485492737,
1,,,,,0.0659994299930986,29.96386985776415,,89,2,3,0,,,OUTBOUND,,0.06830193853284991,
1,,,,,0.06654031400103122,29.951796848090545,,90,2,4,0,,,OUTBOUND,,0.055699651347090276,
1,,,,,0.06711879998329096,29.939690715034956,,91,2,5,0,,,OUTBOUND,,0.07393475715163347,
1,,,,,0.06767878599930555,29.927567724159985,,92,2,6,0,,,OUTBOUND,,0.12228520005947735,
1,,,,,0.06832709698937833,29.91545443826439,,93,2,7,0,,,OUTBOUND,,0.14053384155402107,
1,,,,,0.06895202098530717,29.90332439223021,,94,2,8,0,,,OUTBOUND,,0.13570016372778432,
1,,,,,0.06949393398826942,29.89115694939493,,95,2,9,0,,,OUTBOUND,,0.13243279973772054,
1,,,,,0.07002467298298143,29.878962840346365,,96,2,10,0,,,OUTBOUND,,0.11072234740608429,
1,,,,,0.07057204400189221,29.866750765648334,,97,2,11,0,,,OUTBOUND,,0.05948206913630524,
1,,,,,0.07116845098789781,29.854564896986204,,98,2,12,0,,,OUTBOUND,,0.02454305541513945,
1,,,,,0.07181623598444276,29.84243211046581,,99,2,13,0,,,OUTBOUND,,0.028683019064351223,
1,,,,,0.07247836099122651,29.830284579725706,,100,2,14,0,,,OUTBOUND,,0.04062061592078091,
1,,,,,0.07317598999361508,29.81808694662811,,101,2,15,0,,,OUTBOUND,,0.043922668959158466,
1,,,,,0.07393587299156934,29.805887041010877,,102,2,16,0,,,OUTBOUND,,0.03603966436348254,
1,,,,,0.0745624190021772,29.793646467536146,,103,2,17,0,,,OUTBOUND,,0.04356320280883041,
1,,,,,0.07522970999707468,29.781367073860167,,104,2,18,0,,,OUTBOUND,,0.02877467331617317,
1,,,,,0.07585435899090953,29.769133836737627,,105,2,19,0,,,OUTBOUND,,-0.015226293478344479,
1,,,,,0.07648232200881466,29.75686704352942,,106,2,20,0,,,OUTBOUND,,-0.015554239752485481,
1,,,,,0.07705121400067583,29.744614114497736,,107,2,21,0,,,OUTBOUND,,0.029883987033487058,
1,,,,,0.07778280199272558,29.73235981830961,,108,2,22,0,,,OUTBOUND,,0.07770893149989573,
1,,,,,0.0783615089894738,29.720104684705195,,109,2,23,0,,,OUTBOUND,,0.07449347519626842,
1,,,,,0.07892250598524697,29.707862579360743,,110,2,24,0,,,OUTBOUND,,0.028097139025605743,
1,,,,,0.07956636499147862,29.69559311390103,,111,2,25,0,,,OUTBOUND,,-0.039310805230122516,
1,,,,,0.08018410298973322,29.683302386296003,,112,2,26,0,,,OUTBOUND,,-0.09199276156982596,
1,,,,,0.0807641189894639,29.6710924767819,,113,2,27,0,,,OUTBOUND,,-0.1124087591166399,
1,,,,,0.08141291799256578,29.65884732582302,,114,2,28,0,,,OUTBOUND,,-0.16320992271135706,
1,,,,,0.08212573299533688,29.646649594865952,,115,2,29,0,,,OUTBOUND,,-0.2061998238523977,
1,,,,,0.08271476300433278,29.6343993233023,,116,2,30,0,,,OUTBOUND,,-0.21020898834325286,
1,,,,,0.0834183499973733,29.622190227373668,,117,2,31,0,,,OUTBOUND,,-0.17976854447107551,
1,,,,,0.08404109498951584,29.609959457912765,,118,2,32,0,,,OUTBOUND,,-0.13819109401088897,
1,,,,,0.08456266499706544,29.59773585131538,,119,2,33,0,,,OUTBOUND,,-0.11024061418025387,
1,,,,,0.08511208000709303,29.585542021093303,,120,2,34,0,,,OUTBOUND,,-0.13147216201608938,
1,,,,,0.0859299429866951,29.57335053089551,,121,2,35,0,,,OUTBOUND,,-0.18006920961469913,
1,,,,,0.08653380899340846,29.56110754797131,,122,2,36,0,,,OUTBOUND,,-0.19968928043552175,
1,,,,,0.08725359500385821,29.5489466592425,,123,2,37,0,,,OUTBOUND,,-0.21996239155433708,
1,,,,,0.08795175899285823,29.536754523959797,,124,2,38,0,,,OUTBOUND,,-0.2172223283156583,
1,,,,,0.08870563900563866,29.524593286164425,,125,2,39,0,,,OUTBOUND,,-0.17063793886870204,
1,,,,,0.08939188299700618,29.512452751712207,,126,2,40,0,,,OUTBOUND,,-0.17463048767702014,
1,,,,,0.08997726300731301,29.500294204902055,,127,2,41,0,,,OUTBOUND,,-0.20371356961155457,
1,,,,,0.09050156798912212,29.488109088872516,,128,2,42,0,,,OUTBOUND,,-0.16861712105447532,
1,,,,,0.091078313998878,29.475999742989853,,129,2,43,0,,,OUTBOUND,,-0.14290811116780847,
1,,,,,0.09166048699989915,29.463869132390865,,130,2,44,0,,,FAILURE,,-30.14274478451827,
1,,,,,0.09275692299706861,29.987975750063764,,131,3,1,0,,,OUTBOUND,,0.00838749536250684,
1,,,,,0.09339756000554189,29.975888577787163,,132,3,2,0,,,OUTBOUND,,0.049586900530816116,
1,,,,,0.09397469199029729,29.96375837938581,,133,3,3,0,,,OUTBOUND,,0.04105097109576014,
1,,,,,0.09450992898200639,29.95165017446811,,134,3,4,0,,,OUTBOUND,,-0.01264062874942955,
1,,,,,0.09507252700859681,29.939514985292142,,135,3,5,0,,,OUTBOUND,,-0.06975248270099424,
1,,,,,0.0956337229872588,29.92739165652232,,136,3,6,0,,,OUTBOUND,,-0.12383767739793715,
1,,,,,0.09617567900568247,29.91522646200367,,137,3,7,0,,,OUTBOUND,,-0.13687677720792066,
1,,,,,0.09671457399963401,29.903060407587375,,138,3,8,0,,,OUTBOUND,,-0.09730331881331943,
1,,,,,0.09737035699072294,29.89090013491409,,139,3,9,0,,,OUTBOUND,,-0.04633721360598502,
1,,,,,0.09793626700411551,29.878738917198174,,140,3,10,0,,,OUTBOUND,,-0.025248309877886118,
1,,,,,0.09855312600848265,29.86655541590357,,141,3,11,0,,,OUTBOUND,,-0.047177823478096056,
1,,,,,0.09913321898784488,29.85436325806342,,142,3,12,0,,,OUTBOUND,,-0.06533129810828704,
1,,,,,0.0996723560092505,29.842197655394166,,143,3,13,0,,,OUTBOUND,,-0.04530610448339795,
1,,,,,0.10022875599679537,29.83002978265374,,144,3,14,0,,,OUTBOUND,,-0.044159379612872904,
1,,,,,0.10081536599318497,29.817851559117763,,145,3,15,0,,,OUTBOUND,,-0.058741072069981345,
1,,,,,0.10152300898334943,29.80565157942228,,146,3,16,0,,,OUTBOUND,,-0.06892622696742846,
1,,,,,0.10210788701078855,29.79344561827482,,147,3,17,0,,,OUTBOUND,,-0.06153107148341582,
1,,,,,0.10271498598740436,29.781212644137664,,148,3,18,0,,,OUTBOUND,,-0.011590268542170322,
1,,,,,0.1033822649915237,29.768988550414363,,149,3,19,0,,,OUTBOUND,,0.04151951201902104,
1,,,,,0.10401437798282132,29.756742617610325,,150,3,20,0,,,OUTBOUND,,0.04113151950480218,
1,,,,,0.10492136399261653,29.744515539953316,,151,3,21,0,,,OUTBOUND,,0.03424953111015443,
1,,,,,0.10565613801009022,29.732261643318544,,152,3,22,0,,,OUTBOUND,,0.047582533792142744,
1,,,,,0.10638632299378514,29.719983574201294,,153,3,23,0,,,OUTBOUND,,0.024875323803484266,
1,,,,,0.10713247800595127,29.707678268606777,,154,3,24,0,,,OUTBOUND,,0.002380613100490764,
1,,,,,0.10783596598776057,29.69535934389793,,155,3,25,0,,,OUTBOUND,,0.014227316846668085,
1,,,,,0.10847912600729614,29.683041891902484,,156,3,26,0,,,OUTBOUND,,-0.005082457392347686,
1,,,,,0.10931158799212426,29.67075378903299,,157,3,27,0,,,OUTBOUND,,-0.0234136470803795,
1,,,,,0.10992077700211667,29.6584403849584,,158,3,28,0,,,OUTBOUND,,0.0016674385960580287,
1,,,,,0.11063671798910946,29.646146411282338,,159,3,29,0,,,OUTBOUND,,0.04433936747700558,
1,,,,,0.11152569099795073,29.63388903211384,,160,3,30,0,,,OUTBOUND,,0.06040527839847811,
1,,,,,0.11235795498942025,29.621665101248464,,161,3,31,0,,,OUTBOUND,,0.05557486984459946,
1,,,,,0.11309158799122088,29.609442739773538,,162,3,32,0,,,OUTBOUND,,0.06728518457801079,
1,,,,,0.11385877500288188,29.597218744924536,,163,3,33,0,,,OUTBOUND,,0.05892547828397777,
1,,,,,0.11464854798396118,29.584991792846928,,164,3,34,0,,,OUTBOUND,,0.02731009412433962,
1,,,,,0.11531743698287755,29.572779187303574,,165,3,35,0,,,OUTBOUND,,0.005588813922436346,
1,,,,,0.1161201479844749,29.560545494271206,,166,3,36,0,,,OUTBOUND,,-0.00020577587998768374,
1,,,,,0.11726660499698482,29.548287929698386,,167,3,37,0,,,OUTBOUND,,0.010458119905208684,
1,,,,,0.11864120300742798,29.53599967091253,,168,3,38,0,,,OUTBOUND,,0.0008803658006839337,
1,,,,,0.1198146429960616,29.52367173241479,,169,3,39,0,,,OUTBOUND,,0.0010050967828308466,
1,,,,,0.12093531200662255,29.51135256267445,,170,3,40,0,,,OUTBOUND,,-0.015053116590071592,
1,,,,,0.12208592999377288,29.4990229997276,,171,3,41,0,,,OUTBOUND,,-0.08006970740958033,
1,,,,,0.12324492100742646,29.486662451579967,,172,3,42,0,,,OUTBOUND,,-0.13564339128033515,
1,,,,,0.12435230999835767,29.47430100142114,,173,3,43,0,,,FAILURE,,-30.172342107797164,
1,,,,,0.12642648600740358,29.987981466831737,,174,4,1,0,,,OUTBOUND,,-0.024846231739988078,
1,,,,,0.12746541399974376,29.975894320957842,,175,4,2,0,,,OUTBOUND,,-0.0750350411786863,
1,,,,,0.12849140400066972,29.963784458695795,,176,4,3,0,,,OUTBOUND,,-0.10257552144417227,
1,,,,,0.1294767280051019,29.95169545360955,,177,4,4,0,,,OUTBOUND,,-0.09521335775309046,
1,,,,,0.13028041599318385,29.939602726513137,,178,4,5,0,,,OUTBOUND,,-0.07172751216930126,
1,,,,,0.1308702389942482,29.927547608506305,,179,4,6,0,,,OUTBOUND,,-0.06971152168008136,
1,,,,,0.13145676799467765,29.915473148191968,,180,4,7,0,,,OUTBOUND,,-0.11411943997463445,
1,,,,,0.13215580600081012,29.903360747310177,,181,4,8,0,,,OUTBOUND,,-0.14858394188767618,
1,,,,,0.1327778679842595,29.891256087027973,,182,4,9,0,,,OUTBOUND,,-0.14472477593262617,
1,,,,,0.1335517429979518,29.87916682019421,,183,4,10,0,,,OUTBOUND,,-0.11238622788550415,
1,,,,,0.13468541999463923,29.867100854408665,,184,4,11,0,,,OUTBOUND,,-0.09923306813698828,
1,,,,,0.1358490769925993,29.85500907318517,,185,4,12,0,,,OUTBOUND,,-0.12212971020026027,
1,,,,,0.1369461549911648,29.84290053253483,,186,4,13,0,,,OUTBOUND,,-0.11609697318594482,
1,,,,,0.13811893400270492,29.830848116181844,,187,4,14,0,,,OUTBOUND,,-0.08518476891995189,
1,,,,,0.13921780098462477,29.818765243839287,,188,4,15,0,,,OUTBOUND,,-0.10343228235698443,
1,,,,,0.14034533899393864,29.80661464393193,,189,4,16,0,,,OUTBOUND,,-0.15792909774608813,
1,,,,,0.1415140320023056,29.794471130920666,,190,4,17,0,,,OUTBOUND,,-0.1668502748372458,
1,,,,,0.14276733799488284,29.78236059988307,,191,4,18,0,,,OUTBOUND,,-0.1472481711935629,
1,,,,,0.14391735498793423,29.77022035958881,,192,4,19,0,,,OUTBOUND,,-0.170137272408538,
1,,,,,0.14500810200115666,29.75803183440282,,193,4,20,0,,,OUTBOUND,,-0.19672976505752682,
1,,,,,0.14606810500845313,29.745883515132935,,194,4,21,0,,,OUTBOUND,,-0.19084187761268753,
1,,,,,0.14666642600786872,29.733728866008306,,195,4,22,0,,,OUTBOUND,,-0.17367950831987278,
1,,,,,0.14722995201009326,29.72157896717591,,196,4,23,0,,,OUTBOUND,,-0.16224780201015737,
1,,,,,0.14797414900385775,29.70942953995993,,197,4,24,0,,,OUTBOUND,,-0.16923785033395453,
1,,,,,0.14885659198625945,29.697261869292234,,198,4,25,0,,,OUTBOUND,,-0.15425796023973315,
1,,,,,0.14997692999895662,29.68513024023285,,199,4,26,0,,,OUTBOUND,,-0.12665372622891966,
1,,,,,0.15123854199191555,29.673006730601497,,200,4,27,0,,,OUTBOUND,,-0.10001843593667666,
1,4.110664367675781,1.0003000497817993,31.24860382080078,31.53684425354004,0.2614346629998181,29.66087428348794,-4.001436233520508,201,4,28,0,,27.832101821899414,OUTBOUND,-0.0765811949968338,-0.10552623345781377,
1,4.196572303771973,1.0006004571914673,29.78188133239746,30.05533218383789,0.2689421960094478,29.648704914279755,-4.053593635559082,202,4,29,0,,27.22162437438965,OUTBOUND,-0.10884416103363037,-0.11662040796813947,
1,4.153529644012451,1.0009002685546875,30.564411163330078,30.824857711791992,0.2803758829832077,29.63652543620882,-3.9767446517944336,203,4,30,0,,28.253114700317383,OUTBOUND,-0.14123976230621338,-0.08045419766404455,
1,4.221499919891357,1.0012003183364868,29.2752685546875,29.52448272705078,0.28819886999554,29.624413862721347,-4.011532306671143,204,4,31,0,,27.711029052734375,OUTBOUND,-0.17423848807811737,-0.07436545216414359,
1,4.229030609130859,1.001500129699707,28.86888885498047,29.089675903320312,0.297102848009672,29.612289516299164,-3.9856598377227783,205,4,32,0,,27.779111862182617,OUTBOUND,-0.20606017112731934,-0.0484289817873619,
1,4.285560131072998,1.0018001794815063,35.033363342285156,35.24303436279297,0.30416905001038685,29.60020396286298,-4.008414268493652,206,4,33,0,,30.18375015258789,OUTBOUND,-0.2386510819196701,0.017369060684372932,
1,4.2438788414001465,1.0020992755889893,14.142523765563965,14.284198760986328,0.3118061260029208,29.588082885957533,-3.9341976642608643,207,4,34,0,,25.41350555419922,OUTBOUND,-0.2708946764469147,0.047408279161562206,
1,4.225861549377441,1.0023967027664185,27.41645050048828,27.50728988647461,0.32247062999522313,29.575995673636662,-3.881821870803833,208,4,35,0,,28.42981719970703,OUTBOUND,-0.30299046635627747,0.05635068706043417,
1,4.316138744354248,1.0026938915252686,27.550403594970703,27.57550811767578,0.3303676719951909,29.56387306089681,-3.933469772338867,209,4,36,0,,29.36443328857422,OUTBOUND,-0.3359155058860779,0.08909849200570931,
1,4.360068321228027,1.0029910802841187,27.514070510864258,27.469411849975586,0.33734527399064973,29.551714113771713,-3.933392286300659,210,4,37,0,,30.173398971557617,OUTBOUND,-0.37251800298690796,0.135568242586787,
1,4.4501471519470215,1.003288745880127,28.232654571533203,28.061016082763672,0.34595810700557195,29.539495904831618,-3.975794792175293,211,4,38,0,,31.646615982055664,OUTBOUND,-0.41708844900131226,0.1899706104627924,
1,4.4797282218933105,1.0035868883132935,12.826528549194336,12.631418228149414,0.3548934680002276,29.52724841446369,-3.959446907043457,212,4,39,0,,27.46287727355957,OUTBOUND,-0.46018192172050476,0.2201151067372559,
1,4.563579082489014,1.0038858652114868,26.382314682006836,26.06953239440918,0.3626122119894717,29.51502289603394,-3.996019124984741,213,4,40,0,,31.43467903137207,OUTBOUND,-0.5054734945297241,0.22701455151381975,
1,4.473092555999756,1.0041828155517578,26.504581451416016,26.0611515045166,0.3699323699984234,29.502767033566403,-3.8535537719726562,214,4,41,0,,32.39377212524414,OUTBOUND,-0.5547958016395569,0.21024059440028964,
1,4.617651462554932,1.004480004310608,25.95353889465332,25.44220733642578,0.37753611500374973,29.490538435006155,-3.9466195106506348,215,4,42,0,,32.87241744995117,OUTBOUND,-0.6036273837089539,0.20644529992378602,
1,4.605503559112549,1.0047762393951416,12.221378326416016,11.687625885009766,0.3888138420006726,29.47827106049117,-3.8827147483825684,216,4,43,0,,29.882301330566406,OUTBOUND,-0.6533979773521423,0.2154529142803685,
1,4.753822326660156,1.0050734281539917,17.969167709350586,17.301401138305664,0.3975540009851102,29.466016510436667,-3.9723000526428223,217,4,44,0,,32.96400451660156,OUTBOUND,-0.7081146240234375,0.1825342751099089,
1,4.726380348205566,1.005369782447815,17.75356101989746,16.993791580200195,0.4043111509818118,29.453773198940784,-3.8897523880004883,218,4,45,0,,33.676902770996094,OUTBOUND,-0.7604444026947021,0.14403212837881454,
1,4.812101364135742,1.005665898323059,24.573923110961914,23.691396713256836,0.4112398629949894,29.441562998839817,-3.9176502227783203,219,4,46,0,,35.3707275390625,OUTBOUND,-0.8152025938034058,0.1408187320782909,
1,4.864630222320557,1.0059618949890137,10.954262733459473,10.089366912841797,0.41891258899704553,29.429320410624427,-3.9081335067749023,220,4,47,0,,32.0340690612793,OUTBOUND,-0.8743882775306702,0.1368186591507328,
1,4.860015392303467,1.0062562227249146,16.662057876586914,15.633584022521973,0.42634951398940757,29.417034091146157,-3.8413619995117188,221,4,48,0,,35.32573318481445,OUTBOUND,-0.9334404468536377,0.09259018848819947,
1,4.994540214538574,1.0065507888793945,10.455184936523438,9.420581817626953,0.4328873690101318,29.404803014141248,-3.912696361541748,222,4,49,0,,33.147926330566406,OUTBOUND,-0.9935497641563416,0.0892456795261195,
1,5.074187278747559,1.0068455934524536,29.107105255126953,27.735721588134766,0.4394504340016283,29.392520343289856,-3.923023223876953,223,4,50,0,,40.81566619873047,OUTBOUND,-1.0583674907684326,0.12336339217360784,
1,5.135436058044434,1.0071407556533813,36.149131774902344,34.61274337768555,0.44735190298524685,29.380221150976027,-3.9129395484924316,224,4,51,0,,43.54133987426758,OUTBOUND,-1.1250419616699219,0.14008193118386852,
1,5.168216228485107,1.0074350833892822,22.44072151184082,20.97941780090332,0.45584781299112365,29.367853060616874,-3.8719725608825684,225,4,52,0,,39.082420349121094,OUTBOUND,-1.1963355541229248,0.12041316582836524,
1,5.253964900970459,1.007728934288025,35.67310333251953,33.88945007324219,0.4674753719882574,29.355572493823253,-3.8813259601593018,226,4,53,0,,45.7481575012207,OUTBOUND,-1.2681351900100708,0.07701102481329236,
1,5.320578098297119,1.0080221891403198,27.884159088134766,26.057592391967773,0.4758708509907592,29.34328737030938,-3.864131450653076,227,4,54,0,,44.52753829956055,OUTBOUND,-1.3489103317260742,0.02486530400921333,
1,5.419622421264648,1.0083152055740356,14.308231353759766,12.635652542114258,0.484247691987548,29.331099296489914,-3.882097005844116,228,4,55,0,,39.410301208496094,OUTBOUND,-1.4267996549606323,-0.020131767215010768,
1,5.5232367515563965,1.0086084604263306,21.159332275390625,19.311174392700195,0.4929512149828952,29.318886280095324,-3.902736186981201,229,4,56,0,,41.56922149658203,OUTBOUND,-1.5058296918869019,-0.01921967738121309,
1,5.606985092163086,1.0089023113250732,33.47567367553711,31.328872680664062,0.5018042220035568,29.306636281252974,-3.9081389904022217,230,4,57,0,,47.25990295410156,OUTBOUND,-1.5799288749694824,-0.03160508008465611,
1,5.702035427093506,1.0091965198516846,7.563952445983887,5.871819019317627,0.5100422000105027,29.294379094792642,-3.906318426132202,231,4,58,0,,36.87782287597656,OUTBOUND,-1.6733431816101074,-0.048893654372068274,
1,5.791005611419678,1.0094910860061646,7.082925796508789,5.3603315353393555,0.519243410002673,29.282123823349984,-3.904625415802002,232,4,59,0,,36.67135238647461,OUTBOUND,-1.7610019445419312,-0.04556954416336072,
1,5.864558696746826,1.0097856521606445,25.21847915649414,22.928075790405273,0.5296748509863392,29.26979984928544,-3.8906800746917725,233,4,60,0,,47.63663864135742,FAILURE,-1.8439675569534302,-20.0796505147177,
1,5.9925432205200195,1.0100806951522827,37.50967788696289,34.77193069458008,0.5383582779904827,29.987969151505524,-3.9114670753479004,234,5,1,0,,54.48987579345703,OUTBOUND,-1.9451743364334106,0.018027233423734874,
1,6.050409317016602,1.0103754997253418,18.769027709960938,16.570043563842773,0.5475315160001628,29.97588945350391,-3.881218671798706,235,5,2,0,,43.661991119384766,OUTBOUND,-2.031412124633789,0.07903257103346205,
1,6.19188117980957,1.0106709003448486,31.0400447845459,28.387380599975586,0.5568101980024949,29.963768132998435,-3.910478353500366,236,5,3,0,,50.849998474121094,OUTBOUND,-2.1371219158172607,0.09419241313651308,
1,6.3117876052856445,1.0109671354293823,17.99730110168457,15.691417694091797,0.5639738760073669,29.951626359724695,-3.9264490604400635,237,5,4,0,,44.002723693847656,OUTBOUND,-2.2378971576690674,0.1062780724631102,
1,6.372023105621338,1.0112630128860474,22.746715545654297,20.205076217651367,0.5707672849821392,29.939478188143774,-3.8844640254974365,238,5,5,0,,48.4404182434082,OUTBOUND,-2.3371851444244385,0.14869403144318602,
1,6.516118049621582,1.0115593671798706,29.388229370117188,26.647111892700195,0.5776906810060609,29.927312631215965,-3.90666127204895,239,5,6,0,,50.78086471557617,OUTBOUND,-2.4539096355438232,0.18044637205928898,
1,6.665333271026611,1.0118569135665894,16.831924438476562,14.454172134399414,0.5851374430058058,29.91508367591675,-3.943678379058838,240,5,7,0,,43.09366226196289,OUTBOUND,-2.5632071495056152,0.23016750919507795,
1,6.766266822814941,1.012155294418335,21.29350471496582,18.730636596679688,0.5944230330060236,29.9028240434402,-3.9255475997924805,241,5,8,0,,46.73940658569336,OUTBOUND,-2.6781318187713623,0.26744795274144956,
1,6.8607940673828125,1.012453556060791,15.614900588989258,13.386883735656738,0.6045068379899021,29.890539338289035,-3.904069423675537,242,5,9,0,,40.04563903808594,OUTBOUND,-2.792884349822998,0.2493903864752408,
1,6.994451999664307,1.0127521753311157,15.291494369506836,13.057089805603027,0.6147654899978079,29.878256626189536,-3.9072651863098145,243,5,10,0,,39.76836013793945,OUTBOUND,-2.9195892810821533,0.20031145359804237,
1,7.11495304107666,1.01305091381073,19.955358505249023,17.411405563354492,0.6259765829890966,29.86594618708821,-3.9096193313598633,244,5,11,0,,44.991477966308594,OUTBOUND,-3.0342512130737305,0.13530969787321712,
1,7.2569899559021,1.013350486755371,2.847161054611206,1.1490769386291504,0.633426177984802,29.85366169261003,-3.9341342449188232,245,5,12,0,,30.290258407592773,OUTBOUND,-3.1519627571105957,0.10189941601037508,
1,7.356271266937256,1.0136504173278809,19.09320831298828,16.675050735473633,0.6400782289856579,29.841357319188386,-3.91473650932312,246,5,13,0,,42.98405456542969,OUTBOUND,-3.2672910690307617,0.10752051954091962,
1,7.499964714050293,1.0139509439468384,6.792449474334717,5.054733753204346,0.6469876589835621,29.828992876435453,-3.9317963123321533,247,5,14,0,,31.834056854248047,OUTBOUND,-3.393712282180786,0.10491030481448783,
1,7.538270473480225,1.0142499208450317,18.349016189575195,16.057165145874023,0.6562029419874307,29.816662815185783,-3.847320556640625,248,5,15,0,,40.20818328857422,OUTBOUND,-3.5149049758911133,0.11126265831596711,
1,7.694029808044434,1.0145483016967773,24.622800827026367,22.260656356811523,0.667902707005851,29.8042863279438,-3.874159097671509,249,5,16,0,,41.25153732299805,FAILURE,-3.6416735649108887,-19.90246317526265,
1,7.834796905517578,1.0148465633392334,21.740148544311523,19.395679473876953,0.6783419479907025,29.987987688982567,-3.896604061126709,250,6,1,0,,43.71567916870117,OUTBOUND,-3.756502628326416,-0.022008027328581578,
1,7.994485378265381,1.0151454210281372,1.008069634437561,0.17085902392864227,0.686453155009076,29.975925908364374,-3.9118027687072754,251,6,2,0,,16.819196701049805,OUTBOUND,-3.9056124687194824,-0.046916178985660945,
1,8.105716705322266,1.0154452323913574,0.8986845016479492,0.13166145980358124,0.6938118870020844,29.96386946113555,-3.936612606048584,252,6,3,0,,16.05916404724121,OUTBOUND,-3.99886417388916,-0.05380295725505723,
1,8.19084358215332,1.0157445669174194,32.00187683105469,29.44887351989746,0.701541616988834,29.951816991221573,-3.8839666843414307,253,6,4,0,,47.76499938964844,OUTBOUND,-4.131256103515625,-0.05727634698821976,
1,8.306599617004395,1.0160446166992188,0.5261785984039307,0.07905124872922897,0.7089088569919113,29.939744642221438,-3.9180006980895996,254,6,5,0,,12.411224365234375,OUTBOUND,-4.220248699188232,-0.080567788972381,
1,8.428511619567871,1.0163451433181763,24.28495979309082,22.28501319885254,0.7156187520013191,29.92764767358056,-3.921750545501709,255,6,6,0,,41.0178337097168,OUTBOUND,-4.334619045257568,-0.07307674120160283,
1,8.518223762512207,1.0166460275650024,0.35302630066871643,0.18381498754024506,0.7243781099969056,29.915582298174197,-3.914304256439209,256,6,7,0,,10.50561237335205,OUTBOUND,-4.44447135925293,-0.08485287196032071,
1,8.607352256774902,1.0169464349746704,36.96170425415039,34.6713752746582,0.7351020170026459,29.903504968490445,-3.8869740962982178,257,6,8,0,,47.012027740478516,OUTBOUND,-4.5519328117370605,-0.13689739166462297,
1,8.715194702148438,1.0172468423843384,25.737125396728516,24.216991424560547,0.7421602719987277,29.89137706043663,-3.8969388008117676,258,6,9,0,,33.581993103027344,OUTBOUND,-4.64889669418335,-0.12377648019642905,
1,8.723600387573242,1.0175453424453735,0.0948178619146347,0.27222827076911926,0.7491636069898959,29.879236715292123,-3.8330681324005127,259,6,10,0,,11.596446990966797,OUTBOUND,-4.736210823059082,-0.05707731819293945,
1,8.920034408569336,1.017844319343567,14.372096061706543,13.870583534240723,0.7561817390087526,29.867133226814,-3.9077975749969482,260,6,11,0,,15.414834022521973,OUTBOUND,-4.8596882820129395,0.001341135971559958,
1,8.959502220153809,1.0181435346603394,4.063662528991699,4.257256984710693,0.7638995829911437,29.85499481463161,-3.897920608520508,261,6,12,0,,11.077658653259277,OUTBOUND,-4.921311378479004,0.04953991043716524,
1,9.062889099121094,1.0184431076049805,35.034420013427734,33.79365539550781,0.7714035619865172,29.842869742125448,-3.9103338718414307,262,6,13,0,,33.09983444213867,OUTBOUND,-5.008999347686768,0.06324394125221657,
1,9.103649139404297,1.018742322921753,10.296675682067871,10.36594009399414,0.7779176559997723,29.830740193461903,-3.8785400390625,263,6,14,0,,10.060097694396973,OUTBOUND,-5.090341567993164,0.051698813001553205,
1,9.178546905517578,1.0190417766571045,14.216509819030762,14.109798431396484,0.785415814985754,29.8185443889905,-3.8979947566986084,264,6,15,0,,8.626978874206543,OUTBOUND,-5.154181480407715,0.01697953690244192,
1,9.219614028930664,1.0193421840667725,14.202044486999512,14.032867431640625,0.7932672270108014,29.80635717414601,-3.9243221282958984,265,6,16,0,,7.910348892211914,OUTBOUND,-5.1746954917907715,-0.05075650845004234,
1,9.270519256591797,1.0196431875228882,20.47995948791504,20.297151565551758,0.8032438610098325,29.794179213521424,-3.917712450027466,266,6,17,0,,7.289037704467773,OUTBOUND,-5.236174583435059,-0.1046899385219058,
1,9.315104484558105,1.0199451446533203,13.795124053955078,13.84273624420166,0.8141601670067757,29.781965942160483,-3.9318227767944336,267,6,18,0,,6.905485153198242,OUTBOUND,-5.274439334869385,-0.14709844858001556,
1,9.296906471252441,1.0202471017837524,17.48980140686035,17.411348342895508,0.8248603749962058,29.769765392452687,-3.89825439453125,268,6,19,0,,6.68239688873291,OUTBOUND,-5.2911906242370605,-0.19200008477874228,
1,9.372507095336914,1.0205497741699219,7.782558441162109,8.028342247009277,0.8367501850007102,29.75751038841243,-3.9244890213012695,269,6,20,0,,14.258984565734863,OUTBOUND,-5.351955413818359,-0.2349955509352122,
1,9.36345386505127,1.0208534002304077,3.998375654220581,4.285521030426025,0.84784185999888,29.745264242486215,-3.9345176219940186,270,6,21,0,,21.846240997314453,OUTBOUND,-5.344753742218018,-0.28486293635142107,
1,9.419281959533691,1.0211583375930786,23.56032371520996,23.409395217895508,0.8591767009929754,29.732997857067836,-3.950150489807129,271,6,22,0,,6.154349327087402,OUTBOUND,-5.379461765289307,-0.33128153093992835,
1,9.389641761779785,1.0214641094207764,10.318474769592285,10.361258506774902,0.8744084119971376,29.72067612429653,-3.941535711288452,272,6,23,0,,16.27762794494629,OUTBOUND,-5.366287708282471,-0.3854793735877136,
1,9.328767776489258,1.021769642829895,4.157118797302246,4.270112991333008,0.8855129379953723,29.70831145053786,-3.903298854827881,273,6,24,0,,21.807411193847656,OUTBOUND,-5.343084812164307,-0.4238297273876226,
1,9.325844764709473,1.0220744609832764,1.012097716331482,1.0431493520736694,0.895353804982733,29.6959075432431,-3.885467052459717,274,6,25,0,,34.96255874633789,OUTBOUND,-5.3604230880737305,-0.468414952525216,
1,9.37545108795166,1.0223792791366577,26.919639587402344,26.8453426361084,0.9043089059996419,29.683444844156266,-3.908128499984741,275,6,26,0,,15.915193557739258,OUTBOUND,-5.373632907867432,-0.5076064921052525,
1,9.376385688781738,1.022684097290039,3.9753406047821045,3.966721534729004,0.9120245850062929,29.67098122824387,-3.9057798385620117,276,6,27,0,,19.46086311340332,OUTBOUND,-5.377791881561279,-0.4795860902325716,
1,9.43519401550293,1.022990345954895,13.662217140197754,13.615962982177734,0.9229373600101098,29.65856599878137,-3.958629608154297,277,6,28,0,,8.195738792419434,OUTBOUND,-5.382932662963867,-0.44385815633669506,
1,9.37092399597168,1.0232956409454346,10.597578048706055,10.443999290466309,0.934369107009843,29.64617987374075,-3.8800106048583984,278,6,29,0,,18.37747573852539,OUTBOUND,-5.408228874206543,-0.4412204410227849,
1,9.33616828918457,1.0235995054244995,17.307371139526367,17.3261775970459,0.9442912009835709,29.63379567833797,-3.858962297439575,279,6,30,0,,2.771010398864746,OUTBOUND,-5.394463539123535,-0.4801205925414348,
1,9.36300277709961,1.0239039659500122,4.059054374694824,3.9785027503967285,0.9512097160040867,29.621377441335238,-3.925701856613159,280,6,31,0,,15.901351928710938,OUTBOUND,-5.3570451736450195,-0.5129379908788048,
1,9.370946884155273,1.0242093801498413,4.251378536224365,4.083519458770752,0.9581660139956512,29.60894860537239,-3.9316301345825195,281,6,32,0,,17.66351890563965,OUTBOUND,-5.3658342361450195,-0.5430426506582396,
1,9.333624839782715,1.02451491355896,10.407451629638672,10.199162483215332,0.9662682460038923,29.59647972489631,-3.9177095890045166,282,6,33,0,,10.338784217834473,FAILURE,-5.347809791564941,-30.599634063369244,
1,9.298820495605469,1.0248204469680786,13.70106315612793,13.63659954071045,0.9757271629932802,29.98796152560713,-3.9021432399749756,283,7,1,0,,3.811300754547119,OUTBOUND,-5.3269734382629395,0.023217980406840324,
1,9.227802276611328,1.0251251459121704,10.411811828613281,10.215387344360352,0.9828475859831087,29.97588573019609,-3.880929470062256,284,7,2,0,,8.208874702453613,OUTBOUND,-5.278454780578613,0.06486847196368416,
1,9.285173416137695,1.0254313945770264,0.6257752776145935,0.37953343987464905,0.9917237570043653,29.963754461333487,-3.957893133163452,285,7,3,0,,21.646379470825195,OUTBOUND,-5.2601823806762695,0.050644787941548045,
1,9.269176483154297,1.025739312171936,13.865911483764648,13.82115364074707,1.001598370989086,29.951625747140852,-3.963813066482544,286,7,4,0,,6.464082717895508,OUTBOUND,-5.233949661254883,0.05612086521635711,
1,9.18750286102295,1.0260475873947144,7.219450950622559,7.325503826141357,1.0100372059969231,29.93943475232374,-3.9274935722351074,287,7,5,0,,3.6207833290100098,OUTBOUND,-5.188453674316406,0.11115368845505214,
1,9.17584228515625,1.0263561010360718,10.8092622756958,11.010747909545898,1.0167565250012558,29.927200726868353,-3.92276668548584,288,7,6,0,,10.021852493286133,OUTBOUND,-5.174495220184326,0.14735666715041756,
1,9.153575897216797,1.0266647338867188,14.290436744689941,14.465192794799805,1.0233167799888179,29.914928515634593,-3.9187705516815186,289,7,7,0,,7.465317249298096,OUTBOUND,-5.151943683624268,0.1485871870531344,
1,9.1512451171875,1.0269733667373657,26.81717300415039,27.077428817749023,1.03052497599856,29.902650103413574,-3.9193079471588135,290,7,8,0,,31.8898983001709,OUTBOUND,-5.13227653503418,0.14571119122181278,
1,9.147950172424316,1.027281641960144,9.97244930267334,9.923116683959961,1.0404945549962576,29.89033022267832,-3.9042181968688965,291,7,9,0,,2.7454187870025635,OUTBOUND,-5.1446452140808105,0.1613619624489736,
1,9.071549415588379,1.027587890625,0.3574642837047577,0.2532879710197449,1.0479807789961342,29.877961755077493,-3.848571300506592,292,7,10,0,,14.154358863830566,OUTBOUND,-5.128793716430664,0.1610327995747646,
1,9.148012161254883,1.0278950929641724,13.583573341369629,13.588817596435547,1.0547173939994536,29.865592330618174,-3.937140464782715,293,7,11,0,,8.946925163269043,OUTBOUND,-5.110853672027588,0.10130831986238817,
1,9.122264862060547,1.0282025337219238,17.595972061157227,17.860984802246094,1.0616261099930853,29.853252850003628,-3.915689468383789,294,7,12,0,,18.902769088745117,OUTBOUND,-5.096033096313477,0.03086654062177981,
1,9.084543228149414,1.0285085439682007,24.084766387939453,24.202167510986328,1.0691057780059054,29.84094068775275,-3.867117166519165,295,7,13,0,,23.278013229370117,OUTBOUND,-5.097032070159912,-0.026330191887988085,
1,9.141985893249512,1.0288140773773193,13.666727066040039,13.659375190734863,1.076753784000175,29.828651766710113,-3.8874154090881348,296,7,14,0,,8.734234809875488,OUTBOUND,-5.133362293243408,-0.07794424615850534,
1,9.12276840209961,1.0291192531585693,0.2136661857366562,0.1762589067220688,1.0874647599994205,29.81632717434427,-3.8909499645233154,297,7,15,0,,11.999173164367676,OUTBOUND,-5.1140522956848145,-0.0971134419406079,
1,9.119948387145996,1.029423713684082,7.046928405761719,7.162381172180176,1.0952431180048734,29.8039794221104,-3.8738367557525635,298,7,16,0,,7.3716020584106445,OUTBOUND,-5.124238014221191,-0.12475804489026476,
1,9.162860870361328,1.0297281742095947,0.2052852064371109,0.19452108442783356,1.1030321230064146,29.79161019734143,-3.9019711017608643,299,7,17,0,,11.228363990783691,OUTBOUND,-5.140700817108154,-0.1923575902796002,
1,9.162710189819336,1.0300321578979492,3.6507725715637207,3.699967861175537,1.1122238379903138,29.779220475601225,-3.8826494216918945,300,7,18,0,,2.7129628658294678,OUTBOUND,-5.161556243896484,-0.30765073830060424,
1,9.20151138305664,1.0303367376327515,23.89267349243164,23.88957977294922,1.1198514069837984,29.76686815168476,-3.910954475402832,301,7,19,0,,24.824451446533203,OUTBOUND,-5.155166149139404,-0.35480823134856754,
1,9.220536231994629,1.0306415557861328,9.919390678405762,9.882469177246094,1.1267559140105732,29.754501408808988,-3.907417058944702,302,7,20,0,,3.506035566329956,OUTBOUND,-5.176116943359375,-0.3183480054617585,
1,9.218603134155273,1.0309464931488037,3.844245195388794,3.839750289916992,1.1341723329969682,29.742110020687353,-3.8986122608184814,303,7,21,0,,4.2806243896484375,OUTBOUND,-5.186748504638672,-0.30739918878196537,
1,9.28076171875,1.031251311302185,16.744937896728516,16.757604598999023,1.1414695059938822,29.729703144570042,-3.8961074352264404,304,7,22,0,,18.937952041625977,OUTBOUND,-5.2390313148498535,-0.3506673703134172,
1,9.315600395202637,1.031557321548462,9.804027557373047,9.740592002868652,1.1487319360021502,29.71727170200963,-3.93807053565979,305,7,23,0,,2.6259591579437256,OUTBOUND,-5.230992794036865,-0.3963001036585029,
1,9.2933988571167,1.0318632125854492,19.666030883789062,19.473936080932617,1.1561090979957953,29.70483200958881,-3.8923916816711426,306,7,24,0,,17.55564308166504,FAILURE,-5.24961519241333,-30.426473018074923,
1,9.373367309570312,1.032170295715332,3.720323085784912,3.7288084030151367,1.1635292450082488,29.98798687801178,-3.9386157989501953,307,8,1,0,,4.638887882232666,OUTBOUND,-5.28823709487915,-0.01796380083556356,
1,9.422689437866211,1.0324785709381104,17.374095916748047,17.39899253845215,1.174246595997829,29.97593194779808,-3.944976329803467,308,8,2,0,,17.176633834838867,OUTBOUND,-5.3218464851379395,-0.001392605640137869,
1,9.456509590148926,1.0327876806259155,10.046972274780273,10.026371002197266,1.1847041909932159,29.963873820704528,-3.933485507965088,309,8,3,0,,2.335791826248169,OUTBOUND,-5.374109268188477,0.049436050571938644,
1,9.422901153564453,1.033096194267273,9.779093742370605,9.732098579406738,1.1948059319984168,29.951804773371915,-3.8868794441223145,310,8,4,0,,1.8522367477416992,OUTBOUND,-5.389429569244385,0.09096546580430938,
1,9.502796173095703,1.0334060192108154,29.768829345703125,29.601282119750977,1.2057869849959388,29.939701257493425,-3.954683303833008,311,8,5,0,,31.207008361816406,OUTBOUND,-5.381615161895752,0.07490914683762456,
1,9.486504554748535,1.0337156057357788,23.134033203125,22.89812660217285,1.2140088510059286,29.927610466000722,-3.9006476402282715,312,8,6,0,,23.24278450012207,OUTBOUND,-5.414881229400635,0.0739486222925897,
1,9.555964469909668,1.0340248346328735,9.753430366516113,9.71041488647461,1.2210450459970161,29.91546095523386,-3.900216579437256,313,8,7,0,,3.0991077423095703,OUTBOUND,-5.486921787261963,0.12733408095246954,
1,9.545159339904785,1.0343332290649414,0.31454479694366455,0.38800424337387085,1.2277578740031458,29.90327487307795,-3.884206533432007,314,8,8,0,,17.885221481323242,OUTBOUND,-5.507540225982666,0.1421920008864009,
1,9.636831283569336,1.0346429347991943,9.981493949890137,9.9111328125,1.2344287779997103,29.891095714699397,-3.943356513977051,315,8,9,0,,6.477568626403809,OUTBOUND,-5.545325756072998,0.1324248968388079,
1,9.607612609863281,1.0349513292312622,16.33139419555664,16.26455307006836,1.2416963980067521,29.878917730218237,-3.8727095127105713,316,8,10,0,,13.936565399169922,OUTBOUND,-5.580990791320801,0.10564807686899166,
1,9.628705978393555,1.03525972366333,0.42343756556510925,0.49193280935287476,1.2497554410074372,29.866771622593184,-3.900141954421997,317,8,11,0,,19.92900848388672,OUTBOUND,-5.586306571960449,0.07581693381739488,
1,9.639962196350098,1.0355676412582397,19.314353942871094,19.211116790771484,1.2567923470051028,29.85460718036835,-3.892050266265869,318,8,12,0,,10.519552230834961,OUTBOUND,-5.598363876342773,0.06343565084590014,
1,9.648972511291504,1.0358757972717285,0.30952882766723633,0.36717498302459717,1.2664836010080762,29.842481788415597,-3.908303737640381,319,8,13,0,,18.145767211914062,OUTBOUND,-5.601930618286133,0.08004627081873075,
1,9.667524337768555,1.0361852645874023,6.885313034057617,6.9242353439331055,1.2771964379935525,29.830307671579934,-3.947906970977783,320,8,14,0,,1.3220093250274658,OUTBOUND,-5.578980445861816,0.12696309082301757,
1,9.65311336517334,1.036494255065918,9.649408340454102,9.621709823608398,1.2885395860066637,29.818069030954074,-3.888448476791382,321,8,15,0,,2.8970024585723877,OUTBOUND,-5.626216888427734,0.1770598620595051,
1,9.621110916137695,1.0368019342422485,19.973798751831055,19.914485931396484,1.299254754994763,29.80586256114015,-3.8626317977905273,322,8,16,0,,9.51981258392334,OUTBOUND,-5.6142144203186035,0.19654563394716715,
1,9.649949073791504,1.0371081829071045,32.19288635253906,32.162715911865234,1.3103954370017163,29.793615523851557,-3.859402656555176,323,8,17,0,,35.6223030090332,OUTBOUND,-5.628790378570557,0.18584369188448238,
1,9.685028076171875,1.0374146699905396,0.36041969060897827,0.3836202025413513,1.3218841729976702,29.78142807017837,-3.896523952484131,324,8,18,0,,19.53877067565918,OUTBOUND,-5.634762287139893,0.19142936376737996,
1,9.715922355651855,1.0377212762832642,3.622468948364258,3.685187816619873,1.3327538449957501,29.769250948723506,-3.9050540924072266,325,8,19,0,,10.882701873779297,OUTBOUND,-5.660844326019287,0.21220943309639734,
1,9.73055648803711,1.0380280017852783,12.742918968200684,12.729212760925293,1.3439445410040207,29.75703846947161,-3.8954544067382812,326,8,20,0,,4.689847469329834,OUTBOUND,-5.681214332580566,0.2099943115031697,
1,9.641467094421387,1.0383332967758179,0.2923238277435303,0.296225368976593,1.3523686419939622,29.744826967523814,-3.8473644256591797,327,8,21,0,,18.449716567993164,OUTBOUND,-5.655772686004639,0.16865588577803242,
1,9.73328971862793,1.0386396646499634,3.3918514251708984,3.433211326599121,1.3592694620019756,29.732683995636144,-3.9292373657226562,328,8,22,0,,7.401285648345947,OUTBOUND,-5.659284591674805,0.13306332149156447,
1,9.734613418579102,1.038947343826294,18.84439468383789,18.762378692626953,1.3664012069930322,29.72048461753522,-3.9311447143554688,329,8,23,0,,14.146822929382324,OUTBOUND,-5.652573108673096,0.12440877309151119,
1,9.7432861328125,1.0392557382583618,9.769795417785645,9.735548973083496,1.3747230129956733,29.708251956419872,-3.923635482788086,330,8,24,0,,2.1611063480377197,OUTBOUND,-5.665485382080078,0.13322463414403224,
1,9.72005844116211,1.039565086364746,19.785459518432617,19.760244369506836,1.3836155309982132,29.69600041540198,-3.926140308380127,331,8,25,0,,15.15462875366211,OUTBOUND,-5.634976863861084,0.15968313340785545,
1,9.778213500976562,1.0398755073547363,23.072858810424805,23.057714462280273,1.390851826989092,29.683719598229796,-3.938875675201416,332,8,26,0,,23.013641357421875,OUTBOUND,-5.663247108459473,0.159179312571104,
1,9.797296524047852,1.0401862859725952,0.37894922494888306,0.3552829623222351,1.3989019879954867,29.6714203751708,-3.914611577987671,333,8,27,0,,19.68263816833496,OUTBOUND,-5.717182636260986,0.10011860851717194,
1,9.749982833862305,1.040496826171875,9.67513656616211,9.58290958404541,1.411040695005795,29.659108196212813,-3.8976831436157227,334,8,28,0,,1.125126600265503,OUTBOUND,-5.689462184906006,0.021267201903745613,
1,9.77121353149414,1.040806770324707,28.897605895996094,28.837055206298828,1.4260637520055752,29.646819639180332,-3.8913307189941406,335,8,29,0,,29.28028106689453,OUTBOUND,-5.703623294830322,-0.026148292572026673,
1,9.751466751098633,1.0411161184310913,10.237547874450684,10.295248031616211,1.4378344569995534,29.634557923195736,-3.8785016536712646,336,8,30,0,,1.5926592350006104,OUTBOUND,-5.695146560668945,-0.052835613630568316,
1,9.863055229187012,1.0414265394210815,9.667363166809082,9.630016326904297,1.4486574659822509,29.62230281018998,-3.9372196197509766,337,8,31,0,,1.2346936464309692,OUTBOUND,-5.749635219573975,-0.09331596839242473,
1,9.901029586791992,1.0417381525039673,25.23301887512207,25.1651611328125,1.456223148998106,29.610093591968646,-3.9396395683288574,338,8,32,0,,32.9991569519043,OUTBOUND,-5.767531871795654,-0.11167830432457464,
1,9.945147514343262,1.0420502424240112,18.59688949584961,18.51890754699707,1.4635978669975884,29.597940548780194,-3.9232165813446045,339,8,33,0,,15.302643775939941,OUTBOUND,-5.818727493286133,-0.10548240138042492,
1,9.873697280883789,1.0423600673675537,12.586064338684082,12.58243179321289,1.4704291819944046,29.58584244360674,-3.8384432792663574,340,8,34,0,,7.632894515991211,OUTBOUND,-5.838374614715576,-0.10324954981050138,
1,9.96270751953125,1.0426700115203857,0.2975689172744751,0.3034774661064148,1.4787401930079795,29.5737074713503,-3.9040136337280273,341,8,35,0,,17.798612594604492,OUTBOUND,-5.867476463317871,-0.07697410835581452,
1,9.929540634155273,1.0429779291152954,12.738819122314453,12.74947452545166,1.4901921240088996,29.561608061848602,-3.8359694480895996,342,8,36,0,,6.18671989440918,OUTBOUND,-5.906181812286377,-0.032770752255814606,
1,10.043598175048828,1.0432873964309692,12.61577033996582,12.618857383728027,1.4984707469993737,29.549463578178656,-3.943098545074463,343,8,37,0,,4.233121871948242,OUTBOUND,-5.901845455169678,-0.025120557000358357,
1,10.065423965454102,1.0435978174209595,9.558207511901855,9.52549934387207,1.5054572600056417,29.537288105426285,-3.927910327911377,344,8,38,0,,3.3898417949676514,OUTBOUND,-5.946366786956787,-0.03113401652514088,
1,10.108574867248535,1.0439099073410034,3.514124631881714,3.5703537464141846,1.5137550799991004,29.525184505527204,-3.9534993171691895,345,8,39,0,,13.637473106384277,OUTBOUND,-5.971277236938477,-0.035846033028260275,
1,10.11855697631836,1.0442227125167847,12.48437213897705,12.427347183227539,1.525197893002769,29.513070449075734,-3.9301199913024902,346,8,40,0,,6.577672958374023,OUTBOUND,-6.0054850578308105,-0.018814007668125986,
1,10.124818801879883,1.0445359945297241,9.520190238952637,9.424428939819336,1.5324834889906924,29.50092200025434,-3.923358678817749,347,8,41,0,,4.114358901977539,OUTBOUND,-6.015528678894043,-0.03413464656919972,
1,10.081649780273438,1.044848918914795,9.543000221252441,9.4467134475708,1.539855000009993,29.488803884152198,-3.898073673248291,348,8,42,0,,5.486372947692871,OUTBOUND,-6.009405136108398,-0.05121938427772987,
1,10.078471183776855,1.0451619625091553,0.28406816720962524,0.29972463846206665,1.5494456139858812,29.476673340769047,-3.9083685874938965,349,8,43,0,,17.389623641967773,OUTBOUND,-6.000232696533203,-0.027460730324379366,
1,10.102163314819336,1.0454750061035156,19.291467666625977,19.298736572265625,1.5602637970005162,29.464590481357163,-3.914553165435791,350,8,44,0,,13.158269882202148,OUTBOUND,-6.007014274597168,-0.037008644030419424,
1,10.093671798706055,1.0457874536514282,0.23899959027767181,0.2569118142127991,1.5716762550000567,29.452471596641374,-3.886301040649414,351,8,45,0,,17.738910675048828,OUTBOUND,-6.0416131019592285,-0.03535448419127379,
1,10.090644836425781,1.04610013961792,9.507625579833984,9.409709930419922,1.5828751439985353,29.44030539284335,-3.9131762981414795,352,8,46,0,,3.2831053733825684,OUTBOUND,-6.012302398681641,0.005783979981107058,
1,10.07016372680664,1.0464129447937012,3.250483274459839,3.293464422225952,1.593940813007066,29.4281539430859,-3.9075002670288086,353,8,47,0,,6.973520755767822,OUTBOUND,-6.000452041625977,0.031772125846635996,
1,10.130926132202148,1.0467265844345093,30.598756790161133,30.432594299316406,1.602041370992083,29.416004439845388,-3.9358649253845215,354,8,48,0,,41.831695556640625,OUTBOUND,-6.004386901855469,0.02721533026403389,
1,10.161664009094238,1.0470412969589233,12.256735801696777,12.260395050048828,1.6092026949918363,29.403864926890616,-3.938627243041992,355,8,49,0,,9.157807350158691,OUTBOUND,-6.0249457359313965,0.010409049837441928,
1,10.122535705566406,1.0473567247390747,0.27785077691078186,0.2839779257774353,1.6199804969946854,29.391709398769358,-3.9377026557922363,356,8,50,0,,15.924030303955078,OUTBOUND,-5.993765354156494,-0.029800221708991857,
1,10.146209716796875,1.047672152519226,15.668448448181152,15.683629035949707,1.6320703859964851,29.37957949820788,-3.912980318069458,357,8,51,0,,20.119287490844727,OUTBOUND,-6.032263278961182,-0.0814463824112359,
1,10.161842346191406,1.047987461090088,18.327234268188477,18.167186737060547,1.6431246899883263,29.367438941636603,-3.908764123916626,358,8,52,0,,15.687162399291992,OUTBOUND,-6.043141841888428,-0.11104233676238022,
1,10.229267120361328,1.0483031272888184,12.470017433166504,12.41610050201416,1.6548614839848597,29.35532334718138,-3.9256553649902344,359,8,53,0,,9.149945259094238,OUTBOUND,-6.089625358581543,-0.10375708298053879,
1,10.223590850830078,1.0486183166503906,18.36189842224121,18.256715774536133,1.6664488879905548,29.34325628851415,-3.897458076477051,360,8,54,0,,12.49564266204834,OUTBOUND,-6.111461639404297,-0.09133626616170272,
1,10.257959365844727,1.0489330291748047,3.203768491744995,3.254539728164673,1.67765724498895,29.3311788756383,-3.898308277130127,361,8,55,0,,7.534923076629639,OUTBOUND,-6.143370628356934,-0.08373754141063844,
1,10.300121307373047,1.049248218536377,0.2910069227218628,0.3099091649055481,1.688491350010736,29.319102385643653,-3.9230148792266846,362,8,56,0,,19.02251625061035,OUTBOUND,-6.1780195236206055,-0.07135666679853289,
1,10.288732528686523,1.0495631694793701,6.219233989715576,6.312512397766113,1.6961144740052987,29.30698967788005,-3.9079630374908447,363,8,57,0,,2.267261266708374,OUTBOUND,-6.1814069747924805,-0.08103528106907643,
1,10.325815200805664,1.049878716468811,3.334195613861084,3.337770938873291,1.704387895995751,29.294880252799505,-3.926652193069458,364,8,58,0,,8.079106330871582,OUTBOUND,-6.19788932800293,-0.1172274037468988,
1,10.27141284942627,1.050194501876831,9.97054386138916,10.02243423461914,1.714931816997705,29.28274918155653,-3.9186549186706543,365,8,59,0,,1.5828032493591309,OUTBOUND,-6.151321887969971,-0.13658953631554663,
1,10.322245597839355,1.0505110025405884,3.1329445838928223,3.1796069145202637,1.7251395169878379,29.270620992958193,-3.9349732398986816,366,8,60,0,,6.170608043670654,OUTBOUND,-6.191895484924316,-0.14707671015354448,
1,10.29373550415039,1.0508266687393188,12.178587913513184,12.18816089630127,1.7322390899935272,29.258495874110793,-3.887559413909912,367,8,61,0,,8.307565689086914,OUTBOUND,-6.205296993255615,-0.15314366061032308,
1,10.321674346923828,1.0511424541473389,3.2192492485046387,3.264742136001587,1.740294340008404,29.24635711556468,-3.9178454875946045,368,8,62,0,,4.888365745544434,OUTBOUND,-6.206454753875732,-0.17144959298200926,
1,10.352534294128418,1.051458716392517,21.015844345092773,20.973861694335938,1.7470970249851234,29.234188589193725,-3.9220805168151855,369,8,63,0,,26.61173439025879,OUTBOUND,-6.216159820556641,-0.20116680903609493,
1,10.272488594055176,1.0517723560333252,3.2134180068969727,3.267554998397827,1.7546070109819993,29.221972678680444,-3.834456205368042,370,8,64,0,,5.6948676109313965,OUTBOUND,-6.2317399978637695,-0.2376502187764553,
1,10.335753440856934,1.0520858764648438,12.052972793579102,12.052109718322754,1.7623085239902139,29.209724137767154,-3.9011688232421875,371,8,65,0,,12.504281044006348,OUTBOUND,-6.218382835388184,-0.255808834769715,
1,10.418793678283691,1.0524005889892578,3.1128644943237305,3.1571664810180664,1.7689655380090699,29.197522325756285,-3.938425064086914,372,8,66,0,,7.424407005310059,OUTBOUND,-6.264614105224609,-0.2632303998522021,
1,10.367630004882812,1.052714467048645,15.736360549926758,15.880546569824219,1.776139923982555,29.185288710162986,-3.884848117828369,373,8,67,0,,18.355363845825195,OUTBOUND,-6.259791374206543,-0.303500324432949,
1,10.50066089630127,1.053030252456665,12.068132400512695,12.067334175109863,1.7849750010063872,29.173036847486646,-3.9603281021118164,374,8,68,0,,9.910347938537598,OUTBOUND,-6.303793907165527,-0.30430925281743687,
1,10.46062183380127,1.053346037864685,0.2006908506155014,0.20583947002887726,1.7917905790091027,29.160798493075163,-3.9067485332489014,375,8,69,0,,14.019190788269043,OUTBOUND,-6.335134983062744,-0.27222886878741237,
1,10.464402198791504,1.0536617040634155,0.28687340021133423,0.2979292571544647,1.8004078989906702,29.1485381981116,-3.9092864990234375,376,8,70,0,,16.405742645263672,OUTBOUND,-6.341801643371582,-0.24891656946188637,
1,10.440752983093262,1.053977608680725,0.2520762085914612,0.2577706575393677,1.8080672819924075,29.136326113018423,-3.9131577014923096,377,8,71,0,,16.343183517456055,OUTBOUND,-6.331038475036621,-0.23131611188298992,
1,10.48829460144043,1.054294228553772,17.916675567626953,17.835805892944336,1.8186451589863282,29.124086952739834,-3.934378147125244,378,8,72,0,,17.51470184326172,OUTBOUND,-6.3439788818359375,-0.24877955734405208,
1,10.452642440795898,1.0546112060546875,0.17660397291183472,0.17711839079856873,1.8298720279999543,29.111865952453297,-3.9206008911132812,379,8,73,0,,14.837738037109375,OUTBOUND,-6.330006122589111,-0.2936710170370994,
1,10.44741153717041,1.0549272298812866,26.605255126953125,26.405420303344727,1.84017803799361,29.099599988581563,-3.8827927112579346,380,8,74,0,,36.169151306152344,OUTBOUND,-6.339634895324707,-0.3113502585651941,
1,10.507328033447266,1.0552430152893066,3.124750852584839,3.1676714420318604,1.8507155929983128,29.087344909918215,-3.8985424041748047,381,8,75,0,,6.068876266479492,OUTBOUND,-6.383729457855225,-0.3083562397730625,
1,10.469907760620117,1.055557131767273,20.767433166503906,20.66978645324707,1.8620923990092706,29.075090048421007,-3.8594653606414795,382,8,76,0,,30.49371910095215,OUTBOUND,-6.369927406311035,-0.32527862073090286,
1,10.581768989562988,1.0558724403381348,12.693717002868652,12.741573333740234,1.8694813039910514,29.062831819750844,-3.938782215118408,383,8,77,0,,12.759493827819824,OUTBOUND,-6.391999244689941,-0.36468611564958436,
1,10.5869779586792,1.0561870336532593,12.036046981811523,11.933586120605469,1.8762677609920502,29.050530800029435,-3.880486011505127,384,8,78,0,,12.156896591186523,OUTBOUND,-6.448101997375488,-0.39130455347565346,
1,10.671210289001465,1.056501865386963,11.755979537963867,11.69375991821289,1.883687232999364,29.038237728003725,-3.9143567085266113,385,8,79,0,,10.832813262939453,OUTBOUND,-6.492969512939453,-0.3833755230181984,
1,10.65083122253418,1.0568164587020874,0.27134957909584045,0.28200533986091614,1.8929684839968104,29.025921164580414,-3.891122341156006,386,8,80,0,,16.158227920532227,FAILURE,-6.51116943359375,-30.35243326298757,
1,10.690305709838867,1.0571303367614746,21.087583541870117,21.115249633789062,1.9024589449982159,29.98795917049947,-3.883143663406372,387,9,1,0,,23.314687728881836,OUTBOUND,-6.543540000915527,-0.03832132313638397,
1,10.711045265197754,1.0574427843093872,17.290267944335938,17.172893524169922,1.9115020890021697,29.975877078506795,-3.854257822036743,388,9,2,0,,17.286285400390625,OUTBOUND,-6.5832085609436035,-0.0906052806456682,
1,10.839775085449219,1.057755708694458,17.483196258544922,17.383358001708984,1.9186571839964017,29.9637384264938,-3.9126477241516113,389,9,3,0,,13.215413093566895,OUTBOUND,-6.640657901763916,-0.12728366223690224,
1,10.856523513793945,1.0580693483352661,9.009298324584961,8.961464881896973,1.9267505329917185,29.95158625986405,-3.9144856929779053,390,9,4,0,,7.4115824699401855,OUTBOUND,-6.673418998718262,-0.10740892613737003,
1,10.901335716247559,1.0583832263946533,0.3142697215080261,0.35458236932754517,1.9373576089856215,29.939526028413052,-3.9028241634368896,391,9,5,0,,22.00439453125,OUTBOUND,-6.746958255767822,-0.06578886360797778,
1,10.910597801208496,1.0586968660354614,17.287260055541992,17.165964126586914,1.945073146984214,29.92747501206754,-3.893385171890259,392,9,6,0,,10.938042640686035,OUTBOUND,-6.765141487121582,-0.06962844142059406,
1,10.926140785217285,1.0590107440948486,9.114034652709961,9.034311294555664,1.9534718479844742,29.915409512531763,-3.9026899337768555,393,9,7,0,,10.53291130065918,OUTBOUND,-6.78252649307251,-0.09419286255260752,
1,10.9740629196167,1.0593247413635254,12.245984077453613,12.336716651916504,1.9656578059948515,29.903303202487294,-3.9041316509246826,394,9,8,0,,3.3783669471740723,OUTBOUND,-6.818282127380371,-0.1297177542817243,
1,10.988755226135254,1.0596396923065186,11.38296127319336,11.362665176391602,1.9774302539881319,29.8911760958693,-3.924591541290283,395,9,9,0,,6.260316848754883,OUTBOUND,-6.8098530769348145,-0.18564049358223614,
1,10.982610702514648,1.0599541664123535,3.0497517585754395,3.1041440963745117,1.9889439560065512,29.879023857424098,-3.882030487060547,396,9,10,0,,17.167312622070312,OUTBOUND,-6.862584114074707,-0.18721760059319478,
1,11.002267837524414,1.0602689981460571,3.164907693862915,3.2195658683776855,2.001292214001296,29.866923948959457,-3.9121475219726562,397,9,11,0,,16.520389556884766,OUTBOUND,-6.868642330169678,-0.1471673097406591,
1,11.08704662322998,1.0605862140655518,26.03093719482422,25.827043533325195,2.0127471149899065,29.85480998497175,-3.9703762531280518,398,9,12,0,,22.70937156677246,OUTBOUND,-6.869543075561523,-0.15331522449202997,
1,10.971612930297852,1.0609033107757568,0.32609447836875916,0.32790932059288025,2.022150017990498,29.84266202094828,-3.901402711868286,399,9,13,0,,21.629756927490234,OUTBOUND,-6.841335296630859,-0.16423128615654853,
1,10.916305541992188,1.0612186193466187,0.31761491298675537,0.31297072768211365,2.032207779993769,29.83053298010288,-3.855069398880005,400,9,14,0,,20.99665069580078,OUTBOUND,-6.839511871337891,-0.17837683775983423,
1,10.939423561096191,1.0615341663360596,12.117902755737305,12.213998794555664,2.0404291540035047,29.818380732616607,-3.902846336364746,401,9,15,0,,8.419837951660156,OUTBOUND,-6.808534145355225,-0.16624704462972684,
1,11.004082679748535,1.061850666999817,8.719375610351562,8.667889595031738,2.0476775919960346,29.806244218760316,-3.9305505752563477,402,9,16,0,,1.8448107242584229,OUTBOUND,-6.847755432128906,-0.14820656389516632,
1,10.918834686279297,1.0621660947799683,8.649206161499023,8.601428031921387,2.0548318559885956,29.794098662649603,-3.8708691596984863,403,9,17,0,,1.5095574855804443,OUTBOUND,-6.8248186111450195,-0.19017768362398638,
1,10.931982040405273,1.0624817609786987,0.20762556791305542,0.19358620047569275,2.062405743985437,29.78190297915762,-3.9048876762390137,404,9,18,0,,14.91643238067627,OUTBOUND,-6.807751178741455,-0.2395653784824148,
1,10.949387550354004,1.062798261642456,17.115602493286133,17.042152404785156,2.0718999870005064,29.76964996468756,-3.9221856594085693,405,9,19,0,,20.77403450012207,OUTBOUND,-6.788804054260254,-0.23362037414597753,
1,10.95826530456543,1.0631155967712402,17.844623565673828,17.864383697509766,2.079602254991187,29.75747365467737,-3.9311459064483643,406,9,20,0,,18.777856826782227,OUTBOUND,-6.777393341064453,-0.21064701607195901,
1,10.972091674804688,1.0634347200393677,8.66197681427002,8.610069274902344,2.0869964140001684,29.745275289748538,-3.9557108879089355,407,9,21,0,,6.138637542724609,OUTBOUND,-6.763045787811279,-0.18488468885680237,
1,11.033700942993164,1.0637539625167847,11.496456146240234,11.470497131347656,2.0949219969916157,29.733122885376652,-3.911813259124756,408,9,22,0,,13.03258228302002,OUTBOUND,-6.858249664306641,-0.17897080296393447,
1,10.988348007202148,1.0640724897384644,17.04429817199707,16.960405349731445,2.1033192219911143,29.72095733950701,-3.8872463703155518,409,9,23,0,,21.942895889282227,OUTBOUND,-6.818174839019775,-0.21052563466481494,
1,11.027933120727539,1.06439208984375,20.412940979003906,20.474653244018555,2.1105740949860774,29.708727121984424,-3.94020414352417,410,9,24,0,,30.30208396911621,OUTBOUND,-6.786808013916016,-0.24690756172334377,
1,11.0565767288208,1.064711570739746,0.23705102503299713,0.2390061467885971,2.1174137589987367,29.696510661794488,-3.905978202819824,411,9,25,0,,14.418549537658691,OUTBOUND,-6.864855766296387,-0.3083492000329195,
1,11.133525848388672,1.0650315284729004,8.53033447265625,8.48458480834961,2.1250897090067156,29.684249902387855,-3.9254956245422363,412,9,26,0,,0.9720580577850342,OUTBOUND,-6.923100471496582,-0.3389068524634531,
1,11.130705833435059,1.0653510093688965,0.13939619064331055,0.14827381074428558,2.132881277007982,29.671973866752822,-3.8933095932006836,413,9,27,0,,14.325957298278809,OUTBOUND,-6.963813304901123,-0.3300594194278284,
1,11.094505310058594,1.0656683444976807,0.21253566443920135,0.22666217386722565,2.1422220800013747,29.65971698469132,-3.8460354804992676,414,9,28,0,,16.443134307861328,FAILURE,-6.993195533752441,-30.293248052865483,
1,11.182235717773438,1.065985918045044,29.086326599121094,29.07891082763672,2.150409538007807,29.987989967880377,-3.9071028232574463,415,10,1,0,,41.924564361572266,OUTBOUND,-6.982106685638428,-0.016787810245764433,
1,11.22177505493164,1.0663038492202759,0.2836172878742218,0.3079224228858948,2.159734526008833,29.975920692140324,-3.9105224609375,416,10,2,0,,17.599624633789062,OUTBOUND,-7.027396202087402,-0.04765588656960868,
1,11.290985107421875,1.066623330116272,11.140511512756348,11.134493827819824,2.1699370309943333,29.963846131680178,-3.9511923789978027,417,10,3,0,,8.520325660705566,OUTBOUND,-7.054069519042969,-0.09482389141377659,
1,11.28846549987793,1.0669434070587158,22.068418502807617,21.983171463012695,2.1791363259835634,29.95172190368516,-3.926326274871826,418,10,4,0,,38.39999008178711,OUTBOUND,-7.057286739349365,-0.08671603411555376,
1,11.306793212890625,1.0672630071640015,20.345651626586914,20.313175201416016,2.1894069669942837,29.93960399613866,-3.8946902751922607,419,10,5,0,,23.814245223999023,OUTBOUND,-7.093362808227539,-0.035605977338764964,
1,11.417580604553223,1.067583680152893,17.906322479248047,17.919343948364258,2.1968902309890836,29.927558635386596,-3.938875913619995,420,10,6,0,,12.152033805847168,OUTBOUND,-7.143524169921875,-0.009881107716495167,
1,11.469569206237793,1.0679049491882324,11.522368431091309,11.542116165161133,2.208360499003902,29.91547867119591,-3.925999641418457,421,10,7,0,,1.9440793991088867,OUTBOUND,-7.223263740539551,-0.03695355064016596,
1,11.506072998046875,1.0682259798049927,16.656156539916992,16.54236602783203,2.220340202009538,29.903368407670662,-3.90666127204895,422,10,8,0,,8.94195556640625,OUTBOUND,-7.278424263000488,-0.06648306868355638,
1,11.546394348144531,1.0685466527938843,0.43538734316825867,0.473066508769989,2.2311322840105277,29.891269634647077,-3.8961479663848877,423,10,9,0,,27.40130043029785,OUTBOUND,-7.349588871002197,-0.08371206323864822,
1,11.525668144226074,1.068866491317749,8.653717041015625,8.571325302124023,2.242946184996981,29.87914182191116,-3.886857032775879,424,10,10,0,,9.108603477478027,OUTBOUND,-7.357336044311523,-0.10046329275996312,
1,11.599926948547363,1.0691865682601929,8.386210441589355,8.350618362426758,2.2543809700000565,29.866982760804355,-3.9130542278289795,425,10,11,0,,11.410396575927734,OUTBOUND,-7.409796237945557,-0.10137555108963918,
1,11.667139053344727,1.0695075988769531,18.912715911865234,18.808149337768555,2.2614258989924565,29.854768040816076,-3.935314178466797,426,10,12,0,,17.62076187133789,OUTBOUND,-7.442480087280273,-0.07992001470297137,
1,11.651171684265137,1.0698288679122925,0.3981269896030426,0.4215332269668579,2.270202337007504,29.8425849160716,-3.917795419692993,427,10,13,0,,25.625782012939453,OUTBOUND,-7.458132743835449,-0.06731003603230626,
1,11.556231498718262,1.0701488256454468,0.34083685278892517,0.35502907633781433,2.28059957298683,29.830359800430397,-3.8698697090148926,428,10,14,0,,24.67992401123047,OUTBOUND,-7.432953357696533,-0.06375864792735503,
1,11.534591674804688,1.0704678297042847,8.228479385375977,8.185944557189941,2.2881804909848142,29.81822269698604,-3.8742992877960205,429,10,15,0,,5.783409595489502,OUTBOUND,-7.410894393920898,-0.036954166468935144,
1,11.550485610961914,1.070786714553833,2.714578866958618,2.7518632411956787,2.29825906699989,29.80607813222502,-3.901336193084717,430,10,16,0,,11.701986312866211,OUTBOUND,-7.404523849487305,-0.03277062147112498,
1,11.451858520507812,1.071103572845459,8.249320030212402,8.203380584716797,2.307623820990557,29.7939011617576,-3.8415987491607666,431,10,17,0,,5.2858357429504395,OUTBOUND,-7.366837978363037,-0.003926878741182981,
1,11.487857818603516,1.0714205503463745,0.3023391664028168,0.29694420099258423,2.3176664659986272,29.781726594116,-3.8983001708984375,432,10,18,0,,21.606719970703125,OUTBOUND,-7.359694004058838,0.027380880809368766,
1,11.515618324279785,1.071739912033081,19.7371883392334,19.802276611328125,2.326164041995071,29.76951125020617,-3.963099956512451,433,10,19,0,,27.129226684570312,OUTBOUND,-7.288151264190674,0.028748605799833113,
1,11.526585578918457,1.0720605850219727,19.074493408203125,18.99151611328125,2.3338635230029467,29.757243616282345,-3.944613456726074,434,10,20,0,,28.58960723876953,OUTBOUND,-7.300395965576172,0.05766490350532995,
1,11.479175567626953,1.0723806619644165,16.315948486328125,16.22521209716797,2.3438280939881224,29.744945966653294,-3.886157989501953,435,10,21,0,,18.437271118164062,OUTBOUND,-7.2963762283325195,0.0532659849754759,
1,11.55475902557373,1.0727016925811768,19.659109115600586,19.72825813293457,2.354811208002502,29.73263763562673,-3.930626630783081,436,10,22,0,,29.65536880493164,OUTBOUND,-7.307731628417969,-0.0014089653929212024,
1,11.501111030578613,1.0730204582214355,0.24272583425045013,0.23748983442783356,2.36560402601026,29.720321329560306,-3.839881658554077,437,10,23,0,,15.599893569946289,OUTBOUND,-7.354522228240967,-0.060790649043744475,
1,11.629344940185547,1.073341727256775,9.050140380859375,9.09195327758789,2.3765752199979033,29.708046997524168,-3.9766950607299805,438,10,24,0,,2.1101253032684326,OUTBOUND,-7.337186813354492,-0.13792255434925166,
1,11.591283798217773,1.0736631155014038,0.1700364649295807,0.16949127614498138,2.3876656540087424,29.69574895341095,-3.90548038482666,439,10,25,0,,14.529998779296875,OUTBOUND,-7.389047622680664,-0.20165258306923656,
1,11.645745277404785,1.0739850997924805,2.6216259002685547,2.665177583694458,2.3983855760016013,29.683473758715923,-3.926898717880249,440,10,26,0,,7.640334129333496,OUTBOUND,-7.432634353637695,-0.22801275844201088,
1,11.611163139343262,1.0743074417114258,10.750670433044434,10.744173049926758,2.408150139002828,29.671179137428542,-3.9144177436828613,441,10,27,0,,13.56385326385498,OUTBOUND,-7.39817476272583,-0.21665033237423087,
1,11.567720413208008,1.074629545211792,0.18699924647808075,0.18512238562107086,2.4180886819958687,29.658924067470853,-3.906614065170288,442,10,28,0,,14.597728729248047,OUTBOUND,-7.379627227783203,-0.1803119267130623,
1,11.644186019897461,1.074952483177185,7.987923622131348,7.932297229766846,2.4292710319859907,29.646616766179672,-3.930375576019287,443,10,29,0,,5.493045330047607,OUTBOUND,-7.425934791564941,-0.13408038149046986,
1,11.625847816467285,1.0752753019332886,24.52681541442871,24.336275100708008,2.440298575995257,29.63433824887949,-3.904137134552002,444,10,30,0,,40.087459564208984,OUTBOUND,-7.397480010986328,-0.1259831403608164,
1,11.660511016845703,1.0755982398986816,0.13738641142845154,0.14031431078910828,2.452268777997233,29.622047424194147,-3.913675308227539,445,10,31,0,,11.184088706970215,OUTBOUND,-7.43194580078125,-0.16806397450494945,
1,11.676944732666016,1.0759207010269165,10.680384635925293,10.66406536102295,2.462802833993919,29.609734140205088,-3.896267890930176,446,10,32,0,,11.909581184387207,OUTBOUND,-7.458848476409912,-0.21667616870198875,
1,11.743690490722656,1.0762430429458618,10.64782428741455,10.590689659118652,2.4737579519860446,29.59743481894655,-3.9051082134246826,447,10,33,0,,11.590231895446777,OUTBOUND,-7.509439468383789,-0.24892630475537772,
1,11.725265502929688,1.076564908027649,8.880657196044922,8.919145584106445,2.4868778529926203,29.58513136388047,-3.892183542251587,448,10,34,0,,3.724487543106079,OUTBOUND,-7.49575662612915,-0.23807547690817824,
1,11.76522159576416,1.0768868923187256,2.673557758331299,2.7214300632476807,2.4986754349956755,29.57283417533569,-3.907744884490967,449,10,35,0,,5.438021183013916,OUTBOUND,-7.5374908447265625,-0.2303402435055257,
1,11.903322219848633,1.0772101879119873,19.169557571411133,19.17058753967285,2.5134659330069553,29.560493204432095,-3.945204019546509,450,10,36,0,,26.02986717224121,OUTBOUND,-7.61086893081665,-0.2656933037069161,
1,11.900042533874512,1.0775330066680908,7.964234828948975,7.920915126800537,2.5261809770017862,29.54817426589008,-3.8905529975891113,451,10,37,0,,2.073786735534668,OUTBOUND,-7.6720991134643555,-0.31556711798263565,
1,11.964410781860352,1.0778565406799316,10.389884948730469,10.342097282409668,2.5347820309980307,29.535862425413285,-3.933380603790283,452,10,38,0,,7.511678695678711,OUTBOUND,-7.6927170753479,-0.36828468417209115,
1,11.935760498046875,1.0781800746917725,5.081320285797119,5.115945816040039,2.5449693179980386,29.52356460357219,-3.905357599258423,453,10,39,0,,1.010816216468811,OUTBOUND,-7.697168350219727,-0.39447193636282246,
1,12.003113746643066,1.0785019397735596,10.565702438354492,10.517191886901855,2.557391940004891,29.51127582911107,-3.863558769226074,454,10,40,0,,4.557234287261963,OUTBOUND,-7.8088274002075195,-0.41588806294295827,
1,11.991755485534668,1.078823208808899,18.983442306518555,18.98563003540039,2.571814742987044,29.498982238894058,-3.882007360458374,455,10,41,0,,22.45079231262207,OUTBOUND,-7.756645679473877,-0.46928203897429216,
1,12.084254264831543,1.0791438817977905,15.631086349487305,15.458772659301758,2.5887964649882633,29.48666196231605,-3.8860843181610107,456,10,42,0,,14.361654281616211,FAILURE,-7.8345417976379395,-20.5234070781595,
1,12.206514358520508,1.0794668197631836,8.387351989746094,8.378549575805664,2.600927513005445,29.987981864650553,-3.966315984725952,457,11,1,0,,9.921462059020996,OUTBOUND,-7.884434223175049,-0.012466062403302284,
1,12.214515686035156,1.0797903537750244,0.36054036021232605,0.39494943618774414,2.615165139985038,29.975909822999053,-3.9222517013549805,458,11,2,0,,27.00584602355957,OUTBOUND,-7.96983003616333,-0.02995403337616675,
1,12.258781433105469,1.0801141262054443,17.92111587524414,17.799976348876953,2.62474759700126,29.963803281177867,-3.910938262939453,459,11,3,0,,19.03670310974121,OUTBOUND,-8.004267692565918,-0.0640280947208097,
1,12.2521390914917,1.0804387331008911,0.6461718082427979,0.6644691824913025,2.6318212199839763,29.951630710956923,-3.9371485710144043,460,11,4,0,,31.87381935119629,OUTBOUND,-8.002827644348145,-0.049959808134972084,
1,12.180296897888184,1.0807627439498901,0.4907214641571045,0.4986329674720764,2.639094896003371,29.939564643411163,-3.891211986541748,461,11,5,0,,29.070777893066406,OUTBOUND,-7.999969482421875,-0.03650572342388617,
1,12.11994743347168,1.0810868740081787,7.734537601470947,7.671321392059326,2.6463760109909344,29.927499834303198,-3.9094996452331543,462,11,6,0,,5.240566730499268,OUTBOUND,-7.918248653411865,-0.04146753669182918,
1,12.129117012023926,1.0814112424850464,0.29134029150009155,0.28545886278152466,2.656259309995221,29.915427481782345,-3.916672468185425,463,11,7,0,,22.490100860595703,OUTBOUND,-7.941289901733398,0.0030258629968063187,
1,12.066916465759277,1.0817346572875977,18.029687881469727,18.001312255859375,2.664382563001709,29.90336994347281,-3.876358985900879,464,11,8,0,,26.32680320739746,OUTBOUND,-7.88761568069458,0.029900067395989677,
1,12.112480163574219,1.082058310508728,2.605928659439087,2.6334080696105957,2.675503749982454,29.891297157429264,-3.9174458980560303,465,11,9,0,,9.522496223449707,OUTBOUND,-7.897450923919678,0.012119105006772504,
1,12.076629638671875,1.0823824405670166,2.4135448932647705,2.445207118988037,2.6869566759851296,29.879216335345532,-3.9141600131988525,466,11,10,0,,5.8576860427856445,OUTBOUND,-7.863385200500488,-0.03495103285667182,
1,11.982085227966309,1.0827054977416992,8.71116828918457,8.764223098754883,2.6989915120066144,29.867113825530655,-3.881361484527588,467,11,11,0,,4.4069437980651855,OUTBOUND,-7.814455509185791,-0.06758786843734992,
1,12.01092529296875,1.0830291509628296,2.4093761444091797,2.440035104751587,2.7103285219927784,29.855040764098526,-3.91487979888916,468,11,12,0,,2.7611310482025146,OUTBOUND,-7.79827880859375,-0.08491951876668723,
1,12.0851469039917,1.083353877067566,7.760267734527588,7.723815441131592,2.7226943259884138,29.842909257682006,-3.939235210418701,469,11,13,0,,9.189933776855469,OUTBOUND,-7.8246636390686035,-0.12344445942425535,
1,11.967354774475098,1.0836777687072754,16.437068939208984,16.398113250732422,2.7307019739819225,29.83080411232457,-3.8809568881988525,470,11,14,0,,27.64838981628418,OUTBOUND,-7.75116491317749,-0.12002300874652597,
1,12.048295974731445,1.0840009450912476,18.116771697998047,18.119462966918945,2.738112232007552,29.81871758829208,-3.8860411643981934,471,11,15,0,,37.358001708984375,OUTBOUND,-7.791608810424805,-0.10976776195202302,
1,12.100683212280273,1.0843234062194824,10.09199047088623,10.096602439880371,2.7459594210085925,29.80658510244787,-3.8799960613250732,472,11,16,0,,17.44765281677246,OUTBOUND,-7.844979286193848,-0.12108131951043334,
1,12.113604545593262,1.084644079208374,7.7730207443237305,7.708713054656982,2.757895999995526,29.794431069888336,-3.84848952293396,473,11,17,0,,5.223442554473877,OUTBOUND,-7.896709442138672,-0.08825526243322704,
1,12.243108749389648,1.0849648714065552,15.133397102355957,15.016521453857422,2.768545531987911,29.782329149975755,-3.8959245681762695,474,11,18,0,,21.610797882080078,OUTBOUND,-7.952976226806641,-0.07814558313032852,
1,12.291526794433594,1.0852867364883423,0.13874965906143188,0.15754537284374237,2.7756225589837413,29.770183066604574,-3.9279274940490723,475,11,19,0,,13.38393497467041,OUTBOUND,-7.9801506996154785,-0.13230477139279156,
1,12.27528190612793,1.0856082439422607,0.18930049240589142,0.2071649581193924,2.7841749379877,29.75800848986548,-3.884653091430664,476,11,20,0,,15.807395935058594,OUTBOUND,-8.030045509338379,-0.15176036484385275,
1,12.370951652526855,1.0859310626983643,0.19500352442264557,0.22646772861480713,2.7928572399832774,29.745865696398294,-3.9339447021484375,477,11,21,0,,17.277591705322266,OUTBOUND,-8.085348129272461,-0.14549926951740857,
1,12.301445007324219,1.0862537622451782,8.565629959106445,8.601324081420898,2.801999839983182,29.73373129013596,-3.893653154373169,478,11,22,0,,1.966389536857605,OUTBOUND,-8.068474769592285,-0.13266003968080622,
1,12.312416076660156,1.0865764617919922,5.051779270172119,5.1395087242126465,2.8099460779922083,29.721597332045057,-3.9026570320129395,479,11,23,0,,7.4815874099731445,OUTBOUND,-8.062154769897461,-0.11450046302588548,
1,12.350301742553711,1.0868992805480957,7.627957344055176,7.5828680992126465,2.8179870930034667,29.70949145158985,-3.8976142406463623,480,11,24,0,,1.0851904153823853,OUTBOUND,-8.10044002532959,-0.11150661538026252,
1,12.337088584899902,1.0872195959091187,18.200199127197266,18.178363800048828,2.828690453985473,29.69735820433127,-3.8282313346862793,481,11,25,0,,28.5587215423584,OUTBOUND,-8.140594482421875,-0.11960004463251858,
1,12.499235153198242,1.087540626525879,11.847511291503906,11.7991304397583,2.8365819549944717,29.685190279421498,-3.912252426147461,482,11,26,0,,20.749366760253906,OUTBOUND,-8.197278022766113,-0.1505561517392951,
1,12.474656105041504,1.0878609418869019,2.7677102088928223,2.838585376739502,2.8446276189933997,29.673005727457454,-3.868842601776123,483,11,27,0,,7.852320671081543,OUTBOUND,-8.226478576660156,-0.15866783473626897,
1,12.544662475585938,1.0881824493408203,10.003299713134766,9.991344451904297,2.8530345970066264,29.66077183426176,-3.923419713973999,484,11,28,0,,8.929580688476562,OUTBOUND,-8.232885360717773,-0.19130140518390887,
1,12.60310173034668,1.0885038375854492,10.095690727233887,10.068791389465332,2.8625458809838165,29.648503151455596,-3.8921313285827637,485,11,29,0,,7.212788105010986,OUTBOUND,-8.31899642944336,-0.2519890843599396,
1,12.69915771484375,1.0888265371322632,9.981985092163086,9.979248046875,2.874182005005423,29.63623966344613,-3.9301917552948,486,11,30,0,,6.313859462738037,OUTBOUND,-8.37297248840332,-0.25452061320921526,
1,12.672496795654297,1.0891501903533936,12.395448684692383,12.391716957092285,2.8843904660025146,29.62401009906802,-3.921339988708496,487,11,31,0,,11.122258186340332,OUTBOUND,-8.356914520263672,-0.2553661284957257,
1,12.729467391967773,1.0894736051559448,4.986881256103516,5.054087162017822,2.8954751160054,29.61176402685755,-3.8924763202667236,488,11,32,0,,7.99036979675293,OUTBOUND,-8.445361137390137,-0.24419616886283876,
1,12.72885799407959,1.089795708656311,17.500802993774414,17.461116790771484,2.9088925420073792,29.599534423410994,-3.8586549758911133,489,11,33,0,,19.93511390686035,OUTBOUND,-8.475113868713379,-0.2577097021819703,
1,12.793299674987793,1.0901172161102295,14.612638473510742,14.516955375671387,2.9210164189862553,29.587274587283314,-3.878629446029663,490,11,34,0,,9.279994010925293,OUTBOUND,-8.51620101928711,-0.277264222437536,
1,12.898841857910156,1.0904409885406494,0.4416174590587616,0.4676625430583954,2.932023419009056,29.57502998970551,-3.9514148235321045,491,11,35,0,,31.565248489379883,OUTBOUND,-8.576566696166992,-0.23065760197201127,
1,12.86176586151123,1.0907648801803589,4.810168266296387,4.906338214874268,2.9404937909857836,29.562789121696593,-3.9052557945251465,492,11,36,0,,9.476451873779297,OUTBOUND,-8.597309112548828,-0.24614915409719085,
1,12.926584243774414,1.0910894870758057,11.76043701171875,11.695755958557129,2.9489732009824365,29.55053560106209,-3.9165163040161133,493,11,37,0,,6.733059406280518,OUTBOUND,-8.637187957763672,-0.3079447299263039,
1,12.997461318969727,1.0914162397384644,7.283895015716553,7.2331414222717285,2.958339167991653,29.538236139079157,-3.9605751037597656,494,11,38,0,,9.250112533569336,OUTBOUND,-8.669947624206543,-0.3623965658901811,
1,12.960406303405762,1.0917452573776245,16.613222122192383,16.495586395263672,2.96916511998279,29.525894750591263,-3.9718687534332275,495,11,39,0,,19.832477569580078,OUTBOUND,-8.60465145111084,-0.3893413562072264,
1,12.975829124450684,1.092073917388916,2.513758659362793,2.516876220703125,2.9807320130057633,29.513600065243438,-3.899888515472412,496,11,40,0,,21.443605422973633,FAILURE,-8.719073295593262,-30.38027885492722,
1,12.91011905670166,1.0924015045166016,9.279587745666504,9.263988494873047,2.9922487050062045,29.987949402510676,-3.8799328804016113,497,12,1,0,,3.951476812362671,OUTBOUND,-8.669737815856934,-0.03870434778539212,
1,12.968488693237305,1.0927287340164185,7.838160991668701,7.801747798919678,3.0025798729911912,29.97583375195419,-3.897515058517456,498,12,2,0,,11.81209659576416,OUTBOUND,-8.723917007446289,-0.05226577935344876,
1,12.909358024597168,1.0930547714233398,16.570974349975586,16.449546813964844,3.009961954987375,29.96374362119389,-3.8732643127441406,499,12,3,0,,24.765295028686523,OUTBOUND,-8.673245429992676,-0.05175657525332215,
1,12.99258804321289,1.0933799743652344,7.5152177810668945,7.415807723999023,3.0224400270089973,29.951611641115385,-3.872763156890869,500,12,4,0,,9.833535194396973,OUTBOUND,-8.762478828430176,-0.04610657286152578,
1,12.977906227111816,1.0937060117721558,7.301017761230469,7.252647876739502,3.033585453988053,29.93951007437767,-3.9261419773101807,501,12,5,0,,4.672184467315674,OUTBOUND,-8.684732437133789,-0.01882538603839483,
1,12.991910934448242,1.094033122062683,15.104487419128418,15.068512916564941,3.044786098995246,29.927453781372837,-3.931628704071045,502,12,6,0,,10.705890655517578,OUTBOUND,-8.680781364440918,-0.02182909903499571,
1,12.907486915588379,1.0943593978881836,0.2786765396595001,0.25618287920951843,3.0531269290077034,29.915388222353116,-3.881509304046631,503,12,7,0,,22.812057495117188,OUTBOUND,-8.670065879821777,-0.057226426727325315,
1,12.978922843933105,1.0946868658065796,8.228582382202148,8.249722480773926,3.0619010079826694,29.90328962837816,-3.93377947807312,504,12,8,0,,6.074741840362549,OUTBOUND,-8.694757461547852,-0.05582302864714462,
1,12.906333923339844,1.0950146913528442,0.20683933794498444,0.2036047726869583,3.0715938709909096,29.89123769801442,-3.915154457092285,505,12,9,0,,18.426401138305664,OUTBOUND,-8.657342910766602,-0.01973449868414907,
1,12.84447193145752,1.0953420400619507,7.231294631958008,7.188879489898682,3.0826077189994976,29.879178084894363,-3.889744758605957,506,12,10,0,,5.067119598388672,OUTBOUND,-8.613777160644531,0.004281408400004857,
1,12.832662582397461,1.0956693887710571,7.4412336349487305,7.334982872009277,3.094162483990658,29.86712605181122,-3.905078887939453,507,12,11,0,,1.4208401441574097,OUTBOUND,-8.585424423217773,-0.0029851150215349826,
1,12.83761978149414,1.095996379852295,15.242504119873047,15.231792449951172,3.106368142995052,29.85507351156492,-3.894409656524658,508,12,12,0,,23.46287727355957,OUTBOUND,-8.576775550842285,-0.04582962519854038,
1,12.938776016235352,1.0963244438171387,13.828274726867676,13.889328002929688,3.1169275289867073,29.842982979301997,-3.930363416671753,509,12,13,0,,32.26935577392578,OUTBOUND,-8.603682518005371,-0.09361375005521481,
1,13.002655982971191,1.096655011177063,18.537370681762695,18.613161087036133,3.1245538129878696,29.830854489590937,-3.976017713546753,510,12,14,0,,25.75360107421875,OUTBOUND,-8.60287857055664,-0.09467424229525909,
1,12.982118606567383,1.0969866514205933,8.091207504272461,8.115457534790039,3.1362771290005185,29.81877588266794,-3.9443674087524414,511,12,15,0,,6.7188591957092285,OUTBOUND,-8.605823516845703,-0.0826543269271808,
1,12.980246543884277,1.0973173379898071,0.18635861575603485,0.2014901041984558,3.1477545890084,29.80668319539846,-3.8871822357177734,512,12,16,0,,13.978227615356445,OUTBOUND,-8.675490379333496,-0.09462133348807905,
1,13.164236068725586,1.0976499319076538,2.2168779373168945,2.2465288639068604,3.1586254159919918,29.79457148771978,-3.966658592224121,513,12,17,0,,9.996697425842285,OUTBOUND,-8.799501419067383,-0.07816031056807732,
1,13.123537063598633,1.0979821681976318,16.066205978393555,15.910215377807617,3.1705371039861348,29.782475210606744,-3.9083237648010254,514,12,18,0,,30.148792266845703,OUTBOUND,-8.78465461730957,-0.030469608044327478,
1,13.159899711608887,1.0983140468597412,10.947677612304688,10.917319297790527,3.1818867019901518,29.770417666448076,-3.900989055633545,515,12,19,0,,23.092771530151367,OUTBOUND,-8.81454849243164,-0.017799344791768996,
1,13.262690544128418,1.0986456871032715,7.105191230773926,7.079154968261719,3.192957799998112,29.758337487510236,-3.9111554622650146,516,12,20,0,,4.899341583251953,OUTBOUND,-8.912800788879395,-0.04616448971781598,
1,13.272428512573242,1.0989770889282227,0.2983502149581909,0.3439742922782898,3.2050637349893805,29.746218714368986,-3.9064533710479736,517,12,21,0,,26.6353702545166,OUTBOUND,-8.967573165893555,-0.03522060129480556,
1,13.285980224609375,1.0993090867996216,2.2347517013549805,2.2907941341400146,3.216566351999063,29.734061146629962,-3.927281379699707,518,12,22,0,,13.022847175598145,OUTBOUND,-8.965021133422852,0.003196332254632004,
1,13.240459442138672,1.0996413230895996,7.7589802742004395,7.764209270477295,3.2276796149963047,29.721940559037012,-3.921802043914795,519,12,23,0,,3.5585272312164307,OUTBOUND,-8.92851448059082,0.03861023905419731,
1,13.313546180725098,1.0999755859375,2.1734092235565186,2.215331554412842,3.239839755988214,29.709853146716267,-3.974508285522461,520,12,24,0,,14.081371307373047,OUTBOUND,-8.964059829711914,0.0484897482906175,
1,13.261871337890625,1.100310206413269,7.782726764678955,7.784531116485596,3.25082821000251,29.69774642937137,-3.925774335861206,521,12,25,0,,3.1286003589630127,OUTBOUND,-8.95512866973877,0.05892870457364276,
1,13.22709846496582,1.1006451845169067,0.17796286940574646,0.1810387670993805,3.2613881480065174,29.685640391117726,-3.9342422485351562,522,12,26,0,,18.720909118652344,OUTBOUND,-8.92385196685791,0.04658969563700477,
1,13.16661548614502,1.1009798049926758,9.721148490905762,9.752025604248047,3.2724248500016984,29.673585809943035,-3.911530017852783,523,12,27,0,,14.154410362243652,OUTBOUND,-8.867412567138672,0.025079939115820855,
1,13.129522323608398,1.1013140678405762,0.2052907943725586,0.20153452455997467,3.283238670992432,29.66152952102203,-3.909247398376465,524,12,28,0,,12.861815452575684,OUTBOUND,-8.847648620605469,0.04185683820104177,
1,13.134148597717285,1.1016473770141602,0.13522277772426605,0.12848328053951263,3.293930462998105,29.64942173180639,-3.891111373901367,525,12,29,0,,11.654284477233887,OUTBOUND,-8.875268936157227,0.06580814788553588,
1,13.18747615814209,1.1019805669784546,2.070331573486328,2.1068544387817383,3.3048532370012254,29.637325914796108,-3.915886878967285,526,12,30,0,,1.883252501487732,OUTBOUND,-8.904653549194336,0.07205362658243954,
1,13.154045104980469,1.1023154258728027,13.948204040527344,13.831070899963379,3.3149922940065153,29.625271239727663,-3.9586880207061768,527,12,31,0,,31.118186950683594,OUTBOUND,-8.797567367553711,0.06734857234117415,
1,13.08893871307373,1.1026486158370972,9.073721885681152,8.999518394470215,3.324519004992908,29.61316387739941,-3.8753581047058105,528,12,32,0,,21.23387908935547,OUTBOUND,-8.800570487976074,0.06057091184225936,
1,13.089903831481934,1.1029804944992065,0.21475142240524292,0.20676782727241516,3.334591883001849,29.601058436163253,-3.875237226486206,529,12,33,0,,8.942455291748047,OUTBOUND,-8.818455696105957,0.018345570935534457,
1,13.144002914428711,1.1033124923706055,0.0755004733800888,0.07429426163434982,3.3450665529817343,29.58898401389035,-3.9157230854034424,530,12,34,0,,4.136371612548828,OUTBOUND,-8.821137428283691,-0.044990105482145444,
1,13.19438362121582,1.1036438941955566,0.07427018880844116,0.0751209482550621,3.352528485003859,29.576886175425358,-3.8952858448028564,531,12,35,0,,6.876790523529053,OUTBOUND,-8.900639533996582,-0.05382727798750801,
1,13.262689590454102,1.1039762496948242,6.9018049240112305,6.876235485076904,3.3635787309904117,29.56477308848037,-3.9329888820648193,532,12,36,0,,14.925803184509277,OUTBOUND,-8.910306930541992,-0.01754733850095448,
1,13.255228042602539,1.1043086051940918,16.467426300048828,16.468360900878906,3.3753776930097956,29.552628527094843,-3.9107470512390137,533,12,37,0,,38.23359298706055,OUTBOUND,-8.895597457885742,0.018202424299683825,
1,13.320270538330078,1.1046401262283325,14.02505874633789,13.94878101348877,3.3862391189904884,29.54045910305428,-3.890404462814331,534,12,38,0,,29.557710647583008,OUTBOUND,-8.960490226745605,0.04296558583551069,
1,13.347865104675293,1.104970097541809,17.54822540283203,17.586149215698242,3.393492547009373,29.528331138662534,-3.8632049560546875,535,12,39,0,,36.999412536621094,OUTBOUND,-8.97758960723877,0.06185513166150141,
1,13.487245559692383,1.1053005456924438,0.09511253237724304,0.10317771881818771,3.401594461000059,29.516154213261828,-3.9150280952453613,536,12,40,0,,9.633248329162598,OUTBOUND,-9.070149421691895,0.0889756038923947,
1,13.576679229736328,1.1056307554244995,9.45760440826416,9.459576606750488,3.4097989939909894,29.50395167955685,-3.8974461555480957,537,12,41,0,,8.921113014221191,OUTBOUND,-9.184215545654297,0.07186551148598737,
1,13.62094497680664,1.1059603691101074,6.709455490112305,6.66760778427124,3.418275130010443,29.49176682342064,-3.8889355659484863,538,12,42,0,,1.462993860244751,OUTBOUND,-9.253645896911621,0.03517433032088269,
1,13.773358345031738,1.1062911748886108,21.186111450195312,21.067005157470703,3.4258320569933858,29.479621280765794,-3.9357433319091797,539,12,43,0,,33.4525146484375,OUTBOUND,-9.311171531677246,0.017880238894770594,
1,13.859824180603027,1.1066210269927979,1.9877036809921265,2.0537936687469482,3.433673822990386,29.46746724863617,-3.877223014831543,540,12,44,0,,18.16620445251465,OUTBOUND,-9.506062507629395,0.027313916696064467,
1,13.810322761535645,1.1069486141204834,6.729229927062988,6.711681842803955,3.441837008984294,29.455280676002943,-3.8356518745422363,541,12,45,0,,11.882803916931152,OUTBOUND,-9.520450592041016,0.041426040365098074,
1,13.908464431762695,1.107277512550354,2.1597585678100586,2.215179204940796,3.4501588229904883,29.443061836677423,-3.9315264225006104,542,12,46,0,,20.52161979675293,OUTBOUND,-9.521343231201172,0.053579703342561555,
1,13.966246604919434,1.107607364654541,0.722145140171051,0.7797691822052002,3.457306787982816,29.43082479782658,-3.9266908168792725,543,12,47,0,,37.61270523071289,OUTBOUND,-9.633228302001953,0.0772883937452434,
1,13.794132232666016,1.1079370975494385,2.5862088203430176,2.654114246368408,3.465103538997937,29.418575586177678,-3.8977127075195312,544,12,48,0,,24.940372467041016,OUTBOUND,-9.52804946899414,0.07552178791789803,
1,13.744340896606445,1.1082658767700195,0.3068801760673523,0.3199113607406616,3.473365306999767,29.406314366217025,-3.8736002445220947,545,12,49,0,,25.610872268676758,OUTBOUND,-9.511565208435059,0.05478671080166886,
1,13.749032020568848,1.1085952520370483,0.24344709515571594,0.24421854317188263,3.483982700010529,29.3940741744896,-3.9112937450408936,546,12,50,0,,21.26681900024414,OUTBOUND,-9.482973098754883,0.04748161619810937,
1,13.83284854888916,1.10892653465271,21.309505462646484,21.268339157104492,3.491793177992804,29.381843472987747,-3.954374313354492,547,12,51,0,,47.643184661865234,OUTBOUND,-9.472500801086426,0.024996663060377698,
1,13.729235649108887,1.1092579364776611,9.134614944458008,9.148844718933105,3.4993427289882675,29.369658807518878,-3.9074645042419434,548,12,52,0,,12.181918144226074,OUTBOUND,-9.401812553405762,-0.031628546438848215,
1,13.73484992980957,1.1095898151397705,6.750243663787842,6.659329891204834,3.5089809680066537,29.357514639908224,-3.9157285690307617,549,12,53,0,,4.201545715332031,OUTBOUND,-9.394707679748535,-0.04720150654716551,
1,13.75185775756836,1.1099222898483276,7.095411777496338,7.068750381469727,3.5206997100031003,29.345369361794592,-3.9217803478240967,550,12,54,0,,3.325472831726074,OUTBOUND,-9.398025512695312,-0.019554354563295597,
1,13.72859001159668,1.1102544069290161,0.20714758336544037,0.1874615103006363,3.53254427498905,29.333175780538532,-3.8954150676727295,551,12,55,0,,15.663030624389648,OUTBOUND,-9.412605285644531,0.026397572129839068,
1,13.721952438354492,1.1105868816375732,0.14638204872608185,0.13155756890773773,3.541023491008673,29.32099037419685,-3.914923667907715,552,12,56,0,,11.907743453979492,OUTBOUND,-9.398656845092773,0.03729713199357719,
1,13.72359848022461,1.1109200716018677,8.728215217590332,8.759572982788086,3.551919460995123,29.30877068203526,-3.9259376525878906,553,12,57,0,,20.355487823486328,OUTBOUND,-9.374524116516113,-0.028530668380570876,
1,13.781573295593262,1.111254334449768,10.273454666137695,10.248003959655762,3.5632895059825387,29.29656892717036,-3.9378747940063477,554,12,58,0,,28.456432342529297,OUTBOUND,-9.397333145141602,-0.047614675648719094,
1,13.79802417755127,1.1115883588790894,13.06837272644043,13.032234191894531,3.574776566005312,29.28433079289061,-3.9037437438964844,555,12,59,0,,27.426782608032227,OUTBOUND,-9.421334266662598,0.01575013992761282,
1,13.843658447265625,1.1119225025177002,1.8907499313354492,1.9053595066070557,3.586403238994535,29.272136187488048,-3.9115495681762695,556,12,60,0,,1.3252942562103271,OUTBOUND,-9.457318305969238,0.04270436819783027,
1,13.863365173339844,1.112256407737732,15.62567138671875,15.6044921875,3.5965397910040338,29.259900928393428,-3.9037437438964844,557,12,61,0,,33.86222457885742,OUTBOUND,-9.45496940612793,-0.006277251176823451,
1,13.851751327514648,1.112586259841919,16.737123489379883,16.710655212402344,3.608210789010627,29.247673702854026,-3.7918906211853027,558,12,62,0,,42.01304244995117,OUTBOUND,-9.523885726928711,-0.036665975885394914,
1,14.096393585205078,1.112916111946106,0.1458665430545807,0.166693314909935,3.6204805629968178,29.235526402240204,-3.8989908695220947,559,12,63,0,,16.385549545288086,OUTBOUND,-9.663713455200195,-0.035201803432061064,
1,14.14161491394043,1.1132457256317139,0.20748142898082733,0.24406909942626953,3.629357138997875,29.223380650046714,-3.888428211212158,560,12,64,0,,22.41729164123535,OUTBOUND,-9.760144233703613,-0.028412531451656415,
1,14.166964530944824,1.113574743270874,15.392410278320312,15.347326278686523,3.639928318996681,29.211250126253017,-3.876415491104126,561,12,65,0,,20.182315826416016,OUTBOUND,-9.791280746459961,-0.0364383739500309,
1,14.247757911682129,1.1139047145843506,0.24869103729724884,0.2964945137500763,3.6524641840078402,29.19909313380673,-3.923685312271118,562,12,66,0,,24.31610679626465,OUTBOUND,-9.848057746887207,-0.07203837864073977,
1,14.293102264404297,1.1142361164093018,0.29093480110168457,0.35432660579681396,3.6638135309913196,29.186908542691576,-3.9334328174591064,563,12,67,0,,30.183067321777344,OUTBOUND,-9.923041343688965,-0.103426548296944,
1,14.280248641967773,1.1145691871643066,0.33457016944885254,0.3793606460094452,3.6746358280070126,29.174676490398703,-3.94480562210083,564,12,68,0,,29.76371955871582,OUTBOUND,-9.9154691696167,-0.10924657627087865,
1,14.160176277160645,1.1149017810821533,0.3021259903907776,0.33535704016685486,3.6865748740092386,29.1624187978364,-3.8922109603881836,565,12,69,0,,27.59783363342285,OUTBOUND,-9.883681297302246,-0.13948728535644553,
1,14.07413101196289,1.1152344942092896,0.18489250540733337,0.20051178336143494,3.6973514429992065,29.15018451889032,-3.9027745723724365,566,12,70,0,,19.869009017944336,OUTBOUND,-9.794013977050781,-0.1861339158033464,
1,14.023452758789062,1.1155673265457153,6.35387659072876,6.321849822998047,3.7085025569831487,29.137916855093035,-3.9072937965393066,567,12,71,0,,5.272302627563477,OUTBOUND,-9.731914520263672,-0.22503597593047242,
1,14.01982307434082,1.1159000396728516,6.440316677093506,6.413036823272705,3.7197187170095276,29.125638116444595,-3.8984158039093018,568,12,72,0,,8.955138206481934,OUTBOUND,-9.711919784545898,-0.233979713848798,
1,14.012955665588379,1.1162335872650146,8.653045654296875,8.623845100402832,3.7275648829818238,29.11345900400326,-3.92594575881958,569,12,73,0,,19.745437622070312,FAILURE,-9.661490440368652,-30.20367985444463,
1,14.041692733764648,1.116568684577942,1.8420923948287964,1.877978801727295,3.7356249899894465,29.987971573152205,-3.945589065551758,570,13,1,0,,4.043498992919922,OUTBOUND,-9.655895233154297,-0.003675812776967764,
1,13.903467178344727,1.1169023513793945,6.38112211227417,6.382262706756592,3.742918659001589,29.97592095962473,-3.8661177158355713,571,13,2,0,,16.88975715637207,OUTBOUND,-9.585336685180664,0.009442225949838538,
1,14.038030624389648,1.1172349452972412,19.974258422851562,19.961177825927734,3.752031468000496,29.963836526365395,-3.8744568824768066,572,13,3,0,,49.25078582763672,OUTBOUND,-9.663609504699707,0.03579449356075188,
1,14.04891586303711,1.1175668239593506,0.0632949247956276,0.06242736428976059,3.763301227008924,29.951694447944337,-3.8815693855285645,573,13,4,0,,5.304849147796631,OUTBOUND,-9.662944793701172,0.02030969129228272,
1,14.068535804748535,1.117897868156433,6.29315185546875,6.274503231048584,3.772988696990069,29.939600235722665,-3.871490955352783,574,13,5,0,,15.185094833374023,OUTBOUND,-9.684027671813965,-0.032588014612180125,
1,14.309758186340332,1.1182299852371216,25.773792266845703,25.707063674926758,3.7805566960014403,29.92754397104588,-3.928821086883545,575,13,6,0,,64.89420318603516,OUTBOUND,-9.809481620788574,-0.0384256152517567,
1,14.31275749206543,1.1185613870620728,6.272729396820068,6.239657402038574,3.790732277004281,29.915467889538455,-3.8728301525115967,576,13,7,0,,9.206978797912598,OUTBOUND,-9.880575180053711,-0.05562408281646541,
1,14.4999418258667,1.1188933849334717,6.25321102142334,6.245026111602783,3.7986717259918805,29.903368017170553,-3.9146318435668945,577,13,8,0,,1.616045594215393,OUTBOUND,-10.021407127380371,-0.11454731583057276,
1,14.593868255615234,1.1192265748977661,16.78624725341797,16.736431121826172,3.806325694982661,29.891232588655033,-3.9288320541381836,578,13,9,0,,33.72602081298828,OUTBOUND,-10.066275596618652,-0.13245268333825883,
1,14.698326110839844,1.119560718536377,0.2545906603336334,0.29329192638397217,3.81394624299719,29.87913187032045,-3.9274840354919434,579,13,10,0,,28.044816970825195,OUTBOUND,-10.223928451538086,-0.09223056680090165,
1,14.727388381958008,1.119894027709961,7.808851718902588,7.804701805114746,3.8246711009996943,29.867067388166262,-3.8779218196868896,580,13,11,0,,5.802795886993408,OUTBOUND,-10.304475784301758,-0.04541793139638209,
1,14.751991271972656,1.1202267408370972,9.334668159484863,9.345817565917969,3.835004250984639,29.854997828544658,-3.8838143348693848,581,13,12,0,,2.4014294147491455,OUTBOUND,-10.339593887329102,-0.047347369649365104,
1,14.908679008483887,1.1205615997314453,13.421630859375,13.376209259033203,3.84261547200731,29.842911037383534,-3.958357572555542,582,13,13,0,,2.8449573516845703,OUTBOUND,-10.427545547485352,-0.08769583960048084,
1,14.893350601196289,1.1208974123001099,12.027376174926758,12.005626678466797,3.8525196879927535,29.83078152476126,-3.9273016452789307,583,13,14,0,,2.9336318969726562,OUTBOUND,-10.43666934967041,-0.12907693208343365,
1,14.857532501220703,1.1212315559387207,0.4820398688316345,0.5275208353996277,3.8653088150022086,29.81860036201482,-3.860341787338257,584,13,15,0,,40.856422424316406,OUTBOUND,-10.523857116699219,-0.17884008764048567,
1,14.873093605041504,1.1215659379959106,0.6062997579574585,0.6466429233551025,3.87621522200061,29.806385077708207,-3.9063546657562256,585,13,16,0,,43.48219299316406,OUTBOUND,-10.558008193969727,-0.20324698818463213,
1,14.755976676940918,1.121900200843811,0.5566107034683228,0.5693350434303284,3.889183322986355,29.794181371536922,-3.9001822471618652,586,13,17,0,,39.6188850402832,OUTBOUND,-10.466575622558594,-0.20946309176603792,
1,14.711400985717773,1.1222339868545532,6.13100528717041,6.096892356872559,3.8988162699970417,29.78196144446286,-3.8836183547973633,587,13,18,0,,13.83960247039795,OUTBOUND,-10.438328742980957,-0.2396275621292504,
1,14.60462760925293,1.1225669384002686,1.789750099182129,1.7991268634796143,3.906534059002297,29.769732835779525,-3.879631280899048,588,13,19,0,,18.078580856323242,OUTBOUND,-10.34602165222168,-0.2574360482654204,
1,14.60020923614502,1.1229009628295898,6.888735771179199,6.871631145477295,3.9149113520106766,29.757497783077003,-3.9225857257843018,589,13,20,0,,2.68861985206604,OUTBOUND,-10.265913963317871,-0.22959358024676288,
1,14.498788833618164,1.1232355833053589,6.044955730438232,6.047267913818359,3.925018663983792,29.745262054310786,-3.9156973361968994,590,13,21,0,,8.551700592041016,OUTBOUND,-10.166994094848633,-0.190088273906838,
1,14.441343307495117,1.1235706806182861,6.8320417404174805,6.8395562171936035,3.9370049279823434,29.733056700890405,-3.914639472961426,591,13,22,0,,11.811620712280273,OUTBOUND,-10.092926025390625,-0.18660154261957432,
1,14.332586288452148,1.1239029169082642,12.891275405883789,12.92027759552002,3.948313208995387,29.72084636368861,-3.8204996585845947,592,13,23,0,,32.30353546142578,OUTBOUND,-10.052824020385742,-0.22104940255623387,
1,14.389286994934082,1.124234676361084,3.220754384994507,3.2890284061431885,3.9596814120013732,29.708597637424877,-3.882289409637451,593,13,24,0,,15.838913917541504,OUTBOUND,-10.025911331176758,-0.2183473503285929,
1,14.459257125854492,1.1245691776275635,1.9938756227493286,2.050304889678955,3.9715649980062153,29.696366504282768,-3.9656286239624023,594,13,25,0,,9.80060863494873,OUTBOUND,-10.007067680358887,-0.15402330124473812,
1,14.418132781982422,1.1249020099639893,3.6240293979644775,3.7137439250946045,3.9819067970092874,29.68419552115657,-3.852322578430176,595,13,26,0,,19.285417556762695,OUTBOUND,-10.052988052368164,-0.10100056030304475,
1,14.478538513183594,1.125234842300415,1.7297707796096802,1.7491756677627563,3.9905035120027605,29.672028389638957,-3.8917019367218018,596,13,27,0,,7.544233798980713,OUTBOUND,-10.069095611572266,-0.05535442103479759,
1,14.502474784851074,1.1255671977996826,0.05916706845164299,0.06114814803004265,4.001773141004378,29.659810819091664,-3.8834757804870605,597,13,28,0,,3.26023006439209,OUTBOUND,-10.102701187133789,-0.0692261147460941,
1,14.552005767822266,1.1259015798568726,6.807650089263916,6.786837577819824,4.009838311991189,29.64760883399476,-3.943260431289673,598,13,29,0,,16.335538864135742,OUTBOUND,-10.087806701660156,-0.08078965356400647,
1,14.625473022460938,1.1262352466583252,1.9538235664367676,1.989745020866394,4.0183095399988815,29.635422522841584,-3.8804874420166016,599,13,30,0,,8.600957870483398,OUTBOUND,-10.195773124694824,-0.026734017114557945,
1,14.693840980529785,1.1265695095062256,8.443292617797852,8.42207145690918,4.0266306519915815,29.62318638795264,-3.911806106567383,600,13,31,0,,21.79833984375,OUTBOUND,-10.225090980529785,-0.03799881622629629,
1,14.791255950927734,1.1269030570983887,6.875439643859863,6.851585865020752,4.036540465982398,29.610905137668652,-3.87599778175354,601,13,32,0,,11.947400093078613,OUTBOUND,-10.355121612548828,-0.11870702932627507,
1,14.879560470581055,1.127238154411316,5.863396644592285,5.824561595916748,4.049619388999417,29.598677445199183,-3.934255361557007,602,13,33,0,,8.194619178771973,OUTBOUND,-10.374564170837402,-0.18626304634128976,
1,14.91761302947998,1.1275748014450073,0.12866221368312836,0.16000303626060486,4.059206114994595,29.586449664383206,-3.944018840789795,603,13,34,0,,16.029403686523438,OUTBOUND,-10.436293601989746,-0.1937624847022732,
1,14.986828804016113,1.1279115676879883,5.87956428527832,5.872051239013672,4.0681797889992595,29.574224603085927,-3.900627374649048,604,13,35,0,,3.591759204864502,OUTBOUND,-10.540364265441895,-0.1990607829156821,
1,14.973104476928711,1.1282471418380737,5.868256568908691,5.864160060882568,4.076992885995423,29.561978724069743,-3.8740196228027344,605,13,36,0,,3.1066370010375977,OUTBOUND,-10.570466041564941,-0.23947321157260196,
1,15.022194862365723,1.1285836696624756,6.331009387969971,6.297266960144043,4.084423927008174,29.549714163592665,-3.920564651489258,606,13,37,0,,1.6241158246994019,OUTBOUND,-10.563397407531738,-0.25402885750537046,
1,15.105307579040527,1.1289198398590088,18.008251190185547,17.892377853393555,4.092804024985526,29.53747777701094,-3.8932275772094727,607,13,38,0,,33.98921203613281,OUTBOUND,-10.651761054992676,-0.256556981051342,
1,15.19078254699707,1.1292572021484375,0.18858790397644043,0.20655220746994019,4.100911129004089,29.525219168056548,-3.932307004928589,608,13,39,0,,22.407915115356445,OUTBOUND,-10.705309867858887,-0.23908662958427657,
1,15.171191215515137,1.1295961141586304,1.6093276739120483,1.6328046321868896,4.110052140982589,29.513031613040702,-3.9445712566375732,609,13,40,0,,12.326976776123047,OUTBOUND,-10.694437026977539,-0.23324522390445782,
1,15.176778793334961,1.1299347877502441,13.07308292388916,13.076355934143066,4.118895550986053,29.500769779035444,-3.9005067348480225,610,13,41,0,,19.94948959350586,OUTBOUND,-10.740965843200684,-0.24979523751179725,
1,15.1963472366333,1.1302720308303833,1.7267436981201172,1.7536277770996094,4.128194471995812,29.488532150322573,-3.8630199432373047,611,13,42,0,,22.87208366394043,FAILURE,-10.826620101928711,-30.26486330281123,
1,15.192148208618164,1.1306087970733643,1.6932371854782104,1.7088453769683838,4.137020616006339,29.987995398730018,-3.89249587059021,612,14,1,0,,18.16819953918457,OUTBOUND,-10.804741859436035,-0.007984999748077915,
1,15.159538269042969,1.130945086479187,5.901045799255371,5.872917175292969,4.14404656199622,29.975970197604447,-3.8851819038391113,613,14,2,0,,7.549530982971191,OUTBOUND,-10.785981178283691,-0.01711913371819457,
1,15.207182884216309,1.1312795877456665,17.156713485717773,17.135772705078125,4.151068237988511,29.963925697611714,-3.8454458713531494,614,14,3,0,,33.12349319458008,OUTBOUND,-10.836877822875977,-0.01133053341261378,
1,15.284128189086914,1.1316146850585938,5.787905693054199,5.760089874267578,4.160354096005904,29.95189418997514,-3.9140825271606445,615,14,4,0,,1.9094611406326294,OUTBOUND,-10.846046447753906,-0.01704143148117795,
1,15.377415657043457,1.1319514513015747,17.01654052734375,16.99896812438965,4.171258468995802,29.93984839495474,-3.9345970153808594,616,14,5,0,,35.238258361816406,OUTBOUND,-10.879798889160156,-0.016390161529426513,
1,15.439038276672363,1.132289171218872,12.149328231811523,12.156089782714844,4.181839730008505,29.927791600898264,-3.9279978275299072,617,14,6,0,,13.072514533996582,OUTBOUND,-10.925252914428711,0.026462906288546813,
1,15.400501251220703,1.1326262950897217,0.21180355548858643,0.18712550401687622,4.19251027298742,29.91569577675783,-3.882181167602539,618,14,7,0,,23.633668899536133,OUTBOUND,-10.981980323791504,0.03941266147028588,
1,15.361916542053223,1.1329632997512817,0.31114763021469116,0.29132238030433655,4.2027115309902,29.903574630370844,-3.896942377090454,619,14,8,0,,28.623151779174805,OUTBOUND,-10.959312438964844,0.05994146643004633,
1,15.34649658203125,1.1333006620407104,5.6784491539001465,5.674619197845459,4.210263537999708,29.89141505786381,-3.907888889312744,620,14,9,0,,5.353146076202393,OUTBOUND,-10.940811157226562,0.0564635624252504,
1,15.421876907348633,1.1336408853530884,3.2294580936431885,3.275026798248291,4.217600715986919,29.87930708907391,-3.978442668914795,621,14,10,0,,4.6050214767456055,OUTBOUND,-10.931642532348633,0.028941675197366137,
1,15.327131271362305,1.1339807510375977,6.598407745361328,6.579078674316406,4.226929016003851,29.86718876630032,-3.8957085609436035,622,14,11,0,,2.063915252685547,OUTBOUND,-10.927403450012207,0.008677802943687347,
1,15.311586380004883,1.134321689605713,1.5104873180389404,1.524191975593567,4.237621468986617,29.855090690237596,-3.9331579208374023,623,14,12,0,,10.63467788696289,OUTBOUND,-10.875986099243164,-0.014138966740884164,
1,15.31590461730957,1.1346628665924072,11.097611427307129,11.068680763244629,4.245695126010105,29.842957313041797,-3.9185032844543457,624,14,13,0,,21.329971313476562,OUTBOUND,-10.874750137329102,-0.015677454815480864,
1,15.434167861938477,1.1350054740905762,12.423221588134766,12.378056526184082,4.254967279994162,29.830788213456234,-3.9457032680511475,625,14,14,0,,36.27422332763672,OUTBOUND,-10.930177688598633,-0.04594121957706248,
1,15.421826362609863,1.135347604751587,14.890228271484375,14.866500854492188,4.2629032020049635,29.818615229829856,-3.898909091949463,626,14,15,0,,45.544776916503906,OUTBOUND,-10.89565658569336,-0.09610321720077085,
1,15.54229736328125,1.1356892585754395,6.829102993011475,6.815183162689209,4.272217802994419,29.806439279908187,-3.896378993988037,627,14,16,0,,6.652392864227295,OUTBOUND,-11.04323673248291,-0.1312182147580945,
1,15.674612998962402,1.1360316276550293,10.486929893493652,10.489639282226562,4.2799696259899065,29.79423692529489,-3.930492877960205,628,14,17,0,,21.4382266998291,OUTBOUND,-11.103614807128906,-0.1287515921224802,
1,15.704240798950195,1.1363729238510132,5.46687126159668,5.479588031768799,4.288732294982765,29.782054404864535,-3.8796536922454834,629,14,18,0,,7.046108722686768,OUTBOUND,-11.221104621887207,-0.1546051425429475,
1,15.752766609191895,1.1367149353027344,0.3169494569301605,0.3779756426811218,4.307993775990326,29.769822994545482,-3.925257444381714,630,14,19,0,,33.894744873046875,OUTBOUND,-11.25202751159668,-0.1732952771816656,
1,15.72969913482666,1.1370564699172974,1.56924569606781,1.6252673864364624,4.320780829002615,29.757615496829274,-3.899073600769043,631,14,20,0,,23.754167556762695,OUTBOUND,-11.300185203552246,-0.18194027276204527,
1,15.81094741821289,1.1373988389968872,13.04617691040039,13.050715446472168,4.334697373007657,29.745383392611334,-3.9298412799835205,632,14,21,0,,24.699569702148438,OUTBOUND,-11.33299446105957,-0.22119964999454317,
1,15.786060333251953,1.1377415657043457,6.546377182006836,6.544895172119141,4.344294481008546,29.733156286941224,-3.9178624153137207,633,14,22,0,,17.019372940063477,OUTBOUND,-11.330443382263184,-0.22523505124700188,
1,15.787925720214844,1.1380841732025146,5.795604705810547,5.762445449829102,4.3568842689855956,29.720922168048,-3.9066426753997803,634,14,23,0,,14.99662971496582,OUTBOUND,-11.351606369018555,-0.2167845087019332,
1,15.757678031921387,1.1384276151657104,8.022412300109863,8.040020942687988,4.364515805005794,29.70869593535308,-3.9354851245880127,635,14,24,0,,4.383827209472656,OUTBOUND,-11.299241065979004,-0.2118660048206333,
1,15.75107192993164,1.1387710571289062,6.414536476135254,6.399977207183838,4.372104292997392,29.696503259739536,-3.9092888832092285,636,14,25,0,,9.518662452697754,OUTBOUND,-11.335328102111816,-0.19437460647766483,
1,15.750057220458984,1.1391139030456543,10.77568531036377,10.692513465881348,4.380564258986851,29.684323893028633,-3.896632194519043,637,14,26,0,,11.361116409301758,OUTBOUND,-11.321025848388672,-0.21428823034479313,
1,15.744986534118652,1.13945734500885,1.3561538457870483,1.3597500324249268,4.3878942180017475,29.672115450556085,-3.9251914024353027,638,14,27,0,,12.101686477661133,OUTBOUND,-11.295791625976562,-0.2648571285346105,
1,15.73731803894043,1.1398011445999146,5.542752742767334,5.474546909332275,4.3954029839951545,29.659877180849723,-3.9186716079711914,639,14,28,0,,2.335852861404419,OUTBOUND,-11.293540954589844,-0.2628277409079021,
1,15.665382385253906,1.1401450634002686,6.882730960845947,6.907720565795898,4.407775700005004,29.647648615057463,-3.9178872108459473,640,14,29,0,,11.404623031616211,OUTBOUND,-11.209938049316406,-0.23543279613541923,
1,15.713506698608398,1.140488862991333,11.269091606140137,11.185660362243652,4.419728648994351,29.635435031370584,-3.907224416732788,641,14,30,0,,20.437551498413086,OUTBOUND,-11.252135276794434,-0.23206312261898307,
1,15.74699878692627,1.140831708908081,7.36968994140625,7.372445583343506,4.429600336996373,29.623204648582888,-3.8834028244018555,642,14,31,0,,10.818014144897461,OUTBOUND,-11.29601001739502,-0.242382595336414,
1,15.78985595703125,1.1411741971969604,6.509527206420898,6.519867897033691,4.437753421982052,29.61097465366414,-3.8975367546081543,643,14,32,0,,10.476531982421875,OUTBOUND,-11.312921524047852,-0.24955675151506168,
1,15.744500160217285,1.1415159702301025,1.7378783226013184,1.7624698877334595,4.449581853987183,29.598685803558425,-3.891157627105713,644,14,33,0,,10.800325393676758,OUTBOUND,-11.287530899047852,-0.26246253340559944,
1,15.835478782653809,1.1418590545654297,1.2951703071594238,1.3046023845672607,4.458486935996916,29.586443038237594,-3.93715238571167,645,14,34,0,,9.75419807434082,OUTBOUND,-11.3394193649292,-0.25323791103997934,
1,15.797412872314453,1.1422022581100464,5.454310894012451,5.388715744018555,4.466886090987828,29.574209671192772,-3.9137516021728516,646,14,35,0,,3.515300750732422,OUTBOUND,-11.312129020690918,-0.20324608490515325,
1,15.919654846191406,1.1425458192825317,6.7480950355529785,6.7027668952941895,4.475738759007072,29.562066391448706,-3.9163548946380615,647,14,36,0,,8.101887702941895,OUTBOUND,-11.427749633789062,-0.1836836595170242,
1,15.883849143981934,1.142890453338623,11.589020729064941,11.596902847290039,4.48726788899512,29.549878137359904,-3.937156915664673,648,14,37,0,,35.37196731567383,OUTBOUND,-11.332826614379883,-0.17582927366288442,
1,15.950484275817871,1.1432348489761353,6.507640838623047,6.506473064422607,4.498066458007088,29.53773607142939,-3.9050557613372803,649,14,38,0,,10.652770042419434,OUTBOUND,-11.4215669631958,-0.16876979994087923,
1,16.011972427368164,1.1435798406600952,5.336045742034912,5.321044445037842,4.5096696469991,29.52556270539184,-3.9282028675079346,650,14,39,0,,2.4898524284362793,OUTBOUND,-11.479164123535156,-0.15337722970867784,
1,16.008983612060547,1.1439235210418701,5.37332010269165,5.360779762268066,4.521314554993296,29.513430205679374,-3.875243902206421,651,14,40,0,,6.796951770782471,OUTBOUND,-11.543742179870605,-0.14838179962339526,
1,16.08157730102539,1.1442666053771973,10.843563079833984,10.784276962280273,4.533064447983634,29.501252915731026,-3.8907408714294434,652,14,41,0,,13.489938735961914,OUTBOUND,-11.587478637695312,-0.1690501269514916,
1,16.081483840942383,1.1446075439453125,5.28977108001709,5.280466079711914,4.542021465982543,29.48908214939439,-3.8468527793884277,653,14,42,0,,5.854474067687988,OUTBOUND,-11.631468772888184,-0.16989786786654634,
1,16.12185287475586,1.1449486017227173,6.1799211502075195,6.168745517730713,4.550168699992355,29.476945633189924,-3.9062163829803467,654,14,43,0,,8.70386028289795,OUTBOUND,-11.62944221496582,-0.15154694286047102,
1,16.24167251586914,1.1452903747558594,11.988641738891602,11.945976257324219,4.557627693982795,29.46479630088484,-3.9163193702697754,655,14,44,0,,17.090652465820312,OUTBOUND,-11.724163055419922,-0.08301547378435463,
1,16.188188552856445,1.1456325054168701,6.044372081756592,6.01710844039917,4.564904184982879,29.452688276481375,-3.9119269847869873,656,14,45,0,,8.035454750061035,OUTBOUND,-11.689835548400879,-0.043715844533123445,
1,16.243087768554688,1.1459752321243286,0.3079676628112793,0.3287715017795563,4.5741979719896335,29.440567775088244,-3.9173829555511475,657,14,46,0,,30.341142654418945,OUTBOUND,-11.775341033935547,-0.04670700893569612,
1,16.194311141967773,1.146317481994629,5.138930797576904,5.159341812133789,4.58553855799255,29.428485081815435,-3.892733335494995,658,14,47,0,,8.528170585632324,OUTBOUND,-11.754658699035645,-0.0406740092266923,
1,16.18421745300293,1.1466599702835083,6.339195251464844,6.3600687980651855,4.59352092500194,29.41638841194102,-3.906975507736206,659,14,48,0,,3.894127368927002,OUTBOUND,-11.712160110473633,-0.05332922308477999,
1,16.160627365112305,1.1470025777816772,5.140525817871094,5.13801383972168,4.601006873999722,29.40424869362481,-3.9068586826324463,660,14,49,0,,4.439198970794678,OUTBOUND,-11.699272155761719,-0.06408962721738243,
1,16.13913345336914,1.1473459005355835,1.3177571296691895,1.3323897123336792,4.6108136260008905,29.392182295183165,-3.917956829071045,661,14,50,0,,9.622977256774902,OUTBOUND,-11.667874336242676,-0.03180490313756668,
1,16.159866333007812,1.1476891040802002,6.087813854217529,6.068835258483887,4.618770156987011,29.38010310972891,-3.905153751373291,662,14,51,0,,2.6713461875915527,OUTBOUND,-11.711870193481445,0.03869328933544699,
1,16.097640991210938,1.14803147315979,0.09990373998880386,0.08809647709131241,4.626122288987972,29.36800332108441,-3.877131223678589,663,14,52,0,,11.231485366821289,OUTBOUND,-11.665640830993652,0.11709965280574966,
1,16.1561336517334,1.148374319076538,5.219205379486084,5.163630962371826,4.633114628988551,29.35584888032467,-3.916022300720215,664,14,53,0,,8.746760368347168,OUTBOUND,-11.676074981689453,0.12295318413597225,
1,15.979280471801758,1.1487168073654175,5.877289772033691,5.861302852630615,4.643246096995426,29.343740215556366,-3.889796018600464,665,14,54,0,,12.597577095031738,OUTBOUND,-11.53051471710205,0.11326955711293611,
1,16.16608428955078,1.1490581035614014,10.087005615234375,10.085819244384766,4.653048406005837,29.331590527827903,-3.8714308738708496,666,14,55,0,,32.43044662475586,OUTBOUND,-11.694705963134766,0.14506397937154675,
1,16.070470809936523,1.1493991613388062,0.20249992609024048,0.19796830415725708,4.6643903350050095,29.31943319085693,-3.8867061138153076,667,14,56,0,,6.290133953094482,OUTBOUND,-11.572676658630371,0.17816920455465282,
1,16.132783889770508,1.14974045753479,11.337081909179688,11.301494598388672,4.676180782000301,29.307240162010856,-3.9059345722198486,668,14,57,0,,42.429012298583984,OUTBOUND,-11.555423736572266,0.212830048546921,
1,16.253215789794922,1.1500824689865112,10.899378776550293,10.79663372039795,4.687816288002068,29.295034427538987,-3.913525342941284,669,14,58,0,,28.981678009033203,OUTBOUND,-11.647787094116211,0.2313759081344373,
1,16.448307037353516,1.1504253149032593,9.79967212677002,9.765707969665527,4.696553538000444,29.282802213269008,-3.920384645462036,670,14,59,0,,28.27690887451172,OUTBOUND,-11.830850601196289,0.20546420568006665,
1,16.42875099182129,1.1507675647735596,0.12933993339538574,0.14939768612384796,4.7034988710074686,29.27061798570041,-3.883199691772461,671,14,60,0,,17.56305503845215,OUTBOUND,-11.85758113861084,0.16165435509034323,
1,16.652076721191406,1.1511118412017822,9.676066398620605,9.658185005187988,4.711635894986102,29.25842799029181,-3.9562387466430664,672,14,61,0,,10.400086402893066,OUTBOUND,-12.010993957519531,0.18286850652980674,
1,16.607254028320312,1.1514558792114258,0.27278295159339905,0.3100339472293854,4.720741698984057,29.246196773840737,-3.894321918487549,673,14,62,0,,30.18041229248047,OUTBOUND,-12.080419540405273,0.2011885605526479,
1,16.68488883972168,1.1517995595932007,5.883256435394287,5.934681415557861,4.7283242080011405,29.233971544556077,-3.8919358253479004,674,14,63,0,,6.414575576782227,OUTBOUND,-12.178194046020508,0.1474671081362335,
1,16.76746368408203,1.1521440744400024,5.899874687194824,5.904168605804443,4.736728427000344,29.221819711661922,-3.924380302429199,675,14,64,0,,6.085329055786133,OUTBOUND,-12.236945152282715,0.08179489994578075,
1,16.656726837158203,1.1524890661239624,0.3216971158981323,0.3407082259654999,4.7486641200084705,29.209716596262634,-3.9147229194641113,676,14,65,0,,31.22351837158203,OUTBOUND,-12.160360336303711,0.04933153346201201,
1,16.6908016204834,1.1528363227844238,0.25594717264175415,0.26847389340400696,4.757849009998608,29.197593779217442,-3.9690401554107666,677,14,66,0,,30.338218688964844,OUTBOUND,-12.194751739501953,0.01860454101418905,
1,16.558443069458008,1.1531834602355957,5.709564685821533,5.716614246368408,4.767178309994051,29.185513130769,-3.903679132461548,678,14,67,0,,8.28396224975586,OUTBOUND,-12.086111068725586,-0.03354754330764886,
1,16.49209976196289,1.1535308361053467,0.19729195535182953,0.18935827910900116,4.7776095519948285,29.173398100366278,-3.9158124923706055,679,14,68,0,,23.414756774902344,OUTBOUND,-12.048733711242676,-0.09210865185200261,
1,16.45553207397461,1.1538769006729126,11.482104301452637,11.481013298034668,4.789350506005576,29.161244095891135,-3.8749470710754395,680,14,69,0,,34.676979064941406,OUTBOUND,-11.996047973632812,-0.12074605290189401,
1,16.448776245117188,1.1542216539382935,0.08007773756980896,0.06982794404029846,4.799217314983252,29.14911861852022,-3.8694424629211426,681,14,70,0,,10.357105255126953,OUTBOUND,-12.009783744812012,-0.10840621949942139,
1,16.467336654663086,1.1545647382736206,4.832228660583496,4.849931240081787,4.806523253995692,29.136986978008476,-3.8589131832122803,682,14,71,0,,9.374689102172852,OUTBOUND,-12.020326614379883,-0.07799734069500756,
1,16.47270965576172,1.1549080610275269,5.102124214172363,5.087421894073486,4.81658186900313,29.124886622159437,-3.9024972915649414,683,14,72,0,,15.326967239379883,OUTBOUND,-11.960999488830566,-0.0134876707401916,
1,16.456722259521484,1.1552516222000122,0.08050812035799026,0.07870223373174667,4.825354100001277,29.11279582808352,-3.9064323902130127,684,14,73,0,,7.951146125793457,OUTBOUND,-11.957298278808594,0.06613880588889919,
1,16.446975708007812,1.1555947065353394,4.751315116882324,4.756738662719727,4.832376250997186,29.100680481857104,-3.881582498550415,685,14,74,0,,14.097308158874512,OUTBOUND,-11.957913398742676,0.09876431798160946,
1,16.56113052368164,1.1559374332427979,16.100772857666016,16.111669540405273,4.839545708993683,29.088582243797344,-3.8902883529663086,686,14,75,0,,63.14155578613281,OUTBOUND,-11.983826637268066,0.07753407910638882,
1,16.620779037475586,1.1562793254852295,0.11438371241092682,0.11286232620477676,4.848108078003861,29.076501527242165,-3.869729518890381,687,14,76,0,,8.816910743713379,OUTBOUND,-12.084068298339844,0.0610701635419702,
1,16.724761962890625,1.156622052192688,5.834362030029297,5.80372428894043,4.857527852989733,29.06440463413031,-3.91597056388855,688,14,77,0,,5.274284362792969,OUTBOUND,-12.135639190673828,0.048616362305703674,
1,16.686603546142578,1.1569634675979614,4.726310729980469,4.724939823150635,4.864269092999166,29.05230066835797,-3.8592185974121094,689,14,78,0,,6.727958679199219,OUTBOUND,-12.153033256530762,0.043143484724547064,
1,16.808902740478516,1.1573058366775513,1.0831841230392456,1.102864146232605,4.871269325987669,29.040190364481717,-3.9140384197235107,690,14,79,0,,6.410082817077637,OUTBOUND,-12.216859817504883,0.046571640199872984,
1,16.80690574645996,1.157647967338562,0.17686332762241364,0.2006058394908905,4.878290113003459,29.028051092289665,-3.8880186080932617,691,14,80,0,,19.188997268676758,OUTBOUND,-12.28460693359375,0.031630555869954405,
1,16.931640625,1.1579903364181519,0.17832180857658386,0.20638462901115417,4.88602887300658,29.01588935702458,-3.8996853828430176,692,14,81,0,,21.000457763671875,OUTBOUND,-12.41731071472168,0.0496715653071755,
1,16.73343276977539,1.1583318710327148,4.572301864624023,4.561172008514404,4.895809310983168,29.003757393670384,-3.8681249618530273,693,14,82,0,,5.393028736114502,OUTBOUND,-12.246877670288086,0.0736550467592096,
1,17.017322540283203,1.1586750745773315,19.092653274536133,19.06403160095215,4.902704171981895,28.991621369883077,-3.931688070297241,694,14,83,0,,72.6072998046875,OUTBOUND,-12.396512985229492,0.04248266393211128,
1,16.931455612182617,1.1590180397033691,4.639999866485596,4.6481099128723145,4.9112257229862735,28.979487565705607,-3.8919641971588135,695,14,84,0,,1.8603984117507935,OUTBOUND,-12.372689247131348,-0.0014060480718808006,
1,17.100345611572266,1.1593613624572754,4.9269514083862305,4.901510715484619,4.921538914000848,28.967342027463456,-3.8984451293945312,696,14,85,0,,7.581146240234375,OUTBOUND,-12.511787414550781,-0.04404610391404399,
1,17.02115249633789,1.1597049236297607,0.22785937786102295,0.2389528751373291,4.929729744006181,28.955217490641893,-3.9021363258361816,697,14,86,0,,25.898555755615234,OUTBOUND,-12.464783668518066,-0.056819421282508234,
1,17.077611923217773,1.1600501537322998,0.26360541582107544,0.2686963379383087,4.936536097986391,28.94309295185383,-3.940174102783203,698,14,87,0,,30.48963165283203,OUTBOUND,-12.52862548828125,-0.04288281672105141,
1,16.971355438232422,1.160395622253418,4.697742938995361,4.660461902618408,4.943759138986934,28.93094776738827,-3.9008467197418213,699,14,88,0,,1.5789034366607666,OUTBOUND,-12.45467472076416,-0.025000421491703142,
1,17.00287437438965,1.160740613937378,1.1286954879760742,1.1333627700805664,4.95220389199676,28.918804774347915,-3.8882265090942383,700,14,89,0,,10.567980766296387,OUTBOUND,-12.494586944580078,-0.0046091710707378665,
1,16.995159149169922,1.161086082458496,5.446207523345947,5.47448205947876,4.961796098999912,28.9066885786191,-3.9095022678375244,701,14,90,0,,5.865788459777832,OUTBOUND,-12.48128890991211,-0.012054833737062808,
1,16.964649200439453,1.1614320278167725,6.447896480560303,6.447681427001953,4.968523376999656,28.89458150564002,-3.9077608585357666,702,14,91,0,,12.120453834533691,OUTBOUND,-12.429662704467773,-0.018789375407922998,
1,17.045040130615234,1.161778211593628,13.855395317077637,13.815969467163086,4.975761634006631,28.882453838075218,-3.907557487487793,703,14,92,0,,46.74821090698242,OUTBOUND,-12.452498435974121,-0.01272745545041909,
1,17.0854549407959,1.1621251106262207,0.14615516364574432,0.1335272490978241,4.98480537100113,28.870388335325302,-3.9182629585266113,704,14,93,0,,16.261390686035156,OUTBOUND,-12.531492233276367,-0.009526570274707267,
1,17.137882232666016,1.1624712944030762,4.570396900177002,4.560386657714844,4.997332372004166,28.85828457571836,-3.883920669555664,705,14,94,0,,1.2046689987182617,OUTBOUND,-12.592549324035645,-0.03443562056795655,
1,17.157167434692383,1.1628187894821167,0.17661724984645844,0.1642860472202301,5.0081521479878575,28.846163196829455,-3.929149866104126,706,14,95,0,,19.59836196899414,OUTBOUND,-12.603595733642578,-0.034151181343737395,
1,17.119569778442383,1.1631680727005005,0.949059247970581,0.9564989805221558,5.01801173799322,28.834042647245873,-3.95278263092041,707,14,96,0,,3.989525318145752,OUTBOUND,-12.535543441772461,0.008754595307643703,
1,17.094573974609375,1.1635186672210693,0.06502456963062286,0.06234076991677284,5.028423815994756,28.821897586096608,-3.939702033996582,708,14,97,0,,8.321098327636719,OUTBOUND,-12.53652286529541,-0.018909855721635453,
1,17.033872604370117,1.1638693809509277,4.412606239318848,4.405636787414551,5.038424947997555,28.8097837197207,-3.914639949798584,709,14,98,0,,14.269463539123535,OUTBOUND,-12.480591773986816,-0.04369387598902608,
1,17.205936431884766,1.1642217636108398,9.959431648254395,9.930791854858398,5.046314468985656,28.797624599574803,-3.9530792236328125,710,14,99,0,,35.870609283447266,OUTBOUND,-12.589888572692871,-0.01668195376987636,
1,17.17774200439453,1.1645748615264893,4.978880882263184,4.936328411102295,5.05632834599237,28.78541420025449,-3.9354732036590576,711,14,100,0,,13.885954856872559,OUTBOUND,-12.540903091430664,-0.036626211195677216,
1,17.26787567138672,1.164928913116455,0.1264960914850235,0.13531503081321716,5.064791668992257,28.77318565756848,-3.9390716552734375,712,14,101,0,,12.95901870727539,OUTBOUND,-12.662591934204102,-0.03419719253154541,
1,17.2252197265625,1.165282130241394,4.422942638397217,4.4303507804870605,5.072293062985409,28.76095920990369,-3.8953909873962402,713,14,102,0,,7.662848949432373,OUTBOUND,-12.637604713439941,-0.004641559683284291,
1,17.348581314086914,1.1656343936920166,4.3235626220703125,4.3153300285339355,5.08263610600261,28.7487127498216,-3.891209125518799,714,14,103,0,,4.770321369171143,OUTBOUND,-12.772334098815918,-0.05123032717071218,
1,17.322467803955078,1.1659878492355347,4.674317836761475,4.647042274475098,5.095336455997312,28.736515618288408,-3.945042371749878,715,14,104,0,,3.349696636199951,OUTBOUND,-12.695047378540039,-0.08457028070406906,
1,17.331098556518555,1.1663414239883423,1.3383244276046753,1.3623508214950562,5.103514084010385,28.724355419158247,-3.918020248413086,716,14,105,0,,9.801887512207031,OUTBOUND,-12.759881019592285,-0.10300308289312905,
1,17.34957504272461,1.1666938066482544,8.645713806152344,8.62322998046875,5.1113655809895135,28.7122231883849,-3.882882833480835,717,14,106,0,,21.021224975585938,OUTBOUND,-12.784852981567383,-0.1370652405812456,
1,17.38474464416504,1.1670464277267456,1.3068368434906006,1.329876184463501,5.12150670599658,28.700047965889826,-3.919675350189209,718,14,107,0,,7.896848201751709,OUTBOUND,-12.785794258117676,-0.12482536226917298,
1,17.448171615600586,1.1673986911773682,4.221356391906738,4.252002716064453,5.1335568180074915,28.687884766873896,-3.9043502807617188,719,14,108,0,,2.780749559402466,OUTBOUND,-12.853425025939941,-0.09598142092548673,
1,17.395593643188477,1.167749047279358,0.16543592512607574,0.16424204409122467,5.144856623985106,28.675775347158364,-3.8586840629577637,720,14,109,0,,16.599905014038086,OUTBOUND,-12.87386417388916,-0.10554910030887053,
1,17.367116928100586,1.1680995225906372,0.16489192843437195,0.16999611258506775,5.156654939986765,28.66366108466536,-3.9101476669311523,721,14,110,0,,17.329980850219727,OUTBOUND,-12.818890571594238,-0.10015899438443578,
1,17.405126571655273,1.1684494018554688,1.0614879131317139,1.0762379169464111,5.168545427994104,28.651575199003485,-3.888641834259033,722,14,111,0,,13.127476692199707,OUTBOUND,-12.885282516479492,-0.05210832124505183,
1,17.361515045166016,1.1687995195388794,0.15079744160175323,0.15105192363262177,5.179675560008036,28.639524998503195,-3.913031578063965,723,14,112,0,,15.409319877624512,OUTBOUND,-12.836212158203125,-0.0372275238084748,
1,17.375715255737305,1.1691510677337646,4.911680221557617,4.879035472869873,5.191832763986895,28.627406748744818,-3.941549062728882,724,14,113,0,,4.593116283416748,OUTBOUND,-12.807768821716309,-0.045452847770432375,
1,17.30374526977539,1.1695027351379395,1.147434115409851,1.1591943502426147,5.203434955008561,28.615222589109198,-3.9109644889831543,725,14,114,0,,1.9017205238342285,OUTBOUND,-12.754081726074219,-0.01233753893841683,
1,17.32141876220703,1.1698538064956665,5.5280632972717285,5.5657782554626465,5.214335566008231,28.603033521314767,-3.891124725341797,726,14,115,0,,23.8928165435791,OUTBOUND,-12.778253555297852,0.05557946226080972,
1,17.255977630615234,1.1702044010162354,0.08507362008094788,0.09032025933265686,5.225842266983818,28.590835936685682,-3.8943443298339844,727,14,116,0,,3.9031200408935547,OUTBOUND,-12.690862655639648,0.0791325960458281,
1,17.35725212097168,1.170554518699646,4.265372276306152,4.285731792449951,5.234034519991837,28.578619070793014,-3.890904426574707,728,14,117,0,,17.333553314208984,OUTBOUND,-12.774124145507812,0.044476326974377846,
1,17.36773109436035,1.1709040403366089,5.18686580657959,5.162820816040039,5.241887251992011,28.566355108391832,-3.8880720138549805,729,14,118,0,,20.422855377197266,OUTBOUND,-12.759224891662598,0.01525293265783757,
1,17.401317596435547,1.171251654624939,5.347732067108154,5.316732406616211,5.248924804996932,28.554141692483118,-3.848555088043213,730,14,119,0,,18.20032501220703,OUTBOUND,-12.82455825805664,-0.016228057992084613,
1,17.6821231842041,1.1716006994247437,8.35749626159668,8.364667892456055,5.256545741984155,28.541947724334957,-3.935514450073242,731,14,120,0,,35.192840576171875,OUTBOUND,-12.958366394042969,-0.059141236180701384,
1,17.68376922607422,1.171950101852417,0.13500002026557922,0.14860260486602783,5.267620873986743,28.52972282195205,-3.9098777770996094,732,14,121,0,,11.566514015197754,OUTBOUND,-13.017048835754395,-0.05204726340136424,
1,17.788780212402344,1.1722990274429321,0.10182862728834152,0.1176307275891304,5.279005636984948,28.51751550553206,-3.886023998260498,733,14,122,0,,16.56429672241211,OUTBOUND,-13.150699615478516,-0.03546478000837573,
1,17.86301040649414,1.172648549079895,6.728227138519287,6.705686569213867,5.288317775994074,28.50527864207229,-3.9154160022735596,734,14,123,0,,13.363200187683105,OUTBOUND,-13.231884956359863,-0.02432639386116063,
1,17.844280242919922,1.1729995012283325,4.280631065368652,4.2444610595703125,5.299321286001941,28.493155467804147,-3.9355738162994385,735,14,124,0,,3.3038320541381836,OUTBOUND,-13.16317367553711,-0.01288733632667028,
1,17.849287033081055,1.1733509302139282,0.46989133954048157,0.5013178586959839,5.307029957999475,28.480972798342542,-3.91435170173645,736,14,125,0,,30.000316619873047,OUTBOUND,-13.240418434143066,-0.03684971944078609,
1,17.92410659790039,1.1737029552459717,5.744154453277588,5.72770881652832,5.314542221982265,28.468728812715458,-3.9231679439544678,737,14,126,0,,15.99600601196289,OUTBOUND,-13.30090618133545,-0.09951820197786211,
1,17.858823776245117,1.174056053161621,8.347454071044922,8.319278717041016,5.322583144006785,28.456533499611805,-3.931072235107422,738,14,127,0,,22.251008987426758,OUTBOUND,-13.212189674377441,-0.1340615487232761,
1,17.94377899169922,1.174408197402954,4.774259567260742,4.730811595916748,5.331518502993276,28.444308930008976,-3.885887861251831,739,14,128,0,,8.437786102294922,OUTBOUND,-13.356983184814453,-0.11686099022809272,
1,17.997589111328125,1.1747612953186035,0.9518140554428101,0.9579221606254578,5.3388883599836845,28.4321660567149,-3.927489995956421,740,14,129,0,,23.725723266601562,OUTBOUND,-13.387388229370117,-0.10123072696385658,
1,17.966724395751953,1.1751128435134888,4.121825218200684,4.114822864532471,5.3502163930097595,28.42001503025754,-3.8699162006378174,741,14,130,0,,3.0257580280303955,OUTBOUND,-13.392765045166016,-0.08476695656144846,
1,18.040363311767578,1.1754658222198486,5.617360591888428,5.5970458984375,5.362626593007008,28.4078971395808,-3.9400625228881836,742,14,131,0,,4.37230110168457,OUTBOUND,-13.406720161437988,-0.07304559475653291,
1,17.967079162597656,1.1758196353912354,5.13140344619751,5.1007795333862305,5.374253735993989,28.395798945366078,-3.927669048309326,743,14,132,0,,2.222273826599121,OUTBOUND,-13.352043151855469,-0.0788208679560926,
1,17.903728485107422,1.1761735677719116,0.24886231124401093,0.24540475010871887,5.382520040002419,28.38365427884857,-3.909815788269043,744,14,133,0,,18.85740852355957,OUTBOUND,-13.342687606811523,-0.1172936056674951,
1,17.99174690246582,1.1765272617340088,4.950588703155518,4.954072952270508,5.390923223982099,28.371533669984856,-3.9045522212982178,745,14,134,0,,11.59587574005127,OUTBOUND,-13.407793045043945,-0.1676740372518962,
1,18.109943389892578,1.1768821477890015,8.492552757263184,8.461503982543945,5.400041107990546,28.359372525126187,-3.93911075592041,746,14,135,0,,21.602230072021484,OUTBOUND,-13.461503982543945,-0.20334230097105757,
1,17.89081382751465,1.1772360801696777,0.8177952766418457,0.8302497863769531,5.410084831004497,28.347209844594065,-3.8853776454925537,747,14,136,0,,8.290858268737793,OUTBOUND,-13.320318222045898,-0.25239863693812215,
1,17.983577728271484,1.1775892972946167,4.900430679321289,4.868496894836426,5.420963982993271,28.335026803106704,-3.888253688812256,748,14,137,0,,4.256618976593018,OUTBOUND,-13.39030647277832,-0.3092797722885981,
1,17.948753356933594,1.177943468093872,0.09994722902774811,0.10835222154855728,5.430176803987706,28.322773510129778,-3.9340758323669434,749,14,138,0,,10.542130470275879,OUTBOUND,-13.337936401367188,-0.3013759322932673,
1,18.112773895263672,1.178297996520996,10.607192039489746,10.599358558654785,5.441497254010756,28.310592171548706,-3.915095806121826,750,14,139,0,,38.57065200805664,OUTBOUND,-13.45096492767334,-0.3071773959453574,
1,18.145902633666992,1.1786539554595947,4.000753402709961,4.010613441467285,5.452356004010653,28.298344256459732,-3.944148540496826,751,14,140,0,,6.812335014343262,OUTBOUND,-13.45766544342041,-0.3086050413664105,
1,18.175521850585938,1.1790099143981934,0.16902050375938416,0.18908223509788513,5.463572173990542,28.2861636982737,-3.9142487049102783,752,14,141,0,,19.24325942993164,OUTBOUND,-13.543440818786621,-0.25841018566390045,
1,18.24243927001953,1.1793665885925293,9.310450553894043,9.217170715332031,5.47278443799587,28.273965108922464,-3.931893825531006,753,14,142,0,,23.81769561767578,OUTBOUND,-13.559347152709961,-0.2251633297581272,
1,18.144601821899414,1.1797220706939697,0.12953391671180725,0.15779927372932434,5.481031106988667,28.26178777992426,-3.8778979778289795,754,14,143,0,,21.782136917114258,OUTBOUND,-13.575376510620117,-0.19569974187999592,
1,18.132537841796875,1.1800768375396729,0.7550762891769409,0.7793852090835571,5.489829219994135,28.24961585869486,-3.895437717437744,755,14,144,0,,7.756509780883789,OUTBOUND,-13.528032302856445,-0.19077943061644034,
1,18.264925003051758,1.180431842803955,9.213239669799805,9.169480323791504,5.502173982997192,28.237379308158967,-3.9114294052124023,756,14,145,0,,29.37912940979004,OUTBOUND,-13.612892150878906,-0.1786909166121481,
1,18.294912338256836,1.1807875633239746,0.19334715604782104,0.21207691729068756,5.5143005730060395,28.225234187833067,-3.9285435676574707,757,14,146,0,,23.26864242553711,OUTBOUND,-13.645965576171875,-0.15741374561462648,
1,18.308101654052734,1.1811432838439941,8.418395042419434,8.377559661865234,5.52222613999038,28.21307342971464,-3.9083974361419678,758,14,147,0,,27.207927703857422,OUTBOUND,-13.650397300720215,-0.18303853939299716,
1,18.396533966064453,1.1814991235733032,5.403999328613281,5.444395065307617,5.530803928006208,28.200861285504125,-3.9155805110931396,759,14,148,0,,16.585508346557617,OUTBOUND,-13.716224670410156,-0.2316910585314233,
1,18.449907302856445,1.181856393814087,3.78605055809021,3.7991440296173096,5.5403716409928165,28.18862214075226,-3.9439165592193604,760,14,149,0,,1.9505645036697388,OUTBOUND,-13.749581336975098,-0.2704170712763128,
1,18.375091552734375,1.1822116374969482,0.15841074287891388,0.17831790447235107,5.550819870986743,28.176346935766166,-3.8624117374420166,761,14,150,0,,20.536880493164062,OUTBOUND,-13.789406776428223,-0.3131572260107069,
1,18.45095443725586,1.1825679540634155,0.8488335609436035,0.8731276988983154,5.562724249000894,28.164042509968265,-3.9334352016448975,762,14,151,0,,13.857211112976074,OUTBOUND,-13.798690795898438,-0.3372440731848768,
1,18.49338722229004,1.1829246282577515,0.8146945238113403,0.8285447955131531,5.571331029001158,28.15172854038869,-3.920010805130005,763,14,152,0,,18.196216583251953,FAILURE,-13.877635955810547,-20.364043732610526,
1,18.307188034057617,1.183279275894165,8.270402908325195,8.286093711853027,5.580018765002023,29.987970551445944,-3.8596031665802,764,15,1,0,,17.488101959228516,OUTBOUND,-13.741313934326172,-0.018802687981145396,
1,18.3763484954834,1.1836345195770264,0.8817647695541382,0.909192681312561,5.587809213990113,29.975882200341058,-3.9179253578186035,765,15,2,0,,9.338335037231445,OUTBOUND,-13.756330490112305,-0.047769780762094656,
1,18.295743942260742,1.1839884519577026,0.13102133572101593,0.1388096660375595,5.598187745985342,29.96373441513198,-3.874117612838745,766,15,3,0,,15.588930130004883,OUTBOUND,-13.760520935058594,-0.07120512920051218,
1,18.44115447998047,1.1843410730361938,0.6885518431663513,0.7067916393280029,5.610411161993397,29.951658288602818,-3.8669793605804443,767,15,4,0,,2.884354591369629,OUTBOUND,-13.88370132446289,-0.07797286238032065,
1,18.313602447509766,1.1846959590911865,4.62568473815918,4.607506275177002,5.622290503990371,29.939534039053708,-3.956963300704956,768,15,5,0,,16.452383041381836,OUTBOUND,-13.63386344909668,-0.10934592864782493,
1,18.351985931396484,1.1850502490997314,3.7914161682128906,3.8087613582611084,5.634488407988101,29.92741154213636,-3.8907310962677,769,15,6,0,,11.187607765197754,OUTBOUND,-13.72536849975586,-0.13265612943921318,
1,18.351552963256836,1.1854039430618286,5.055942058563232,5.097321510314941,5.6425445250060875,29.91525787021375,-3.8886380195617676,770,15,7,0,,32.893733978271484,OUTBOUND,-13.688502311706543,-0.11856576457832967,
1,18.417072296142578,1.1857560873031616,0.04909232631325722,0.05352483317255974,5.649858035001671,29.903069914322625,-3.8564975261688232,771,15,8,0,,5.586007118225098,OUTBOUND,-13.807361602783203,-0.08919919490517107,
1,18.570415496826172,1.1861088275909424,8.293604850769043,8.234231948852539,5.657087422994664,29.890967132923368,-3.9144906997680664,772,15,9,0,,31.269685745239258,OUTBOUND,-13.841946601867676,-0.06322998808449294,
1,18.596782684326172,1.186461091041565,12.580451965332031,12.54772663116455,5.665534978004871,29.878854849595992,-3.8842928409576416,773,15,10,0,,51.543785095214844,OUTBOUND,-13.85804557800293,-0.08934438020857309,
1,18.690204620361328,1.1868141889572144,1.6396907567977905,1.7273412942886353,5.676895401993534,29.86672165466887,-3.9189441204071045,774,15,11,0,,3.1109275817871094,OUTBOUND,-13.924603462219238,-0.10851982633664183,
1,18.925506591796875,1.1871682405471802,7.089460849761963,7.136646747589111,5.688231067993911,29.854612751816994,-3.9216489791870117,775,15,12,0,,16.03255844116211,OUTBOUND,-14.148982048034668,-0.08647854733867436,
1,18.94383430480957,1.1875218152999878,0.247778058052063,0.31371164321899414,5.699981880985433,29.842506147349873,-3.888200044631958,776,15,13,0,,33.70426940917969,OUTBOUND,-14.266988754272461,-0.06537865611761026,
1,18.96851348876953,1.1878727674484253,0.24415269494056702,0.291766494512558,5.709973186982097,29.830403477546394,-3.8312830924987793,777,15,14,0,,35.29422378540039,OUTBOUND,-14.404751777648926,-0.05664998664693085,
1,18.91048812866211,1.188223123550415,0.807536780834198,0.8490207195281982,5.721223253000062,29.818256615550826,-3.876755714416504,778,15,15,0,,31.517526626586914,OUTBOUND,-14.328773498535156,-0.03578153710549471,
1,18.9932918548584,1.1885755062103271,3.73146653175354,3.744821310043335,5.731112706998829,29.806125301963338,-3.9399311542510986,779,15,16,0,,13.217114448547363,OUTBOUND,-14.359724998474121,0.021416644706162283,
1,18.857994079589844,1.1889283657073975,9.963521003723145,9.904845237731934,5.742801674990915,29.79394775944807,-3.9063210487365723,780,15,17,0,,22.544544219970703,OUTBOUND,-14.224227905273438,0.07833356200844788,
1,18.907564163208008,1.189282774925232,0.25333279371261597,0.24540700018405914,5.754196267982479,29.78171877323046,-3.9393837451934814,781,15,18,0,,28.933439254760742,OUTBOUND,-14.277052879333496,0.10538128129002512,
1,18.805191040039062,1.189637303352356,0.29750627279281616,0.2874656319618225,5.7653877020056825,29.76947769319484,-3.9000582695007324,782,15,19,0,,23.11542320251465,OUTBOUND,-14.227231979370117,0.08682491599891426,
1,18.69318199157715,1.189992904663086,0.18031583726406097,0.17430998384952545,5.777737033989979,29.757230171236902,-3.927896499633789,783,15,20,0,,16.211624145507812,OUTBOUND,-14.110032081604004,0.03512265642024562,
1,18.648454666137695,1.1903480291366577,0.09624399989843369,0.10365905612707138,5.788893154996913,29.744967550487676,-3.889730453491211,784,15,21,0,,4.726831912994385,OUTBOUND,-14.107706069946289,-0.03352823914507819,
1,18.559675216674805,1.19070303440094,0.09866248071193695,0.12602627277374268,5.799558258004254,29.73268600213407,-3.8967978954315186,785,15,22,0,,4.168743133544922,OUTBOUND,-14.005226135253906,-0.05497404426221004,
1,18.586475372314453,1.1910592317581177,4.775217533111572,4.863112449645996,5.807783905009273,29.720397132523388,-3.9315459728240967,786,15,23,0,,39.235565185546875,OUTBOUND,-13.93237018585205,-0.038304081186487586,
1,18.590024948120117,1.1914156675338745,3.8093085289001465,3.862178087234497,5.816014390991768,29.708049802758445,-3.9105422496795654,787,15,24,0,,30.752962112426758,OUTBOUND,-13.915921211242676,-0.041434625511884496,
1,18.602462768554688,1.1917736530303955,4.004613876342773,4.019106864929199,5.823061022005277,29.69567493152721,-3.940767288208008,788,15,25,0,,30.106597900390625,OUTBOUND,-13.844368934631348,-0.062099712791062175,
1,18.69284439086914,1.1921327114105225,1.6332894563674927,1.7122973203659058,5.834277996007586,29.68326156594082,-3.935079574584961,789,15,26,0,,17.295793533325195,OUTBOUND,-13.939783096313477,-0.04993045812073333,
1,18.919878005981445,1.1924936771392822,0.721734881401062,0.7423710823059082,5.845521662995452,29.670843646275188,-3.9583799839019775,790,15,27,0,,12.302871704101562,OUTBOUND,-14.099739074707031,-0.051991212315055345,
1,18.89535903930664,1.1928550004959106,0.9435613751411438,1.0015405416488647,5.856690893007908,29.658497188730948,-3.9259109497070312,791,15,28,0,,3.69882869720459,OUTBOUND,-14.12667179107666,-0.08530259262279813,
1,19.03954315185547,1.1932177543640137,3.5345921516418457,3.537088632583618,5.869007642992074,29.646115836806594,-3.952038526535034,792,15,29,0,,13.174848556518555,OUTBOUND,-14.247722625732422,-0.11540518359673924,
1,19.14119529724121,1.193580150604248,6.951440811157227,6.928235054016113,5.877885616006097,29.633762995139847,-3.9049253463745117,793,15,30,0,,22.340173721313477,OUTBOUND,-14.39154052734375,-0.13756094181371542,
1,19.337703704833984,1.1939435005187988,3.647179126739502,3.641845226287842,5.885559415008174,29.621429210715906,-3.945298671722412,794,15,31,0,,5.5386199951171875,OUTBOUND,-14.542634963989258,-0.18359760685573376,
1,19.29872703552246,1.1943061351776123,0.6725419759750366,0.7187756896018982,5.895929741993314,29.609104386809648,-3.900569200515747,795,15,32,0,,18.705202102661133,OUTBOUND,-14.617358207702637,-0.2672757372309767,
1,19.417211532592773,1.1946696043014526,6.737842082977295,6.756000518798828,5.905880367994541,29.596794030018536,-3.9367544651031494,796,15,33,0,,8.590038299560547,OUTBOUND,-14.68067455291748,-0.324026702703884,
1,19.373374938964844,1.1950334310531616,0.983832061290741,1.0491503477096558,5.914986563002458,29.584476110235418,-3.9314677715301514,797,15,34,0,,22.064210891723633,OUTBOUND,-14.645370483398438,-0.3026571784067627,
1,19.315723419189453,1.1953964233398438,0.5620438456535339,0.5734624266624451,5.92489688898786,29.57222180146981,-3.895418643951416,798,15,35,0,,39.521087646484375,FAILURE,-14.700301170349121,-30.270843705169103,
1,19.356569290161133,1.1957594156265259,4.51107120513916,4.638202667236328,5.93798798599164,29.9879980934092,-3.9191718101501465,799,16,1,0,,10.396613121032715,OUTBOUND,-14.680595397949219,-0.014035416110561725,
1,19.355178833007812,1.1961220502853394,4.415853500366211,4.356293201446533,5.94669686499401,29.97594916973275,-3.9094114303588867,800,16,2,0,,8.611586570739746,OUTBOUND,-14.695596694946289,-0.03301439634535988,
1,19.325931549072266,1.1964848041534424,7.705347537994385,7.72398567199707,5.954394347005291,29.96385426940122,-3.9150402545928955,801,16,3,0,,13.410346031188965,OUTBOUND,-14.645573616027832,-0.03158670785211518,
1,19.294132232666016,1.196846604347229,8.149361610412598,8.215600967407227,5.962692414002959,29.951774824066252,-3.8955726623535156,802,16,4,0,,28.759864807128906,OUTBOUND,-14.572895050048828,-0.03229334893983783,
1,19.421833038330078,1.1972097158432007,7.364009380340576,7.375285625457764,5.972269563993905,29.939671611878982,-3.9439353942871094,803,16,5,0,,18.904373168945312,OUTBOUND,-14.646174430847168,-0.06547859075704893,
1,19.403404235839844,1.1975719928741455,0.27477356791496277,0.24645745754241943,5.9798596350010484,29.92753879497076,-3.8955819606781006,804,16,6,0,,27.913530349731445,OUTBOUND,-14.722146987915039,-0.06964604906168417,
1,19.360851287841797,1.197932481765747,0.13204175233840942,0.13002514839172363,5.9868661150103435,29.915385398242652,-3.8672752380371094,805,16,7,0,,17.824073791503906,OUTBOUND,-14.73427963256836,-0.08416206876271536,
1,19.398571014404297,1.1982934474945068,0.16593937575817108,0.1487577259540558,5.993775440001627,29.903211695627366,-3.9214978218078613,806,16,8,0,,23.25189208984375,OUTBOUND,-14.752274513244629,-0.13996446342938712,
1,19.525373458862305,1.1986545324325562,14.098634719848633,14.127655029296875,6.0026695969863795,29.891049133585533,-3.914161443710327,807,16,9,0,,61.962860107421875,OUTBOUND,-14.777729034423828,-0.20274937090885006,
1,19.50962257385254,1.199015736579895,4.0796427726745605,4.087192058563232,6.014856527996017,29.878853414148896,-3.912825345993042,808,16,10,0,,9.673921585083008,OUTBOUND,-14.763206481933594,-0.22903830523030877,
1,19.467206954956055,1.1993764638900757,0.5979853868484497,0.6196310520172119,6.025764168007299,29.86666156647205,-3.8963892459869385,809,16,11,0,,14.723360061645508,OUTBOUND,-14.759481430053711,-0.25743538272590105,
1,19.57956314086914,1.1997365951538086,3.755387544631958,3.7879951000213623,6.036517306987662,29.854448595985737,-3.8935937881469727,810,16,12,0,,6.480274200439453,OUTBOUND,-14.88873291015625,-0.2758453845409231,
1,19.76303482055664,1.2000960111618042,6.918893814086914,6.900529861450195,6.044410879985662,29.842219426074468,-3.8865463733673096,811,16,13,0,,23.87155532836914,OUTBOUND,-15.053466796875,-0.2897191155209354,
1,19.714481353759766,1.2004567384719849,0.5279009342193604,0.5618727803230286,6.051488555007381,29.83000812408701,-3.9409327507019043,812,16,14,0,,16.649269104003906,OUTBOUND,-14.980310440063477,-0.29600693247609594,
1,19.66693687438965,1.2008177042007446,0.8072009086608887,0.8363451361656189,6.0583211240009405,29.817804306270613,-3.9120330810546875,813,16,15,0,,26.091421127319336,OUTBOUND,-15.002878189086914,-0.2682601659244686,
1,19.53502655029297,1.2011784315109253,0.11569324880838394,0.13870234787464142,6.065765279985499,29.805567529530123,-3.904844284057617,814,16,16,0,,18.6497745513916,OUTBOUND,-14.889644622802734,-0.2965294064202965,
1,19.66350555419922,1.201539397239685,3.1986429691314697,3.2272770404815674,6.07366138100042,29.793326790452745,-3.9104576110839844,815,16,17,0,,4.090811729431152,OUTBOUND,-14.98408031463623,-0.3560024161048239,
1,19.63658332824707,1.2019011974334717,3.4792566299438477,3.4845409393310547,6.083616096002515,29.781070780430728,-3.9280505180358887,816,16,18,0,,9.115278244018555,OUTBOUND,-14.92066764831543,-0.39032412333624467,
1,19.499099731445312,1.2022604942321777,4.9376444816589355,4.917976379394531,6.093090642010793,29.76879363553553,-3.845705509185791,817,16,19,0,,18.39998435974121,OUTBOUND,-14.858833312988281,-0.4198978453097128,
1,19.675556182861328,1.202621579170227,7.788427829742432,7.722264766693115,6.102270481991582,29.75651753589806,-3.949704170227051,818,16,20,0,,29.876346588134766,OUTBOUND,-14.884688377380371,-0.4720840917737931,
1,19.781105041503906,1.2029833793640137,3.3392136096954346,3.3554117679595947,6.1128235179930925,29.74422904338167,-3.9245030879974365,819,16,21,0,,8.01877498626709,OUTBOUND,-15.000782012939453,-0.5185516806351381,
1,19.79416275024414,1.2033452987670898,5.186755657196045,5.188076972961426,6.121003398991888,29.731893337165097,-3.9131503105163574,820,16,22,0,,19.82008934020996,FAILURE,-15.00761890411377,-30.50547378915158,
1,19.835479736328125,1.203705906867981,3.100154161453247,3.1189279556274414,6.128407852986129,29.98797643836688,-3.871372699737549,821,17,1,0,,1.3021255731582642,OUTBOUND,-15.089950561523438,0.013968062801940998,
1,19.965744018554688,1.2040666341781616,0.14520815014839172,0.14999818801879883,6.135498852003366,29.97591268144493,-3.910998821258545,822,17,2,0,,23.762670516967773,OUTBOUND,-15.20783519744873,0.02613304483629982,
1,19.973114013671875,1.2044271230697632,10.297873497009277,10.288813591003418,6.143106311996235,29.963837294765288,-3.895747184753418,823,17,3,0,,38.96497344970703,OUTBOUND,-15.206558227539062,0.024427279426810104,
1,20.13113021850586,1.2047877311706543,6.956758499145508,6.930737018585205,6.152075736987172,29.951721839128208,-3.910569667816162,824,17,4,0,,1.4012870788574219,OUTBOUND,-15.357769966125488,0.0492980901154881,
1,20.226776123046875,1.2051513195037842,3.5129995346069336,3.552955150604248,6.160577773989644,29.939577012727785,-3.9791641235351562,825,17,5,0,,9.403678894042969,OUTBOUND,-15.403495788574219,0.07950702794228731,
1,20.172334671020508,1.205515742301941,0.3294031620025635,0.34874671697616577,6.17072133498732,29.927395212048662,-3.930943489074707,826,17,6,0,,39.8678092956543,OUTBOUND,-15.436071395874023,0.12008471781973576,
1,20.10415267944336,1.2058786153793335,0.24922417104244232,0.25918683409690857,6.181427136005368,29.915250653658603,-3.874160051345825,827,17,7,0,,35.90196990966797,OUTBOUND,-15.480535507202148,0.11540521050083066,
1,20.048524856567383,1.206241488456726,6.970783233642578,6.98183536529541,6.188835142005701,29.903120754188034,-3.909910202026367,828,17,8,0,,15.103934288024902,OUTBOUND,-15.373337745666504,0.09706084187828992,
1,19.917837142944336,1.2066017389297485,0.1804312765598297,0.17682090401649475,6.196017270005541,29.890975622684206,-3.843047618865967,829,17,9,0,,23.10231590270996,OUTBOUND,-15.328910827636719,0.11462892175941543,
1,19.899309158325195,1.2069625854492188,3.323000907897949,3.3366377353668213,6.203918423998402,29.878823254878117,-3.9147257804870605,830,17,10,0,,1.9524022340774536,OUTBOUND,-15.242125511169434,0.1218433643375135,
1,19.844757080078125,1.2073237895965576,3.721426248550415,3.786323308944702,6.215447681985097,29.866603798489372,-3.9130632877349854,831,17,11,0,,11.087072372436523,OUTBOUND,-15.171201705932617,0.15079349454900853,
1,19.855945587158203,1.2076829671859741,6.270200252532959,6.320137023925781,6.2225745230098255,29.854440028994155,-3.851886510848999,832,17,12,0,,30.99144744873047,OUTBOUND,-15.192532539367676,0.18161539904298343,
1,19.860931396484375,1.2080432176589966,0.4641038775444031,0.47097092866897583,6.229835759993875,29.84227141012572,-3.923048734664917,833,17,13,0,,1.05938720703125,OUTBOUND,-15.11697006225586,0.19480695386165814,
1,19.946197509765625,1.2084029912948608,4.523479461669922,4.49528169631958,6.23741672799224,29.830088351852986,-3.8901126384735107,834,17,14,0,,17.345304489135742,OUTBOUND,-15.216182708740234,0.18751423808933507,
1,19.84837532043457,1.20876145362854,0.10322432219982147,0.10646695643663406,6.248407301987754,29.817914504346742,-3.8666980266571045,835,17,15,0,,1.1993263959884644,OUTBOUND,-15.172250747680664,0.14175734522925693,
1,19.986740112304688,1.2091199159622192,6.4558939933776855,6.49043083190918,6.255467599985423,29.80578455693928,-3.8942172527313232,836,17,16,0,,35.330528259277344,OUTBOUND,-15.216910362243652,0.09523329110365295,
1,20.130630493164062,1.209478497505188,0.11790932714939117,0.1301269829273224,6.262868767982582,29.793674050795133,-3.89553165435791,837,17,17,0,,12.317152976989746,OUTBOUND,-15.352855682373047,0.10179169196924844,
1,20.099267959594727,1.2098370790481567,3.9718689918518066,3.9162352085113525,6.273028559982777,29.781544237321096,-3.8989782333374023,838,17,18,0,,11.416657447814941,OUTBOUND,-15.292922019958496,0.15991321540678785,
1,20.119192123413086,1.2101945877075195,0.43473997712135315,0.4460439085960388,6.282316767988959,29.769388344906968,-3.865027904510498,839,17,19,0,,7.359655857086182,OUTBOUND,-15.407408714294434,0.2158468374109676,
1,20.272247314453125,1.2105532884597778,3.9010934829711914,3.8375511169433594,6.292787902988493,29.75716670723786,-3.9214892387390137,840,17,20,0,,3.2191877365112305,OUTBOUND,-15.489910125732422,0.21664565735552654,
1,20.285066604614258,1.210914134979248,3.0581655502319336,3.093339681625366,6.303333589981776,29.744992186422866,-3.9506912231445312,841,17,21,0,,4.266332626342773,OUTBOUND,-15.464994430541992,0.1896202588769562,
1,20.343852996826172,1.2112747430801392,6.658041000366211,6.5967116355896,6.315166613989277,29.732799521240924,-3.8929929733276367,842,17,22,0,,17.275362014770508,OUTBOUND,-15.586247444152832,0.18957058742722954,
1,20.37403106689453,1.211635947227478,0.22464212775230408,0.239058718085289,6.325850371009437,29.72058271526033,-3.9142565727233887,843,17,23,0,,24.121511459350586,OUTBOUND,-15.620671272277832,0.21488514757905341,
1,20.331588745117188,1.2119964361190796,0.5009975433349609,0.5153203010559082,6.336345450981753,29.708356374983,-3.8798575401306152,844,17,24,0,,19.515884399414062,OUTBOUND,-15.640361785888672,0.22711723811886333,
1,20.363067626953125,1.2123583555221558,0.14137522876262665,0.13971510529518127,6.348470194992842,29.696170905544804,-3.936393976211548,845,17,25,0,,20.833555221557617,OUTBOUND,-15.621309280395508,0.23855347832010443,
1,20.224117279052734,1.2127199172973633,0.19186308979988098,0.18414364755153656,6.356605203996878,29.68395990602776,-3.8935346603393555,846,17,26,0,,20.876392364501953,OUTBOUND,-15.544720649719238,0.2358746842113845,
1,20.20854949951172,1.2130804061889648,2.884664297103882,2.9155099391937256,6.363943334989017,29.671728440786847,-3.8706307411193848,847,17,27,0,,11.517518997192383,OUTBOUND,-15.558148384094238,0.20112727719011977,
1,20.270645141601562,1.2134435176849365,3.2081363201141357,3.2606911659240723,6.371040964004351,29.659570446798796,-3.9634952545166016,848,17,28,0,,25.18366050720215,OUTBOUND,-15.474029541015625,0.18259133386475465,
1,20.16737937927246,1.2138069868087769,0.1269749402999878,0.12280445545911789,6.382661506999284,29.64735762111662,-3.911902904510498,849,17,29,0,,6.303688049316406,OUTBOUND,-15.439167022705078,0.1646387966432247,
1,20.14969825744629,1.2141716480255127,5.894463539123535,5.97199821472168,6.3920924039848614,29.635204769630892,-3.9355502128601074,850,17,30,0,,41.12693405151367,OUTBOUND,-15.344470977783203,0.1427994808446157,
1,20.204694747924805,1.214536428451538,3.046532154083252,3.081585168838501,6.398919008002849,29.62306703709668,-3.910538673400879,851,17,31,0,,19.23775291442871,OUTBOUND,-15.409635543823242,0.130007911872972,
1,20.36154556274414,1.214901328086853,0.08176323771476746,0.0907072126865387,6.40580480999779,29.610947730782122,-3.909393787384033,852,17,32,0,,3.395564079284668,OUTBOUND,-15.561549186706543,0.11364026151915292,
1,20.46533966064453,1.2152676582336426,0.057314760982990265,0.06114018335938454,6.415465211990522,29.59880321509519,-3.943910598754883,853,17,33,0,,0.6184640526771545,OUTBOUND,-15.631591796875,0.10814028644150044,
1,20.413881301879883,1.2156327962875366,4.062799453735352,3.9914004802703857,6.423244536010316,29.58661562464572,-3.8812286853790283,854,17,34,0,,17.3896541595459,OUTBOUND,-15.612761497497559,0.1064996276309809,
1,20.575929641723633,1.215997576713562,5.940854549407959,5.950018882751465,6.4303285729838535,29.574392781594472,-3.896747350692749,855,17,35,0,,22.75918960571289,OUTBOUND,-15.757650375366211,0.053788799997850356,
1,20.53805923461914,1.2163623571395874,3.809476137161255,3.7512412071228027,6.437188565992983,29.562129021090897,-3.9035189151763916,856,17,36,0,,2.6633505821228027,OUTBOUND,-15.714103698730469,0.022156633395374752,
1,20.851957321166992,1.2167282104492188,5.3388590812683105,5.407430648803711,6.445443907985464,29.549865913603927,-3.9348807334899902,857,17,37,0,,17.263198852539062,OUTBOUND,-15.973529815673828,0.01245248287184595,
1,20.715110778808594,1.2170941829681396,0.1312842071056366,0.16231048107147217,6.456266339984722,29.53757036575789,-3.9105887413024902,858,17,38,0,,22.983304977416992,OUTBOUND,-15.93616771697998,-0.016946805978806326,
1,20.762460708618164,1.2174590826034546,3.509493827819824,3.5259079933166504,6.466714921989478,29.525244718793893,-3.8814802169799805,859,17,39,0,,2.8953564167022705,OUTBOUND,-15.9927978515625,-0.07163931974086024,
1,20.96468734741211,1.2178254127502441,3.0795743465423584,3.0999770164489746,6.475879179983167,29.51289421447606,-3.940793991088867,860,17,40,0,,13.179250717163086,OUTBOUND,-16.166887283325195,-0.1477912371948517,
1,20.838661193847656,1.2181916236877441,2.754206418991089,2.7752935886383057,6.483176112989895,29.500545040095638,-3.906792163848877,861,17,41,0,,15.106215476989746,OUTBOUND,-16.09966278076172,-0.20318205697245628,
1,20.895952224731445,1.2185570001602173,5.535729885101318,5.577969074249268,6.494298464007443,29.488219395151837,-3.88626766204834,862,17,42,0,,8.64646053314209,OUTBOUND,-16.15874481201172,-0.22960090643876385,
1,20.812868118286133,1.21892249584198,3.5586154460906982,3.501549243927002,6.505352086009225,29.475871001593884,-3.905273914337158,863,17,43,0,,10.677022933959961,OUTBOUND,-16.068775177001953,-0.2588134277936898,
1,20.81941032409668,1.219286561012268,4.05995512008667,4.030330181121826,6.515687712992076,29.463512163891135,-3.8732497692108154,864,17,44,0,,4.035538673400879,OUTBOUND,-16.104646682739258,-0.31198834210154364,
1,20.867856979370117,1.2196526527404785,3.0331876277923584,3.0232455730438232,6.527784798992798,29.451111694760566,-3.949273109436035,865,17,45,0,,8.244071006774902,OUTBOUND,-16.08696937561035,-0.3378296620880442,
1,20.70897102355957,1.2200188636779785,3.589141368865967,3.525009870529175,6.539071526989574,29.438757451989336,-3.912785291671753,866,17,46,0,,5.047426223754883,OUTBOUND,-15.94322681427002,-0.31253654826891736,
1,20.81839942932129,1.2203869819641113,6.60839319229126,6.583522796630859,6.549345651990734,29.426462359986257,-3.9513564109802246,867,17,47,0,,31.448509216308594,OUTBOUND,-15.988584518432617,-0.3187492164546425,
1,20.820053100585938,1.2207542657852173,0.17185869812965393,0.16558386385440826,6.558941466995748,29.41410340353103,-3.893486499786377,868,17,48,0,,19.585657119750977,OUTBOUND,-16.077966690063477,-0.36632289008164165,
1,20.892276763916016,1.2211233377456665,8.646060943603516,8.625394821166992,6.569622426002752,29.401744139868647,-3.9516441822052,869,17,49,0,,44.14337158203125,OUTBOUND,-16.038925170898438,-0.4102250096878001,
1,20.92153549194336,1.221491813659668,2.66487455368042,2.7012743949890137,6.577721642999677,29.389334392562183,-3.897663116455078,870,17,50,0,,3.2640562057495117,OUTBOUND,-16.10017967224121,-0.4675244778891766,
1,21.052698135375977,1.2218598127365112,5.099643707275391,5.142110824584961,6.586052981991088,29.37689239654034,-3.900353193283081,871,17,51,0,,20.2900333404541,OUTBOUND,-16.200986862182617,-0.5083830850714648,
1,21.092214584350586,1.2222270965576172,6.121639251708984,6.108321666717529,6.5929313199885655,29.364437450918587,-3.890598773956299,872,17,52,0,,13.5950927734375,OUTBOUND,-16.27642822265625,-0.5221367168274794,
1,21.272113800048828,1.2225924730300903,5.460583686828613,5.479580879211426,6.599967601010576,29.351984493559314,-3.8599300384521484,873,17,53,0,,7.224828720092773,OUTBOUND,-16.469472885131836,-0.506127766038744,
1,21.21925163269043,1.2229589223861694,0.4711852967739105,0.5006892681121826,6.606848402007017,29.339578724347092,-3.930189371109009,874,17,54,0,,23.865232467651367,OUTBOUND,-16.336875915527344,-0.4874792947809601,
1,21.115955352783203,1.2233214378356934,0.2981296479701996,0.3498959243297577,6.6149790229974315,29.32719025654216,-3.8025522232055664,875,17,55,0,,40.90299606323242,OUTBOUND,-16.490158081054688,-0.4658769814364227,
1,21.229801177978516,1.223685383796692,2.9971766471862793,3.0502967834472656,6.623504746996332,29.314834416929816,-3.933311939239502,876,17,56,0,,5.8767170906066895,OUTBOUND,-16.459308624267578,-0.4212351684522009,
1,21.145965576171875,1.22404944896698,0.4763619899749756,0.49908965826034546,6.6310797600017395,29.302515091213614,-3.9000437259674072,877,17,57,0,,28.100791931152344,OUTBOUND,-16.449058532714844,-0.41389974160717424,
1,21.32464599609375,1.2244148254394531,7.8375630378723145,7.8846330642700195,6.638094552006805,29.290164591172946,-3.932572364807129,878,17,58,0,,30.505229949951172,OUTBOUND,-16.51613426208496,-0.41154859121755205,
1,21.21193504333496,1.224780559539795,2.8971784114837646,2.912978410720825,6.646151099004783,29.277831915837385,-3.9062912464141846,879,17,59,0,,11.523454666137695,OUTBOUND,-16.463266372680664,-0.3895283968830303,
1,21.128522872924805,1.2251464128494263,3.0713014602661133,3.07291841506958,6.653993724990869,29.26550053764975,-3.9067530632019043,880,17,60,0,,5.518579959869385,OUTBOUND,-16.354740142822266,-0.3568185681278264,
1,21.056400299072266,1.2255107164382935,0.1541033536195755,0.14526411890983582,6.660647737997351,29.253239713561484,-3.8635365962982178,881,17,61,0,,11.249143600463867,OUTBOUND,-16.359420776367188,-0.33984745524203197,
1,20.928752899169922,1.225874900817871,0.16056175529956818,0.17733609676361084,6.671061692992225,29.240903510630254,-3.8944520950317383,882,17,62,0,,3.778564929962158,OUTBOUND,-16.1888484954834,-0.35587177846555906,
1,21.079593658447266,1.2262390851974487,2.419217109680176,2.480489492416382,6.680526407988509,29.228617898609873,-3.8929500579833984,883,17,63,0,,18.854354858398438,OUTBOUND,-16.328651428222656,-0.38188150140623267,
1,21.019962310791016,1.226601481437683,0.5094627141952515,0.5182697772979736,6.6893778950034175,29.21630422492808,-3.8538131713867188,884,17,64,0,,8.412540435791016,OUTBOUND,-16.305908203125,-0.37415745832017316,
1,21.13819122314453,1.2269657850265503,1.195326328277588,1.2086143493652344,6.696266291983193,29.20404134527061,-3.941549777984619,885,17,65,0,,8.43384838104248,OUTBOUND,-16.27396583557129,-0.33439474141761044,
1,21.13469123840332,1.2273296117782593,3.4721763134002686,3.403108835220337,6.704122533003101,29.191752892064137,-3.881164789199829,886,17,66,0,,19.853839874267578,OUTBOUND,-16.329437255859375,-0.3077930423290346,
1,21.324941635131836,1.2276957035064697,0.14528638124465942,0.15355931222438812,6.711440613988088,29.17943401243899,-3.954416513442993,887,17,67,0,,4.224771976470947,OUTBOUND,-16.409786224365234,-0.3057375968113417,
1,21.21566390991211,1.2280629873275757,0.5278022289276123,0.520978569984436,6.7203388449852355,29.167060843025595,-3.9264020919799805,888,17,68,0,,3.0365617275238037,OUTBOUND,-16.335561752319336,-0.3465112205677069,
1,21.34891700744629,1.228429913520813,6.180848598480225,6.126492977142334,6.727942052006256,29.1547137926033,-3.897207736968994,889,17,69,0,,32.196800231933594,OUTBOUND,-16.4595947265625,-0.3550243131953878,
1,21.32435417175293,1.2287977933883667,0.16345316171646118,0.19847440719604492,6.735598184983246,29.142386786242998,-3.9233479499816895,890,17,70,0,,15.686689376831055,OUTBOUND,-16.474483489990234,-0.3313246823845958,
1,21.325111389160156,1.2291638851165771,2.6590311527252197,2.6661956310272217,6.742459401983069,29.130014145900052,-3.8610105514526367,891,17,71,0,,6.2255539894104,OUTBOUND,-16.528249740600586,-0.3653033511277317,
1,21.48993492126465,1.229531168937683,2.3892226219177246,2.428894281387329,6.749794975010445,29.1176645384783,-3.9264113903045654,892,17,72,0,,6.362113952636719,FAILURE,-16.623077392578125,-20.385489811417507,
1,21.494403839111328,1.2298985719680786,0.1927230805158615,0.22523847222328186,6.758578329987358,29.987976372651424,-3.906867027282715,893,18,1,0,,27.290748596191406,OUTBOUND,-16.700820922851562,-0.02474916230147992,
1,21.53453826904297,1.2302671670913696,3.2075982093811035,3.161686658859253,6.7660223779967055,29.975900146155315,-3.9296627044677734,894,18,2,0,,1.5644285678863525,OUTBOUND,-16.704566955566406,-0.06898770006050418,
1,21.551860809326172,1.2306349277496338,5.593700885772705,5.690665245056152,6.772902030003024,29.96380758495348,-3.886253833770752,895,18,3,0,,39.45361328125,OUTBOUND,-16.706228256225586,-0.12777405393631047,
1,21.5593204498291,1.2310017347335815,0.5229635834693909,0.5087379217147827,6.781882427982055,29.95168491833424,-3.876802921295166,896,18,4,0,,16.709196090698242,OUTBOUND,-16.733966827392578,-0.12585469344876507,
1,21.740280151367188,1.2313710451126099,0.49337172508239746,0.4781411290168762,6.793338244984625,29.939608702165796,-3.960458517074585,897,18,5,0,,18.64743423461914,OUTBOUND,-16.86669158935547,-0.08797426373989782,
1,21.56578254699707,1.2317397594451904,0.15749557316303253,0.13647571206092834,6.803526875999523,29.927508271654286,-3.8937439918518066,898,18,6,0,,19.73324966430664,OUTBOUND,-16.814132690429688,-0.05323064912230034,
1,21.645156860351562,1.2321112155914307,0.27809736132621765,0.25269144773483276,6.814396492991364,29.915409950486666,-3.9701576232910156,899,18,7,0,,26.456375122070312,OUTBOUND,-16.842357635498047,-0.05588712781213491,
1,21.550857543945312,1.2324835062026978,3.2398955821990967,3.171027183532715,6.825622142001521,29.903286003825553,-3.9323348999023438,900,18,8,0,,5.225471019744873,OUTBOUND,-16.737503051757812,-0.09467653130664053,
1,21.57977867126465,1.2328577041625977,3.2356104850769043,3.168809652328491,6.832746498985216,29.891130448290422,-3.957231044769287,901,18,9,0,,8.425121307373047,OUTBOUND,-16.756534576416016,-0.11227159533965798,
1,21.60820198059082,1.2332345247268677,3.080045700073242,3.102201461791992,6.839751692983555,29.878944786232605,-3.9865522384643555,902,18,10,0,,23.3710994720459,OUTBOUND,-16.70916748046875,-0.15559515173518468,
1,21.403568267822266,1.2336097955703735,0.07813709229230881,0.0940610021352768,6.850067333987681,29.86673039213229,-3.880415439605713,903,18,11,0,,1.2386400699615479,OUTBOUND,-16.610130310058594,-0.22731844150148225,
1,21.52639389038086,1.2339842319488525,5.309758186340332,5.33174991607666,6.861757620994467,29.854462360180037,-3.901446580886841,904,18,12,0,,37.02531433105469,OUTBOUND,-16.646406173706055,-0.23486918102446683,
1,21.55559730529785,1.2343581914901733,0.05149476230144501,0.06138300150632858,6.872156450001057,29.842272771876903,-3.9032719135284424,905,18,13,0,,6.6500420570373535,OUTBOUND,-16.701696395874023,-0.22385734426965073,
1,21.65114974975586,1.234731912612915,2.509977340698242,2.5471529960632324,6.883087094000075,29.830017434158968,-3.9101035594940186,906,18,14,0,,11.595417976379395,OUTBOUND,-16.766752243041992,-0.2704353513344466,
1,21.710058212280273,1.2351065874099731,3.0751237869262695,2.9974067211151123,6.89520168499439,29.817754242432233,-3.937995195388794,907,18,15,0,,15.674054145812988,OUTBOUND,-16.783000946044922,-0.26062280247334346,
1,21.811931610107422,1.235482096672058,2.394767999649048,2.424211025238037,6.905994978995295,29.805536252561456,-3.9356915950775146,908,18,16,0,,7.731143474578857,OUTBOUND,-16.877653121948242,-0.1860301963163541,
1,22.00330352783203,1.2358590364456177,3.1312644481658936,3.0360100269317627,6.914101454982301,29.7933828937609,-3.9537510871887207,909,18,17,0,,8.14122200012207,OUTBOUND,-17.02781867980957,-0.17929567536086877,
1,22.067180633544922,1.2362370491027832,0.49271953105926514,0.5248368978500366,6.922684297984233,29.781197686407058,-3.9505321979522705,910,18,18,0,,14.583321571350098,OUTBOUND,-17.14005470275879,-0.23541464011342872,
1,22.06151008605957,1.2366138696670532,2.5748143196105957,2.6115965843200684,6.933665140997618,29.76901749055152,-3.891613721847534,911,18,19,0,,13.257329940795898,OUTBOUND,-17.23052406311035,-0.26263842012604854,
1,22.004072189331055,1.2369900941848755,8.110748291015625,8.012221336364746,6.942866055003833,29.75682410535534,-3.9078259468078613,912,18,20,0,,30.73955535888672,OUTBOUND,-17.11031723022461,-0.27196331513675265,
1,22.21438217163086,1.2373658418655396,4.452720642089844,4.546727180480957,6.950014226982603,29.744607648704807,-3.9083118438720703,913,18,21,0,,4.367988586425781,OUTBOUND,-17.306865692138672,-0.28306079266169043,
1,22.155202865600586,1.2377407550811768,4.886143684387207,4.904727935791016,6.958854341006372,29.73239231522774,-3.895876407623291,914,18,22,0,,9.213637351989746,OUTBOUND,-17.263286590576172,-0.2768658127264035,
1,22.290678024291992,1.2381154298782349,3.3957700729370117,3.4136271476745605,6.967478601000039,29.720187876567387,-3.908505439758301,915,18,23,0,,4.180577278137207,OUTBOUND,-17.394405364990234,-0.27127254611529655,
1,22.16697120666504,1.2384898662567139,0.40048182010650635,0.34913167357444763,6.977833643002668,29.70793158573226,-3.9058830738067627,916,18,24,0,,44.698917388916016,OUTBOUND,-17.37830924987793,-0.2995237439348764,
1,22.229799270629883,1.2388641834259033,4.736240386962891,4.766574859619141,6.989159527991433,29.695699127008666,-3.9151062965393066,917,18,25,0,,4.382763862609863,OUTBOUND,-17.406118392944336,-0.3034255168846476,
1,22.12049102783203,1.23923659324646,0.26821011304855347,0.23430481553077698,6.999407962983241,29.68346387522004,-3.8617351055145264,918,18,26,0,,31.673202514648438,FAILURE,-17.42131805419922,-30.27645082208149,
1,22.07924461364746,1.2396091222763062,0.12276812642812729,0.10496703535318375,7.010179917997448,29.987945247975176,-3.9129364490509033,919,19,1,0,,18.277292251586914,OUTBOUND,-17.323091506958008,0.0235298081124923,
1,21.95724105834961,1.2399799823760986,2.868072271347046,2.823293685913086,7.021172389009735,29.975857074310213,-3.8631644248962402,920,19,2,0,,7.386837959289551,OUTBOUND,-17.24486541748047,0.07009718995803689,
1,21.886260986328125,1.2403513193130493,2.7236385345458984,2.7402727603912354,7.032844320987351,29.96372149624571,-3.919552803039551,921,19,3,0,,15.072698593139648,OUTBOUND,-17.07665252685547,0.06282102538466128,
1,21.88427734375,1.2407231330871582,0.10958795249462128,0.13608750700950623,7.043801825988339,29.951593411676622,-3.912020683288574,922,19,4,0,,7.231367588043213,OUTBOUND,-17.06022834777832,0.05820214097174246,
1,21.85323143005371,1.2410951852798462,0.09926965832710266,0.10503728687763214,7.054783795989351,29.939436867093388,-3.9131431579589844,923,19,5,0,,6.405619144439697,OUTBOUND,-17.02497673034668,0.09854498865244997,
1,21.831989288330078,1.2414668798446655,0.17293089628219604,0.18492677807807922,7.066030799003784,29.927271844705313,-3.8965141773223877,924,19,6,0,,6.769085884094238,OUTBOUND,-17.009700775146484,0.10550245117658258,
1,21.855337142944336,1.241838812828064,0.11107420176267624,0.11116857826709747,7.076198213995667,29.915091989608747,-3.9109888076782227,925,19,7,0,,14.359214782714844,OUTBOUND,-16.99124526977539,0.0589003801990666,
1,22.09328269958496,1.2422133684158325,0.17616240680217743,0.17855049669742584,7.088063750998117,29.902895904696127,-3.9670145511627197,926,19,8,0,,3.279343366622925,OUTBOUND,-17.148807525634766,-0.008209130153924098,
1,22.183256149291992,1.242586374282837,4.376391887664795,4.378486633300781,7.100417131994618,29.89074438781703,-3.872875213623047,927,19,9,0,,42.60205078125,OUTBOUND,-17.29724884033203,-0.0741523124736436,
1,22.156530380249023,1.2429614067077637,0.2125292718410492,0.20714348554611206,7.110490001010476,29.87856656809752,-3.958646774291992,928,19,10,0,,11.104886054992676,OUTBOUND,-17.1546573638916,-0.09224147798694954,
1,22.293588638305664,1.2433364391326904,0.09952346235513687,0.1183425560593605,7.118326057010563,29.8663838544995,-3.9124362468719482,929,19,11,0,,3.7168824672698975,OUTBOUND,-17.358951568603516,-0.07002151338968618,
1,22.296775817871094,1.2437115907669067,2.8633475303649902,2.8641841411590576,7.1268835270020645,29.854223612585194,-3.911086082458496,930,19,12,0,,20.473817825317383,OUTBOUND,-17.332277297973633,-0.0742066606730496,
1,22.36630630493164,1.244085669517517,2.2871482372283936,2.3197154998779297,7.137046482996084,29.842057103575907,-3.8883583545684814,931,19,13,0,,12.281344413757324,OUTBOUND,-17.424671173095703,-0.08863361467272982,
1,22.504114151000977,1.2444604635238647,0.2936859130859375,0.3113974928855896,7.14780286300811,29.829833490168806,-3.9222652912139893,932,19,14,0,,19.200637817382812,OUTBOUND,-17.562450408935547,-0.0858702558194354,
1,22.568584442138672,1.2448348999023438,6.3266706466674805,6.425564765930176,7.159419172006892,29.81757072014262,-3.90315842628479,933,19,15,0,,32.38351821899414,OUTBOUND,-17.606590270996094,-0.1291042653621576,
1,22.660247802734375,1.2452081441879272,2.738180637359619,2.805255174636841,7.169462035992183,29.80535319605,-3.8804407119750977,934,19,16,0,,16.568382263183594,OUTBOUND,-17.764448165893555,-0.18419210017619905,
1,22.7326602935791,1.2455813884735107,5.228529930114746,5.210742473602295,7.176926027983427,29.793131885524804,-3.9029555320739746,935,19,17,0,,4.12505578994751,OUTBOUND,-17.824800491333008,-0.20054918784454476,
1,22.77650260925293,1.2459564208984375,2.052845001220703,2.0819830894470215,7.185043164005037,29.780875685906096,-3.9488918781280518,936,19,18,0,,20.446866989135742,OUTBOUND,-17.839794158935547,-0.2453932350401362,
1,22.687835693359375,1.2463288307189941,2.2394652366638184,2.264244794845581,7.19802042999072,29.768595770743882,-3.846137046813965,937,19,19,0,,18.051755905151367,OUTBOUND,-17.898561477661133,-0.2986229578890968,
1,22.821533203125,1.2467015981674194,4.1814751625061035,4.252731800079346,7.20950586500112,29.756289527878806,-3.909935474395752,938,19,20,0,,4.276167869567871,OUTBOUND,-17.972991943359375,-0.27556867437123156,
1,22.658992767333984,1.2470752000808716,2.52885365486145,2.525540351867676,7.21751174799283,29.744077473064273,-3.9259915351867676,939,19,21,0,,19.75208854675293,OUTBOUND,-17.81371307373047,-0.25101495256013057,
1,22.6538143157959,1.2474493980407715,2.475762367248535,2.488081216812134,7.225654289999511,29.73181705462843,-3.918405532836914,940,19,22,0,,7.9943766593933105,OUTBOUND,-17.820171356201172,-0.21700159422772494,
1,22.673442840576172,1.2478233575820923,4.263623237609863,4.334590435028076,7.235362548992271,29.719616447146894,-3.9004993438720703,941,19,23,0,,15.177244186401367,OUTBOUND,-17.836883544921875,-0.16313022322193568,
1,22.560134887695312,1.2481966018676758,0.3073568046092987,0.3080030381679535,7.246034388983389,29.70745134976352,-3.887467384338379,942,19,24,0,,7.187196254730225,OUTBOUND,-17.743684768676758,-0.1653569255822722,
1,22.728599548339844,1.2485718727111816,4.1477437019348145,4.209027290344238,7.253595555986976,29.695240661323748,-3.950807809829712,943,19,25,0,,27.05336570739746,OUTBOUND,-17.795764923095703,-0.1839880933739786,
1,22.614946365356445,1.2489469051361084,4.690658092498779,4.65031623840332,7.2634860549878795,29.683008050522133,-3.9051079750061035,944,19,26,0,,27.84490203857422,OUTBOUND,-17.714351654052734,-0.1975063948070686,
1,22.728294372558594,1.2493213415145874,2.0807671546936035,2.1147005558013916,7.271950185007881,29.670714460540893,-3.8905375003814697,945,19,27,0,,4.401061058044434,OUTBOUND,-17.813339233398438,-0.20028235581479606,
1,22.69236183166504,1.2496957778930664,2.087388038635254,2.115039825439453,7.27961979698739,29.658384942090454,-3.9074249267578125,946,19,28,0,,2.599081516265869,FAILURE,-17.766529083251953,-30.23790697874722,
1,22.870689392089844,1.250070333480835,2.359056234359741,2.3889784812927246,7.288114469993161,29.987974190927176,-3.906834125518799,947,20,1,0,,2.3899295330047607,OUTBOUND,-17.913631439208984,0.010242926169889524,
1,22.82952308654785,1.2504459619522095,2.0122594833374023,2.048496723175049,7.29818639298901,29.97590411246991,-3.931875705718994,948,20,2,0,,2.9565415382385254,OUTBOUND,-17.89594841003418,0.04983709042413192,
1,22.786231994628906,1.2508220672607422,0.20133636891841888,0.2259720265865326,7.310721661982825,29.963843443775684,-3.918196678161621,949,20,3,0,,13.774016380310059,OUTBOUND,-17.906517028808594,0.07070405237477342,
1,22.841875076293945,1.251198172569275,0.15088197588920593,0.16914862394332886,7.322278339008335,29.951720452475634,-3.9070849418640137,950,20,4,0,,16.75868797302246,OUTBOUND,-17.98626708984375,0.03714610732532761,
1,22.72555923461914,1.251571536064148,0.07677269726991653,0.08652260154485703,7.33366644999478,29.939627286343725,-3.8416543006896973,951,20,5,0,,14.69740104675293,OUTBOUND,-17.96293830871582,-0.017331346034999726,
1,22.9074649810791,1.2519468069076538,2.5990610122680664,2.6251680850982666,7.344366723991698,29.927529156026477,-3.9489688873291016,952,20,6,0,,14.846312522888184,OUTBOUND,-17.959064483642578,-0.01784672611800849,
1,22.800312042236328,1.2523213624954224,0.12078945338726044,0.12001615762710571,7.351598913985072,29.915433173013835,-3.8879714012145996,953,20,7,0,,10.113682746887207,OUTBOUND,-17.950824737548828,-0.01433045159737502,
1,22.856178283691406,1.252695918083191,0.08567869663238525,0.0830073133111,7.363071881991345,29.903290906767275,-3.9017019271850586,954,20,8,0,,4.427611827850342,OUTBOUND,-18.007347106933594,-0.0477680897164788,
1,22.81001853942871,1.25307035446167,1.9083575010299683,1.9300040006637573,7.372558715986088,29.891168889993715,-3.902827739715576,955,20,9,0,,14.266683578491211,OUTBOUND,-17.94011688232422,-0.06562213782778298,
1,22.75381851196289,1.2534451484680176,2.3770294189453125,2.42256236076355,7.383862410002621,29.879099702473013,-3.908566474914551,956,20,10,0,,16.919662475585938,OUTBOUND,-17.868261337280273,-0.08368942540902455,
1,22.846927642822266,1.2538200616836548,0.08943760395050049,0.10085519403219223,7.393923819996417,29.866982315003252,-3.905988931655884,957,20,11,0,,5.850991725921631,OUTBOUND,-17.924999237060547,-0.0852792612014031,
1,22.905277252197266,1.254193902015686,3.892974376678467,3.9614596366882324,7.403016402997309,29.854923422059233,-3.8782243728637695,958,20,12,0,,45.50205612182617,OUTBOUND,-17.93596839904785,-0.06941894415461043,
1,23.022541046142578,1.254567265510559,0.0755452811717987,0.08204623311758041,7.411410403001355,29.842830425086984,-3.8877031803131104,959,20,13,0,,1.031288981437683,OUTBOUND,-18.068370819091797,-0.09083098544088843,
1,23.18341064453125,1.2549408674240112,3.63995099067688,3.657135248184204,7.418540004990064,29.830733950557107,-3.9053502082824707,960,20,14,0,,23.932147979736328,OUTBOUND,-18.187219619750977,-0.13633920072654682,
1,23.061737060546875,1.2553144693374634,2.7952487468719482,2.725039482116699,7.4277739909884986,29.8186023118856,-3.898136615753174,961,20,15,0,,7.224616050720215,OUTBOUND,-18.047809600830078,-0.18576234077464537,
1,23.316120147705078,1.2556884288787842,0.1621716469526291,0.1892547756433487,7.436329212010605,29.80645666684519,-3.907090425491333,962,20,16,0,,24.086862564086914,OUTBOUND,-18.34963607788086,-0.22325007185800252,
1,23.3973388671875,1.2560628652572632,1.7876957654953003,1.8408236503601074,7.444555230991682,29.79427975132256,-3.911795139312744,963,20,17,0,,17.78931999206543,OUTBOUND,-18.466766357421875,-0.22431109594812257,
1,23.25570297241211,1.256437063217163,0.3960616886615753,0.41494059562683105,7.451596074010013,29.78205735271759,-3.8930537700653076,964,20,18,0,,33.99278259277344,OUTBOUND,-18.39982032775879,-0.1774782903710357,
1,23.279945373535156,1.256812334060669,2.5404326915740967,2.499591112136841,7.4592792830080725,29.76987147222098,-3.9262592792510986,965,20,19,0,,11.917293548583984,OUTBOUND,-18.42013931274414,-0.1369404269166035,
1,23.248735427856445,1.2571874856948853,2.5296220779418945,2.4967164993286133,7.4677174579992425,29.75766385211972,-3.8988208770751953,966,20,20,0,,4.915014743804932,OUTBOUND,-18.40021324157715,-0.13987095937079166,
1,23.147750854492188,1.2575623989105225,1.9977097511291504,2.0379464626312256,7.4748843270062935,29.74549162950612,-3.89687180519104,967,20,21,0,,4.456858158111572,OUTBOUND,-18.266000747680664,-0.14539705584744908,
1,23.31131935119629,1.257939100265503,3.325206995010376,3.388827323913574,7.48202379301074,29.73329905401601,-3.942483425140381,968,20,22,0,,31.924034118652344,OUTBOUND,-18.313613891601562,-0.1610036943262393,
1,23.29734992980957,1.2583160400390625,2.7018373012542725,2.6625173091888428,7.49342011398403,29.721061324387534,-3.9087276458740234,969,20,23,0,,22.600500106811523,OUTBOUND,-18.326702117919922,-0.20095957389562083,
1,23.47055435180664,1.2586936950683594,3.3750555515289307,3.4276938438415527,7.5037256100040395,29.708846513058905,-3.9234797954559326,970,20,24,0,,16.340248107910156,OUTBOUND,-18.45512580871582,-0.2418371745736703,
1,23.25383949279785,1.259072184562683,0.3566417992115021,0.3559664487838745,7.5115068790037185,29.696643357714045,-3.9280381202697754,971,20,25,0,,8.193680763244629,OUTBOUND,-18.246768951416016,-0.27674891702878257,
1,23.310121536254883,1.259450078010559,0.33045923709869385,0.32964545488357544,7.518400565983029,29.684382324723753,-3.8927857875823975,972,20,26,0,,10.092703819274902,OUTBOUND,-18.410144805908203,-0.32810185091774086,
1,23.453161239624023,1.259828805923462,0.1850704848766327,0.20363999903202057,7.525489863997791,29.672097724102642,-3.9255270957946777,973,20,27,0,,26.107492446899414,OUTBOUND,-18.535202026367188,-0.3582278645447026,
1,23.425100326538086,1.2602063417434692,1.8460285663604736,1.862173080444336,7.53334712900687,29.659796349186408,-3.8802030086517334,974,20,28,0,,7.242018222808838,OUTBOUND,-18.563610076904297,-0.37276300128563067,
1,23.520227432250977,1.2605845928192139,5.1452460289001465,5.189990520477295,7.5440697699959856,29.647440782651405,-3.9209513664245605,975,20,29,0,,40.924556732177734,OUTBOUND,-18.514097213745117,-0.36911679392038876,
1,23.43572425842285,1.2609615325927734,1.7802592515945435,1.80223548412323,7.551308680005604,29.635110012730934,-3.8734140396118164,976,20,30,0,,7.080750465393066,OUTBOUND,-18.49140167236328,-0.32930115695490986,
1,23.668020248413086,1.261337399482727,5.559568405151367,5.575655937194824,7.55905454599997,29.622840565126026,-3.8792216777801514,977,20,31,0,,34.70697021484375,OUTBOUND,-18.6593017578125,-0.32806753206249484,
1,23.65239906311035,1.2617119550704956,2.2384471893310547,2.2596492767333984,7.570480499998666,29.610552689075696,-3.8651676177978516,978,20,32,0,,13.010320663452148,FAILURE,-18.67255973815918,-30.35840030473584,
1,23.898014068603516,1.262088418006897,0.300993412733078,0.29979804158210754,7.583083739998983,29.98797500446718,-3.9431209564208984,979,21,1,0,,22.79191780090332,OUTBOUND,-18.878416061401367,0.014033263801344644,
1,23.738039016723633,1.2624644041061401,3.6497812271118164,3.6779568195343018,7.593017029983457,29.975920714289114,-3.8912813663482666,980,21,2,0,,3.6666746139526367,OUTBOUND,-18.80234146118164,0.04817768290127443,
1,23.881378173828125,1.2628408670425415,4.940514087677002,5.0269670486450195,7.603447425994091,29.96383583237392,-3.90915846824646,981,21,3,0,,20.870603561401367,OUTBOUND,-18.894397735595703,0.03501716177809128,
1,23.760358810424805,1.2632168531417847,0.27636584639549255,0.2753613591194153,7.614101691986434,29.951735035042542,-3.888530731201172,982,21,4,0,,39.077293395996094,OUTBOUND,-18.87948226928711,-0.02089278156587766,
1,23.890823364257812,1.2635947465896606,2.2573914527893066,2.2167582511901855,7.624954647006234,29.939657289890047,-3.944204330444336,983,21,5,0,,14.141846656799316,OUTBOUND,-18.930530548095703,-0.0859545722735283,
1,23.734952926635742,1.2639745473861694,1.718019723892212,1.7245742082595825,7.636915973998839,29.927538331308902,-3.9511847496032715,984,21,6,0,,5.808708190917969,OUTBOUND,-18.77825927734375,-0.09079735120381993,
1,23.911354064941406,1.2643555402755737,5.235104560852051,5.220858573913574,7.6479942410078365,29.91542175325697,-3.937506914138794,985,21,7,0,,25.960329055786133,OUTBOUND,-18.940837860107422,-0.037869853753932765,
1,23.627260208129883,1.264736294746399,1.6495400667190552,1.6596218347549438,7.659134921996156,29.90331798867892,-3.9014792442321777,986,21,8,0,,2.095855236053467,OUTBOUND,-18.69402313232422,-0.03087273569968627,
1,23.86146354675293,1.2651185989379883,3.4523284435272217,3.519211530685425,7.671301211987156,29.89117494572573,-3.94938588142395,987,21,9,0,,14.242201805114746,OUTBOUND,-18.875974655151367,-0.03430948265544826,
1,23.64834976196289,1.2654993534088135,0.16494742035865784,0.1716599017381668,7.682289418997243,29.879053902350446,-3.8757712841033936,988,21,10,0,,14.842679977416992,OUTBOUND,-18.74604606628418,0.01349326546351168,
1,23.86406135559082,1.2658799886703491,2.0492241382598877,2.069939136505127,7.693043970008148,29.866945478693573,-3.903247356414795,989,21,11,0,,9.50141716003418,OUTBOUND,-18.930622100830078,0.05301728230593798,
1,23.81490707397461,1.2662620544433594,0.11737172305583954,0.12608402967453003,7.705183115991531,29.854808638769704,-3.9435837268829346,990,21,12,0,,10.910480499267578,OUTBOUND,-18.834903717041016,0.032945851281889024,
1,23.816450119018555,1.2666454315185547,3.827251672744751,3.8518319129943848,7.71652196298237,29.8427256106209,-3.944124937057495,991,21,13,0,,30.12583351135254,OUTBOUND,-18.804338455200195,0.013853057369566199,
1,23.765785217285156,1.2670279741287231,0.15056270360946655,0.16409912705421448,7.725684903998626,29.83061011300084,-3.893289566040039,992,21,14,0,,10.59254264831543,OUTBOUND,-18.812532424926758,0.010274808846113313,
1,23.91661262512207,1.2674100399017334,3.6920337677001953,3.7123336791992188,7.733772392006358,29.818536879802867,-3.900782585144043,993,21,15,0,,23.849794387817383,OUTBOUND,-18.91965103149414,-0.005299990957274958,
1,23.964998245239258,1.2677909135818481,1.635330080986023,1.6363011598587036,7.742588430992328,29.80643194447106,-3.8823628425598145,994,21,16,0,,5.383128643035889,OUTBOUND,-19.000511169433594,-0.01754535792646653,
1,24.021114349365234,1.268172264099121,0.2486434280872345,0.2665444612503052,7.7520037409849465,29.79433006306916,-3.9196219444274902,995,21,17,0,,19.00011444091797,OUTBOUND,-19.031641006469727,-0.05899864484432821,
1,23.965015411376953,1.268553376197815,0.2414054274559021,0.24250376224517822,7.763162763003493,29.7821994338893,-3.9006636142730713,996,21,18,0,,10.833245277404785,OUTBOUND,-19.032848358154297,-0.10832505271022462,
1,23.957740783691406,1.2689354419708252,0.2642052173614502,0.2624335289001465,7.773055823985487,29.770022909427308,-3.9303808212280273,997,21,19,0,,5.813721179962158,OUTBOUND,-18.984283447265625,-0.15398513087796092,
1,24.009979248046875,1.269316554069519,2.0901308059692383,2.0520262718200684,7.782334441988496,29.757820543111094,-3.8869407176971436,998,21,20,0,,10.966278076171875,OUTBOUND,-19.04904556274414,-0.1676079845961048,
1,24.111082077026367,1.269697904586792,2.2916576862335205,2.20955491065979,7.792860073008342,29.74565778299045,-3.913755178451538,999,21,21,0,,5.556636333465576,OUTBOUND,-19.119882583618164,-0.17577136721434602,
1,24.050668716430664,1.2700800895690918,0.17526064813137054,0.17203813791275024,7.80499708498246,29.733466414093737,-3.9263060092926025,1000,21,22,0,,13.009779930114746,OUTBOUND,-19.06989097595215,-0.21850025528280054,
1,24.060590744018555,1.2704625129699707,0.32291680574417114,0.3168640434741974,7.814537539001321,29.721267307281266,-3.915802478790283,1001,21,23,0,,3.989783763885498,OUTBOUND,-19.110565185546875,-0.2198849770714981,
1,23.98961639404297,1.2708452939987183,0.11310906708240509,0.11175058037042618,7.82162588799838,29.70910799868991,-3.9190993309020996,1002,21,24,0,,8.061990737915039,OUTBOUND,-19.050376892089844,-0.22132772300852113,
1,23.972265243530273,1.2712281942367554,0.1215682402253151,0.12690044939517975,7.83150817398564,29.696915365916784,-3.911390542984009,1003,21,25,0,,4.615184783935547,OUTBOUND,-18.996631622314453,-0.21734364946202006,
1,23.90848731994629,1.2716107368469238,0.08260172605514526,0.08133429288864136,7.843107824999606,29.684713001458103,-3.8998193740844727,1004,21,26,0,,4.683650016784668,OUTBOUND,-18.956308364868164,-0.16643760728604773,
1,24.033395767211914,1.2719917297363281,1.7775524854660034,1.81298828125,7.854280116996961,29.67252097754148,-3.871281623840332,1005,21,27,0,,23.029150009155273,OUTBOUND,-19.07427978515625,-0.170425363010362,
1,24.095123291015625,1.272372841835022,0.0955144539475441,0.09976732730865479,7.86566396499984,29.66028246844935,-3.9081387519836426,1006,21,28,0,,4.501827239990234,OUTBOUND,-19.084728240966797,-0.23136999316086237,
1,24.275732040405273,1.2727535963058472,3.6113367080688477,3.5920817852020264,7.877363629988395,29.648015971690707,-3.8972856998443604,1007,21,29,0,,30.80133628845215,OUTBOUND,-19.20258903503418,-0.28490031405991567,
1,24.253841400146484,1.2731338739395142,0.09011966735124588,0.10298119485378265,7.888213486003224,29.635753613969307,-3.890763521194458,1008,21,30,0,,8.833292961120605,OUTBOUND,-19.23782730102539,-0.33210791469383166,
1,24.24893569946289,1.2735133171081543,1.528302788734436,1.5421992540359497,7.896751855994808,29.62345612200778,-3.881068706512451,1009,21,31,0,,6.715439319610596,OUTBOUND,-19.24893569946289,-0.34210371599368244,
1,24.36541748046875,1.2738919258117676,1.617999792098999,1.6393147706985474,7.906194912007777,29.61116948496243,-3.8808891773223877,1010,21,32,0,,7.080995082855225,FAILURE,-19.373132705688477,-20.31323375101584,
1,24.281696319580078,1.27427077293396,0.1687077134847641,0.1843549609184265,7.914311191998422,29.987973178982294,-3.90146541595459,1011,22,1,0,,20.713848114013672,OUTBOUND,-19.3237361907959,0.0016500757638353938,
1,24.37419319152832,1.2746500968933105,1.9839732646942139,1.9545851945877075,7.921474720002152,29.97591791396207,-3.911545753479004,1012,22,2,0,,1.3188519477844238,OUTBOUND,-19.376541137695312,0.009468698253141271,
1,24.5883731842041,1.2750307321548462,5.020720958709717,4.982834339141846,7.928520654008025,29.963836207381824,-3.929955244064331,1013,22,3,0,,31.094430923461914,OUTBOUND,-19.534238815307617,-0.02941768901341301,
1,24.553316116333008,1.275410771369934,1.9210188388824463,1.8798301219940186,7.936177028983366,29.951736676126313,-3.8865435123443604,1014,22,4,0,,2.0555925369262695,OUTBOUND,-19.54678726196289,-0.07518569754078092,
1,24.53139305114746,1.2757904529571533,1.5282658338546753,1.5491540431976318,7.94666938498267,29.93959168721304,-3.889676809310913,1015,22,5,0,,8.078763008117676,OUTBOUND,-19.53782844543457,-0.06721672452560551,
1,24.66666603088379,1.2761693000793457,1.441899299621582,1.4536486864089966,7.957605550007429,29.927453703448705,-3.880662441253662,1016,22,6,0,,3.4941234588623047,OUTBOUND,-19.680038452148438,-0.05065468649696386,
1,24.54060935974121,1.27655029296875,0.16879114508628845,0.17117582261562347,7.968350790004479,29.91526051750947,-3.946932077407837,1017,22,7,0,,20.71088218688965,OUTBOUND,-19.537118911743164,-0.02176931083172495,
1,24.419878005981445,1.2769300937652588,0.10726968944072723,0.1029854267835617,7.976562611002009,29.90308344865745,-3.872194766998291,1018,22,8,0,,17.180253982543945,OUTBOUND,-19.51974868774414,-0.00547892754972003,
1,24.43621063232422,1.2773091793060303,0.13115669786930084,0.13394401967525482,7.9852297010074835,29.89093068422765,-3.8794949054718018,1019,22,9,0,,15.75916576385498,OUTBOUND,-19.557186126708984,-0.03130892949278944,
1,24.214107513427734,1.2776862382888794,0.12175146490335464,0.11916645616292953,7.995831998996437,29.878726481033933,-3.8486475944519043,1020,22,10,0,,4.687232971191406,OUTBOUND,-19.378189086914062,-0.07885418024192975,
1,24.372108459472656,1.2780654430389404,0.3284856081008911,0.32925358414649963,8.007882853009505,29.86648205012113,-3.942420244216919,1021,22,11,0,,3.5753989219665527,OUTBOUND,-19.41636848449707,-0.14384431247969678,
1,24.28763771057129,1.278444528579712,0.09734905511140823,0.11220447719097137,8.01636949100066,29.854205309878648,-3.8927412033081055,1022,22,12,0,,14.082873344421387,OUTBOUND,-19.36884117126465,-0.14543390780286633,
1,24.415767669677734,1.2788232564926147,3.4808712005615234,3.5416202545166016,8.0240038310003,29.841967674820584,-3.886647939682007,1023,22,13,0,,54.129432678222656,OUTBOUND,-19.354652404785156,-0.09226297872970665,
1,24.510034561157227,1.2792024612426758,1.5246530771255493,1.5556576251983643,8.031525884987786,29.829751843695266,-3.905296802520752,1024,22,14,0,,31.830598831176758,OUTBOUND,-19.39312744140625,-0.062583539005191,
1,24.59003448486328,1.2795813083648682,0.1263517141342163,0.1276659071445465,8.039967177988729,29.81755787377723,-3.885056972503662,1025,22,15,0,,2.5208160877227783,OUTBOUND,-19.515474319458008,-0.03663861189438742,
1,24.734262466430664,1.2799615859985352,1.4045425653457642,1.3887856006622314,8.050230861001182,29.805325164805854,-3.9285736083984375,1026,22,16,0,,12.204100608825684,OUTBOUND,-19.600318908691406,-0.03263866182611144,
1,24.782472610473633,1.2803435325622559,1.3620555400848389,1.3588345050811768,8.061232384003233,29.793156750332006,-3.9386651515960693,1027,22,17,0,,6.1600260734558105,OUTBOUND,-19.644153594970703,-0.02974367642587429,
1,24.893714904785156,1.2807248830795288,0.09838677197694778,0.12811920046806335,8.072460430004867,29.780931261548808,-3.8847877979278564,1028,22,18,0,,21.43250274658203,OUTBOUND,-19.871902465820312,-0.02115456035663306,
1,24.853763580322266,1.281106948852539,0.09156112372875214,0.10675138980150223,8.080366646987386,29.76876125429339,-3.917156934738159,1029,22,19,0,,22.06085777282715,OUTBOUND,-19.837383270263672,-0.06950549838725358,
1,24.713579177856445,1.2814854383468628,0.08458499610424042,0.09229226410388947,8.088572823995491,29.756605862737782,-3.813143491744995,1030,22,20,0,,14.297593116760254,OUTBOUND,-19.827392578125,-0.10100123738458117,
1,24.98832893371582,1.2818632125854492,3.0226075649261475,3.0456647872924805,8.099329644988757,29.74446803488695,-3.8739535808563232,1031,22,21,0,,6.209399700164795,OUTBOUND,-20.022422790527344,-0.09503907861026525,
1,24.847965240478516,1.2822412252426147,0.10894521325826645,0.08654195815324783,8.109059117006836,29.732328241280758,-3.8963208198547363,1032,22,22,0,,15.63923168182373,OUTBOUND,-19.883472442626953,-0.10362470457068439,
1,24.787805557250977,1.2826206684112549,1.5053800344467163,1.5690730810165405,8.117550658993423,29.720170451584806,-3.920747756958008,1033,22,23,0,,7.582993984222412,OUTBOUND,-19.768957138061523,-0.12923759726221912,
1,25.202131271362305,1.283004879951477,1.4355067014694214,1.4823511838912964,8.12591574099497,29.707991019107947,-4.0107421875,1034,22,24,0,,11.536299705505371,OUTBOUND,-20.06839370727539,-0.16971605846663324,
1,24.904666900634766,1.2833902835845947,1.4053161144256592,1.4424207210540771,8.134171735990094,29.695787508309902,-3.931492328643799,1035,22,25,0,,15.410408973693848,OUTBOUND,-19.849441528320312,-0.17170952959615612,
1,24.909378051757812,1.283775806427002,3.6586527824401855,3.5655760765075684,8.14225984600489,29.683647560157084,-3.9090044498443604,1036,22,26,0,,24.029956817626953,OUTBOUND,-19.835664749145508,-0.15726397313286805,
1,25.15267562866211,1.284162163734436,2.794572353363037,2.810662269592285,8.150918414990883,29.67149416213361,-3.928395986557007,1037,22,27,0,,22.737552642822266,OUTBOUND,-20.0197696685791,-0.17371815989606645,
1,25.173460006713867,1.2845486402511597,1.4196394681930542,1.4655630588531494,8.159362879989203,29.659280193712124,-3.911419153213501,1038,22,28,0,,8.386055946350098,OUTBOUND,-20.055620193481445,-0.190176616446373,
1,25.17755889892578,1.2849349975585938,0.22999437153339386,0.2595393657684326,8.170036891009659,29.647104063143257,-3.904848337173462,1039,22,29,0,,26.004119873046875,OUTBOUND,-20.135595321655273,-0.21548237024318245,
1,25.182754516601562,1.2853201627731323,3.230046272277832,3.206991672515869,8.180746797006577,29.634888074255947,-3.877161979675293,1040,22,30,0,,9.144497871398926,OUTBOUND,-20.1716251373291,-0.26198887435656093,
1,25.17144775390625,1.2857023477554321,1.7616055011749268,1.7441104650497437,8.18888409799547,29.622629074902726,-3.8351550102233887,1041,22,31,0,,11.233868598937988,OUTBOUND,-20.233867645263672,-0.29237713411902977,
1,25.037342071533203,1.2860827445983887,0.16918833553791046,0.18344536423683167,8.196308384009171,29.61033727882391,-3.854159355163574,1042,22,32,0,,15.091104507446289,OUTBOUND,-20.118656158447266,-0.34264535300421567,
1,25.15170669555664,1.2864633798599243,2.476691961288452,2.4889397621154785,8.206518958002562,29.598006850848773,-3.899810314178467,1043,22,33,0,,12.147618293762207,OUTBOUND,-20.14067840576172,-0.39342964420647697,
1,25.180866241455078,1.2868444919586182,2.617173194885254,2.641298294067383,8.21844605798833,29.585688003142256,-3.9013469219207764,1044,22,34,0,,15.493432998657227,OUTBOUND,-20.14361572265625,-0.3751077142090691,
1,25.126758575439453,1.2872273921966553,0.1274254024028778,0.1222100555896759,8.229908777982928,29.57340479569736,-3.9385528564453125,1045,22,35,0,,14.135662078857422,OUTBOUND,-20.0705623626709,-0.3595342933351692,
1,25.322696685791016,1.287611484527588,2.6015114784240723,2.6353039741516113,8.24066704500001,29.561102541162114,-3.9269168376922607,1046,22,36,0,,14.492019653320312,OUTBOUND,-20.23828887939453,-0.36358059678583354,
1,25.243467330932617,1.2879960536956787,0.10960190743207932,0.0986192375421524,8.252067780995276,29.54879397486403,-3.9097163677215576,1047,22,37,0,,11.633613586425781,OUTBOUND,-20.208248138427734,-0.3763216872997522,
1,25.34349822998047,1.2883824110031128,1.6506056785583496,1.6223196983337402,8.261736334010493,29.53651465748829,-3.9458930492401123,1048,22,38,0,,3.429453134536743,OUTBOUND,-20.268081665039062,-0.3909163057075721,
1,25.359697341918945,1.28876793384552,1.318075180053711,1.355149507522583,8.273000524000963,29.52420193575038,-3.8833751678466797,1049,22,39,0,,9.443833351135254,OUTBOUND,-20.344066619873047,-0.3488233773422362,
1,25.185867309570312,1.289154052734375,1.5234441757202148,1.5288734436035156,8.284556423983304,29.511976244410288,-3.9198811054229736,1050,22,40,0,,10.843198776245117,OUTBOUND,-20.105762481689453,-0.2945278845829404,
1,25.28954315185547,1.2895396947860718,0.1306970715522766,0.13211582601070404,8.292167287989287,29.499740641787405,-3.8892993927001953,1051,22,41,0,,13.839200973510742,OUTBOUND,-20.279775619506836,-0.24931737931347747,
1,25.326406478881836,1.2899224758148193,3.8686795234680176,3.8872230052948,8.300262957985979,29.487572507963215,-3.836850166320801,1052,22,42,0,,33.99213790893555,OUTBOUND,-20.312665939331055,-0.2156926735533358,
1,25.383289337158203,1.2903039455413818,0.16026441752910614,0.1709614396095276,8.309530500002438,29.475386579118954,-3.8632824420928955,1053,22,43,0,,15.863319396972656,OUTBOUND,-20.39466667175293,-0.24382949382004399,
1,25.481399536132812,1.2906876802444458,0.15764550864696503,0.16612708568572998,8.320653903007042,29.463184674515386,-3.9489951133728027,1054,22,44,0,,14.786776542663574,FAILURE,-20.37330436706543,-30.253260349805636,
1,25.47878646850586,1.2910728454589844,0.08539474010467529,0.09482602775096893,8.32859327000915,29.98796762337105,-3.9278268814086914,1055,23,1,0,,14.584050178527832,OUTBOUND,-20.42691993713379,-0.0001975409728383476,
1,25.384056091308594,1.2914572954177856,2.2297658920288086,2.2351136207580566,8.335681905009551,29.975881706019663,-3.883836030960083,1056,23,2,0,,33.178253173828125,OUTBOUND,-20.35742950439453,0.024334093809047202,
1,25.59601402282715,1.2918422222137451,1.1416699886322021,1.1508145332336426,8.343620775995078,29.96374898967488,-3.908506155014038,1057,23,3,0,,9.464386940002441,OUTBOUND,-20.507797241210938,0.04907977549436313,
1,25.641040802001953,1.2922276258468628,1.5290899276733398,1.528543472290039,8.351748515007785,29.951588079339277,-3.9132847785949707,1058,23,4,0,,4.509712219238281,OUTBOUND,-20.5122013092041,0.0415805849458475,
1,25.616270065307617,1.292614221572876,1.532785177230835,1.5059047937393188,8.360276246006833,29.939416253315166,-3.926976203918457,1059,23,5,0,,6.506336212158203,OUTBOUND,-20.504423141479492,0.022825011185481955,
1,25.720901489257812,1.2930028438568115,3.474745273590088,3.4702024459838867,8.367655734007712,29.92720769057244,-3.952585458755493,1060,23,6,0,,26.460851669311523,OUTBOUND,-20.53681182861328,-0.0024446669231245216,
1,25.828054428100586,1.2933926582336426,1.1759936809539795,1.1653552055358887,8.375000116997398,29.914997380718543,-3.9344277381896973,1061,23,7,0,,9.126142501831055,OUTBOUND,-20.683761596679688,-0.027245755895489915,
1,25.767974853515625,1.293782353401184,1.6574437618255615,1.603474736213684,8.383054517995333,29.902764108531724,-3.9079694747924805,1062,23,8,0,,19.451494216918945,OUTBOUND,-20.703773498535156,-0.028699185185832185,
1,25.929670333862305,1.2941728830337524,1.1643821001052856,1.1784725189208984,8.393435823003529,29.890510331227777,-3.9286041259765625,1063,23,9,0,,25.672761917114258,OUTBOUND,-20.871742248535156,-0.01789993931054818,
1,25.66360855102539,1.2945636510849,0.2719436287879944,0.2713145613670349,8.404078489984386,29.878209035181644,-3.9173338413238525,1064,23,10,0,,24.255298614501953,OUTBOUND,-20.662250518798828,0.01164325510172086,
1,25.751420974731445,1.2949544191360474,1.3748133182525635,1.393250823020935,8.416526254004566,29.865939285105863,-3.9080917835235596,1065,23,11,0,,3.6681430339813232,OUTBOUND,-20.763153076171875,0.013456197342073907,
1,25.64418601989746,1.2953450679779053,1.516351342201233,1.4819369316101074,8.428852748998906,29.85366498902352,-3.9108662605285645,1066,23,12,0,,11.693401336669922,OUTBOUND,-20.621685028076172,-0.02935738597392305,
1,25.712875366210938,1.295736312866211,1.6521097421646118,1.5860337018966675,8.439741481008241,29.841382458497378,-3.925367832183838,1067,23,13,0,,19.840700149536133,OUTBOUND,-20.62852668762207,-0.08726699242307001,
1,25.6328125,1.296128511428833,1.0482637882232666,1.0543758869171143,8.44936828900245,29.829084389144448,-3.934713363647461,1068,23,14,0,,11.186219215393066,OUTBOUND,-20.509017944335938,-0.13269160458916404,
1,25.660993576049805,1.2965197563171387,0.10211610794067383,0.10592017322778702,8.460673388995929,29.81681386296858,-3.8911819458007812,1069,23,15,0,,1.0788780450820923,OUTBOUND,-20.60938262939453,-0.11785906417117359,
1,25.91078758239746,1.2969096899032593,4.085480213165283,3.956486940383911,8.470525512995664,29.804583700360602,-3.876884698867798,1070,23,16,0,,41.173397064208984,OUTBOUND,-20.775117874145508,-0.09231623084072428,
1,25.93294906616211,1.2972991466522217,1.4051390886306763,1.3921799659729004,8.478356273990357,29.792307662526547,-3.8986525535583496,1071,23,17,0,,9.964098930358887,OUTBOUND,-20.759408950805664,-0.10224482543905408,
1,26.027023315429688,1.2976878881454468,2.2606258392333984,2.2626352310180664,8.49101420698571,29.78001586788303,-3.8891124725341797,1072,23,18,0,,10.565521240234375,OUTBOUND,-20.873321533203125,-0.10803327899583326,
1,26.114599227905273,1.2980775833129883,1.2732741832733154,1.2841333150863647,8.500038431986468,29.767731113027757,-3.9262280464172363,1073,23,19,0,,14.740055084228516,OUTBOUND,-20.957685470581055,-0.12586621579286814,
1,26.278369903564453,1.2984682321548462,1.1220388412475586,1.1122629642486572,8.507671528990613,29.755471986695877,-3.930158853530884,1074,23,20,0,,19.488956451416016,OUTBOUND,-21.153169631958008,-0.16016797488665388,
1,26.166500091552734,1.2988606691360474,0.17020171880722046,0.17108313739299774,8.517182807991048,29.743246758830576,-3.9502687454223633,1075,23,21,0,,27.8334903717041,OUTBOUND,-21.088777542114258,-0.1583086320982445,
1,25.937299728393555,1.299252986907959,0.12304461747407913,0.11596782505512238,8.525150130997645,29.731002700719056,-3.910166025161743,1076,23,22,0,,21.543607711791992,OUTBOUND,-20.92696189880371,-0.15814791351823076,
1,26.02985954284668,1.2996463775634766,0.9738492369651794,0.9780721664428711,8.532335288007744,29.718729867825626,-3.935758352279663,1077,23,23,0,,2.066162347793579,OUTBOUND,-20.992904663085938,-0.16781720010373508,
1,26.041614532470703,1.3000413179397583,1.3047767877578735,1.3379825353622437,8.539679109002464,29.70643894135999,-3.952261447906494,1078,23,24,0,,3.1957175731658936,OUTBOUND,-20.96216583251953,-0.16316102033483473,
1,25.70490074157715,1.3004350662231445,0.07331743836402893,0.08969490230083466,8.54724967799848,29.694078667684987,-3.888442277908325,1079,23,25,0,,11.841938018798828,OUTBOUND,-20.70032501220703,-0.17302025821115607,
1,25.883459091186523,1.3008288145065308,1.108288288116455,1.1387346982955933,8.555648481997196,29.681664893183125,-3.9142227172851562,1080,23,26,0,,19.658794403076172,OUTBOUND,-20.779584884643555,-0.21244856132123646,
1,26.079519271850586,1.301223635673523,3.184149980545044,3.252554416656494,8.563170189008815,29.669211856617547,-3.93904185295105,1081,23,27,0,,47.58330154418945,FAILURE,-20.845815658569336,-30.228393651518594,
1,26.05619239807129,1.3016196489334106,0.09298539161682129,0.0951145589351654,8.572106450010324,29.987988126291068,-3.945281505584717,1082,24,1,0,,3.276024341583252,OUTBOUND,-20.825727462768555,-0.0012933352996226486,
1,26.174541473388672,1.3020154237747192,0.0869981050491333,0.09111111611127853,8.57977356799529,29.975931453441476,-3.9131698608398438,1083,24,2,0,,9.158717155456543,OUTBOUND,-21.027759552001953,0.022155603689925637,
1,26.291948318481445,1.3024110794067383,0.11159135401248932,0.12559065222740173,8.59034665900981,29.963848556886525,-3.916717052459717,1084,24,3,0,,13.152408599853516,OUTBOUND,-21.15819549560547,0.01828423816292794,
1,26.122310638427734,1.3028048276901245,0.888107419013977,0.9042440056800842,8.598246401990764,29.951770528890247,-3.8714752197265625,1085,24,4,0,,2.836432933807373,OUTBOUND,-21.06660270690918,-0.0340469333154112,
1,26.224952697753906,1.303199291229248,1.036043643951416,1.0340229272842407,8.606906308006728,29.939651265941578,-3.9281513690948486,1086,24,5,0,,3.2405996322631836,OUTBOUND,-21.068058013916016,-0.0981855362874287,
1,26.224584579467773,1.3035907745361328,1.4217325448989868,1.3856301307678223,8.61450559500372,29.92748525917666,-3.845656633377075,1087,24,6,0,,3.5871479511260986,OUTBOUND,-21.174840927124023,-0.1498568810966629,
1,26.468008041381836,1.303984522819519,2.7673938274383545,2.6960811614990234,8.626214215997607,29.915262274715513,-3.9598569869995117,1088,24,7,0,,14.699798583984375,OUTBOUND,-21.246662139892578,-0.20665086882624936,
1,26.397388458251953,1.3043780326843262,1.4345545768737793,1.3860102891921997,8.633694304007804,29.903041435840226,-3.9046595096588135,1089,24,8,0,,8.78554630279541,OUTBOUND,-21.29362678527832,-0.26017713551218824,
1,26.414037704467773,1.3047704696655273,1.0558713674545288,1.0744470357894897,8.640860626997892,29.890773472591484,-3.887354612350464,1090,24,9,0,,1.945664882659912,OUTBOUND,-21.302532196044922,-0.28370693435935374,
1,26.307571411132812,1.305161952972412,0.8722054958343506,0.8918828368186951,8.648606100992765,29.87855239621097,-3.886636257171631,1091,24,10,0,,7.495131492614746,OUTBOUND,-21.249879837036133,-0.28481785782271973,
1,26.439180374145508,1.3055529594421387,0.8674904108047485,0.871731162071228,8.6577052299981,29.866319913142675,-3.8928756713867188,1092,24,11,0,,4.191958904266357,OUTBOUND,-21.349977493286133,-0.3189367960326288,
1,26.47909927368164,1.3059446811676025,0.09165456891059875,0.08587232977151871,8.665404270985164,29.854056686157662,-3.9227025508880615,1093,24,12,0,,12.190823554992676,OUTBOUND,-21.367034912109375,-0.36064583084249213,
1,26.45819664001465,1.3063371181488037,0.08063837140798569,0.07001688331365585,8.672255356010282,29.841770625279526,-3.921774387359619,1094,24,13,0,,16.837507247924805,OUTBOUND,-21.37877082824707,-0.38090639848690794,
1,26.339641571044922,1.3067282438278198,2.1209418773651123,2.0920238494873047,8.679652096994687,29.82945841310124,-3.8759353160858154,1095,24,14,0,,27.717872619628906,OUTBOUND,-21.249298095703125,-0.3952407873045821,
1,26.522598266601562,1.3071197271347046,1.5979785919189453,1.6185948848724365,8.687531895993743,29.817111634732715,-3.9133739471435547,1096,24,15,0,,31.559368133544922,OUTBOUND,-21.334192276000977,-0.39814917345638623,
1,26.628833770751953,1.307510495185852,2.296830654144287,2.3129520416259766,8.696455644007074,29.804735210608882,-3.8861634731292725,1097,24,16,0,,29.086423873901367,OUTBOUND,-21.433250427246094,-0.38098806482109676,
1,26.558250427246094,1.3079016208648682,0.24513158202171326,0.25539830327033997,8.705236501002219,29.792404929438405,-3.9119086265563965,1098,24,17,0,,20.760202407836914,OUTBOUND,-21.37918472290039,-0.3474598247730404,
1,26.662113189697266,1.3082937002182007,0.13333232700824738,0.15234853327274323,8.7129418689874,29.78007608358698,-3.924935817718506,1099,24,18,0,,18.422077178955078,OUTBOUND,-21.49612808227539,-0.32058328025416283,
1,26.632524490356445,1.308685541152954,0.13510629534721375,0.14413268864154816,8.725666329002706,29.767743884222806,-3.8972702026367188,1100,24,19,0,,16.564830780029297,OUTBOUND,-21.54546546936035,-0.27685395441749006,
1,26.76812744140625,1.3090779781341553,0.8269152045249939,0.8338194489479065,8.733446530997753,29.75547692967514,-3.919015645980835,1101,24,20,0,,6.568082809448242,OUTBOUND,-21.66362953186035,-0.25048454213101834,
1,26.523122787475586,1.3094699382781982,0.8195446133613586,0.8216050267219543,8.740626888989937,29.743175102657702,-3.897345542907715,1102,24,21,0,,5.3678717613220215,OUTBOUND,-21.427778244018555,-0.2704619663082801,
1,26.466224670410156,1.3098608255386353,0.7752766609191895,0.7759801149368286,8.748292381002102,29.730891670718943,-3.8742239475250244,1103,24,22,0,,5.816715240478516,OUTBOUND,-21.393611907958984,-0.2609656818893707,
1,26.58635711669922,1.3102495670318604,1.329452395439148,1.302134394645691,8.759001992002595,29.71862611462601,-3.852787494659424,1104,24,23,0,,12.33271598815918,OUTBOUND,-21.50695037841797,-0.259010339114272,
1,26.618057250976562,1.310638189315796,0.9442010521888733,0.943773090839386,8.7677790739981,29.7063001982174,-3.8928420543670654,1105,24,24,0,,9.04536247253418,FAILURE,-21.469287872314453,-30.32661211712449,
1,26.78108787536621,1.311029076576233,0.9036507606506348,0.8731155395507812,8.775804964010604,29.98797800736422,-3.9478759765625,1106,25,1,0,,13.241185188293457,OUTBOUND,-21.54807472229004,0.012802490369301929,
1,26.857666015625,1.3114184141159058,0.8632298111915588,0.8834463357925415,8.787484508007765,29.97588302279716,-3.862705707550049,1107,25,2,0,,2.202075481414795,OUTBOUND,-21.751720428466797,0.0006424301635215791,
1,26.955991744995117,1.3118101358413696,0.1621178835630417,0.16929389536380768,8.800008892983897,29.963818378800898,-3.9539780616760254,1108,25,3,0,,17.620847702026367,OUTBOUND,-21.7802791595459,-0.001586376138514681,
1,26.955387115478516,1.3122047185897827,0.9186492562294006,0.9175403714179993,8.810168923984747,29.95173232360921,-3.966825008392334,1109,25,4,0,,7.989075183868408,OUTBOUND,-21.74834442138672,0.004282910455085312,
1,26.975828170776367,1.3125989437103271,2.3066818714141846,2.2462146282196045,8.818108097009826,29.93966994985014,-3.9019150733947754,1110,25,5,0,,12.687544822692871,OUTBOUND,-21.80746078491211,0.008651493463606027,
1,26.96629524230957,1.3129920959472656,0.098953977227211,0.10154886543750763,8.825670963997254,29.92760855104927,-3.8801465034484863,1111,25,6,0,,15.436335563659668,OUTBOUND,-21.84572982788086,0.06071682601426064,
1,26.85944366455078,1.3133844137191772,1.2010961771011353,1.166222333908081,8.833976378984516,29.915520399007097,-3.883237361907959,1112,25,7,0,,1.674684762954712,OUTBOUND,-21.746816635131836,0.062270394068214024,
1,27.14459228515625,1.3137785196304321,0.8353374004364014,0.8653228878974915,8.841959249984939,29.903455200258442,-3.944458246231079,1113,25,8,0,,2.3499042987823486,OUTBOUND,-21.933576583862305,0.018252301010799145,
1,27.157886505126953,1.3141708374023438,3.746565103530884,3.7242074012756348,8.849533141008578,29.891380709686885,-3.863938808441162,1114,25,9,0,,41.01582336425781,OUTBOUND,-21.992523193359375,0.02621726350775901,
1,27.141464233398438,1.314564824104309,2.450467109680176,2.4196434020996094,8.857278901006794,29.879266801661835,-3.9406075477600098,1115,25,10,0,,27.357221603393555,OUTBOUND,-21.832971572875977,0.07524467770786056,
1,27.384122848510742,1.3149596452713013,0.8617770671844482,0.8544397354125977,8.865232882002601,29.8671407122471,-3.92508602142334,1116,25,11,0,,9.948074340820312,OUTBOUND,-22.13735008239746,0.06725334807973181,
1,27.297012329101562,1.3153541088104248,1.1812078952789307,1.2093771696090698,8.872755524993408,29.855093030589497,-3.8990345001220703,1117,25,12,0,,31.998798370361328,OUTBOUND,-22.13753890991211,0.061429090038559786,
1,27.352231979370117,1.315751075744629,0.8741108775138855,0.8602359890937805,8.880244811007287,29.843024030604976,-3.962207317352295,1118,25,13,0,,22.79230499267578,OUTBOUND,-22.16824722290039,0.07202360718149499,
1,27.1426944732666,1.3161472082138062,0.16666816174983978,0.15627676248550415,8.887835047993576,29.830938702813878,-3.8906936645507812,1119,25,14,0,,26.422731399536133,OUTBOUND,-22.085527420043945,0.033000203208759224,
1,27.18895721435547,1.316542387008667,3.76566743850708,3.7075071334838867,8.898260215006303,29.81886976890023,-3.8892641067504883,1120,25,15,0,,27.45662498474121,OUTBOUND,-22.087322235107422,-0.011574200704793104,
1,27.43648910522461,1.3169398307800293,1.2936893701553345,1.2957243919372559,8.907014592987252,29.806796196226497,-3.958672523498535,1121,25,16,0,,3.587073802947998,OUTBOUND,-22.2340145111084,-0.05811928196203345,
1,27.24982452392578,1.3173339366912842,1.170424461364746,1.112719178199768,8.914630129002035,29.794713837379774,-3.831738233566284,1122,25,17,0,,5.897636413574219,OUTBOUND,-22.20182991027832,-0.06570335296177866,
1,27.166812896728516,1.3177285194396973,0.8047603964805603,0.8126947283744812,8.922213771991665,29.782652664688598,-3.9161148071289062,1123,25,18,0,,4.025538444519043,OUTBOUND,-22.020498275756836,-0.015604209590775183,
1,27.22022247314453,1.3181244134902954,2.7643518447875977,2.7153677940368652,8.931980805005878,29.77059088051064,-3.932556629180908,1124,25,19,0,,31.79979133605957,OUTBOUND,-21.98943328857422,-0.0246402535808105,
1,27.33920669555664,1.3185222148895264,1.2491841316223145,1.1781624555587769,8.939545717992587,29.75851539176734,-3.952038049697876,1125,25,20,0,,3.244506359100342,OUTBOUND,-22.078018188476562,-0.037573867950227186,
1,27.321250915527344,1.3189189434051514,0.7021424174308777,0.7081676721572876,8.949277531995904,29.746489386912636,-3.886819839477539,1126,25,21,0,,3.2432467937469482,OUTBOUND,-22.16119956970215,-0.023120314834592422,
1,27.3238468170166,1.3193144798278809,0.11904057115316391,0.13605645298957825,8.96060929298983,29.734417032845982,-3.880180597305298,1127,25,22,0,,17.398643493652344,OUTBOUND,-22.20408821105957,0.0008074098214504046,
1,27.11888885498047,1.3197091817855835,1.285323977470398,1.2146092653274536,8.972171383007662,29.72234506632169,-3.8870689868927,1128,25,23,0,,5.152073383331299,OUTBOUND,-22.016040802001953,0.006909572309739159,
1,27.387603759765625,1.3201042413711548,1.3731187582015991,1.3680006265640259,8.982962740992662,29.710289849125257,-3.909921646118164,1129,25,24,0,,8.340787887573242,OUTBOUND,-22.239030838012695,0.0055892982586786474,
1,27.496349334716797,1.3205007314682007,3.870635986328125,3.7623238563537598,8.992005770996911,29.698194342545808,-3.93660569190979,1130,25,25,0,,50.42236328125,OUTBOUND,-22.20161247253418,0.05916943875418288,
1,27.487743377685547,1.3208959102630615,0.6585578322410583,0.6606159210205078,9.00072300300235,29.68604992967475,-3.8786189556121826,1131,25,26,0,,1.3265018463134766,OUTBOUND,-22.29151725769043,0.08693134043399169,
1,27.695907592773438,1.3212933540344238,1.2904672622680664,1.3469593524932861,9.009605030005332,29.673869576775605,-3.9516472816467285,1132,25,27,0,,5.6217875480651855,OUTBOUND,-22.398935317993164,0.08247230803333377,
1,27.568937301635742,1.3216904401779175,0.23267750442028046,0.23275552690029144,9.01682882400928,29.661665542703012,-3.904149055480957,1133,25,28,0,,21.734378814697266,OUTBOUND,-22.362958908081055,0.08898336265165288,
1,27.760910034179688,1.3220878839492798,0.9411113262176514,0.9497774243354797,9.024428222997813,29.649435474818628,-3.914868116378784,1134,25,29,0,,17.32683753967285,OUTBOUND,-22.581417083740234,0.08299966373230754,
1,27.546117782592773,1.3224865198135376,1.8231186866760254,1.7481496334075928,9.032028090005042,29.637204288459632,-3.9318950176239014,1135,25,30,0,,8.331039428710938,OUTBOUND,-22.37506675720215,0.049221273950377974,
1,27.681705474853516,1.3228850364685059,0.7355664968490601,0.7230752110481262,9.040826326992828,29.624932119427,-3.912142753601074,1136,25,31,0,,12.812664985656738,OUTBOUND,-22.545001983642578,0.05398909483761674,
1,27.4644775390625,1.32328200340271,0.06916987150907516,0.06260060518980026,9.048448757006554,29.61265564917717,-3.8699889183044434,1137,25,32,0,,11.060043334960938,OUTBOUND,-22.3841495513916,0.05401367541105859,
1,27.531482696533203,1.3236762285232544,1.5687110424041748,1.6114723682403564,9.05678765999619,29.60047851813546,-3.84598445892334,1138,25,33,0,,22.8696346282959,OUTBOUND,-22.441572189331055,0.031191034964788384,
1,27.406648635864258,1.3240715265274048,0.07554004341363907,0.0771990567445755,9.065844608005136,29.58826646050556,-3.9213459491729736,1139,25,34,0,,1.0607441663742065,OUTBOUND,-22.252408981323242,0.0028720017880092155,
1,27.543821334838867,1.3244680166244507,0.14715726673603058,0.1658046990633011,9.0757485019858,29.576098387405246,-3.929396152496338,1140,25,35,0,,1.4111223220825195,OUTBOUND,-22.329986572265625,-0.007504990927913227,
1,27.552696228027344,1.3248668909072876,0.826713502407074,0.8275448083877563,9.085154658008832,29.563910655019775,-3.9591262340545654,1141,25,36,0,,16.5623779296875,OUTBOUND,-22.296106338500977,0.01288443028407983,
1,27.605464935302734,1.3252664804458618,1.075452208518982,1.0146790742874146,9.092111931007821,29.551687497108624,-3.9276864528656006,1142,25,37,0,,18.765092849731445,OUTBOUND,-22.33469009399414,0.027738168021924747,
1,27.741737365722656,1.3256659507751465,0.19009128212928772,0.21390381455421448,9.100895162991947,29.539455997571604,-3.9074394702911377,1143,25,38,0,,9.876152992248535,OUTBOUND,-22.547361373901367,0.052804254805557164,
1,27.627796173095703,1.3260653018951416,0.6263673305511475,0.5932184457778931,9.11074735200964,29.52721073774143,-3.905289649963379,1144,25,39,0,,7.028813362121582,OUTBOUND,-22.4202938079834,0.043938481744446096,
1,27.803125381469727,1.3264662027359009,0.8212084174156189,0.8364815711975098,9.118049577984493,29.514989668723775,-3.947500228881836,1145,25,40,0,,3.916968584060669,OUTBOUND,-22.527141571044922,0.059951719852515725,
1,27.770132064819336,1.3268681764602661,0.6062902212142944,0.6077768802642822,9.12553771000239,29.50279243359578,-3.935062885284424,1146,25,41,0,,6.395362377166748,OUTBOUND,-22.502473831176758,0.11886584298108319,
1,27.880836486816406,1.327269434928894,0.633280873298645,0.6003127098083496,9.1345325599832,29.49057276031098,-3.8998448848724365,1147,25,42,0,,2.696162223815918,OUTBOUND,-22.64705467224121,0.12691033872025967,
1,27.92124366760254,1.327670931816101,0.5289232134819031,0.5393392443656921,9.146628190996125,29.478417137750505,-3.919214963912964,1148,25,43,0,,4.349258899688721,OUTBOUND,-22.678247451782227,0.1365871387196664,
1,28.014671325683594,1.3280739784240723,0.9812963604927063,0.9354678988456726,9.158287373982603,29.466209306557676,-3.949273109436035,1149,25,44,0,,2.2666914463043213,OUTBOUND,-22.724430084228516,0.1382666740684801,
1,27.952110290527344,1.3284783363342285,0.12990440428256989,0.12492413818836212,9.16897412200342,29.454022623373838,-3.946559429168701,1150,25,45,0,,12.914119720458984,OUTBOUND,-22.68057632446289,0.13323687543614102,
1,27.93904685974121,1.3288849592208862,0.9388702511787415,0.8902925252914429,9.178156668000156,29.44181342093616,-3.9721853733062744,1151,25,46,0,,2.494577646255493,OUTBOUND,-22.64848518371582,0.11176883587423456,
1,27.92813491821289,1.3292909860610962,0.3767003118991852,0.38249456882476807,9.187143925984856,29.429635159041595,-3.910088062286377,1152,25,47,0,,29.501432418823242,OUTBOUND,-22.763540267944336,0.05310300718648602,
1,27.949968338012695,1.3296970129013062,0.5614681839942932,0.5279005765914917,9.194714274985017,29.41752852319376,-3.9260306358337402,1153,25,48,0,,4.465641498565674,OUTBOUND,-22.756786346435547,0.049199221288308524,
1,27.905906677246094,1.3301013708114624,0.0632251650094986,0.060466501861810684,9.204167122981744,29.405389866988052,-3.880643129348755,1154,25,49,0,,3.475353479385376,OUTBOUND,-22.774845123291016,0.07648911069460684,
1,27.868558883666992,1.3305050134658813,0.8644084334373474,0.8748329281806946,9.212507101998199,29.39320763574995,-3.9030699729919434,1155,25,50,0,,12.021943092346191,OUTBOUND,-22.679168701171875,0.11075506520686351,
1,28.084758758544922,1.3309091329574585,0.6872991919517517,0.7085239887237549,9.22071667999262,29.380971735601673,-3.926626443862915,1156,25,51,0,,12.783721923828125,OUTBOUND,-22.836143493652344,0.12220082584894862,
1,27.859647750854492,1.331312656402588,0.23762157559394836,0.2333652377128601,9.229715794004733,29.368762857925965,-3.9066760540008545,1157,25,52,0,,2.861496686935425,OUTBOUND,-22.64122772216797,0.07980082754517133,
1,27.89849090576172,1.3317172527313232,0.2719378173351288,0.2702852189540863,9.238835252006538,29.356608643959078,-3.937617063522339,1158,25,53,0,,5.532198429107666,OUTBOUND,-22.64569664001465,0.0706741714683029,
1,28.104650497436523,1.3321224451065063,0.6058392524719238,0.5827508568763733,9.247893619001843,29.3443850652429,-3.932025909423828,1159,25,54,0,,19.218896865844727,OUTBOUND,-22.818809509277344,0.04636227678455884,
1,28.057716369628906,1.3325258493423462,0.64072585105896,0.6169001460075378,9.258512625005096,29.332224160192837,-3.8788623809814453,1160,25,55,0,,19.296424865722656,OUTBOUND,-22.796817779541016,0.02685820419372277,
1,28.146034240722656,1.332926630973816,1.4130693674087524,1.3383253812789917,9.27010778200929,29.320040192572097,-3.8553543090820312,1161,25,56,0,,16.83465003967285,OUTBOUND,-22.893077850341797,0.030228279325474013,
1,28.290538787841797,1.333329200744629,0.44572344422340393,0.4703183174133301,9.281211769994115,29.30788027544323,-3.9487192630767822,1162,25,57,0,,2.7172908782958984,OUTBOUND,-22.97247886657715,-0.0069468930654107575,
1,28.401731491088867,1.3337315320968628,1.5429967641830444,1.5361212491989136,9.292534596985206,29.29572551075552,-3.9048960208892822,1163,25,58,0,,12.282061576843262,OUTBOUND,-23.14963150024414,-0.05216076317556294,
1,28.361583709716797,1.334134578704834,0.12687310576438904,0.12249383330345154,9.304671101999702,29.283584589066123,-3.929924488067627,1164,25,59,0,,21.46527671813965,OUTBOUND,-23.119295120239258,-0.10721502302220144,
1,28.510601043701172,1.334538459777832,0.2076578438282013,0.20677627623081207,9.316440308000892,29.271476534194104,-3.929763078689575,1165,25,60,0,,29.626001358032227,OUTBOUND,-23.307817459106445,-0.1488739941882873,
1,28.343494415283203,1.3349422216415405,1.6184964179992676,1.5472074747085571,9.327600997989066,29.259305713630816,-3.9136903285980225,1166,25,61,0,,10.371750831604004,OUTBOUND,-23.1552791595459,-0.19409919715771687,
1,28.358745574951172,1.335347056388855,1.9300646781921387,1.8528845310211182,9.339540315006161,29.247105126902575,-3.940077304840088,1167,25,62,0,,19.598316192626953,OUTBOUND,-23.11774253845215,-0.24122043304754207,
1,28.343955993652344,1.3357515335083008,1.4931949377059937,1.4373278617858887,9.35067883800366,29.23488641046397,-3.9037256240844727,1168,25,63,0,,16.46055030822754,OUTBOUND,-23.098346710205078,-0.2535262396033529,
1,28.521116256713867,1.336155652999878,1.66184401512146,1.6675904989242554,9.361911190993851,29.222669627356446,-3.9104228019714355,1169,25,64,0,,3.639258623123169,OUTBOUND,-23.257781982421875,-0.23568882100576333,
1,28.408119201660156,1.3365603685379028,0.07289119064807892,0.07289726287126541,9.373765792988706,29.210452557093355,-3.924790382385254,1170,25,65,0,,12.415237426757812,OUTBOUND,-23.149417877197266,-0.1998264855199903,
1,28.3016357421875,1.3369642496109009,0.06175687909126282,0.06907125562429428,9.380985391006107,29.198282223872777,-3.896916151046753,1171,25,66,0,,4.5259246826171875,OUTBOUND,-23.07314682006836,-0.17809066893217412,
1,28.535572052001953,1.3373664617538452,2.2440927028656006,2.1962554454803467,9.388143888994819,29.186123526063756,-3.87445068359375,1172,25,67,0,,28.616201400756836,OUTBOUND,-23.29206657409668,-0.16921064558595772,
1,28.52918815612793,1.3377689123153687,0.5960037708282471,0.5754038691520691,9.395336505986052,29.173941958277744,-3.9159820079803467,1173,25,68,0,,7.384829998016357,OUTBOUND,-23.277767181396484,-0.19510101137942798,
1,28.488157272338867,1.3381710052490234,0.09542820602655411,0.10347183048725128,9.404173324001022,29.161745937244284,-3.897287368774414,1174,25,69,0,,13.217915534973145,OUTBOUND,-23.27756118774414,-0.23524804085550619,
1,28.500089645385742,1.3385711908340454,0.8073686361312866,0.8479065895080566,9.427246217004722,29.149512941238495,-3.866877555847168,1175,25,70,0,,3.252800941467285,OUTBOUND,-23.300315856933594,-0.21075933687624457,
1,28.552734375,1.3389712572097778,0.5408621430397034,0.5134897232055664,9.441497788997367,29.137359223631144,-3.899118423461914,1176,25,71,0,,6.04888916015625,OUTBOUND,-23.327632904052734,-0.19611125034646154,
1,28.473520278930664,1.3393702507019043,0.2747201919555664,0.29101306200027466,9.44986167899333,29.125167961494114,-3.878722667694092,1177,25,72,0,,15.360366821289062,OUTBOUND,-23.295869827270508,-0.22395263615962116,
1,28.565515518188477,1.3397693634033203,0.11383521556854248,0.1169767826795578,9.462223874987103,29.112951784662705,-3.9005372524261475,1178,25,73,0,,2.5529983043670654,OUTBOUND,-23.35444450378418,-0.23140524091982712,
1,28.58664321899414,1.340170979499817,0.12308299541473389,0.13042525947093964,9.473408179008402,29.10074941244058,-3.957202434539795,1179,25,74,0,,3.9377408027648926,OUTBOUND,-23.300912857055664,-0.19594009920212452,
1,28.691282272338867,1.3405708074569702,0.5832844376564026,0.618701696395874,9.481380593002541,29.08858115014828,-3.8673083782196045,1180,25,75,0,,9.394754409790039,OUTBOUND,-23.502199172973633,-0.13686448609228488,
1,28.54506492614746,1.3409709930419922,0.5866968035697937,0.5657586455345154,9.488728217984317,29.076463715804557,-3.9067840576171875,1181,25,76,0,,14.230437278747559,OUTBOUND,-23.301021575927734,-0.1144046047278803,
1,28.68478775024414,1.3413712978363037,0.6120256185531616,0.6441709399223328,9.495792208996136,29.064356472051305,-3.903416395187378,1182,25,77,0,,17.547163009643555,OUTBOUND,-23.40230941772461,-0.13275107292197857,
1,28.71495246887207,1.3417713642120361,0.18179082870483398,0.18702612817287445,9.50384766201023,29.052242368672914,-3.8999581336975098,1183,25,78,0,,4.835730075836182,OUTBOUND,-23.419261932373047,-0.15375026192439212,
1,28.728071212768555,1.3421698808670044,0.5110267996788025,0.49194398522377014,9.512527218990726,29.040103271204917,-3.8601982593536377,1184,25,79,0,,10.300488471984863,OUTBOUND,-23.468692779541016,-0.1587138442029412,
1,29.020606994628906,1.3425707817077637,0.11038487404584885,0.09826237708330154,9.519871113996487,29.02797021714852,-3.9544239044189453,1185,25,80,0,,3.9683756828308105,OUTBOUND,-23.624591827392578,-0.1416962195031629,
1,28.767379760742188,1.3429701328277588,0.17087861895561218,0.18359313905239105,9.526920689997496,29.015861359808376,-3.8647539615631104,1186,25,81,0,,11.969488143920898,OUTBOUND,-23.545133590698242,-0.14934632976828388,
1,28.91706657409668,1.3433696031570435,0.5917523503303528,0.6036375761032104,9.535123913985444,29.003723928526206,-3.9014506340026855,1187,25,82,0,,9.802937507629395,OUTBOUND,-23.662010192871094,-0.18178157285336252,
1,28.80813217163086,1.3437690734863281,0.7343820929527283,0.685082733631134,9.54739770499873,28.991549851167505,-3.8990519046783447,1188,25,83,0,,5.721051216125488,OUTBOUND,-23.54844093322754,-0.17973138949560258,
1,29.00907325744629,1.344171166419983,1.3477624654769897,1.3421913385391235,9.558172689983621,28.979394111224597,-3.9578216075897217,1189,25,84,0,,21.519397735595703,OUTBOUND,-23.631330490112305,-0.1468565933926953,
1,28.89576530456543,1.3445721864700317,0.5354852080345154,0.5474410653114319,9.569162208994385,28.967220466402452,-3.8775129318237305,1190,25,85,0,,2.315110445022583,OUTBOUND,-23.647075653076172,-0.1593125385539279,
1,29.0911808013916,1.3449733257293701,0.43932539224624634,0.42167049646377563,9.5793621490011,28.95504596043512,-3.904433012008667,1191,25,86,0,,7.0064921379089355,OUTBOUND,-23.808032989501953,-0.21494398268094828,
1,29.116159439086914,1.3453748226165771,0.5164142847061157,0.4794471263885498,9.5906091890065,28.94281957239259,-3.910569667816162,1192,25,87,0,,12.230195999145508,OUTBOUND,-23.85834503173828,-0.22111255246192155,
1,29.11530876159668,1.3457757234573364,0.28340306878089905,0.26129382848739624,9.60110823699506,28.93062016397205,-3.8847320079803467,1193,25,88,0,,16.475679397583008,OUTBOUND,-23.908912658691406,-0.19071447261496982,
1,29.04749298095703,1.3461769819259644,0.5919697880744934,0.6097832322120667,9.610048989008646,28.91838558539829,-3.9075911045074463,1194,25,89,0,,6.809208393096924,OUTBOUND,-23.803787231445312,-0.18888823113038483,
1,28.987464904785156,1.3465791940689087,0.14117105305194855,0.14231979846954346,9.620014943997376,28.9061064641443,-3.9243218898773193,1195,25,90,0,,5.403510570526123,OUTBOUND,-23.736576080322266,-0.202428552466015,
1,28.866445541381836,1.3469812870025635,0.820639431476593,0.7492114901542664,9.630912314984016,28.893795929905345,-3.89774751663208,1196,25,91,0,,16.594257354736328,OUTBOUND,-23.59934425354004,-0.21243438514975962,
1,28.986328125,1.347383975982666,0.9170758724212646,0.9083773493766785,9.642713075998472,28.881443250628163,-3.915592670440674,1197,25,92,0,,16.804841995239258,OUTBOUND,-23.660972595214844,-0.20979382915301156,
1,29.063663482666016,1.3477864265441895,0.13988259434700012,0.1396816074848175,9.652407310000854,28.8690685498059,-3.897136688232422,1198,25,93,0,,3.5431058406829834,FAILURE,-23.771007537841797,-20.234806272465004,
1,29.35295295715332,1.3481898307800293,0.6186649799346924,0.6175133585929871,9.660426866001217,29.987993017345126,-3.9243292808532715,1199,26,1,0,,6.781218528747559,OUTBOUND,-24.013755798339844,-0.0017628019764045174,
1,29.341733932495117,1.3485928773880005,0.7004141211509705,0.6875416040420532,9.668179815984331,29.97593507296388,-3.895679235458374,1200,26,2,0,,12.610180854797363,OUTBOUND,-24.012170791625977,-0.014660205488773984,
1,29.196949005126953,1.3489974737167358,0.3916633725166321,0.3794681429862976,9.676794715982396,29.963870001478977,-3.9384398460388184,1201,26,3,0,,15.435661315917969,OUTBOUND,-23.85765266418457,-0.02702547578247969,
1,29.271459579467773,1.3494013547897339,0.3033624589443207,0.2956060469150543,9.684799003007356,29.951769264988716,-3.888383150100708,1202,26,4,0,,20.500505447387695,OUTBOUND,-24.014917373657227,-0.04970251532824809,
1,29.36819839477539,1.3498057126998901,0.47496795654296875,0.4974387288093567,9.691742995986715,29.93962581636968,-3.9139702320098877,1203,26,5,0,,4.274011135101318,OUTBOUND,-24.09150505065918,-0.09102181648336465,
1,29.316287994384766,1.3502103090286255,0.701076865196228,0.6585900783538818,9.702707296994049,29.92741267265282,-3.9133572578430176,1204,26,6,0,,2.8503265380859375,OUTBOUND,-24.068466186523438,-0.12505794402103257,
1,29.284997940063477,1.3506149053573608,0.08445771038532257,0.0771847814321518,9.71415187799721,29.915211640156812,-3.900897264480591,1205,26,7,0,,7.302152156829834,OUTBOUND,-24.041501998901367,-0.172084353742772,
1,29.352691650390625,1.35102117061615,1.0650463104248047,1.1164462566375732,9.722318340995116,29.902969385567637,-3.9457271099090576,1206,26,8,0,,30.41503143310547,OUTBOUND,-24.0073184967041,-0.21843540592917596,
1,29.3975887298584,1.351427674293518,0.45188459753990173,0.4598568081855774,9.729880319006043,29.8906452473226,-3.913233518600464,1207,26,9,0,,10.809804916381836,OUTBOUND,-24.058265686035156,-0.28397817085564103,
1,29.38985824584961,1.3518339395523071,0.42396044731140137,0.4707038104534149,9.738015940994956,29.87828653314386,-3.902560234069824,1208,26,10,0,,9.246691703796387,OUTBOUND,-24.081832885742188,-0.3017617402502529,
1,29.507598876953125,1.3522393703460693,1.718520998954773,1.664170265197754,9.748682935984107,29.865959145596072,-3.8885104656219482,1209,26,11,0,,23.297876358032227,OUTBOUND,-24.188915252685547,-0.25167465786877047,
1,29.42030143737793,1.3526452779769897,0.1327170878648758,0.12467759847640991,9.756593155994778,29.853677765621075,-3.918558120727539,1210,26,12,0,,2.7273857593536377,OUTBOUND,-24.065128326416016,-0.2381331909432127,
1,29.58914566040039,1.3530516624450684,0.5552757978439331,0.586198091506958,9.764274482993642,29.841413024396065,-3.9147706031799316,1211,26,13,0,,9.28511905670166,OUTBOUND,-24.274131774902344,-0.28016732673023015,
1,29.519088745117188,1.3534564971923828,0.39383673667907715,0.4127443730831146,9.772223296982702,29.829124021511316,-3.873988389968872,1212,26,14,0,,4.883611679077148,OUTBOUND,-24.26764678955078,-0.3127732743329592,
1,29.537038803100586,1.3538622856140137,0.8973335027694702,0.9572173953056335,9.781480801000725,29.816789813941078,-3.9233367443084717,1213,26,15,0,,3.31312894821167,OUTBOUND,-24.201671600341797,-0.3348970362831122,
1,29.54551124572754,1.354269027709961,0.12244125455617905,0.12180180847644806,9.788629969989415,29.804493625469593,-3.928429126739502,1214,26,16,0,,10.872078895568848,OUTBOUND,-24.211162567138672,-0.3839746131017913,
1,29.56338882446289,1.3546779155731201,0.11625628918409348,0.11177846044301987,9.79592943500029,29.792146236806275,-3.956263303756714,1215,26,17,0,,11.403614044189453,OUTBOUND,-24.236759185791016,-0.4345814674785778,
1,29.555442810058594,1.3550879955291748,0.29506686329841614,0.2804276645183563,9.803627715009497,29.77975578338537,-3.936497688293457,1216,26,18,0,,7.448706150054932,OUTBOUND,-24.250591278076172,-0.46797005429762806,
1,29.44951057434082,1.3554943799972534,0.15281684696674347,0.14672066271305084,9.81540142398444,29.767404280561582,-3.833010673522949,1217,26,19,0,,7.295044898986816,OUTBOUND,-24.300525665283203,-0.4771114135110736,
1,29.588550567626953,1.355902075767517,0.6919972896575928,0.6605384349822998,9.825797969999257,29.75505618709963,-3.9335103034973145,1218,26,20,0,,19.091754913330078,OUTBOUND,-24.263208389282227,-0.49369415763134245,
1,29.687854766845703,1.3563107252120972,0.7846258282661438,0.8149415254592896,9.833126387005905,29.742701505357743,-3.9318528175354004,1219,26,21,0,,24.186506271362305,FAILURE,-24.319116592407227,-30.51663276658114,
1,29.582901000976562,1.356720209121704,0.10152547806501389,0.08968755602836609,9.843712703004712,29.987997920181627,-3.9295501708984375,1220,27,1,0,,13.502524375915527,OUTBOUND,-24.17837905883789,-0.017040689976171457,
1,29.781532287597656,1.3571308851242065,0.09841819107532501,0.09894348680973053,9.851558335998561,29.975964784421272,-3.9371085166931152,1221,27,2,0,,8.546736717224121,OUTBOUND,-24.354564666748047,-0.030301358896214065,
1,29.80199432373047,1.3575410842895508,0.6486563682556152,0.6486722826957703,9.858807551005157,29.963899102639374,-3.9035513401031494,1222,27,3,0,,6.7807722091674805,OUTBOUND,-24.44879913330078,-0.03607342108826279,
1,29.919675827026367,1.3579509258270264,0.892443835735321,0.8989283442497253,9.865990191989113,29.95179220186804,-3.903683662414551,1223,27,4,0,,3.2997515201568604,OUTBOUND,-24.555381774902344,-0.020815296593078313,
1,29.8912410736084,1.3583602905273438,0.12777039408683777,0.13477233052253723,9.876352975988993,29.939633771534425,-3.9027199745178223,1224,27,5,0,,12.680477142333984,OUTBOUND,-24.561574935913086,-0.033598651337733744,
1,29.957651138305664,1.3587702512741089,0.22278328239917755,0.2399304211139679,9.884681889001513,29.927539430858925,-3.9235405921936035,1225,27,6,0,,19.236249923706055,OUTBOUND,-24.647863388061523,-0.06625624183547946,
1,29.771942138671875,1.3591820001602173,0.23625889420509338,0.23088735342025757,9.894441454001935,29.915422566715307,-3.953200101852417,1226,27,7,0,,1.7399358749389648,OUTBOUND,-24.396944046020508,-0.07411266063067097,
1,29.708621978759766,1.3595912456512451,0.6519795656204224,0.6277702450752258,9.905750717007322,29.90324845290416,-3.8571043014526367,1227,27,8,0,,10.715165138244629,OUTBOUND,-24.450191497802734,-0.11447271177678509,
1,29.940519332885742,1.3600022792816162,0.6406033039093018,0.6541808843612671,9.91790114698233,29.891051873791127,-3.951265335083008,1228,27,9,0,,15.906193733215332,OUTBOUND,-24.532468795776367,-0.16638735555574855,
1,30.01490592956543,1.3604137897491455,0.53120356798172,0.5124111175537109,9.929665333009325,29.878792965871757,-3.923374652862549,1229,27,10,0,,2.8207008838653564,OUTBOUND,-24.63771629333496,-0.21831578537960727,
1,30.08136749267578,1.3608258962631226,0.3432028591632843,0.33707529306411743,9.940983392007183,29.866490058399627,-3.9261436462402344,1230,27,11,0,,4.693548202514648,OUTBOUND,-24.702478408813477,-0.23331796085245726,
1,30.041032791137695,1.3612374067306519,0.16039171814918518,0.15662573277950287,9.95124039798975,29.854245259990122,-3.9036552906036377,1231,27,12,0,,12.9318265914917,OUTBOUND,-24.70386505126953,-0.19722626836386542,
1,30.038066864013672,1.3616467714309692,0.38463008403778076,0.35164910554885864,9.958850178983994,29.842019430899636,-3.866042137145996,1232,27,13,0,,1.7367655038833618,OUTBOUND,-24.778751373291016,-0.1944933915206253,
1,30.045385360717773,1.3620567321777344,0.5872782468795776,0.5546811819076538,9.967876301991055,29.829755776077576,-3.919713020324707,1233,27,14,0,,10.522416114807129,OUTBOUND,-24.669513702392578,-0.2358055159438762,
1,30.290382385253906,1.362467646598816,0.8326699137687683,0.7894065976142883,9.975682037009392,29.817456205531908,-3.9308769702911377,1234,27,15,0,,9.601075172424316,OUTBOUND,-24.895174026489258,-0.25163163344724415,
1,30.214893341064453,1.362877607345581,0.6860518455505371,0.6700390577316284,9.9857313070097,29.805178432157337,-3.8915700912475586,1235,27,16,0,,2.9891953468322754,OUTBOUND,-24.88470458984375,-0.23865788139272573,
1,30.250585556030273,1.3632878065109253,0.48809245228767395,0.462091326713562,9.9936931609991,29.79290622192383,-3.913175106048584,1236,27,17,0,,8.531891822814941,OUTBOUND,-24.85708236694336,-0.22150661305615527,
1,30.383792877197266,1.3636994361877441,0.3242633640766144,0.3042213022708893,10.001071976992534,29.780687782793162,-3.939614772796631,1237,27,18,0,,1.3332370519638062,OUTBOUND,-24.959346771240234,-0.21569942912956425,
1,30.332609176635742,1.364109754562378,0.5488150715827942,0.5636800527572632,10.008701190003194,29.768440410258737,-3.8835103511810303,1238,27,19,0,,3.471254348754883,OUTBOUND,-24.97222900390625,-0.22989939841078177,
1,30.482301712036133,1.3645195960998535,1.0716990232467651,1.061323881149292,10.017844251007773,29.756171285375917,-3.900371551513672,1239,27,20,0,,5.189508438110352,OUTBOUND,-25.113393783569336,-0.23619011997681555,
1,30.354583740234375,1.3649303913116455,0.28880059719085693,0.2703154385089874,10.025456376984948,29.743923989221344,-3.925477981567383,1240,27,21,0,,9.13201904296875,OUTBOUND,-25.00054931640625,-0.23697929798115366,
1,30.30024528503418,1.365340232849121,1.0365082025527954,1.0031530857086182,10.032852634001756,29.73166304659982,-3.8902735710144043,1241,27,22,0,,16.268505096435547,OUTBOUND,-24.943153381347656,-0.20253438226019327,
1,30.351093292236328,1.3657469749450684,0.10265468060970306,0.08842049539089203,10.040345596993575,29.719428745993667,-3.8356332778930664,1242,27,23,0,,15.573078155517578,OUTBOUND,-25.100004196166992,-0.15124517945800722,
1,30.36556053161621,1.3661538362503052,0.5973241925239563,0.6286714673042297,10.048922658985248,29.70724614351291,-3.9035513401031494,1243,27,24,0,,10.543769836425781,OUTBOUND,-25.044240951538086,-0.13671275810291533,
1,30.451444625854492,1.3665629625320435,0.11311459541320801,0.1124398335814476,10.056935155007523,29.69504387333602,-3.9511165618896484,1244,27,25,0,,14.47134017944336,OUTBOUND,-25.105527877807617,-0.12328650342400321,
1,30.254987716674805,1.3669724464416504,0.26167047023773193,0.2304098904132843,10.065835201006848,29.6828578937677,-3.911283254623413,1245,27,26,0,,8.161166191101074,OUTBOUND,-24.946613311767578,-0.10715458990875451,
1,30.295846939086914,1.36738121509552,0.4659408926963806,0.42655667662620544,10.076384298008634,29.670639252211878,-3.8890082836151123,1246,27,27,0,,12.389277458190918,OUTBOUND,-24.979660034179688,-0.09418685145943967,
1,30.231164932250977,1.3677911758422852,0.9283710718154907,0.8849135637283325,10.083808964001946,29.65845119705635,-3.9304356575012207,1247,27,28,0,,14.836638450622559,OUTBOUND,-24.82178497314453,-0.07905280359973352,
1,30.382179260253906,1.3682013750076294,0.8462624549865723,0.8199307918548584,10.091578639985528,29.646208564880347,-3.91039776802063,1248,27,29,0,,5.230742931365967,OUTBOUND,-25.02104949951172,-0.08474642268626015,
1,30.4770565032959,1.3686119318008423,0.32651326060295105,0.3342967927455902,10.09925543499412,29.633956413570253,-3.9141042232513428,1249,27,30,0,,15.27236270904541,OUTBOUND,-25.076152801513672,-0.0850302621679469,
1,30.33745002746582,1.3690218925476074,0.33654865622520447,0.34555602073669434,10.106391189998249,29.621658750205157,-3.8928966522216797,1250,27,31,0,,17.901491165161133,OUTBOUND,-24.91986846923828,-0.08966938757507109,
1,30.491716384887695,1.3694310188293457,1.0518381595611572,1.0328655242919922,10.114755454007536,29.60937815194011,-3.8837502002716064,1251,27,32,0,,2.3173482418060303,OUTBOUND,-25.10039520263672,-0.06147541979287985,
1,30.71953773498535,1.3698406219482422,0.7285521030426025,0.713206946849823,10.123231943987776,29.59711201863571,-3.915605306625366,1252,27,33,0,,1.9315739870071411,OUTBOUND,-25.306617736816406,-0.026050778453073846,
1,30.600629806518555,1.3702492713928223,0.10438231378793716,0.09530068188905716,10.130437502986751,29.584810335717332,-3.882075786590576,1253,27,34,0,,17.386754989624023,OUTBOUND,-25.259693145751953,-0.013693369305753336,
1,30.88148307800293,1.3706588745117188,1.158987283706665,1.1711785793304443,10.137331959995208,29.57248307841139,-3.9225521087646484,1254,27,35,0,,5.308339595794678,OUTBOUND,-25.49669075012207,-0.016555050870135164,
1,30.611169815063477,1.371068000793457,0.9936472177505493,0.9490731954574585,10.146399529010523,29.560183204067147,-3.8905351161956787,1255,27,36,0,,9.913548469543457,OUTBOUND,-25.28973388671875,0.0012918570413768368,
1,30.820634841918945,1.3714791536331177,0.6923573613166809,0.6831890344619751,10.156678548984928,29.5478621192219,-3.947842597961426,1256,27,37,0,,2.5405616760253906,OUTBOUND,-25.4404354095459,0.013908823732248549,
1,30.63908576965332,1.3718892335891724,0.7230252623558044,0.7456204891204834,10.165383769985056,29.535585150102513,-3.881650686264038,1257,27,38,0,,4.652373313903809,OUTBOUND,-25.338294982910156,0.003443120081235038,
1,30.683563232421875,1.3723008632659912,0.3661888539791107,0.3624257445335388,10.176639070996316,29.5233791805473,-3.9365649223327637,1258,27,39,0,,5.324747085571289,OUTBOUND,-25.296117782592773,0.029240092179614204,
1,30.655988693237305,1.3727145195007324,0.49190133810043335,0.4586378335952759,10.186002289003227,29.51114799431097,-3.953040599822998,1259,27,40,0,,9.540023803710938,OUTBOUND,-25.223852157592773,0.011497543552743742,
1,30.725685119628906,1.3731286525726318,0.13237641751766205,0.13602137565612793,10.195237346983049,29.49894455644903,-3.9203712940216064,1260,27,41,0,,1.9649511575698853,OUTBOUND,-25.30157470703125,-0.023634419250116286,
1,30.822601318359375,1.373542308807373,1.1155487298965454,1.0905442237854004,10.202802213985706,29.48669197120891,-3.899411916732788,1261,27,42,0,,9.903197288513184,OUTBOUND,-25.423662185668945,-0.01813394797858297,
1,30.76092529296875,1.373956561088562,0.6548832058906555,0.6701623797416687,10.211815647984622,29.474423829442035,-3.9256601333618164,1262,27,43,0,,6.6860737800598145,OUTBOUND,-25.356582641601562,-0.018720334208806734,
1,30.77616310119629,1.374369740486145,0.9032343626022339,0.9087642431259155,10.223485549999168,29.462127373493093,-3.884096145629883,1263,27,44,0,,8.153075218200684,OUTBOUND,-25.433269500732422,-0.04727666757555566,
1,30.849645614624023,1.374782681465149,0.17055365443229675,0.1724315583705902,10.231752538995352,29.449770349972322,-3.906203031539917,1264,27,45,0,,8.523240089416504,OUTBOUND,-25.4693603515625,-0.08373460175222122,
1,31.094852447509766,1.375198245048523,0.5309376120567322,0.5264593958854675,10.238912650005659,29.437384952533883,-3.964742422103882,1265,27,46,0,,23.23500633239746,OUTBOUND,-25.579105377197266,-0.09890946033531042,
1,30.99420166015625,1.3756150007247925,0.7696675658226013,0.7171180844306946,10.246763786999509,29.424981091162653,-3.939690351486206,1266,27,47,0,,2.7072324752807617,OUTBOUND,-25.51105308532715,-0.07505519343371496,
1,31.124006271362305,1.376031756401062,0.28176766633987427,0.30956897139549255,10.254904498986434,29.412558472291536,-3.9162437915802,1267,27,48,0,,9.501893043518066,OUTBOUND,-25.652332305908203,-0.058436451116369144,
1,30.976198196411133,1.376448154449463,0.46007040143013,0.4422815442085266,10.263284234999446,29.400197970045156,-3.9065074920654297,1268,27,49,0,,16.200565338134766,OUTBOUND,-25.57831382751465,-0.035999684422954654,
1,31.011573791503906,1.376863718032837,0.6692578196525574,0.6751370429992676,10.27075589998276,29.387839339971062,-3.8939836025238037,1269,27,50,0,,9.099174499511719,OUTBOUND,-25.63881492614746,0.02120662604819135,
1,31.038070678710938,1.3772789239883423,0.34931695461273193,0.328382283449173,10.27849728000001,29.375495119894715,-3.9071357250213623,1270,27,51,0,,1.6687496900558472,OUTBOUND,-25.650957107543945,0.03668343114494707,
1,31.122560501098633,1.3776943683624268,0.36575061082839966,0.36776003241539,10.286872406984912,29.363158860231295,-3.9153170585632324,1271,27,52,0,,1.7590173482894897,OUTBOUND,-25.725170135498047,0.005280065110116306,
1,31.26345443725586,1.3781108856201172,0.5913909077644348,0.5563242435455322,10.294928399991477,29.350741393041055,-3.9332921504974365,1272,27,53,0,,2.370971441268921,OUTBOUND,-25.837507247924805,-0.04967219460533323,
1,31.11078643798828,1.3785258531570435,0.6129342913627625,0.618320882320404,10.302094001002843,29.338288542977615,-3.8813955783843994,1273,27,54,0,,7.354072570800781,OUTBOUND,-25.776103973388672,-0.11523153507825268,
1,31.187400817871094,1.378940463066101,0.7298234105110168,0.7369890213012695,10.309344901004806,29.32584212295636,-3.90116286277771,1274,27,55,0,,5.613861083984375,OUTBOUND,-25.850994110107422,-0.13701098391197225,
1,30.940473556518555,1.3793556690216064,0.6108497381210327,0.6162588000297546,10.317079077998642,29.313398810375666,-3.920372724533081,1275,27,56,0,,3.582503318786621,OUTBOUND,-25.576906204223633,-0.145673269900675,
1,31.028562545776367,1.379770040512085,0.6711281538009644,0.6621856689453125,10.327730852994137,29.300953340539905,-3.8918936252593994,1276,27,57,0,,1.8307394981384277,OUTBOUND,-25.68425750732422,-0.1373384459619926,
1,30.982566833496094,1.3801839351654053,0.892349898815155,0.8955690860748291,10.336453314987011,29.288522166222595,-3.898101329803467,1277,27,58,0,,30.9163761138916,OUTBOUND,-25.542369842529297,-0.09927328629327482,
1,31.165430068969727,1.380597710609436,0.3963336944580078,0.4091985821723938,10.344552400987595,29.276124363917265,-3.9023842811584473,1278,27,59,0,,26.53571319580078,OUTBOUND,-25.669845581054688,-0.08109040453801339,
1,31.238933563232422,1.3810111284255981,0.33969759941101074,0.34494128823280334,10.35531769998488,29.263745327486735,-3.896575689315796,1279,27,60,0,,10.399624824523926,OUTBOUND,-25.746797561645508,-0.09364818505670554,
1,31.239206314086914,1.3814254999160767,0.525532603263855,0.5372328758239746,10.364037421008106,29.251374390437906,-3.9277544021606445,1280,27,61,0,,19.46889305114746,OUTBOUND,-25.669265747070312,-0.11000861404998521,
1,31.5206356048584,1.3818390369415283,0.4187560975551605,0.40154463052749634,10.371576928999275,29.238979298598878,-3.8853707313537598,1281,27,62,0,,10.430094718933105,OUTBOUND,-25.994203567504883,-0.09135937731106873,
1,31.51868438720703,1.3822522163391113,0.4746284782886505,0.5551555752754211,10.379275404004147,29.226622455567913,-3.8963449001312256,1282,27,63,0,,40.90557098388672,OUTBOUND,-26.099117279052734,-0.05080900589655542,
1,31.678794860839844,1.3826655149459839,0.6233574748039246,0.559117317199707,10.387895911000669,29.21425132606579,-3.907931327819824,1283,27,64,0,,26.895742416381836,FAILURE,-26.315521240234375,-20.062337457357657,
1,31.890289306640625,1.3830784559249878,0.4211163818836212,0.42827093601226807,10.399329017993296,29.98797518443116,-3.894430637359619,1284,28,1,0,,23.86505699157715,OUTBOUND,-26.573963165283203,0.014577248178206898,
1,31.503385543823242,1.383493185043335,0.6023445725440979,0.5475550293922424,10.411333631986054,29.975915410436144,-3.941795825958252,1285,28,2,0,,28.950387954711914,OUTBOUND,-26.180374145507812,0.04000160495906539,
1,31.29087257385254,1.3839071989059448,0.34299421310424805,0.3847605586051941,10.423932923993561,29.963832137392835,-3.8872334957122803,1286,28,3,0,,12.064104080200195,OUTBOUND,-26.007049560546875,0.012312956791496438,
1,31.461502075195312,1.384320616722107,0.11441006511449814,0.15494970977306366,10.433189091010718,29.951769736012913,-3.893080234527588,1287,28,4,0,,10.442497253417969,OUTBOUND,-26.16100311279297,-0.02949972525565904,
1,31.193134307861328,1.3847342729568481,0.6623768210411072,0.7052649855613708,10.440634747006698,29.939667874729185,-3.907377243041992,1288,28,5,0,,15.133429527282715,OUTBOUND,-25.825395584106445,-0.04655966779912064,
1,31.300153732299805,1.3851498365402222,0.4634253978729248,0.451603502035141,10.449776444002055,29.927543255764547,-3.944735527038574,1289,28,6,0,,42.830631256103516,OUTBOUND,-25.753725051879883,-0.08317194909210379,
1,31.567609786987305,1.3855646848678589,0.8493636846542358,0.8320647478103638,10.460986903985031,29.91546953870698,-3.889448642730713,1290,28,7,0,,39.11735153198242,OUTBOUND,-25.99585723876953,-0.10819638223316091,
1,31.59023094177246,1.3859783411026,1.1221821308135986,1.0803587436676025,10.471963675983716,29.903394287418145,-3.879293918609619,1291,28,8,0,,8.23249340057373,OUTBOUND,-26.05198097229004,-0.09361485635041865,
1,31.829736709594727,1.38639235496521,0.40208715200424194,0.4148663282394409,10.484233656985452,29.891330579753546,-3.909754753112793,1292,28,9,0,,9.272406578063965,OUTBOUND,-26.268962860107422,-0.0663426810764822,
1,31.912731170654297,1.3868064880371094,0.49352195858955383,0.48295605182647705,10.494665159989381,29.8792847324144,-3.9046707153320312,1293,28,10,0,,18.80356788635254,OUTBOUND,-26.437437057495117,-0.04962002905407365,
1,31.84223175048828,1.3872194290161133,0.2634340822696686,0.27198168635368347,10.502727565006353,29.867221898047582,-3.8752963542938232,1294,28,11,0,,23.012632369995117,OUTBOUND,-26.44908905029297,-0.02382439166120227,
1,31.813541412353516,1.3876323699951172,0.29067906737327576,0.276683509349823,10.510661645006621,29.855139141038368,-3.898881435394287,1295,28,12,0,,13.913824081420898,OUTBOUND,-26.397449493408203,0.023190287245011144,
1,31.742427825927734,1.3880484104156494,0.9493114948272705,0.9172929525375366,10.52060298100696,29.843008466457142,-3.9694197177886963,1296,28,13,0,,32.044029235839844,OUTBOUND,-26.309478759765625,0.06671288813048402,
1,31.781200408935547,1.3884669542312622,0.10214480757713318,0.1141834408044815,10.532592031988315,29.83092355204045,-3.9598169326782227,1297,28,14,0,,9.491437911987305,OUTBOUND,-26.371356964111328,0.08694436759933462,
1,31.56618309020996,1.3888851404190063,0.7479965686798096,0.8174845576286316,10.54334261699114,29.81881471966962,-3.9045732021331787,1298,28,15,0,,9.632611274719238,OUTBOUND,-26.22976303100586,0.10118788469243156,
1,31.77372932434082,1.3893039226531982,0.606461226940155,0.6598462462425232,10.555464878008934,29.80667657028541,-3.9204261302948,1299,28,16,0,,6.443784236907959,OUTBOUND,-26.410308837890625,0.10682479924072853,
1,31.43068504333496,1.3897217512130737,1.5821439027786255,1.6220308542251587,10.564817528997082,29.794556726271768,-3.889848232269287,1300,28,17,0,,5.259214878082275,OUTBOUND,-26.093978881835938,0.11978710645540097,
1,31.388355255126953,1.3901381492614746,0.5268563032150269,0.5289801955223083,10.57304666400887,29.782420576473907,-3.877878427505493,1301,28,18,0,,22.950550079345703,OUTBOUND,-26.01247215270996,0.12650425430421972,
1,31.624317169189453,1.3905551433563232,0.3333967924118042,0.2998316287994385,10.581022430007579,29.770309918403708,-3.9169528484344482,1302,28,19,0,,41.07147216796875,OUTBOUND,-26.06743812561035,0.08729879474661605,
1,31.863279342651367,1.3909709453582764,1.013048529624939,0.929994523525238,10.590150175994495,29.75819360357059,-3.881381034851074,1303,28,20,0,,20.629003524780273,OUTBOUND,-26.32969093322754,0.08742892711566022,
1,32.06120681762695,1.3913873434066772,0.3036383390426636,0.23415423929691315,10.598076905997004,29.74605050157159,-3.9147868156433105,1304,28,21,0,,27.798105239868164,OUTBOUND,-26.442392349243164,0.10164916639137146,
1,32.11369323730469,1.3918057680130005,0.680208683013916,0.7755265235900879,10.60523095499957,29.733933491736842,-3.9489402770996094,1305,28,22,0,,15.625288963317871,OUTBOUND,-26.51599884033203,0.08836367315453539,
1,32.027732849121094,1.3922233581542969,0.185281440615654,0.20245636999607086,10.612479667004663,29.72177200314958,-3.889508008956909,1306,28,23,0,,6.426112651824951,OUTBOUND,-26.530302047729492,0.10766575610528438,
1,32.128990173339844,1.3926388025283813,0.40651142597198486,0.3813822865486145,10.624505999003304,29.70960758904009,-3.8598384857177734,1307,28,24,0,,11.423590660095215,OUTBOUND,-26.681766510009766,0.12324995938545819,
1,32.42373275756836,1.3930548429489136,0.3768366575241089,0.35311591625213623,10.633092659991235,29.697453032033895,-3.9145445823669434,1308,28,25,0,,17.3801326751709,OUTBOUND,-26.93123435974121,0.12028212495152747,
1,32.19927978515625,1.393471121788025,0.22242900729179382,0.17067672312259674,10.643782436003676,29.685280113253576,-3.9076485633850098,1309,28,26,0,,18.956737518310547,OUTBOUND,-26.760377883911133,0.1495208642269273,
1,32.23313903808594,1.3938874006271362,1.495811104774475,1.4213529825210571,10.65471690898994,29.67312414432365,-3.902954578399658,1310,28,27,0,,25.484516143798828,OUTBOUND,-26.8828067779541,0.18999038209579905,
1,32.10199737548828,1.394300937652588,0.5935899615287781,0.5848416686058044,10.662686505005695,29.660974549983965,-3.839569568634033,1311,28,28,0,,14.787717819213867,OUTBOUND,-26.866539001464844,0.1910786162790914,
1,32.02895736694336,1.394715666770935,0.6887122392654419,0.7059399485588074,10.66988054898684,29.648806435896546,-3.923682689666748,1312,28,29,0,,8.760807037353516,OUTBOUND,-26.677196502685547,0.15890112072726192,
1,31.965198516845703,1.3951306343078613,0.31239253282546997,0.3287116587162018,10.676943205005955,29.63670223002222,-3.904433488845825,1313,28,30,0,,28.38394546508789,OUTBOUND,-26.543556213378906,0.15605247737319142,
1,32.05088424682617,1.3955458402633667,0.7481061220169067,0.7215805649757385,10.688256141002057,29.62458211387895,-3.9029884338378906,1314,28,31,0,,20.836246490478516,OUTBOUND,-26.561491012573242,0.17785793260731705,
1,31.997394561767578,1.3959599733352661,0.14545728266239166,0.10332350432872772,10.697834185993997,29.612451881232303,-3.8748083114624023,1315,28,32,0,,23.337770462036133,OUTBOUND,-26.497013092041016,0.19920830020611432,
1,32.16346740722656,1.3963749408721924,0.1492057740688324,0.09690789878368378,10.705142689985223,29.600291268159012,-3.9120450019836426,1316,28,33,0,,23.75513458251953,OUTBOUND,-26.582685470581055,0.19884381367864307,
1,32.274593353271484,1.39678955078125,0.10667431354522705,0.09356781840324402,10.713081531983335,29.588141793552914,-3.8921866416931152,1317,28,34,0,,10.020491600036621,OUTBOUND,-26.730098724365234,0.20267256747000192,
1,32.46942901611328,1.3972058296203613,0.2542911469936371,0.21313078701496124,10.720574995008064,29.575957866368622,-3.934312343597412,1318,28,35,0,,10.845261573791504,OUTBOUND,-26.876768112182617,0.22949771547051503,
1,32.516929626464844,1.3976247310638428,0.5688996315002441,0.6086287498474121,10.72850502099027,29.563735981459295,-3.954296112060547,1319,28,36,0,,25.71375274658203,OUTBOUND,-26.946659088134766,0.22095520394784818,
1,32.53425216674805,1.3980443477630615,0.13765594363212585,0.13152740895748138,10.738114015985047,29.551534000070262,-3.9223859310150146,1320,28,37,0,,16.600780487060547,OUTBOUND,-27.015066146850586,0.18557093467918653,
1,32.48023986816406,1.3984631299972534,0.32807621359825134,0.2912753224372864,10.745336446998408,29.53929714599844,-3.888949155807495,1321,28,38,0,,15.321335792541504,OUTBOUND,-27.056243896484375,0.13284079099569293,
1,32.29399871826172,1.3988795280456543,0.7458738088607788,0.7114500403404236,10.752897014986956,29.527092400276615,-3.852893829345703,1322,28,39,0,,12.429240226745605,OUTBOUND,-26.9606990814209,0.07239661913684814,
1,32.375732421875,1.3992966413497925,0.23765310645103455,0.21988612413406372,10.760822869982803,29.514862889529827,-3.915600538253784,1323,28,40,0,,9.468668937683105,OUTBOUND,-26.962900161743164,0.050042631799990994,
1,32.460548400878906,1.3997153043746948,0.17153257131576538,0.2227206826210022,10.771905859990511,29.502613378250242,-3.9325225353240967,1324,28,41,0,,22.16102409362793,OUTBOUND,-26.968059539794922,0.019462821084823643,
1,32.3154411315918,1.400133728981018,0.2952815592288971,0.28950250148773193,10.783012939995388,29.490332333728546,-3.897343397140503,1325,28,42,0,,4.412776470184326,OUTBOUND,-26.849782943725586,0.024586386876192245,
1,32.51234436035156,1.4005513191223145,0.13761025667190552,0.11351539939641953,10.795446320000337,29.478084480218474,-3.8876144886016846,1326,28,43,0,,17.05355453491211,OUTBOUND,-26.98996353149414,0.04143861472706167,
1,32.41912841796875,1.40096914768219,0.23711225390434265,0.20814193785190582,10.803746363992104,29.465810658421418,-3.903110980987549,1327,28,44,0,,14.421209335327148,OUTBOUND,-26.863351821899414,0.0158366696634235,
1,32.6504020690918,1.401387333869934,0.631941556930542,0.6525634527206421,10.81115225199028,29.453516850925066,-3.908586025238037,1328,28,45,0,,9.628074645996094,OUTBOUND,-27.11817169189453,-0.04696901467810774,
1,32.631011962890625,1.4018079042434692,0.23913486301898956,0.19933441281318665,10.81843591100187,29.441232503968003,-3.9549126625061035,1329,28,46,0,,14.429128646850586,OUTBOUND,-27.02594566345215,-0.11893291338361493,
1,32.76401138305664,1.4022306203842163,0.7790355682373047,0.7953227758407593,10.826599666004768,29.42888980331392,-3.9524195194244385,1330,28,47,0,,9.158985137939453,OUTBOUND,-27.171239852905273,-0.1882374768382261,
1,32.805885314941406,1.402653694152832,1.4784746170043945,1.4847224950790405,10.838316665991442,29.416586901814156,-3.918308734893799,1331,28,48,0,,27.768898010253906,OUTBOUND,-27.314788818359375,-0.22292147862534062,
1,32.72467041015625,1.4030768871307373,0.1310218870639801,0.10754954814910889,10.849492314999225,29.40429521898556,-3.9139368534088135,1332,28,49,0,,11.585973739624023,OUTBOUND,-27.247602462768555,-0.2439201169637814,
1,32.68495178222656,1.4034993648529053,0.0984051525592804,0.08781875669956207,10.861415449995548,29.391996410909726,-3.896292209625244,1333,28,50,0,,8.587656021118164,OUTBOUND,-27.24905776977539,-0.30082131008905316,
1,32.73636245727539,1.4039232730865479,0.11405189335346222,0.12326336652040482,10.8728606759978,29.37967104515424,-3.940873146057129,1334,28,51,0,,11.19863224029541,OUTBOUND,-27.228313446044922,-0.30567865364095087,
1,32.64169692993164,1.4043474197387695,1.3700380325317383,1.3381019830703735,10.884005255997181,29.367368750006502,-3.919234037399292,1335,28,52,0,,9.86999225616455,OUTBOUND,-27.18903923034668,-0.29850809300636694,
1,32.60050582885742,1.4047719240188599,0.10439664125442505,0.10453134775161743,10.8963545380102,29.355043082677213,-3.916332960128784,1336,28,53,0,,11.57753849029541,OUTBOUND,-27.10465431213379,-0.29435970043451615,
1,32.78337478637695,1.4051960706710815,0.13969607651233673,0.13602302968502045,10.909786112984875,29.342748052399585,-3.9083738327026367,1337,28,54,0,,24.595176696777344,OUTBOUND,-27.200185775756836,-0.3038845566864364,
1,32.77986145019531,1.4056199789047241,0.10800834745168686,0.08202340453863144,10.919747417996405,29.330426821748205,-3.9063754081726074,1338,28,55,0,,16.721071243286133,OUTBOUND,-27.180564880371094,-0.31846128858738454,
1,33.00547790527344,1.4060426950454712,0.10250061750411987,0.10233266651630402,10.931014036992565,29.31812749926319,-3.8854012489318848,1339,28,56,0,,10.029923439025879,OUTBOUND,-27.44800567626953,-0.32610639669054514,
1,32.698387145996094,1.4064644575119019,0.8039958477020264,0.8390229940414429,10.943190652993508,29.305765047361696,-3.887557029724121,1340,28,57,0,,19.775562286376953,OUTBOUND,-27.21455955505371,-0.3688567233923256,
1,32.76614761352539,1.4068844318389893,0.6824501156806946,0.7193218469619751,10.950942870986182,29.293424861379236,-3.866184711456299,1341,28,58,0,,16.40703582763672,OUTBOUND,-27.333208084106445,-0.3707437254077679,
1,32.885616302490234,1.4073041677474976,0.8906747102737427,0.9472433924674988,10.958139850990847,29.281143546624882,-3.895840644836426,1342,28,59,0,,11.85682487487793,OUTBOUND,-27.430227279663086,-0.3650864002920547,
1,32.81583786010742,1.4077247381210327,0.05931069701910019,0.06338813155889511,10.965651111997431,29.268831152572933,-3.9191155433654785,1343,28,60,0,,7.216464519500732,OUTBOUND,-27.303260803222656,-0.3926734123340623,
1,32.96109390258789,1.408145785331726,0.09821075201034546,0.12372580915689468,10.975929564010585,29.256544656618885,-3.911574602127075,1344,28,61,0,,17.09307289123535,OUTBOUND,-27.41925621032715,-0.4185750760433567,
1,32.95701599121094,1.408566951751709,0.08809951692819595,0.09963203966617584,10.983484172000317,29.244235362492063,-3.9071900844573975,1345,28,62,0,,12.72069263458252,OUTBOUND,-27.41973304748535,-0.43927161843315743,
1,32.96084976196289,1.4089875221252441,0.16415248811244965,0.16551464796066284,10.990613258996746,29.23195562852026,-3.891275644302368,1346,28,63,0,,16.125934600830078,OUTBOUND,-27.413692474365234,-0.4319326590316499,
1,33.183677673339844,1.4094085693359375,0.07937304675579071,0.07468754798173904,10.997639064007672,29.21965291778903,-3.91040301322937,1347,28,64,0,,5.533726215362549,OUTBOUND,-27.57628059387207,-0.44724162467132916,
1,33.18599319458008,1.4098302125930786,0.5406526923179626,0.4839586317539215,11.005830745998537,29.207310724905216,-3.9173383712768555,1348,28,65,0,,15.130453109741211,OUTBOUND,-27.614015579223633,-0.443103204408779,
1,33.15017318725586,1.4102528095245361,0.10797124356031418,0.12036053836345673,11.014828229002887,29.19499929539169,-3.9223499298095703,1349,28,66,0,,13.917664527893066,OUTBOUND,-27.61946678161621,-0.4224573439743918,
1,33.26499557495117,1.410676121711731,0.18989285826683044,0.1775674670934677,11.022319115989376,29.1826591978964,-3.922119617462158,1350,28,67,0,,6.353302001953125,OUTBOUND,-27.74753189086914,-0.42261084606834975,
1,33.3745002746582,1.4110996723175049,0.07946792244911194,0.07018338888883591,11.029714543983573,29.170322475416715,-3.91003155708313,1351,28,68,0,,5.2367329597473145,OUTBOUND,-27.88718605041504,-0.4213000570803404,
1,33.14809036254883,1.4115227460861206,0.6598370671272278,0.6045950055122375,11.037628966005286,29.157953471373414,-3.8982269763946533,1352,28,69,0,,25.48965835571289,OUTBOUND,-27.70323371887207,-0.41287581981674226,
1,32.998905181884766,1.411948561668396,0.08872091770172119,0.11234831809997559,11.046252578002168,29.14558030571606,-3.963841199874878,1353,28,70,0,,17.004709243774414,OUTBOUND,-27.419631958007812,-0.37318517605064183,
1,33.110679626464844,1.412373423576355,1.4319862127304077,1.462566614151001,11.057980048994068,29.133233042410858,-3.890167713165283,1354,28,71,0,,15.257258415222168,OUTBOUND,-27.664949417114258,-0.37567665999812283,
1,33.16599655151367,1.4127963781356812,0.1347975730895996,0.1886669397354126,11.069228929991368,29.120871393933644,-3.868834972381592,1355,28,72,0,,31.131994247436523,OUTBOUND,-27.675077438354492,-0.4236637203681618,
1,33.36542510986328,1.4132205247879028,0.20462794601917267,0.2064380645751953,11.080848779994994,29.10847067051947,-3.9305601119995117,1356,28,73,0,,17.735511779785156,OUTBOUND,-27.756582260131836,-0.442635267856039,
1,33.400428771972656,1.413644790649414,0.08422724157571793,0.0837402269244194,11.092335528985132,29.09604852845433,-3.9067819118499756,1357,28,74,0,,21.432600021362305,OUTBOUND,-27.764442443847656,-0.40508893654658307,
1,33.59129333496094,1.4140701293945312,1.1064459085464478,1.1000428199768066,11.104062094003893,29.08371700882397,-3.93394136428833,1358,28,75,0,,9.881834983825684,OUTBOUND,-27.9399356842041,-0.3648792207728151,
1,33.31966781616211,1.4144943952560425,1.7859214544296265,1.888791799545288,11.11673890199745,29.071411292353087,-3.8813247680664062,1359,28,76,0,,27.431982040405273,OUTBOUND,-27.841136932373047,-0.35171742091944913,
1,33.52371597290039,1.4149202108383179,0.6160833239555359,0.5516489148139954,11.127724530990236,29.059135729921287,-3.942530870437622,1360,28,77,0,,5.611017227172852,OUTBOUND,-27.959697723388672,-0.35700513068926765,
1,33.24462890625,1.4153456687927246,0.10161423683166504,0.12243449687957764,11.137151101982454,29.04683720082956,-3.8988709449768066,1361,28,78,0,,11.499964714050293,OUTBOUND,-27.690441131591797,-0.3715360693692231,
1,33.35698318481445,1.4157720804214478,1.497174859046936,1.5205819606781006,11.148299071006477,29.034548562644595,-3.932249069213867,1362,28,79,0,,20.263063430786133,OUTBOUND,-27.80933380126953,-0.3921401412121077,
1,33.61748123168945,1.4161995649337769,0.9885164499282837,0.959240198135376,11.156430796982022,29.022237183054774,-3.930973768234253,1363,28,80,0,,4.685766220092773,OUTBOUND,-28.07513427734375,-0.4454864215016455,
1,33.371490478515625,1.416626214981079,1.1042730808258057,1.0988134145736694,11.163862651010277,29.009884780607578,-3.893275499343872,1364,28,81,0,,5.811582565307617,OUTBOUND,-27.89049530029297,-0.4614281746229328,
1,33.58256530761719,1.4170538187026978,0.5870270729064941,0.5567156076431274,11.17209506299696,28.9975815803812,-3.931796073913574,1365,28,82,0,,26.60240936279297,OUTBOUND,-27.988048553466797,-0.4591040142211155,
1,33.563758850097656,1.4174832105636597,0.13271193206310272,0.15329554677009583,11.18010957801016,28.98527865838332,-3.951111316680908,1366,28,83,0,,24.666873931884766,OUTBOUND,-27.867530822753906,-0.4512944403612068,
1,33.532405853271484,1.4179112911224365,0.14102424681186676,0.12843361496925354,11.190963909000857,28.973008403502355,-3.8860371112823486,1367,28,84,0,,20.111955642700195,OUTBOUND,-27.875507354736328,-0.4290562186955075,
1,33.608638763427734,1.4183363914489746,0.7390295267105103,0.7809810638427734,11.201900138985366,28.96072469331119,-3.8483598232269287,1368,28,85,0,,3.2400078773498535,OUTBOUND,-28.01039695739746,-0.42591977261604835,
1,33.9009895324707,1.4187626838684082,0.1964176446199417,0.2040812224149704,11.21387828598381,28.94845029291769,-3.932584285736084,1369,28,86,0,,17.93137550354004,OUTBOUND,-28.254199981689453,-0.43409029937022636,
1,33.83460998535156,1.4191906452178955,0.18443875014781952,0.20831270515918732,11.224246244004462,28.93617176213594,-3.94032621383667,1370,28,87,0,,13.545610427856445,OUTBOUND,-28.221662521362305,-0.4639206563599948,
1,33.77922058105469,1.4196196794509888,0.7497575283050537,0.791767418384552,11.234902032010723,28.923866434321443,-3.9363901615142822,1371,28,88,0,,25.298891067504883,OUTBOUND,-28.251354217529297,-0.4790256121283688,
1,33.73640441894531,1.420048475265503,0.07304345071315765,0.0678156167268753,11.244626637984766,28.911522185521495,-3.9099278450012207,1372,28,89,0,,6.977221488952637,OUTBOUND,-28.22341537475586,-0.5135804471651164,
1,33.88443374633789,1.4204769134521484,0.120327427983284,0.1339748650789261,11.254482660006033,28.899205834356053,-3.901989459991455,1373,28,90,0,,7.52727746963501,OUTBOUND,-28.371952056884766,-0.5629419433997102,
1,33.590049743652344,1.4209052324295044,0.8180292844772339,0.855725884437561,11.261984710989054,28.886868337477996,-3.909245014190674,1374,28,91,0,,11.542506217956543,FAILURE,-28.101665496826172,-20.583340488617708,
1,33.690128326416016,1.421335220336914,0.39702171087265015,0.4216456413269043,11.270578235009452,29.987953599033872,-3.9474918842315674,1375,29,1,0,,13.023287773132324,OUTBOUND,-28.126222610473633,-0.040991369006915704,
1,33.660491943359375,1.421764612197876,0.4751146733760834,0.4266660213470459,11.280284556996776,29.975858198256645,-3.9009385108947754,1376,29,2,0,,7.245458602905273,OUTBOUND,-28.120153427124023,-0.09306762815400706,
1,33.60165023803711,1.4221946001052856,0.1509413868188858,0.18765246868133545,11.291324505989905,29.963781902062017,-3.9253628253936768,1377,29,3,0,,20.876033782958984,OUTBOUND,-27.950668334960938,-0.12352308771642094,
1,34.02318572998047,1.4226255416870117,1.2019363641738892,1.1828869581222534,11.305682828009594,29.951670082714223,-3.9350900650024414,1378,29,4,0,,10.871245384216309,OUTBOUND,-28.332677841186523,-0.09949621503095087,
1,33.934669494628906,1.4230568408966064,0.1464763730764389,0.13682511448860168,11.315828368999064,29.939624748904812,-3.9216692447662354,1379,29,5,0,,21.30930519104004,OUTBOUND,-28.233142852783203,-0.08298532997136589,
1,34.12704086303711,1.4234867095947266,0.07817996293306351,0.06545138359069824,11.324198963004164,29.92753937609436,-3.8873467445373535,1380,29,6,0,,8.365446090698242,OUTBOUND,-28.490798950195312,-0.1156007032310997,
1,34.16181945800781,1.423917293548584,0.719158947467804,0.6793236136436462,11.331388721009716,29.91539506856275,-3.926823616027832,1381,29,7,0,,22.362411499023438,OUTBOUND,-28.543264389038086,-0.16299015689590807,
1,34.01805877685547,1.424346923828125,0.14291352033615112,0.13146564364433289,11.338540531985927,29.903247916780707,-3.8938844203948975,1382,29,8,0,,8.830771446228027,OUTBOUND,-28.459129333496094,-0.222230091974313,
1,34.36781311035156,1.4247764348983765,0.08801430463790894,0.08970113843679428,11.346681738010375,29.891059643812167,-3.9082016944885254,1383,29,9,0,,6.649593353271484,OUTBOUND,-28.775482177734375,-0.28175161614013106,
1,33.972923278808594,1.4252036809921265,1.2983547449111938,1.275802731513977,11.35516602298594,29.87887682736654,-3.8626656532287598,1384,29,10,0,,18.526771545410156,OUTBOUND,-28.500686645507812,-0.31632762550549887,
1,33.94719314575195,1.4256315231323242,1.1013381481170654,1.0909088850021362,11.362374652992003,29.86666128763884,-3.917820930480957,1385,29,11,0,,7.667970657348633,OUTBOUND,-28.391550064086914,-0.33239379167105465,
1,34.29396057128906,1.4260598421096802,0.14600762724876404,0.1318487524986267,11.369494880986167,29.854416979829626,-3.9185333251953125,1386,29,12,0,,9.983156204223633,OUTBOUND,-28.744739532470703,-0.38164632773456825,
1,34.2900390625,1.426489233970642,0.09630746394395828,0.11369189620018005,11.377930015005404,29.842129344497582,-3.9311466217041016,1387,29,13,0,,15.239635467529297,OUTBOUND,-28.655920028686523,-0.38700852779135525,
1,34.40363693237305,1.4269170761108398,0.16118460893630981,0.15652808547019958,11.38695662698592,29.829887252505642,-3.872781991958618,1388,29,14,0,,14.297884941101074,OUTBOUND,-28.801862716674805,-0.3449520151041444,
1,34.218746185302734,1.4273418188095093,0.14253534376621246,0.14584232866764069,11.396238974994048,29.81770271041145,-3.841864585876465,1389,29,15,0,,5.560790061950684,OUTBOUND,-28.652103424072266,-0.3449363321479128,
1,34.381256103515625,1.4277671575546265,0.23601962625980377,0.1935378611087799,11.404078599007335,29.805465201954696,-3.911475419998169,1390,29,16,0,,12.803339958190918,OUTBOUND,-28.720352172851562,-0.34082365353273864,
1,34.3184700012207,1.4281929731369019,0.17163196206092834,0.15258851647377014,11.412043541989988,29.79323876709815,-3.9111671447753906,1391,29,17,0,,7.891188144683838,OUTBOUND,-28.677249908447266,-0.3314159864408917,
1,34.390647888183594,1.4286202192306519,1.1771600246429443,1.1858562231063843,11.42184854898369,29.780976520402735,-3.9318041801452637,1392,29,18,0,,15.932075500488281,OUTBOUND,-28.756990432739258,-0.36284163068555464,
1,34.059661865234375,1.4290448427200317,0.9779102802276611,1.0489591360092163,11.429611362982541,29.768681867367665,-3.8448946475982666,1393,29,19,0,,23.34760856628418,FAILURE,-28.585254669189453,-30.407202471690244,
1,34.459293365478516,1.4294705390930176,1.5244519710540771,1.467771053314209,11.437556921999203,29.98799061025639,-3.9216878414154053,1394,30,1,0,,25.520795822143555,OUTBOUND,-28.927295684814453,0.009241961787265726,
1,34.031795501708984,1.4298979043960571,1.9588311910629272,1.9958784580230713,11.445712084998377,29.9759496110227,-3.9362025260925293,1395,30,2,0,,14.575213432312012,OUTBOUND,-28.520580291748047,0.007776213119389225,
1,34.10976028442383,1.4303234815597534,0.17855779826641083,0.2441195696592331,11.453694155992707,29.96390356246894,-3.865140914916992,1396,30,3,0,,33.077308654785156,OUTBOUND,-28.62636375427246,-0.03550279637281937,
1,34.21161651611328,1.4307504892349243,0.2218858301639557,0.2917459309101105,11.461751848983113,29.951831191381217,-3.928057909011841,1397,30,4,0,,48.674808502197266,OUTBOUND,-28.504880905151367,-0.05686240779843954,
1,34.529212951660156,1.4311769008636475,0.2040255069732666,0.207628533244133,11.469159786996897,29.939752995335134,-3.890418529510498,1398,30,5,0,,19.093364715576172,OUTBOUND,-28.799654006958008,-0.04835613627036092,
1,34.53852844238281,1.4316047430038452,0.9656371474266052,1.0135936737060547,11.47651269598282,29.92769821883262,-3.928529739379883,1399,30,6,0,,7.470587253570557,OUTBOUND,-28.745298385620117,-0.03595171338452054,
1,34.65750503540039,1.4320331811904907,2.1924209594726562,2.2276930809020996,11.484626981982728,29.91561512840622,-3.916435718536377,1400,30,7,0,,32.76833724975586,OUTBOUND,-29.013877868652344,-0.018163798638087418,
1,34.48387908935547,1.432461142539978,0.38052260875701904,0.3785521388053894,11.492330337001476,29.903555117771976,-3.894324779510498,1401,30,8,0,,11.082066535949707,OUTBOUND,-28.906150817871094,-0.00261318374659248,
1,34.568241119384766,1.432889461517334,0.11843972653150558,0.13010431826114655,11.499337955989176,29.89149667561925,-3.9104268550872803,1402,30,9,0,,6.201198101043701,OUTBOUND,-28.960750579833984,-0.0008462093208908997,
1,34.67378616333008,1.4333194494247437,0.11072535812854767,0.12069126963615417,11.506775527988793,29.879392104306387,-3.9383187294006348,1403,30,10,0,,9.044776916503906,OUTBOUND,-29.025096893310547,0.032842198080764516,
1,34.61721420288086,1.433750033378601,1.0239646434783936,1.0328456163406372,11.515839317988139,29.86729888074932,-3.9201395511627197,1404,30,11,0,,23.13638687133789,OUTBOUND,-29.053009033203125,0.04986792537694337,
1,34.529502868652344,1.4341803789138794,1.3361952304840088,1.424074411392212,11.526741167996079,29.855197914298795,-3.9029316902160645,1405,30,12,0,,10.153733253479004,OUTBOUND,-28.999433517456055,0.04670890269517302,
1,34.52356719970703,1.43461012840271,0.1373935341835022,0.2024758905172348,11.534836548002204,29.843111794879405,-3.8908183574676514,1406,30,13,0,,28.322566986083984,OUTBOUND,-28.95032501220703,0.06859590313190608,
1,34.548797607421875,1.4350390434265137,1.3387205600738525,1.4200143814086914,11.543420189002063,29.83097858796605,-3.8883438110351562,1407,30,14,0,,10.991401672363281,OUTBOUND,-28.94912338256836,0.050474347516025676,
1,34.467041015625,1.4354658126831055,1.2046153545379639,1.1991040706634521,11.554375159990741,29.818903286152324,-3.8597803115844727,1408,30,15,0,,3.2753219604492188,OUTBOUND,-28.890222549438477,0.02638220227335356,
1,34.71687698364258,1.4358930587768555,0.8369662761688232,0.7686899900436401,11.563705003005452,29.80681830780781,-3.905870199203491,1409,30,16,0,,7.248377799987793,OUTBOUND,-29.0441837310791,0.051989812842295466,
1,34.883934020996094,1.4363216161727905,0.6133565902709961,0.5700250864028931,11.572664095001528,29.79471329893293,-3.9267630577087402,1410,30,17,0,,6.985313415527344,OUTBOUND,-29.201820373535156,0.05856519862756653,
1,34.817909240722656,1.4367485046386719,0.12117353081703186,0.11437022686004639,11.581988418998662,29.782595368169975,-3.8655996322631836,1411,30,18,0,,9.159211158752441,OUTBOUND,-29.211780548095703,0.04612316193364653,
1,34.9348258972168,1.4371761083602905,1.231076717376709,1.2233058214187622,11.593613795994315,29.7704065713135,-3.913046360015869,1412,30,19,0,,9.757783889770508,OUTBOUND,-29.29900360107422,0.012917117120841063,
1,34.95719528198242,1.4376051425933838,0.12218499928712845,0.11829967796802521,11.604823773988755,29.758245344715267,-3.9295825958251953,1413,30,20,0,,10.72398567199707,OUTBOUND,-29.240522384643555,-0.05834923622108616,
1,34.93603515625,1.4380344152450562,1.4056116342544556,1.276452660560608,11.617465152987279,29.746082909304636,-3.9057207107543945,1414,30,21,0,,11.706632614135742,OUTBOUND,-29.28850746154785,-0.09666883396509501,
1,35.02051544189453,1.438464641571045,0.1793464720249176,0.20389693975448608,11.625466915982543,29.73396565829796,-3.9217092990875244,1415,30,22,0,,2.913684368133545,OUTBOUND,-29.359989166259766,-0.1019661911785739,
1,34.85231018066406,1.4388926029205322,0.17013102769851685,0.19821083545684814,11.635148369998205,29.72187746394313,-3.8564159870147705,1416,30,23,0,,10.445382118225098,OUTBOUND,-29.265213012695312,-0.0865409921045035,
1,35.088592529296875,1.4393227100372314,0.1417691707611084,0.16247567534446716,11.646238104003714,29.709806450889985,-3.9436182975769043,1417,30,24,0,,12.741314888000488,OUTBOUND,-29.362022399902344,-0.044288658553444375,
1,34.92147445678711,1.4397519826889038,0.12295983731746674,0.12905588746070862,11.655443302995991,29.697734526558996,-3.8849661350250244,1418,30,25,0,,8.347192764282227,OUTBOUND,-29.254039764404297,0.0007676779675920692,
1,35.07400131225586,1.440181851387024,1.6226558685302734,1.6088849306106567,11.662612715997966,29.685600349547485,-3.913738250732422,1419,30,26,0,,29.405179977416992,OUTBOUND,-29.450077056884766,0.03035527145775934,
1,35.182098388671875,1.4406118392944336,0.16673576831817627,0.15891167521476746,11.672262026986573,29.67343420936998,-3.904174327850342,1420,30,27,0,,2.9039790630340576,OUTBOUND,-29.568479537963867,0.05011850476779778,
1,34.83229064941406,1.4410399198532104,1.0770020484924316,1.1655076742172241,11.684204449004028,29.661289632918862,-3.8621702194213867,1421,30,28,0,,15.347917556762695,OUTBOUND,-29.31333351135254,0.03635111148797149,
1,35.08021545410156,1.441469669342041,0.16523779928684235,0.1435014307498932,11.694247881998308,29.649101696210614,-3.930941343307495,1422,30,29,0,,3.27026629447937,OUTBOUND,-29.46027946472168,-0.005803980382779576,
1,35.148292541503906,1.441901445388794,0.12844732403755188,0.12128136307001114,11.705858851986704,29.63699277072377,-3.942780017852783,1423,30,30,0,,9.734989166259766,OUTBOUND,-29.474517822265625,0.002004395074076862,
1,34.948974609375,1.4423341751098633,1.2580946683883667,1.2389940023422241,11.718514464009786,29.62485483343612,-3.92645263671875,1424,30,31,0,,3.8638012409210205,OUTBOUND,-29.296371459960938,0.0072102264930358415,
1,35.0150260925293,1.44276762008667,0.19856108725070953,0.2045024037361145,11.726088216993958,29.612713232492712,-3.921980142593384,1425,30,32,0,,29.19332504272461,OUTBOUND,-29.29495620727539,-0.009285827936073953,
1,35.230369567871094,1.4432011842727661,0.20199191570281982,0.20283189415931702,11.733451718988363,29.60051463087856,-3.9087932109832764,1426,30,33,0,,26.134531021118164,OUTBOUND,-29.475482940673828,-0.02449023530916347,
1,35.48866653442383,1.4436360597610474,0.12155754864215851,0.1290351301431656,11.740617003990337,29.588292451564257,-3.9356021881103516,1427,30,34,0,,3.0547726154327393,OUTBOUND,-29.694551467895508,-0.03542719418561114,
1,35.42812728881836,1.4440710544586182,0.10324375331401825,0.11097177863121033,11.748468956997385,29.576031220457963,-3.912996292114258,1428,30,35,0,,1.8240625858306885,OUTBOUND,-29.677501678466797,-0.008409171677385745,
1,35.45428466796875,1.444504737854004,0.10204112529754639,0.1139942854642868,11.756930017989362,29.56374822377695,-3.8838260173797607,1429,30,36,0,,14.489855766296387,OUTBOUND,-29.811410903930664,-0.019021351510634308,
1,35.47643280029297,1.4449379444122314,1.5142310857772827,1.629055142402649,11.764158042991767,29.551493556258443,-3.8929734230041504,1430,30,37,0,,35.57526397705078,OUTBOUND,-29.900650024414062,-0.017170209645471564,
1,35.273895263671875,1.4453694820404053,0.12267030030488968,0.12356732785701752,11.774250480986666,29.539249361566473,-3.873241662979126,1431,30,38,0,,5.321789741516113,OUTBOUND,-29.727266311645508,0.012510011408893388,
1,35.31665802001953,1.4458014965057373,0.9344280958175659,0.8660820126533508,11.785966645984445,29.52700331277087,-3.9130003452301025,1432,30,39,0,,2.235507011413574,OUTBOUND,-29.719661712646484,0.03177201895559449,
1,35.07658004760742,1.4462318420410156,1.483347773551941,1.4671071767807007,11.797666509984992,29.51476257728464,-3.8663525581359863,1433,30,40,0,,17.3912296295166,OUTBOUND,-29.57941246032715,0.026646195612061094,
1,35.15537643432617,1.4466644525527954,1.363422155380249,1.3696494102478027,11.80775031799567,29.502495858181312,-3.9443740844726562,1434,30,41,0,,19.135223388671875,OUTBOUND,-29.492996215820312,0.04292865813521886,
1,35.34384536743164,1.4470971822738647,0.20527026057243347,0.2190876007080078,11.819163309992291,29.490275708035064,-3.908550977706909,1435,30,42,0,,40.875816345214844,OUTBOUND,-29.627492904663086,0.06806668897981416,
1,35.340415954589844,1.447529673576355,0.1296861320734024,0.13717566430568695,11.831349354004487,29.478037337347455,-3.8977766036987305,1436,30,43,0,,30.494943618774414,OUTBOUND,-29.55594253540039,0.08382576427613345,
1,35.485008239746094,1.4479632377624512,0.15850099921226501,0.1625087410211563,11.842978264001431,29.46580459974902,-3.925137996673584,1437,30,44,0,,13.96570873260498,OUTBOUND,-29.63454818725586,0.09312088899053987,
1,35.95899963378906,1.4483985900878906,0.16357304155826569,0.15564237534999847,11.856265064008767,29.45356633205348,-3.943403482437134,1438,30,45,0,,6.393563270568848,OUTBOUND,-30.100351333618164,0.08602087238349812,
1,35.78862380981445,1.4488344192504883,0.20536762475967407,0.2279375046491623,11.866132289986126,29.441340176587456,-3.9165523052215576,1439,30,46,0,,26.085651397705078,OUTBOUND,-30.06405258178711,0.07137593807121988,
1,35.779022216796875,1.4492685794830322,0.14859092235565186,0.15444648265838623,11.876874720997876,29.429102366239864,-3.8753833770751953,1440,30,47,0,,27.294635772705078,OUTBOUND,-30.172344207763672,0.07489372865471745,
1,35.86017608642578,1.449703335762024,0.09422362595796585,0.09394411742687225,11.886452153994469,29.41689286836321,-3.91629958152771,1441,30,48,0,,8.857521057128906,OUTBOUND,-30.20928192138672,0.11719174384294558,
1,35.88941192626953,1.4501368999481201,0.11850930005311966,0.101484015583992,11.895940107991919,29.40468269381319,-3.8790605068206787,1442,30,49,0,,10.786620140075684,OUTBOUND,-30.30698013305664,0.11064848988672416,
1,35.53434371948242,1.4505707025527954,2.579219341278076,2.58876633644104,11.90284490698832,29.39245030437396,-3.9113688468933105,1443,30,50,0,,48.43156051635742,OUTBOUND,-30.018245697021484,0.08366707321730313,
1,35.4210205078125,1.451001763343811,1.5334625244140625,1.613511323928833,11.91060349799227,29.38019915005929,-3.844067096710205,1444,30,51,0,,8.276800155639648,OUTBOUND,-29.992477416992188,0.07396231570607782,
1,35.323875427246094,1.451432466506958,0.18091578781604767,0.2663644850254059,11.922974055982195,29.367899934754565,-3.8893303871154785,1445,30,52,0,,51.933658599853516,OUTBOUND,-29.69210433959961,0.08256416350704442,
1,35.41564178466797,1.4518650770187378,1.3806792497634888,1.4290348291397095,11.93245666299481,29.355663012477407,-3.9369258880615234,1446,30,53,0,,28.499004364013672,OUTBOUND,-29.623044967651367,0.09364036953571894,
1,35.570030212402344,1.4522968530654907,1.2069942951202393,1.1309770345687866,11.940050368983066,29.343496789406647,-3.8811559677124023,1447,30,54,0,,33.608642578125,OUTBOUND,-29.77108383178711,0.0773141475741757,
1,35.960975646972656,1.452729344367981,0.222805917263031,0.17202691733837128,11.947572598990519,29.33130242595584,-3.9130403995513916,1448,30,55,0,,38.28291702270508,OUTBOUND,-30.03870391845703,0.05358453729108134,
1,36.09938049316406,1.4531620740890503,0.1638585478067398,0.1650494635105133,11.955213821987854,29.319079801194565,-3.906973123550415,1449,30,56,0,,9.349430084228516,OUTBOUND,-30.213268280029297,0.04456956582758939,
1,36.17791748046875,1.4535959959030151,0.1561368852853775,0.2076708972454071,11.963399328989908,29.30684420053578,-3.923024892807007,1450,30,57,0,,31.121421813964844,OUTBOUND,-30.39250373840332,0.005157178036475538,
1,36.213199615478516,1.454031229019165,0.22423435747623444,0.261841744184494,11.97056759800762,29.294586472351735,-3.9280858039855957,1451,30,58,0,,42.27928924560547,OUTBOUND,-30.514625549316406,-0.07199295117963041,
1,36.19602584838867,1.4544689655303955,0.3266240358352661,0.29561126232147217,11.977637229982065,29.282293582970166,-3.9573347568511963,1452,30,59,0,,35.134033203125,OUTBOUND,-30.507902145385742,-0.1636628646603203,
1,35.969512939453125,1.4549064636230469,0.2537173330783844,0.23059989511966705,11.985177628987003,29.27001246401068,-3.907305955886841,1453,30,60,0,,9.200977325439453,OUTBOUND,-30.38106346130371,-0.18456458315968013,
1,35.76694869995117,1.4553438425064087,1.7763614654541016,1.8348174095153809,11.994896982010687,29.257758974105947,-3.9018049240112305,1454,30,61,0,,18.653364181518555,OUTBOUND,-30.224653244018555,-0.17915301077797252,
1,36.00975799560547,1.4557812213897705,0.17731551826000214,0.20128393173217773,12.002247010997962,29.245481424028632,-3.9087142944335938,1455,30,62,0,,20.09262466430664,OUTBOUND,-30.414997100830078,-0.20571455529067964,
1,35.78235626220703,1.4562187194824219,0.13286763429641724,0.15633872151374817,12.00962858798448,29.233164718589048,-3.911743402481079,1456,30,63,0,,32.61286926269531,OUTBOUND,-30.07152557373047,-0.21511116140593234,
1,35.88848876953125,1.4566564559936523,0.27121973037719727,0.260199636220932,12.017407810984878,29.220814825152736,-3.9115073680877686,1457,30,64,0,,50.99844741821289,OUTBOUND,-30.01883888244629,-0.24195291240450353,
1,36.348636627197266,1.4570949077606201,0.17978650331497192,0.16879992187023163,12.028734355000779,29.208488431475804,-3.9214518070220947,1458,30,65,0,,25.799848556518555,OUTBOUND,-30.420238494873047,-0.30057067293736195,
1,36.192806243896484,1.457531213760376,1.3411214351654053,1.4297996759414673,12.039133227983257,29.1961277903343,-3.8674936294555664,1459,30,66,0,,21.12570571899414,OUTBOUND,-30.421154022216797,-0.33678425455846633,
1,36.4276008605957,1.4579668045043945,0.17551356554031372,0.19538109004497528,12.046814389992505,29.18373772361693,-3.886348247528076,1460,30,67,0,,16.85186195373535,OUTBOUND,-30.70856475830078,-0.32982393443907293,
1,36.25904083251953,1.45840322971344,2.4727892875671387,2.494661569595337,12.054720993008232,29.171351872002624,-3.919678211212158,1461,30,68,0,,54.23479080200195,FAILURE,-30.63338851928711,-30.31972288611724,
1,36.20923614501953,1.4588379859924316,0.21291494369506836,0.19056184589862823,12.064624494989403,29.987956460339802,-3.8690989017486572,1462,31,1,0,,21.598281860351562,OUTBOUND,-30.644174575805664,0.010967251685997352,
1,36.330657958984375,1.4592727422714233,1.6851756572723389,1.7794028520584106,12.07507444199291,29.97586174958368,-3.9007961750030518,1463,31,2,0,,8.008122444152832,OUTBOUND,-30.72162437438965,0.0080384050125672,
1,36.102779388427734,1.4597059488296509,0.14589382708072662,0.2404986023902893,12.082790112996008,29.96379361540759,-3.866119146347046,1464,31,3,0,,32.85966873168945,OUTBOUND,-30.495176315307617,-0.034972996775936,
1,36.2348747253418,1.460141658782959,0.21871623396873474,0.2772587239742279,12.091278345003957,29.951701477474824,-3.949971914291382,1465,31,4,0,,27.120601654052734,OUTBOUND,-30.453121185302734,-0.05766643732096145,
1,36.2785758972168,1.460578441619873,1.4703850746154785,1.5073792934417725,12.101417211990338,29.939572732275582,-3.923776626586914,1466,31,5,0,,14.432154655456543,OUTBOUND,-30.492568969726562,-0.07712612375201659,
1,36.474491119384766,1.461013674736023,0.11121052503585815,0.10244603455066681,12.109981062996667,29.927455660961094,-3.869196891784668,1467,31,6,0,,18.721843719482422,OUTBOUND,-30.68049430847168,-0.1095657284400747,
1,36.50394058227539,1.4614505767822266,0.14787830412387848,0.11644004285335541,12.117696614004672,29.91529624313607,-3.937140464782715,1468,31,7,0,,25.29857063293457,OUTBOUND,-30.57036590576172,-0.09300881762174545,
1,36.711769104003906,1.4618897438049316,0.21080106496810913,0.23826095461845398,12.12636195300729,29.903204717379616,-3.9499564170837402,1469,31,8,0,,19.846750259399414,OUTBOUND,-30.847923278808594,-0.03025078278611336,
1,36.679141998291016,1.462329387664795,0.10449184477329254,0.1166146770119667,12.134178963984596,29.891126114916368,-3.9159600734710693,1470,31,9,0,,14.492334365844727,OUTBOUND,-30.914587020874023,0.012931322107665141,
1,36.468936920166016,1.462768793106079,3.213102102279663,3.2967917919158936,12.141671533987392,29.879006870370773,-3.903956651687622,1471,31,10,0,,61.00067901611328,OUTBOUND,-30.85956382751465,0.04580742333791012,
1,36.462890625,1.4632091522216797,0.2725353538990021,0.2503431737422943,12.148935047007399,29.86687452401565,-3.9292068481445312,1472,31,11,0,,21.879186630249023,OUTBOUND,-30.826692581176758,0.09051465005068468,
1,36.41218185424805,1.4636507034301758,0.2728783190250397,0.2870205342769623,12.158210133988177,29.85468813724755,-3.931777000427246,1473,31,12,0,,11.672493934631348,OUTBOUND,-30.768537521362305,0.0989488557398148,
1,36.399147033691406,1.4640913009643555,2.3813083171844482,2.357053756713867,12.167835922009544,29.842525199987477,-3.8916139602661133,1474,31,13,0,,12.49325942993164,OUTBOUND,-30.831531524658203,0.06408880140401599,
1,36.23763656616211,1.464531421661377,0.1989610493183136,0.2559596300125122,12.175112886994611,29.830336295892344,-3.9011268615722656,1475,31,14,0,,44.965030670166016,OUTBOUND,-30.542362213134766,0.010907930732688946,
1,36.231136322021484,1.4649701118469238,1.5889606475830078,1.6342856884002686,12.182473157998174,29.8181548925953,-3.8751940727233887,1476,31,15,0,,37.161834716796875,OUTBOUND,-30.448925018310547,-0.044567477866993374,
1,36.531044006347656,1.465409517288208,1.7371618747711182,1.7252469062805176,12.191044225008227,29.805941227860117,-3.9217026233673096,1477,31,16,0,,28.424503326416016,OUTBOUND,-30.605010986328125,-0.09329922492910021,
1,36.869510650634766,1.4658496379852295,0.1916215717792511,0.14295242726802826,12.19929604200297,29.793729884216617,-3.9174392223358154,1478,31,17,0,,25.386043548583984,OUTBOUND,-30.911697387695312,-0.12862402540771325,
1,37.00269317626953,1.466288447380066,0.22303274273872375,0.21476437151432037,12.207999500009464,29.78149085871406,-3.883646249771118,1479,31,18,0,,9.856260299682617,OUTBOUND,-31.135189056396484,-0.10665401960122706,
1,37.04238510131836,1.466728925704956,0.2012171447277069,0.2560615837574005,12.215123723988654,29.769279499445073,-3.9373996257781982,1480,31,19,0,,29.235355377197266,OUTBOUND,-31.208986282348633,-0.11445006580526938,
1,37.01679611206055,1.4671707153320312,1.400553822517395,1.3785327672958374,12.224677051010076,29.75704190834322,-3.933244466781616,1481,31,20,0,,48.61976623535156,OUTBOUND,-31.2928466796875,-0.1274410658921648,
1,37.072574615478516,1.4676119089126587,0.15412451326847076,0.14814482629299164,12.236484371009283,29.744820922391668,-3.898597240447998,1482,31,21,0,,14.635808944702148,OUTBOUND,-31.406112670898438,-0.09040583025815008,
1,36.803531646728516,1.4680536985397339,1.9191594123840332,1.8985440731048584,12.24766696000006,29.73264192649284,-3.9194703102111816,1483,31,22,0,,35.83972930908203,OUTBOUND,-31.184762954711914,-0.049529267232341544,
1,36.729827880859375,1.4684942960739136,1.9994566440582275,1.9723076820373535,12.259553490002872,29.72046627704961,-3.885404109954834,1484,31,23,0,,19.393230438232422,OUTBOUND,-31.206035614013672,-0.05101429360142576,
1,36.481868743896484,1.4689345359802246,0.2609959840774536,0.3578777611255646,12.268968736985698,29.708278106680616,-3.897934913635254,1485,31,24,0,,56.36640548706055,OUTBOUND,-30.80691146850586,-0.08619746086017814,
1,36.708988189697266,1.4693763256072998,1.5214086771011353,1.5717945098876953,12.28029082599096,29.69605499166139,-3.9388935565948486,1486,31,25,0,,37.49303436279297,OUTBOUND,-30.865325927734375,-0.07217745490420288,
1,36.68098831176758,1.469817876815796,2.7494685649871826,2.6592352390289307,12.292318310996052,29.6837987398777,-3.9023892879486084,1487,31,26,0,,5.612638473510742,OUTBOUND,-30.871213912963867,-0.03342462136151521,
1,36.812618255615234,1.4702579975128174,0.31893157958984375,0.27834612131118774,12.30417492898414,29.67149864187347,-3.876516819000244,1488,31,27,0,,27.596195220947266,OUTBOUND,-30.963279724121094,-0.05341357122396802,
1,37.196075439453125,1.4706995487213135,0.17356422543525696,0.11143496632575989,12.314952849992551,29.659241042731583,-3.935117721557617,1489,31,28,0,,28.582120895385742,OUTBOUND,-31.239099502563477,-0.08344541279329899,
1,37.42319869995117,1.4711430072784424,0.12975595891475677,0.13487069308757782,12.326077540987171,29.646932020219367,-3.945594072341919,1490,31,29,0,,10.536410331726074,OUTBOUND,-31.487581253051758,-0.10887936543877276,
1,37.26444625854492,1.4715850353240967,0.2970632016658783,0.33207809925079346,12.335622829996282,29.634664419702844,-3.884162425994873,1491,31,30,0,,25.1326904296875,OUTBOUND,-31.491491317749023,-0.14126100760336258,
1,37.15644836425781,1.4720274209976196,0.6370236277580261,0.6928038001060486,12.344168159004766,29.622389209807565,-3.9119832515716553,1492,31,31,0,,45.69526290893555,OUTBOUND,-31.42946434020996,-0.16572653320403868,
1,37.052207946777344,1.472470760345459,0.12549148499965668,0.10226961970329285,12.351900442008628,29.610137430254902,-3.927382469177246,1493,31,32,0,,14.083901405334473,OUTBOUND,-31.33049964904785,-0.19187910115965656,
1,36.99115753173828,1.4729145765304565,1.743849754333496,1.8006246089935303,12.359302695986116,29.597878409929105,-3.922269821166992,1494,31,33,0,,28.309541702270508,OUTBOUND,-31.33759117126465,-0.19501318341315116,
1,36.90458679199219,1.473357915878296,0.40960872173309326,0.43333378434181213,12.36788889800664,29.585623946378213,-3.8975636959075928,1495,31,34,0,,19.471294403076172,OUTBOUND,-31.251062393188477,-0.202180658369233,
1,36.99053192138672,1.4738035202026367,0.18185007572174072,0.23219475150108337,12.376548612985061,29.573337094045637,-3.9565184116363525,1496,31,35,0,,40.74538803100586,OUTBOUND,-31.146310806274414,-0.2081768749132652,
1,37.36439895629883,1.4742491245269775,0.14651189744472504,0.1598970592021942,12.387388364004437,29.56100752101809,-3.9133832454681396,1497,31,36,0,,36.028900146484375,OUTBOUND,-31.477231979370117,-0.1952310538338042,
1,37.2779655456543,1.474694848060608,0.20530612766742706,0.17272745072841644,12.399461670982419,29.54866680256685,-3.9185099601745605,1498,31,37,0,,15.459726333618164,OUTBOUND,-31.338214874267578,-0.1916562722197157,
1,37.57604217529297,1.4751404523849487,0.130276620388031,0.13116732239723206,12.407390807988122,29.536283097892706,-3.909306764602661,1499,31,38,0,,9.736576080322266,OUTBOUND,-31.67934226989746,-0.21136631181606674,
1,37.54010772705078,1.4755852222442627,0.09936010092496872,0.12206168472766876,12.414776838006219,29.523854318778056,-3.894474506378174,1500,31,39,0,,14.588214874267578,OUTBOUND,-31.741174697875977,-0.25500128021056034,
1,37.46907424926758,1.4760288000106812,0.3779764771461487,0.38351187109947205,12.421986325993203,29.5114530905434,-3.886157274246216,1501,31,40,0,,35.0388069152832,OUTBOUND,-31.758235931396484,-0.2920312209013521,
1,37.5304069519043,1.4764734506607056,0.3007800877094269,0.3167148530483246,12.430160985997645,29.499029626785255,-3.930976152420044,1502,31,41,0,,21.730520248413086,OUTBOUND,-31.78912353515625,-0.310448114076783,
1,37.327816009521484,1.4769178628921509,2.218268632888794,2.1958847045898438,12.43928328898619,29.48655993993021,-3.903318405151367,1503,31,42,0,,41.926273345947266,OUTBOUND,-31.700803756713867,-0.3471302282448548,
1,37.19268035888672,1.477362871170044,0.25406527519226074,0.25216376781463623,12.446671520010568,29.47414179447923,-3.9227566719055176,1504,31,43,0,,12.98170280456543,FAILURE,-31.513708114624023,-30.363633770697458,
1,37.255584716796875,1.4778082370758057,0.14805331826210022,0.2555444538593292,12.45427162098349,29.98797783478239,-3.9187099933624268,1505,32,1,0,,50.97064971923828,OUTBOUND,-31.463258743286133,0.01838800767356497,
1,37.27884292602539,1.4782516956329346,2.43017315864563,2.4364733695983887,12.462965782004176,29.975933228668794,-3.8681797981262207,1506,32,2,0,,12.283329963684082,OUTBOUND,-31.54783058166504,0.045363357540227855,
1,37.26665496826172,1.478695273399353,1.7233446836471558,1.7604467868804932,12.472247036988847,29.963872446941,-3.910684823989868,1507,32,3,0,,8.090580940246582,OUTBOUND,-31.409460067749023,0.035282742095025035,
1,37.504119873046875,1.4791377782821655,0.2607406675815582,0.22490744292736053,12.482538140000543,29.95180411399087,-3.8823094367980957,1508,32,4,0,,28.066024780273438,OUTBOUND,-31.61663055419922,0.030287082034606443,
1,37.61363983154297,1.4795801639556885,0.2916199564933777,0.2598510980606079,12.494553119991906,29.939744834519725,-3.9034597873687744,1509,32,5,0,,11.277986526489258,OUTBOUND,-31.706146240234375,0.030036645599629038,
1,37.55329895019531,1.4800232648849487,0.3572186827659607,0.40304917097091675,12.50570151899592,29.92766067043022,-3.9153733253479004,1510,32,6,0,,17.27290916442871,OUTBOUND,-31.704402923583984,0.054546816688233316,
1,37.7078971862793,1.4804641008377075,0.3324022591114044,0.362379252910614,12.513547676004237,29.915545051059343,-3.859786033630371,1511,32,7,0,,12.931705474853516,OUTBOUND,-31.974395751953125,0.10213616890066603,
1,37.70594024658203,1.4809057712554932,0.10950607061386108,0.10923520475625992,12.520682248985395,29.903430455735904,-3.915259838104248,1512,32,8,0,,4.980684280395508,OUTBOUND,-31.868976593017578,0.12289581265635535,
1,37.73428726196289,1.4813481569290161,0.1779240518808365,0.18087057769298553,12.52811132298666,29.8912809651416,-3.918375253677368,1513,32,9,0,,6.574063301086426,OUTBOUND,-31.897645950317383,0.14134671381575592,
1,37.976646423339844,1.4817917346954346,0.3458089530467987,0.318974107503891,12.536525515984977,29.87911175065177,-3.9238059520721436,1514,32,10,0,,7.907675743103027,OUTBOUND,-32.161895751953125,0.1736752243357558,
1,37.74484634399414,1.4822379350662231,0.10831610858440399,0.10718589276075363,12.545748601987725,29.866917273744082,-3.9595069885253906,1515,32,11,0,,9.684436798095703,OUTBOUND,-31.8730411529541,0.16661107839657588,
1,37.83856201171875,1.4826825857162476,1.832606554031372,1.8201406002044678,12.556528677989263,29.854745411139135,-3.879122257232666,1516,32,12,0,,21.682987213134766,OUTBOUND,-32.1390266418457,0.12025362278754048,
1,37.94581985473633,1.4831275939941406,0.1059260293841362,0.13360421359539032,12.567752856994048,29.842578641029547,-3.910707712173462,1517,32,13,0,,10.988212585449219,OUTBOUND,-32.156982421875,0.08128332785717045,
1,37.60829544067383,1.4835718870162964,1.2560347318649292,1.1843959093093872,12.57948153198231,29.830359894544344,-3.8934290409088135,1518,32,14,0,,2.7883360385894775,OUTBOUND,-31.825040817260742,0.09470100680609787,
1,37.66802215576172,1.4840140342712402,0.16273117065429688,0.16512241959571838,12.590089320990955,29.818149980313027,-3.859914541244507,1519,32,15,0,,12.09559154510498,OUTBOUND,-31.91434669494629,0.14862971538023212,
1,37.77027893066406,1.484455943107605,2.4087579250335693,2.488173484802246,12.601579278009012,29.80594100768669,-3.89365816116333,1520,32,16,0,,31.119482040405273,OUTBOUND,-32.04947280883789,0.20212590962223043,
1,37.83006286621094,1.4848966598510742,0.18732905387878418,0.14574483036994934,12.610056667006575,29.793748987914874,-3.875047206878662,1521,32,17,0,,36.04363250732422,OUTBOUND,-32.05202102661133,0.20265001104256167,
1,38.02239227294922,1.4853390455245972,0.646899938583374,0.6058400869369507,12.620218677009689,29.781597052413666,-3.9308221340179443,1522,32,18,0,,27.734405517578125,OUTBOUND,-32.08831024169922,0.1542617726769045,
1,38.011932373046875,1.4857823848724365,0.24065521359443665,0.22707048058509827,12.628144365007756,29.769449215385837,-3.921693801879883,1523,32,19,0,,10.004016876220703,OUTBOUND,-32.06480026245117,0.15989827997578668,
1,38.099727630615234,1.4862250089645386,2.337139129638672,2.3329226970672607,12.639035436004633,29.757324733880093,-3.8834228515625,1524,32,20,0,,30.791088104248047,OUTBOUND,-32.287269592285156,0.17040111110834405,
1,38.039344787597656,1.4866676330566406,2.43908429145813,2.4435207843780518,12.650198843010003,29.7451921193583,-3.9002904891967773,1525,32,21,0,,32.36992263793945,OUTBOUND,-32.28191375732422,0.13348191335036425,
1,38.12333679199219,1.4871107339859009,0.14588969945907593,0.160939559340477,12.661945804982679,29.733024041355314,-3.910552978515625,1526,32,22,0,,12.91193962097168,OUTBOUND,-32.322696685791016,0.09767398149637661,
1,38.026634216308594,1.4875539541244507,0.38117504119873047,0.3717920780181885,12.673780563985929,29.72084890686994,-3.90036678314209,1527,32,23,0,,13.514500617980957,OUTBOUND,-32.21391677856445,0.10993426846245155,
1,37.927879333496094,1.4879988431930542,2.14459228515625,2.170290470123291,12.684990413981723,29.708637537334297,-3.9347400665283203,1528,32,24,0,,3.1776368618011475,OUTBOUND,-32.069393157958984,0.15673008670463087,
1,38.072052001953125,1.4884445667266846,1.6571056842803955,1.5614491701126099,12.696916699991561,29.696398463368123,-3.9223709106445312,1529,32,25,0,,3.6969871520996094,OUTBOUND,-32.21458435058594,0.14950895372421352,
1,38.15956115722656,1.4888899326324463,0.4874386787414551,0.4482871890068054,12.709113065007841,29.684166185198656,-3.8964805603027344,1530,32,26,0,,10.456194877624512,OUTBOUND,-32.319068908691406,0.1357491936691898,
1,37.986572265625,1.4893360137939453,2.12014102935791,2.191041946411133,12.720579387998441,29.671914303366965,-3.917369842529297,1531,32,27,0,,7.899425506591797,OUTBOUND,-32.12946319580078,0.11161055174723147,
1,38.22834014892578,1.4897822141647339,0.9828997254371643,0.9060195684432983,12.728690936986823,29.659703591815184,-3.9079341888427734,1532,32,28,0,,4.7393107414245605,OUTBOUND,-32.407711029052734,0.04954925134816986,
1,37.98971939086914,1.4902281761169434,2.869307041168213,2.840599536895752,12.737643594009569,29.64752209440847,-3.8979110717773438,1533,32,29,0,,13.293643951416016,OUTBOUND,-32.1984748840332,0.03432058418402953,
1,38.20722198486328,1.4906716346740723,0.3639097213745117,0.3545422852039337,12.74555525300093,29.635295805753678,-3.8536810874938965,1534,32,30,0,,36.5521354675293,OUTBOUND,-32.37626266479492,0.05914827335643728,
1,38.26017761230469,1.4911154508590698,2.8842411041259766,2.8537726402282715,12.752600089996122,29.623019659032035,-3.9037880897521973,1535,32,31,0,,19.063905715942383,OUTBOUND,-32.396907806396484,0.08966252001839176,
1,38.3134651184082,1.491562008857727,0.6721640229225159,0.703810453414917,12.75990277400706,29.610763727687214,-3.9585494995117188,1536,32,32,0,,10.73321533203125,OUTBOUND,-32.36281967163086,0.07490306099865039,
1,38.270606994628906,1.4920068979263306,0.27407634258270264,0.2918056547641754,12.76786568199168,29.598467975980252,-3.868086338043213,1537,32,33,0,,26.60354995727539,OUTBOUND,-32.393611907958984,0.02896413956891284,
1,38.57679748535156,1.492453694343567,0.11760520935058594,0.12157952040433884,12.776203419984085,29.586133189876474,-3.940904140472412,1538,32,34,0,,6.867877006530762,OUTBOUND,-32.58011245727539,-0.003012299777279505,
1,38.495750427246094,1.4929001331329346,1.443358063697815,1.3809943199157715,12.78365704001044,29.57381756378856,-3.896717071533203,1539,32,35,0,,25.82986831665039,OUTBOUND,-32.62126159667969,-0.02014686835719841,
1,38.7597541809082,1.4933487176895142,0.3566458523273468,0.34360015392303467,12.791161022993037,29.56149674068934,-3.9476206302642822,1540,32,36,0,,12.019570350646973,OUTBOUND,-32.8663330078125,-0.059656500723973625,
1,38.60990524291992,1.4937982559204102,0.613704264163971,0.5969860553741455,12.799423241987824,29.549153788610987,-3.9259867668151855,1541,32,37,0,,21.59377098083496,OUTBOUND,-32.793514251708984,-0.12615706492263448,
1,38.44927978515625,1.494245171546936,3.057936429977417,2.9942281246185303,12.811640545987757,29.536791625302886,-3.853071451187134,1542,32,38,0,,27.93353843688965,OUTBOUND,-32.799400329589844,-0.15607883207857023,
1,38.44526672363281,1.4946917295455933,0.4703750014305115,0.4580923318862915,12.819659150001826,29.52444601773757,-3.8999576568603516,1543,32,39,0,,11.704267501831055,OUTBOUND,-32.70037078857422,-0.16650413934396494,
1,38.36421203613281,1.4951391220092773,0.3974185585975647,0.41795265674591064,12.827259340003366,29.512074443424414,-3.916706085205078,1544,32,40,0,,19.934677124023438,OUTBOUND,-32.51219940185547,-0.2191591043966306,
1,38.49270248413086,1.495589256286621,0.29495900869369507,0.3139447271823883,12.835308345005615,29.49969699268236,-3.962454319000244,1545,32,41,0,,37.74253845214844,OUTBOUND,-32.474021911621094,-0.2712915477507815,
1,38.52967834472656,1.4960418939590454,0.7166222333908081,0.6654431223869324,12.844115693995263,29.48732257189385,-3.957627534866333,1546,32,42,0,,8.315628051757812,OUTBOUND,-32.52368927001953,-0.30829857717620046,
1,38.7960319519043,1.496493935585022,0.18300072848796844,0.19062137603759766,12.851862894982332,29.47497146719078,-3.9043896198272705,1547,32,43,0,,22.867298126220703,OUTBOUND,-32.809696197509766,-0.3592424092753207,
1,38.67359924316406,1.4969444274902344,0.12237551063299179,0.12553291022777557,12.859028926992323,29.462597313961346,-3.879488945007324,1548,32,44,0,,13.060011863708496,OUTBOUND,-32.700279235839844,-0.40277480291347834,
1,38.94221878051758,1.497393250465393,0.15261846780776978,0.15565496683120728,12.866759327996988,29.450217996165645,-3.8760340213775635,1549,32,45,0,,11.179988861083984,OUTBOUND,-33.02893829345703,-0.4399311507289379,
1,38.85300064086914,1.4978420734405518,0.48369258642196655,0.4894721508026123,12.876880060008261,29.437788849448005,-3.903712749481201,1550,32,46,0,,35.58859634399414,OUTBOUND,-33.00514602661133,-0.49162372683992617,
1,38.91708755493164,1.4982904195785522,2.7587575912475586,2.7443788051605225,12.888175403990317,29.425316835404836,-3.8978376388549805,1551,32,47,0,,59.21384811401367,OUTBOUND,-33.19099044799805,-0.5057554546370744,
1,38.8247184753418,1.4987413883209229,0.3551127016544342,0.35619521141052246,12.896142318000784,29.412834244132124,-3.9551496505737305,1552,32,48,0,,8.251726150512695,OUTBOUND,-33.016998291015625,-0.5374141235274974,
1,38.62805938720703,1.4991923570632935,0.14606896042823792,0.17606237530708313,12.905005362001248,29.400321182982974,-3.9102742671966553,1553,32,49,0,,28.429685592651367,OUTBOUND,-32.823997497558594,-0.5729646725224216,
1,38.74684524536133,1.4996438026428223,0.1703730821609497,0.2460588663816452,12.913339461985743,29.387822192605675,-3.917041301727295,1554,32,50,0,,50.1865119934082,FAILURE,-32.823665618896484,-30.549740212435896,
1,38.89594650268555,1.5000959634780884,2.345712900161743,2.2216556072235107,12.922247526992578,29.987972634075476,-3.925084352493286,1555,33,1,0,,19.95749855041504,OUTBOUND,-32.99338912963867,-0.035846976240483226,
1,38.954002380371094,1.5005476474761963,0.24370157718658447,0.24057143926620483,12.9325889479951,29.975916387054042,-3.9009885787963867,1556,33,2,0,,37.29813003540039,OUTBOUND,-32.97871780395508,-0.06147940873490847,
1,38.98887634277344,1.5009983777999878,0.18267622590065002,0.18303006887435913,12.940621596993878,29.963840155853486,-3.890048027038574,1557,33,3,0,,19.88288688659668,OUTBOUND,-33.004554748535156,-0.05721453294241975,
1,38.97063446044922,1.5014500617980957,0.35262367129325867,0.37954866886138916,12.950516490993323,29.951725749839518,-3.925419569015503,1558,33,4,0,,9.965202331542969,OUTBOUND,-32.9772834777832,-0.03700850686744709,
1,39.16410827636719,1.501901388168335,0.18301153182983398,0.21133774518966675,12.958025669009658,29.939625678179883,-3.90244722366333,1559,33,5,0,,6.087323188781738,OUTBOUND,-33.224388122558594,-0.008398877497508539,
1,39.28416442871094,1.5023515224456787,4.782980442047119,4.883800029754639,12.965192753996234,29.927465502346774,-3.885425329208374,1560,33,6,0,,72.22455596923828,OUTBOUND,-33.545372009277344,0.03196462164296644,
1,39.1535758972168,1.5028034448623657,0.49618521332740784,0.4882510304450989,12.973866682004882,29.915230131939865,-3.9399349689483643,1561,33,7,0,,6.703377723693848,OUTBOUND,-33.328468322753906,0.0907339034405579,
1,38.79364776611328,1.5032540559768677,0.1603119820356369,0.17780089378356934,12.985608168004546,29.903039925155458,-3.8795502185821533,1562,33,8,0,,16.1185245513916,OUTBOUND,-33.00672149658203,0.132438446025616,
1,38.816261291503906,1.503705620765686,4.900521278381348,4.882711887359619,12.996423874981701,29.890783829785484,-3.9257078170776367,1563,33,9,0,,24.388147354125977,OUTBOUND,-33.02952194213867,0.12080736605824044,
1,38.968994140625,1.5041577816009521,1.0650948286056519,1.0510451793670654,13.008323501999257,29.87860190773369,-3.9229984283447266,1564,33,10,0,,20.247873306274414,OUTBOUND,-33.13795852661133,0.06732306183806135,
1,38.83000946044922,1.5046097040176392,2.2435646057128906,2.310316801071167,13.01825307199033,29.866482239540517,-3.8986592292785645,1565,33,11,0,,37.99410629272461,OUTBOUND,-32.910919189453125,0.037010840750847096,
1,38.9891357421875,1.5050599575042725,0.5433642268180847,0.5036108493804932,13.025366012996528,29.854333306225296,-3.8763294219970703,1566,33,12,0,,39.95802307128906,OUTBOUND,-32.98537826538086,0.022101454584595746,
1,39.31106185913086,1.5055118799209595,0.7687565088272095,0.7552320957183838,13.032367506995797,29.84216303364642,-3.9363179206848145,1567,33,13,0,,15.607734680175781,OUTBOUND,-33.21161651611328,0.0042594806333923615,
1,39.340118408203125,1.5059653520584106,2.6454739570617676,2.653158664703369,13.041588171996409,29.83003339872988,-3.939554214477539,1568,33,14,0,,19.61756134033203,OUTBOUND,-33.31702423095703,0.02982553619382209,
1,39.35190963745117,1.5064194202423096,0.46717897057533264,0.47483575344085693,13.050455811986467,29.817886721391126,-3.92086124420166,1569,33,15,0,,9.08991813659668,OUTBOUND,-33.3883056640625,0.06869133458992181,
1,39.201377868652344,1.5068727731704712,8.438199996948242,8.516393661499023,13.057541098009096,29.805740570068657,-3.896751880645752,1570,33,16,0,,101.74335479736328,OUTBOUND,-33.50547409057617,0.06490925443255946,
1,39.175132751464844,1.5073257684707642,1.7001127004623413,1.6190160512924194,13.064908756001387,29.7936011485086,-3.9019663333892822,1571,33,17,0,,5.960816383361816,OUTBOUND,-33.40437316894531,0.045684134265414934,
1,39.17214584350586,1.50778067111969,0.409635454416275,0.4802248775959015,13.072792414983269,29.781412474720035,-3.9452788829803467,1572,33,18,0,,41.58533477783203,OUTBOUND,-33.245025634765625,0.025308272616004067,
1,39.19558334350586,1.5082342624664307,0.23031023144721985,0.3316057026386261,13.08446957700653,29.769256579977316,-3.886050224304199,1573,33,19,0,,55.66257095336914,OUTBOUND,-33.25484085083008,0.00449477072877867,
1,39.268672943115234,1.5086885690689087,2.6382391452789307,2.640899658203125,13.09584771801019,29.757124895503576,-3.9227190017700195,1574,33,20,0,,21.412019729614258,OUTBOUND,-33.229942321777344,-0.025959507785719545,
1,39.65683364868164,1.509143352508545,0.1250426471233368,0.1355910450220108,13.107860554009676,29.744972550638575,-3.918670654296875,1575,33,21,0,,30.881895065307617,OUTBOUND,-33.52561950683594,-0.03429631128620424,
1,39.77000427246094,1.5095995664596558,0.4914541244506836,0.4927074611186981,13.120042925002053,29.732815350810572,-3.941316604614258,1576,33,22,0,,5.614795684814453,OUTBOUND,-33.61650085449219,-0.02744011343097822,
1,39.88722610473633,1.5100553035736084,0.16917207837104797,0.21481046080589294,13.131331493001198,29.720654492568848,-3.903014898300171,1577,33,23,0,,27.096837997436523,OUTBOUND,-33.9125862121582,-0.03298285644811257,
1,39.96180725097656,1.5105128288269043,1.391865849494934,1.4522393941879272,13.143018533010036,29.708501226163676,-3.947723150253296,1578,33,24,0,,67.49276733398438,OUTBOUND,-34.0997314453125,-0.02717694760295853,
1,39.725555419921875,1.5109689235687256,0.5574947595596313,0.544086754322052,13.15449665300548,29.696313337482295,-3.8860158920288086,1579,33,25,0,,24.235689163208008,OUTBOUND,-33.985633850097656,-0.05118015010440046,
1,39.69807052612305,1.5114251375198364,0.146577388048172,0.14701604843139648,13.165511028986657,29.68410615393713,-3.9143033027648926,1580,33,26,0,,8.063512802124023,OUTBOUND,-33.894309997558594,-0.09129186565054513,
1,39.25478744506836,1.511879801750183,4.9810967445373535,4.949655055999756,13.177606985991588,29.67190109755434,-3.8811099529266357,1581,33,27,0,,25.945985794067383,OUTBOUND,-33.56499099731445,-0.1415476672670803,
1,39.399349212646484,1.512336015701294,0.5348929166793823,0.5858408212661743,13.188889723998727,29.659697544364974,-3.9385905265808105,1582,33,28,0,,28.143688201904297,OUTBOUND,-33.54755401611328,-0.15926880689235917,
1,39.351722717285156,1.5127921104431152,1.0659581422805786,1.0852638483047485,13.200005794002209,29.64746328791535,-3.9106106758117676,1583,33,29,0,,37.16778564453125,OUTBOUND,-33.455535888671875,-0.16713705859018585,
1,39.443424224853516,1.5132471323013306,0.7550179958343506,0.783825695514679,13.211535676004132,29.635216281425468,-3.888359546661377,1584,33,30,0,,57.298316955566406,OUTBOUND,-33.41753387451172,-0.2268657626245002,
1,39.60969161987305,1.513700008392334,3.092970848083496,3.0506675243377686,13.221735773986438,29.622972054483686,-3.8651063442230225,1585,33,31,0,,22.543792724609375,OUTBOUND,-33.5544319152832,-0.25656834054561306,
1,40.11719512939453,1.5141546726226807,0.8588584065437317,0.817362904548645,13.229181811999297,29.610733811624893,-3.9408376216888428,1586,33,32,0,,18.2231388092041,OUTBOUND,-33.938167572021484,-0.2707150270712811,
1,39.81546401977539,1.5146071910858154,5.1292805671691895,5.145222187042236,13.237063746986678,29.598493064751423,-3.8649470806121826,1587,33,33,0,,54.27047348022461,OUTBOUND,-33.90944290161133,-0.3055617029217319,
1,39.99995422363281,1.5150593519210815,0.5893144607543945,0.5758875012397766,13.247105046000797,29.586213070415806,-3.893510341644287,1588,33,34,0,,12.234861373901367,OUTBOUND,-34.097103118896484,-0.347956144674032,
1,39.8834342956543,1.5155116319656372,3.1645991802215576,3.202775001525879,13.258517949987436,29.573882816123646,-3.9029664993286133,1589,33,35,0,,47.40010070800781,OUTBOUND,-34.05402374267578,-0.4021655178082585,
1,39.84767150878906,1.5159637928009033,0.14255647361278534,0.1821061670780182,13.269810116995359,29.561525049930836,-3.9010560512542725,1590,33,36,0,,27.770139694213867,OUTBOUND,-33.93478012084961,-0.39455098732403954,
1,39.888675689697266,1.5164164304733276,3.2717196941375732,3.2439513206481934,13.280934193986468,29.54923813697306,-3.908893346786499,1591,33,37,0,,18.28737449645996,OUTBOUND,-34.01527786254883,-0.3741092511169312,
1,39.97925567626953,1.5168702602386475,0.5594077706336975,0.5939029455184937,13.288745903002564,29.536906932033276,-3.928205966949463,1592,33,38,0,,26.682939529418945,FAILURE,-34.021366119384766,-30.42936401360541,
1,39.93912887573242,1.517325758934021,3.0496129989624023,3.03857684135437,13.296953709010268,29.987983931988758,-3.935260534286499,1593,34,1,0,,9.792815208435059,OUTBOUND,-33.99222946166992,-0.03159901420277198,
1,39.79821014404297,1.517781376838684,2.5566670894622803,2.5762112140655518,13.30668241600506,29.975929957551344,-3.909135103225708,1594,34,2,0,,12.743154525756836,OUTBOUND,-33.83824157714844,-0.030759792743762327,
1,39.77434158325195,1.5182368755340576,2.65399169921875,2.5487101078033447,13.316027193010086,29.96386810035649,-3.9059271812438965,1595,34,3,0,,5.1056694984436035,OUTBOUND,-33.79932403564453,-0.013571972311579344,
1,40.15878677368164,1.5186923742294312,0.4230218827724457,0.4103386700153351,13.32601779300603,29.951773955321734,-3.906707286834717,1596,34,4,0,,38.47234344482422,OUTBOUND,-34.09096145629883,-0.011618013317799835,
1,40.236671447753906,1.5191482305526733,3.521902322769165,3.5730602741241455,13.33453391699004,29.939667694325767,-3.911273717880249,1597,34,5,0,,17.50294303894043,OUTBOUND,-34.228599548339844,-0.004075951398733824,
1,40.2273063659668,1.5196053981781006,0.141252338886261,0.15233412384986877,13.343857298983494,29.92749967920856,-3.934542655944824,1598,34,6,0,,13.325139999389648,OUTBOUND,-34.16645812988281,0.019129814828294373,
1,40.23418426513672,1.520064115524292,4.958345413208008,4.8970465660095215,13.352243195986375,29.91529574437881,-3.940812349319458,1599,34,7,0,,58.09208679199219,OUTBOUND,-34.32688522338867,0.014264724454756203,
1,40.12832260131836,1.520521879196167,0.9293914437294006,0.9130123257637024,13.360616852995008,29.903093166602225,-3.8928303718566895,1600,34,8,0,,7.042486667633057,OUTBOUND,-34.23009490966797,-0.046402878226964504,
1,39.86419677734375,1.520979642868042,3.5298421382904053,3.548030138015747,13.368394310004078,29.890897019928563,-3.907925605773926,1601,34,9,0,,16.240997314453125,OUTBOUND,-33.968570709228516,-0.09503922756799868,
1,40.10344314575195,1.5214385986328125,0.21179190278053284,0.26300862431526184,13.380038898001658,29.87863572653022,-3.9342570304870605,1602,34,10,0,,45.5076789855957,OUTBOUND,-34.08467483520508,-0.08508005452434987,
1,40.13242721557617,1.5218976736068726,0.30584490299224854,0.36978664994239807,13.389861495990772,29.86643349015165,-3.912417411804199,1603,34,11,0,,57.13226318359375,OUTBOUND,-33.999786376953125,-0.04844301512482189,
1,40.440982818603516,1.5223560333251953,2.8419954776763916,2.854773759841919,13.401354589994298,29.854187057402694,-3.9000532627105713,1604,34,12,0,,20.868633270263672,OUTBOUND,-34.39521408081055,-0.011817850617758672,
1,40.675994873046875,1.5228157043457031,0.6809132695198059,0.6866800785064697,13.411620481987484,29.84192759864581,-3.9347662925720215,1605,34,13,0,,16.25602149963379,OUTBOUND,-34.604209899902344,0.002899369544059869,
1,40.520835876464844,1.5232741832733154,1.404871940612793,1.3770233392715454,13.420124206983019,29.829661528667742,-3.8862714767456055,1606,34,14,0,,32.27046203613281,OUTBOUND,-34.62876510620117,-0.00963191992754747,
1,40.552085876464844,1.5237314701080322,0.6350960731506348,0.6348106265068054,13.427423493005335,29.81737250666468,-3.887075185775757,1607,34,15,0,,10.320612907409668,OUTBOUND,-34.664791107177734,-0.05122666180381538,
1,40.43352127075195,1.5241878032684326,0.6427551507949829,0.6338850259780884,13.434858458000235,29.80510535056483,-3.886446952819824,1608,34,16,0,,10.521565437316895,OUTBOUND,-34.57478332519531,-0.07029197066571383,
1,40.15552520751953,1.524643063545227,1.5645257234573364,1.5214757919311523,13.44333011098206,29.792796696024723,-3.884338855743408,1609,34,17,0,,13.86772346496582,OUTBOUND,-34.312416076660156,-0.08447866685210302,
1,40.135581970214844,1.525097370147705,5.306746482849121,5.208569049835205,13.454928661987651,29.780443474430633,-3.8824663162231445,1610,34,18,0,,21.641511917114258,OUTBOUND,-34.327842712402344,-0.11352647363148663,
1,40.3039665222168,1.5255541801452637,0.23597532510757446,0.2789449691772461,13.464122197008692,29.76805405700456,-3.9502453804016113,1611,34,19,0,,51.58290481567383,OUTBOUND,-34.271244049072266,-0.10201758135547002,
1,40.31193542480469,1.5260096788406372,0.7780503034591675,0.7930095791816711,13.473557263001567,29.755647253492693,-3.878786563873291,1612,34,20,0,,53.08750915527344,OUTBOUND,-34.25193786621094,-0.10899816668599825,
1,40.473533630371094,1.5264644622802734,0.7484104037284851,0.7502735257148743,13.481811906007351,29.743322045802323,-3.8851380348205566,1613,34,21,0,,29.86810302734375,OUTBOUND,-34.34984588623047,-0.13876437826155244,
1,40.93292236328125,1.5269215106964111,0.654240608215332,0.6536988019943237,13.489094832999399,29.731045152664436,-3.9463627338409424,1614,34,22,0,,5.930202484130859,OUTBOUND,-34.7155647277832,-0.17215612995142304,
1,40.66811752319336,1.527376651763916,3.1899423599243164,3.1311070919036865,13.496288567985175,29.71876076654525,-3.8670454025268555,1615,34,23,0,,59.5361328125,OUTBOUND,-34.734397888183594,-0.2216220189525372,
1,40.529354095458984,1.527832269668579,9.1439790725708,9.224393844604492,13.505106264987262,29.70647743401488,-3.910280466079712,1616,34,24,0,,115.03678131103516,OUTBOUND,-34.794734954833984,-0.2664740455052064,
1,40.553924560546875,1.5282878875732422,0.20601585507392883,0.2265426516532898,13.513626911008032,29.694157022992094,-3.900175094604492,1617,34,25,0,,42.81093215942383,OUTBOUND,-34.68048095703125,-0.31520095405721926,
1,40.55356216430664,1.5287424325942993,0.21348202228546143,0.2290397733449936,13.52641699599917,29.681821667203923,-3.878462791442871,1618,34,26,0,,51.1896858215332,OUTBOUND,-34.58782958984375,-0.318711438804077,
1,40.63920974731445,1.5291969776153564,3.852428913116455,3.8610734939575195,13.534569976007333,29.669480785025716,-3.8968424797058105,1619,34,27,0,,16.09103775024414,OUTBOUND,-34.678802490234375,-0.31726716982315595,
1,40.702781677246094,1.5296523571014404,1.200192928314209,1.203814148902893,13.542149304994382,29.657119526333958,-3.9167864322662354,1620,34,28,0,,23.696821212768555,OUTBOUND,-34.6508903503418,-0.39143400425796343,
1,40.73426055908203,1.5301077365875244,1.1089398860931396,1.1019302606582642,13.550272274995223,29.644747012222606,-3.896368980407715,1621,34,29,0,,24.395341873168945,FAILURE,-34.662689208984375,-30.453772466238,
1,40.97931671142578,1.5305659770965576,0.2712066173553467,0.2881033420562744,13.559552960010478,29.98799267784645,-3.9596240520477295,1622,35,1,0,,45.507266998291016,OUTBOUND,-34.709449768066406,0.0008270609873618534,
1,41.0831184387207,1.5310232639312744,6.691290378570557,6.74358606338501,13.566833889984991,29.975930935063452,-3.8837366104125977,1623,35,2,0,,71.7896728515625,OUTBOUND,-35.12808609008789,0.04346644962870641,
1,41.09349060058594,1.5314791202545166,0.19102756679058075,0.18396544456481934,13.574290082004154,29.963834565724945,-3.8732829093933105,1624,35,3,0,,20.296527862548828,OUTBOUND,-35.10878372192383,0.060795234841192355,
1,40.88618850708008,1.5319324731826782,2.925297737121582,2.8415005207061768,13.582976884994423,29.9517318050175,-3.848588228225708,1625,35,4,0,,37.277244567871094,OUTBOUND,-35.024635314941406,0.051405059910761386,
1,40.96922302246094,1.5323865413665771,0.7946239113807678,0.7760043144226074,13.59054161500535,29.93965669639048,-3.9103119373321533,1626,35,5,0,,2.3196487426757812,OUTBOUND,-35.01034164428711,0.0688994565577914,
1,40.84233093261719,1.532840371131897,1.006649136543274,0.9744529724121094,13.599518942006398,29.927534775925714,-3.887279510498047,1627,35,6,0,,10.613133430480957,OUTBOUND,-34.884613037109375,0.06627258785126794,
1,41.02240753173828,1.5332958698272705,0.23858782649040222,0.2508836090564728,13.610822396993171,29.91544057426087,-3.9282350540161133,1628,35,7,0,,12.899150848388672,OUTBOUND,-34.97069549560547,0.05398165697180517,
1,41.02783203125,1.5337518453598022,0.20307686924934387,0.22637753188610077,13.623522220004816,29.903327441520446,-3.9062490463256836,1629,35,8,0,,22.954641342163086,OUTBOUND,-34.96172332763672,0.024686180939002957,
1,41.25501251220703,1.534207820892334,0.9966017603874207,0.9597653150558472,13.634874295006739,29.891278164284167,-3.899134874343872,1630,35,9,0,,5.088553428649902,OUTBOUND,-35.19352722167969,-0.008676861149803108,
1,41.193824768066406,1.534666657447815,1.8970869779586792,1.8435062170028687,13.647044159006327,29.879188506618203,-3.9535577297210693,1631,35,10,0,,24.464920043945312,OUTBOUND,-35.105613708496094,0.017588493250863042,
1,41.24217987060547,1.5351266860961914,1.4132122993469238,1.3949708938598633,13.659051005000947,29.867037984175916,-3.928598165512085,1632,35,11,0,,21.214445114135742,OUTBOUND,-35.256439208984375,0.07806066102730173,
1,40.9951057434082,1.5355881452560425,3.148935079574585,3.200599193572998,13.670312942005694,29.85485571149017,-3.9320411682128906,1633,35,12,0,,28.901147842407227,OUTBOUND,-35.05984115600586,0.09874651030258078,
1,41.06041717529297,1.536049723625183,2.961697578430176,2.997023344039917,13.68210118499701,29.842678350735266,-3.9121897220611572,1634,35,13,0,,9.131427764892578,OUTBOUND,-35.12898254394531,0.06486779626213217,
1,41.16484069824219,1.5365115404129028,0.7639980316162109,0.7880389094352722,13.690901728987228,29.83048536328522,-3.90999436378479,1635,35,14,0,,38.3231086730957,OUTBOUND,-35.13740158081055,0.05185580673710652,
1,40.8131103515625,1.5369720458984375,3.4031310081481934,3.4278383255004883,13.69819618598558,29.818282013624565,-3.8840231895446777,1636,35,15,0,,25.24081802368164,OUTBOUND,-34.76747131347656,0.02324585941826631,
1,41.20885467529297,1.5374326705932617,3.3904643058776855,3.4213924407958984,13.705535546003375,29.80608646903861,-3.9064786434173584,1637,35,16,0,,18.37236213684082,OUTBOUND,-35.08872604370117,-0.013570601727994352,
1,41.255279541015625,1.5378936529159546,3.1133337020874023,3.1268084049224854,13.714012413984165,29.793842360040266,-3.910438060760498,1638,35,17,0,,5.701590538024902,OUTBOUND,-35.13142395019531,-0.03588391418882215,
1,41.245426177978516,1.5383539199829102,0.15647095441818237,0.1756967008113861,13.723725308984285,29.7816403740349,-3.8928418159484863,1639,35,18,0,,29.578269958496094,OUTBOUND,-35.09048080444336,-0.09002549085036046,
1,41.446434020996094,1.538815975189209,2.4079749584198,2.338139533996582,13.731583566986956,29.769406926871326,-3.9402880668640137,1640,35,19,0,,58.68456268310547,OUTBOUND,-35.361663818359375,-0.1307732214784581,
1,41.446041107177734,1.5392787456512451,5.375243186950684,5.303380012512207,13.738651613006368,29.757161320816106,-3.9190526008605957,1641,35,20,0,,75.22306060791016,OUTBOUND,-35.58049011230469,-0.11680250149994009,
1,41.203155517578125,1.5397396087646484,1.4891828298568726,1.4326967000961304,13.747535871982109,29.744933788736745,-3.872002124786377,1642,35,21,0,,9.861552238464355,OUTBOUND,-35.400794982910156,-0.10941764131467804,
1,41.24144744873047,1.5402014255523682,0.9296737313270569,0.9156168699264526,13.75908889999846,29.73270388861061,-3.9214656352996826,1643,35,22,0,,44.841094970703125,OUTBOUND,-35.238807678222656,-0.08806275064692076,
1,41.190147399902344,1.5406628847122192,0.985352635383606,0.9828001856803894,13.767803547991207,29.72049329336491,-3.8994216918945312,1644,35,23,0,,61.785186767578125,OUTBOUND,-35.06962966918945,-0.050150354211178104,
1,41.471858978271484,1.5411235094070435,0.2362329065799713,0.2160695195198059,13.775903708999977,29.70821446785257,-3.887619972229004,1645,35,24,0,,45.154449462890625,OUTBOUND,-35.2723503112793,-0.09116442224567183,
1,41.78187942504883,1.541585087776184,0.39065688848495483,0.3795279562473297,13.785138265986461,29.695935565400866,-3.923765182495117,1646,35,25,0,,25.17214012145996,OUTBOUND,-35.498779296875,-0.1124801876510784,
1,41.86017990112305,1.5420467853546143,0.7829328179359436,0.778919517993927,13.797114533983404,29.683640364627493,-3.904343366622925,1647,35,26,0,,14.59619140625,OUTBOUND,-35.654869079589844,-0.06373605563207187,
1,41.9970817565918,1.5425106287002563,0.13103744387626648,0.15737956762313843,13.805475575005403,29.67132255229845,-3.947131872177124,1648,35,27,0,,30.89242935180664,OUTBOUND,-35.83781051635742,-0.03110823780627016,
1,41.97320556640625,1.542974591255188,1.087172031402588,1.0378668308258057,13.815520144009497,29.65897544730689,-3.91213059425354,1649,35,28,0,,62.3342170715332,OUTBOUND,-36.0029411315918,-0.04190102013451956,
1,41.634857177734375,1.5434393882751465,6.779963970184326,6.741537094116211,13.825709589989856,29.646637067151595,-3.9232797622680664,1650,35,29,0,,89.01712799072266,OUTBOUND,-35.84000778198242,-0.053054843375503466,
1,41.524757385253906,1.5439056158065796,1.7744635343551636,1.7480378150939941,13.833741279988317,29.63426608527705,-3.9405083656311035,1651,35,30,0,,14.365959167480469,OUTBOUND,-35.70143127441406,-0.036478771240731955,
1,41.342315673828125,1.5443707704544067,1.3745379447937012,1.360719919204712,13.841272138990462,29.62196419088191,-3.88877534866333,1652,35,31,0,,19.264970779418945,OUTBOUND,-35.53480529785156,-0.0330854899963493,
1,41.24591827392578,1.5448352098464966,1.2689454555511475,1.3121285438537598,13.84872347099008,29.609656634381352,-3.895963430404663,1653,35,32,0,,85.23645782470703,OUTBOUND,-35.2119026184082,-0.06148570119897835,
1,41.50944137573242,1.5452983379364014,0.8965029716491699,0.8917636871337891,13.859394661005354,29.597311282471484,-3.883910894393921,1654,35,33,0,,77.33255767822266,OUTBOUND,-35.28902816772461,-0.11038219936220459,
1,41.74167251586914,1.5457624197006226,3.6891250610351562,3.6933836936950684,13.86725570098497,29.584917618470996,-3.922092914581299,1655,35,34,0,,35.48822021484375,OUTBOUND,-35.42595672607422,-0.11073538185046825,
1,41.874874114990234,1.5462260246276855,4.37978982925415,4.432689666748047,13.874944054987282,29.572561117700797,-3.8989198207855225,1656,35,35,0,,39.77796173095703,OUTBOUND,-35.70955276489258,-0.08113072568512629,
1,42.067832946777344,1.5466901063919067,1.1087406873703003,1.0602474212646484,13.882153163984185,29.56014020281297,-3.9138083457946777,1657,35,36,0,,5.1936187744140625,OUTBOUND,-35.891414642333984,-0.10516591656039666,
1,42.2823486328125,1.5471560955047607,0.16561949253082275,0.1660645753145218,13.891921234986512,29.54766641930393,-3.944521903991699,1658,35,37,0,,4.30756139755249,OUTBOUND,-36.06626510620117,-0.11744615224905376,
1,42.123477935791016,1.5476210117340088,4.204299449920654,4.176222801208496,13.899766118993284,29.535255447234604,-3.889028549194336,1659,35,38,0,,54.92724609375,OUTBOUND,-36.11796188354492,-0.10680942359080174,
1,42.17942428588867,1.5480843782424927,1.5111550092697144,1.4797202348709106,13.907055660994956,29.522780415134847,-3.878155469894409,1660,35,39,0,,25.148193359375,OUTBOUND,-36.24323654174805,-0.14614831213479929,
1,42.01634979248047,1.5485501289367676,2.0690507888793945,2.004652738571167,13.914744192996295,29.510273579230933,-3.9495935440063477,1661,35,40,0,,29.241390228271484,OUTBOUND,-36.030494689941406,-0.1829070854728453,
1,41.793025970458984,1.5490158796310425,2.124115467071533,2.0625925064086914,13.923893014987698,29.497776525158017,-3.908803939819336,1662,35,41,0,,12.466390609741211,OUTBOUND,-35.89282989501953,-0.2128021703971217,
1,41.764591217041016,1.5494821071624756,0.9734681248664856,1.0064849853515625,13.932638041005703,29.48524124382137,-3.9184818267822266,1663,35,42,0,,55.666385650634766,FAILURE,-35.71609115600586,-20.26914562532614,
1,41.74977493286133,1.5499483346939087,4.550824165344238,4.536019325256348,13.94235452200519,29.987991056776735,-3.9090378284454346,1664,36,1,0,,9.983077049255371,OUTBOUND,-35.652767181396484,-0.022880033087431025,
1,41.79872512817383,1.5504134893417358,6.393377780914307,6.28769588470459,13.953064708999591,29.975922818187186,-3.886143207550049,1665,36,2,0,,31.482954025268555,OUTBOUND,-35.8167610168457,-0.05937062119809137,
1,41.404537200927734,1.5508760213851929,9.002738952636719,8.954577445983887,13.96470687299734,29.963813670322065,-3.855289936065674,1666,36,3,0,,34.23076248168945,OUTBOUND,-35.547576904296875,-0.05323937846754918,
1,41.75349426269531,1.551338791847229,2.068685531616211,1.996079444885254,13.974603000009665,29.951768568616263,-3.906102180480957,1667,36,4,0,,46.25463104248047,OUTBOUND,-35.6954460144043,-0.016189217135459136,
1,41.869834899902344,1.5518014430999756,1.9636099338531494,1.8905843496322632,13.982699307001894,29.93968179979544,-3.897956609725952,1668,36,5,0,,66.30622100830078,OUTBOUND,-35.67573928833008,-0.038658173843775394,
1,42.06645584106445,1.5522626638412476,1.8811928033828735,1.8385943174362183,13.99306765300571,29.927602814575433,-3.8716983795166016,1669,36,6,0,,45.714881896972656,OUTBOUND,-35.83121109008789,-0.052611758500752025,
1,42.12635803222656,1.55272376537323,5.1773576736450195,5.148507118225098,14.001943765004398,29.915478859155655,-3.8945152759552,1670,36,7,0,,23.48921012878418,OUTBOUND,-35.91128921508789,-0.004923056710575711,
1,42.27294921875,1.5531855821609497,3.449091911315918,3.4772093296051025,14.01177412600373,29.903375746269653,-3.9117634296417236,1671,36,8,0,,5.411441326141357,OUTBOUND,-36.06907272338867,0.03863293014255603,
1,42.28059768676758,1.5536478757858276,4.495442867279053,4.339916706085205,14.0209493059956,29.891230242400564,-3.9086625576019287,1672,36,9,0,,52.36879348754883,OUTBOUND,-36.2149543762207,0.07991026234747223,
1,42.32284164428711,1.5541086196899414,0.13719914853572845,0.1613505631685257,14.028547617985168,29.87908905633141,-3.8667619228363037,1673,36,10,0,,18.051700592041016,OUTBOUND,-36.267154693603516,0.1057140590996622,
1,42.32154083251953,1.5545707941055298,1.7275327444076538,1.6792078018188477,14.03646875199047,29.86694782656565,-3.924116611480713,1674,36,11,0,,33.12816619873047,OUTBOUND,-36.25673294067383,0.10634910919205456,
1,42.42646408081055,1.5550329685211182,1.0726231336593628,1.066436529159546,14.044240388990147,29.854757136166278,-3.8977434635162354,1675,36,12,0,,13.002463340759277,OUTBOUND,-36.416690826416016,0.07762186697034103,
1,42.39200210571289,1.5554959774017334,0.949263870716095,0.935906171798706,14.052003079006681,29.842661814230677,-3.9136910438537598,1676,36,13,0,,23.95374298095703,OUTBOUND,-36.3074836730957,0.040765936566694375,
1,42.647212982177734,1.5559589862823486,0.9122832417488098,0.9063525795936584,14.060559414007002,29.830510523462955,-3.8989601135253906,1677,36,14,0,,26.521045684814453,OUTBOUND,-36.50929260253906,0.012282394843487846,
1,42.58684158325195,1.5564240217208862,0.1347237080335617,0.1536540985107422,14.072040989995003,29.818428818245465,-3.937899112701416,1678,36,15,0,,25.57868766784668,OUTBOUND,-36.34386444091797,-0.021179241502061696,
1,42.63472366333008,1.5568885803222656,0.16609762609004974,0.1760883927345276,14.082633746991633,29.806357866046973,-3.8936474323272705,1679,36,16,0,,20.667144775390625,OUTBOUND,-36.42692565917969,-0.047902651841677274,
1,42.711029052734375,1.5573550462722778,5.224425315856934,5.243634223937988,14.09420694000437,29.794256879237796,-3.9381513595581055,1680,36,17,0,,70.39237213134766,OUTBOUND,-36.61796951293945,-0.048495595044888706,
1,42.45020294189453,1.557822346687317,8.792068481445312,8.857874870300293,14.102957185008563,29.782152305941693,-3.922647714614868,1681,36,18,0,,86.3907470703125,OUTBOUND,-36.55281066894531,-0.009584194670551728,
1,42.42353820800781,1.5582886934280396,1.9542394876480103,1.9297314882278442,14.113610825006617,29.770010692104695,-3.8867993354797363,1682,36,19,0,,9.895371437072754,OUTBOUND,-36.53016662597656,-0.015012011693934455,
1,42.308135986328125,1.5587539672851562,0.37983864545822144,0.47452500462532043,14.121830343006877,29.757905854609746,-3.8806874752044678,1683,36,20,0,,84.46478271484375,OUTBOUND,-36.243072509765625,-0.0629302015044056,
1,42.40056610107422,1.5592197179794312,5.371582508087158,5.303808212280273,14.131062252010452,29.745785959214096,-3.913137674331665,1684,36,21,0,,26.346839904785156,OUTBOUND,-36.232261657714844,-0.09555171195460813,
1,42.72045135498047,1.5596858263015747,3.6691393852233887,3.7027015686035156,14.139175241987687,29.73361293599267,-3.90838623046875,1685,36,22,0,,41.41704177856445,OUTBOUND,-36.458492279052734,-0.08360236289430385,
1,42.82497787475586,1.560152292251587,1.152989387512207,1.1512868404388428,14.147179814986885,29.721465431027482,-3.9086945056915283,1686,36,23,0,,36.07160949707031,OUTBOUND,-36.485050201416016,-0.07252995507112824,
1,42.95466613769531,1.560619831085205,3.6566295623779297,3.5371007919311523,14.155500560998917,29.709341750075236,-3.92537260055542,1687,36,24,0,,30.311527252197266,OUTBOUND,-36.68522644042969,-0.105800429495819,
1,42.950111389160156,1.5610886812210083,8.775171279907227,8.883406639099121,14.16513206998934,29.69716046206087,-3.9295449256896973,1688,36,25,0,,96.62312316894531,OUTBOUND,-36.912837982177734,-0.09505207406618615,
1,42.65879440307617,1.5615572929382324,2.9411580562591553,2.8318662643432617,14.172429389000172,29.685028424194385,-3.902333974838257,1689,36,26,0,,18.507776260375977,OUTBOUND,-36.69662094116211,-0.03799638643561643,
1,42.448448181152344,1.5620245933532715,1.295793056488037,1.2739133834838867,14.181762680003885,29.67291119381866,-3.8833348751068115,1690,36,27,0,,14.206452369689941,OUTBOUND,-36.463706970214844,0.01840498334818392,
1,42.75407028198242,1.5624916553497314,2.2424254417419434,2.2021450996398926,14.189501390006626,29.660746624358204,-3.8955729007720947,1691,36,28,0,,5.270791053771973,OUTBOUND,-36.72262954711914,0.008231274816587525,
1,42.59437561035156,1.5629596710205078,2.0707175731658936,2.0497934818267822,14.197640478989342,29.64861209077939,-3.9235997200012207,1692,36,29,0,,18.11150360107422,OUTBOUND,-36.49006652832031,-0.012980571943261533,
1,42.71004867553711,1.5634286403656006,1.299471378326416,1.3541940450668335,14.205785558995558,29.636488244136633,-3.9220972061157227,1693,36,30,0,,62.50709915161133,OUTBOUND,-36.45805740356445,0.026917803612671334,
1,43.07872009277344,1.5638967752456665,1.3431864976882935,1.342507004737854,14.214031570998486,29.624360937813627,-3.889146327972412,1694,36,31,0,,35.8931884765625,OUTBOUND,-36.80261993408203,0.04471356327904009,
1,43.11104202270508,1.5643665790557861,0.24137459695339203,0.2557201385498047,14.22146732598776,29.612232995282206,-3.937455654144287,1695,36,32,0,,33.18871307373047,OUTBOUND,-36.70426559448242,0.03224054897476176,
1,43.1651611328125,1.5648366212844849,5.000053405761719,5.045107841491699,14.230336634005653,29.600102865404573,-3.9129719734191895,1696,36,33,0,,64.73005676269531,OUTBOUND,-36.97760772705078,-0.0033674927843815685,
1,43.36731719970703,1.5653055906295776,3.9606215953826904,3.942917823791504,14.239184145000763,29.587988281805238,-3.8840348720550537,1697,36,34,0,,75.02460479736328,OUTBOUND,-37.393287658691406,-0.002030224871495878,
1,43.105411529541016,1.565775752067566,1.2604860067367554,1.2511099576950073,14.250298300001305,29.575824682909293,-3.928741693496704,1698,36,35,0,,21.222116470336914,OUTBOUND,-37.08971405029297,0.05884283869420135,
1,42.94198226928711,1.5662477016448975,0.16354231536388397,0.17806941270828247,14.261702026997227,29.56361525757042,-3.9419209957122803,1699,36,36,0,,39.92484664916992,OUTBOUND,-36.78874969482422,0.12293409935409161,
1,42.926658630371094,1.5667192935943604,2.264936685562134,2.262451648712158,14.27192719798768,29.551388165760148,-3.9025728702545166,1700,36,37,0,,4.5453901290893555,OUTBOUND,-36.83702087402344,0.13328171513392148,
1,42.98965072631836,1.56719172000885,1.2206132411956787,1.2226617336273193,14.2850735859829,29.53918706353775,-3.927213430404663,1701,36,38,0,,21.692340850830078,OUTBOUND,-36.810752868652344,0.09333838422233498,
1,43.05625534057617,1.5676637887954712,2.508004903793335,2.4634759426116943,14.293902598990826,29.527016089091717,-3.9039525985717773,1702,36,39,0,,8.033082008361816,OUTBOUND,-36.94396209716797,0.08173616827569367,
1,42.911014556884766,1.56813645362854,0.37690460681915283,0.39896148443222046,14.305740365991369,29.514819074628555,-3.9187865257263184,1703,36,40,0,,43.450050354003906,OUTBOUND,-36.66579055786133,0.09559462835036654,
1,43.17980194091797,1.5686097145080566,4.907041072845459,4.90658712387085,14.317104279994965,29.502552012935695,-3.9232006072998047,1704,36,41,0,,9.766430854797363,OUTBOUND,-36.95856857299805,0.12821164171465305,
1,43.14073944091797,1.5690827369689941,5.12518835067749,5.074761390686035,14.329140663001454,29.49025315738165,-3.9085516929626465,1705,36,42,0,,21.79120445251465,OUTBOUND,-36.99590301513672,0.12092381194249986,
1,43.4849853515625,1.5695562362670898,0.21453829109668732,0.20145069062709808,14.341597649996402,29.478023554717904,-3.9185540676116943,1706,36,43,0,,47.406959533691406,OUTBOUND,-37.217552185058594,0.08092390343105751,
1,43.404930114746094,1.5700303316116333,3.3211894035339355,3.270372152328491,14.353861723007867,29.465777358191993,-3.9228854179382324,1707,36,44,0,,37.07936477661133,OUTBOUND,-37.22493362426758,0.09709654627173038,
1,43.48545455932617,1.570505142211914,3.526427745819092,3.4397130012512207,14.363621886994224,29.45351078539889,-3.9241867065429688,1708,36,45,0,,6.841560363769531,OUTBOUND,-37.31930923461914,0.1193141796570238,
1,43.40352249145508,1.570979118347168,1.4510982036590576,1.455954670906067,14.373706546000903,29.441267784201447,-3.8994383811950684,1709,36,46,0,,7.166528701782227,OUTBOUND,-37.25664520263672,0.12174504709919944,
1,43.54668045043945,1.5714517831802368,1.4397708177566528,1.4540705680847168,14.38483719600481,29.42905998799398,-3.885993003845215,1710,36,47,0,,13.307342529296875,OUTBOUND,-37.38811492919922,0.11413771722073593,
1,43.549232482910156,1.5719242095947266,1.4023489952087402,1.3755247592926025,14.398279679997358,29.41683589484661,-3.903010606765747,1711,36,48,0,,2.333723783493042,OUTBOUND,-37.37036895751953,0.1259893586532214,
1,43.46269226074219,1.5723962783813477,1.2336790561676025,1.2099372148513794,14.407149457983905,29.40457704220178,-3.9007766246795654,1712,36,49,0,,2.379542827606201,OUTBOUND,-37.27994155883789,0.15682039702766104,
1,43.65045928955078,1.572867512702942,1.3816413879394531,1.3707267045974731,14.414584115991602,29.39225912416188,-3.89143443107605,1713,36,50,0,,5.909891128540039,OUTBOUND,-37.51245880126953,0.160966104728868,
1,43.54536819458008,1.5733391046524048,2.4089736938476562,2.3764381408691406,14.421913669997593,29.379910316206022,-3.9110143184661865,1714,36,51,0,,14.804356575012207,OUTBOUND,-37.3980598449707,0.13865720888106012,
1,43.555458068847656,1.5738109350204468,5.480711936950684,5.505745887756348,14.429379623994464,29.367541453462593,-3.90930438041687,1715,36,52,0,,43.386531829833984,OUTBOUND,-37.50695037841797,0.10002412599470259,
1,43.20813751220703,1.5742815732955933,6.966128349304199,6.885538101196289,14.437637302995427,29.355169190191745,-3.8845274448394775,1716,36,53,0,,37.5318489074707,OUTBOUND,-37.253990173339844,0.0681399241628293,
1,43.253684997558594,1.5747523307800293,0.2884255647659302,0.3047521710395813,14.445953960006591,29.342768071923963,-3.9040825366973877,1717,36,54,0,,68.75141906738281,OUTBOUND,-37.11190414428711,0.04839507471355472,
1,43.4951171875,1.5752243995666504,1.3138009309768677,1.2919710874557495,14.45755732699763,29.330372371780403,-3.927100658416748,1718,36,55,0,,50.78318786621094,OUTBOUND,-37.20140075683594,0.041893060801175754,
1,43.708255767822266,1.5756962299346924,0.2869397699832916,0.3038454055786133,14.46911711600842,29.317980144385427,-3.9013872146606445,1719,36,56,0,,65.13890075683594,OUTBOUND,-37.31629943847656,-0.011016861110936907,
1,43.949195861816406,1.576168417930603,4.942337989807129,4.876864910125732,14.47710893600015,29.30555881048146,-3.912602663040161,1720,36,57,0,,14.634087562561035,OUTBOUND,-37.596641540527344,-0.08401385087660604,
1,44.08877182006836,1.5766414403915405,1.2253508567810059,1.2012596130371094,14.484616893983912,29.293103778755416,-3.9195291996002197,1721,36,58,0,,12.593679428100586,OUTBOUND,-37.76441955566406,-0.12973598867349015,
1,44.01506423950195,1.577115535736084,1.2593907117843628,1.2254719734191895,14.492361940996489,29.28062300978462,-3.9273345470428467,1722,36,59,0,,33.026920318603516,OUTBOUND,-37.77659225463867,-0.17100786167538223,
1,43.989158630371094,1.577588438987732,2.7659354209899902,2.700924873352051,14.511236432008445,29.268135819703808,-3.8844106197357178,1723,36,60,0,,67.62553405761719,OUTBOUND,-37.95166778564453,-0.22038719496479475,
1,43.833457946777344,1.5780616998672485,0.1486518532037735,0.154503732919693,14.533203184982995,29.255611302350946,-3.913358211517334,1724,36,61,0,,5.004837989807129,OUTBOUND,-37.75131607055664,-0.3022507949952931,
1,43.61399459838867,1.5785362720489502,4.64156436920166,4.542370319366455,14.545951167005114,29.243040368201793,-3.9305357933044434,1725,36,62,0,,38.03849792480469,OUTBOUND,-37.581390380859375,-0.40624266917565005,
1,43.56599807739258,1.579012393951416,4.125796794891357,4.15374231338501,14.55875792799634,29.230502353560297,-3.938645362854004,1726,36,63,0,,14.573179244995117,OUTBOUND,-37.478240966796875,-0.48796671665304747,
1,43.53730773925781,1.5794888734817505,2.552149772644043,2.5378267765045166,14.567533672990976,29.217966250968804,-3.9190306663513184,1727,36,64,0,,44.6893196105957,OUTBOUND,-37.36769104003906,-0.5100269391135276,
1,43.797828674316406,1.579964518547058,0.4929859936237335,0.5200689435005188,14.575152732984861,29.205446345933375,-3.892996072769165,1728,36,65,0,,101.22804260253906,FAILURE,-37.428707122802734,-30.526883254332652,
1,43.96657943725586,1.5804373025894165,5.111733436584473,5.034867763519287,14.584127415990224,29.987964551174905,-3.8569564819335938,1729,37,1,0,,29.672388076782227,OUTBOUND,-37.619102478027344,0.023659701175608058,
1,44.53548812866211,1.5809121131896973,0.20233267545700073,0.19144800305366516,14.591930675000185,29.975896433268687,-3.938929319381714,1730,37,2,0,,40.41322326660156,OUTBOUND,-38.00164794921875,0.060010481685844864,
1,44.41612243652344,1.581387996673584,4.822000503540039,4.87837028503418,14.600443481991533,29.96381540155334,-3.9314990043640137,1731,37,3,0,,58.642723083496094,OUTBOUND,-38.06616973876953,0.0554588788210553,
1,44.44944763183594,1.581863522529602,0.26791396737098694,0.2974107563495636,14.608350567985326,29.95171954328819,-3.89976167678833,1732,37,4,0,,40.32301330566406,OUTBOUND,-38.25147247314453,0.028765814887229055,
1,44.41500473022461,1.582338571548462,3.1634650230407715,3.0720014572143555,14.61627495198627,29.93963146003452,-3.900637626647949,1733,37,5,0,,86.5999526977539,OUTBOUND,-38.37123489379883,-0.012844546524843556,
1,44.38471984863281,1.58281409740448,1.350512981414795,1.3536282777786255,14.627452657994581,29.927553161319604,-3.9154770374298096,1734,37,6,0,,22.837055206298828,OUTBOUND,-38.344520568847656,-0.009963138622891011,
1,44.03529739379883,1.5832895040512085,1.6983100175857544,1.6679773330688477,14.63734998300788,29.915465704110964,-3.9031381607055664,1735,37,7,0,,13.332268714904785,OUTBOUND,-38.046661376953125,0.043278897991014406,
1,43.744773864746094,1.583766222000122,10.399614334106445,10.089213371276855,14.644946547981817,29.903342817654497,-3.934805393218994,1736,37,8,0,,64.06246948242188,OUTBOUND,-37.81287384033203,0.0460291074013941,
1,43.52296829223633,1.5842422246932983,0.499925434589386,0.5686042904853821,14.653215066005941,29.89124277517287,-3.8949737548828125,1737,37,9,0,,100.68084716796875,OUTBOUND,-37.41499710083008,-0.003789047743641799,
1,43.75772476196289,1.5847179889678955,1.7486447095870972,1.7355668544769287,14.662682624009904,29.87914551796497,-3.9026176929473877,1738,37,10,0,,95.62749481201172,OUTBOUND,-37.41313934326172,-0.01733898845097048,
1,44.24699020385742,1.5851963758468628,1.4217774868011475,1.3505394458770752,14.67035904500517,29.86699850236681,-3.9572598934173584,1739,37,11,0,,65.41448974609375,OUTBOUND,-37.69171142578125,0.018923815516053034,
1,44.53950881958008,1.5856763124465942,0.4387482702732086,0.3831093907356262,14.678149696992477,29.85479246076972,-3.9440252780914307,1740,37,12,0,,67.77192687988281,OUTBOUND,-37.89433288574219,0.07393995088270697,
1,44.793975830078125,1.5861562490463257,1.5685324668884277,1.5984954833984375,14.686614178004675,29.84254840542088,-3.9126877784729004,1741,37,13,0,,28.93705940246582,OUTBOUND,-38.305763244628906,0.06722270950202609,
1,44.79582214355469,1.5866355895996094,4.8580451011657715,4.941990375518799,14.695042987994384,29.83031789025563,-3.901170253753662,1742,37,14,0,,84.28218841552734,OUTBOUND,-38.540374755859375,-0.004041888603734743,
1,44.94490432739258,1.5871161222457886,1.934621810913086,1.9113116264343262,14.703243530995678,29.818116788509784,-3.939594030380249,1743,37,15,0,,86.26912689208984,OUTBOUND,-38.794734954833984,-0.058480724745325834,
1,44.55868148803711,1.587595820426941,1.3731192350387573,1.3326011896133423,14.710911826987285,29.80589269194244,-3.8966331481933594,1744,37,16,0,,54.86051559448242,OUTBOUND,-38.539207458496094,-0.10124903271336222,
1,44.5283203125,1.5880762338638306,0.1400715857744217,0.16574393212795258,14.724304537987337,29.79362589825207,-3.9243874549865723,1745,37,17,0,,13.375787734985352,OUTBOUND,-38.45044708251953,-0.14872004285418788,
1,44.379364013671875,1.5885556936264038,0.14042730629444122,0.20911633968353271,14.736936951987445,29.78135080854333,-3.899813652038574,1746,37,18,0,,41.19773864746094,OUTBOUND,-38.27056121826172,-0.15735754083031567,
1,44.17811965942383,1.5890344381332397,2.896660566329956,2.8590269088745117,14.748189870006172,29.769120560759795,-3.8949670791625977,1747,37,19,0,,11.439231872558594,OUTBOUND,-38.049583435058594,-0.14762354872149516,
1,44.532386779785156,1.589513897895813,1.6820460557937622,1.6927117109298706,14.759377274982398,29.756904347475544,-3.9245893955230713,1748,37,20,0,,50.25092315673828,OUTBOUND,-38.21553039550781,-0.16681851284964316,
1,44.36944580078125,1.5899910926818848,4.691008567810059,4.609004020690918,14.770995686994866,29.74466943737435,-3.869603395462036,1749,37,21,0,,19.05548858642578,OUTBOUND,-38.09296417236328,-0.20251721698390768,
1,44.562164306640625,1.5904691219329834,7.163937091827393,7.1994218826293945,14.782259644998703,29.732390112821015,-3.9205422401428223,1750,37,22,0,,45.06266403198242,OUTBOUND,-38.32356262207031,-0.25081061443191055,
1,44.451934814453125,1.5909485816955566,5.7550225257873535,5.773200988769531,14.790017786988756,29.720091601474866,-3.9363083839416504,1751,37,23,0,,23.182950973510742,OUTBOUND,-38.260833740234375,-0.26459762598864783,
1,44.416099548339844,1.5914274454116821,8.297607421875,8.303851127624512,14.8006037150044,29.707828771911853,-3.897979497909546,1752,37,24,0,,52.17049789428711,OUTBOUND,-38.39163589477539,-0.2564781182995446,
1,44.1662483215332,1.591904878616333,5.442974090576172,5.2856268882751465,14.813882471004035,29.695578435158016,-3.882978916168213,1753,37,25,0,,5.3069987297058105,OUTBOUND,-38.11192321777344,-0.2610414048500004,
1,44.257568359375,1.592382788658142,0.5919324159622192,0.6564357876777649,14.825755667989142,29.683324606472453,-3.9160430431365967,1754,37,26,0,,110.10620880126953,OUTBOUND,-37.925140380859375,-0.2753254419911114,
1,44.356937408447266,1.5928611755371094,2.8371615409851074,2.8336236476898193,14.836760056001367,29.671054146513907,-3.9125185012817383,1755,37,27,0,,60.29499816894531,OUTBOUND,-37.92845916748047,-0.3142065296962104,
1,44.70189666748047,1.5933386087417603,1.7066365480422974,1.7062978744506836,14.848388121987227,29.658759157202443,-3.89208722114563,1756,37,28,0,,51.85329818725586,OUTBOUND,-38.227989196777344,-0.3353712904770714,
1,44.81980895996094,1.5938159227371216,1.542239785194397,1.528544545173645,14.859938526002225,29.646455816849198,-3.9015769958496094,1757,37,29,0,,12.433406829833984,OUTBOUND,-38.31412124633789,-0.3462978245100063,
1,45.267845153808594,1.5942926406860352,3.237551689147949,3.1747846603393555,14.870886049000546,29.63410427831561,-3.8950066566467285,1758,37,30,0,,54.404083251953125,OUTBOUND,-38.906307220458984,-0.3875199754807009,
1,45.22509002685547,1.594770073890686,0.19993995130062103,0.22690027952194214,14.882848991983337,29.621728448311078,-3.915025234222412,1759,37,31,0,,28.651765823364258,OUTBOUND,-38.907379150390625,-0.41272049154949714,
1,45.43061828613281,1.5952491760253906,0.10372348129749298,0.11768607050180435,14.894337170000654,29.609323576845735,-3.9377307891845703,1760,37,32,0,,18.348583221435547,OUTBOUND,-39.140289306640625,-0.4027889917381686,
1,45.12706756591797,1.5957292318344116,2.7633795738220215,2.716179847717285,14.905702741001733,29.59696787426491,-3.9253222942352295,1761,37,33,0,,74.91958618164062,OUTBOUND,-38.989471435546875,-0.37833820606694246,
1,44.75398254394531,1.5962090492248535,11.570991516113281,11.466628074645996,14.915297331986949,29.584592545205595,-3.902418613433838,1762,37,34,0,,118.58122253417969,OUTBOUND,-38.82060623168945,-0.36079664711072734,
1,44.64668655395508,1.5966883897781372,1.8153976202011108,1.7957624197006226,14.923020505986642,29.57226475545883,-3.900174617767334,1763,37,35,0,,21.579275131225586,OUTBOUND,-38.637943267822266,-0.34052626986371537,
1,44.287715911865234,1.5971660614013672,5.1086249351501465,5.195555210113525,14.932102316000964,29.559953353430007,-3.8749032020568848,1764,37,36,0,,52.94855880737305,OUTBOUND,-38.2242431640625,-0.31657768574757195,
1,44.639244079589844,1.597642421722412,0.5998163819313049,0.702691376209259,14.942037414992228,29.547673711276268,-3.8794140815734863,1765,37,37,0,,113.0458755493164,OUTBOUND,-38.34701919555664,-0.28585760053180326,
1,44.8622932434082,1.5981191396713257,0.5755478739738464,0.6464916467666626,14.953445377992466,29.535406258779478,-3.9066927433013916,1766,37,38,0,,108.47079467773438,OUTBOUND,-38.32953643798828,-0.24284130068579174,
1,45.18771743774414,1.5985968112945557,7.741570472717285,7.727359771728516,14.964973477995954,29.523182296953056,-3.9180123805999756,1767,37,39,0,,42.117088317871094,OUTBOUND,-38.71915817260742,-0.25351937053338375,
1,45.4051399230957,1.5990736484527588,4.697638511657715,4.769496917724609,14.97660274800728,29.510964888118778,-3.8885936737060547,1768,37,40,0,,9.850799560546875,OUTBOUND,-39.027835845947266,-0.2741452893221674,
1,45.24279022216797,1.5995489358901978,0.11482643336057663,0.11051473021507263,14.98843230199418,29.49873809967143,-3.8697476387023926,1769,37,41,0,,21.532255172729492,OUTBOUND,-38.887481689453125,-0.2397968560587225,
1,45.65496063232422,1.6000268459320068,0.10753675550222397,0.12697507441043854,15.000148232007632,29.48652641262647,-3.9479992389678955,1770,37,42,0,,4.665593147277832,OUTBOUND,-39.18429183959961,-0.23225548892696624,
1,45.6176872253418,1.6005052328109741,1.6926426887512207,1.6764962673187256,15.01180821401067,29.474252104629038,-3.9129276275634766,1771,37,43,0,,55.802303314208984,OUTBOUND,-39.33495330810547,-0.29478651233445724,
1,45.27848815917969,1.6009838581085205,10.499938011169434,10.410490989685059,15.023888519004686,29.46198449062901,-3.905386447906494,1772,37,44,0,,113.64810180664062,OUTBOUND,-39.18349075317383,-0.3089658937789691,
1,45.276527404785156,1.6014622449874878,1.7721858024597168,1.7487417459487915,15.034867542999564,29.449749412666836,-3.8997013568878174,1773,37,45,0,,6.994011402130127,OUTBOUND,-39.191131591796875,-0.32063635590879613,
1,45.20517349243164,1.6019428968429565,1.7121204137802124,1.6994822025299072,15.046501395991072,29.43746885619713,-3.945614814758301,1774,37,46,0,,19.863313674926758,OUTBOUND,-39.00360870361328,-0.3828929667062639,
1,45.122867584228516,1.6024225950241089,1.6945152282714844,1.6949012279510498,15.055348310997942,29.42517922542375,-3.8878540992736816,1775,37,47,0,,41.23569107055664,OUTBOUND,-38.92658233642578,-0.4092348561817727,
1,45.21763610839844,1.6029019355773926,2.0475564002990723,2.0679373741149902,15.06248288799543,29.412853605480418,-3.8982315063476562,1776,37,48,0,,28.38675880432129,OUTBOUND,-38.924625396728516,-0.4329582313720435,
1,45.10946273803711,1.6033817529678345,10.885451316833496,10.769487380981445,15.069743742002174,29.40054291999823,-3.910167694091797,1777,37,49,0,,81.6140365600586,OUTBOUND,-38.962257385253906,-0.4633231229917717,
1,44.77003479003906,1.6038596630096436,7.036173343658447,7.043262004852295,15.077956496999832,29.388184211217144,-3.8684029579162598,1778,37,50,0,,20.65736198425293,OUTBOUND,-38.620758056640625,-0.5045314434711852,
1,45.05272674560547,1.6043373346328735,2.0119948387145996,1.9167771339416504,15.086674736987334,29.375801167756794,-3.89585280418396,1779,37,51,0,,86.8111801147461,FAILURE,-38.69297409057617,-20.55557342381145,
1,45.40934753417969,1.6048152446746826,0.521270215511322,0.4680548310279846,15.09495447599329,29.98799002217681,-3.905005693435669,1780,38,1,0,,85.1030502319336,OUTBOUND,-38.88313293457031,0.008437827283783185,
1,45.58207702636719,1.6052931547164917,6.846846580505371,6.844659805297852,15.102341077988967,29.975933644437905,-3.8986377716064453,1781,38,2,0,,31.790382385253906,OUTBOUND,-39.163963317871094,0.0008116764403856736,
1,45.51942443847656,1.6057730913162231,10.095827102661133,9.980853080749512,15.109973098995397,29.96388784508893,-3.937328577041626,1782,38,3,0,,51.676307678222656,OUTBOUND,-39.140602111816406,-0.04823590697436747,
1,45.57419204711914,1.6062532663345337,6.542959690093994,6.506701946258545,15.119525026995689,29.951815123524486,-3.907992362976074,1783,38,4,0,,37.98224639892578,OUTBOUND,-39.303932189941406,-0.06585215148714789,
1,45.61836242675781,1.6067332029342651,0.44075077772140503,0.4560534954071045,15.129374035983346,29.939719947336133,-3.8953895568847656,1784,38,5,0,,28.187599182128906,OUTBOUND,-39.31758117675781,-0.035643612390195645,
1,45.53837203979492,1.6072142124176025,8.719815254211426,8.605360984802246,15.138776378007606,29.927687962533074,-3.9273416996002197,1785,38,6,0,,82.90235900878906,OUTBOUND,-39.36961364746094,-0.01741174148012244,
1,45.22010040283203,1.607694387435913,9.218147277832031,9.009325981140137,15.149996185005875,29.915646925567106,-3.883988857269287,1786,38,7,0,,42.6331901550293,OUTBOUND,-39.178619384765625,-0.03996381352037745,
1,45.185977935791016,1.60817551612854,10.549748420715332,10.546219825744629,15.159380755008897,29.903574499464472,-3.922314167022705,1787,38,8,0,,15.40999984741211,OUTBOUND,-39.05733871459961,-0.059246610824400046,
1,45.42653274536133,1.6086583137512207,2.32258939743042,2.343454122543335,15.167264182004146,29.89144761758427,-3.9362852573394775,1788,38,9,0,,102.44751739501953,OUTBOUND,-39.06132888793945,-0.056072921679816895,
1,45.364479064941406,1.6091433763504028,1.951188087463379,1.925157070159912,15.174930354987737,29.87930490026353,-3.94861102104187,1789,38,10,0,,97.53004455566406,OUTBOUND,-38.769813537597656,-0.07425423432145015,
1,45.779754638671875,1.6096287965774536,2.044994354248047,1.9944944381713867,15.183961230010027,29.86713353440616,-3.917881488800049,1790,38,11,0,,63.87937545776367,OUTBOUND,-39.12868118286133,-0.10003714207633427,
1,46.15531921386719,1.6101150512695312,1.862095832824707,1.8323286771774292,15.192346605996136,29.854944765441747,-3.9263532161712646,1791,38,12,0,,11.65617561340332,OUTBOUND,-39.51011657714844,-0.12077879567102763,
1,46.2705078125,1.6105996370315552,1.93622887134552,1.968925952911377,15.199499062990071,29.84274789829737,-3.8807175159454346,1792,38,13,0,,34.229103088378906,OUTBOUND,-39.817115783691406,-0.15176188206309946,
1,46.56156921386719,1.6110820770263672,0.14018365740776062,0.17903870344161987,15.20657409200794,29.830498961164338,-3.8690245151519775,1793,38,14,0,,31.82263946533203,OUTBOUND,-40.210105895996094,-0.19550737071361907,
1,46.503753662109375,1.611562967300415,6.032131671905518,5.98307466506958,15.214562264009146,29.818224572126372,-3.8743035793304443,1794,38,15,0,,148.67926025390625,OUTBOUND,-40.30851364135742,-0.23859570507866262,
1,46.151702880859375,1.6120445728302002,1.9976848363876343,1.977849006652832,15.224076632992364,29.805901865043914,-3.9150753021240234,1795,38,16,0,,55.59029006958008,OUTBOUND,-39.99409484863281,-0.27951805024351073,
1,46.12097930908203,1.6125298738479614,5.249216556549072,5.254420757293701,15.235510611004429,29.793548326327095,-3.971675157546997,1796,38,17,0,,39.340152740478516,OUTBOUND,-39.9318733215332,-0.30403226214863305,
1,45.80413818359375,1.6130144596099854,0.14784350991249084,0.18431887030601501,15.245108565984992,29.781225790174158,-3.8976502418518066,1797,38,18,0,,25.636133193969727,OUTBOUND,-39.67887496948242,-0.2842697090104554,
1,45.82991409301758,1.6135001182556152,2.020143747329712,2.046128511428833,15.253423221991397,29.768920276239335,-3.9265942573547363,1798,38,19,0,,42.84700012207031,OUTBOUND,-39.568199157714844,-0.25638343524609136,
1,45.91994094848633,1.6139858961105347,2.3138105869293213,2.300039291381836,15.264925227995263,29.756618549054362,-3.910083293914795,1799,38,20,0,,41.08268737792969,OUTBOUND,-39.57040786743164,-0.2687503749805659,
1,46.12868118286133,1.6144726276397705,5.140555381774902,5.079111576080322,15.275871077988995,29.744320062000885,-3.929797649383545,1800,38,21,0,,38.41633987426758,OUTBOUND,-39.66087341308594,-0.32205799076262037,
1,46.100406646728516,1.6149590015411377,7.4603471755981445,7.4921875,15.288085606007371,29.73198218304297,-3.9029173851013184,1801,38,22,0,,10.660221099853516,OUTBOUND,-39.70686721801758,-0.33201236200259365,
1,46.34117126464844,1.6154462099075317,2.182894468307495,2.124084234237671,15.298524729994824,29.71966249208522,-3.9258968830108643,1802,38,23,0,,33.56652069091797,OUTBOUND,-39.87174606323242,-0.3374795429570157,
1,46.46912384033203,1.6159355640411377,5.455275058746338,5.3922295570373535,15.307558314991184,29.70728643495771,-3.9507312774658203,1803,38,24,0,,12.30532455444336,OUTBOUND,-39.979637145996094,-0.3395460311206417,
1,46.200355529785156,1.616422176361084,4.390493392944336,4.227538108825684,15.318432253989158,29.69494414660526,-3.863729953765869,1804,38,25,0,,15.157038688659668,OUTBOUND,-39.88108825683594,-0.3135381184066943,
1,46.537288665771484,1.616909146308899,5.232488632202148,5.185810565948486,15.330273175990442,29.682625567032723,-3.918308734893799,1805,38,26,0,,24.558698654174805,OUTBOUND,-40.16712188720703,-0.3191078868734978,
1,46.401588439941406,1.6173956394195557,0.11703288555145264,0.14034563302993774,15.340997910010628,29.67032460016147,-3.897458076477051,1806,38,27,0,,16.90692710876465,OUTBOUND,-40.0172233581543,-0.3324828991268473,
1,46.41328048706055,1.6178817749023438,8.812816619873047,8.64857006072998,15.352929020999,29.65802341551857,-3.903179407119751,1807,38,28,0,,70.12718963623047,OUTBOUND,-40.16452407836914,-0.3222341598460276,
1,46.43146896362305,1.618369698524475,0.12424111366271973,0.15310940146446228,15.364384368003812,29.645712198075028,-3.94222092628479,1808,38,29,0,,19.879179000854492,OUTBOUND,-40.09907913208008,-0.3455847842662923,
1,46.501529693603516,1.6188576221466064,2.2876663208007812,2.272139310836792,15.37510221998673,29.633363715168354,-3.9109256267547607,1809,38,30,0,,8.999183654785156,OUTBOUND,-40.206607818603516,-0.3452865450514388,
1,46.16898727416992,1.6193459033966064,7.412986755371094,7.287331581115723,15.386851955001475,29.621087881751787,-3.9175827503204346,1810,38,31,0,,73.1420669555664,OUTBOUND,-39.98511505126953,-0.33810558397822105,
1,46.304622650146484,1.619832158088684,0.388020396232605,0.37599977850914,15.397804615990026,29.608733813690332,-3.871124505996704,1811,38,32,0,,78.83509826660156,OUTBOUND,-40.003631591796875,-0.4112646039252245,
1,46.29137420654297,1.620319128036499,7.268594741821289,7.168139457702637,15.405571402981877,29.596307723001974,-3.923663854598999,1812,38,33,0,,9.79356861114502,OUTBOUND,-39.92717361450195,-0.5019550194081585,
1,46.382591247558594,1.6208055019378662,0.3679259419441223,0.28396427631378174,15.417671622009948,29.583840682772646,-3.8932816982269287,1813,38,34,0,,78.74517822265625,FAILURE,-39.924842834472656,-30.546673856437714,
1,46.72411346435547,1.6212903261184692,2.5102851390838623,2.447988510131836,15.429614572989522,29.987989323272902,-3.8785650730133057,1814,39,1,0,,30.05219841003418,OUTBOUND,-40.245025634765625,-0.020538353578452278,
1,46.72706604003906,1.621777057647705,7.5493388175964355,7.606416702270508,15.437622119003208,29.97593649528012,-3.938993215560913,1815,39,2,0,,38.61190414428711,OUTBOUND,-40.24727249145508,-0.05614173192683438,
1,46.8357048034668,1.6222620010375977,0.21909117698669434,0.2330363243818283,15.449094765004702,29.963861249056286,-3.872425079345703,1816,39,3,0,,27.486616134643555,OUTBOUND,-40.399234771728516,-0.05921619143744464,
1,46.64961624145508,1.622745156288147,0.24870231747627258,0.2661716043949127,15.460689291008748,29.951819727963098,-3.8694868087768555,1817,39,4,0,,4.210125923156738,OUTBOUND,-40.253265380859375,-0.04973937131433182,
1,46.92280578613281,1.6232285499572754,2.2786450386047363,2.21746563911438,15.469267471984494,29.939748667639595,-3.9061079025268555,1818,39,5,0,,63.591670989990234,OUTBOUND,-40.59083557128906,-0.038855496389567944,
1,46.68595886230469,1.6237123012542725,12.289310455322266,12.174041748046875,15.481024120992515,29.927684571632874,-3.9022066593170166,1819,39,6,0,,138.9514923095703,OUTBOUND,-40.54426574707031,0.01714676520283692,
1,46.66875076293945,1.624194860458374,0.13698850572109222,0.17866376042366028,15.49290208000457,29.915590566898064,-3.881290912628174,1820,39,7,0,,35.6817626953125,OUTBOUND,-40.477535247802734,0.07643728915625571,
1,46.32808303833008,1.6246778964996338,12.486400604248047,12.427428245544434,15.501330508996034,29.903445391665493,-3.9034695625305176,1821,39,8,0,,64.4012680053711,OUTBOUND,-40.19147491455078,0.13168581560815404,
1,46.40279769897461,1.6251611709594727,2.218824863433838,2.2363719940185547,15.509182128007524,29.891251432682868,-3.904855489730835,1822,39,9,0,,80.36885833740234,OUTBOUND,-40.1030387878418,0.12602981873974056,
1,46.54724884033203,1.625645637512207,2.800889015197754,2.7462754249572754,15.518249547982123,29.87915616366575,-3.9184956550598145,1823,39,10,0,,82.63036346435547,OUTBOUND,-40.05915832519531,0.1079573893505094,
1,46.47984313964844,1.6261305809020996,17.32979393005371,17.102848052978516,15.53029373998288,29.867052377077304,-3.909773111343384,1824,39,11,0,,68.81906127929688,OUTBOUND,-40.153709411621094,0.120055479031721,
1,46.51581954956055,1.6266168355941772,6.8849945068359375,6.773227214813232,15.541427507007029,29.854911364330682,-3.92645001411438,1825,39,12,0,,28.554805755615234,OUTBOUND,-40.10553741455078,0.1450485005899891,
1,46.75230026245117,1.6271021366119385,0.6605376601219177,0.5765781402587891,15.553171059989836,29.842740045086607,-3.884699821472168,1826,39,13,0,,101.13835144042969,OUTBOUND,-40.22124099731445,0.20567698335539902,
1,47.065040588378906,1.6275904178619385,5.625688076019287,5.548788547515869,15.564770113996929,29.830516344898992,-3.9548757076263428,1827,39,14,0,,20.118127822875977,OUTBOUND,-40.42417526245117,0.2730514271614736,
1,47.07411575317383,1.6280769109725952,3.0626413822174072,3.0450470447540283,15.576056924997829,29.81826812255171,-3.874574899673462,1828,39,15,0,,5.049617290496826,OUTBOUND,-40.578819274902344,0.27349067795785237,
1,47.03130340576172,1.6285607814788818,5.970889568328857,5.945966720581055,15.587820321001345,29.806047529370044,-3.85323429107666,1829,39,16,0,,51.69289779663086,OUTBOUND,-40.669132232666016,0.22020733460076558,
1,47.296302795410156,1.6290476322174072,17.27199935913086,17.151987075805664,15.597706194006605,29.793809090758018,-3.951329231262207,1830,39,17,0,,131.43426513671875,OUTBOUND,-40.97636795043945,0.19451521022167026,
1,46.924766540527344,1.6295342445373535,6.923962593078613,6.823935508728027,15.607030999992276,29.78157910197647,-3.899573564529419,1831,39,18,0,,39.418701171875,OUTBOUND,-40.742515563964844,0.20054638225747085,
1,46.689903259277344,1.6300216913223267,8.445907592773438,8.45254135131836,15.618581468996126,29.76930951970998,-3.918154239654541,1832,39,19,0,,14.811661720275879,OUTBOUND,-40.497920989990234,0.18949183681779702,
1,46.863609313964844,1.6305073499679565,2.5957820415496826,2.6557843685150146,15.630729659984354,29.75706828126472,-3.8680472373962402,1833,39,20,0,,67.13130187988281,OUTBOUND,-40.610618591308594,0.16834551263842337,
1,46.75066375732422,1.6309913396835327,4.853646278381348,4.751989364624023,15.641332929983037,29.744798396412083,-3.86985182762146,1834,39,21,0,,35.39621353149414,OUTBOUND,-40.389060974121094,0.18759668456806608,
1,46.8994026184082,1.6314750909805298,5.3832573890686035,5.308211803436279,15.648790245992132,29.732514241262155,-3.890279769897461,1835,39,22,0,,28.216312408447266,OUTBOUND,-40.45018005371094,0.17892752084090519,
1,47.055564880371094,1.6319587230682373,4.663354873657227,4.614448547363281,15.658507971005747,29.72021792787365,-3.894174575805664,1836,39,23,0,,23.48287010192871,OUTBOUND,-40.55336380004883,0.11530871919938958,
1,47.16168212890625,1.6324419975280762,4.878260135650635,4.829411506652832,15.669866824988276,29.707926358809143,-3.8882431983947754,1837,39,24,0,,23.604185104370117,OUTBOUND,-40.65367126464844,0.10244023423850843,
1,47.41901779174805,1.6329265832901,0.29801368713378906,0.23217594623565674,15.680353401985485,29.695619993176237,-3.918285846710205,1838,39,25,0,,54.305049896240234,OUTBOUND,-40.807674407958984,0.09800157558691151,
1,47.32380676269531,1.6334106922149658,5.181800842285156,5.175773620605469,15.688877271983074,29.68339275476792,-3.8875668048858643,1839,39,26,0,,52.09040069580078,OUTBOUND,-40.87959289550781,0.07255778028891055,
1,47.59124755859375,1.6338952779769897,2.347599744796753,2.32220458984375,15.696791150985518,29.67113037168386,-3.9030869007110596,1840,39,27,0,,36.53941345214844,OUTBOUND,-41.168174743652344,0.06779429829864836,
1,47.480281829833984,1.6343796253204346,2.6157100200653076,2.5780985355377197,15.706310588982888,29.65889443783135,-3.890231132507324,1841,39,28,0,,47.4715576171875,OUTBOUND,-41.154571533203125,0.08348620724463866,
1,47.586997985839844,1.6348642110824585,0.17073804140090942,0.21742789447307587,15.713656434993027,29.646672187854488,-3.901716709136963,1842,39,29,0,,23.85900115966797,OUTBOUND,-41.20869827270508,0.12026335024598063,
1,47.60405349731445,1.635352611541748,0.12820978462696075,0.1560509353876114,15.722028816991951,29.63446246606189,-3.9660439491271973,1843,39,30,0,,16.6400203704834,OUTBOUND,-41.11707305908203,0.16468985473822761,
1,47.43390655517578,1.6358418464660645,6.002596855163574,5.917934417724609,15.730502443009755,29.62224498293156,-3.9150123596191406,1844,39,31,0,,19.5284423828125,OUTBOUND,-41.062381744384766,0.1480071328683865,
1,47.40312194824219,1.6363322734832764,8.79905891418457,8.801152229309082,15.738218488986604,29.61004611279648,-3.926752805709839,1845,39,32,0,,58.939605712890625,OUTBOUND,-41.09757614135742,0.07796080605731795,
1,47.158935546875,1.636819839477539,8.422911643981934,8.317660331726074,15.749632403982105,29.597836206423143,-3.85246205329895,1846,39,33,0,,38.744354248046875,OUTBOUND,-41.03404998779297,0.061533314952226414,
1,46.9244270324707,1.6373071670532227,18.61172866821289,18.465618133544922,15.762145026994403,29.58560991947115,-3.894850254058838,1847,39,34,0,,98.94007873535156,OUTBOUND,-40.89381408691406,0.0708793378645037,
1,46.766883850097656,1.6377911567687988,3.044343948364258,3.00606632232666,15.770802771003218,29.573352067863986,-3.8348214626312256,1848,39,35,0,,119.3775405883789,OUTBOUND,-40.610565185546875,0.01909971771499011,
1,46.75115203857422,1.638274073600769,3.1095337867736816,3.0297598838806152,15.777976326993667,29.561128631732345,-3.874415874481201,1849,39,36,0,,158.16355895996094,OUTBOUND,-40.328948974609375,-0.051106241167772376,
1,47.104515075683594,1.6387580633163452,3.5158302783966064,3.396566867828369,15.78528365198872,29.548891412169205,-3.9077718257904053,1850,39,37,0,,163.301513671875,OUTBOUND,-40.455379486083984,-0.08087180650326674,
1,47.369285583496094,1.6392416954040527,11.173733711242676,11.136927604675293,15.795880988996942,29.536611427778475,-3.887556314468384,1851,39,38,0,,14.039764404296875,OUTBOUND,-40.773277282714844,-0.13334917031236174,
1,47.432777404785156,1.6397255659103394,11.25411605834961,11.223014831542969,15.804318809008691,29.524300246165676,-3.894033670425415,1852,39,39,0,,30.88753318786621,OUTBOUND,-40.90068435668945,-0.19933066666960295,
1,47.698692321777344,1.640211582183838,7.163066864013672,7.100098133087158,15.81229500900372,29.511977123745208,-3.9285991191864014,1853,39,40,0,,17.476892471313477,OUTBOUND,-41.104644775390625,-0.25811570620254715,
1,47.93921661376953,1.6406975984573364,0.19264867901802063,0.2049231231212616,15.82007149499259,29.499683083151794,-3.8984780311584473,1854,39,41,0,,42.476806640625,OUTBOUND,-41.29461669921875,-0.31675384334169415,
1,48.01688766479492,1.641182541847229,7.195633411407471,7.1343278884887695,15.828481525997631,29.487331513057608,-3.8725621700286865,1855,39,42,0,,50.54252624511719,OUTBOUND,-41.53104782104492,-0.377330720173186,
1,48.04423904418945,1.6416680812835693,2.5403354167938232,2.5312538146972656,15.836329312005546,29.474942569670855,-3.9015073776245117,1856,39,43,0,,23.28150749206543,OUTBOUND,-41.563873291015625,-0.40255380395081386,
1,48.14588165283203,1.6421529054641724,9.275245666503906,9.201593399047852,15.843646141001955,29.462568426833688,-3.881239891052246,1857,39,44,0,,105.1746597290039,OUTBOUND,-41.88888168334961,-0.3978987256146549,
1,47.947505950927734,1.642640233039856,5.104890823364258,4.944774150848389,15.851289145008195,29.450157222319234,-3.937727451324463,1858,39,45,0,,30.094938278198242,OUTBOUND,-41.647857666015625,-0.3899069546275624,
1,47.978233337402344,1.6431292295455933,0.2142239212989807,0.26663920283317566,15.859016592992702,29.43773206997229,-3.9275455474853516,1859,39,46,0,,56.687801361083984,OUTBOUND,-41.58599853515625,-0.3648637481728528,
1,47.85997772216797,1.6436195373535156,2.5560436248779297,2.5486912727355957,15.867315218987642,29.42533216004335,-3.922788143157959,1860,39,47,0,,28.78819465637207,OUTBOUND,-41.39655685424805,-0.3491524679589029,
1,47.98221969604492,1.6441107988357544,0.30609118938446045,0.2943262755870819,15.874780993995955,29.41293791185178,-3.918339490890503,1861,39,48,0,,67.05589294433594,OUTBOUND,-41.386722564697266,-0.3346028167086903,
1,48.16244888305664,1.6446036100387573,2.644662618637085,2.61338472366333,15.882290195993846,29.40058786700517,-3.9306817054748535,1862,39,49,0,,8.893841743469238,OUTBOUND,-41.542911529541016,-0.3529956302345587,
1,48.1221809387207,1.6450961828231812,2.38932466506958,2.345493793487549,15.893621150986291,29.38817391550599,-3.8989977836608887,1863,39,50,0,,10.280648231506348,OUTBOUND,-41.61555099487305,-0.3698138907396329,
1,48.23950958251953,1.6455910205841064,8.651763916015625,8.610152244567871,15.902232416992774,29.375802819724807,-3.9478437900543213,1864,39,51,0,,65.80780029296875,OUTBOUND,-41.78235626220703,-0.36609334211558275,
1,48.26759719848633,1.6460870504379272,2.7233636379241943,2.6943721771240234,15.90966696900432,29.363405470491713,-3.930097818374634,1865,39,52,0,,6.182093143463135,OUTBOUND,-41.815704345703125,-0.3736874417857295,
1,48.24088668823242,1.6465834379196167,7.430469036102295,7.312502384185791,15.917009316006443,29.351020213110655,-3.9163990020751953,1866,39,53,0,,84.01451110839844,FAILURE,-41.94074249267578,-20.416305738526265,
1,48.02384948730469,1.6470787525177002,6.434974670410156,6.462350845336914,15.928909506008495,29.987996318742912,-3.890763282775879,1867,40,1,0,,20.382415771484375,OUTBOUND,-41.69660186767578,-0.005977589456306311,
1,47.85990905761719,1.6475721597671509,3.095855474472046,3.0842692852020264,15.938515421003103,29.975937157712682,-3.8710761070251465,1868,40,2,0,,50.33940505981445,OUTBOUND,-41.50044250488281,-0.01799313420394553,
1,47.906070709228516,1.6480633020401,5.052502155303955,5.057444095611572,15.945607027999358,29.963836552644885,-3.863677978515625,1869,40,3,0,,24.278770446777344,OUTBOUND,-41.52075958251953,-0.003468308395918123,
1,47.84535217285156,1.648555040359497,8.77456283569336,8.756324768066406,15.952634607005166,29.95171082859716,-3.9091415405273438,1870,40,4,0,,4.669609546661377,OUTBOUND,-41.375465393066406,0.05958113785730097,
1,48.105812072753906,1.6490473747253418,6.122593879699707,6.038900852203369,15.961034036998171,29.9395595591683,-3.913590431213379,1871,40,5,0,,40.222808837890625,OUTBOUND,-41.545291900634766,0.08316358914171841,
1,48.13234329223633,1.6495391130447388,3.6814568042755127,3.6156234741210938,15.968628551985603,29.927450475363212,-3.8890414237976074,1872,40,6,0,,42.746578216552734,OUTBOUND,-41.529808044433594,0.09919027399754393,
1,48.51624298095703,1.6500312089920044,0.3424711227416992,0.30247536301612854,15.97608604899142,29.915311234027584,-3.908236503601074,1873,40,7,0,,46.984771728515625,OUTBOUND,-41.82400131225586,0.13201498657703437,
1,48.541744232177734,1.6505228281021118,9.828154563903809,9.805960655212402,15.986962249997305,29.903119667259844,-3.8892908096313477,1874,40,8,0,,64.95418548583984,OUTBOUND,-42.03114700317383,0.16429844368054666,
1,48.766448974609375,1.6510130167007446,0.21256038546562195,0.22839921712875366,15.997057044995017,29.89090115435043,-3.874608039855957,1875,40,9,0,,11.281058311462402,OUTBOUND,-42.312225341796875,0.19109285893668482,
1,48.647483825683594,1.6515015363693237,2.9239401817321777,2.8822548389434814,16.004484590986976,29.87869064192173,-3.8653016090393066,1876,40,10,0,,43.1939582824707,OUTBOUND,-42.28268814086914,0.18924741476065843,
1,48.55010223388672,1.6519898176193237,3.1394832134246826,3.0946052074432373,16.011943980003707,29.866439554527286,-3.889235734939575,1877,40,11,0,,69.21965026855469,OUTBOUND,-42.247108459472656,0.15508643484934526,
1,48.48405838012695,1.6524779796600342,2.7607498168945312,2.7623281478881836,16.019434065994574,29.854255052023095,-3.8872745037078857,1878,40,12,0,,6.712240695953369,OUTBOUND,-42.17530822753906,0.12976275029466727,
1,48.484039306640625,1.6529663801193237,0.2418626844882965,0.28309205174446106,16.030006519984454,29.842065971562118,-3.8979992866516113,1879,40,13,0,,33.67010498046875,OUTBOUND,-42.08967590332031,0.10914833379731417,
1,48.129547119140625,1.6534563302993774,20.556793212890625,20.454843521118164,16.041151574987452,29.829860756830836,-3.9198720455169678,1880,40,14,0,,98.32078552246094,OUTBOUND,-41.87371826171875,0.10984615704676287,
1,48.03959655761719,1.6539465188980103,13.342842102050781,13.186393737792969,16.05134389299201,29.817581277252724,-3.898775577545166,1881,40,15,0,,27.155092239379883,OUTBOUND,-41.84069061279297,0.10831631058971383,
1,47.92024230957031,1.6544369459152222,0.979472815990448,0.9957009553909302,16.059362142987084,29.80536879994272,-3.901524782180786,1882,40,16,0,,158.2784881591797,OUTBOUND,-41.49385070800781,0.10714998424205512,
1,48.130149841308594,1.654928207397461,9.885967254638672,9.805890083312988,16.06713345600292,29.793118683418168,-3.9069013595581055,1883,40,17,0,,94.4999771118164,OUTBOUND,-41.52360534667969,0.14083841160011995,
1,48.146240234375,1.6554181575775146,1.0551636219024658,0.9227719902992249,16.076958577003097,29.780838901378353,-3.874220371246338,1884,40,18,0,,159.05369567871094,OUTBOUND,-41.429344177246094,0.1538777693889799,
1,48.75166702270508,1.6559103727340698,3.066357135772705,2.9964182376861572,16.088301705982303,29.768573341288242,-3.935001850128174,1885,40,19,0,,56.30397415161133,OUTBOUND,-41.872928619384766,0.12970533767453427,
1,49.03428649902344,1.6564034223556519,11.513983726501465,11.496546745300293,16.100354744005017,29.756301251048907,-3.9093527793884277,1886,40,20,0,,83.16941833496094,OUTBOUND,-42.397430419921875,0.07695126638502488,
1,48.922149658203125,1.6568974256515503,11.792113304138184,11.760141372680664,16.111685248994036,29.74396573172501,-3.9174249172210693,1887,40,21,0,,106.46794891357422,OUTBOUND,-42.465911865234375,0.024076816479415786,
1,49.04137420654297,1.6573920249938965,0.20020894706249237,0.20265315473079681,16.120300256996416,29.73169522502083,-3.912105083465576,1888,40,22,0,,29.797773361206055,OUTBOUND,-42.485565185546875,-0.01459341073697847,
1,48.82407760620117,1.6578876972198486,8.308832168579102,8.100360870361328,16.132356091984548,29.71940039583695,-3.9179515838623047,1889,40,23,0,,77.66976165771484,OUTBOUND,-42.39734649658203,-0.03478153817993237,
1,48.681419372558594,1.6583833694458008,11.909615516662598,11.675232887268066,16.14040494299843,29.707062917897865,-3.905639171600342,1890,40,24,0,,96.68516540527344,OUTBOUND,-42.44230270385742,-0.07913408066057147,
1,48.400115966796875,1.6588785648345947,0.36448225378990173,0.4782191514968872,16.147800895996625,29.694766994357817,-3.893242120742798,1891,40,25,0,,78.7370376586914,OUTBOUND,-42.05008316040039,-0.13793283929936315,
1,48.47482681274414,1.6593741178512573,9.48497200012207,9.498504638671875,16.15525270201033,29.68245890594369,-3.9058477878570557,1892,40,26,0,,18.246273040771484,OUTBOUND,-42.08371353149414,-0.19262832624634796,
1,48.60091781616211,1.6598732471466064,3.006915330886841,3.033613681793213,16.163101830985397,29.67018130742182,-3.9670252799987793,1893,40,27,0,,84.38552856445312,OUTBOUND,-41.942752838134766,-0.2582433191877256,
1,48.72690963745117,1.6603729724884033,5.994603157043457,5.921848773956299,16.171359066996956,29.657905430127627,-3.920461654663086,1894,40,28,0,,42.19626235961914,OUTBOUND,-42.03893280029297,-0.2913603965341322,
1,49.297332763671875,1.6608734130859375,4.243114471435547,4.1093831062316895,16.17930011000135,29.645582047543865,-3.9222452640533447,1895,40,29,0,,74.31462097167969,OUTBOUND,-42.50357437133789,-0.3225029063449573,
1,49.327552795410156,1.6613751649856567,7.13859224319458,7.184712886810303,16.18658523799968,29.633313441320766,-3.934174060821533,1896,40,30,0,,19.341718673706055,OUTBOUND,-42.595027923583984,-0.36343806447156113,
1,49.43482971191406,1.661878228187561,3.137493371963501,3.1016738414764404,16.194686190981884,29.62100357234007,-3.9365415573120117,1897,40,31,0,,18.26760482788086,OUTBOUND,-42.740787506103516,-0.3949604133342298,
1,49.4455451965332,1.6623814105987549,17.557344436645508,17.708477020263672,16.20341881600325,29.60865643113152,-3.9123895168304443,1898,40,32,0,,151.87864685058594,OUTBOUND,-42.98134231567383,-0.4171414081318967,
1,49.28920364379883,1.6628828048706055,8.082334518432617,8.042923927307129,16.211121264990652,29.596334216747746,-3.883702039718628,1899,40,33,0,,59.63624572753906,OUTBOUND,-42.930458068847656,-0.43403302037559854,
1,49.201236724853516,1.6633843183517456,6.490467548370361,6.412757396697998,16.22036934798234,29.583989384358553,-3.912423610687256,1900,40,34,0,,49.700984954833984,OUTBOUND,-42.851806640625,-0.4786808750625969,
1,48.946754455566406,1.6638851165771484,0.3663768768310547,0.5021253824234009,16.22826853598235,29.571651851485193,-3.8962364196777344,1901,40,35,0,,90.98185729980469,OUTBOUND,-42.48135757446289,-0.4940756120927739,
1,48.958866119384766,1.6643844842910767,6.82930850982666,6.770772457122803,16.238826346991118,29.559313829198654,-3.8834283351898193,1902,40,36,0,,18.57792091369629,OUTBOUND,-42.498504638671875,-0.49667372727726733,
1,49.153221130371094,1.6648839712142944,9.878729820251465,9.836456298828125,16.249768039007904,29.54694113974504,-3.9068171977996826,1903,40,37,0,,14.022007942199707,OUTBOUND,-42.677528381347656,-0.5169458796143863,
1,49.122459411621094,1.665382742881775,5.879568099975586,5.801898956298828,16.26092072800384,29.53456206000949,-3.8926074504852295,1904,40,38,0,,19.370954513549805,OUTBOUND,-42.65867233276367,-0.4938507822380805,
1,49.045108795166016,1.6658811569213867,0.39848798513412476,0.3727577328681946,16.272741243999917,29.522156624440047,-3.8987972736358643,1905,40,39,0,,86.3257064819336,OUTBOUND,-42.40243911743164,-0.4959059689246912,
1,49.23768615722656,1.6663789749145508,6.603146076202393,6.555965900421143,16.28200064698467,29.509732229095395,-3.8900845050811768,1906,40,40,0,,14.822270393371582,OUTBOUND,-42.61275100708008,-0.5176290156811314,
1,49.42074966430664,1.6668758392333984,10.444884300231934,10.442564010620117,16.292724600003567,29.497270552761222,-3.8855016231536865,1907,40,41,0,,36.701961517333984,OUTBOUND,-42.917999267578125,-0.5104820535663313,
1,49.47269058227539,1.667372703552246,3.32242751121521,3.2682759761810303,16.303111312998226,29.48486031229166,-3.899221181869507,1908,40,42,0,,19.78671646118164,OUTBOUND,-42.915653228759766,-0.4796651777867673,
1,49.49369812011719,1.667866826057434,0.25197121500968933,0.2394145280122757,16.310773225995945,29.472498654565268,-3.8518362045288086,1909,40,43,0,,36.12101745605469,OUTBOUND,-42.94529724121094,-0.4645276457872355,
1,49.57963943481445,1.6683622598648071,3.529170036315918,3.5391929149627686,16.317925826995634,29.460110469726516,-3.913928747177124,1910,40,44,0,,21.78830337524414,OUTBOUND,-42.96260070800781,-0.5024878102063448,
1,49.7105598449707,1.6688584089279175,7.554205417633057,7.545348644256592,16.325611170002958,29.447724115584933,-3.912559747695923,1911,40,45,0,,44.9395866394043,OUTBOUND,-43.16374969482422,-0.5141185891158795,
1,49.562599182128906,1.6693559885025024,19.020458221435547,18.694259643554688,16.33590796298813,29.43532385926272,-3.924251079559326,1912,40,46,0,,198.99574279785156,OUTBOUND,-43.18402099609375,-0.4871850681817913,
1,49.35926055908203,1.6698530912399292,3.301079034805298,3.289151430130005,16.344328648003284,29.42291534400071,-3.8896913528442383,1913,40,47,0,,13.741227149963379,OUTBOUND,-43.00682830810547,-0.4593335460139396,
1,49.39157485961914,1.6703507900238037,3.265665054321289,3.3341617584228516,16.35487120700418,29.41049413441955,-3.9104883670806885,1914,40,48,0,,58.202274322509766,OUTBOUND,-42.90064239501953,-0.4541061602192269,
1,49.58611297607422,1.6708483695983887,0.32302427291870117,0.3837089538574219,16.366372290009167,29.39803025798253,-3.8955140113830566,1915,40,49,0,,87.26827239990234,OUTBOUND,-42.964839935302734,-0.4498824761163852,
1,49.51054763793945,1.6713448762893677,0.5129269957542419,0.5234545469284058,16.37577664499986,29.385524984533717,-3.8789758682250977,1916,40,50,0,,91.88436126708984,OUTBOUND,-42.72068405151367,-0.41827125125521725,
1,49.87955856323242,1.6718412637710571,14.474204063415527,14.547003746032715,16.383342633984284,29.373004673750295,-3.895580291748047,1917,40,51,0,,81.23975372314453,OUTBOUND,-43.24922180175781,-0.4397679319669285,
1,49.83677291870117,1.6723378896713257,0.201546773314476,0.17974933981895447,16.390516288985964,29.360463901790858,-3.8998892307281494,1918,40,52,0,,26.297183990478516,OUTBOUND,-43.18153762817383,-0.4581557029093174,
1,50.105133056640625,1.6728347539901733,0.15586164593696594,0.15400715172290802,16.398419401986757,29.347934550788843,-3.901235818862915,1919,40,53,0,,13.592551231384277,OUTBOUND,-43.451229095458984,-0.47511279268208056,
1,50.24216079711914,1.673334002494812,3.575028419494629,3.5782227516174316,16.408445606008172,29.335368942991124,-3.939577341079712,1920,40,54,0,,61.3338623046875,OUTBOUND,-43.64305114746094,-0.5009289874154388,
1,50.03004837036133,1.6738337278366089,8.301997184753418,8.342825889587402,16.41959561200929,29.322817656174937,-3.910378932952881,1921,40,55,0,,92.6274185180664,OUTBOUND,-43.6160888671875,-0.4947592724912251,
1,49.84867477416992,1.6743340492248535,3.763622760772705,3.705142021179199,16.430085719999624,29.31022495747873,-3.9110677242279053,1922,40,56,0,,18.46827507019043,OUTBOUND,-43.4453239440918,-0.5297020347218714,
1,49.61591339111328,1.6748347282409668,14.443256378173828,14.317111015319824,16.438511171989376,29.297596425920947,-3.908308506011963,1923,40,57,0,,99.45081329345703,OUTBOUND,-43.36606216430664,-0.5449285461244621,
1,49.224220275878906,1.6753357648849487,10.120841979980469,10.06396770477295,16.44791690100101,29.284996428841758,-3.910224676132202,1924,40,58,0,,12.355978965759277,OUTBOUND,-42.94922637939453,-0.5494312949254958,
1,49.044288635253906,1.6758347749710083,3.6115288734436035,3.740095853805542,16.456298233999405,29.27236681360425,-3.863302230834961,1925,40,59,0,,112.280029296875,OUTBOUND,-42.6747932434082,-0.5909388838938368,
1,49.24224853515625,1.6763334274291992,1.0899759531021118,1.2045851945877075,16.46399963699514,29.259718919206943,-3.895047903060913,1926,40,60,0,,176.80276489257812,OUTBOUND,-42.62541961669922,-0.6467621315807942,
1,49.49626541137695,1.6768300533294678,8.063946723937988,8.028757095336914,16.472147268010303,29.24705426812538,-3.8575241565704346,1927,40,61,0,,118.42913055419922,OUTBOUND,-42.739349365234375,-0.6649932581223532,
1,49.76665496826172,1.6773256063461304,11.336989402770996,11.272943496704102,16.480849332991056,29.23443551154272,-3.874041795730591,1928,40,62,0,,20.54872703552246,OUTBOUND,-42.98680114746094,-0.664169869681608,
1,50.19463348388672,1.6778216361999512,3.5338058471679688,3.4490432739257812,16.488400130998343,29.221794659810413,-3.9020931720733643,1929,40,63,0,,35.175228118896484,OUTBOUND,-43.36503601074219,-0.661295645089463,
1,50.63261413574219,1.6783201694488525,3.4900617599487305,3.4473559856414795,16.4960163400101,29.209183303395477,-3.938840627670288,1930,40,64,0,,23.934417724609375,OUTBOUND,-43.752899169921875,-0.6504534502945468,
1,50.457984924316406,1.6788181066513062,3.5938832759857178,3.5866613388061523,16.505990590987494,29.196526586347556,-3.8842315673828125,1931,40,65,0,,40.656803131103516,FAILURE,-43.773719787597656,-20.68515749776542,
1,50.75099182128906,1.6793196201324463,0.1753317266702652,0.1916797161102295,16.518545253988123,29.98798769436154,-3.957399368286133,1932,41,1,0,,29.200389862060547,OUTBOUND,-43.96406555175781,-0.027388857683195388,
1,50.80685043334961,1.6798208951950073,0.26223525404930115,0.25164780020713806,16.530220904009184,29.975919297846193,-3.900437116622925,1933,41,2,0,,49.03375244140625,OUTBOUND,-44.19302749633789,-0.05057137414622431,
1,50.569610595703125,1.6803213357925415,11.33488941192627,11.085960388183594,16.543188780982746,29.96378406748286,-3.8836276531219482,1934,41,3,0,,139.09388732910156,OUTBOUND,-44.17112731933594,-0.08623991906946152,
1,50.307464599609375,1.680821418762207,23.61410903930664,23.120718002319336,16.554910212988034,29.9516935327542,-3.8944296836853027,1935,41,4,0,,225.2058563232422,OUTBOUND,-44.032257080078125,-0.11469014904022345,
1,50.021240234375,1.6813215017318726,11.01545524597168,10.840056419372559,16.566648473992245,29.939587568910195,-3.8961942195892334,1936,41,5,0,,90.96732330322266,OUTBOUND,-43.88631820678711,-0.12690186582753407,
1,49.890403747558594,1.6818244457244873,3.757603406906128,3.8264832496643066,16.579869970009895,29.927423546791115,-3.947342872619629,1937,41,6,0,,59.68030548095703,OUTBOUND,-43.56764221191406,-0.1602684792188443,
1,49.53569412231445,1.6823269128799438,10.427420616149902,10.430522918701172,16.58800733098178,29.91523061002609,-3.895784854888916,1938,41,7,0,,74.92639923095703,OUTBOUND,-43.1407470703125,-0.17538060040528497,
1,49.705230712890625,1.682829737663269,3.959075689315796,3.93637752532959,16.599553054984426,29.903058942031567,-3.9085025787353516,1939,41,8,0,,139.9991912841797,OUTBOUND,-43.024654388427734,-0.1590806198101871,
1,50.061614990234375,1.683332085609436,1.0484068393707275,0.8616451025009155,16.608055176009657,29.890878769190127,-3.8909051418304443,1940,41,9,0,,162.05052185058594,OUTBOUND,-43.23973846435547,-0.11849277795535021,
1,50.3288688659668,1.6838371753692627,4.23466157913208,4.01085090637207,16.616898136999225,29.87876057547978,-3.9517006874084473,1941,41,10,0,,117.56919860839844,OUTBOUND,-43.315887451171875,-0.09818417902209454,
1,50.66751480102539,1.6843419075012207,10.049443244934082,10.063467979431152,16.62446203600848,29.866590988980516,-3.8995728492736816,1942,41,11,0,,36.96844482421875,OUTBOUND,-43.831825256347656,-0.07787456685767488,
1,50.88494873046875,1.6848492622375488,3.580683708190918,3.555285930633545,16.631918967003003,29.85448902541645,-3.9527034759521484,1943,41,12,0,,17.59488868713379,OUTBOUND,-44.025691986083984,-0.05495993013986085,
1,50.944488525390625,1.685356616973877,3.410808563232422,3.4553825855255127,16.640038565994473,29.842357825026525,-3.908216714859009,1944,41,13,0,,40.85660934448242,OUTBOUND,-44.2263298034668,-0.03772356180434279,
1,51.0047492980957,1.6858645677566528,3.727881908416748,3.669795513153076,16.64789222399122,29.83022421836214,-3.9188342094421387,1945,41,14,0,,85.4808349609375,OUTBOUND,-44.35742950439453,-0.026113547366767045,
1,51.13039016723633,1.6863749027252197,16.960948944091797,16.60291290283203,16.658461326005636,29.818067460835675,-3.9531798362731934,1946,41,15,0,,177.74383544921875,OUTBOUND,-44.58783721923828,-0.0624659534634802,
1,50.55081558227539,1.6868821382522583,12.041092872619629,11.869142532348633,16.66964264799026,29.805901375027755,-3.856950283050537,1947,41,16,0,,95.80619812011719,OUTBOUND,-44.32386779785156,-0.08107224215470744,
1,50.39942932128906,1.687389612197876,3.6867876052856445,3.7544891834259033,16.68003968699486,29.793679014062995,-3.9132742881774902,1948,41,17,0,,39.18153762817383,OUTBOUND,-44.026493072509766,-0.11877563462643011,
1,50.312931060791016,1.6878944635391235,0.448497474193573,0.7330079674720764,16.68805042200256,29.781428739791775,-3.8580880165100098,1949,41,18,0,,119.49200439453125,OUTBOUND,-43.884132385253906,-0.15106184492131206,
1,50.39573669433594,1.6883985996246338,3.942171096801758,4.002986907958984,16.695199214998866,29.76918704189336,-3.892812490463257,1950,41,19,0,,78.95436096191406,OUTBOUND,-43.742340087890625,-0.11432461483934216,
1,50.589759826660156,1.6889046430587769,3.6818385124206543,3.661440849304199,16.703044886002317,29.757018001419734,-3.9331963062286377,1951,41,20,0,,39.39751052856445,OUTBOUND,-43.72505187988281,-0.0882156672170286,
1,50.623844146728516,1.6894108057022095,11.042237281799316,10.96135425567627,16.71127375800279,29.74485848580368,-3.907576084136963,1952,41,21,0,,32.26639175415039,OUTBOUND,-43.91245651245117,-0.07624888021610092,
1,50.6754150390625,1.6899192333221436,14.22818660736084,14.273531913757324,16.71873946598498,29.73268988366276,-3.9446277618408203,1953,41,22,0,,46.58414077758789,OUTBOUND,-44.01416778564453,-0.08570258253036801,
1,51.15837860107422,1.6904280185699463,0.44693103432655334,0.3017892837524414,16.725995615997817,29.72053628984238,-3.915787935256958,1954,41,23,0,,81.5816650390625,OUTBOUND,-44.42947769165039,-0.09904615545570247,
1,50.862274169921875,1.6909376382827759,13.094218254089355,13.004679679870605,16.733655558986356,29.70839841451278,-3.9208343029022217,1955,41,24,0,,65.84965515136719,OUTBOUND,-44.2518196105957,-0.1095789645073174,
1,50.87668991088867,1.6914489269256592,0.19962652027606964,0.19222082197666168,16.741660287982086,29.696197522607783,-3.9437403678894043,1956,41,25,0,,51.49642562866211,OUTBOUND,-44.08578109741211,-0.10404543617425469,
1,51.003822326660156,1.6919567584991455,0.2311192750930786,0.27479827404022217,16.74972035398241,29.683996136572198,-3.8468873500823975,1957,41,26,0,,45.94823455810547,OUTBOUND,-44.30445861816406,-0.10052600782610001,
1,51.392601013183594,1.6924636363983154,0.12639257311820984,0.165950208902359,16.756749238993507,29.671819217967357,-3.8896701335906982,1958,41,27,0,,25.739580154418945,OUTBOUND,-44.61614990234375,-0.09540059522844263,
1,51.376502990722656,1.692967176437378,3.915043592453003,3.8002467155456543,16.76403350898181,29.65967057103818,-3.844263792037964,1959,41,28,0,,57.47853469848633,OUTBOUND,-44.79912185668945,-0.09233744879180114,
1,51.419010162353516,1.6934739351272583,4.848066329956055,4.6718597412109375,16.774126935983077,29.647544313988664,-3.956040382385254,1960,41,29,0,,93.09369659423828,OUTBOUND,-44.82228088378906,-0.1420328142884444,
1,51.14989471435547,1.6939789056777954,1.0388270616531372,1.0081112384796143,16.785176158009563,29.63540953134925,-3.870039224624634,1961,41,30,0,,16.078386306762695,OUTBOUND,-44.70008087158203,-0.17004513223955262,
1,51.15550231933594,1.6944856643676758,17.235740661621094,17.25263786315918,16.793132552003954,29.62328701884096,-3.9312679767608643,1962,41,31,0,,123.26033020019531,OUTBOUND,-44.744544982910156,-0.18707800426455062,
1,50.99827575683594,1.6949951648712158,7.302852153778076,7.296085834503174,16.800663533998886,29.61110106915895,-3.951590061187744,1963,41,32,0,,29.89466094970703,OUTBOUND,-44.583587646484375,-0.23990526504150356,
1,50.66312789916992,1.6955050230026245,9.861893653869629,9.769563674926758,16.808152584009804,29.59891089204507,-3.9149346351623535,1964,41,33,0,,5.752291202545166,OUTBOUND,-44.24899673461914,-0.26034831209523357,
1,50.4644889831543,1.6960148811340332,4.113996982574463,4.0289154052734375,16.815794313006336,29.586746800867495,-3.9080936908721924,1965,41,34,0,,123.07318878173828,OUTBOUND,-43.877803802490234,-0.2376086146944692,
1,50.60044860839844,1.6965252161026,9.372798919677734,9.311772346496582,16.823858390009264,29.574571278982848,-3.914443254470825,1966,41,35,0,,116.3854751586914,OUTBOUND,-43.83563995361328,-0.203378421142793,
1,50.74412536621094,1.6970361471176147,15.567667007446289,15.536293029785156,16.83377333098906,29.562443277917872,-3.9196929931640625,1967,41,36,0,,11.576313972473145,OUTBOUND,-43.99246597290039,-0.1922556105175654,
1,51.03118896484375,1.6975469589233398,12.737676620483398,12.691051483154297,16.842384319985285,29.550263315549696,-3.9057953357696533,1968,41,37,0,,43.51873016357422,OUTBOUND,-44.24811553955078,-0.22713528305050845,
1,51.38851547241211,1.6980582475662231,0.7244099378585815,0.6542123556137085,16.851832813001238,29.53806382290901,-3.9181463718414307,1969,41,38,0,,138.048583984375,OUTBOUND,-44.42929458618164,-0.2616192268535782,
1,51.46846008300781,1.698570966720581,3.873090982437134,3.8713791370391846,16.85916609899141,29.525820877736656,-3.9344358444213867,1970,41,39,0,,35.04242706298828,OUTBOUND,-44.45591735839844,-0.3091970076228004,
1,51.71728515625,1.699084758758545,12.809051513671875,12.82086181640625,16.869918421987677,29.51350770018888,-3.9299871921539307,1971,41,40,0,,100.45108032226562,OUTBOUND,-44.901580810546875,-0.3480238121303678,
1,51.6492919921875,1.6995970010757446,3.862917900085449,3.7893309593200684,16.879710962995887,29.501229949189945,-3.883941411972046,1972,41,41,0,,49.636817932128906,OUTBOUND,-44.98365783691406,-0.34175493279899716,
1,51.68597412109375,1.7001090049743652,6.658100128173828,6.551175594329834,16.88660279699252,29.488946251849228,-3.906338930130005,1973,41,42,0,,61.95238494873047,FAILURE,-45.084205627441406,-30.338378773477167,
1,51.6524772644043,1.7006195783615112,4.072817802429199,3.987736463546753,16.893797291006194,29.987968075969928,-3.88458514213562,1974,42,1,0,,33.217308044433594,OUTBOUND,-45.16501235961914,0.017166370666400747,
1,51.47272491455078,1.7011299133300781,3.891935348510742,3.848245859146118,16.9018574070069,29.975869105796075,-3.9015440940856934,1975,42,2,0,,17.748659133911133,OUTBOUND,-44.97093963623047,0.07435523217386159,
1,51.33091735839844,1.70163893699646,7.863247394561768,7.785369873046875,16.910814272006974,29.963776476122973,-3.8827967643737793,1976,42,3,0,,28.777538299560547,OUTBOUND,-44.87249755859375,0.0999600924423145,
1,51.178653717041016,1.7021465301513672,0.44315463304519653,0.4758923351764679,16.92015418698429,29.95166329944849,-3.8746097087860107,1977,42,4,0,,86.54902648925781,OUTBOUND,-44.5728759765625,0.06042241091388296,
1,51.32037353515625,1.7026548385620117,4.081052303314209,4.037173748016357,16.927624615986133,29.93961391082209,-3.915851593017578,1978,42,5,0,,45.000633239746094,OUTBOUND,-44.567508697509766,0.02776907569091125,
1,51.70929718017578,1.703163743019104,7.667128562927246,7.599338054656982,16.934710312983952,29.92755602703305,-3.9091367721557617,1979,42,6,0,,9.7772216796875,OUTBOUND,-44.96088409423828,0.02725190089421247,
1,51.39921951293945,1.7036731243133545,19.530712127685547,19.500877380371094,16.943251694989158,29.915442503863986,-3.9108364582061768,1980,42,7,0,,72.77693939208984,OUTBOUND,-44.78619384765625,0.05728685597320907,
1,51.758785247802734,1.7041853666305542,0.4639682471752167,0.3885480761528015,16.952531088987598,29.903282011849118,-3.953965663909912,1981,42,8,0,,104.39739990234375,OUTBOUND,-44.94207000732422,0.12058443105612815,
1,51.7701416015625,1.7046986818313599,0.2920806109905243,0.26514869928359985,16.961714575998485,29.891070792679134,-3.9267897605895996,1982,42,9,0,,66.12789916992188,OUTBOUND,-44.87850570678711,0.11793206638093762,
1,52.0138053894043,1.7052092552185059,8.198415756225586,8.13590145111084,16.97072108599241,29.878919650804015,-3.859022617340088,1983,42,10,0,,21.41991424560547,OUTBOUND,-45.27092742919922,0.08438380724347905,
1,51.8417854309082,1.7057193517684937,10.826515197753906,10.65218734741211,16.980711710988544,29.866778884349827,-3.8951971530914307,1984,42,11,0,,75.17719268798828,OUTBOUND,-45.17156982421875,0.07458177018334608,
1,52.18868637084961,1.706228256225586,0.14595858752727509,0.1695646345615387,16.992630970984465,29.854638931603272,-3.8820087909698486,1985,42,12,0,,17.273681640625,OUTBOUND,-45.497413635253906,0.05282193441729606,
1,51.92628860473633,1.7067337036132812,30.165271759033203,29.679428100585938,17.004277336003724,29.842513275337524,-3.8377251625061035,1986,42,13,0,,251.5482940673828,OUTBOUND,-45.49150085449219,0.03475645152133155,
1,51.858070373535156,1.7072399854660034,8.975337982177734,8.965883255004883,17.014533854991896,29.830384517215197,-3.9079506397247314,1987,42,14,0,,16.751583099365234,OUTBOUND,-45.3150634765625,0.005685560814219937,
1,51.723628997802734,1.7077447175979614,4.382906913757324,4.423973083496094,17.022188164002728,29.818320880913035,-3.8693201541900635,1988,42,15,0,,43.70282745361328,OUTBOUND,-45.195335388183594,-0.021216503048325,
1,51.68633270263672,1.7082488536834717,8.118856430053711,8.05577278137207,17.032609507004963,29.80622276874679,-3.879946708679199,1989,42,16,0,,19.043643951416016,OUTBOUND,-45.15033721923828,-0.013007633415344591,
1,51.596431732177734,1.7087547779083252,8.80016803741455,8.73058795928955,17.045004587009316,29.794067677054052,-3.919449806213379,1990,42,17,0,,46.245567321777344,OUTBOUND,-44.895042419433594,0.032451819801297827,
1,52.04400634765625,1.7092640399932861,0.5298462510108948,0.4745851755142212,17.056728641997324,29.78194836943683,-3.9560933113098145,1991,42,18,0,,111.48265838623047,OUTBOUND,-45.10052490234375,0.06045072485628264,
1,52.01113510131836,1.7097734212875366,12.300180435180664,12.186248779296875,17.06834978799452,29.769872236291086,-3.9001448154449463,1992,42,19,0,,63.876747131347656,OUTBOUND,-45.300254821777344,0.06287706777988346,
1,52.11127853393555,1.7102817296981812,9.975841522216797,9.913769721984863,17.08075779900537,29.757770261145136,-3.880098581314087,1993,42,20,0,,19.376522064208984,OUTBOUND,-45.381595611572266,0.06705615628728791,
1,52.21446990966797,1.7107903957366943,4.42668342590332,4.411711692810059,17.092560199002037,29.745666486614237,-3.9027483463287354,1994,42,21,0,,31.402206420898438,OUTBOUND,-45.42510986328125,0.05693845203694731,
1,51.890079498291016,1.7112973928451538,13.741251945495605,13.688029289245605,17.106142896984238,29.733543888918632,-3.8668131828308105,1995,42,22,0,,48.866920471191406,OUTBOUND,-45.258583068847656,0.02826180654433257,
1,52.036094665527344,1.7118029594421387,13.337505340576172,13.371564865112305,17.118048598000314,29.72144225618627,-3.8704111576080322,1996,42,23,0,,49.82258224487305,OUTBOUND,-45.451961517333984,-0.03023112651250779,
1,52.14694595336914,1.7123087644577026,0.37995514273643494,0.4463457763195038,17.126491155999247,29.709297254270854,-3.8939781188964844,1997,42,24,0,,80.76045227050781,OUTBOUND,-45.40181350708008,-0.09147506339224935,
1,52.32588195800781,1.7128183841705322,4.277486801147461,4.247838020324707,17.13423438699101,29.69712433312881,-3.958012104034424,1998,42,25,0,,13.603424072265625,OUTBOUND,-45.46384048461914,-0.10159348042744391,
1,52.607051849365234,1.7133302688598633,0.2036966234445572,0.25336703658103943,17.148418422002578,29.68494463727038,-3.939697027206421,1999,42,26,0,,66.69127655029297,OUTBOUND,-45.696006774902344,-0.06756488692988838,
1,52.537784576416016,1.7138444185256958,12.82149887084961,12.702713966369629,17.161096783995163,29.67276835696013,-3.9412107467651367,2000,42,27,0,,113.53681182861328,OUTBOUND,-45.757347106933594,-0.01681086157664934,
