accepted,actor_loss,alpha,critic_loss_1,critic_loss_2,elapsed_seconds,energy,entropy,environment_step,episode_id,episode_step,fallback,fallback_reason,gradient_norm,mission_phase,q_value_exec,reward,zonotope_volume
0,,,,,0.0067439980048220605,29.9879676,,1,0,1,1,NOMINAL_OUTSIDE_CERTIFIED_SET,,OUTBOUND,,-0.010144776818907505,
0,,,,,0.012411634001182392,29.9758992,,2,0,2,1,NOMINAL_OUTSIDE_CERTIFIED_SET,,OUTBOUND,,-0.010487473575987347,
1,,,,,0.01806042401585728,29.96381885171374,,3,0,3,0,,,OUTBOUND,,0.005310619122933509,
0,,,,,0.023756990005495027,29.951703599247256,,4,0,4,1,NOMINAL_OUTSIDE_CERTIFIED_SET,,OUTBOUND,,0.015743776221759265,
0,,,,,0.029165724001359195,29.93955788404995,,5,0,5,1,NOMINAL_OUTSIDE_CERTIFIED_SET,,OUTBOUND,,0.003982240993433724,
0,,,,,0.11605529600637965,29.92738070813235,,6,0,6,1,NOMINAL_OUTSIDE_CERTIFIED_SET,,OUTBOUND,,-0.00805037758614053,
0,,,,,0.12186414501047693,29.915171172242257,,7,0,7,1,NOMINAL_OUTSIDE_CERTIFIED_SET,,OUTBOUND,,-0.02110803115861312,
0,,,,,0.1273309230164159,29.902928483480657,,8,0,8,1,NOMINAL_OUTSIDE_CERTIFIED_SET,,OUTBOUND,,-0.03594429958339084,
0,,,,,0.13410322001436725,29.89065146268661,,9,0,9,1,NOMINAL_OUTSIDE_CERTIFIED_SET,,OUTBOUND,,-0.05329855838460638,
0,,,,,0.1377502889954485,29.878349693964644,,10,0,10,1,INSUFFICIENT_RECOVERY_RESERVE,,OUTBOUND,,-0.06570948678170814,
0,,,,,0.14366833001258783,29.866063358820657,,11,0,11,1,NOMINAL_OUTSIDE_CERTIFIED_SET,,OUTBOUND,,-0.07807882695317114,
0,,,,,0.14736547000939026,29.853751598184974,,12,0,12,1,INSUFFICIENT_RECOVERY_RESERVE,,OUTBOUND,,-0.09063851083985694,
0,,,,,0.1510759990196675,29.84147288375273,,13,0,13,1,INSUFFICIENT_RECOVERY_RESERVE,,OUTBOUND,,-0.0919509915346287,
1,,,,,0.15691601601429284,29.82923309269704,,14,0,14,0,,,OUTBOUND,,-0.09256681994878055,
1,,,,,0.1621803950110916,29.816975470900385,,15,0,15,0,,,OUTBOUND,,-0.10784368460272724,
1,,,,,0.16792022201116197,29.80469086208988,,16,0,16,0,,,OUTBOUND,,-0.13902657477253805,
0,,,,,0.17375870401156135,29.792414531651968,,17,0,17,1,NOMINAL_OUTSIDE_CERTIFIED_SET,,OUTBOUND,,-0.15944862583295677,
0,,,,,0.2598323080164846,29.780112166400727,,18,0,18,1,NOMINAL_OUTSIDE_CERTIFIED_SET,,OUTBOUND,,-0.17083288535665492,
0,,,,,0.263488729018718,29.76779535634513,,19,0,19,1,INSUFFICIENT_RECOVERY_RESERVE,,OUTBOUND,,-0.1746570078670901,
0,,,,,0.2693975320144091,29.75549490162964,,20,0,20,1,NOMINAL_OUTSIDE_CERTIFIED_SET,,OUTBOUND,,-0.17982947726696544,
0,,,,,0.273162269993918,29.74317720885915,,21,0,21,1,INSUFFICIENT_RECOVERY_RESERVE,,OUTBOUND,,-0.18574883132013773,
0,,,,,0.27680711599532515,29.730893163072956,,22,0,22,1,INSUFFICIENT_RECOVERY_RESERVE,,OUTBOUND,,-0.17641413071222314,
0,,,,,0.28269150099367835,29.71861986188278,,23,0,23,1,NOMINAL_OUTSIDE_CERTIFIED_SET,,OUTBOUND,,-0.18276996485099326,
0,,,,,0.28655711602186784,29.706328881112086,,24,0,24,1,INSUFFICIENT_RECOVERY_RESERVE,,OUTBOUND,,-0.18964841120235537,
0,,,,,0.2919579140143469,29.694050722560704,,25,0,25,1,NOMINAL_OUTSIDE_CERTIFIED_SET,,OUTBOUND,,-0.19782762451457117,
0,,,,,0.29544143899693154,29.681749675668847,,26,0,26,1,INSUFFICIENT_RECOVERY_RESERVE,,OUTBOUND,,-0.20630763944257544,
1,,,,,0.30096147101721726,29.66946821005227,,27,0,27,0,,,OUTBOUND,,-0.1934885649338211,
1,,,,,0.30624518101103604,29.657236145109295,,28,0,28,0,,,OUTBOUND,,-0.18743111972513585,
1,,,,,0.31147060001967475,29.644989008988677,,29,0,29,0,,,OUTBOUND,,-0.17836578324711566,
0,,,,,0.3172796569997445,29.63268721964762,,30,0,30,1,NOMINAL_OUTSIDE_CERTIFIED_SET,,OUTBOUND,,-0.18951673831627963,
0,,,,,0.3208489950047806,29.620376643082903,,31,0,31,1,INSUFFICIENT_RECOVERY_RESERVE,,OUTBOUND,,-0.20443182726774387,
0,,,,,0.32628507202025503,29.608078964595094,,32,0,32,1,NOMINAL_OUTSIDE_CERTIFIED_SET,,OUTBOUND,,-0.2194872483741366,
0,,,,,0.32972875601262785,29.595769460865164,,33,0,33,1,INSUFFICIENT_RECOVERY_RESERVE,,OUTBOUND,,-0.23388303264569582,
1,,,,,0.3353431870054919,29.58349211512745,,34,0,34,0,,,OUTBOUND,,-0.21850919121733975,
0,,,,,0.42019934800919145,29.57123021246637,,35,0,35,1,NOMINAL_OUTSIDE_CERTIFIED_SET,,OUTBOUND,,-0.23364302377122342,
0,,,,,0.4254992100177333,29.55893171205806,,36,0,36,1,NOMINAL_OUTSIDE_CERTIFIED_SET,,OUTBOUND,,-0.27982131498481294,
0,,,,,0.4289610200212337,29.546608168719114,,37,0,37,1,INSUFFICIENT_RECOVERY_RESERVE,,OUTBOUND,,-0.2926542112515566,
0,,,,,0.4324572060140781,29.53431890741592,,38,0,38,1,INSUFFICIENT_RECOVERY_RESERVE,,OUTBOUND,,-0.2706454908161065,
0,,,,,0.4377355299948249,29.522041684911414,,39,0,39,1,NOMINAL_OUTSIDE_CERTIFIED_SET,,OUTBOUND,,-0.28335558149934253,
0,,,,,0.4412374230159912,29.50974261490285,,40,0,40,1,INSUFFICIENT_RECOVERY_RESERVE,,OUTBOUND,,-0.2954982440734268,
0,,,,,0.44688570001744665,29.497457781122872,,41,0,41,1,NOMINAL_OUTSIDE_CERTIFIED_SET,,OUTBOUND,,-0.3074697675182721,
0,,,,,0.45066256800782867,29.485150077939316,,42,0,42,1,INSUFFICIENT_RECOVERY_RESERVE,,OUTBOUND,,-0.31891240972633683,
0,,,,,0.4562696189968847,29.472858586449206,,43,0,43,1,NOMINAL_OUTSIDE_CERTIFIED_SET,,OUTBOUND,,-0.33017172121357946,
0,,,,,0.4598344120022375,29.460542215825537,,44,0,44,1,INSUFFICIENT_RECOVERY_RESERVE,,OUTBOUND,,-0.34093757412446873,
0,,,,,0.4632319369993638,29.44825936932507,,45,0,45,1,INSUFFICIENT_RECOVERY_RESERVE,,OUTBOUND,,-0.3127847034559463,
1,,,,,0.4686696760181803,29.436005584043222,,46,0,46,0,,,OUTBOUND,,-0.28705160915446215,
0,,,,,0.47396372401271947,29.423708154926995,,47,0,47,1,NOMINAL_OUTSIDE_CERTIFIED_SET,,OUTBOUND,,-0.30625835844868543,
0,,,,,0.5588089240191039,29.41139580898344,,48,0,48,1,INSUFFICIENT_RECOVERY_RESERVE,,OUTBOUND,,-0.32376193224827865,
0,,,,,0.564873877010541,29.399112973190785,,49,0,49,1,NOMINAL_OUTSIDE_CERTIFIED_SET,,OUTBOUND,,-0.33419363363995946,
0,,,,,0.5704370879975613,29.386824711789295,,50,0,50,1,NOMINAL_OUTSIDE_CERTIFIED_SET,,OUTBOUND,,-0.3716046950533986,
0,,,,,0.5756916569953319,29.374533394130147,,51,0,51,1,NO_GENERATOR_SET,,OUTBOUND,,-0.3877229711149746,
0,,,,,0.5806512760173064,29.362242862977144,,52,0,52,1,NO_GENERATOR_SET,,OUTBOUND,,-0.3869459423588525,
0,,,,,0.5862339950108435,29.349957003655067,,53,0,53,1,NOMINAL_OUTSIDE_CERTIFIED_SET,,OUTBOUND,,-0.3732583667888963,
0,,,,,0.5920169530145358,29.33768398198344,,54,0,54,1,NOMINAL_OUTSIDE_CERTIFIED_SET,,OUTBOUND,,-0.35020880373025765,
0,,,,,0.5981379500008188,29.325430290690512,,55,0,55,1,NOMINAL_OUTSIDE_CERTIFIED_SET,,OUTBOUND,,-0.320877604678989,
0,,,,,0.6036848910152912,29.31320045729146,,56,0,56,1,NOMINAL_OUTSIDE_CERTIFIED_SET,,OUTBOUND,,-0.28785942925049496,
1,,,,,0.6093259979970753,29.30099389748105,,57,0,57,0,,,OUTBOUND,,-0.25144779102693116,
0,,,,,0.6148419459932484,29.288815898543675,,58,0,58,1,NOMINAL_OUTSIDE_CERTIFIED_SET,,OUTBOUND,,-0.21565413138852957,
1,,,,,0.6982585320074577,29.276645666804956,,59,0,59,0,,,OUTBOUND,,-0.16418934162528043,
0,,,,,0.7037638890033122,29.264521192901785,,60,0,60,1,NOMINAL_OUTSIDE_CERTIFIED_SET,,OUTBOUND,,-0.12061289183350447,
0,,,,,0.7090471700066701,29.252423211088946,,61,0,61,1,NOMINAL_OUTSIDE_CERTIFIED_SET,,OUTBOUND,,-0.10359978482489203,
0,,,,,0.7143316389992833,29.240348344537775,,62,0,62,1,NOMINAL_OUTSIDE_CERTIFIED_SET,,FAILURE,,-0.08753545010798035,
0,,,,,0.7234183240216225,29.9879676,,63,1,1,1,NOMINAL_OUTSIDE_CERTIFIED_SET,,OUTBOUND,,-0.010144776818907505,
1,,,,,0.7289634699991439,29.975918662437532,,64,1,2,0,,,OUTBOUND,,-0.03231623036776606,
0,,,,,0.7345896920014638,29.96383196897295,,65,1,3,1,NOMINAL_OUTSIDE_CERTIFIED_SET,,OUTBOUND,,-0.04815208539850897,
0,,,,,0.7398935620149132,29.951716434683902,,66,1,4,1,NOMINAL_OUTSIDE_CERTIFIED_SET,,OUTBOUND,,-0.037439192640880234,
0,,,,,0.7451893819961697,29.939570761303145,,67,1,5,1,NOMINAL_OUTSIDE_CERTIFIED_SET,,OUTBOUND,,-0.03030956482244881,
0,,,,,0.750433586013969,29.92739378091445,,68,1,6,1,NOMINAL_OUTSIDE_CERTIFIED_SET,,OUTBOUND,,-0.02711668452318409,
0,,,,,0.7567700640065596,29.915184465809702,,69,1,7,1,NOMINAL_OUTSIDE_CERTIFIED_SET,,OUTBOUND,,-0.02820142503698151,
0,,,,,0.7630601359996945,29.902941299822658,,70,1,8,1,NOMINAL_OUTSIDE_CERTIFIED_SET,,OUTBOUND,,-0.033900339071734245,
0,,,,,0.7687945649959147,29.89066019912966,,71,1,9,1,NOMINAL_OUTSIDE_CERTIFIED_SET,,OUTBOUND,,-0.044548430135676186,
0,,,,,0.7723625670187175,29.8783542279421,,72,1,10,1,INSUFFICIENT_RECOVERY_RESERVE,,OUTBOUND,,-0.054809412259520456,
0,,,,,0.7776600329962093,29.86606437797145,,73,1,11,1,NOMINAL_OUTSIDE_CERTIFIED_SET,,OUTBOUND,,-0.06597952971643727,
0,,,,,0.781146229011938,29.853749035136605,,74,1,12,1,INSUFFICIENT_RECOVERY_RESERVE,,OUTBOUND,,-0.07748643744988834,
0,,,,,0.8632993340143003,29.841467120815736,,75,1,13,1,INSUFFICIENT_RECOVERY_RESERVE,,OUTBOUND,,-0.080253289472941,
0,,,,,0.8698493640113156,29.829196336740935,,76,1,14,1,NOMINAL_OUTSIDE_CERTIFIED_SET,,OUTBOUND,,-0.09092601871137099,
0,,,,,0.8735461989999749,29.816903155754005,,77,1,15,1,INSUFFICIENT_RECOVERY_RESERVE,,OUTBOUND,,-0.10186480649547841,
1,,,,,0.8790959790057968,29.804653461252382,,78,1,16,0,,,OUTBOUND,,-0.10584176126885539,
0,,,,,0.884347137005534,29.792361123123847,,79,1,17,1,NOMINAL_OUTSIDE_CERTIFIED_SET,,OUTBOUND,,-0.12309233417387692,
0,,,,,0.888208988995757,29.78004826216945,,80,1,18,1,INSUFFICIENT_RECOVERY_RESERVE,,OUTBOUND,,-0.13529988840579005,
0,,,,,0.8944104660185985,29.767752153582208,,81,1,19,1,NOMINAL_OUTSIDE_CERTIFIED_SET,,OUTBOUND,,-0.1479082335228468,
0,,,,,0.8980761840066407,29.755434036978556,,82,1,20,1,INSUFFICIENT_RECOVERY_RESERVE,,OUTBOUND,,-0.1604967829114048,
0,,,,,0.901606804021867,29.74314963102631,,83,1,21,1,INSUFFICIENT_RECOVERY_RESERVE,,OUTBOUND,,-0.15411145574817264,
1,,,,,0.9069217409996781,29.730891914822145,,84,1,22,0,,,OUTBOUND,,-0.15422666087073542,
0,,,,,0.9124753270007204,29.718639435269818,,85,1,23,1,NOMINAL_OUTSIDE_CERTIFIED_SET,,OUTBOUND,,-0.1705772538259492,
0,,,,,0.9183249270136002,29.7063528064561,,86,1,24,1,NOMINAL_OUTSIDE_CERTIFIED_SET,,OUTBOUND,,-0.1988790757369454,
0,,,,,0.922447627002839,29.694044187008593,,87,1,25,1,INSUFFICIENT_RECOVERY_RESERVE,,OUTBOUND,,-0.2085396553930468,
1,,,,,1.0142435890156776,29.681767045930577,,88,1,26,0,,,OUTBOUND,,-0.19133071185962663,
0,,,,,1.0190601439971942,29.669450280702495,,89,1,27,1,INSUFFICIENT_RECOVERY_RESERVE,,OUTBOUND,,-0.1762555042600413,
0,,,,,1.0252136620110832,29.6571481803544,,90,1,28,1,NOMINAL_OUTSIDE_CERTIFIED_SET,,OUTBOUND,,-0.19447378350531797,
0,,,,,1.0295925110112876,29.644832022164522,,91,1,29,1,INSUFFICIENT_RECOVERY_RESERVE,,OUTBOUND,,-0.2117789844499975,
0,,,,,1.035823230020469,29.632531775561663,,92,1,30,1,NOMINAL_OUTSIDE_CERTIFIED_SET,,OUTBOUND,,-0.22843330062269396,
0,,,,,1.0401575050200336,29.62021486814868,,93,1,31,1,INSUFFICIENT_RECOVERY_RESERVE,,OUTBOUND,,-0.24428467880718946,
0,,,,,1.046356121019926,29.6079151740574,,94,1,32,1,NOMINAL_OUTSIDE_CERTIFIED_SET,,OUTBOUND,,-0.25943483964670555,
0,,,,,1.0500834959966596,29.595596271198385,,95,1,33,1,INSUFFICIENT_RECOVERY_RESERVE,,OUTBOUND,,-0.27388766658687386,
0,,,,,1.0542146830121055,29.583311186211116,,96,1,34,1,INSUFFICIENT_RECOVERY_RESERVE,,OUTBOUND,,-0.2542283213835969,
0,,,,,1.0609440940024797,29.571037584478315,,97,1,35,1,NOMINAL_OUTSIDE_CERTIFIED_SET,,OUTBOUND,,-0.2679014308801816,
0,,,,,1.0656166060070973,29.558745342737183,,98,1,36,1,INSUFFICIENT_RECOVERY_RESERVE,,OUTBOUND,,-0.28095325665018356,
0,,,,,1.1601381369982846,29.546466573979767,,99,1,37,1,NOMINAL_OUTSIDE_CERTIFIED_SET,,OUTBOUND,,-0.2934949269361796,
0,,,,,1.1654757120122667,29.534161562476697,,100,1,38,1,INSUFFICIENT_RECOVERY_RESERVE,,OUTBOUND,,-0.30549773407374864,
0,,,,,1.171598281012848,29.521872454835016,,101,1,39,1,NOMINAL_OUTSIDE_CERTIFIED_SET,,OUTBOUND,,-0.31705785977462825,
0,,,,,1.1753959390043747,29.509556691833758,,102,1,40,1,INSUFFICIENT_RECOVERY_RESERVE,,OUTBOUND,,-0.3281448287069638,
0,,,,,1.1788025030109566,29.49727439229594,,103,1,41,1,INSUFFICIENT_RECOVERY_RESERVE,,OUTBOUND,,-0.3016417268375277,
1,,,,,1.1844277330092154,29.485018387661245,,104,1,42,0,,,OUTBOUND,,-0.31626028115545235,
1,,,,,1.189902757992968,29.472735571275877,,105,1,43,0,,,OUTBOUND,,-0.33832835330120203,
0,,,,,1.195902855019085,29.460442565210073,,106,1,44,1,NOMINAL_OUTSIDE_CERTIFIED_SET,,OUTBOUND,,-0.34937142778690355,
0,,,,,1.199641834013164,29.448138254826453,,107,1,45,1,INSUFFICIENT_RECOVERY_RESERVE,,OUTBOUND,,-0.3506473066690035,
0,,,,,1.2055127329949755,29.435846332380034,,108,1,46,1,NOMINAL_OUTSIDE_CERTIFIED_SET,,OUTBOUND,,-0.3532913136154289,
0,,,,,1.209139723010594,29.423540304530857,,109,1,47,1,INSUFFICIENT_RECOVERY_RESERVE,,OUTBOUND,,-0.35637572828549063,
1,,,,,1.2146548549935687,29.411274521056434,,110,1,48,0,,,OUTBOUND,,-0.34155972988134514,
1,,,,,1.2200669200101402,29.398979207046096,,111,1,49,0,,,OUTBOUND,,-0.3399434494156536,
0,,,,,1.2256923380191438,29.386706970613155,,112,1,50,1,NOMINAL_OUTSIDE_CERTIFIED_SET,,OUTBOUND,,-0.3428158795587797,
1,,,,,1.231968403008068,29.37443788041608,,113,1,51,0,,,OUTBOUND,,-0.3335370633254358,
0,,,,,1.3176677800074685,29.362191204476947,,114,1,52,1,NOMINAL_OUTSIDE_CERTIFIED_SET,,OUTBOUND,,-0.3158295314468618,
1,,,,,1.323427499999525,29.349949612824194,,115,1,53,0,,,OUTBOUND,,-0.29688306121096686,
0,,,,,1.329071403015405,29.337743221232678,,116,1,54,1,NOMINAL_OUTSIDE_CERTIFIED_SET,,OUTBOUND,,-0.2732580138052034,
0,,,,,1.334908112010453,29.32553469269464,,117,1,55,1,NOMINAL_OUTSIDE_CERTIFIED_SET,,OUTBOUND,,-0.2574832399224939,
0,,,,,1.3412828470172826,29.313327919186825,,118,1,56,1,NOMINAL_OUTSIDE_CERTIFIED_SET,,OUTBOUND,,-0.23735579615248012,
0,,,,,1.3466503540112171,29.30112902806178,,119,1,57,1,NOMINAL_OUTSIDE_CERTIFIED_SET,,OUTBOUND,,-0.21453690661798497,
1,,,,,1.3526546920184046,29.28892531513334,,120,1,58,0,,,OUTBOUND,,-0.19131125358464632,
1,,,,,1.3587273040029686,29.276772253167515,,121,1,59,0,,,OUTBOUND,,-0.15966636104576093,
0,,,,,1.365105286007747,29.26464557875164,,122,1,60,1,NOMINAL_OUTSIDE_CERTIFIED_SET,,OUTBOUND,,-0.1299032481147912,
0,,,,,1.3707172780123074,29.252533555551707,,123,1,61,1,NOMINAL_OUTSIDE_CERTIFIED_SET,,OUTBOUND,,-0.11132825294623319,
0,,,,,1.3766588080034126,29.24043598117373,,124,1,62,1,NOMINAL_OUTSIDE_CERTIFIED_SET,,OUTBOUND,,-0.09394664476135627,
1,,,,,1.3819478260120377,29.228334836413687,,125,1,63,0,,,OUTBOUND,,-0.08699668433007307,
0,,,,,1.3874003310047556,29.21619915197091,,126,1,64,1,NOMINAL_OUTSIDE_CERTIFIED_SET,,OUTBOUND,,-0.07935135967451075,
0,,,,,1.3928828820062336,29.204092358594224,,127,1,65,1,NOMINAL_OUTSIDE_CERTIFIED_SET,,FAILURE,,-0.06219787131314633,
0,,,,,1.4822944850020576,29.9879676,,128,2,1,1,NOMINAL_OUTSIDE_CERTIFIED_SET,,OUTBOUND,,-0.010144776818907505,
1,,,,,1.487802888994338,29.975901785853644,,129,2,2,0,,,OUTBOUND,,0.012968434840381453,
0,,,,,1.49303295701975,29.963830839965887,,130,2,3,1,NOMINAL_OUTSIDE_CERTIFIED_SET,,OUTBOUND,,0.029112374962088936,
1,,,,,1.498643600003561,29.951741213719977,,131,2,4,0,,,OUTBOUND,,0.04053340311963667,
0,,,,,1.5043443689937703,29.939644413060453,,132,2,5,1,NOMINAL_OUTSIDE_CERTIFIED_SET,,OUTBOUND,,0.046971146759873,
0,,,,,1.510279692010954,29.92752550803217,,133,2,6,1,NOMINAL_OUTSIDE_CERTIFIED_SET,,OUTBOUND,,0.02426891945316973,
0,,,,,1.5156009689962957,29.91538175594638,,134,2,7,1,NOMINAL_OUTSIDE_CERTIFIED_SET,,OUTBOUND,,0.004586182999986175,
0,,,,,1.520921386021655,29.90321074407572,,135,2,8,1,NOMINAL_OUTSIDE_CERTIFIED_SET,,OUTBOUND,,-0.013171115022418783,
0,,,,,1.526210013020318,29.89101039458633,,136,2,9,1,NOMINAL_OUTSIDE_CERTIFIED_SET,,OUTBOUND,,-0.03009320601025478,
0,,,,,1.5318096750124823,29.878770822877122,,137,2,10,1,NOMINAL_OUTSIDE_CERTIFIED_SET,,OUTBOUND,,-0.04724401934410875,
0,,,,,1.6142752660089172,29.866492702838713,,138,2,11,1,NOMINAL_OUTSIDE_CERTIFIED_SET,,OUTBOUND,,-0.06564326038106368,
0,,,,,1.6182010199991055,29.854190363883085,,139,2,12,1,INSUFFICIENT_RECOVERY_RESERVE,,OUTBOUND,,-0.07743381037786012,
1,,,,,1.62356309601455,29.8419128889093,,140,2,13,0,,,OUTBOUND,,-0.07033102009368682,
1,,,,,1.6291122990078293,29.829676125395014,,141,2,14,0,,,OUTBOUND,,-0.08428369617030562,
0,,,,,1.6344160810112953,29.817404053353503,,142,2,15,1,NOMINAL_OUTSIDE_CERTIFIED_SET,,OUTBOUND,,-0.11376485932784,
0,,,,,1.6411375220050104,29.805099503229066,,143,2,16,1,NOMINAL_OUTSIDE_CERTIFIED_SET,,OUTBOUND,,-0.12984494086001303,
0,,,,,1.6450425400107633,29.79277385769743,,144,2,17,1,INSUFFICIENT_RECOVERY_RESERVE,,OUTBOUND,,-0.1380895597653617,
0,,,,,1.6490635329973884,29.780482659658205,,145,2,18,1,INSUFFICIENT_RECOVERY_RESERVE,,OUTBOUND,,-0.13431762215529527,
1,,,,,1.6544974550197367,29.768234438598952,,146,2,19,0,,,OUTBOUND,,-0.13782369003180173,
0,,,,,1.6598413850006182,29.755949863448333,,147,2,20,1,NOMINAL_OUTSIDE_CERTIFIED_SET,,OUTBOUND,,-0.1528958013901188,
0,,,,,1.663251748017501,29.743648576685192,,148,2,21,1,INSUFFICIENT_RECOVERY_RESERVE,,OUTBOUND,,-0.1593348806980969,
0,,,,,1.6686505819961894,29.7313610262692,,149,2,22,1,NOMINAL_OUTSIDE_CERTIFIED_SET,,OUTBOUND,,-0.16662390941173225,
0,,,,,1.6720763570046984,29.71905485780852,,150,2,23,1,INSUFFICIENT_RECOVERY_RESERVE,,OUTBOUND,,-0.17441056562398224,
0,,,,,1.6779988899943419,29.706764099069762,,151,2,24,1,NOMINAL_OUTSIDE_CERTIFIED_SET,,OUTBOUND,,-0.18301795152859782,
0,,,,,1.6814194729959127,29.69445282309445,,152,2,25,1,INSUFFICIENT_RECOVERY_RESERVE,,OUTBOUND,,-0.19195562418262338,
0,,,,,1.765640355006326,29.682158567301258,,153,2,26,1,NOMINAL_OUTSIDE_CERTIFIED_SET,,OUTBOUND,,-0.20163154147319404,
0,,,,,1.769432158995187,29.66984198647048,,154,2,27,1,INSUFFICIENT_RECOVERY_RESERVE,,OUTBOUND,,-0.21148319510243424,
0,,,,,1.7734451910073403,29.657559000269707,,155,2,28,1,INSUFFICIENT_RECOVERY_RESERVE,,OUTBOUND,,-0.19938207679200137,
0,,,,,1.7793007400177885,29.645287534308945,,156,2,29,1,NOMINAL_OUTSIDE_CERTIFIED_SET,,OUTBOUND,,-0.2091880137910988,
0,,,,,1.783337446016958,29.632994338577223,,157,2,30,1,INSUFFICIENT_RECOVERY_RESERVE,,OUTBOUND,,-0.2190477463662856,
0,,,,,1.7890450450067874,29.62071487588321,,158,2,31,1,NOMINAL_OUTSIDE_CERTIFIED_SET,,OUTBOUND,,-0.22954194154182334,
0,,,,,1.793095978006022,29.608410575807508,,159,2,32,1,INSUFFICIENT_RECOVERY_RESERVE,,OUTBOUND,,-0.23997459168070384,
1,,,,,1.7983570730139036,29.596146526635874,,160,2,33,0,,,OUTBOUND,,-0.25167683417904635,
0,,,,,1.8019599709950853,29.583847974503513,,161,2,34,1,INSUFFICIENT_RECOVERY_RESERVE,,OUTBOUND,,-0.26169770471363263,
1,,,,,1.8072506659955252,29.571588747109235,,162,2,35,0,,,OUTBOUND,,-0.2503624089930839,
1,,,,,1.8129564380215015,29.559338094360264,,163,2,36,0,,,OUTBOUND,,-0.25753904578734016,
1,,,,,1.8185533030191436,29.547077682627023,,164,2,37,0,,,OUTBOUND,,-0.2747519262958547,
1,,,,,1.8241608130047098,29.534816157099076,,165,2,38,0,,,OUTBOUND,,-0.2776538566454726,
0,,,,,1.8294149590074085,29.522536650466424,,166,2,39,1,NOMINAL_OUTSIDE_CERTIFIED_SET,,OUTBOUND,,-0.2864106406003488,
0,,,,,1.9107678230211604,29.51024364867387,,167,2,40,1,INSUFFICIENT_RECOVERY_RESERVE,,OUTBOUND,,-0.29015564325906396,
0,,,,,1.9167445990024135,29.49796285898977,,168,2,41,1,NOMINAL_OUTSIDE_CERTIFIED_SET,,OUTBOUND,,-0.29561279243378735,
0,,,,,1.9213154950120952,29.485665302537182,,169,2,42,1,INSUFFICIENT_RECOVERY_RESERVE,,OUTBOUND,,-0.30136961738302925,
0,,,,,1.9273753150191624,29.473381903571486,,170,2,43,1,NOMINAL_OUTSIDE_CERTIFIED_SET,,OUTBOUND,,-0.30859096653871376,
0,,,,,1.9311381099978462,29.46107061494988,,171,2,44,1,INSUFFICIENT_RECOVERY_RESERVE,,OUTBOUND,,-0.31587766636276987,
0,,,,,1.9363290600012988,29.4487761382562,,172,2,45,1,NOMINAL_OUTSIDE_CERTIFIED_SET,,OUTBOUND,,-0.3243534953240676,
0,,,,,1.9398772430140525,29.436453858307104,,173,2,46,1,INSUFFICIENT_RECOVERY_RESERVE,,OUTBOUND,,-0.33270712749333153,
0,,,,,1.9432806390104815,29.42416573363406,,174,2,47,1,INSUFFICIENT_RECOVERY_RESERVE,,OUTBOUND,,-0.30563992381986954,
0,,,,,1.9499316750152502,29.411889549601227,,175,2,48,1,NOMINAL_OUTSIDE_CERTIFIED_SET,,OUTBOUND,,-0.3154922951542811,
0,,,,,1.9537221399950795,29.39958938467217,,176,2,49,1,INSUFFICIENT_RECOVERY_RESERVE,,OUTBOUND,,-0.3249970699416007,
0,,,,,1.959388607996516,29.387306146060144,,177,2,50,1,NOMINAL_OUTSIDE_CERTIFIED_SET,,OUTBOUND,,-0.3343038990164005,
0,,,,,2.043475654994836,29.3750113028515,,178,2,51,1,NOMINAL_OUTSIDE_CERTIFIED_SET,,OUTBOUND,,-0.37056000675243067,
0,,,,,2.048770997993415,29.36270656562264,,179,2,52,1,NO_GENERATOR_SET,,OUTBOUND,,-0.3864962382096044,
0,,,,,2.0549569620052353,29.35039856641311,,180,2,53,1,NO_GENERATOR_SET,,OUTBOUND,,-0.38614247382100114,
0,,,,,2.060228668007767,29.338095697667903,,181,2,54,1,NO_GENERATOR_SET,,OUTBOUND,,-0.3731641228821059,
0,,,,,2.0656192369933706,29.325806095463854,,182,2,55,1,NOMINAL_OUTSIDE_CERTIFIED_SET,,OUTBOUND,,-0.3508750859661962,
0,,,,,2.07107915400411,29.31353650795777,,183,2,56,1,NOMINAL_OUTSIDE_CERTIFIED_SET,,OUTBOUND,,-0.3222077522588737,
1,,,,,2.0764231630018912,29.301288545132202,,184,2,57,0,,,OUTBOUND,,-0.290488012020988,
1,,,,,2.08208586400724,29.28907769399591,,185,2,58,0,,,OUTBOUND,,-0.29881139700968123,
0,,,,,2.088160230021458,29.276819948329173,,186,2,59,1,NOMINAL_OUTSIDE_CERTIFIED_SET,,OUTBOUND,,-0.29462542990025403,
1,,,,,2.0942334870051127,29.264632960458485,,187,2,60,0,,,OUTBOUND,,-0.2540745445298047,
0,,,,,2.099903441994684,29.25243136077753,,188,2,61,1,NOMINAL_OUTSIDE_CERTIFIED_SET,,OUTBOUND,,-0.21457682869606692,
0,,,,,2.10546286101453,29.240279454616648,,189,2,62,1,NOMINAL_OUTSIDE_CERTIFIED_SET,,OUTBOUND,,-0.16267356721373913,
0,,,,,2.1107096660125535,29.22816973154128,,190,2,63,1,NOMINAL_OUTSIDE_CERTIFIED_SET,,OUTBOUND,,-0.11844143092318025,
1,,,,,2.1160993710218463,29.21609850975419,,191,2,64,0,,,OUTBOUND,,-0.10621387175826666,
1,,,,,2.1216916020202916,29.204004421092424,,192,2,65,0,,,OUTBOUND,,-0.13559269207521266,
0,,,,,2.2404346380208153,29.191859529831646,,193,2,66,1,NOMINAL_OUTSIDE_CERTIFIED_SET,,OUTBOUND,,-0.1282308544487276,
1,,,,,2.25083020501188,29.179781169149503,,194,2,67,0,,,FAILURE,,-0.0855458399799188,
0,,,,,2.2653626569954213,29.9879676,,195,3,1,1,NOMINAL_OUTSIDE_CERTIFIED_SET,,OUTBOUND,,-0.010144776818907505,
0,,,,,2.2710765759984497,29.9758992,,196,3,2,1,NOMINAL_OUTSIDE_CERTIFIED_SET,,OUTBOUND,,-0.010487473575987347,
0,,,,,2.2788071499962825,29.963794800000002,,197,3,3,1,NOMINAL_OUTSIDE_CERTIFIED_SET,,OUTBOUND,,-0.011710406835350273,
0,,,,,2.2868258170201443,29.951654400000002,,198,3,4,1,NOMINAL_OUTSIDE_CERTIFIED_SET,,OUTBOUND,,-0.014399984101813035,
1,,,,,2.292558553017443,29.939500821234358,,199,3,5,0,,,OUTBOUND,,-0.01842237082644676,
0,,,,,2.2985468830156606,29.927334938855626,,200,3,6,1,NOMINAL_OUTSIDE_CERTIFIED_SET,,OUTBOUND,,-0.02266353666789728,
0,4.141298770904541,1.0003000497817993,17.9808406829834,18.622636795043945,2.3906722810061183,29.915135398578137,-4.01295804977417,201,3,7,1,NOMINAL_OUTSIDE_CERTIFIED_SET,25.098968505859375,OUTBOUND,-0.09750537574291229,-0.029137226340548234,
0,4.229470729827881,1.0006004571914673,17.060815811157227,17.676666259765625,2.4040342340013012,29.90290178259661,-4.070202827453613,202,3,8,1,NOMINAL_OUTSIDE_CERTIFIED_SET,24.902267456054688,OUTBOUND,-0.12764641642570496,-0.038622262899915064,
0,4.169439792633057,1.000900149345398,17.9437198638916,18.572315216064453,2.415936450997833,29.890633713408917,-3.9779133796691895,203,3,9,1,NOMINAL_OUTSIDE_CERTIFIED_SET,25.78969955444336,OUTBOUND,-0.1589231789112091,-0.051672199911416146,
0,4.237422943115234,1.0011999607086182,16.494592666625977,17.096683502197266,2.426738528010901,29.878345097590078,-4.0150251388549805,204,3,10,1,INSUFFICIENT_RECOVERY_RESERVE,24.947040557861328,OUTBOUND,-0.18953074514865875,-0.06192400826507765,
0,4.230820178985596,1.0014994144439697,15.365470886230469,15.897078514099121,2.441735936998157,29.866069285078297,-3.977548837661743,205,3,11,1,NOMINAL_OUTSIDE_CERTIFIED_SET,24.097169876098633,OUTBOUND,-0.21901237964630127,-0.07267406532096171,
0,4.30356502532959,1.00179922580719,16.0207576751709,16.50020980834961,2.535217641008785,29.853771010041825,-4.020574569702148,206,3,12,1,INSUFFICIENT_RECOVERY_RESERVE,25.471935272216797,OUTBOUND,-0.2477038949728012,-0.08375573481703934,
0,4.240853786468506,1.0020979642868042,15.057671546936035,15.478497505187988,2.5473493130120914,29.8414876265423,-3.9265782833099365,207,3,13,1,NOMINAL_OUTSIDE_CERTIFIED_SET,25.338035583496094,OUTBOUND,-0.2779850363731384,-0.09526070339685735,
0,4.232410430908203,1.0023950338363647,14.822981834411621,15.155620574951172,2.557428777014138,29.829179416374103,-3.8886308670043945,208,3,14,1,INSUFFICIENT_RECOVERY_RESERVE,25.75407600402832,OUTBOUND,-0.3057245910167694,-0.10699934176158796,
0,4.314874649047852,1.0026921033859253,15.140475273132324,15.414480209350586,2.5702327080070972,29.816888130717654,-3.9385623931884766,209,3,15,1,NOMINAL_OUTSIDE_CERTIFIED_SET,26.875852584838867,OUTBOUND,-0.33674126863479614,-0.11908217376921111,
0,4.345287322998047,1.0029888153076172,14.760477066040039,14.958805084228516,2.579976245004218,29.804571162159995,-3.9330501556396484,210,3,16,1,INSUFFICIENT_RECOVERY_RESERVE,26.90351676940918,OUTBOUND,-0.36862102150917053,-0.13130472388234862,
0,4.440582752227783,1.003286600112915,15.446390151977539,15.57403564453125,2.589420461008558,29.792287836899554,-3.9931323528289795,211,3,17,1,INSUFFICIENT_RECOVERY_RESERVE,28.45535659790039,OUTBOUND,-0.4005484879016876,-0.12849676819654277,
1,4.454764366149902,1.0035847425460815,14.10858154296875,14.164125442504883,2.603184363018954,29.7800310952716,-3.967024803161621,212,3,18,0,,28.199405670166016,OUTBOUND,-0.43575239181518555,-0.12367791397152698,
1,4.5274577140808105,1.0038836002349854,13.520886421203613,13.513243675231934,2.6148871000041254,29.767795899566835,-3.9975295066833496,213,3,19,0,,27.662832260131836,OUTBOUND,-0.47430524230003357,-0.1084864149413473,
0,4.435727596282959,1.0041804313659668,13.945716857910156,13.831774711608887,2.6267677239957266,29.755538937182408,-3.854048013687134,214,3,20,1,NOMINAL_OUTSIDE_CERTIFIED_SET,29.70564842224121,OUTBOUND,-0.5212349891662598,-0.11222751397084108,
1,4.575443744659424,1.0044773817062378,13.360590934753418,13.205437660217285,2.6408384740061592,29.743259248012595,-3.94522762298584,215,3,21,0,,29.703224182128906,OUTBOUND,-0.5647310614585876,-0.1034634554767597,
0,4.566512107849121,1.0047733783721924,13.413848876953125,13.175430297851562,2.653876730008051,29.730970376682844,-3.884333610534668,216,3,22,1,NOMINAL_OUTSIDE_CERTIFIED_SET,30.911603927612305,OUTBOUND,-0.6139968633651733,-0.10146488740347506,
0,4.7062177658081055,1.0050702095031738,12.972235679626465,12.672155380249023,2.745065199007513,29.71866216549387,-3.9718551635742188,217,3,23,1,NOMINAL_OUTSIDE_CERTIFIED_SET,31.160072326660156,OUTBOUND,-0.6621963381767273,-0.1488542452635028,
0,4.680202960968018,1.0053660869598389,12.735618591308594,12.355141639709473,2.7542868519958574,29.706345678879327,-3.8870737552642822,218,3,24,1,INSUFFICIENT_RECOVERY_RESERVE,31.879817962646484,OUTBOUND,-0.7177009582519531,-0.1691911203746616,
0,4.769674777984619,1.0056618452072144,12.4036226272583,11.912845611572266,2.765612193994457,29.694044550263506,-3.9181485176086426,219,3,25,1,NOMINAL_OUTSIDE_CERTIFIED_SET,32.7203483581543,OUTBOUND,-0.7738213539123535,-0.18821948390895782,
0,4.817686557769775,1.0059573650360107,11.80223274230957,11.27546501159668,2.777453056012746,29.681730773757135,-3.909027576446533,220,3,26,1,INSUFFICIENT_RECOVERY_RESERVE,32.265323638916016,OUTBOUND,-0.8275511860847473,-0.2063263244644989,
0,4.820869445800781,1.0062512159347534,11.706842422485352,11.067326545715332,2.7906627460033633,29.669433639537385,-3.841238498687744,221,3,27,1,NOMINAL_OUTSIDE_CERTIFIED_SET,33.61446762084961,OUTBOUND,-0.8959965109825134,-0.22316738953120538,
0,4.969841957092285,1.0065455436706543,11.198209762573242,10.463114738464355,2.801697906019399,29.65711669995406,-3.9234561920166016,222,3,28,1,INSUFFICIENT_RECOVERY_RESERVE,33.90999984741211,OUTBOUND,-0.9582926034927368,-0.2392607913269591,
0,5.029294013977051,1.0068399906158447,10.821547508239746,10.020703315734863,2.8125944930070546,29.644833396177727,-3.9158153533935547,223,3,29,1,INSUFFICIENT_RECOVERY_RESERVE,34.46221923828125,OUTBOUND,-1.0214933156967163,-0.22394303641395488,
1,5.096163272857666,1.0071346759796143,10.57960319519043,9.724282264709473,2.8240564970183186,29.63258595126939,-3.9196054935455322,224,3,30,0,,35.08644485473633,OUTBOUND,-1.0821621417999268,-0.20888847595928334,
0,5.123877048492432,1.007428526878357,9.893912315368652,8.982705116271973,2.8375520440167747,29.620287875350073,-3.8678791522979736,225,3,31,1,NOMINAL_OUTSIDE_CERTIFIED_SET,35.10262680053711,OUTBOUND,-1.158320426940918,-0.22930599635378385,
0,5.209434509277344,1.007722020149231,10.016365051269531,9.034841537475586,2.8489525400218554,29.60797701840711,-3.8807878494262695,226,3,32,1,INSUFFICIENT_RECOVERY_RESERVE,35.955902099609375,OUTBOUND,-1.2257766723632812,-0.2486776782692589,
0,5.251667499542236,1.0080145597457886,9.77972412109375,8.758428573608398,2.8608963919978123,29.59568167684298,-3.8606386184692383,227,3,33,1,NOMINAL_OUTSIDE_CERTIFIED_SET,36.96399688720703,OUTBOUND,-1.2855944633483887,-0.26637608022640946,
0,5.365564823150635,1.0083069801330566,9.111883163452148,8.004561424255371,2.870517143019242,29.58336713345875,-3.8824386596679688,228,3,34,1,INSUFFICIENT_RECOVERY_RESERVE,36.88847351074219,OUTBOUND,-1.3739783763885498,-0.2830343028240033,
0,5.481601715087891,1.0085997581481934,8.740530014038086,7.5661468505859375,2.880940493021626,29.571085939590862,-3.9043312072753906,229,3,35,1,INSUFFICIENT_RECOVERY_RESERVE,37.90895462036133,OUTBOUND,-1.463852047920227,-0.26215871771160604,
0,5.555527687072754,1.0088931322097778,8.154973983764648,6.991879463195801,2.8925242889963556,29.55881520782052,-3.908102035522461,230,3,36,1,NOMINAL_OUTSIDE_CERTIFIED_SET,36.462890625,OUTBOUND,-1.5304670333862305,-0.2773172583564531,
0,5.647904872894287,1.009186863899231,8.335512161254883,7.035394668579102,2.9031613240076695,29.546517266760727,-3.9096593856811523,231,3,37,1,INSUFFICIENT_RECOVERY_RESERVE,39.275108337402344,OUTBOUND,-1.6159892082214355,-0.29163879165762197,
1,5.736993789672852,1.0094808340072632,7.84537410736084,6.570242881774902,2.995101459993748,29.5342633978899,-3.90128755569458,232,3,38,0,,38.72291564941406,OUTBOUND,-1.7090644836425781,-0.2776183106872332,
0,5.804020881652832,1.0097748041152954,7.529001235961914,6.179712772369385,3.007294990995433,29.52197926988441,-3.888343095779419,233,3,39,1,NOMINAL_OUTSIDE_CERTIFIED_SET,38.885467529296875,OUTBOUND,-1.7860608100891113,-0.3026645237403671,
0,5.943069934844971,1.0100692510604858,7.229227542877197,5.7728681564331055,3.017970418004552,29.509674921566532,-3.9134087562561035,234,3,40,1,INSUFFICIENT_RECOVERY_RESERVE,39.9921760559082,OUTBOUND,-1.8952338695526123,-0.3170758811752038,
0,5.985196590423584,1.0103634595870972,6.726548194885254,5.316262245178223,3.0294469590007793,29.497385965708823,-3.8748867511749268,235,3,41,1,NOMINAL_OUTSIDE_CERTIFIED_SET,38.65950012207031,OUTBOUND,-1.9721797704696655,-0.3302979594961376,
0,6.1359028816223145,1.0106580257415771,6.334986209869385,4.848618030548096,3.0389885710028466,29.485068318039286,-3.908156394958496,236,3,42,1,INSUFFICIENT_RECOVERY_RESERVE,39.55153274536133,OUTBOUND,-2.083238124847412,-0.3427903833917092,
0,6.255784034729004,1.010953426361084,6.020370006561279,4.509163856506348,3.0506502850039396,29.472784316373428,-3.92297625541687,237,3,43,1,INSUFFICIENT_RECOVERY_RESERVE,39.62181854248047,OUTBOUND,-2.184643030166626,-0.3144808414688682,
1,6.324118614196777,1.0112485885620117,5.612778663635254,4.135042190551758,3.0620711829978973,29.460538769062236,-3.8825907707214355,238,3,44,0,,37.226016998291016,OUTBOUND,-2.2887074947357178,-0.2888496292434132,
1,6.462592601776123,1.011544108390808,5.137014389038086,3.65881085395813,3.073804935993394,29.448288005622633,-3.905898332595825,239,3,45,0,,37.309326171875,OUTBOUND,-2.3999810218811035,-0.2665085828444671,
0,6.620123863220215,1.011841058731079,4.948497772216797,3.3913464546203613,3.0881344150111545,29.435978416634395,-3.9465179443359375,240,3,46,1,NOMINAL_OUTSIDE_CERTIFIED_SET,38.89619064331055,OUTBOUND,-2.512448787689209,-0.29105005808441,
0,6.713787078857422,1.0121387243270874,4.345828533172607,2.884882688522339,3.097733254020568,29.423668512038443,-3.929373025894165,241,3,47,1,INSUFFICIENT_RECOVERY_RESERVE,35.70907974243164,OUTBOUND,-2.6221776008605957,-0.31296749641129784,
0,6.823756217956543,1.0124365091323853,3.9625487327575684,2.46976900100708,3.109032092994312,29.41137500477156,-3.9021031856536865,242,3,48,1,NOMINAL_OUTSIDE_CERTIFIED_SET,35.84498977661133,OUTBOUND,-2.7534267902374268,-0.3311486656466849,
0,6.953563213348389,1.0127345323562622,3.567016124725342,2.223053216934204,3.12232641200535,29.39908539671109,-3.911163568496704,243,3,49,1,NOMINAL_OUTSIDE_CERTIFIED_SET,31.67083740234375,OUTBOUND,-2.8716230392456055,-0.38116677677612326,
0,7.082181930541992,1.0130327939987183,3.33408260345459,1.8723373413085938,3.1332322290109005,29.386787776704278,-3.9076132774353027,244,3,50,1,NO_GENERATOR_SET,34.352901458740234,OUTBOUND,-3.0024538040161133,-0.4063870255514262,
0,7.210207462310791,1.0133318901062012,3.1701889038085938,1.8306024074554443,3.22568204801064,29.374480215334373,-3.934901475906372,245,3,51,1,NO_GENERATOR_SET,30.875444412231445,OUTBOUND,-3.1000051498413086,-0.4117634769987163,
0,7.341707706451416,1.0136314630508423,2.6461334228515625,1.2966524362564087,3.236959255998954,29.362172884421778,-3.9175987243652344,246,3,52,1,NO_GENERATOR_SET,31.47784996032715,OUTBOUND,-3.244249105453491,-0.4017956722544511,
0,7.497507572174072,1.0139316320419312,2.3330936431884766,1.1248438358306885,3.2512911439989693,29.349875363834684,-3.930644989013672,247,3,53,1,NOMINAL_OUTSIDE_CERTIFIED_SET,27.815690994262695,OUTBOUND,-3.390085458755493,-0.3805060700633958,
1,7.490431785583496,1.0142300128936768,2.1512606143951416,1.0055049657821655,3.2636849929986056,29.33760082948459,-3.8430328369140625,248,3,54,0,,27.03462791442871,OUTBOUND,-3.46885347366333,-0.3577986238826674,
0,7.689446449279785,1.0145277976989746,1.6619350910186768,0.5909314155578613,3.276302801008569,29.325318523333237,-3.870465040206909,249,3,55,1,NOMINAL_OUTSIDE_CERTIFIED_SET,25.400983810424805,OUTBOUND,-3.6386029720306396,-0.32907242188745073,
1,7.805996417999268,1.0148253440856934,1.646522045135498,0.6786363124847412,3.289807865017792,29.313093685951305,-3.892622709274292,250,3,56,0,,23.122024536132812,OUTBOUND,-3.7307894229888916,-0.30558897458588513,
0,7.941717147827148,1.0151236057281494,1.3818799257278442,0.7012714147567749,3.3015747650060803,29.300855633818625,-3.9146785736083984,251,3,57,1,NOMINAL_OUTSIDE_CERTIFIED_SET,16.866621017456055,OUTBOUND,-3.850846767425537,-0.2771919314668047,
0,8.079092025756836,1.0154228210449219,1.1740401983261108,0.48075684905052185,3.3125551080156583,29.288657521355915,-3.9343883991241455,252,3,58,1,NOMINAL_OUTSIDE_CERTIFIED_SET,17.678831100463867,OUTBOUND,-3.9718780517578125,-0.2303240878457928,
1,8.156026840209961,1.0157216787338257,0.7982389330863953,0.20265382528305054,3.327908400009619,29.276511192488215,-3.8854358196258545,253,3,59,0,,16.081640243530273,OUTBOUND,-4.101442337036133,-0.22131424310116052,
0,8.274127960205078,1.0160208940505981,0.6253080368041992,0.12555569410324097,3.3395058019959833,29.264316631919733,-3.9105448722839355,254,3,60,1,NOMINAL_OUTSIDE_CERTIFIED_SET,14.691323280334473,OUTBOUND,-4.19658088684082,-0.2069916670954989,
1,8.38659954071045,1.016320824623108,0.6832860708236694,0.3030117154121399,3.351442520011915,29.25216809694499,-3.9248788356781006,255,3,61,0,,12.178189277648926,OUTBOUND,-4.302496910095215,-0.14814380728441956,
0,8.481504440307617,1.0166213512420654,0.3832308351993561,0.14928464591503143,3.4465115400089417,29.24007236127857,-3.920599937438965,256,3,62,1,NOMINAL_OUTSIDE_CERTIFIED_SET,10.133899688720703,FAILURE,-4.409371852874756,-0.09966869653712197,
1,8.523492813110352,1.0169214010238647,0.4793197810649872,0.3681994676589966,3.464464226999553,29.987988465326538,-3.8866665363311768,257,4,1,0,,8.130562782287598,OUTBOUND,-4.493153095245361,-0.029712257080838467,
0,8.57906436920166,1.0172213315963745,0.8828186988830566,0.8984392881393433,3.476398522994714,29.97592505056953,-3.896568775177002,258,4,2,1,NOMINAL_OUTSIDE_CERTIFIED_SET,7.57709264755249,OUTBOUND,-4.549502372741699,-0.04350491823255304,
0,8.627820014953613,1.017519474029541,0.11513115465641022,0.14205901324748993,3.487755459995242,29.963834373246005,-3.831970691680908,259,4,3,1,NOMINAL_OUTSIDE_CERTIFIED_SET,7.295251369476318,OUTBOUND,-4.675668716430664,-0.03324096138053485,
0,8.71023178100586,1.0178180932998657,0.09047356247901917,0.11948797106742859,3.500977720017545,29.951714857109764,-3.9113924503326416,260,4,4,1,NOMINAL_OUTSIDE_CERTIFIED_SET,6.406546592712402,OUTBOUND,-4.683903217315674,-0.025849456484147357,
0,8.760845184326172,1.018117070198059,0.15087269246578217,0.2535301148891449,3.512658417021157,29.93956508221832,-3.901610851287842,261,4,5,1,NOMINAL_OUTSIDE_CERTIFIED_SET,7.405585765838623,OUTBOUND,-4.755245208740234,-0.021712620106920082,
0,8.797553062438965,1.0184165239334106,0.06165587529540062,0.17422927916049957,3.5248139670002274,29.927383796952242,-3.9092111587524414,262,4,6,1,NOMINAL_OUTSIDE_CERTIFIED_SET,7.654543876647949,OUTBOUND,-4.792129039764404,-0.021201363415225702,
0,8.766191482543945,1.018715500831604,0.4285253882408142,0.5885701179504395,3.5376782880048268,29.915169142241194,-3.8798232078552246,263,4,7,1,NOMINAL_OUTSIDE_CERTIFIED_SET,10.926169395446777,OUTBOUND,-4.800240516662598,-0.024684292939695374,
0,8.756261825561523,1.019014596939087,0.6654213070869446,0.771335780620575,3.5501987370080315,29.90291608521353,-3.8927290439605713,264,4,8,1,NOMINAL_OUTSIDE_CERTIFIED_SET,10.61170482635498,OUTBOUND,-4.781682014465332,-0.03253170390095856,
0,8.840391159057617,1.0193145275115967,0.4164436161518097,0.5252758264541626,3.5646011359931435,29.890625349146593,-3.923485517501831,265,4,9,1,NOMINAL_OUTSIDE_CERTIFIED_SET,11.46812915802002,OUTBOUND,-4.8477067947387695,-0.04511473878601995,
0,8.812140464782715,1.0196150541305542,0.44055163860321045,0.517000675201416,3.574447354010772,29.878308938805436,-3.912423849105835,266,4,10,1,INSUFFICIENT_RECOVERY_RESERVE,12.018540382385254,OUTBOUND,-4.830613613128662,-0.056516508913996226,
0,8.796541213989258,1.0199164152145386,0.7652204036712646,0.7903873920440674,3.584421583014773,29.86602605928703,-3.9284040927886963,267,4,11,1,INSUFFICIENT_RECOVERY_RESERVE,11.653671264648438,OUTBOUND,-4.78959321975708,-0.06148873626210665,
0,8.786187171936035,1.0202178955078125,0.461919903755188,0.48189425468444824,3.5972709310008213,29.85375437084242,-3.8997912406921387,268,4,12,1,NOMINAL_OUTSIDE_CERTIFIED_SET,9.804829597473145,OUTBOUND,-4.810307502746582,-0.07195331791460112,
0,8.826562881469727,1.0205200910568237,0.17159870266914368,0.18730974197387695,3.6078582259942777,29.841460222153664,-3.924374580383301,269,4,13,1,INSUFFICIENT_RECOVERY_RESERVE,8.952950477600098,OUTBOUND,-4.819927215576172,-0.08274489603784298,
0,8.837625503540039,1.0208230018615723,0.49487000703811646,0.4410281777381897,3.619975781009998,29.829179581525278,-3.926114559173584,270,4,14,1,NOMINAL_OUTSIDE_CERTIFIED_SET,10.33115291595459,OUTBOUND,-4.829787254333496,-0.09420253332932474,
0,8.877939224243164,1.021127462387085,0.47954240441322327,0.40521949529647827,3.7078497619950213,29.81687560525985,-3.9584078788757324,271,4,15,1,INSUFFICIENT_RECOVERY_RESERVE,10.16041374206543,OUTBOUND,-4.841121673583984,-0.10586885396409207,
0,8.852484703063965,1.021432876586914,0.5085985660552979,0.42575255036354065,3.720165575010469,29.804587225368905,-3.9384984970092773,272,4,16,1,NOMINAL_OUTSIDE_CERTIFIED_SET,10.091033935546875,OUTBOUND,-4.840734958648682,-0.11805092720285588,
0,8.790548324584961,1.021737813949585,0.4336954355239868,0.35797005891799927,3.7294168609951157,29.792274619548174,-3.9012885093688965,273,4,17,1,INSUFFICIENT_RECOVERY_RESERVE,7.749118328094482,OUTBOUND,-4.820260047912598,-0.1303355031786884,
0,8.755105972290039,1.0220422744750977,0.5202874541282654,0.42778638005256653,3.7420167590025812,29.77997949741548,-3.8865535259246826,274,4,18,1,NOMINAL_OUTSIDE_CERTIFIED_SET,9.490880966186523,OUTBOUND,-4.801412582397461,-0.14299781554763363,
0,8.772602081298828,1.0223466157913208,0.450469434261322,0.39009180665016174,3.7512970459938515,29.767659258316986,-3.9075403213500977,275,4,19,1,INSUFFICIENT_RECOVERY_RESERVE,6.0160908699035645,OUTBOUND,-4.800530433654785,-0.1556686955381838,
0,8.75860595703125,1.022650957107544,0.10309422761201859,0.12866303324699402,3.7608931080030743,29.755373000242777,-3.9071719646453857,276,4,20,1,INSUFFICIENT_RECOVERY_RESERVE,3.4373362064361572,OUTBOUND,-4.783171653747559,-0.15013904134006337,
1,8.780902862548828,1.0229570865631104,0.07938691228628159,0.07250357419252396,3.774079723021714,29.743115838814344,-3.965886116027832,277,4,21,0,,3.7794573307037354,OUTBOUND,-4.743049621582031,-0.13340960728257792,
0,8.673266410827637,1.02326238155365,0.4492811858654022,0.40184134244918823,3.785849958017934,29.730851210942422,-3.8859477043151855,278,4,22,1,NOMINAL_OUTSIDE_CERTIFIED_SET,5.00012731552124,OUTBOUND,-4.719563961029053,-0.13787855500317986,
1,8.642868041992188,1.0235663652420044,0.08960255235433578,0.09400273859500885,3.7970652140211314,29.718571573233206,-3.863940715789795,279,4,23,0,,3.237565279006958,OUTBOUND,-4.710281848907471,-0.185559954422505,
0,8.693351745605469,1.0238710641860962,0.37743672728538513,0.4029083251953125,3.80786966701271,29.706276482739625,-3.927759885787964,280,4,24,1,INSUFFICIENT_RECOVERY_RESERVE,3.8365273475646973,OUTBOUND,-4.693134307861328,-0.20808306735102783,
0,8.664785385131836,1.0241764783859253,0.37677863240242004,0.39337417483329773,3.819519198004855,29.69399366323478,-3.9300005435943604,281,4,25,1,NOMINAL_OUTSIDE_CERTIFIED_SET,3.2771031856536865,OUTBOUND,-4.6579413414001465,-0.2143615618290297,
0,8.63615894317627,1.0244821310043335,0.35385626554489136,0.3691618740558624,3.8288171460153535,29.681693322264877,-3.916881799697876,282,4,26,1,INSUFFICIENT_RECOVERY_RESERVE,3.399993419647217,OUTBOUND,-4.641971588134766,-0.22110083883540876,
0,8.600011825561523,1.0247873067855835,0.37391775846481323,0.40620869398117065,3.843643318017712,29.669407030301855,-3.8961145877838135,283,4,27,1,NOMINAL_OUTSIDE_CERTIFIED_SET,3.6464178562164307,OUTBOUND,-4.623851299285889,-0.22870171993760055,
0,8.578349113464355,1.0250918865203857,0.4176577031612396,0.43721532821655273,3.951498125999933,29.65710121649243,-3.8801229000091553,284,4,28,1,INSUFFICIENT_RECOVERY_RESERVE,3.7568154335021973,OUTBOUND,-4.616026401519775,-0.23659396023453266,
0,8.651679039001465,1.0253980159759521,0.4015776515007019,0.4185245931148529,3.96294607501477,29.644811168032238,-3.9615120887756348,285,4,29,1,NOMINAL_OUTSIDE_CERTIFIED_SET,3.0196619033813477,OUTBOUND,-4.60171365737915,-0.24527825798338604,
0,8.63772964477539,1.0257056951522827,0.15368831157684326,0.21115358173847198,3.9734650830214377,29.632499684687087,-3.9618544578552246,286,4,30,1,INSUFFICIENT_RECOVERY_RESERVE,6.4457902908325195,OUTBOUND,-4.58182430267334,-0.2540975977821127,
0,8.623022079467773,1.0260138511657715,0.0739162489771843,0.11019352823495865,3.9843819359957706,29.6202212247826,-3.927410364151001,287,4,31,1,INSUFFICIENT_RECOVERY_RESERVE,4.81060791015625,OUTBOUND,-4.597226619720459,-0.23659327407512315,
1,8.591924667358398,1.0263220071792603,0.37211769819259644,0.40279489755630493,3.99792557200999,29.60796630620879,-3.920764446258545,288,4,32,0,,4.159857273101807,OUTBOUND,-4.571316242218018,-0.20522483139840944,
1,8.619942665100098,1.0266305208206177,0.1271163672208786,0.15416479110717773,4.013821861008182,29.59571492652979,-3.925844669342041,289,4,33,0,,6.830743789672852,OUTBOUND,-4.589991569519043,-0.16987216279018474,
1,8.605432510375977,1.0269391536712646,0.18883109092712402,0.22373953461647034,4.025911613018252,29.583495294716666,-3.9180080890655518,290,4,34,0,,6.410085201263428,OUTBOUND,-4.577740669250488,-0.14838893255545368,
0,8.625219345092773,1.0272473096847534,0.6703876852989197,0.6561099290847778,4.03757486701943,29.57122132748705,-3.907207489013672,291,4,35,1,NOMINAL_OUTSIDE_CERTIFIED_SET,1.3000224828720093,OUTBOUND,-4.603243827819824,-0.16824547720605967,
0,8.578203201293945,1.0275535583496094,0.7350201606750488,0.7243073582649231,4.051213532016845,29.558927556838864,-3.8472328186035156,292,4,36,1,NOMINAL_OUTSIDE_CERTIFIED_SET,0.7149161696434021,OUTBOUND,-4.619259834289551,-0.2246468599279675,
0,8.659072875976562,1.0278607606887817,0.7126033306121826,0.7013161182403564,4.062307289015735,29.546627618644536,-3.938512086868286,293,4,37,1,INSUFFICIENT_RECOVERY_RESERVE,1.9284552335739136,OUTBOUND,-4.600032329559326,-0.24384033041463118,
0,8.66418743133545,1.0281680822372437,0.6969113945960999,0.6783018112182617,4.0744662070064805,29.53433928755736,-3.917775869369507,294,4,38,1,NOMINAL_OUTSIDE_CERTIFIED_SET,2.963043451309204,OUTBOUND,-4.625791072845459,-0.2619008621692925,
0,8.643310546875,1.0284743309020996,0.09499981999397278,0.09026986360549927,4.1603747729968745,29.52204050230983,-3.8728582859039307,295,4,39,1,INSUFFICIENT_RECOVERY_RESERVE,6.824110984802246,OUTBOUND,-4.646289348602295,-0.2787887716731205,
0,8.687342643737793,1.0287798643112183,0.10539262741804123,0.0921798050403595,4.173393239994766,29.50975487521689,-3.8860177993774414,296,4,40,1,NOMINAL_OUTSIDE_CERTIFIED_SET,6.500968933105469,OUTBOUND,-4.670350551605225,-0.29457124359190856,
0,8.682841300964355,1.0290851593017578,0.4165889322757721,0.4045952558517456,4.184198553994065,29.497452930219136,-3.8923754692077637,297,4,41,1,INSUFFICIENT_RECOVERY_RESERVE,5.302821636199951,OUTBOUND,-4.65696907043457,-0.30938756214079777,
1,8.719112396240234,1.029389500617981,0.4099526107311249,0.38484257459640503,4.196684949012706,29.485191268304458,-3.8717849254608154,298,4,42,0,,4.849204063415527,OUTBOUND,-4.713067054748535,-0.3133663663309125,
0,8.73801040649414,1.0296937227249146,1.021799921989441,0.9992356300354004,4.20579942400218,29.472893651104418,-3.8933653831481934,299,4,43,1,INSUFFICIENT_RECOVERY_RESERVE,1.1983757019042969,OUTBOUND,-4.709456443786621,-0.316764309562774,
0,8.764749526977539,1.02999746799469,0.4236971139907837,0.39880383014678955,4.219610194006236,29.460609168484126,-3.884763717651367,300,4,44,1,NOMINAL_OUTSIDE_CERTIFIED_SET,4.939952373504639,OUTBOUND,-4.744167327880859,-0.32790551089926384,
0,8.828821182250977,1.0303020477294922,0.7218043804168701,0.6936162710189819,4.230752856004983,29.448301207656996,-3.917877435684204,301,4,45,1,INSUFFICIENT_RECOVERY_RESERVE,1.9910871982574463,OUTBOUND,-4.776641845703125,-0.3385268014233117,
0,8.83005142211914,1.030606746673584,0.11625496298074722,0.09130258858203888,4.243483016995015,29.43600859613414,-3.905482292175293,302,4,46,1,NOMINAL_OUTSIDE_CERTIFIED_SET,5.691414833068848,OUTBOUND,-4.786311626434326,-0.34872044200937646,
0,8.857361793518066,1.0309113264083862,0.1399664580821991,0.1329127699136734,4.256286912015639,29.423692187878174,-3.8945798873901367,303,4,47,1,INSUFFICIENT_RECOVERY_RESERVE,3.6476047039031982,OUTBOUND,-4.825928211212158,-0.3584684502103089,
1,8.842750549316406,1.0312159061431885,0.74174565076828,0.7181935906410217,4.269183305994375,29.411410454709383,-3.89512038230896,304,4,48,0,,2.4733736515045166,OUTBOUND,-4.808966636657715,-0.32745470208975763,
0,8.922933578491211,1.0315216779708862,0.3924841284751892,0.38198259472846985,4.280798966996372,29.39913561224104,-3.9364147186279297,305,4,49,1,NOMINAL_OUTSIDE_CERTIFIED_SET,2.3325657844543457,OUTBOUND,-4.845245838165283,-0.3362237883909257,
0,8.901742935180664,1.031827449798584,0.11455941200256348,0.10982327163219452,4.293461918015964,29.3868515648245,-3.8961310386657715,306,4,50,1,NOMINAL_OUTSIDE_CERTIFIED_SET,5.767184257507324,OUTBOUND,-4.866236209869385,-0.372902636608528,
0,8.940313339233398,1.0321341753005981,0.418001264333725,0.41283753514289856,4.30445502200746,29.37456011549454,-3.9370062351226807,307,4,51,1,NOMINAL_OUTSIDE_CERTIFIED_SET,2.260981559753418,OUTBOUND,-4.857950687408447,-0.38867200679051084,
0,8.984664916992188,1.0324420928955078,0.08133257925510406,0.07766864448785782,4.316085771017242,29.362267390819326,-3.9393763542175293,308,4,52,1,NOMINAL_OUTSIDE_CERTIFIED_SET,4.751442909240723,OUTBOUND,-4.8991899490356445,-0.38785588887223976,
0,8.996684074401855,1.0327507257461548,0.4031851887702942,0.4024038314819336,4.329245846020058,29.349981017856695,-3.9277589321136475,309,4,53,1,NOMINAL_OUTSIDE_CERTIFIED_SET,0.9649397730827332,OUTBOUND,-4.923669815063477,-0.37432703503273046,
1,8.960212707519531,1.033058524131775,0.3997296988964081,0.39274877309799194,4.34177810701658,29.33771307874069,-3.8834900856018066,310,4,54,0,,1.2581613063812256,OUTBOUND,-4.936179161071777,-0.3559101955308862,
0,9.038057327270508,1.03336763381958,0.42990902066230774,0.41957297921180725,4.431166712020058,29.325419094214137,-3.9500784873962402,311,4,55,1,NOMINAL_OUTSIDE_CERTIFIED_SET,3.415283203125,OUTBOUND,-4.941835880279541,-0.33056627224189494,
0,9.017319679260254,1.0336765050888062,0.4177623689174652,0.4177899956703186,4.451460309996037,29.3131607654105,-3.9015707969665527,312,4,56,1,NOMINAL_OUTSIDE_CERTIFIED_SET,1.1418520212173462,OUTBOUND,-4.9700775146484375,-0.29580354927327857,
0,9.01290512084961,1.0339851379394531,0.08434148132801056,0.09087926149368286,4.467608944018139,29.300938858879356,-3.900329113006592,313,4,57,1,NOMINAL_OUTSIDE_CERTIFIED_SET,3.8466408252716064,OUTBOUND,-4.9640278816223145,-0.25944588768857174,
0,9.019233703613281,1.0342931747436523,0.44384151697158813,0.45154082775115967,4.483676527015632,29.28875248989584,-3.8853650093078613,314,4,58,1,NOMINAL_OUTSIDE_CERTIFIED_SET,0.6834691762924194,OUTBOUND,-4.987290859222412,-0.22326284173916838,
0,9.13504409790039,1.034602403640747,0.07200334221124649,0.0844341292977333,4.500081734993728,29.27659742519554,-3.9454920291900635,315,4,59,1,NOMINAL_OUTSIDE_CERTIFIED_SET,0.9379855394363403,OUTBOUND,-5.04088020324707,-0.18857438421562164,
1,9.049276351928711,1.0349105596542358,0.7913610339164734,0.770251989364624,4.512133864016505,29.264457487883494,-3.8745265007019043,316,4,60,0,,1.3669381141662598,OUTBOUND,-5.026902675628662,-0.1732651257233971,
0,9.105393409729004,1.0352187156677246,0.15510904788970947,0.15922902524471283,4.525247868994484,29.252322545261194,-3.903491735458374,317,4,61,1,NOMINAL_OUTSIDE_CERTIFIED_SET,1.8307386636734009,OUTBOUND,-5.055398464202881,-0.15582375499490922,
0,9.111790657043457,1.0355266332626343,0.07431846857070923,0.08883516490459442,4.537361563008744,29.24021966584204,-3.8999598026275635,318,4,62,1,NOMINAL_OUTSIDE_CERTIFIED_SET,2.5074501037597656,OUTBOUND,-5.06252384185791,-0.12063507809682396,
0,9.115644454956055,1.035834789276123,0.7587063908576965,0.7350189089775085,4.548691678006435,29.228144074830908,-3.907156229019165,319,4,63,1,NOMINAL_OUTSIDE_CERTIFIED_SET,2.083808183670044,FAILURE,-5.059910774230957,-0.0906392067101669,
0,9.185230255126953,1.0361442565917969,0.41954129934310913,0.41603925824165344,4.566363371995976,29.9879676,-3.9476699829101562,320,5,1,1,NOMINAL_OUTSIDE_CERTIFIED_SET,1.1906077861785889,OUTBOUND,-5.08872652053833,-0.010144776818907505,
0,9.129127502441406,1.0364532470703125,0.41839274764060974,0.41928666830062866,4.578941995016066,29.9758992,-3.8896074295043945,321,5,2,1,NOMINAL_OUTSIDE_CERTIFIED_SET,1.5213747024536133,OUTBOUND,-5.089978218078613,-0.010487473575987347,
0,9.110567092895508,1.036760687828064,0.41912969946861267,0.4164980351924896,4.591476457018871,29.963794800000002,-3.859281063079834,322,5,3,1,NOMINAL_OUTSIDE_CERTIFIED_SET,0.68577641248703,OUTBOUND,-5.103116035461426,-0.011710406835350273,
0,9.106240272521973,1.0370666980743408,0.7843335866928101,0.7691262364387512,4.60457846801728,29.951654400000002,-3.851391077041626,323,5,4,1,NOMINAL_OUTSIDE_CERTIFIED_SET,1.5825490951538086,OUTBOUND,-5.110666275024414,-0.014399984101813035,
0,9.151657104492188,1.0373725891113281,0.7836710810661316,0.7533584237098694,4.693103678000625,29.939478,-3.8938920497894287,324,5,5,1,NOMINAL_OUTSIDE_CERTIFIED_SET,4.085454940795898,OUTBOUND,-5.110918045043945,-0.01914119308193565,
0,9.169268608093262,1.037678599357605,0.4236220717430115,0.42545750737190247,4.705933702993207,29.927265600000002,-3.897200107574463,325,5,6,1,NOMINAL_OUTSIDE_CERTIFIED_SET,0.99312424659729,OUTBOUND,-5.12484073638916,-0.026515450871577688,
1,9.172931671142578,1.0379847288131714,0.4195362329483032,0.41435620188713074,4.717701401998056,29.915040830378302,-3.8934402465820312,326,5,7,0,,0.8282183408737183,OUTBOUND,-5.131973743438721,-0.05180316216506825,
0,9.117951393127441,1.038289189338684,0.41826900839805603,0.41359278559684753,4.729681230994174,29.902763061275543,-3.8447227478027344,327,5,8,1,NOMINAL_OUTSIDE_CERTIFIED_SET,1.2865488529205322,OUTBOUND,-5.1272759437561035,-0.0741269669064573,
0,9.214529037475586,1.0385950803756714,0.06266962736845016,0.07827943563461304,4.742146717995638,29.8904562199217,-3.931891679763794,328,5,9,1,NOMINAL_OUTSIDE_CERTIFIED_SET,5.082586288452148,OUTBOUND,-5.126248359680176,-0.08098023669705638,
0,9.221479415893555,1.0389020442962646,0.4455142617225647,0.4440508186817169,4.751869853003882,29.878130112411146,-3.928164482116699,329,5,10,1,INSUFFICIENT_RECOVERY_RESERVE,1.8109769821166992,OUTBOUND,-5.135175704956055,-0.08819242686681318,
0,9.2404146194458,1.0392104387283325,0.08736542612314224,0.10298626124858856,4.76337200801936,29.865838564309097,-3.937939405441284,330,5,11,1,INSUFFICIENT_RECOVERY_RESERVE,5.931396484375,OUTBOUND,-5.142564296722412,-0.09014286685022618,
0,9.248899459838867,1.0395195484161377,0.1132594645023346,0.1263342797756195,4.778589402005309,29.85355923379507,-3.9245307445526123,331,5,12,1,NOMINAL_OUTSIDE_CERTIFIED_SET,5.183007717132568,OUTBOUND,-5.157840728759766,-0.09681094400889341,
0,9.275650024414062,1.0398298501968384,0.07306264340877533,0.08214563876390457,4.788884865003638,29.841262375898772,-3.9394514560699463,332,5,13,1,INSUFFICIENT_RECOVERY_RESERVE,4.242950439453125,OUTBOUND,-5.165265083312988,-0.10418187436649815,
0,9.280630111694336,1.0401407480239868,0.08117124438285828,0.08921534568071365,4.802266865008278,29.82897954118296,-3.9208920001983643,333,5,14,1,NOMINAL_OUTSIDE_CERTIFIED_SET,3.1685917377471924,OUTBOUND,-5.187171936035156,-0.11272175812765999,
0,9.28048038482666,1.0404514074325562,0.4599785804748535,0.4558274745941162,4.812261954997666,29.816676542542098,-3.902153253555298,334,5,15,1,INSUFFICIENT_RECOVERY_RESERVE,1.3992245197296143,OUTBOUND,-5.2064528465271,-0.1217608312107666,
0,9.27814769744873,1.0407617092132568,0.8127037882804871,0.7939388155937195,4.900376133999089,29.804389341544876,-3.8951029777526855,335,5,16,1,NOMINAL_OUTSIDE_CERTIFIED_SET,1.4904136657714844,OUTBOUND,-5.211049556732178,-0.13181428514940977,
0,9.284539222717285,1.0410714149475098,0.8213564157485962,0.8052822351455688,4.910668466007337,29.792074939799555,-3.884647846221924,336,5,17,1,INSUFFICIENT_RECOVERY_RESERVE,2.3512418270111084,OUTBOUND,-5.231559753417969,-0.14218222339920766,
0,9.347735404968262,1.041382074356079,0.43071281909942627,0.4214865565299988,4.9205700989987236,29.779793878045577,-3.9348254203796387,337,5,18,1,INSUFFICIENT_RECOVERY_RESERVE,1.2368154525756836,OUTBOUND,-5.239015579223633,-0.1378660257199847,
0,9.381204605102539,1.041693925857544,0.06189349293708801,0.07104610651731491,4.933246055006748,29.767523861743214,-3.9423468112945557,338,5,19,1,NOMINAL_OUTSIDE_CERTIFIED_SET,4.032686710357666,OUTBOUND,-5.261691093444824,-0.1479172360152906,
0,9.375874519348145,1.042006254196167,0.07180315256118774,0.07730287313461304,4.944464168016566,29.755230097154925,-3.92061448097229,339,5,20,1,INSUFFICIENT_RECOVERY_RESERVE,5.267941951751709,OUTBOUND,-5.276148319244385,-0.15816430705636386,
1,9.312087059020996,1.042316198348999,0.08168233931064606,0.08300819247961044,4.955858646018896,29.74297738592102,-3.835437059402466,340,5,21,0,,4.984389781951904,OUTBOUND,-5.2971720695495605,-0.17117927665685828,
0,9.394423484802246,1.0426262617111206,0.828930675983429,0.8077190518379211,4.969591675995616,29.730679721394203,-3.907987117767334,341,5,22,1,NOMINAL_OUTSIDE_CERTIFIED_SET,1.6398682594299316,OUTBOUND,-5.307326316833496,-0.20036072167793462,
0,9.362842559814453,1.0429344177246094,0.05589448660612106,0.05674128979444504,4.980153923010221,29.718362637358627,-3.8409078121185303,342,5,23,1,INSUFFICIENT_RECOVERY_RESERVE,4.972005844116211,OUTBOUND,-5.341949462890625,-0.20788502934093825,
0,9.479625701904297,1.0432442426681519,0.0755043774843216,0.08504696190357208,4.9895529900095426,29.70607913806655,-3.945758819580078,343,5,24,1,INSUFFICIENT_RECOVERY_RESERVE,1.7650072574615479,OUTBOUND,-5.347819805145264,-0.19592291330497139,
0,9.481476783752441,1.0435547828674316,0.4649636745452881,0.4550555348396301,5.003050188999623,29.69380653680597,-3.9243576526641846,344,5,25,1,NOMINAL_OUTSIDE_CERTIFIED_SET,1.6254445314407349,OUTBOUND,-5.370224952697754,-0.20385459636514394,
0,9.521790504455566,1.0438671112060547,0.4480043649673462,0.44254446029663086,5.013754037005128,29.68151615374603,-3.956843376159668,345,5,26,1,INSUFFICIENT_RECOVERY_RESERVE,0.8992058038711548,OUTBOUND,-5.37833309173584,-0.21206191260023985,
0,9.524892807006836,1.0441800355911255,0.08054669201374054,0.08540453016757965,5.0253183860040735,29.66923865716566,-3.926091432571411,346,5,27,1,NOMINAL_OUTSIDE_CERTIFIED_SET,5.121311664581299,OUTBOUND,-5.410138130187988,-0.22130128033323462,
0,9.528787612915039,1.0444931983947754,0.4827587604522705,0.47154349088668823,5.036159205017611,29.65693688772598,-3.9200501441955566,347,5,28,1,INSUFFICIENT_RECOVERY_RESERVE,2.404782772064209,OUTBOUND,-5.416334629058838,-0.23064113256650265,
0,9.531060218811035,1.0448060035705566,0.44743451476097107,0.43419134616851807,5.0494557339989115,29.64465032626196,-3.8936119079589844,348,5,29,1,NOMINAL_OUTSIDE_CERTIFIED_SET,0.6581120491027832,OUTBOUND,-5.448205947875977,-0.24082398430468893,
0,9.552068710327148,1.0451186895370483,0.05514810234308243,0.06023053452372551,5.061757332005072,29.63233853898839,-3.9080512523651123,349,5,30,1,INSUFFICIENT_RECOVERY_RESERVE,3.682637929916382,OUTBOUND,-5.4523773193359375,-0.25095960359989183,
0,9.582677841186523,1.04543137550354,0.9382150769233704,0.9168896079063416,5.077289553999435,29.62004403524703,-3.908597469329834,350,5,31,1,NOMINAL_OUTSIDE_CERTIFIED_SET,3.1903903484344482,OUTBOUND,-5.485973358154297,-0.2617474504139245,
0,9.556453704833984,1.0457432270050049,0.4872451722621918,0.4817429184913635,5.168557551020058,29.607723669659457,-3.876866102218628,351,5,32,1,INSUFFICIENT_RECOVERY_RESERVE,2.398611068725586,OUTBOUND,-5.487495422363281,-0.2723687329497565,
0,9.57941722869873,1.0460550785064697,0.8948392271995544,0.8806958198547363,5.186151821020758,29.595437289751107,-3.908897876739502,352,5,33,1,INSUFFICIENT_RECOVERY_RESERVE,5.049177169799805,OUTBOUND,-5.484221935272217,-0.2529345013544126,
0,9.59761905670166,1.046366810798645,0.4933580160140991,0.49502989649772644,5.1998044369975105,29.583162925563766,-3.8977084159851074,353,5,34,1,NOMINAL_OUTSIDE_CERTIFIED_SET,1.1599229574203491,OUTBOUND,-5.511237144470215,-0.2639377415459628,
0,9.62971305847168,1.0466793775558472,0.4830561578273773,0.4787861406803131,5.209984992019599,29.570865643513386,-3.9296875,354,5,35,1,INSUFFICIENT_RECOVERY_RESERVE,2.2322998046875,OUTBOUND,-5.507467269897461,-0.2746570315908242,
0,9.668939590454102,1.0469930171966553,0.47493135929107666,0.46993982791900635,5.2220484360004775,29.55858262940652,-3.939507484436035,355,5,36,1,NOMINAL_OUTSIDE_CERTIFIED_SET,0.5896052718162537,OUTBOUND,-5.537440299987793,-0.28579558266053334,
0,9.651227951049805,1.0473074913024902,0.9361503720283508,0.9161825776100159,5.2319491429952905,29.54627553544739,-3.9331130981445312,356,5,37,1,INSUFFICIENT_RECOVERY_RESERVE,4.09602689743042,OUTBOUND,-5.527345180511475,-0.2965892830547353,
0,9.634729385375977,1.0476219654083252,0.9334416389465332,0.9173763990402222,5.245332043996314,29.533984766200884,-3.911853790283203,357,5,38,1,NOMINAL_OUTSIDE_CERTIFIED_SET,1.2386780977249146,OUTBOUND,-5.534818649291992,-0.30766707224183765,
0,9.661486625671387,1.047936201095581,0.04057080298662186,0.048073869198560715,5.2562191630131565,29.521669106873716,-3.9063169956207275,358,5,39,1,INSUFFICIENT_RECOVERY_RESERVE,3.3873114585876465,OUTBOUND,-5.565631866455078,-0.3183573733469317,
0,9.687593460083008,1.0482511520385742,0.045564889907836914,0.05078943073749542,5.26672164601041,29.50938691445926,-3.93074631690979,359,5,40,1,INSUFFICIENT_RECOVERY_RESERVE,4.800044536590576,OUTBOUND,-5.557614326477051,-0.2930267072477112,
1,9.656814575195312,1.0485657453536987,0.11892010271549225,0.13739660382270813,5.279921162000392,29.497147129041334,-3.898538827896118,360,5,41,0,,3.1411569118499756,OUTBOUND,-5.559874534606934,-0.286735996923086,
0,9.681869506835938,1.0488799810409546,0.5043916702270508,0.4949265420436859,5.293766026006779,29.48487220387506,-3.8991644382476807,361,5,42,1,NOMINAL_OUTSIDE_CERTIFIED_SET,1.1317188739776611,OUTBOUND,-5.584437847137451,-0.315657182746046,
0,9.719841957092285,1.0491946935653687,0.5078286528587341,0.5007635354995728,5.30349738500081,29.4725779919673,-3.9245967864990234,362,5,43,1,INSUFFICIENT_RECOVERY_RESERVE,1.4112077951431274,OUTBOUND,-5.592632293701172,-0.32485794681687247,
0,9.705330848693848,1.0495091676712036,0.06575171649456024,0.07582401484251022,5.318101281998679,29.46029727969356,-3.9040098190307617,363,5,44,1,NOMINAL_OUTSIDE_CERTIFIED_SET,6.934606075286865,OUTBOUND,-5.591876983642578,-0.3344342475491632,
0,9.73940658569336,1.0498243570327759,0.9363291263580322,0.9139789342880249,5.328156175004551,29.447995489727248,-3.9301984310150146,364,5,45,1,INSUFFICIENT_RECOVERY_RESERVE,0.8883594870567322,OUTBOUND,-5.603151798248291,-0.3436695584394806,
0,9.753037452697754,1.0501400232315063,0.5553925037384033,0.5515652894973755,5.416631530009909,29.435710874422128,-3.9264965057373047,365,5,46,1,NOMINAL_OUTSIDE_CERTIFIED_SET,1.2926185131072998,OUTBOUND,-5.616415977478027,-0.35255828135342565,
0,9.78619384765625,1.0504565238952637,0.05531853809952736,0.06938846409320831,5.427462149003986,29.423401519648845,-3.9378247261047363,366,5,47,1,INSUFFICIENT_RECOVERY_RESERVE,5.784876823425293,OUTBOUND,-5.635663986206055,-0.3611100229744682,
1,9.773815155029297,1.0507721900939941,0.05154430493712425,0.056776463985443115,5.4386859810038,29.41113572550354,-3.888990640640259,367,5,48,0,,4.365917682647705,OUTBOUND,-5.670353412628174,-0.36018421057380556,
0,9.829115867614746,1.0510879755020142,0.06922218948602676,0.07576160132884979,5.4505360220209695,29.39885784931856,-3.9148054122924805,368,5,49,1,NOMINAL_OUTSIDE_CERTIFIED_SET,6.7713823318481445,OUTBOUND,-5.68931770324707,-0.37643057378079736,
0,9.860136985778809,1.0514039993286133,0.053119659423828125,0.05932898446917534,5.464280962012708,29.386579243166445,-3.92057204246521,369,5,50,1,NOMINAL_OUTSIDE_CERTIFIED_SET,4.902861595153809,OUTBOUND,-5.7119364738464355,-0.37202361296276143,
0,9.796046257019043,1.0517174005508423,0.5308586955070496,0.5263939499855042,5.477932380017592,29.37430722514407,-3.8320837020874023,370,5,51,1,NOMINAL_OUTSIDE_CERTIFIED_SET,1.425126314163208,OUTBOUND,-5.742186546325684,-0.3564231015605105,
0,9.898421287536621,1.0520308017730713,0.5130002498626709,0.5004871487617493,5.4913419549993705,29.36204776520365,-3.899583101272583,371,5,52,1,NOMINAL_OUTSIDE_CERTIFIED_SET,2.188833475112915,OUTBOUND,-5.7714433670043945,-0.3327555039106843,
0,9.947580337524414,1.0523451566696167,0.9882276058197021,0.9635659456253052,5.5039395579951815,29.349805888150065,-3.937647581100464,372,5,53,1,NOMINAL_OUTSIDE_CERTIFIED_SET,2.5853748321533203,OUTBOUND,-5.7826762199401855,-0.30373553751629717,
0,9.930242538452148,1.052659034729004,0.04376162961125374,0.048967476934194565,5.517270539014135,29.33758605220115,-3.88743257522583,373,5,54,1,NOMINAL_OUTSIDE_CERTIFIED_SET,1.8623064756393433,OUTBOUND,-5.820085525512695,-0.27165792021404245,
0,10.017410278320312,1.0529745817184448,0.5595201849937439,0.5530924797058105,5.531462290993659,29.325390927493928,-3.9587244987487793,374,5,55,1,NOMINAL_OUTSIDE_CERTIFIED_SET,0.594822108745575,OUTBOUND,-5.8309736251831055,-0.23840051868980455,
0,9.982637405395508,1.0532901287078857,0.5210439562797546,0.5067525506019592,5.543005531013478,29.31322158559165,-3.9053075313568115,375,5,56,1,NOMINAL_OUTSIDE_CERTIFIED_SET,0.7718692421913147,OUTBOUND,-5.85335636138916,-0.20544273328995322,
0,10.014087677001953,1.053605556488037,0.0929533988237381,0.1014566421508789,5.554750562005211,29.301077791300813,-3.9087729454040527,376,5,57,1,NOMINAL_OUTSIDE_CERTIFIED_SET,1.584172248840332,OUTBOUND,-5.8821797370910645,-0.1738974622455815,
1,10.006340026855469,1.053921103477478,0.5617388486862183,0.5541999340057373,5.642376760020852,29.28896415029294,-3.908284902572632,377,5,58,0,,0.9909871816635132,OUTBOUND,-5.873631954193115,-0.16154580830465648,
0,10.056411743164062,1.0542372465133667,0.06836684793233871,0.07977577298879623,5.655357519019162,29.276815977073532,-3.9313149452209473,378,5,59,1,NOMINAL_OUTSIDE_CERTIFIED_SET,2.7823784351348877,OUTBOUND,-5.897985935211182,-0.14709512901638055,
0,10.065909385681152,1.0545539855957031,1.022719144821167,0.9958418011665344,5.669272583007114,29.264703071286668,-3.9253792762756348,379,5,60,1,NOMINAL_OUTSIDE_CERTIFIED_SET,4.265491008758545,OUTBOUND,-5.922604084014893,-0.11435106547271222,
0,10.012803077697754,1.0548697710037231,1.0372271537780762,1.0177298784255981,5.680595390993403,29.252620123587732,-3.880666494369507,380,5,61,1,NOMINAL_OUTSIDE_CERTIFIED_SET,2.9189090728759766,FAILURE,-5.91407585144043,-0.08624564599102982,
0,10.026529312133789,1.0551851987838745,0.6400593519210815,0.6400156021118164,5.697712281020358,29.9879676,-3.899014472961426,381,6,1,1,NOMINAL_OUTSIDE_CERTIFIED_SET,1.2634639739990234,OUTBOUND,-5.908071041107178,-0.010144776818907505,
0,10.014068603515625,1.0554990768432617,0.04702012613415718,0.05266311764717102,5.709962249995442,29.9758992,-3.858722686767578,382,6,2,1,NOMINAL_OUTSIDE_CERTIFIED_SET,4.8860368728637695,OUTBOUND,-5.93348503112793,-0.010487473575987347,
0,10.122878074645996,1.055814266204834,0.04579796642065048,0.05308537930250168,5.722265823016642,29.963794800000002,-3.9420106410980225,383,6,3,1,NOMINAL_OUTSIDE_CERTIFIED_SET,4.56151819229126,OUTBOUND,-5.948229789733887,-0.011710406835350273,
1,10.06948471069336,1.056128740310669,0.5560427904129028,0.5450009703636169,5.735431301000062,29.95166877034022,-3.8836135864257812,384,6,4,0,,0.47753846645355225,OUTBOUND,-5.958542823791504,0.009561730459788849,
1,10.123538970947266,1.0564438104629517,0.550926148891449,0.542884349822998,5.7474145450105425,29.9395393083449,-3.9209682941436768,385,6,5,0,,0.5330198407173157,OUTBOUND,-5.97284460067749,0.03147552194649612,
0,10.098341941833496,1.0567585229873657,0.10940981656312943,0.12220412492752075,5.761906836007256,29.92736620791597,-3.89115047454834,386,6,6,1,NOMINAL_OUTSIDE_CERTIFIED_SET,3.776412010192871,OUTBOUND,-5.975007057189941,0.020668851862417233,
0,10.090764999389648,1.057072639465332,1.0619624853134155,1.0372103452682495,5.774246734014014,29.91516654904621,-3.8838236331939697,387,6,7,1,NOMINAL_OUTSIDE_CERTIFIED_SET,3.59576678276062,OUTBOUND,-5.979290962219238,0.00032948569823963687,
1,10.076111793518066,1.0573852062225342,0.06934954971075058,0.08095519244670868,5.786359894002089,29.902947733870434,-3.855776071548462,388,6,8,0,,6.864376068115234,OUTBOUND,-5.986641883850098,-0.03458781022376074,
0,10.14546012878418,1.0576982498168945,0.5554572939872742,0.5490617752075195,5.799601220001932,29.890726998606905,-3.9098005294799805,389,6,9,1,NOMINAL_OUTSIDE_CERTIFIED_SET,1.7988954782485962,OUTBOUND,-5.996267318725586,-0.06223910134769087,
0,10.178119659423828,1.058011770248413,0.06014411896467209,0.06876218318939209,5.811925368994707,29.878473844636716,-3.908259868621826,390,6,10,1,NOMINAL_OUTSIDE_CERTIFIED_SET,1.5788556337356567,OUTBOUND,-6.028413772583008,-0.0708086026655169,
1,10.195886611938477,1.0583252906799316,0.04745244234800339,0.05162341892719269,5.823538279015338,29.8662129291007,-3.9014406204223633,391,6,11,0,,3.4876489639282227,OUTBOUND,-6.053466796875,-0.06951424969904463,
1,10.195509910583496,1.058638572692871,1.0756959915161133,1.050218939781189,5.912987649993738,29.853969515046057,-3.887005567550659,392,6,12,0,,4.032436370849609,OUTBOUND,-6.070525646209717,-0.07767304503856373,
1,10.230083465576172,1.0589519739151,0.11017237603664398,0.1223149225115776,5.924709537997842,29.84171965634736,-3.8989810943603516,393,6,13,0,,1.9875767230987549,OUTBOUND,-6.0898966789245605,-0.10825208328629381,
0,10.21485710144043,1.0592657327651978,2.1335809230804443,2.073103666305542,5.93772761701257,29.82941679389854,-3.9076719284057617,394,6,14,1,NOMINAL_OUTSIDE_CERTIFIED_SET,7.512753009796143,OUTBOUND,-6.076372146606445,-0.1270315156010784,
0,10.261457443237305,1.0595804452896118,0.5899611115455627,0.5814035534858704,5.94731824300834,29.817106937346704,-3.92451810836792,395,6,15,1,INSUFFICIENT_RECOVERY_RESERVE,3.271578073501587,OUTBOUND,-6.100367546081543,-0.12891048003740377,
0,10.195916175842285,1.0598945617675781,0.046801116317510605,0.05849491432309151,5.958990156999789,29.804809995978953,-3.8821842670440674,396,6,16,1,NOMINAL_OUTSIDE_CERTIFIED_SET,5.365159034729004,OUTBOUND,-6.073038101196289,-0.13221480923814724,
0,10.260334014892578,1.060209035873413,0.5838819742202759,0.5741496682167053,5.970479450013954,29.792502370353407,-3.9082796573638916,397,6,17,1,INSUFFICIENT_RECOVERY_RESERVE,1.9790754318237305,OUTBOUND,-6.105086803436279,-0.13651002321376177,
0,10.35838508605957,1.0605257749557495,0.6042393445968628,0.5879525542259216,5.9829710430058185,29.780208995263084,-3.9688796997070312,398,6,18,1,NOMINAL_OUTSIDE_CERTIFIED_SET,2.0719761848449707,OUTBOUND,-6.1405415534973145,-0.14223252860237603,
0,10.25871467590332,1.0608421564102173,1.1140785217285156,1.0904723405838013,5.992796823993558,29.76790131741246,-3.890451192855835,399,6,19,1,INSUFFICIENT_RECOVERY_RESERVE,1.1520251035690308,OUTBOUND,-6.1265387535095215,-0.1486949455965822,
0,10.234023094177246,1.061156988143921,1.1256648302078247,1.0990557670593262,6.006636692996835,29.75560930331264,-3.859954833984375,400,6,20,1,NOMINAL_OUTSIDE_CERTIFIED_SET,1.2246841192245483,OUTBOUND,-6.133913993835449,-0.15648098622062198,
0,10.292295455932617,1.0614720582962036,1.1326994895935059,1.1041315793991089,6.016874174994882,29.743297223299162,-3.9013571739196777,401,6,21,1,INSUFFICIENT_RECOVERY_RESERVE,0.8547184467315674,OUTBOUND,-6.144882678985596,-0.1647706977839366,
0,10.340470314025879,1.0617883205413818,0.6004011631011963,0.59067302942276,6.027871749014594,29.731018232731483,-3.9357378482818604,402,6,22,1,INSUFFICIENT_RECOVERY_RESERVE,3.1624178886413574,OUTBOUND,-6.153886318206787,-0.15780486475793237,
0,10.274540901184082,1.062103509902954,1.146043062210083,1.1215966939926147,6.04085444501834,29.718749701680228,-3.8710837364196777,403,6,23,1,NOMINAL_OUTSIDE_CERTIFIED_SET,1.0929601192474365,OUTBOUND,-6.1575422286987305,-0.16627668140565113,
0,10.323829650878906,1.0624186992645264,0.09487397968769073,0.10287726670503616,6.050909304001834,29.706456214059582,-3.899054527282715,404,6,24,1,INSUFFICIENT_RECOVERY_RESERVE,6.719985008239746,OUTBOUND,-6.169673919677734,-0.17507019562149823,
0,10.377820014953613,1.0627347230911255,0.6348940134048462,0.6282398104667664,6.063358790008351,29.69417597300655,-3.920670509338379,405,6,25,1,NOMINAL_OUTSIDE_CERTIFIED_SET,4.464104175567627,OUTBOUND,-6.194382190704346,-0.1849464273499256,
0,10.386444091796875,1.0630515813827515,1.6894001960754395,1.6494499444961548,6.153902471996844,29.68186953845351,-3.9266469478607178,406,6,26,1,INSUFFICIENT_RECOVERY_RESERVE,3.7693777084350586,OUTBOUND,-6.202383995056152,-0.19496255903501644,
0,10.43581771850586,1.0633701086044312,0.08868870139122009,0.08959928900003433,6.166060139017645,29.669578838318078,-3.9509236812591553,407,6,27,1,NOMINAL_OUTSIDE_CERTIFIED_SET,6.836381435394287,OUTBOUND,-6.214395046234131,-0.20584423499959603,
0,10.431294441223145,1.0636887550354004,0.09210573881864548,0.09285237640142441,6.177394341997569,29.657261891554473,-3.9116275310516357,408,6,28,1,INSUFFICIENT_RECOVERY_RESERVE,7.571834564208984,OUTBOUND,-6.247165203094482,-0.2167127842777714,
1,10.426721572875977,1.0640068054199219,0.6596750617027283,0.647022008895874,6.188456277013756,29.644985208016124,-3.891772985458374,409,6,29,0,,3.715442657470703,OUTBOUND,-6.262312412261963,-0.21061262615050846,
0,10.511191368103027,1.0643260478973389,0.07231762260198593,0.07349298894405365,6.2002270680095535,29.632710286178433,-3.9387993812561035,410,6,30,1,NOMINAL_OUTSIDE_CERTIFIED_SET,5.896536350250244,OUTBOUND,-6.291373252868652,-0.22775288855724599,
0,10.502461433410645,1.0646449327468872,0.6423417329788208,0.6293758749961853,6.21146992300055,29.620413659662816,-3.9005260467529297,411,6,31,1,INSUFFICIENT_RECOVERY_RESERVE,0.9020887017250061,OUTBOUND,-6.320303916931152,-0.23715387236766394,
1,10.591712951660156,1.0649645328521729,0.060525067150592804,0.0688832476735115,6.22498982201796,29.608139629718625,-3.924916982650757,412,6,32,0,,3.2221977710723877,OUTBOUND,-6.381741046905518,-0.21219898885972976,
0,10.58078384399414,1.0652837753295898,0.052161455154418945,0.06162766367197037,6.239938459009863,29.595878914741597,-3.902491807937622,413,6,33,1,NOMINAL_OUTSIDE_CERTIFIED_SET,4.941527843475342,OUTBOUND,-6.393128395080566,-0.21531044199147942,
0,10.528944969177246,1.065601110458374,1.2203983068466187,1.1977587938308716,6.254948318994138,29.583584932910178,-3.8467681407928467,414,6,34,1,NOMINAL_OUTSIDE_CERTIFIED_SET,3.4545657634735107,OUTBOUND,-6.405671119689941,-0.2572347944554329,
0,10.6224365234375,1.0659184455871582,1.222640037536621,1.1990129947662354,6.265095773997018,29.571265552554898,-3.9045324325561523,415,6,35,1,INSUFFICIENT_RECOVERY_RESERVE,5.830783843994141,OUTBOUND,-6.4453606605529785,-0.2696098381592504,
0,10.634864807128906,1.0662362575531006,1.2051169872283936,1.1826835870742798,6.276058856019517,29.55898000488991,-3.916358232498169,416,6,36,1,INSUFFICIENT_RECOVERY_RESERVE,4.578105449676514,OUTBOUND,-6.453173637390137,-0.2502208507832128,
1,10.699925422668457,1.0665559768676758,0.645857572555542,0.639278769493103,6.288801918999525,29.54671620405855,-3.9554314613342285,417,6,37,0,,1.1578776836395264,OUTBOUND,-6.476983070373535,-0.25269258493671287,
0,10.663740158081055,1.0668761730194092,1.2236979007720947,1.1920653581619263,6.38194948900491,29.534449588870938,-3.9255542755126953,418,6,38,1,NOMINAL_OUTSIDE_CERTIFIED_SET,2.025135040283203,OUTBOUND,-6.472690582275391,-0.2807256920180346,
0,10.658544540405273,1.0671957731246948,0.646942138671875,0.6335455775260925,6.393578568997327,29.52215171167989,-3.890676975250244,419,6,39,1,NOMINAL_OUTSIDE_CERTIFIED_SET,0.7328374981880188,OUTBOUND,-6.502826690673828,-0.31562579470036833,
0,10.727886199951172,1.067516565322876,0.08881073445081711,0.09447112679481506,6.403492683020886,29.50983372701883,-3.9423670768737793,420,6,40,1,INSUFFICIENT_RECOVERY_RESERVE,2.7313318252563477,OUTBOUND,-6.513214111328125,-0.32136861431152575,
0,10.684179306030273,1.0678378343582153,0.688226580619812,0.6846343874931335,6.4145938380097505,29.49754940674772,-3.924441337585449,421,6,41,1,INSUFFICIENT_RECOVERY_RESERVE,1.2526670694351196,OUTBOUND,-6.492321968078613,-0.2956107221723591,
0,10.685441017150879,1.0681588649749756,0.6647472381591797,0.6520223617553711,6.425914357008878,29.485275867137997,-3.905884265899658,422,6,42,1,NOMINAL_OUTSIDE_CERTIFIED_SET,0.7843538522720337,OUTBOUND,-6.507383823394775,-0.30275822503489674,
0,10.697299003601074,1.068479299545288,0.07167621701955795,0.0782262459397316,6.435473768011434,29.472984122775976,-3.8934738636016846,423,6,43,1,INSUFFICIENT_RECOVERY_RESERVE,5.002763748168945,OUTBOUND,-6.529651641845703,-0.30994099367472,
0,10.691984176635742,1.0687992572784424,1.33993661403656,1.3122766017913818,6.449308909999672,29.460705250387374,-3.8930654525756836,424,6,44,1,NOMINAL_OUTSIDE_CERTIFIED_SET,1.816341757774353,OUTBOUND,-6.528153419494629,-0.31807710771976155,
0,10.72083854675293,1.0691195726394653,0.6735467910766602,0.6670467853546143,6.463134802004788,29.448403837245536,-3.9149134159088135,425,6,45,1,INSUFFICIENT_RECOVERY_RESERVE,3.2608225345611572,OUTBOUND,-6.526167869567871,-0.32610511330886155,
0,10.76494312286377,1.0694408416748047,0.6624943614006042,0.6504467725753784,6.477331057016272,29.43611748218796,-3.940236806869507,426,6,46,1,NOMINAL_OUTSIDE_CERTIFIED_SET,3.1488449573516846,OUTBOUND,-6.539920330047607,-0.33492115517206217,
0,10.783279418945312,1.0697624683380127,0.07620004564523697,0.0827350988984108,6.4884504140063655,29.423804904071364,-3.920334577560425,427,6,47,1,INSUFFICIENT_RECOVERY_RESERVE,7.805985927581787,OUTBOUND,-6.562988758087158,-0.3435126239172756,
0,10.750125885009766,1.070082664489746,0.08301691710948944,0.09330775588750839,6.50095315600629,29.41150959941727,-3.866041421890259,428,6,48,1,NOMINAL_OUTSIDE_CERTIFIED_SET,9.470437049865723,OUTBOUND,-6.582590103149414,-0.3527223134554205,
0,10.789896011352539,1.070401906967163,0.6705023050308228,0.6610561609268188,6.511956180998823,29.39918776184149,-3.8800134658813477,429,6,49,1,INSUFFICIENT_RECOVERY_RESERVE,3.006369113922119,OUTBOUND,-6.608371257781982,-0.3616186497680147,
0,10.852972030639648,1.0707210302352905,0.059628888964653015,0.06516724079847336,6.523919675993966,29.38691085987977,-3.8984780311584473,430,6,50,1,NOMINAL_OUTSIDE_CERTIFIED_SET,5.340231418609619,OUTBOUND,-6.642207622528076,-0.35808647328732807,
0,10.813543319702148,1.0710381269454956,1.2852363586425781,1.2623026371002197,6.5355200660123955,29.3746234575702,-3.842057466506958,431,6,51,1,NOMINAL_OUTSIDE_CERTIFIED_SET,4.656553745269775,OUTBOUND,-6.669355392456055,-0.374173020228839,
0,10.906082153320312,1.0713553428649902,1.3277167081832886,1.3007965087890625,6.5488651630003005,29.362331981829165,-3.899631977081299,432,6,52,1,NO_GENERATOR_SET,4.862914562225342,OUTBOUND,-6.708631992340088,-0.37428420865777057,
0,11.004996299743652,1.0716747045516968,0.06884284317493439,0.06964077800512314,6.560121771006379,29.35004452090931,-3.956801176071167,433,6,53,1,NOMINAL_OUTSIDE_CERTIFIED_SET,3.302053928375244,OUTBOUND,-6.742818355560303,-0.3620456075667377,
0,11.008947372436523,1.0719951391220093,0.07333186268806458,0.08118145167827606,6.649777186015854,29.337768927778946,-3.938992738723755,434,6,54,1,NOMINAL_OUTSIDE_CERTIFIED_SET,4.254880905151367,OUTBOUND,-6.762857913970947,-0.34070941242434966,
0,10.957773208618164,1.0723150968551636,0.7196817398071289,0.709830641746521,6.661990563996369,29.325511748183267,-3.8859119415283203,435,6,55,1,NOMINAL_OUTSIDE_CERTIFIED_SET,2.8115780353546143,OUTBOUND,-6.773582458496094,-0.31313758955221754,
0,11.01684856414795,1.0726356506347656,0.6964594721794128,0.6857934594154358,6.673223980003968,29.313277746026312,-3.926210641860962,436,6,56,1,NOMINAL_OUTSIDE_CERTIFIED_SET,1.1181604862213135,OUTBOUND,-6.7902116775512695,-0.28178035931578155,
0,10.951481819152832,1.0729541778564453,0.0889684408903122,0.09314974397420883,6.685594153997954,29.301069828712706,-3.8415749073028564,437,6,57,1,NOMINAL_OUTSIDE_CERTIFIED_SET,4.765527248382568,OUTBOUND,-6.812430381774902,-0.24866794770307848,
0,11.106064796447754,1.0732753276824951,0.6993061304092407,0.6930336356163025,6.698720433021663,29.288889214505218,-3.974606990814209,438,6,58,1,NOMINAL_OUTSIDE_CERTIFIED_SET,0.898435652256012,OUTBOUND,-6.823376655578613,-0.2154207392194662,
0,11.027602195739746,1.0735965967178345,1.375962257385254,1.3541758060455322,6.710430153994821,29.276735724186253,-3.9108898639678955,439,6,59,1,NOMINAL_OUTSIDE_CERTIFIED_SET,3.1674304008483887,OUTBOUND,-6.82045316696167,-0.18327617942093752,
0,11.077954292297363,1.0739185810089111,0.051355503499507904,0.06382208317518234,6.723707660014043,29.264608115406393,-3.930767059326172,440,6,60,1,NOMINAL_OUTSIDE_CERTIFIED_SET,1.8961812257766724,OUTBOUND,-6.8458967208862305,-0.15312793944383868,
0,11.069049835205078,1.074240803718567,0.7113445997238159,0.7005467414855957,6.736701481015189,29.252504407750962,-3.911205291748047,441,6,61,1,NOMINAL_OUTSIDE_CERTIFIED_SET,0.9708645343780518,OUTBOUND,-6.854736804962158,-0.12557228805451914,
0,11.08011245727539,1.074562668800354,1.3658591508865356,1.3330680131912231,6.752990416018292,29.24042216920297,-3.898495674133301,442,6,62,1,NOMINAL_OUTSIDE_CERTIFIED_SET,5.651087760925293,OUTBOUND,-6.88671875,-0.10095717407649706,
0,11.122871398925781,1.0748852491378784,0.7312079071998596,0.7209315299987793,6.766077681008028,29.228358750824675,-3.929901123046875,443,6,63,1,NOMINAL_OUTSIDE_CERTIFIED_SET,1.529760718345642,FAILURE,-6.894284725189209,-0.07943051255596642,
0,11.097309112548828,1.0752077102661133,0.0677870512008667,0.08113434910774231,6.781938611005899,29.9879676,-3.9032297134399414,444,7,1,1,NOMINAL_OUTSIDE_CERTIFIED_SET,6.575414657592773,OUTBOUND,-6.887392520904541,-0.010144776818907505,
1,11.11600399017334,1.0755301713943481,1.3852647542953491,1.3563034534454346,6.795500284002628,29.97593036632412,-3.909132719039917,445,7,2,0,,3.654287338256836,OUTBOUND,-6.910833358764648,-0.014693867767822675,
0,11.111429214477539,1.0758521556854248,1.3982118368148804,1.375899076461792,6.8077902480144985,29.963850493522003,-3.894042730331421,446,7,3,1,NOMINAL_OUTSIDE_CERTIFIED_SET,5.506027698516846,OUTBOUND,-6.925577640533447,-0.018304881581491916,
1,11.137760162353516,1.0761741399765015,0.055905718356370926,0.06354961544275284,6.897923615004402,29.95176325338953,-3.9049642086029053,447,7,4,0,,4.1761603355407715,OUTBOUND,-6.930403709411621,-0.01544006623489088,
0,11.113506317138672,1.07649564743042,0.7361530065536499,0.7272434234619141,6.910369353019632,29.939661116119424,-3.894082546234131,448,7,5,1,NOMINAL_OUTSIDE_CERTIFIED_SET,2.1040968894958496,OUTBOUND,-6.91604471206665,-0.013757525498064933,
0,11.136734962463379,1.076817274093628,0.7230303287506104,0.7116599082946777,6.92317264500889,29.927525363707456,-3.903913736343384,449,7,6,1,NOMINAL_OUTSIDE_CERTIFIED_SET,1.385523796081543,OUTBOUND,-6.927474498748779,-0.015919164565578514,
0,11.212726593017578,1.0771403312683105,0.10361166298389435,0.11916987597942352,6.93578712301678,29.915355221962812,-3.950686454772949,450,7,7,1,NOMINAL_OUTSIDE_CERTIFIED_SET,6.873730182647705,OUTBOUND,-6.947113037109375,-0.02019448475814639,
1,11.14617919921875,1.0774630308151245,0.10286632180213928,0.11736986041069031,6.948156041995389,29.903168716521154,-3.8947699069976807,451,7,8,0,,7.331082820892334,OUTBOUND,-6.92758846282959,-0.048129519997096575,
0,11.215466499328613,1.0777864456176758,0.7298987507820129,0.7240176200866699,6.9630344140168745,29.890940078679932,-3.9309189319610596,452,7,9,1,NOMINAL_OUTSIDE_CERTIFIED_SET,1.4741032123565674,OUTBOUND,-6.956234931945801,-0.0705912846598388,
0,11.231403350830078,1.078109860420227,0.7495750784873962,0.7435229420661926,6.977119484014111,29.87868323880756,-3.906256914138794,453,7,10,1,NOMINAL_OUTSIDE_CERTIFIED_SET,2.51267671585083,OUTBOUND,-6.999139785766602,-0.06902666797434887,
0,11.198169708251953,1.078431487083435,0.8494220972061157,0.8401110768318176,6.989588349999394,29.86639681794497,-3.854224920272827,454,7,11,1,NOMINAL_OUTSIDE_CERTIFIED_SET,0.954297661781311,OUTBOUND,-7.020100116729736,-0.07344026620726969,
0,11.218389511108398,1.0787521600723267,3.4703900814056396,3.392697811126709,6.999960907007335,29.85409308939261,-3.8772165775299072,455,7,12,1,INSUFFICIENT_RECOVERY_RESERVE,18.44395637512207,OUTBOUND,-7.042387962341309,-0.07926502765479386,
0,11.23471450805664,1.07907235622406,0.09079237282276154,0.10066614300012589,7.012815163994674,29.841804287829195,-3.8865654468536377,456,7,13,1,NOMINAL_OUTSIDE_CERTIFIED_SET,6.59061861038208,OUTBOUND,-7.037120819091797,-0.08649182928103975,
0,11.345224380493164,1.0793949365615845,0.08955077081918716,0.09645175188779831,7.0228985020075925,29.829495833347913,-3.966672420501709,457,7,14,1,INSUFFICIENT_RECOVERY_RESERVE,5.565297603607178,OUTBOUND,-7.054325580596924,-0.09442012360398856,
0,11.314579010009766,1.0797181129455566,0.7561998963356018,0.7441666126251221,7.123178141016979,29.817203962749172,-3.921032667160034,458,7,15,1,NOMINAL_OUTSIDE_CERTIFIED_SET,3.1184725761413574,OUTBOUND,-7.063163757324219,-0.10360068627809288,
0,11.332388877868652,1.080041527748108,0.06922943890094757,0.07290653884410858,7.133597186009865,29.80488690996545,-3.9143483638763428,459,7,16,1,INSUFFICIENT_RECOVERY_RESERVE,7.013869762420654,OUTBOUND,-7.08739709854126,-0.11326519826167294,
0,11.373043060302734,1.0803658962249756,0.8888210654258728,0.8804339170455933,7.144010429008631,29.7926034919295,-3.932374954223633,460,7,17,1,INSUFFICIENT_RECOVERY_RESERVE,1.7861883640289307,OUTBOUND,-7.1058030128479,-0.11231898176496287,
0,11.311595916748047,1.0806893110275269,1.5100716352462769,1.4856690168380737,7.156459824997,29.78033155061877,-3.884303569793701,461,7,18,1,NOMINAL_OUTSIDE_CERTIFIED_SET,2.7002365589141846,OUTBOUND,-7.099974155426025,-0.12165884579987157,
0,11.374767303466797,1.0810126066207886,0.09438455104827881,0.09680742770433426,7.16720341402106,29.768035842988432,-3.901501417160034,462,7,19,1,INSUFFICIENT_RECOVERY_RESERVE,7.050632953643799,OUTBOUND,-7.135019302368164,-0.13134805341561137,
0,11.412162780761719,1.0813363790512085,0.06819121539592743,0.07600496709346771,7.180267834017286,29.755754059314732,-3.917485475540161,463,7,20,1,NOMINAL_OUTSIDE_CERTIFIED_SET,6.656924247741699,OUTBOUND,-7.149604320526123,-0.14201450359385873,
0,11.41833782196045,1.0816590785980225,0.7763803601264954,0.7634458541870117,7.192752313014353,29.743447832776177,-3.8789989948272705,464,7,21,1,INSUFFICIENT_RECOVERY_RESERVE,1.2580034732818604,OUTBOUND,-7.2009100914001465,-0.15286343599754088,
1,11.49740219116211,1.0819823741912842,0.08245754987001419,0.08715296536684036,7.20587229001103,29.731185400601113,-3.9160828590393066,465,7,22,0,,4.864902973175049,OUTBOUND,-7.227688789367676,-0.1676724571395533,
0,11.528152465820312,1.082305908203125,0.056523602455854416,0.0637877956032753,7.218646224995609,29.71888549330407,-3.914344310760498,466,7,23,1,NOMINAL_OUTSIDE_CERTIFIED_SET,3.9923207759857178,OUTBOUND,-7.257067680358887,-0.19675097410317954,
0,11.501073837280273,1.0826282501220703,0.8053461313247681,0.7952527403831482,7.229125929006841,29.706566427440283,-3.870121717453003,467,7,24,1,INSUFFICIENT_RECOVERY_RESERVE,1.0998167991638184,OUTBOUND,-7.280055522918701,-0.20360058792391159,
0,11.610547065734863,1.082951307296753,0.7829095721244812,0.772445797920227,7.2404261699994095,29.694281185537726,-3.9202523231506348,468,7,25,1,INSUFFICIENT_RECOVERY_RESERVE,2.6331560611724854,OUTBOUND,-7.346022605895996,-0.19235558046817094,
0,11.614913940429688,1.0832756757736206,1.5541317462921143,1.5221474170684814,7.253348946018377,29.68200725673487,-3.9396748542785645,469,7,26,1,NOMINAL_OUTSIDE_CERTIFIED_SET,5.101456165313721,OUTBOUND,-7.331918716430664,-0.1996682978784912,
0,11.571187973022461,1.0835992097854614,0.7980495095252991,0.784903883934021,7.264361940004164,29.669715634399147,-3.8834869861602783,470,7,27,1,INSUFFICIENT_RECOVERY_RESERVE,1.2370959520339966,OUTBOUND,-7.356138229370117,-0.20735289684715372,
0,11.582921028137207,1.083922266960144,0.8008751273155212,0.785517156124115,7.278422745002899,29.657437283197385,-3.891207456588745,471,7,28,1,NOMINAL_OUTSIDE_CERTIFIED_SET,0.6547688841819763,OUTBOUND,-7.359495639801025,-0.21621199580959313,
0,11.559563636779785,1.0842448472976685,0.8259313106536865,0.8116729259490967,7.28915958001744,29.645133860658234,-3.8871710300445557,472,7,29,1,INSUFFICIENT_RECOVERY_RESERVE,1.2609280347824097,OUTBOUND,-7.3415374755859375,-0.2252424274513869,
0,11.570780754089355,1.0845654010772705,0.2888886332511902,0.3080962598323822,7.3813444190018345,29.6328460771175,-3.8392210006713867,473,7,30,1,NOMINAL_OUTSIDE_CERTIFIED_SET,2.2453761100769043,OUTBOUND,-7.4002790451049805,-0.23523720123727224,
0,11.642126083374023,1.084886074066162,0.7968730926513672,0.7847423553466797,7.390687096019974,29.620531735537234,-3.898442268371582,474,7,31,1,INSUFFICIENT_RECOVERY_RESERVE,0.9313719272613525,OUTBOUND,-7.404926300048828,-0.24523409876931956,
0,11.68778133392334,1.0852079391479492,0.8078771829605103,0.7943405508995056,7.400802000018302,29.60825070846676,-3.9281535148620605,475,7,32,1,INSUFFICIENT_RECOVERY_RESERVE,0.7028276324272156,OUTBOUND,-7.420212745666504,-0.2287460704751761,
0,11.601985931396484,1.0855295658111572,0.795506477355957,0.7835468053817749,7.413326356007019,29.595980577102186,-3.891493082046509,476,7,33,1,NOMINAL_OUTSIDE_CERTIFIED_SET,1.0176335573196411,OUTBOUND,-7.367917060852051,-0.23923157128045108,
0,11.706575393676758,1.0858527421951294,0.06729736179113388,0.07604998350143433,7.4231874010001775,29.583687251935388,-3.9395153522491455,477,7,34,1,INSUFFICIENT_RECOVERY_RESERVE,4.708251953125,OUTBOUND,-7.417232513427734,-0.2495652730262173,
0,11.680315971374512,1.0861756801605225,0.8171173334121704,0.8079625368118286,7.436347959010163,29.57140727015955,-3.891603946685791,478,7,35,1,NOMINAL_OUTSIDE_CERTIFIED_SET,1.79759681224823,OUTBOUND,-7.441579341888428,-0.26054837275800996,
0,11.711215019226074,1.0864986181259155,0.8270643949508667,0.8099002242088318,7.446794591000071,29.559103405835753,-3.9035251140594482,479,7,36,1,INSUFFICIENT_RECOVERY_RESERVE,3.971602439880371,OUTBOUND,-7.458115100860596,-0.2712812674435891,
0,11.688200950622559,1.0868216753005981,0.8656864762306213,0.8563834428787231,7.460197552019963,29.54681506012116,-3.8993172645568848,480,7,37,1,NOMINAL_OUTSIDE_CERTIFIED_SET,0.9808266758918762,OUTBOUND,-7.438669204711914,-0.28248526268562946,
0,11.638401985168457,1.0871421098709106,2.3522725105285645,2.298203945159912,7.474291955004446,29.534502111612486,-3.8243637084960938,481,7,38,1,INSUFFICIENT_RECOVERY_RESERVE,9.542701721191406,OUTBOUND,-7.485190391540527,-0.293365050941099,
1,11.728265762329102,1.087463140487671,0.0945369154214859,0.10014379024505615,7.488592741021421,29.522223603975764,-3.905437469482422,482,7,39,0,,8.039557456970215,OUTBOUND,-7.4698591232299805,-0.2931490494963949,
0,11.715544700622559,1.0877835750579834,0.06198887899518013,0.06363394856452942,7.503486561006866,29.50992382037958,-3.8776445388793945,483,7,40,1,NOMINAL_OUTSIDE_CERTIFIED_SET,7.644944190979004,OUTBOUND,-7.484742164611816,-0.3221701039088587,
0,11.826009750366211,1.0881052017211914,0.10892587900161743,0.11486146599054337,7.517444302997319,29.497609440506714,-3.921628952026367,484,7,41,1,INSUFFICIENT_RECOVERY_RESERVE,7.810642242431641,OUTBOUND,-7.5305609703063965,-0.32683988138433145,
0,11.773276329040527,1.0884267091751099,0.07082471251487732,0.08092007786035538,7.530467646021862,29.485311234904927,-3.8923680782318115,485,7,42,1,NOMINAL_OUTSIDE_CERTIFIED_SET,7.772291660308838,OUTBOUND,-7.498602867126465,-0.33262200459139646,
0,11.904876708984375,1.088749647140503,0.08285655826330185,0.08628381788730621,7.541930409002816,29.47299556716911,-3.9327683448791504,486,7,43,1,INSUFFICIENT_RECOVERY_RESERVE,7.121011734008789,OUTBOUND,-7.580747127532959,-0.3385884441056416,
0,11.926025390625,1.0890734195709229,1.7718063592910767,1.7506537437438965,7.629060398001457,29.46071333939368,-3.920504093170166,487,7,44,1,INSUFFICIENT_RECOVERY_RESERVE,9.642166137695312,OUTBOUND,-7.627922534942627,-0.31067361734279864,
0,11.898303985595703,1.0893971920013428,0.8607819080352783,0.8502711057662964,7.642616614000872,29.44844174058484,-3.8995201587677,488,7,45,1,NOMINAL_OUTSIDE_CERTIFIED_SET,2.3440709114074707,OUTBOUND,-7.6310834884643555,-0.31827139793804193,
0,11.891849517822266,1.0897197723388672,0.8792507648468018,0.8688555955886841,7.652659044018947,29.436153045158548,-3.8638699054718018,489,7,46,1,INSUFFICIENT_RECOVERY_RESERVE,1.8486967086791992,OUTBOUND,-7.669581413269043,-0.32578910889872686,
0,11.920353889465332,1.0900416374206543,0.9319109320640564,0.9219483137130737,7.6639718140068,29.423876984497458,-3.8753790855407715,490,7,47,1,NOMINAL_OUTSIDE_CERTIFIED_SET,2.030566692352295,OUTBOUND,-7.686452388763428,-0.3342358444844237,
0,12.000961303710938,1.0903654098510742,0.09939931333065033,0.1073361411690712,7.675491040019551,29.411575296830726,-3.94297194480896,491,7,48,1,INSUFFICIENT_RECOVERY_RESERVE,4.228570461273193,OUTBOUND,-7.682894229888916,-0.34247352798025693,
0,11.9517183303833,1.0906890630722046,2.513836145401001,2.4636569023132324,7.688318212021841,29.39930541602424,-3.8976290225982666,492,7,49,1,NOMINAL_OUTSIDE_CERTIFIED_SET,9.951128005981445,OUTBOUND,-7.697843551635742,-0.34437946885725096,
0,12.024940490722656,1.0910135507583618,0.07721386849880219,0.08253972232341766,7.700679037021473,29.38702182203299,-3.918351888656616,493,7,50,1,NOMINAL_OUTSIDE_CERTIFIED_SET,4.789985656738281,OUTBOUND,-7.742165565490723,-0.3690044808458032,
0,12.024504661560059,1.0913400650024414,1.7307547330856323,1.6990119218826294,7.713808240019716,29.37472943841842,-3.9600608348846436,494,7,51,1,NO_GENERATOR_SET,1.7450491189956665,OUTBOUND,-7.698547840118408,-0.3759558647743168,
0,12.065703392028809,1.091668725013733,1.7259739637374878,1.6858752965927124,7.725930785993114,29.36243615753219,-3.964822292327881,495,7,52,1,NOMINAL_OUTSIDE_CERTIFIED_SET,3.5027883052825928,OUTBOUND,-7.742413520812988,-0.3689972571439546,
0,11.998405456542969,1.0919967889785767,0.9165938496589661,0.9068894386291504,7.739109083020594,29.350150426132807,-3.8935012817382812,496,7,53,1,NOMINAL_OUTSIDE_CERTIFIED_SET,2.22790265083313,OUTBOUND,-7.739899635314941,-0.3515212492869651,
0,12.004880905151367,1.0923240184783936,0.9318283200263977,0.9175679683685303,7.752607289003208,29.33787978288772,-3.884833335876465,497,7,54,1,NOMINAL_OUTSIDE_CERTIFIED_SET,5.590006351470947,OUTBOUND,-7.75002908706665,-0.3265491307836103,
0,11.989157676696777,1.0926507711410522,0.10775856673717499,0.12125980854034424,7.849882783018984,29.32563011042296,-3.894730567932129,498,7,55,1,NOMINAL_OUTSIDE_CERTIFIED_SET,8.581442832946777,OUTBOUND,-7.713404655456543,-0.2967081454722602,
1,12.013980865478516,1.092976450920105,1.0064666271209717,1.0028072595596313,7.863402136019431,29.313414256810805,-3.8695526123046875,499,7,56,0,,7.458549976348877,OUTBOUND,-7.754847049713135,-0.2819947989013909,
0,12.050710678100586,1.0933009386062622,0.9202588796615601,0.9020878672599792,7.878605292993598,29.301196564332173,-3.8670907020568848,500,7,57,1,NOMINAL_OUTSIDE_CERTIFIED_SET,3.702744960784912,OUTBOUND,-7.786888599395752,-0.26116003141532085,
0,12.135244369506836,1.093626618385315,0.09786760807037354,0.1058303564786911,7.8961835030058865,29.289014911119583,-3.9331283569335938,501,7,58,1,NOMINAL_OUTSIDE_CERTIFIED_SET,8.56053352355957,OUTBOUND,-7.7889299392700195,-0.2187349537988969,
1,12.209638595581055,1.0939534902572632,0.9225680232048035,0.909031867980957,7.913851935998537,29.276873898049548,-3.933833599090576,502,7,59,0,,0.6950393915176392,OUTBOUND,-7.866854190826416,-0.21684116776658294,
0,12.216087341308594,1.0942797660827637,0.9113389849662781,0.9019468426704407,7.928279785002815,29.26468497539103,-3.8839666843414307,503,7,60,1,NOMINAL_OUTSIDE_CERTIFIED_SET,2.3802073001861572,OUTBOUND,-7.931883335113525,-0.20802666142304957,
0,12.294527053833008,1.0946071147918701,0.058272846043109894,0.06222293898463249,7.9430406620085705,29.25254392917657,-3.932419776916504,504,7,61,1,NOMINAL_OUTSIDE_CERTIFIED_SET,3.4079084396362305,OUTBOUND,-7.9591450691223145,-0.15706764611931728,
1,12.27212905883789,1.0949349403381348,1.7921028137207031,1.7674853801727295,7.959251474996563,29.240452243767734,-3.9180779457092285,505,7,62,0,,7.38906717300415,OUTBOUND,-7.962648391723633,-0.13002868154746944,
1,12.250659942626953,1.0952621698379517,0.9418244957923889,0.9303134083747864,7.9747880100039765,29.228335475801725,-3.8890349864959717,506,7,63,0,,1.2037724256515503,OUTBOUND,-7.9760332107543945,-0.12942611005342364,
1,12.28011417388916,1.0955893993377686,0.9513434767723083,0.9402906894683838,7.988161643006606,29.21619385961236,-3.9049808979034424,507,7,64,0,,4.630897045135498,OUTBOUND,-7.989279747009277,-0.14369907080932132,
1,12.29304027557373,1.0959163904190063,0.9375910758972168,0.9226929545402527,8.003081867995206,29.204072267841454,-3.893181800842285,508,7,65,0,,3.1380116939544678,OUTBOUND,-8.035388946533203,-0.163310669233059,
0,12.325023651123047,1.0962443351745605,0.9410223364830017,0.9313599467277527,8.02031318700756,29.191913145958992,-3.9302992820739746,509,7,66,1,NOMINAL_OUTSIDE_CERTIFIED_SET,4.72099494934082,OUTBOUND,-8.024846076965332,-0.14078121023966775,
0,12.332584381103516,1.0965747833251953,1.924811840057373,1.8914799690246582,8.033526779006934,29.17980701168456,-3.9758856296539307,510,7,67,1,NOMINAL_OUTSIDE_CERTIFIED_SET,9.27866268157959,OUTBOUND,-7.995396137237549,-0.08158189694295655,
0,12.29504680633545,1.0969065427780151,0.9551962018013,0.9453014731407166,8.046892397018382,29.16775636424978,-3.9491865634918213,511,7,68,1,NOMINAL_OUTSIDE_CERTIFIED_SET,2.3257718086242676,OUTBOUND,-7.978087902069092,-0.03159693781905692,
1,12.193243980407715,1.097237467765808,1.8695696592330933,1.845954179763794,8.059752071014373,29.15574897153568,-3.8904404640197754,512,7,69,0,,0.8043859601020813,OUTBOUND,-7.936280250549316,-0.002762310842648671,
0,12.30309772491455,1.0975700616836548,0.9416317343711853,0.9254207611083984,8.072451044019544,29.14372734378206,-3.96006178855896,513,7,70,1,NOMINAL_OUTSIDE_CERTIFIED_SET,4.018318176269531,OUTBOUND,-7.9568963050842285,0.018243025615025475,
0,12.247873306274414,1.0979021787643433,0.12016124278306961,0.13059015572071075,8.086326302000089,29.131689528791327,-3.9029910564422607,514,7,71,1,NOMINAL_OUTSIDE_CERTIFIED_SET,12.003544807434082,FAILURE,-7.953217506408691,0.04154084216857453,
0,12.305453300476074,1.0982338190078735,0.11158932745456696,0.1228426843881607,8.17836021099356,29.9879676,-3.9029829502105713,515,8,1,1,NOMINAL_OUTSIDE_CERTIFIED_SET,12.5134916305542,OUTBOUND,-7.996024131774902,-0.010144776818907505,
0,12.31075668334961,1.0985654592514038,0.0870332196354866,0.10273262858390808,8.191299118014285,29.9758992,-3.914707660675049,516,8,2,1,NOMINAL_OUTSIDE_CERTIFIED_SET,9.981664657592773,OUTBOUND,-7.969968795776367,-0.010487473575987347,
0,12.394105911254883,1.0988972187042236,0.07811738550662994,0.08451598137617111,8.203907548013376,29.963794800000002,-3.9148640632629395,517,8,3,1,NOMINAL_OUTSIDE_CERTIFIED_SET,7.892419338226318,OUTBOUND,-8.038043975830078,-0.011710406835350273,
0,12.497066497802734,1.099229335784912,0.07412757724523544,0.07696019858121872,8.216736641013995,29.951654400000002,-3.9236037731170654,518,8,4,1,NOMINAL_OUTSIDE_CERTIFIED_SET,8.007863998413086,OUTBOUND,-8.118642807006836,-0.014399984101813035,
0,12.552467346191406,1.0995614528656006,0.05817922204732895,0.05902152135968208,8.229663205012912,29.939478,-3.9165773391723633,519,8,5,1,NOMINAL_OUTSIDE_CERTIFIED_SET,5.38093376159668,OUTBOUND,-8.176666259765625,-0.01914119308193565,
1,12.672377586364746,1.0998955965042114,1.0021723508834839,0.9899934530258179,8.24183916801121,29.927295353968468,-3.9697935581207275,520,8,6,0,,4.760154724121094,OUTBOUND,-8.25069808959961,-0.02870604994668847,
0,12.65639877319336,1.1002298593521118,0.11330521106719971,0.118803970515728,8.256241485010833,29.91506940518686,-3.924886703491211,521,8,7,1,NOMINAL_OUTSIDE_CERTIFIED_SET,1.5414211750030518,OUTBOUND,-8.28909683227539,-0.038548403414816704,
0,12.686148643493652,1.100564956665039,2.85368013381958,2.809468984603882,8.269666990992846,29.902811537127693,-3.9408602714538574,522,8,8,1,NOMINAL_OUTSIDE_CERTIFIED_SET,17.116710662841797,OUTBOUND,-8.333483695983887,-0.04793173426871381,
0,12.68051815032959,1.1008999347686768,0.08252979069948196,0.08624111115932465,8.283456294011557,29.890521020237674,-3.9205026626586914,523,8,9,1,NOMINAL_OUTSIDE_CERTIFIED_SET,0.9681301712989807,OUTBOUND,-8.360450744628906,-0.06145419241160204,
0,12.702523231506348,1.1012344360351562,0.13709691166877747,0.15062780678272247,8.294441609003115,29.878208939549523,-3.9078891277313232,524,8,10,1,INSUFFICIENT_RECOVERY_RESERVE,0.8399264812469482,OUTBOUND,-8.38540267944336,-0.07225528611031828,
0,12.675111770629883,1.1015679836273193,0.07224587351083755,0.0819421038031578,8.306584758014651,29.86592993170798,-3.891679286956787,525,8,11,1,INSUFFICIENT_RECOVERY_RESERVE,1.0531949996948242,OUTBOUND,-8.371615409851074,-0.0754728183136025,
1,12.715625762939453,1.1019014120101929,1.0532041788101196,1.0393348932266235,8.321056673012208,29.853683532535484,-3.913273811340332,526,8,12,0,,5.47378396987915,OUTBOUND,-8.40328598022461,-0.09358477260329764,
0,12.755935668945312,1.102236270904541,0.05534014478325844,0.06204911693930626,8.336522290017456,29.841384337218976,-3.9557530879974365,527,8,13,1,NOMINAL_OUTSIDE_CERTIFIED_SET,1.4068201780319214,OUTBOUND,-8.390649795532227,-0.11787651668735605,
0,12.686934471130371,1.102569341659546,0.05114699900150299,0.061184078454971313,8.428582523018122,29.82906664031374,-3.873201608657837,528,8,14,1,INSUFFICIENT_RECOVERY_RESERVE,0.7207211256027222,OUTBOUND,-8.41640567779541,-0.12469340275902178,
0,12.64534854888916,1.1029011011123657,1.1105300188064575,1.094597578048706,8.44130398699781,29.81676620259236,-3.8731162548065186,529,8,15,1,NOMINAL_OUTSIDE_CERTIFIED_SET,5.295586585998535,OUTBOUND,-8.375147819519043,-0.1325560374388535,
0,12.67434310913086,1.103232979774475,0.0691869854927063,0.08470696955919266,8.453411847993266,29.804445345346807,-3.91562557220459,530,8,16,1,INSUFFICIENT_RECOVERY_RESERVE,4.15400505065918,OUTBOUND,-8.355484008789062,-0.14098411665814595,
0,12.680251121520996,1.1035646200180054,1.0312665700912476,1.0119014978408813,8.464307162008481,29.7921584886454,-3.9016036987304688,531,8,17,1,INSUFFICIENT_RECOVERY_RESERVE,1.399277925491333,OUTBOUND,-8.386222839355469,-0.13693012883741698,
0,12.689590454101562,1.1038968563079834,1.0253227949142456,1.016385555267334,8.477366587001598,29.7798832393028,-3.9276413917541504,532,8,18,1,NOMINAL_OUTSIDE_CERTIFIED_SET,1.151393175125122,OUTBOUND,-8.35840892791748,-0.14510322500802905,
0,12.657599449157715,1.104229211807251,3.0244879722595215,2.951234817504883,8.491584874020191,29.767589499616022,-3.914057731628418,533,8,19,1,INSUFFICIENT_RECOVERY_RESERVE,14.90361499786377,OUTBOUND,-8.365022659301758,-0.15369917773748046,
0,12.646208763122559,1.1045604944229126,1.0348395109176636,1.0189851522445679,8.511436291999416,29.755309304311155,-3.880486011505127,534,8,20,1,NOMINAL_OUTSIDE_CERTIFIED_SET,2.2778117656707764,OUTBOUND,-8.376781463623047,-0.16327851996541198,
0,12.604186058044434,1.1048901081085205,1.9641942977905273,1.9282264709472656,8.5225420310162,29.74300569862088,-3.8625426292419434,535,8,21,1,INSUFFICIENT_RECOVERY_RESERVE,1.2164772748947144,OUTBOUND,-8.35711669921875,-0.17310585929527397,
0,12.641807556152344,1.1052204370498657,1.0486106872558594,1.037397027015686,8.53573170900927,29.730717767726077,-3.917691469192505,536,8,22,1,NOMINAL_OUTSIDE_CERTIFIED_SET,8.93017292022705,OUTBOUND,-8.317315101623535,-0.18374963459565016,
0,12.643341064453125,1.1055506467819214,1.0349417924880981,1.02443265914917,8.5459988930088,29.718404631236357,-3.9065308570861816,537,8,23,1,INSUFFICIENT_RECOVERY_RESERVE,6.829391002655029,OUTBOUND,-8.32214069366455,-0.19448798994922215,
0,12.681743621826172,1.1058802604675293,0.1393643170595169,0.13830654323101044,8.559912750002695,29.70612468681467,-3.882904529571533,538,8,24,1,INSUFFICIENT_RECOVERY_RESERVE,14.249397277832031,OUTBOUND,-8.354086875915527,-0.18404838884869465,
0,12.780221939086914,1.1062113046646118,0.14991621673107147,0.1455577164888382,8.6573914620094,29.693855526640746,-3.9412221908569336,539,8,25,1,NOMINAL_OUTSIDE_CERTIFIED_SET,14.100760459899902,OUTBOUND,-8.363547325134277,-0.19470954250400116,
0,12.771039009094238,1.106541395187378,0.14892229437828064,0.1381589025259018,8.668588044005446,29.681564136608273,-3.881235361099243,540,8,26,1,INSUFFICIENT_RECOVERY_RESERVE,15.365029335021973,OUTBOUND,-8.396889686584473,-0.20535090989307084,
1,12.834014892578125,1.1068692207336426,0.0993928536772728,0.08761674165725708,8.682582534995163,29.66930436503035,-3.8346359729766846,541,8,27,0,,9.409510612487793,OUTBOUND,-8.507563591003418,-0.18483191910298677,
0,13.00255012512207,1.1071981191635132,1.1199225187301636,1.1126354932785034,8.695610752009088,29.657038090836284,-3.929938793182373,542,8,28,1,NOMINAL_OUTSIDE_CERTIFIED_SET,1.533193826675415,OUTBOUND,-8.57264518737793,-0.19097246179025557,
0,13.08435344696045,1.1075282096862793,0.31854304671287537,0.33417269587516785,8.708399980008835,29.644737970630214,-3.9289181232452393,543,8,29,1,NOMINAL_OUTSIDE_CERTIFIED_SET,1.5721657276153564,OUTBOUND,-8.668063163757324,-0.23327344671110234,
0,13.120037078857422,1.1078580617904663,1.1289198398590088,1.1341005563735962,8.719449498021277,29.63241477375623,-3.896467685699463,544,8,30,1,INSUFFICIENT_RECOVERY_RESERVE,11.99620532989502,OUTBOUND,-8.77159309387207,-0.24734559840860856,
0,13.0674467086792,1.1081870794296265,2.124969482421875,2.098453998565674,8.73305510400678,29.62012583357295,-3.874826192855835,545,8,31,1,INSUFFICIENT_RECOVERY_RESERVE,12.941473960876465,OUTBOUND,-8.767191886901855,-0.23087543202501662,
0,13.143936157226562,1.1085163354873657,0.0726296678185463,0.08128127455711365,8.746026536013233,29.607848988373014,-3.9058635234832764,546,8,32,1,NOMINAL_OUTSIDE_CERTIFIED_SET,0.7981606125831604,OUTBOUND,-8.803567886352539,-0.244475052132374,
0,13.139788627624512,1.108847737312317,2.146968126296997,2.1106178760528564,8.756467247003457,29.595551746330106,-3.956848382949829,547,8,33,1,INSUFFICIENT_RECOVERY_RESERVE,13.041424751281738,OUTBOUND,-8.765148162841797,-0.2575424009509644,
0,13.07224178314209,1.1091792583465576,1.106142520904541,1.0898181200027466,8.770481504005147,29.58326861153685,-3.907682180404663,548,8,34,1,NOMINAL_OUTSIDE_CERTIFIED_SET,6.500424861907959,OUTBOUND,-8.76585578918457,-0.2704607734521998,
0,13.055920600891113,1.109511137008667,2.1507012844085693,2.1001129150390625,8.781771726993611,29.570963584285494,-3.91452956199646,549,8,35,1,INSUFFICIENT_RECOVERY_RESERVE,9.879454612731934,OUTBOUND,-8.742993354797363,-0.28287329131202577,
0,13.020376205444336,1.1098436117172241,2.1505579948425293,2.1080989837646484,8.794757030002074,29.558674542843335,-3.9238665103912354,550,8,36,1,NOMINAL_OUTSIDE_CERTIFIED_SET,8.059551239013672,OUTBOUND,-8.713876724243164,-0.2950932889688177,
0,12.89055061340332,1.1101760864257812,4.162698268890381,4.03558874130249,8.806349310005317,29.546362188506077,-3.903090000152588,551,8,37,1,INSUFFICIENT_RECOVERY_RESERVE,19.61182975769043,OUTBOUND,-8.636650085449219,-0.3068348480347401,
0,12.897855758666992,1.110508918762207,2.1186628341674805,2.0789220333099365,8.817219371994724,29.53408296188176,-3.9170398712158203,552,8,38,1,INSUFFICIENT_RECOVERY_RESERVE,2.0624616146087646,OUTBOUND,-8.615056037902832,-0.2829457462739841,
0,12.909549713134766,1.1108424663543701,0.19497151672840118,0.2520490884780884,8.830357861996163,29.52181456212057,-3.9249613285064697,553,8,39,1,NOMINAL_OUTSIDE_CERTIFIED_SET,21.17376136779785,OUTBOUND,-8.582328796386719,-0.2947590999699022,
0,12.911103248596191,1.11117684841156,0.22453534603118896,0.2693626880645752,8.842615358997136,29.509524595328504,-3.935112476348877,554,8,40,1,INSUFFICIENT_RECOVERY_RESERVE,21.89020538330078,OUTBOUND,-8.530628204345703,-0.30606688723448994,
0,12.894639015197754,1.1115111112594604,0.22898522019386292,0.2673119008541107,8.938523062999593,29.49724772515244,-3.903918743133545,555,8,41,1,NOMINAL_OUTSIDE_CERTIFIED_SET,20.635143280029297,OUTBOUND,-8.512033462524414,-0.31727295544895434,
0,13.006558418273926,1.1118452548980713,0.22203749418258667,0.23473842442035675,8.950547679996816,29.484947041452738,-3.9095571041107178,556,8,42,1,INSUFFICIENT_RECOVERY_RESERVE,19.921852111816406,OUTBOUND,-8.58057975769043,-0.32800235930958016,
0,13.146800994873047,1.1121792793273926,0.14066223800182343,0.1362403780221939,8.964030361006735,29.47266163684217,-3.906032085418701,557,8,43,1,NOMINAL_OUTSIDE_CERTIFIED_SET,10.458337783813477,OUTBOUND,-8.706879615783691,-0.33863021988643716,
0,13.087669372558594,1.1125093698501587,0.1441020667552948,0.13199077546596527,8.97398167999927,29.460351499622224,-3.794353485107422,558,8,44,1,INSUFFICIENT_RECOVERY_RESERVE,10.051477432250977,OUTBOUND,-8.759033203125,-0.3488058719339174,
0,13.270790100097656,1.1128395795822144,1.1663469076156616,1.1392885446548462,8.983377765020123,29.44807424019741,-3.9042398929595947,559,8,45,1,INSUFFICIENT_RECOVERY_RESERVE,3.4681339263916016,OUTBOUND,-8.8226957321167,-0.3195659462492256,
0,13.406280517578125,1.11316978931427,0.0797770619392395,0.06658551841974258,8.995502011006465,29.435807403638023,-3.892714262008667,560,8,46,1,NOMINAL_OUTSIDE_CERTIFIED_SET,6.500968933105469,OUTBOUND,-8.972270965576172,-0.33039386081687633,
0,13.394875526428223,1.1134990453720093,2.2864506244659424,2.2929155826568604,9.008073000994045,29.423521437497453,-3.874316692352295,561,8,47,1,NOMINAL_OUTSIDE_CERTIFIED_SET,15.83859634399414,OUTBOUND,-9.025609970092773,-0.3743502825426483,
0,13.614099502563477,1.1138293743133545,0.064155213534832,0.07915182411670685,9.018048900004942,29.411204320012956,-3.919588565826416,562,8,48,1,INSUFFICIENT_RECOVERY_RESERVE,3.548819065093994,OUTBOUND,-9.206933975219727,-0.3765468904492363,
0,13.55661392211914,1.1141610145568848,0.06161118671298027,0.08137445151805878,9.030874790012604,29.398937490310118,-3.935209035873413,563,8,49,1,NOMINAL_OUTSIDE_CERTIFIED_SET,5.908071041107178,OUTBOUND,-9.149744033813477,-0.36581032188539636,
0,13.624797821044922,1.1144943237304688,0.10075326263904572,0.1208682432770729,9.045072348002577,29.386664913168403,-3.948791265487671,564,8,50,1,NOMINAL_OUTSIDE_CERTIFIED_SET,8.709583282470703,OUTBOUND,-9.22305965423584,-0.37058708239738625,
0,13.46609115600586,1.1148269176483154,1.2194812297821045,1.2088299989700317,9.05877711501671,29.3743939441745,-3.883124828338623,565,8,51,1,NOMINAL_OUTSIDE_CERTIFIED_SET,11.996106147766113,OUTBOUND,-9.149341583251953,-0.36194870039238697,
0,13.473884582519531,1.115159511566162,0.05878356099128723,0.06549013406038284,9.073833634000039,29.36213210801451,-3.8996105194091797,566,8,52,1,NOMINAL_OUTSIDE_CERTIFIED_SET,2.2671310901641846,OUTBOUND,-9.13387393951416,-0.3433190857942215,
0,13.505791664123535,1.1154922246932983,1.20902681350708,1.1833258867263794,9.087270185002126,29.349885914808993,-3.9069035053253174,567,8,53,1,NOMINAL_OUTSIDE_CERTIFIED_SET,8.23238754272461,OUTBOUND,-9.176568984985352,-0.3177031032363499,
0,13.490913391113281,1.115824818611145,1.1684038639068604,1.1364413499832153,9.100018972996622,29.33766028022911,-3.897757053375244,568,8,54,1,NOMINAL_OUTSIDE_CERTIFIED_SET,5.52569055557251,OUTBOUND,-9.16999626159668,-0.2876744426895491,
0,13.496647834777832,1.1161580085754395,0.09002860635519028,0.09733103215694427,9.188748504006071,29.325458407542115,-3.9188015460968018,569,8,55,1,NOMINAL_OUTSIDE_CERTIFIED_SET,1.7923169136047363,OUTBOUND,-9.150062561035156,-0.2553726925294494,
0,13.529354095458984,1.116492748260498,0.0768117904663086,0.09935062378644943,9.201649251015624,29.313281866002463,-3.9447431564331055,570,8,56,1,NOMINAL_OUTSIDE_CERTIFIED_SET,6.442075729370117,OUTBOUND,-9.141020774841309,-0.22251615756005794,
0,13.37850570678711,1.116826057434082,2.2901077270507812,2.233137607574463,9.214325003995327,29.301130837970717,-3.8668746948242188,571,8,57,1,NOMINAL_OUTSIDE_CERTIFIED_SET,7.0296196937561035,OUTBOUND,-9.093436241149902,-0.1904298926989921,
1,13.36584758758545,1.117158055305481,0.08682911098003387,0.11171680688858032,9.225617178017274,29.288988300530786,-3.8665661811828613,572,8,58,0,,8.5338716506958,OUTBOUND,-9.060016632080078,-0.14264564826779028,
0,13.411178588867188,1.1174896955490112,1.1644314527511597,1.149977684020996,9.239480629999889,29.276863786660417,-3.887810468673706,573,8,59,1,NOMINAL_OUTSIDE_CERTIFIED_SET,3.1303091049194336,OUTBOUND,-9.074665069580078,-0.10257880619076315,
0,13.33516788482666,1.1178206205368042,1.1874886751174927,1.1814601421356201,9.252620665996801,29.264766481421802,-3.8776731491088867,574,8,60,1,NOMINAL_OUTSIDE_CERTIFIED_SET,6.2475361824035645,OUTBOUND,-8.995457649230957,-0.08698744735108856,
0,13.445926666259766,1.1181526184082031,1.2042722702026367,1.1896532773971558,9.265446230012458,29.2526927766487,-3.9232513904571533,575,8,61,1,NOMINAL_OUTSIDE_CERTIFIED_SET,4.955171585083008,FAILURE,-9.03901195526123,-0.07257969842735439,
0,13.395949363708496,1.1184836626052856,2.336165189743042,2.3020925521850586,9.28283435999765,29.9879676,-3.8692243099212646,576,9,1,1,NOMINAL_OUTSIDE_CERTIFIED_SET,1.5220896005630493,OUTBOUND,-9.043721199035645,-0.010144776818907505,
0,13.480377197265625,1.1188151836395264,1.2226988077163696,1.2020883560180664,9.294840334012406,29.9758992,-3.910538911819458,577,9,2,1,NOMINAL_OUTSIDE_CERTIFIED_SET,6.015657424926758,OUTBOUND,-9.074804306030273,-0.010487473575987347,
0,13.608023643493652,1.1191481351852417,0.12558552622795105,0.1125432476401329,9.308339416020317,29.963794800000002,-3.933446168899536,578,9,3,1,NOMINAL_OUTSIDE_CERTIFIED_SET,10.092131614685059,OUTBOUND,-9.15969467163086,-0.011710406835350273,
0,13.637385368347168,1.1194819211959839,1.2135908603668213,1.187750220298767,9.321356080006808,29.951654400000002,-3.9222147464752197,579,9,4,1,NOMINAL_OUTSIDE_CERTIFIED_SET,4.873486042022705,OUTBOUND,-9.199217796325684,-0.014399984101813035,
0,13.571168899536133,1.1198148727416992,2.340707302093506,2.323212146759033,9.41728478501318,29.939478,-3.878490447998047,580,9,5,1,NOMINAL_OUTSIDE_CERTIFIED_SET,7.797079086303711,OUTBOUND,-9.206438064575195,-0.01914119308193565,
0,13.670271873474121,1.1201472282409668,0.10495224595069885,0.09077629446983337,9.43340060999617,29.927265600000002,-3.881967306137085,581,9,6,1,NOMINAL_OUTSIDE_CERTIFIED_SET,8.994417190551758,OUTBOUND,-9.289012908935547,-0.026515450871577688,
1,13.760699272155762,1.1204817295074463,1.227067232131958,1.2021797895431519,9.447017121012323,29.91502661437583,-3.954702138900757,582,9,7,0,,3.2093567848205566,OUTBOUND,-9.290278434753418,-0.050483531382356873,
0,13.757579803466797,1.120816946029663,1.25588858127594,1.2462376356124878,9.45856085899868,29.90277653500106,-3.924790382385254,583,9,8,1,NOMINAL_OUTSIDE_CERTIFIED_SET,2.4655184745788574,OUTBOUND,-9.333401679992676,-0.06979634380624315,
0,13.716090202331543,1.1211506128311157,0.06510260701179504,0.06406021118164062,9.470551742007956,29.89049806115938,-3.8600172996520996,584,9,9,1,NOMINAL_OUTSIDE_CERTIFIED_SET,7.370283603668213,OUTBOUND,-9.343549728393555,-0.07391380551207705,
0,13.73129940032959,1.1214840412139893,1.316532015800476,1.3032035827636719,9.480604868003866,29.878205096516528,-3.8908979892730713,585,9,10,1,INSUFFICIENT_RECOVERY_RESERVE,1.303432822227478,OUTBOUND,-9.323165893554688,-0.07894699180838699,
1,13.814960479736328,1.1218174695968628,1.3024835586547852,1.2883715629577637,9.492043492995435,29.86595194093193,-3.8995773792266846,586,9,11,0,,5.23573112487793,OUTBOUND,-9.40882682800293,-0.09129748716006114,
0,13.83658504486084,1.1221504211425781,2.4310593605041504,2.3831727504730225,9.503952380007831,29.853665963208982,-3.8864517211914062,587,9,12,1,NOMINAL_OUTSIDE_CERTIFIED_SET,12.803053855895996,OUTBOUND,-9.482878684997559,-0.10579989768969218,
0,13.841949462890625,1.1224827766418457,1.2657010555267334,1.247801661491394,9.514021041017259,29.84136702849734,-3.877929210662842,588,9,13,1,INSUFFICIENT_RECOVERY_RESERVE,5.212440013885498,OUTBOUND,-9.505536079406738,-0.10913025285333088,
0,13.828893661499023,1.1228164434432983,1.3037625551223755,1.2884197235107422,9.526769432006404,29.829080958536018,-3.9296483993530273,589,9,14,1,NOMINAL_OUTSIDE_CERTIFIED_SET,2.4206743240356445,OUTBOUND,-9.432849884033203,-0.11415290927743217,
0,13.865694999694824,1.1231509447097778,1.241909146308899,1.2227718830108643,9.537955581996357,29.81677899159026,-3.9213361740112305,590,9,15,1,INSUFFICIENT_RECOVERY_RESERVE,1.8644026517868042,OUTBOUND,-9.48264217376709,-0.12002862886771508,
0,13.767439842224121,1.1234862804412842,1.2699310779571533,1.2588961124420166,9.551456712011714,29.80449157784426,-3.923809289932251,591,9,16,1,NOMINAL_OUTSIDE_CERTIFIED_SET,3.1591572761535645,OUTBOUND,-9.374159812927246,-0.12745079240288412,
0,13.664862632751465,1.1238185167312622,1.2935771942138672,1.2855784893035889,9.561795286019333,29.79218397894384,-3.81754732131958,592,9,17,1,INSUFFICIENT_RECOVERY_RESERVE,1.8740142583847046,OUTBOUND,-9.380846977233887,-0.13546592993970266,
0,13.756714820861816,1.1241503953933716,1.3086527585983276,1.300203561782837,9.576565355993807,29.779892730859896,-3.8813815116882324,593,9,18,1,NOMINAL_OUTSIDE_CERTIFIED_SET,3.7957603931427,OUTBOUND,-9.395294189453125,-0.14481864212843756,
0,13.89604377746582,1.124484658241272,1.277056336402893,1.2619432210922241,9.592251321009826,29.76757476378761,-3.95713472366333,594,9,19,1,INSUFFICIENT_RECOVERY_RESERVE,4.239473819732666,OUTBOUND,-9.43921947479248,-0.15453327597849945,
0,13.804221153259277,1.1248172521591187,0.11433818191289902,0.11775525659322739,9.606634519994259,29.75529051194602,-3.8531088829040527,595,9,20,1,INSUFFICIENT_RECOVERY_RESERVE,14.439950942993164,OUTBOUND,-9.431415557861328,-0.1488826986322485,
0,13.909568786621094,1.125150203704834,1.3853590488433838,1.3621631860733032,9.618784556019818,29.743017724596612,-3.8998029232025146,596,9,21,1,NOMINAL_OUTSIDE_CERTIFIED_SET,3.1032216548919678,OUTBOUND,-9.480177879333496,-0.1586272055748596,
0,13.942022323608398,1.1254827976226807,1.256819486618042,1.2312414646148682,9.701135328010423,29.730721603819212,-3.8847427368164062,597,9,22,1,INSUFFICIENT_RECOVERY_RESERVE,1.029300570487976,OUTBOUND,-9.52686882019043,-0.16857378298210812,
0,14.052657127380371,1.125816822052002,1.2878915071487427,1.2656009197235107,9.712866639019921,29.718439366479373,-3.9332995414733887,598,9,23,1,NOMINAL_OUTSIDE_CERTIFIED_SET,2.370678424835205,OUTBOUND,-9.592676162719727,-0.17948854952372412,
0,13.966068267822266,1.1261508464813232,1.3284426927566528,1.3075203895568848,9.72350573600852,29.706132650871623,-3.897467613220215,599,9,24,1,INSUFFICIENT_RECOVERY_RESERVE,3.66347074508667,OUTBOUND,-9.55210018157959,-0.19044378965877343,
0,14.029693603515625,1.1264851093292236,1.2964863777160645,1.283379077911377,9.735551165998913,29.693841998256865,-3.8987843990325928,600,9,25,1,NOMINAL_OUTSIDE_CERTIFIED_SET,2.027186155319214,OUTBOUND,-9.618326187133789,-0.20213756635180427,
0,13.964263916015625,1.1268186569213867,1.3358356952667236,1.319402813911438,9.745263157994486,29.681525845627633,-3.87801456451416,601,9,26,1,INSUFFICIENT_RECOVERY_RESERVE,3.197942018508911,OUTBOUND,-9.569822311401367,-0.21373955338710926,
0,14.066203117370605,1.1271536350250244,2.5361058712005615,2.500619888305664,9.756350473995553,29.669243189882696,-3.933692693710327,602,9,27,1,INSUFFICIENT_RECOVERY_RESERVE,8.68154525756836,OUTBOUND,-9.634879112243652,-0.20101539337366806,
0,14.142190933227539,1.1274901628494263,0.10618238151073456,0.10669496655464172,9.769036987010622,29.656971638301457,-3.937467098236084,603,9,28,1,NOMINAL_OUTSIDE_CERTIFIED_SET,6.528565406799316,OUTBOUND,-9.687173843383789,-0.21260288719508366,
0,14.180570602416992,1.1278265714645386,0.057731375098228455,0.057406309992074966,9.780021356011275,29.644677781210916,-3.9003591537475586,604,9,29,1,INSUFFICIENT_RECOVERY_RESERVE,4.470070838928223,OUTBOUND,-9.757196426391602,-0.22399899599587858,
0,14.072672843933105,1.128161907196045,0.11076715588569641,0.12002108991146088,9.792480564996367,29.632397340678303,-3.8695783615112305,605,9,30,1,NOMINAL_OUTSIDE_CERTIFIED_SET,11.242420196533203,OUTBOUND,-9.653035163879395,-0.2358426839522812,
0,14.226582527160645,1.1284980773925781,1.3334324359893799,1.309899926185608,9.802496287011309,29.620093706581585,-3.9225516319274902,606,9,31,1,INSUFFICIENT_RECOVERY_RESERVE,2.9226126670837402,OUTBOUND,-9.761077880859375,-0.24742243673100137,
0,14.232190132141113,1.1288340091705322,1.3614987134933472,1.3394588232040405,9.813861852016998,29.607805575139896,-3.8930017948150635,607,9,32,1,NOMINAL_OUTSIDE_CERTIFIED_SET,6.372838973999023,OUTBOUND,-9.818605422973633,-0.25930145712397573,
0,14.30793571472168,1.1291710138320923,0.07587149739265442,0.08389554917812347,9.825619923009071,29.59549334460646,-3.926962375640869,608,9,33,1,INSUFFICIENT_RECOVERY_RESERVE,5.467184543609619,OUTBOUND,-9.842894554138184,-0.2708620257773186,
0,14.333909034729004,1.129509449005127,1.4157085418701172,1.396522879600525,9.839463984011672,29.58319850422605,-3.9425904750823975,609,9,34,1,NOMINAL_OUTSIDE_CERTIFIED_SET,4.844405174255371,OUTBOUND,-9.872167587280273,-0.28259893777160605,
0,14.349061965942383,1.129847764968872,0.05639175325632095,0.05837404355406761,9.93733369599795,29.570878657409207,-3.9011712074279785,610,9,35,1,INSUFFICIENT_RECOVERY_RESERVE,2.623354196548462,OUTBOUND,-9.939777374267578,-0.2939788148335378,
0,14.230331420898438,1.1301847696304321,2.776439666748047,2.7250635623931885,9.948972065001726,29.55859274733867,-3.8677124977111816,611,9,36,1,INSUFFICIENT_RECOVERY_RESERVE,15.61103343963623,OUTBOUND,-9.888558387756348,-0.27193475779998555,
0,14.252253532409668,1.130521535873413,1.3998773097991943,1.3808289766311646,9.961364378017606,29.546318836667837,-3.8922576904296875,612,9,37,1,NOMINAL_OUTSIDE_CERTIFIED_SET,3.7750403881073,OUTBOUND,-9.874512672424316,-0.28349391743037977,
0,14.220412254333496,1.1308577060699463,1.354345440864563,1.337660789489746,9.971664358017733,29.534022861352668,-3.885223865509033,613,9,38,1,INSUFFICIENT_RECOVERY_RESERVE,0.9819949865341187,OUTBOUND,-9.851238250732422,-0.2946328225387652,
1,14.148201942443848,1.1311920881271362,1.3862249851226807,1.3715647459030151,9.98390697099967,29.52176258966819,-3.8493916988372803,614,9,39,0,,2.4388508796691895,OUTBOUND,-9.821036338806152,-0.27354149552389057,
1,14.244987487792969,1.1315271854400635,0.16270336508750916,0.1679089367389679,9.996150610008044,29.509468621236365,-3.9088244438171387,615,9,40,0,,13.483141899108887,OUTBOUND,-9.816211700439453,-0.28804306387323336,
0,14.31100082397461,1.1318637132644653,0.10237545520067215,0.10288122296333313,10.008903376001399,29.497171405748208,-3.9346506595611572,616,9,41,1,NOMINAL_OUTSIDE_CERTIFIED_SET,13.341737747192383,OUTBOUND,-9.822134017944336,-0.3348757384665616,
0,14.392335891723633,1.1322011947631836,0.14588028192520142,0.1475915014743805,10.018745659996057,29.484851648822374,-3.9258620738983154,617,9,42,1,INSUFFICIENT_RECOVERY_RESERVE,10.824129104614258,OUTBOUND,-9.887125015258789,-0.34450654600768565,
0,14.352323532104492,1.1325384378433228,1.4473193883895874,1.4230111837387085,10.029302889015526,29.472565790723362,-3.8891899585723877,618,9,43,1,INSUFFICIENT_RECOVERY_RESERVE,7.2978949546813965,OUTBOUND,-9.875934600830078,-0.31610020347280254,
0,14.443303108215332,1.1328754425048828,0.10919757932424545,0.10256989300251007,10.042900180007564,29.460291618067075,-3.8974790573120117,619,9,44,1,NOMINAL_OUTSIDE_CERTIFIED_SET,7.42711067199707,OUTBOUND,-9.954318046569824,-0.32636620634068164,
0,14.51657485961914,1.1332130432128906,1.4354908466339111,1.422743558883667,10.055009853997035,29.447997315928884,-3.909327507019043,620,9,45,1,INSUFFICIENT_RECOVERY_RESERVE,2.8156421184539795,OUTBOUND,-10.031963348388672,-0.3362077993539422,
1,14.683874130249023,1.1335527896881104,0.0756150335073471,0.06838008761405945,10.070560980006121,29.43574632653696,-3.96262526512146,621,9,46,0,,4.617255210876465,OUTBOUND,-10.123516082763672,-0.31513909590560746,
0,14.597500801086426,1.1338918209075928,1.449131727218628,1.4370054006576538,10.172766714007594,29.423471193509226,-3.884589672088623,622,9,47,1,NOMINAL_OUTSIDE_CERTIFIED_SET,6.1048054695129395,OUTBOUND,-10.150216102600098,-0.33363145373831254,
0,14.64986801147461,1.1342321634292603,1.4752875566482544,1.469165325164795,10.183775219018571,29.41118664483394,-3.936265230178833,623,9,48,1,NOMINAL_OUTSIDE_CERTIFIED_SET,7.536922454833984,OUTBOUND,-10.159015655517578,-0.3717270530988979,
0,14.717981338500977,1.1345728635787964,0.14688926935195923,0.1547217220067978,10.194806759012863,29.398894023718306,-3.9168519973754883,624,9,49,1,NO_GENERATOR_SET,4.2134599685668945,OUTBOUND,-10.26840591430664,-0.3887397605221438,
0,14.617864608764648,1.1349143981933594,4.252826690673828,4.185086727142334,10.207059439999284,29.386599373126923,-3.931840181350708,625,9,50,1,NO_GENERATOR_SET,21.62241554260254,OUTBOUND,-10.189724922180176,-0.3889327285326438,
1,14.655943870544434,1.1352556943893433,0.0663253515958786,0.07303173094987869,10.218352430005325,29.374306096495694,-3.899911642074585,626,9,51,0,,4.010752201080322,OUTBOUND,-10.242684364318848,-0.4000767567339471,
1,14.586404800415039,1.1355963945388794,1.4543826580047607,1.4327512979507446,10.229406647005817,29.361998132948568,-3.8946609497070312,627,9,52,0,,4.661571025848389,OUTBOUND,-10.186484336853027,-0.4228410939311434,
1,14.619953155517578,1.135938048362732,0.08114742487668991,0.0934062972664833,10.242078484006925,29.349651263035096,-3.9323172569274902,628,9,53,0,,5.630792140960693,OUTBOUND,-10.166374206542969,-0.40380793698867823,
0,14.555707931518555,1.136278510093689,0.10349894315004349,0.1254989206790924,10.253269739012467,29.33732868863409,-3.874250888824463,629,9,54,1,NOMINAL_OUTSIDE_CERTIFIED_SET,10.987263679504395,OUTBOUND,-10.157426834106445,-0.3477152694273158,
0,14.649581909179688,1.1366198062896729,0.08023048937320709,0.09950896352529526,10.265103704005014,29.325060347406215,-3.9267632961273193,630,9,55,1,NOMINAL_OUTSIDE_CERTIFIED_SET,9.356302261352539,OUTBOUND,-10.163995742797852,-0.2911754244131322,
0,14.57867431640625,1.1369606256484985,2.8351032733917236,2.7795956134796143,10.278200138011016,29.31284424454243,-3.8958840370178223,631,9,56,1,NOMINAL_OUTSIDE_CERTIFIED_SET,5.152494430541992,OUTBOUND,-10.140716552734375,-0.23855488896396385,
1,14.689704895019531,1.137302279472351,0.09111060947179794,0.1027878075838089,10.29075706101139,29.30068262238786,-3.926964521408081,632,9,57,0,,10.02968978881836,OUTBOUND,-10.193603515625,-0.20996395871082382,
0,14.686834335327148,1.1376445293426514,1.4935961961746216,1.4801684617996216,10.304677306005033,29.288508136048453,-3.9224300384521484,633,9,58,1,NOMINAL_OUTSIDE_CERTIFIED_SET,0.7825422883033752,OUTBOUND,-10.1952486038208,-0.181424043065004,
1,14.717217445373535,1.1379867792129517,2.8689494132995605,2.8382186889648438,10.317861276998883,29.27639033898576,-3.9123082160949707,634,9,59,0,,10.280220985412598,OUTBOUND,-10.255573272705078,-0.14228710099920017,
0,14.776308059692383,1.138330340385437,1.4714328050613403,1.450055718421936,10.335078937001526,29.26428914728625,-3.9415903091430664,635,9,60,1,NOMINAL_OUTSIDE_CERTIFIED_SET,4.659913063049316,OUTBOUND,-10.29808235168457,-0.10853978774134888,
0,14.779192924499512,1.1386734247207642,0.09325146675109863,0.08160125464200974,10.351465832005488,29.252224549428277,-3.8993771076202393,636,9,61,1,NOMINAL_OUTSIDE_CERTIFIED_SET,11.066308975219727,FAILURE,-10.321045875549316,-0.0729926324506148,
0,14.808602333068848,1.1390159130096436,0.1015668585896492,0.09094186127185822,10.461192143004155,29.9879676,-3.8956615924835205,637,10,1,1,NOMINAL_OUTSIDE_CERTIFIED_SET,7.989650249481201,OUTBOUND,-10.341890335083008,-0.010144776818907505,
0,14.858879089355469,1.1393589973449707,0.09524885565042496,0.08885616064071655,10.480447620997438,29.9758992,-3.9230947494506836,638,10,2,1,NOMINAL_OUTSIDE_CERTIFIED_SET,10.981274604797363,OUTBOUND,-10.339116096496582,-0.010487473575987347,
1,14.860499382019043,1.1397024393081665,1.499701738357544,1.4795403480529785,10.49470388001646,29.963814904324636,-3.9191629886627197,639,10,3,0,,1.2922207117080688,OUTBOUND,-10.347631454467773,0.009400800703504885,
1,14.892356872558594,1.1400458812713623,1.5302859544754028,1.5097107887268066,10.50853150599869,29.951697747198768,-3.9115116596221924,640,10,4,0,,3.062852621078491,OUTBOUND,-10.39724349975586,0.04978963938359428,
1,14.944952964782715,1.140389084815979,1.5123928785324097,1.4963232278823853,10.52064592501847,29.939553349707708,-3.90108323097229,641,10,5,0,,6.199597358703613,OUTBOUND,-10.481632232666016,0.0674779656105032,
1,14.899658203125,1.1407310962677002,0.07555551826953888,0.08332082629203796,10.53168838401325,29.927395237435118,-3.881284713745117,642,10,6,0,,7.475799560546875,OUTBOUND,-10.438127517700195,0.06511408310589749,
1,14.876275062561035,1.1410727500915527,3.0282022953033447,2.9864554405212402,10.543897827010369,29.915234671024823,-3.891638994216919,643,10,7,0,,12.409985542297363,OUTBOUND,-10.435471534729004,0.06593801496687199,
0,14.953058242797852,1.1414138078689575,0.10264276713132858,0.1129106804728508,10.555716046015732,29.903017092508765,-3.8888165950775146,644,10,8,1,NOMINAL_OUTSIDE_CERTIFIED_SET,3.550455093383789,OUTBOUND,-10.499706268310547,0.045656816981838794,
1,15.027454376220703,1.1417561769485474,1.5147453546524048,1.4915332794189453,10.568422601994826,29.8908095942295,-3.9389424324035645,645,10,9,0,,1.0309754610061646,OUTBOUND,-10.517515182495117,0.028392155876817145,
0,15.004194259643555,1.1420989036560059,1.5297598838806152,1.5091983079910278,10.58155559701845,29.878599976710426,-3.9148788452148438,646,10,10,1,NOMINAL_OUTSIDE_CERTIFIED_SET,3.6004984378814697,OUTBOUND,-10.525530815124512,0.012563549428166787,
0,14.984914779663086,1.1424421072006226,1.6284074783325195,1.603771448135376,10.594032431021333,29.866380946715417,-3.9205775260925293,647,10,11,1,NOMINAL_OUTSIDE_CERTIFIED_SET,2.514589786529541,OUTBOUND,-10.508602142333984,-0.025497224068018118,
0,15.083040237426758,1.1427863836288452,0.059127677232027054,0.06469476968050003,10.614119603997096,29.85414604619108,-3.9354019165039062,648,10,12,1,NOMINAL_OUTSIDE_CERTIFIED_SET,8.458820343017578,OUTBOUND,-10.582178115844727,-0.05932903533744052,
1,14.994263648986816,1.1431305408477783,3.106302261352539,3.0625383853912354,10.634873252012767,29.84189700469702,-3.906855821609497,649,10,13,0,,10.198132514953613,OUTBOUND,-10.542279243469238,-0.09570616144985505,
0,14.987329483032227,1.1434751749038696,1.5422085523605347,1.525019884109497,10.652923107001698,29.829601228244016,-3.923574447631836,650,10,14,1,NOMINAL_OUTSIDE_CERTIFIED_SET,0.8460195660591125,OUTBOUND,-10.516328811645508,-0.1259052849112063,
0,14.890340805053711,1.1438183784484863,3.0250377655029297,2.9795656204223633,10.753584200021578,29.817288142473295,-3.8727986812591553,651,10,15,1,INSUFFICIENT_RECOVERY_RESERVE,5.637265205383301,OUTBOUND,-10.481691360473633,-0.13510622355678079,
0,14.968539237976074,1.1441609859466553,1.531775712966919,1.5079033374786377,10.769258336018538,29.804989860864353,-3.888500452041626,652,10,16,1,NOMINAL_OUTSIDE_CERTIFIED_SET,3.995021343231201,OUTBOUND,-10.528801918029785,-0.14324972651880113,
0,14.882423400878906,1.1445013284683228,1.5686651468276978,1.5490831136703491,10.781379505002405,29.792667418395386,-3.8440279960632324,653,10,17,1,INSUFFICIENT_RECOVERY_RESERVE,8.365307807922363,OUTBOUND,-10.474003791809082,-0.15188428160388687,
1,15.064284324645996,1.1448423862457275,0.13316741585731506,0.12172210216522217,10.795988985017175,29.780377849221566,-3.914109706878662,654,10,18,0,,14.830941200256348,OUTBOUND,-10.548397064208984,-0.1276785342117487,
0,15.095972061157227,1.14518404006958,1.5757970809936523,1.5468302965164185,10.809699441015255,29.76809917065259,-3.9178061485290527,655,10,19,1,NOMINAL_OUTSIDE_CERTIFIED_SET,6.060512065887451,OUTBOUND,-10.562862396240234,-0.12407859405009954,
0,15.149876594543457,1.1455260515213013,0.19038927555084229,0.17796657979488373,10.826459706004243,29.755797007071294,-3.912055730819702,656,10,20,1,INSUFFICIENT_RECOVERY_RESERVE,14.517553329467773,OUTBOUND,-10.594839096069336,-0.14070209252410554,
0,15.176277160644531,1.1458684206008911,0.1825464963912964,0.18280960619449615,10.840836896997644,29.743509462699716,-3.9106569290161133,657,10,21,1,NOMINAL_OUTSIDE_CERTIFIED_SET,10.671839714050293,OUTBOUND,-10.613456726074219,-0.15609465216849835,
0,15.264670372009277,1.1462106704711914,4.625809669494629,4.5823540687561035,10.85735092899995,29.731192044633296,-3.898991107940674,658,10,22,1,INSUFFICIENT_RECOVERY_RESERVE,23.49394989013672,OUTBOUND,-10.7739839553833,-0.1711363005300961,
0,15.256508827209473,1.1465535163879395,1.6450157165527344,1.6206305027008057,10.873210338002536,29.718892125318046,-3.91542649269104,659,10,23,1,NOMINAL_OUTSIDE_CERTIFIED_SET,2.494173765182495,OUTBOUND,-10.752881050109863,-0.1851314134868728,
0,15.251957893371582,1.1468963623046875,3.1217427253723145,3.0717718601226807,10.885397263016785,29.706563089281932,-3.903838634490967,660,10,24,1,INSUFFICIENT_RECOVERY_RESERVE,11.88599681854248,OUTBOUND,-10.775824546813965,-0.19887226148333734,
0,15.340266227722168,1.1472398042678833,0.0821453332901001,0.08427374064922333,10.899745816015638,29.694268894075968,-3.919621467590332,661,10,25,1,INSUFFICIENT_RECOVERY_RESERVE,6.641849517822266,OUTBOUND,-10.831711769104004,-0.18841586068565094,
0,15.268702507019043,1.1475831270217896,1.593416690826416,1.5675941705703735,11.00472941499902,29.681987328469933,-3.901732921600342,662,10,26,1,NOMINAL_OUTSIDE_CERTIFIED_SET,1.235909104347229,OUTBOUND,-10.78007698059082,-0.2004413277321401,
0,15.205430030822754,1.147925615310669,0.08368057757616043,0.10425426810979843,11.023367920017336,29.669681072590393,-3.8801164627075195,663,10,27,1,INSUFFICIENT_RECOVERY_RESERVE,11.96386432647705,OUTBOUND,-10.706649780273438,-0.21231078365744321,
0,15.498470306396484,1.1482685804367065,0.06693422794342041,0.06868821382522583,11.04272180100088,29.65738987845917,-3.915109395980835,664,10,28,1,NOMINAL_OUTSIDE_CERTIFIED_SET,6.086486339569092,OUTBOUND,-10.955374717712402,-0.22370171230820146,
0,15.358738899230957,1.1486108303070068,1.6073179244995117,1.5750441551208496,11.056382626004051,29.645073962997945,-3.8817718029022217,665,10,29,1,INSUFFICIENT_RECOVERY_RESERVE,2.8424510955810547,OUTBOUND,-10.867144584655762,-0.23496684221842568,
1,15.358844757080078,1.1489518880844116,1.6765587329864502,1.6551659107208252,11.070235265011434,29.63278675127075,-3.865938901901245,666,10,30,0,,1.806288480758667,OUTBOUND,-10.87769603729248,-0.2153672946536534,
0,15.425673484802246,1.1492927074432373,1.7492039203643799,1.7248743772506714,11.082330763019854,29.620471106233754,-3.890047073364258,667,10,31,1,INSUFFICIENT_RECOVERY_RESERVE,9.06761360168457,OUTBOUND,-10.951156616210938,-0.19828213993133822,
0,15.485570907592773,1.1496340036392212,1.6654719114303589,1.6422072649002075,11.09658929699799,29.60816957097859,-3.9074554443359375,668,10,32,1,NOMINAL_OUTSIDE_CERTIFIED_SET,6.060427188873291,OUTBOUND,-10.998945236206055,-0.21794187413108845,
0,15.385283470153809,1.1499760150909424,3.2098171710968018,3.160602569580078,11.108354744006647,29.595856000474427,-3.918022394180298,669,10,33,1,INSUFFICIENT_RECOVERY_RESERVE,10.686563491821289,OUTBOUND,-10.910000801086426,-0.23644180345798435,
0,15.377443313598633,1.15031898021698,1.6683506965637207,1.6531869173049927,11.123397827002918,29.58355791330027,-3.9200685024261475,670,10,34,1,NOMINAL_OUTSIDE_CERTIFIED_SET,2.536525011062622,OUTBOUND,-10.892412185668945,-0.2535687666689799,
0,15.310905456542969,1.1506613492965698,3.192655086517334,3.138566255569458,11.13621721600066,29.571244329112393,-3.8867125511169434,671,10,35,1,INSUFFICIENT_RECOVERY_RESERVE,3.4693655967712402,OUTBOUND,-10.862936973571777,-0.2697555064848048,
0,15.395833015441895,1.1510059833526611,1.66172194480896,1.6381272077560425,11.156043638009578,29.55894762483661,-3.9592480659484863,672,10,36,1,NOMINAL_OUTSIDE_CERTIFIED_SET,4.573938846588135,OUTBOUND,-10.862088203430176,-0.2846938357019475,
0,15.384349822998047,1.1513502597808838,0.1532372087240219,0.15521427989006042,11.170405640994431,29.54662602030753,-3.891315221786499,673,10,37,1,INSUFFICIENT_RECOVERY_RESERVE,17.004711151123047,OUTBOUND,-10.87747859954834,-0.29887973434356285,
0,15.354007720947266,1.15169358253479,1.6719558238983154,1.6505928039550781,11.185023238009308,29.53433851606256,-3.8800203800201416,674,10,38,1,INSUFFICIENT_RECOVERY_RESERVE,6.399994373321533,OUTBOUND,-10.844265937805176,-0.2763003245915951,
0,15.432089805603027,1.1520377397537231,3.2311785221099854,3.1697750091552734,11.202447506017052,29.5220628044582,-3.922807455062866,675,10,39,1,NOMINAL_OUTSIDE_CERTIFIED_SET,1.3816699981689453,OUTBOUND,-10.887918472290039,-0.28950059023645025,
0,15.443553924560547,1.1523823738098145,3.24619722366333,3.200716972351074,11.219306625018362,29.509763557169375,-3.9110538959503174,676,10,40,1,INSUFFICIENT_RECOVERY_RESERVE,2.634960174560547,OUTBOUND,-10.915081024169922,-0.3020694685358625,
0,15.594329833984375,1.1527292728424072,0.14813071489334106,0.13714855909347534,11.242068345018197,29.497478583330864,-3.9691081047058105,677,10,41,1,NOMINAL_OUTSIDE_CERTIFIED_SET,18.58661460876465,OUTBOUND,-10.968775749206543,-0.31388991859184284,
0,15.558939933776855,1.153076171875,3.2500102519989014,3.2018518447875977,11.360983777994988,29.485169314354746,-3.905958414077759,678,10,42,1,INSUFFICIENT_RECOVERY_RESERVE,3.1980741024017334,OUTBOUND,-11.008191108703613,-0.3251950171465191,
0,15.620798110961914,1.1534234285354614,1.657335877418518,1.6237889528274536,11.377278680010932,29.472876479507434,-3.9191577434539795,679,10,43,1,NOMINAL_OUTSIDE_CERTIFIED_SET,2.0917012691497803,OUTBOUND,-11.060914039611816,-0.3359104100273939,
0,15.652660369873047,1.153769612312317,1.6819111108779907,1.6452821493148804,11.394412796013057,29.460557046511244,-3.8798844814300537,680,10,44,1,INSUFFICIENT_RECOVERY_RESERVE,3.864844560623169,OUTBOUND,-11.133755683898926,-0.3461960926975117,
0,15.643985748291016,1.1541146039962769,1.6996101140975952,1.6688294410705566,11.406621310015908,29.448271452671896,-3.872262716293335,681,10,45,1,INSUFFICIENT_RECOVERY_RESERVE,1.6981834173202515,OUTBOUND,-11.12861156463623,-0.31752820828804795,
0,15.675745010375977,1.1544580459594727,3.2712931632995605,3.2093396186828613,11.421296549000544,29.435997360181457,-3.862856388092041,682,10,46,1,NOMINAL_OUTSIDE_CERTIFIED_SET,14.283538818359375,OUTBOUND,-11.209525108337402,-0.32800498410547607,
0,15.682903289794922,1.1548014879226685,3.3491079807281494,3.299440383911133,11.434868379001273,29.42370023206531,-3.8962864875793457,683,10,47,1,INSUFFICIENT_RECOVERY_RESERVE,10.804524421691895,OUTBOUND,-11.20207405090332,-0.33802808436624443,
0,15.742205619812012,1.155145287513733,0.08042259514331818,0.08602330833673477,11.45205375700607,29.41141695278005,-3.908726692199707,684,10,48,1,NOMINAL_OUTSIDE_CERTIFIED_SET,7.452568054199219,OUTBOUND,-11.219778060913086,-0.34785525501686115,
0,15.575586318969727,1.15548837184906,3.3408432006835938,3.2882115840911865,11.463109366013668,29.399110009387737,-3.8809194564819336,685,10,49,1,INSUFFICIENT_RECOVERY_RESERVE,4.284738063812256,OUTBOUND,-11.092357635498047,-0.3572710321451704,
0,15.733366966247559,1.1558313369750977,0.1723513901233673,0.18461687862873077,11.477310020010918,29.38683298108309,-3.8897705078125,686,10,50,1,NOMINAL_OUTSIDE_CERTIFIED_SET,12.9956693649292,OUTBOUND,-11.213531494140625,-0.36080852479468584,
0,15.730167388916016,1.1561732292175293,0.14168304204940796,0.1549164205789566,11.496102136996342,29.374544703312825,-3.8680381774902344,687,10,51,1,NOMINAL_OUTSIDE_CERTIFIED_SET,14.640385627746582,OUTBOUND,-11.198729515075684,-0.3894205290137391,
0,15.886026382446289,1.1565159559249878,1.7762982845306396,1.751915454864502,11.514014668995515,29.362248918479636,-3.9157538414001465,688,10,52,1,NO_GENERATOR_SET,0.8510890603065491,OUTBOUND,-11.306373596191406,-0.39856077980550236,
0,15.805091857910156,1.1568576097488403,3.4225716590881348,3.3649768829345703,11.531389192008646,29.349952863926728,-3.863614082336426,689,10,53,1,NO_GENERATOR_SET,12.189210891723633,OUTBOUND,-11.326141357421875,-0.39239421257022644,
0,15.952210426330566,1.1572003364562988,1.7862156629562378,1.7533806562423706,11.54970012101694,29.337664668228534,-3.920926570892334,690,10,54,1,NOMINAL_OUTSIDE_CERTIFIED_SET,1.0416098833084106,OUTBOUND,-11.40561294555664,-0.37465734111369536,
1,15.866389274597168,1.1575429439544678,0.12172019481658936,0.13068042695522308,11.678670665016398,29.32539940459931,-3.887115478515625,691,10,55,0,,8.515365600585938,OUTBOUND,-11.342730522155762,-0.37762618153801925,
0,15.975707054138184,1.1578857898712158,1.7305445671081543,1.6880595684051514,11.703086157009238,29.313083436507913,-3.901897430419922,692,10,56,1,NOMINAL_OUTSIDE_CERTIFIED_SET,1.239945888519287,OUTBOUND,-11.433106422424316,-0.36738830935577754,
1,15.932228088378906,1.1582279205322266,0.1208384707570076,0.12805885076522827,11.73128210302093,29.30083859482767,-3.873732805252075,693,10,57,0,,9.247993469238281,OUTBOUND,-11.408018112182617,-0.34789928630601896,
0,16.016462326049805,1.1585716009140015,0.1308739185333252,0.13636453449726105,11.747480168996844,29.288551648827738,-3.9346418380737305,694,10,58,1,NOMINAL_OUTSIDE_CERTIFIED_SET,11.105997085571289,OUTBOUND,-11.400445938110352,-0.3264466043774024,
0,16.04499626159668,1.1589150428771973,1.7899725437164307,1.7657018899917603,11.765641093021259,29.276307858628982,-3.8849854469299316,695,10,59,1,NOMINAL_OUTSIDE_CERTIFIED_SET,4.401451110839844,OUTBOUND,-11.497086524963379,-0.2725344539974,
1,16.119159698486328,1.1592590808868408,0.08795272558927536,0.0961078330874443,11.781218776013702,29.26412619828082,-3.91198992729187,696,10,60,0,,3.1958858966827393,OUTBOUND,-11.532796859741211,-0.26481804288746075,
1,16.080629348754883,1.1596033573150635,3.518981695175171,3.4611008167266846,11.803654715011362,29.2519279534255,-3.902682304382324,697,10,61,0,,17.653621673583984,OUTBOUND,-11.545392990112305,-0.27076499366021856,
1,16.12047576904297,1.1599493026733398,3.5037899017333984,3.444314956665039,11.81899339100346,29.239741275562793,-3.938610792160034,698,10,62,0,,22.213443756103516,OUTBOUND,-11.615979194641113,-0.2576532799713546,
1,15.988986015319824,1.1602953672409058,1.7862863540649414,1.7665797472000122,11.835869399015792,29.227556911744692,-3.902980089187622,699,10,63,0,,3.2003543376922607,OUTBOUND,-11.526664733886719,-0.2418550554605435,
1,15.956182479858398,1.1606409549713135,0.11989128589630127,0.13869374990463257,11.85213822600781,29.215373712106025,-3.8874666690826416,700,10,64,0,,15.460351943969727,OUTBOUND,-11.434252738952637,-0.21533504601733838,
0,16.06516456604004,1.1609870195388794,1.8007415533065796,1.7767513990402222,11.868663061002735,29.203214949126817,-3.9116523265838623,701,10,65,1,INSUFFICIENT_RECOVERY_RESERVE,2.551820755004883,OUTBOUND,-11.541196823120117,-0.19557357053711966,
0,16.01683807373047,1.1613332033157349,1.8732757568359375,1.844016194343567,12.000352842995198,29.191072487475473,-3.9008889198303223,702,10,66,1,INSUFFICIENT_RECOVERY_RESERVE,4.1617512702941895,OUTBOUND,-11.482561111450195,-0.1777600006215138,
0,16.0521183013916,1.161679744720459,0.14319774508476257,0.16627059876918793,12.017049871006748,29.178944616263514,-3.9109344482421875,703,10,67,1,INSUFFICIENT_RECOVERY_RESERVE,15.738362312316895,OUTBOUND,-11.47905158996582,-0.16158120243056623,
0,16.11704444885254,1.1620268821716309,1.8500003814697266,1.8344978094100952,12.034507300995756,29.166829811034898,-3.915027618408203,704,10,68,1,INSUFFICIENT_RECOVERY_RESERVE,4.369882583618164,OUTBOUND,-11.542839050292969,-0.14690366245007916,
0,16.120946884155273,1.162373423576355,1.8741204738616943,1.8464256525039673,12.048299464018783,29.15472671220748,-3.885702610015869,705,10,69,1,INSUFFICIENT_RECOVERY_RESERVE,1.0502338409423828,OUTBOUND,-11.565055847167969,-0.133600929388326,
0,16.16421127319336,1.1627209186553955,3.536815881729126,3.4707179069519043,12.064718595007434,29.142634106224257,-3.9264566898345947,706,10,70,1,INSUFFICIENT_RECOVERY_RESERVE,6.431710243225098,OUTBOUND,-11.577950477600098,-0.12155427264184053,
0,16.229841232299805,1.1630700826644897,0.16332055628299713,0.16981615126132965,12.077698021021206,29.130550909038135,-3.9439501762390137,707,10,71,1,INSUFFICIENT_RECOVERY_RESERVE,14.823177337646484,OUTBOUND,-11.597476959228516,-0.11065296674127226,
0,16.220561981201172,1.1634204387664795,1.9020154476165771,1.8819539546966553,12.091306386020733,29.118476151611635,-3.9377028942108154,708,10,72,1,INSUFFICIENT_RECOVERY_RESERVE,8.110143661499023,OUTBOUND,-11.576025009155273,-0.10079431198891226,
0,16.38007926940918,1.1637705564498901,0.12224479019641876,0.11628326773643494,12.103822461009258,29.106408967161002,-3.905219316482544,709,10,73,1,INSUFFICIENT_RECOVERY_RESERVE,9.414691925048828,OUTBOUND,-11.761916160583496,-0.09188347242637679,
0,16.400447845458984,1.1641221046447754,3.6710824966430664,3.6358518600463867,12.116541424009483,29.09434857991434,-3.944974660873413,710,10,74,1,INSUFFICIENT_RECOVERY_RESERVE,15.717034339904785,OUTBOUND,-11.776498794555664,-0.08383319080305654,
0,16.39081382751465,1.164474368095398,3.683600664138794,3.6496920585632324,12.13303733599605,29.082294295187054,-3.929116725921631,711,10,75,1,INSUFFICIENT_RECOVERY_RESERVE,16.41376495361328,OUTBOUND,-11.826279640197754,-0.07656342431190954,
0,16.396995544433594,1.1648271083831787,0.11698324978351593,0.1262204796075821,12.148293498001294,29.07024549060622,-3.9290661811828613,712,10,76,1,INSUFFICIENT_RECOVERY_RESERVE,7.5201945304870605,OUTBOUND,-11.813676834106445,-0.07000093304734946,
0,16.241445541381836,1.1651793718338013,5.464016914367676,5.374095916748047,12.168144588998985,29.05820160833918,-3.9003350734710693,713,10,77,1,INSUFFICIENT_RECOVERY_RESERVE,22.69056510925293,OUTBOUND,-11.739276885986328,-0.06407884435063334,
0,16.340349197387695,1.1655311584472656,1.8938685655593872,1.872373104095459,12.182977680000477,29.04616214820197,-3.897958517074585,714,10,78,1,INSUFFICIENT_RECOVERY_RESERVE,0.9990746974945068,OUTBOUND,-11.843805313110352,-0.05873620966071286,
0,16.373178482055664,1.1658838987350464,0.15933796763420105,0.18123604357242584,12.1957709529961,29.034126661540014,-3.9401087760925293,715,10,79,1,INSUFFICIENT_RECOVERY_RESERVE,14.191483497619629,OUTBOUND,-11.800082206726074,-0.0539175656120794,
0,16.377059936523438,1.1662365198135376,0.12910664081573486,0.1510189324617386,12.209512847999576,29.022094745788095,-3.907604455947876,716,10,80,1,INSUFFICIENT_RECOVERY_RESERVE,13.268041610717773,OUTBOUND,-11.800638198852539,-0.049572507490934545,
0,16.339921951293945,1.1665880680084229,0.23239167034626007,0.25824248790740967,12.223878337012138,29.010066039628878,-3.884970188140869,717,10,81,1,INSUFFICIENT_RECOVERY_RESERVE,16.985769271850586,OUTBOUND,-11.762524604797363,-0.04565528046687393,
0,16.48885726928711,1.1669402122497559,0.18475627899169922,0.21365119516849518,12.324732102017151,28.99804021867977,-3.9257612228393555,718,10,82,1,INSUFFICIENT_RECOVERY_RESERVE,15.84237003326416,OUTBOUND,-11.809118270874023,-0.042124392025150684,
0,16.56103515625,1.1672922372817993,1.9652652740478516,1.950325846672058,12.336438892001752,28.98601699164686,-3.907961368560791,719,10,83,1,INSUFFICIENT_RECOVERY_RESERVE,3.9579691886901855,OUTBOUND,-11.926107406616211,-0.03894224755922981,
0,16.4853572845459,1.1676427125930786,2.0008883476257324,1.9915920495986938,12.348391064995667,28.973996096892485,-3.86964750289917,720,10,84,1,INSUFFICIENT_RECOVERY_RESERVE,0.7736629843711853,OUTBOUND,-11.901809692382812,-0.03607481001716141,
0,16.702238082885742,1.1679930686950684,0.12362314760684967,0.14181797206401825,12.360578145016916,28.961977299369497,-3.90495228767395,721,10,85,1,INSUFFICIENT_RECOVERY_RESERVE,1.8775570392608643,OUTBOUND,-12.080513000488281,-0.033491283727463614,
0,16.736608505249023,1.1683427095413208,0.1320631057024002,0.15385067462921143,12.37268289399799,28.949960387881124,-3.8828439712524414,722,10,86,1,INSUFFICIENT_RECOVERY_RESERVE,6.484070301055908,FAILURE,-12.153502464294434,-10.031163821986615,
1,16.696455001831055,1.1686925888061523,2.0106492042541504,2.0128681659698486,12.391451599018183,29.987987647094247,-3.909712076187134,723,11,1,0,,14.434823036193848,OUTBOUND,-12.130413055419922,0.004418912662969713,
0,16.73810386657715,1.169043779373169,1.978107213973999,1.9467025995254517,12.406036458007293,29.975922899690538,-3.9419057369232178,724,11,2,1,NOMINAL_OUTSIDE_CERTIFIED_SET,16.80538558959961,OUTBOUND,-12.171645164489746,0.014498093972607694,
0,16.540891647338867,1.1693953275680542,5.883022785186768,5.813753128051758,12.419006664014887,29.963826796674137,-3.9134809970855713,725,11,3,1,NOMINAL_OUTSIDE_CERTIFIED_SET,38.909244537353516,OUTBOUND,-12.103432655334473,0.005891180882185349,
0,16.600250244140625,1.1697462797164917,0.06388670206069946,0.07099233567714691,12.431861581018893,29.9516985021318,-3.890821695327759,726,11,4,1,NOMINAL_OUTSIDE_CERTIFIED_SET,5.374065399169922,OUTBOUND,-12.142553329467773,-0.0024101951085819667,
0,16.480924606323242,1.170096755027771,1.9800833463668823,1.9624615907669067,12.445487451012013,29.939537262576835,-3.8957107067108154,727,11,5,1,NOMINAL_OUTSIDE_CERTIFIED_SET,8.876279830932617,OUTBOUND,-11.979135513305664,-0.011145275794822959,
0,16.3237247467041,1.1704468727111816,1.984434723854065,1.9866362810134888,12.461140991013963,29.927342413335428,-3.893022060394287,728,11,6,1,NOMINAL_OUTSIDE_CERTIFIED_SET,15.732236862182617,OUTBOUND,-11.796773910522461,-0.021057204263730107,
0,16.442840576171875,1.1707966327667236,0.2512882947921753,0.29914534091949463,12.480483924999135,29.915112964174078,-3.8941543102264404,729,11,7,1,NOMINAL_OUTSIDE_CERTIFIED_SET,27.413860321044922,OUTBOUND,-11.840080261230469,-0.03288230069761533,
0,16.45366668701172,1.171144723892212,2.0185489654541016,2.0174903869628906,12.496375699003693,29.902846228362453,-3.8550140857696533,730,11,8,1,NOMINAL_OUTSIDE_CERTIFIED_SET,12.988043785095215,OUTBOUND,-11.887320518493652,-0.04734004824449919,
0,16.543540954589844,1.1714943647384644,2.0980029106140137,2.0937869548797607,12.598487764014862,29.890556936750134,-3.9397401809692383,731,11,9,1,INSUFFICIENT_RECOVERY_RESERVE,17.764392852783203,OUTBOUND,-11.834160804748535,-0.05827234518309329,
0,16.76958465576172,1.171844482421875,2.0384013652801514,2.0090630054473877,12.611885996011551,29.878280425202526,-3.9150936603546143,732,11,10,1,NOMINAL_OUTSIDE_CERTIFIED_SET,4.381984233856201,OUTBOUND,-12.08212661743164,-0.06934363653155297,
0,16.830387115478516,1.1721946001052856,1.972331166267395,1.9535709619522095,12.623121330019785,29.865980440000303,-3.899052381515503,733,11,11,1,INSUFFICIENT_RECOVERY_RESERVE,1.457499623298645,OUTBOUND,-12.160055160522461,-0.08072127562807259,
0,16.95990562438965,1.1725448369979858,2.0321273803710938,2.0037992000579834,12.640613811003277,29.853695431831305,-3.9042856693267822,734,11,12,1,NOMINAL_OUTSIDE_CERTIFIED_SET,4.223663330078125,OUTBOUND,-12.305354118347168,-0.09224148344020887,
0,16.946285247802734,1.172896146774292,3.9769182205200195,3.9509406089782715,12.65473421200295,29.84138605245988,-3.9313604831695557,735,11,13,1,INSUFFICIENT_RECOVERY_RESERVE,18.030620574951172,OUTBOUND,-12.316530227661133,-0.1040030305875268,
0,17.032590866088867,1.1732481718063354,2.281362533569336,2.279845714569092,12.670513944001868,29.829093633129443,-3.9208438396453857,736,11,14,1,NOMINAL_OUTSIDE_CERTIFIED_SET,18.224018096923828,OUTBOUND,-12.462937355041504,-0.11590159152439336,
0,16.938861846923828,1.1736007928848267,0.13940653204917908,0.1408442258834839,12.683403624017956,29.81677596746344,-3.9235899448394775,737,11,15,1,INSUFFICIENT_RECOVERY_RESERVE,8.241422653198242,OUTBOUND,-12.3361234664917,-0.1279708536525037,
0,17.005327224731445,1.1739542484283447,0.12898461520671844,0.14340336620807648,12.698436038015643,29.80449200692412,-3.9274861812591553,738,11,16,1,INSUFFICIENT_RECOVERY_RESERVE,6.059425354003906,OUTBOUND,-12.38319206237793,-0.12552699230902856,
0,16.858808517456055,1.1743067502975464,2.1368539333343506,2.1192431449890137,12.712477424996905,29.792219744726786,-3.8845815658569336,739,11,17,1,NOMINAL_OUTSIDE_CERTIFIED_SET,4.398116588592529,OUTBOUND,-12.286029815673828,-0.13637307310541005,
0,16.95550537109375,1.1746598482131958,0.1377038210630417,0.1565307229757309,12.724520296993433,29.77992519274227,-3.922194719314575,740,11,18,1,INSUFFICIENT_RECOVERY_RESERVE,4.024823188781738,OUTBOUND,-12.347553253173828,-0.14737670551040397,
0,16.857532501220703,1.1750119924545288,2.084282636642456,2.0797266960144043,12.74290066800313,29.76764455758996,-3.8823516368865967,741,11,19,1,NOMINAL_OUTSIDE_CERTIFIED_SET,2.2857916355133057,OUTBOUND,-12.293665885925293,-0.1586335028350401,
0,16.976924896240234,1.1753655672073364,3.9719409942626953,3.8895466327667236,12.845262639020802,29.755340509378073,-3.941312789916992,742,11,20,1,INSUFFICIENT_RECOVERY_RESERVE,12.586251258850098,OUTBOUND,-12.369453430175781,-0.16997304667081428,
0,16.881793975830078,1.1757198572158813,2.1252338886260986,2.119900941848755,12.864327481016517,29.74305240632856,-3.9269299507141113,743,11,21,1,NOMINAL_OUTSIDE_CERTIFIED_SET,1.6695960760116577,OUTBOUND,-12.295111656188965,-0.18152643809958263,
0,16.908849716186523,1.1760741472244263,2.200951337814331,2.1846604347229004,12.877822832000675,29.730739821435403,-3.9086756706237793,744,11,22,1,INSUFFICIENT_RECOVERY_RESERVE,3.3492915630340576,OUTBOUND,-12.324594497680664,-0.19308912341410808,
0,16.867218017578125,1.176428198814392,2.1360790729522705,2.1197218894958496,12.895877086994005,29.718460389099548,-3.9048147201538086,745,11,23,1,INSUFFICIENT_RECOVERY_RESERVE,11.59511661529541,OUTBOUND,-12.243996620178223,-0.18296286206090823,
0,16.968809127807617,1.1767832040786743,7.847395896911621,7.734338760375977,12.91412122201291,29.706191841131734,-3.9347939491271973,746,11,24,1,NOMINAL_OUTSIDE_CERTIFIED_SET,30.43450164794922,OUTBOUND,-12.39335823059082,-0.19390540080393032,
0,16.942380905151367,1.1771372556686401,0.2153371274471283,0.21889901161193848,12.930833866994362,29.693901519295622,-3.8830080032348633,747,11,25,1,INSUFFICIENT_RECOVERY_RESERVE,18.279056549072266,OUTBOUND,-12.379199028015137,-0.20481076906218892,
0,16.796720504760742,1.1774907112121582,5.892516136169434,5.799671173095703,12.94610196101712,29.681624354567365,-3.8933820724487305,748,11,26,1,NOMINAL_OUTSIDE_CERTIFIED_SET,9.581835746765137,OUTBOUND,-12.247085571289062,-0.21597907244420753,
0,16.790861129760742,1.1778451204299927,4.105705738067627,4.067904949188232,12.958190622011898,29.66932418138517,-3.9311084747314453,749,11,27,1,INSUFFICIENT_RECOVERY_RESERVE,7.515047550201416,OUTBOUND,-12.176254272460938,-0.22704733947041073,
0,16.809261322021484,1.1781996488571167,2.173576831817627,2.1331231594085693,12.975119092996465,29.65703925358444,-3.9125680923461914,750,11,28,1,NOMINAL_OUTSIDE_CERTIFIED_SET,20.616546630859375,OUTBOUND,-12.157377243041992,-0.23832110015612729,
0,16.952472686767578,1.1785551309585571,2.2250068187713623,2.188971519470215,12.990225311019458,29.644730162163466,-3.931880235671997,751,11,29,1,INSUFFICIENT_RECOVERY_RESERVE,16.7288818359375,OUTBOUND,-12.251396179199219,-0.24943726714819206,
0,17.092552185058594,1.178910493850708,0.23504972457885742,0.22537221014499664,13.003254348994233,29.63245384507017,-3.9094533920288086,752,11,30,1,INSUFFICIENT_RECOVERY_RESERVE,20.003427505493164,OUTBOUND,-12.377516746520996,-0.23245107140744314,
0,17.191707611083984,1.1792666912078857,2.1704533100128174,2.144706964492798,13.027186374005396,29.620187867235476,-3.9314773082733154,753,11,31,1,NOMINAL_OUTSIDE_CERTIFIED_SET,7.925670146942139,OUTBOUND,-12.457565307617188,-0.24346591468608328,
0,17.31304168701172,1.1796212196350098,0.138620525598526,0.1419467031955719,13.040938371006632,29.607900310396797,-3.86879301071167,754,11,32,1,INSUFFICIENT_RECOVERY_RESERVE,10.04004955291748,OUTBOUND,-12.620756149291992,-0.2542564928618251,
1,17.38784408569336,1.1799755096435547,0.14675727486610413,0.1549777239561081,13.056205497996416,29.59565491996976,-3.898122549057007,755,11,33,0,,7.474450588226318,OUTBOUND,-12.654640197753906,-0.24436595441468856,
0,17.596221923828125,1.180329442024231,0.10606290400028229,0.1232345849275589,13.069877749017905,29.583362320838045,-3.901158332824707,756,11,34,1,NOMINAL_OUTSIDE_CERTIFIED_SET,4.775866985321045,OUTBOUND,-12.881474494934082,-0.26755151028866275,
0,17.681713104248047,1.1806840896606445,0.19218328595161438,0.20339861512184143,13.173580566013698,29.57104914838364,-3.9199955463409424,757,11,35,1,INSUFFICIENT_RECOVERY_RESERVE,17.4968318939209,OUTBOUND,-13.004408836364746,-0.2807792539897711,
0,17.64722442626953,1.181038498878479,2.272712469100952,2.247565507888794,13.186049076000927,29.558753087665618,-3.903347969055176,758,11,36,1,NOMINAL_OUTSIDE_CERTIFIED_SET,21.528289794921875,OUTBOUND,-13.021625518798828,-0.2937648082219464,
0,17.52198600769043,1.1813932657241821,4.371447563171387,4.2820234298706055,13.196290221007075,29.546434821429532,-3.914602518081665,759,11,37,1,INSUFFICIENT_RECOVERY_RESERVE,30.220186233520508,OUTBOUND,-12.942962646484375,-0.3061869893502926,
0,17.59250831604004,1.1817489862442017,2.2088499069213867,2.1473007202148438,13.210839183011558,29.5341503081514,-3.931455135345459,760,11,38,1,INSUFFICIENT_RECOVERY_RESERVE,20.30952262878418,OUTBOUND,-13.039642333984375,-0.28251827925177403,
0,17.422035217285156,1.1821030378341675,0.0978715568780899,0.10164355486631393,13.228429048001999,29.521877382891944,-3.8629775047302246,761,11,39,1,NOMINAL_OUTSIDE_CERTIFIED_SET,2.366827964782715,OUTBOUND,-12.946084022521973,-0.2949051871733216,
0,17.414005279541016,1.182458519935608,0.1235024705529213,0.15376931428909302,13.242788336996455,29.509584488303833,-3.945977210998535,762,11,40,1,INSUFFICIENT_RECOVERY_RESERVE,11.489489555358887,OUTBOUND,-12.804278373718262,-0.30672121946859493,
0,17.253602981567383,1.182814598083496,4.277197360992432,4.201203346252441,13.263650339999003,29.497305212643962,-3.9187252521514893,763,11,41,1,NOMINAL_OUTSIDE_CERTIFIED_SET,10.820945739746094,OUTBOUND,-12.696653366088867,-0.31835157755399174,
0,17.214519500732422,1.1831682920455933,2.1962478160858154,2.1769931316375732,13.28022727300413,29.48500315246326,-3.8504910469055176,764,11,42,1,INSUFFICIENT_RECOVERY_RESERVE,4.306858062744141,OUTBOUND,-12.727485656738281,-0.3294545624881544,
0,17.091890335083008,1.183522343635559,0.40375518798828125,0.4535117745399475,13.293890902015846,29.47271673187212,-3.907322645187378,765,11,43,1,NOMINAL_OUTSIDE_CERTIFIED_SET,30.78058624267578,OUTBOUND,-12.451571464538574,-0.34037443656672933,
0,17.21710968017578,1.1838750839233398,4.266653060913086,4.20166015625,13.305225031013833,29.460404562357574,-3.8720102310180664,766,11,44,1,INSUFFICIENT_RECOVERY_RESERVE,2.0163919925689697,OUTBOUND,-12.612442970275879,-0.3508049767492601,
0,17.353485107421875,1.1842268705368042,2.2367076873779297,2.196502685546875,13.316084006015444,29.448125495865522,-3.8729655742645264,767,11,45,1,INSUFFICIENT_RECOVERY_RESERVE,15.00472640991211,OUTBOUND,-12.699512481689453,-0.3214174865742438,
0,17.512271881103516,1.1845810413360596,0.26395753026008606,0.22613513469696045,13.330654478020733,29.435857203984746,-3.9577925205230713,768,11,46,1,NOMINAL_OUTSIDE_CERTIFIED_SET,26.448453903198242,OUTBOUND,-12.714556694030762,-0.3324221118654452,
0,17.6422119140625,1.1849349737167358,0.1654711812734604,0.13224413990974426,13.34863769999356,29.423570573028723,-3.897714376449585,769,11,47,1,NOMINAL_OUTSIDE_CERTIFIED_SET,12.805923461914062,OUTBOUND,-12.909027099609375,-0.37608230388877767,
0,17.664539337158203,1.1852883100509644,2.2478461265563965,2.2163608074188232,13.360162669006968,29.41125212081545,-3.8857192993164062,770,11,48,1,INSUFFICIENT_RECOVERY_RESERVE,3.2590572834014893,OUTBOUND,-12.948598861694336,-0.37765577302645953,
0,17.6877384185791,1.1856399774551392,2.17826247215271,2.152696371078491,13.465058380010305,29.398984350367805,-3.8556296825408936,771,11,49,1,NOMINAL_OUTSIDE_CERTIFIED_SET,5.57505989074707,OUTBOUND,-13.041146278381348,-0.3663913600465722,
0,17.702001571655273,1.1859925985336304,4.435127258300781,4.421165943145752,13.486563654994825,29.386711023834962,-3.9216580390930176,772,11,50,1,NOMINAL_OUTSIDE_CERTIFIED_SET,20.059797286987305,OUTBOUND,-13.040985107421875,-0.3703285424440015,
0,17.74973487854004,1.1863446235656738,0.224746435880661,0.23448924720287323,13.505853998998646,29.374439659988692,-3.8811511993408203,773,11,51,1,NOMINAL_OUTSIDE_CERTIFIED_SET,5.360814094543457,OUTBOUND,-13.131650924682617,-0.3610410399483841,
0,17.85565185546875,1.1866977214813232,0.1052924245595932,0.1258476972579956,13.520738999999594,29.36217781804462,-3.922480583190918,774,11,52,1,NOMINAL_OUTSIDE_CERTIFIED_SET,0.8272957801818848,OUTBOUND,-13.184778213500977,-0.34193749838900156,
1,17.79400634765625,1.187051773071289,0.1497715413570404,0.1741311103105545,13.533343272021739,29.349941149577464,-3.9200334548950195,775,11,53,0,,5.679155349731445,OUTBOUND,-13.101678848266602,-0.32420624152220123,
1,17.881481170654297,1.1874052286148071,2.2711150646209717,2.206052303314209,13.547071626002435,29.337688867966683,-3.888540744781494,776,11,54,0,,15.0070161819458,OUTBOUND,-13.268558502197266,-0.31182939471334603,
1,17.737438201904297,1.1877562999725342,2.32485032081604,2.2932016849517822,13.560345558013069,29.325404569785363,-3.8331828117370605,777,11,55,0,,7.429287433624268,OUTBOUND,-13.213329315185547,-0.2846808291785905,
0,17.739103317260742,1.188106894493103,2.3052070140838623,2.270387649536133,13.573434056015685,29.3131479584744,-3.882084846496582,778,11,56,1,NOMINAL_OUTSIDE_CERTIFIED_SET,7.179985523223877,OUTBOUND,-13.170980453491211,-0.24474868535805025,
0,17.801700592041016,1.1884592771530151,0.13403449952602386,0.16325607895851135,13.58600450400263,29.300937604410997,-3.933417320251465,779,11,57,1,NOMINAL_OUTSIDE_CERTIFIED_SET,12.025795936584473,OUTBOUND,-13.134942054748535,-0.205715655952311,
0,17.845359802246094,1.1888117790222168,2.352606773376465,2.312727689743042,13.59819569499814,29.28877644172606,-3.8997442722320557,780,11,58,1,NOMINAL_OUTSIDE_CERTIFIED_SET,10.5639066696167,OUTBOUND,-13.2393798828125,-0.16752034252631892,
0,17.76952362060547,1.1891660690307617,2.183379650115967,2.13545298576355,13.610689023014857,29.27665730431155,-3.941406488418579,781,11,59,1,NOMINAL_OUTSIDE_CERTIFIED_SET,2.600644588470459,OUTBOUND,-13.1293363571167,-0.13328874816464287,
1,17.661590576171875,1.1895207166671753,0.2524709403514862,0.2421448826789856,13.623258255014662,29.264577138663284,-3.904827833175659,782,11,60,0,,18.9321231842041,OUTBOUND,-13.002180099487305,-0.12533178738980988,
1,17.835298538208008,1.1898760795593262,0.19136708974838257,0.18383291363716125,13.71288049701252,29.252458015384654,-3.92250657081604,783,11,61,0,,15.18167495727539,FAILURE,-13.120586395263672,-0.12815910503448924,
0,17.7519588470459,1.1902309656143188,0.19362229108810425,0.17463979125022888,13.729695529007586,29.9879676,-3.886157512664795,784,12,1,1,NOMINAL_OUTSIDE_CERTIFIED_SET,21.0363712310791,OUTBOUND,-13.036811828613281,-0.010144776818907505,
0,17.922256469726562,1.1905856132507324,2.342142343521118,2.3221921920776367,13.74583934500697,29.9758992,-3.892355442047119,785,12,2,1,NOMINAL_OUTSIDE_CERTIFIED_SET,2.9231839179992676,OUTBOUND,-13.207901954650879,-0.010487473575987347,
1,18.135225296020508,1.1909416913986206,2.368292808532715,2.355607748031616,13.767673408001428,29.96381698338664,-3.936626434326172,786,12,3,0,,8.61358642578125,OUTBOUND,-13.418331146240234,0.007750902848497365,
0,18.067333221435547,1.1912978887557983,4.576893329620361,4.54958438873291,13.781385720008984,29.951689377159436,-3.9071483612060547,787,12,4,1,NOMINAL_OUTSIDE_CERTIFIED_SET,21.22133445739746,OUTBOUND,-13.432929039001465,0.01978634981249567,
1,17.977035522460938,1.1916558742523193,2.361823320388794,2.3420674800872803,13.79702955900575,29.939564156645037,-3.9463438987731934,788,12,5,0,,4.981141090393066,OUTBOUND,-13.302346229553223,0.0140868251224437,
0,17.9588623046875,1.1920149326324463,2.4295692443847656,2.405261516571045,13.808030918007717,29.927392960104697,-3.934861183166504,789,12,6,1,NOMINAL_OUTSIDE_CERTIFIED_SET,7.570120811462402,OUTBOUND,-13.310254096984863,0.00712675347626707,
0,17.998144149780273,1.1923761367797852,0.21440277993679047,0.24102455377578735,13.819329050020315,29.91519482442233,-3.9669528007507324,790,12,7,1,NOMINAL_OUTSIDE_CERTIFIED_SET,15.65006160736084,OUTBOUND,-13.269779205322266,-0.009337710582291655,
0,17.80422019958496,1.1927379369735718,11.215091705322266,10.98236083984375,13.830385701003252,29.902967910123255,-3.9276773929595947,791,12,8,1,NOMINAL_OUTSIDE_CERTIFIED_SET,48.950340270996094,OUTBOUND,-13.220724105834961,-0.02632970025355273,
1,17.83139419555664,1.193101406097412,0.24099521338939667,0.2859010398387909,13.842305118014337,29.890730237620403,-3.9602108001708984,792,12,9,0,,22.92574691772461,OUTBOUND,-13.158353805541992,-0.059762380167721015,
0,17.895448684692383,1.1934641599655151,0.23769153654575348,0.28629863262176514,13.854696270020213,29.878445373301886,-3.9023163318634033,793,12,10,1,NOMINAL_OUTSIDE_CERTIFIED_SET,24.058151245117188,OUTBOUND,-13.2398099899292,-0.08873261229183897,
0,17.89898109436035,1.1938284635543823,4.572239875793457,4.510090351104736,13.864677172008669,29.866141527033744,-3.955061435699463,794,12,11,1,INSUFFICIENT_RECOVERY_RESERVE,2.3360273838043213,OUTBOUND,-13.182744026184082,-0.09441560956631828,
0,17.95098114013672,1.194191575050354,4.545872688293457,4.4756646156311035,13.875904282002011,29.853851734153476,-3.893620729446411,795,12,12,1,NOMINAL_OUTSIDE_CERTIFIED_SET,2.088662624359131,OUTBOUND,-13.29554557800293,-0.10073591917819985,
0,17.930383682250977,1.1945552825927734,0.2818273603916168,0.2998622953891754,13.88654026100994,29.84154178050685,-3.9313488006591797,796,12,13,1,INSUFFICIENT_RECOVERY_RESERVE,27.38351821899414,OUTBOUND,-13.16830062866211,-0.1078115459054638,
0,18.06731414794922,1.1949193477630615,2.4618070125579834,2.4426300525665283,13.898011793993646,29.82924763701447,-3.9308571815490723,797,12,14,1,NOMINAL_OUTSIDE_CERTIFIED_SET,11.106870651245117,OUTBOUND,-13.268453598022461,-0.11560477717291658,
0,18.211490631103516,1.1952823400497437,2.6479806900024414,2.629154920578003,13.993429598020157,29.816932018206415,-3.8918120861053467,798,12,15,1,INSUFFICIENT_RECOVERY_RESERVE,3.1767499446868896,OUTBOUND,-13.473118782043457,-0.12399300068658475,
1,18.33316993713379,1.1956452131271362,0.14402486383914948,0.1268242746591568,14.006292512000073,29.80466462859945,-3.914818048477173,799,12,16,0,,13.675398826599121,OUTBOUND,-13.563322067260742,-0.12861195538504785,
0,18.237091064453125,1.1960079669952393,2.479503631591797,2.4528534412384033,14.01937260600971,29.79237314502874,-3.9131126403808594,800,12,17,1,NOMINAL_OUTSIDE_CERTIFIED_SET,3.0756969451904297,OUTBOUND,-13.470382690429688,-0.1435215131359277,
0,18.357309341430664,1.1963707208633423,0.2896398901939392,0.2990065813064575,14.02955689499504,29.780060642104,-3.915365695953369,801,12,18,1,INSUFFICIENT_RECOVERY_RESERVE,2.5033750534057617,OUTBOUND,-13.60329818725586,-0.15145302998576052,
0,18.41706657409668,1.196732997894287,2.4778339862823486,2.48390793800354,14.041987314994913,29.76776518387717,-3.905418872833252,802,12,19,1,NOMINAL_OUTSIDE_CERTIFIED_SET,14.252256393432617,OUTBOUND,-13.700809478759766,-0.16029165590580252,
0,18.395692825317383,1.1970967054367065,4.875058174133301,4.831212997436523,14.051979231007863,29.755447097629688,-3.9473683834075928,803,12,20,1,INSUFFICIENT_RECOVERY_RESERVE,25.55735969543457,OUTBOUND,-13.693190574645996,-0.16952329386240045,
0,18.349849700927734,1.1974595785140991,0.2060205638408661,0.20340195298194885,14.06308876699768,29.7431627537308,-3.900646448135376,804,12,21,1,INSUFFICIENT_RECOVERY_RESERVE,3.3752286434173584,OUTBOUND,-13.700531959533691,-0.1623129408941182,
0,18.30845832824707,1.1978209018707275,2.5237138271331787,2.5000810623168945,14.075479702005396,29.73088999717171,-3.8713538646698,805,12,22,1,NOMINAL_OUTSIDE_CERTIFIED_SET,4.01064395904541,OUTBOUND,-13.713445663452148,-0.17133141926199263,
0,18.430770874023438,1.1981823444366455,0.14981555938720703,0.1820376068353653,14.087636265001493,29.718596776814163,-3.9151551723480225,806,12,23,1,INSUFFICIENT_RECOVERY_RESERVE,7.977987766265869,OUTBOUND,-13.753462791442871,-0.1806112455271779,
0,18.44263458251953,1.1985443830490112,0.1278054267168045,0.15489791333675385,14.106606888002716,29.70631724363776,-3.926410436630249,807,12,24,1,NOMINAL_OUTSIDE_CERTIFIED_SET,12.847397804260254,OUTBOUND,-13.717037200927734,-0.1907123610546347,
0,18.458120346069336,1.1989065408706665,2.4451801776885986,2.4089877605438232,14.118460660014534,29.69401260156747,-3.9159018993377686,808,12,25,1,INSUFFICIENT_RECOVERY_RESERVE,1.6642088890075684,OUTBOUND,-13.73830509185791,-0.20092477119950478,
0,18.44601821899414,1.199268102645874,2.498950242996216,2.468106508255005,14.130516915000044,29.681723902264544,-3.8993687629699707,809,12,26,1,NOMINAL_OUTSIDE_CERTIFIED_SET,6.130035400390625,OUTBOUND,-13.774676322937012,-0.21180262854057835,
0,18.36294174194336,1.199629306793213,0.16585944592952728,0.18434153497219086,14.140779278997798,29.669409497680103,-3.8970134258270264,810,12,27,1,INSUFFICIENT_RECOVERY_RESERVE,16.555131912231445,OUTBOUND,-13.663695335388184,-0.2226624310057674,
0,18.455371856689453,1.199989676475525,0.156982421875,0.15882626175880432,14.154010797996307,29.657128424594976,-3.8903648853302,811,12,28,1,INSUFFICIENT_RECOVERY_RESERVE,14.441956520080566,OUTBOUND,-13.723641395568848,-0.20896581916976495,
0,18.556198120117188,1.200351357460022,4.893834114074707,4.831048488616943,14.245744542015018,29.644858365097278,-3.9405343532562256,812,12,29,1,NOMINAL_OUTSIDE_CERTIFIED_SET,19.15399742126465,OUTBOUND,-13.826032638549805,-0.21983814050583061,
0,18.624486923217773,1.2007129192352295,0.23007579147815704,0.23371416330337524,14.259575602016412,29.632565718537005,-3.904538154602051,813,12,30,1,INSUFFICIENT_RECOVERY_RESERVE,2.5547821521759033,OUTBOUND,-13.91970157623291,-0.23058649140340115,
0,18.469131469726562,1.201074242591858,4.91326379776001,4.874868869781494,14.274233485019067,29.620286436425484,-3.905151844024658,814,12,31,1,NOMINAL_OUTSIDE_CERTIFIED_SET,12.086564064025879,OUTBOUND,-13.803936958312988,-0.24181402580605377,
0,18.527069091796875,1.2014354467391968,2.4494123458862305,2.4008243083953857,14.285069737001322,29.607983652780973,-3.903172492980957,815,12,32,1,INSUFFICIENT_RECOVERY_RESERVE,3.160698890686035,OUTBOUND,-13.836589813232422,-0.2528361389063728,
0,18.488948822021484,1.2017974853515625,4.9635233879089355,4.912063121795654,14.29855671900441,29.595696355054294,-3.9327392578125,816,12,33,1,NOMINAL_OUTSIDE_CERTIFIED_SET,8.374221801757812,OUTBOUND,-13.795446395874023,-0.2642052119431465,
0,18.3933048248291,1.2021571397781372,2.5604937076568604,2.542860746383667,14.316237961000297,29.58338465060381,-3.8464646339416504,817,12,34,1,INSUFFICIENT_RECOVERY_RESERVE,3.5916972160339355,OUTBOUND,-13.775718688964844,-0.27530420667054134,
0,18.56869888305664,1.2025185823440552,0.23178130388259888,0.25342175364494324,14.332102511019912,29.571105979898366,-3.9497106075286865,818,12,35,1,INSUFFICIENT_RECOVERY_RESERVE,24.110116958618164,OUTBOUND,-13.786684036254883,-0.2551154434135764,
1,18.617734909057617,1.2028809785842896,0.19510126113891602,0.2234882116317749,14.343892716016853,29.558854842230733,-3.9313273429870605,819,12,36,0,,19.208576202392578,OUTBOUND,-13.821616172790527,-0.24933713941793847,
0,18.801794052124023,1.2032434940338135,2.5579159259796143,2.5363051891326904,14.355821625009412,29.546592797854,-3.9129531383514404,820,12,37,1,NOMINAL_OUTSIDE_CERTIFIED_SET,1.6388825178146362,OUTBOUND,-14.030538558959961,-0.2709378129054415,
0,18.71327781677246,1.2036041021347046,0.13186809420585632,0.15001928806304932,14.368934886995703,29.534300226166977,-3.8617782592773438,821,12,38,1,NOMINAL_OUTSIDE_CERTIFIED_SET,11.505402565002441,OUTBOUND,-13.965596199035645,-0.30837264424269506,
0,18.956707000732422,1.2039650678634644,0.1257786601781845,0.12476222217082977,14.379719153017504,29.52198834447843,-3.9150614738464355,822,12,39,1,INSUFFICIENT_RECOVERY_RESERVE,8.14909553527832,OUTBOUND,-14.14206314086914,-0.31550872216266795,
0,19.010499954223633,1.2043256759643555,2.6377124786376953,2.6039772033691406,14.473761310015107,29.509693347491066,-3.8932151794433594,823,12,40,1,NOMINAL_OUTSIDE_CERTIFIED_SET,18.303930282592773,OUTBOUND,-14.281562805175781,-0.3233817633230747,
0,19.03081512451172,1.2046862840652466,0.11420118808746338,0.11914850771427155,14.486577711009886,29.497376997935827,-3.9063754081726074,824,12,41,1,INSUFFICIENT_RECOVERY_RESERVE,7.7605366706848145,OUTBOUND,-14.304986953735352,-0.3312262226952668,
0,18.887239456176758,1.2050496339797974,5.324795246124268,5.277398586273193,14.498045977001311,29.4850942092834,-3.9716286659240723,825,12,42,1,INSUFFICIENT_RECOVERY_RESERVE,29.422033309936523,OUTBOUND,-14.147300720214844,-0.30446381581303117,
0,18.702959060668945,1.205413579940796,5.197183132171631,5.13112735748291,14.510792729997775,29.472822785743194,-3.929720878601074,826,12,43,1,NOMINAL_OUTSIDE_CERTIFIED_SET,22.060117721557617,OUTBOUND,-14.05780029296875,-0.3134441780632435,
0,18.67188262939453,1.2057760953903198,2.5246639251708984,2.4839606285095215,14.52076849900186,29.460530163062156,-3.8715410232543945,827,12,44,1,INSUFFICIENT_RECOVERY_RESERVE,1.4415298700332642,OUTBOUND,-14.077047348022461,-0.32220551277777837,
0,18.662675857543945,1.2061389684677124,5.10711145401001,5.030072212219238,14.53335993399378,29.44825110972977,-3.9185478687286377,828,12,45,1,NOMINAL_OUTSIDE_CERTIFIED_SET,12.09472942352295,OUTBOUND,-14.035175323486328,-0.33157386799952326,
0,18.491451263427734,1.2064990997314453,5.1454668045043945,5.092277526855469,14.545155747997342,29.435947000590183,-3.840696334838867,829,12,46,1,INSUFFICIENT_RECOVERY_RESERVE,1.906660795211792,OUTBOUND,-13.93752670288086,-0.3406419999961689,
0,18.558856964111328,1.2068594694137573,0.2930750250816345,0.3226736783981323,14.559042923996458,29.423658728702367,-3.9042975902557373,830,12,47,1,NOMINAL_OUTSIDE_CERTIFIED_SET,30.978288650512695,OUTBOUND,-13.85689640045166,-0.3501840850452165,
0,18.46660804748535,1.2072199583053589,2.735429525375366,2.7188913822174072,14.569757835008204,29.4113446094823,-3.904571771621704,831,12,48,1,INSUFFICIENT_RECOVERY_RESERVE,22.219478607177734,OUTBOUND,-13.725595474243164,-0.35936475970843906,
1,18.6463623046875,1.2075780630111694,2.731173276901245,2.7130508422851562,14.582960511004785,29.39907855247358,-3.8425776958465576,832,12,49,0,,20.734346389770508,OUTBOUND,-13.910262107849121,-0.33863051168167296,
1,18.773422241210938,1.2079373598098755,0.35401174426078796,0.3441895842552185,14.59571495000273,29.38680783041948,-3.924912452697754,833,12,50,0,,30.632837295532227,OUTBOUND,-13.887601852416992,-0.32904664869662903,
1,19.026567459106445,1.2082964181900024,2.6303670406341553,2.6009039878845215,14.608234389015706,29.374511255593315,-3.8904762268066406,834,12,51,0,,2.673262357711792,OUTBOUND,-14.191834449768066,-0.33569504261669614,
0,19.024404525756836,1.2086536884307861,2.7199301719665527,2.6892733573913574,14.625304625020362,29.362244661942377,-3.851862907409668,835,12,52,1,NOMINAL_OUTSIDE_CERTIFIED_SET,4.240961074829102,OUTBOUND,-14.253565788269043,-0.34210980214071535,
1,19.205970764160156,1.2090108394622803,0.1867731660604477,0.18372981250286102,14.644154609006364,29.349981446180298,-3.8886404037475586,836,12,53,0,,4.85469388961792,OUTBOUND,-14.411985397338867,-0.34935279533178537,
1,19.304046630859375,1.2093682289123535,2.67594313621521,2.661710262298584,14.662502234015847,29.337703564195305,-3.8973464965820312,837,12,54,0,,20.084951400756836,OUTBOUND,-14.552847862243652,-0.33511183506955033,
0,19.320070266723633,1.209726095199585,5.3666839599609375,5.323563098907471,14.749969237018377,29.325453680420217,-3.9058759212493896,838,12,55,1,NOMINAL_OUTSIDE_CERTIFIED_SET,31.331716537475586,OUTBOUND,-14.602834701538086,-0.29234776218335884,
0,18.994522094726562,1.2100826501846313,0.1788020133972168,0.2216036319732666,14.7626952540013,29.31323343513181,-3.8549304008483887,839,12,56,1,NOMINAL_OUTSIDE_CERTIFIED_SET,6.576019763946533,OUTBOUND,-14.327649116516113,-0.25796807553869205,
0,19.28132438659668,1.2104401588439941,2.755815029144287,2.710049629211426,14.78151200900902,29.301043619707695,-3.916776418685913,840,12,57,1,NOMINAL_OUTSIDE_CERTIFIED_SET,12.995795249938965,OUTBOUND,-14.556499481201172,-0.22341032252160942,
0,19.347646713256836,1.2108001708984375,0.25773006677627563,0.2670992612838745,14.796724615007406,29.288883607966852,-3.9530389308929443,841,12,58,1,NOMINAL_OUTSIDE_CERTIFIED_SET,3.0997796058654785,OUTBOUND,-14.590412139892578,-0.18997839736149075,
0,19.092411041259766,1.2111598253250122,5.431859970092773,5.348501205444336,14.814257143007126,29.27675063551217,-3.892129898071289,842,12,59,1,NOMINAL_OUTSIDE_CERTIFIED_SET,17.91579818725586,OUTBOUND,-14.456613540649414,-0.15861407905933225,
0,19.096464157104492,1.2115205526351929,5.268209934234619,5.155613899230957,14.825828107015695,29.26464244307996,-3.918940544128418,843,12,60,1,NOMINAL_OUTSIDE_CERTIFIED_SET,15.112306594848633,OUTBOUND,-14.449776649475098,-0.12994562013476224,
1,18.92746925354004,1.2118809223175049,2.82692289352417,2.805901527404785,14.838735682016704,29.252546242868636,-3.8929717540740967,844,12,61,0,,10.782354354858398,OUTBOUND,-14.28742504119873,-0.11137506562115278,
0,19.035484313964844,1.2122433185577393,0.2613541781902313,0.3132304549217224,14.8524573900213,29.24046684922537,-3.9474382400512695,845,12,62,1,NOMINAL_OUTSIDE_CERTIFIED_SET,30.097084045410156,FAILURE,-14.254839897155762,-0.0938742276191177,
1,19.031394958496094,1.2126057147979736,0.28507640957832336,0.3032507002353668,14.868951368000126,29.98799380628703,-3.9019875526428223,846,13,1,0,,27.05003547668457,OUTBOUND,-14.23202133178711,-0.023073969583343432,
0,19.226491928100586,1.212966799736023,2.765044927597046,2.7313735485076904,14.881458010000642,29.975935667379837,-3.869722604751587,847,13,2,1,NOMINAL_OUTSIDE_CERTIFIED_SET,9.688955307006836,OUTBOUND,-14.444915771484375,-0.03223188866313832,
1,19.324447631835938,1.213330626487732,0.272625207901001,0.24701735377311707,14.893171983014327,29.96387751781939,-3.9647397994995117,848,13,3,0,,25.653453826904297,OUTBOUND,-14.377202987670898,-0.026335161454946084,
0,19.45319175720215,1.2136943340301514,0.20046532154083252,0.1826738715171814,14.905752207996557,29.95178590276401,-3.9068081378936768,849,13,4,1,NOMINAL_OUTSIDE_CERTIFIED_SET,12.114890098571777,OUTBOUND,-14.549112319946289,-0.021974156230615785,
0,19.566865921020508,1.2140589952468872,2.8266327381134033,2.8270037174224854,14.91781437501777,29.9396614656545,-3.9267358779907227,850,13,5,1,NOMINAL_OUTSIDE_CERTIFIED_SET,11.408536911010742,OUTBOUND,-14.697218894958496,-0.01897168755039526,
0,19.638439178466797,1.2144240140914917,0.15976446866989136,0.17872290313243866,15.013954730005935,29.927502994894063,-3.9151105880737305,851,13,6,1,NOMINAL_OUTSIDE_CERTIFIED_SET,5.926854133605957,OUTBOUND,-14.82504940032959,-0.018799292828696395,
0,19.792245864868164,1.2147889137268066,0.13120535016059875,0.16534952819347382,15.029022682021605,29.91531004502849,-3.905566453933716,852,13,7,1,NOMINAL_OUTSIDE_CERTIFIED_SET,14.441737174987793,OUTBOUND,-15.02416706085205,-0.021890201324609473,
0,19.654632568359375,1.215154767036438,5.618990898132324,5.57359504699707,15.04359774501063,29.903079802615142,-3.9297797679901123,853,13,8,1,NOMINAL_OUTSIDE_CERTIFIED_SET,36.894229888916016,OUTBOUND,-14.937840461730957,-0.028678375275328134,
0,19.62051773071289,1.2155194282531738,0.13466645777225494,0.13279809057712555,15.057404660998145,29.890812619967832,-3.877851724624634,854,13,9,1,NOMINAL_OUTSIDE_CERTIFIED_SET,5.973670959472656,OUTBOUND,-14.942325592041016,-0.039597583094392444,
0,19.556373596191406,1.215883731842041,0.11657020449638367,0.1259128600358963,15.068064719001995,29.878523297902564,-3.8988425731658936,855,13,10,1,INSUFFICIENT_RECOVERY_RESERVE,3.2501561641693115,OUTBOUND,-14.854951858520508,-0.049517356541142796,
0,19.5571231842041,1.2162479162216187,2.8250153064727783,2.750356435775757,15.08174143100041,29.866246658851193,-3.901453971862793,856,13,11,1,NOMINAL_OUTSIDE_CERTIFIED_SET,13.907271385192871,OUTBOUND,-14.849729537963867,-0.06018018673167008,
0,19.485305786132812,1.216613531112671,2.7494373321533203,2.705028533935547,15.092372044018703,29.85394692250033,-3.9371862411499023,857,13,12,1,INSUFFICIENT_RECOVERY_RESERVE,3.9925296306610107,OUTBOUND,-14.770818710327148,-0.07119762413454243,
0,19.375722885131836,1.2169790267944336,0.22838452458381653,0.30279767513275146,15.103741635015467,29.841662041842373,-3.907966375350952,858,13,13,1,NOMINAL_OUTSIDE_CERTIFIED_SET,26.92717933654785,OUTBOUND,-14.605541229248047,-0.08282026419623714,
0,19.39398193359375,1.2173433303833008,2.8541207313537598,2.830925941467285,15.114392509014579,29.82935311796356,-3.8731720447540283,859,13,14,1,INSUFFICIENT_RECOVERY_RESERVE,8.039870262145996,OUTBOUND,-14.655402183532715,-0.09468244911846045,
1,19.484895706176758,1.217708706855774,0.15125672519207,0.17066600918769836,15.126420223008608,29.817090955025574,-3.933548927307129,860,13,15,0,,15.663867950439453,OUTBOUND,-14.654352188110352,-0.10813348245516775,
0,19.508703231811523,1.2180743217468262,0.23218196630477905,0.23940706253051758,15.137664406007389,29.80479271334072,-3.907796859741211,861,13,16,1,NOMINAL_OUTSIDE_CERTIFIED_SET,21.278846740722656,OUTBOUND,-14.648252487182617,-0.13070248366415285,
0,19.544876098632812,1.218438982963562,5.680294990539551,5.619836807250977,15.220923284010496,29.79247363607788,-3.8862431049346924,862,13,17,1,INSUFFICIENT_RECOVERY_RESERVE,13.746565818786621,OUTBOUND,-14.740265846252441,-0.13994240396469457,
0,19.714378356933594,1.2188036441802979,2.9358925819396973,2.928455114364624,15.23141642002156,29.780188375028555,-3.901035785675049,863,13,18,1,INSUFFICIENT_RECOVERY_RESERVE,7.128807067871094,OUTBOUND,-14.933778762817383,-0.13598330153023672,
1,19.66131591796875,1.2191671133041382,2.926071882247925,2.925367593765259,15.244453318999149,29.76793851871283,-3.87349534034729,864,13,19,0,,9.856593132019043,OUTBOUND,-14.942465782165527,-0.11959454223400576,
0,19.61146354675293,1.2195323705673218,5.7800374031066895,5.763772487640381,15.258076266996795,29.755654622017953,-3.9437830448150635,865,13,20,1,NOMINAL_OUTSIDE_CERTIFIED_SET,26.014827728271484,OUTBOUND,-14.86833381652832,-0.12276793945603925,
0,19.56331443786621,1.219897985458374,2.9458181858062744,2.9385337829589844,15.268562965007732,29.743352719005607,-3.9134538173675537,866,13,21,1,INSUFFICIENT_RECOVERY_RESERVE,1.6339060068130493,OUTBOUND,-14.828653335571289,-0.13822709978130476,
0,19.502958297729492,1.2202653884887695,0.2383342981338501,0.2605079412460327,15.281948574993294,29.731064797519522,-3.950070381164551,867,13,22,1,NOMINAL_OUTSIDE_CERTIFIED_SET,25.320968627929688,OUTBOUND,-14.663610458374023,-0.15363628079316438,
0,19.61644744873047,1.2206320762634277,5.69639253616333,5.622507572174072,15.292413017014042,29.71875726104432,-3.892894744873047,868,13,23,1,INSUFFICIENT_RECOVERY_RESERVE,16.113880157470703,OUTBOUND,-14.899689674377441,-0.1686345438479943,
0,19.624235153198242,1.2210006713867188,0.24356898665428162,0.2949196398258209,15.304489019996254,29.70646542129447,-3.951878786087036,869,13,24,1,NOMINAL_OUTSIDE_CERTIFIED_SET,29.232999801635742,OUTBOUND,-14.750901222229004,-0.18344061852694354,
0,19.81688117980957,1.221368432044983,2.95458722114563,2.9220447540283203,15.31454897299409,29.69415232707654,-3.894439220428467,870,13,25,1,INSUFFICIENT_RECOVERY_RESERVE,1.979365348815918,OUTBOUND,-15.026632308959961,-0.19784601059608364,
0,19.840524673461914,1.2217357158660889,0.1840127557516098,0.2132885903120041,15.331364823010517,29.68185655946962,-3.8938283920288086,871,13,26,1,NOMINAL_OUTSIDE_CERTIFIED_SET,19.868066787719727,OUTBOUND,-15.002920150756836,-0.21197719370322612,
0,19.96935272216797,1.2221027612686157,0.2447192519903183,0.2563401758670807,15.346439072018256,29.66953794512372,-3.9032928943634033,872,13,27,1,INSUFFICIENT_RECOVERY_RESERVE,7.427554130554199,OUTBOUND,-15.123733520507812,-0.22572176775978203,
0,19.890892028808594,1.2224678993225098,0.16904310882091522,0.18346408009529114,15.359384088020306,29.65725313887134,-3.8555850982666016,873,13,28,1,INSUFFICIENT_RECOVERY_RESERVE,13.298404693603516,OUTBOUND,-15.07236099243164,-0.21198568514503757,
1,20.0952205657959,1.2228338718414307,2.906766414642334,2.8657782077789307,15.373330180009361,29.644985566105998,-3.92691969871521,874,13,29,0,,13.840639114379883,OUTBOUND,-15.216811180114746,-0.17992729605211197,
1,20.071725845336914,1.2231961488723755,0.12473436444997787,0.12840823829174042,15.38526038499549,29.632736013467515,-3.8077640533447266,875,13,30,0,,8.301422119140625,OUTBOUND,-15.385563850402832,-0.17000937141686961,
0,20.185091018676758,1.2235602140426636,3.0562613010406494,3.0564944744110107,15.397149155993247,29.620503738393317,-3.9364254474639893,876,13,31,1,NOMINAL_OUTSIDE_CERTIFIED_SET,18.06045150756836,OUTBOUND,-15.391103744506836,-0.20491608279372142,
0,20.158090591430664,1.2239243984222412,3.0372767448425293,3.0244712829589844,15.485215941007482,29.608233765518122,-3.904798984527588,877,13,32,1,NOMINAL_OUTSIDE_CERTIFIED_SET,21.755592346191406,OUTBOUND,-15.435550689697266,-0.24596363897532186,
0,20.14687156677246,1.2242904901504517,3.027873992919922,3.0042314529418945,15.495786940009566,29.59594073547254,-3.943567991256714,878,13,33,1,INSUFFICIENT_RECOVERY_RESERVE,14.883663177490234,OUTBOUND,-15.401601791381836,-0.25767647332992866,
1,20.096603393554688,1.2246567010879517,0.10283209383487701,0.10793313384056091,15.509314366005128,29.583668932159505,-3.9065089225769043,879,13,34,0,,0.9195424914360046,OUTBOUND,-15.390176773071289,-0.22469001355642834,
0,19.897075653076172,1.2250231504440308,0.15558642148971558,0.18274401128292084,15.52234416900319,29.57140853801051,-3.910106897354126,880,13,35,1,NOMINAL_OUTSIDE_CERTIFIED_SET,21.243629455566406,OUTBOUND,-15.127068519592285,-0.22604730166360407,
0,20.025596618652344,1.225387692451477,0.2665296494960785,0.2557288110256195,15.535818200005451,29.559117246717864,-3.853541612625122,881,13,36,1,NOMINAL_OUTSIDE_CERTIFIED_SET,12.032393455505371,OUTBOUND,-15.286328315734863,-0.2762078969278824,
0,20.00248146057129,1.225752353668213,0.35357141494750977,0.36510470509529114,15.546419302001595,29.54680587224173,-3.898301601409912,882,13,37,1,INSUFFICIENT_RECOVERY_RESERVE,15.645337104797363,OUTBOUND,-15.188283920288086,-0.2906411354473973,
1,20.162944793701172,1.2261167764663696,0.16130074858665466,0.17252585291862488,15.560012218018528,29.534530031337393,-3.895383358001709,883,13,38,0,,17.944032669067383,OUTBOUND,-15.306844711303711,-0.273575523060232,
0,20.195178985595703,1.2264796495437622,5.956984519958496,5.889367580413818,15.571034612017684,29.522212163468286,-3.85422682762146,884,13,39,1,INSUFFICIENT_RECOVERY_RESERVE,22.979764938354492,OUTBOUND,-15.45548152923584,-0.2586212609485146,
1,20.35073471069336,1.226844310760498,0.28387463092803955,0.2732418179512024,15.583084695012076,29.50992485004439,-3.941577911376953,885,13,40,0,,7.653332233428955,OUTBOUND,-15.47516918182373,-0.2394586733617382,
1,20.097780227661133,1.2272087335586548,3.116518974304199,3.0876758098602295,15.59592021201388,29.497672476401803,-3.8889424800872803,886,13,41,0,,3.3522610664367676,OUTBOUND,-15.295877456665039,-0.24145866270573726,
0,20.46025276184082,1.2275757789611816,0.1549319475889206,0.14955490827560425,15.60796917200787,29.48541812074673,-3.9611306190490723,887,13,42,1,NOMINAL_OUTSIDE_CERTIFIED_SET,8.306347846984863,OUTBOUND,-15.551811218261719,-0.278259118356173,
0,20.33027458190918,1.2279436588287354,0.14155536890029907,0.14405116438865662,15.61970652799937,29.47312748669753,-3.923837900161743,888,13,43,1,NOMINAL_OUTSIDE_CERTIFIED_SET,6.571647644042969,OUTBOUND,-15.454289436340332,-0.3295736474104563,
0,20.30837059020996,1.228311538696289,3.1678354740142822,3.146462917327881,15.630101512011606,29.460814094798305,-3.904538631439209,889,13,44,1,INSUFFICIENT_RECOVERY_RESERVE,10.957564353942871,OUTBOUND,-15.479524612426758,-0.3407963978524531,
1,20.30691909790039,1.2286800146102905,0.19543270766735077,0.20346955955028534,15.715252810012316,29.448547235469697,-3.9188430309295654,890,13,45,0,,1.1018537282943726,OUTBOUND,-15.497824668884277,-0.33061850193263315,
0,20.44948387145996,1.2290468215942383,0.2563716471195221,0.26080816984176636,15.727976190013578,29.436248824383068,-3.8618054389953613,891,13,46,1,NOMINAL_OUTSIDE_CERTIFIED_SET,0.7035166025161743,OUTBOUND,-15.68301773071289,-0.358594231611139,
0,20.280715942382812,1.229414463043213,6.041661739349365,5.955121040344238,15.738740672008134,29.423930477896793,-3.922685146331787,892,13,47,1,INSUFFICIENT_RECOVERY_RESERVE,22.373271942138672,OUTBOUND,-15.507534980773926,-0.36606852924728517,
1,20.417362213134766,1.2297823429107666,0.12528148293495178,0.1281779408454895,15.752011456002947,29.411638631157036,-3.90879487991333,893,13,48,0,,7.062824726104736,OUTBOUND,-15.633764266967773,-0.3454532096860094,
0,20.349393844604492,1.2301510572433472,3.156733512878418,3.1290011405944824,15.765403015015181,29.399346638560253,-3.923264265060425,894,13,49,1,NOMINAL_OUTSIDE_CERTIFIED_SET,3.500032901763916,OUTBOUND,-15.546398162841797,-0.36100874200999167,
0,20.33458709716797,1.2305189371109009,0.2432166337966919,0.2708291709423065,15.779193105001468,29.387048579881743,-3.883641242980957,895,13,50,1,NOMINAL_OUTSIDE_CERTIFIED_SET,19.443153381347656,OUTBOUND,-15.532803535461426,-0.3917821504203643,
0,20.270587921142578,1.2308858633041382,0.2362983673810959,0.2609427571296692,15.791422061010962,29.374745966172192,-3.8776440620422363,896,13,51,1,NO_GENERATOR_SET,19.325977325439453,OUTBOUND,-15.421021461486816,-0.40404938637657595,
0,20.49334716796875,1.2312556505203247,3.229757070541382,3.187427043914795,15.803841378015932,29.362443449907285,-3.9704127311706543,897,13,52,1,NO_GENERATOR_SET,1.1093226671218872,OUTBOUND,-15.551979064941406,-0.4003875602516801,
0,20.400741577148438,1.2316248416900635,6.266026973724365,6.218873500823975,15.816346057021292,29.3501479346209,-3.8941781520843506,898,13,53,1,NOMINAL_OUTSIDE_CERTIFIED_SET,23.44425392150879,OUTBOUND,-15.625726699829102,-0.3845555313720941,
0,20.330984115600586,1.2319966554641724,6.337137222290039,6.294137001037598,15.828217041998869,29.3378664916117,-3.9695382118225098,899,13,54,1,NOMINAL_OUTSIDE_CERTIFIED_SET,22.586965560913086,OUTBOUND,-15.512035369873047,-0.3598741550434388,
1,20.368375778198242,1.2323694229125977,3.225726366043091,3.214404821395874,15.840376948006451,29.3256109556474,-3.935274124145508,900,13,55,0,,1.738161325454712,OUTBOUND,-15.565547943115234,-0.337903623692163,
0,20.46968650817871,1.232743501663208,0.17335782945156097,0.17018364369869232,15.928718401002698,29.31335979682372,-3.9442532062530518,901,13,56,1,NOMINAL_OUTSIDE_CERTIFIED_SET,18.701318740844727,OUTBOUND,-15.619773864746094,-0.3098539253534709,
0,20.544574737548828,1.2331202030181885,0.2281121015548706,0.21312254667282104,15.942164483014494,29.301139794601962,-3.981600761413574,902,13,57,1,NOMINAL_OUTSIDE_CERTIFIED_SET,27.603275299072266,OUTBOUND,-15.594281196594238,-0.2695508068209726,
0,20.426025390625,1.2334951162338257,3.2346434593200684,3.213003396987915,15.954180196014931,29.2889513354085,-3.8797197341918945,903,13,58,1,NOMINAL_OUTSIDE_CERTIFIED_SET,6.044231414794922,OUTBOUND,-15.576156616210938,-0.23027474055038333,
0,20.600200653076172,1.2338690757751465,0.1889619529247284,0.18919944763183594,15.966878965002252,29.276791372333076,-3.8945014476776123,904,13,59,1,NOMINAL_OUTSIDE_CERTIFIED_SET,14.7761869430542,OUTBOUND,-15.70907211303711,-0.19316293887529268,
0,20.73110008239746,1.2342429161071777,3.190890073776245,3.1527116298675537,15.980200214020442,29.264657315965966,-3.9127120971679688,905,13,60,1,NOMINAL_OUTSIDE_CERTIFIED_SET,11.079517364501953,OUTBOUND,-15.877021789550781,-0.15900046551511318,
0,20.787551879882812,1.2346166372299194,3.2421650886535645,3.2198922634124756,15.993097302009119,29.252547418585284,-3.9084486961364746,906,13,61,1,NOMINAL_OUTSIDE_CERTIFIED_SET,15.408574104309082,OUTBOUND,-15.949936866760254,-0.128272245652962,
0,20.734270095825195,1.2349910736083984,6.308173656463623,6.220381736755371,16.006349805014906,29.240459400066452,-3.9330146312713623,907,13,62,1,NOMINAL_OUTSIDE_CERTIFIED_SET,24.975830078125,OUTBOUND,-15.929835319519043,-0.10121625173459836,
0,20.601348876953125,1.2353662252426147,6.334293365478516,6.268035411834717,16.01965681600268,29.228390702417716,-3.9362246990203857,908,13,63,1,NOMINAL_OUTSIDE_CERTIFIED_SET,22.158288955688477,FAILURE,-15.836555480957031,-0.0778747301447473,
0,20.53437042236328,1.2357430458068848,3.3197145462036133,3.306847333908081,16.037449632014614,29.9879676,-3.957608699798584,909,14,1,1,NOMINAL_OUTSIDE_CERTIFIED_SET,10.983663558959961,OUTBOUND,-15.695402145385742,-0.010144776818907505,
0,20.475418090820312,1.2361208200454712,3.3033721446990967,3.283515214920044,16.051332583010662,29.9758992,-3.94395112991333,910,14,2,1,NOMINAL_OUTSIDE_CERTIFIED_SET,16.143157958984375,OUTBOUND,-15.60383129119873,-0.010487473575987347,
0,20.64437484741211,1.236497402191162,0.30720505118370056,0.30793192982673645,16.063494219008135,29.963794800000002,-3.892857789993286,911,14,3,1,NOMINAL_OUTSIDE_CERTIFIED_SET,26.153234481811523,OUTBOUND,-15.79293441772461,-0.011710406835350273,
1,20.42975616455078,1.2368733882904053,3.3943231105804443,3.3780810832977295,16.075893241999438,29.95168545924547,-3.907425880432129,912,14,4,0,,21.719541549682617,OUTBOUND,-15.519692420959473,-0.019399666509541506,
0,20.788311004638672,1.2372493743896484,3.2628467082977295,3.2268834114074707,16.092311093001626,29.939533011279256,-3.9152467250823975,913,14,5,1,NOMINAL_OUTSIDE_CERTIFIED_SET,3.0826632976531982,OUTBOUND,-15.85763168334961,-0.026391146965011943,
1,20.88081932067871,1.2376246452331543,0.21182280778884888,0.21003323793411255,16.103879738016985,29.927372757137224,-3.9028067588806152,914,14,6,0,,23.73881721496582,OUTBOUND,-15.914812088012695,-0.016151049518995982,
1,20.954355239868164,1.2379992008209229,3.388538360595703,3.369246482849121,16.116783136007143,29.915204995419067,-3.8958494663238525,915,14,7,0,,6.28309440612793,OUTBOUND,-16.01470375061035,-0.008361385164624294,
0,20.932395935058594,1.2383731603622437,6.5889573097229,6.574923992156982,16.201385905995267,29.90302586664211,-3.8982625007629395,916,14,8,1,NOMINAL_OUTSIDE_CERTIFIED_SET,38.17238235473633,OUTBOUND,-16.136016845703125,-0.016444794209182975,
1,21.112445831298828,1.238747477531433,3.3316264152526855,3.319443464279175,16.21341658901656,29.890829819253753,-3.9239768981933594,917,14,9,0,,22.652870178222656,OUTBOUND,-16.31522560119629,-0.0008421852186082172,
0,20.882490158081055,1.2391198873519897,0.13267798721790314,0.1386759877204895,16.22713011901942,29.878610518034378,-3.863515615463257,918,14,10,1,NOMINAL_OUTSIDE_CERTIFIED_SET,5.0324625968933105,OUTBOUND,-16.139148712158203,0.0077904890505946425,
0,20.87012481689453,1.239492416381836,3.352729320526123,3.3322341442108154,16.240716952015646,29.866370303497845,-3.911757707595825,919,14,11,1,NOMINAL_OUTSIDE_CERTIFIED_SET,1.1525347232818604,OUTBOUND,-16.050365447998047,-0.017752718187158747,
0,20.91985321044922,1.2398632764816284,3.3159525394439697,3.283936023712158,16.256039250001777,29.85410619533136,-3.8634393215179443,920,14,12,1,NOMINAL_OUTSIDE_CERTIFIED_SET,1.6267389059066772,OUTBOUND,-16.150005340576172,-0.04366878896403104,
0,20.972686767578125,1.2402342557907104,0.17063316702842712,0.19119511544704437,16.269484074000502,29.841815567421868,-3.9089765548706055,921,14,13,1,NOMINAL_OUTSIDE_CERTIFIED_SET,21.181201934814453,OUTBOUND,-16.093223571777344,-0.07079931597699891,
0,20.95331382751465,1.2406057119369507,3.3695261478424072,3.3450489044189453,16.281358172011096,29.829504785605664,-3.9135842323303223,922,14,14,1,INSUFFICIENT_RECOVERY_RESERVE,6.2353596687316895,OUTBOUND,-16.07502555847168,-0.08684667123696996,
0,20.9242000579834,1.2409777641296387,6.554481506347656,6.461690425872803,16.294436755997594,29.8172108110057,-3.9169933795928955,923,14,15,1,NOMINAL_OUTSIDE_CERTIFIED_SET,13.687408447265625,OUTBOUND,-16.07656478881836,-0.10223449643475167,
0,20.680177688598633,1.241349220275879,9.732638359069824,9.606635093688965,16.304796137002995,29.804890376658854,-3.8920469284057617,924,14,16,1,INSUFFICIENT_RECOVERY_RESERVE,29.653602600097656,OUTBOUND,-15.941036224365234,-0.11745050789992996,
0,20.758644104003906,1.2417205572128296,6.521419048309326,6.439620494842529,16.315453691000585,29.79260392906023,-3.9007325172424316,925,14,17,1,INSUFFICIENT_RECOVERY_RESERVE,3.04971981048584,OUTBOUND,-15.983295440673828,-0.11622955614932841,
0,20.829607009887695,1.2420945167541504,3.4744374752044678,3.4622719287872314,16.328173599002184,29.78032929989946,-3.968437910079956,926,14,18,1,NOMINAL_OUTSIDE_CERTIFIED_SET,10.938469886779785,OUTBOUND,-15.937013626098633,-0.12940102421416425,
0,20.745107650756836,1.242466926574707,3.4566779136657715,3.4137344360351562,16.342725660011638,29.768028913727267,-3.8704280853271484,927,14,19,1,INSUFFICIENT_RECOVERY_RESERVE,23.504884719848633,OUTBOUND,-15.931710243225098,-0.14249688212988354,
1,20.822755813598633,1.242841362953186,3.549055576324463,3.504077911376953,16.36200336800539,29.755763886842082,-3.954207420349121,928,14,20,0,,27.92673110961914,OUTBOUND,-15.829021453857422,-0.12429604447779473,
0,21.01860237121582,1.2432156801223755,0.3478718101978302,0.32484257221221924,16.456690335995518,29.743481726646174,-3.908761501312256,929,14,21,1,NOMINAL_OUTSIDE_CERTIFIED_SET,36.24226379394531,OUTBOUND,-16.000782012939453,-0.12871737038249642,
0,21.152015686035156,1.2435898780822754,6.589867115020752,6.527144432067871,16.470804529002635,29.731183842818727,-3.9060723781585693,930,14,22,1,INSUFFICIENT_RECOVERY_RESERVE,7.892943382263184,OUTBOUND,-16.177871704101562,-0.14697449403846816,
1,21.279407501220703,1.2439631223678589,3.2238550186157227,3.1575088500976562,16.490848482993897,29.718923698117546,-3.8839755058288574,931,14,23,0,,2.427798271179199,OUTBOUND,-16.348833084106445,-0.13055954110998744,
0,21.40460968017578,1.2443369626998901,6.670177936553955,6.619906425476074,16.504200637020404,29.706626126820204,-3.9188013076782227,932,14,24,1,NOMINAL_OUTSIDE_CERTIFIED_SET,30.60443878173828,OUTBOUND,-16.504894256591797,-0.14214831814081288,
0,21.307626724243164,1.2447103261947632,0.15748071670532227,0.175100177526474,16.51621444200282,29.694319567403415,-3.897336006164551,933,14,25,1,INSUFFICIENT_RECOVERY_RESERVE,5.145461559295654,OUTBOUND,-16.433107376098633,-0.16414390791979408,
1,21.22456932067871,1.2450828552246094,3.69474196434021,3.6622538566589355,16.530565847002435,29.682057685226713,-3.8855538368225098,934,14,26,0,,12.379343032836914,OUTBOUND,-16.370162963867188,-0.16671201791740833,
1,21.27962303161621,1.2454556226730347,3.299205780029297,3.225430488586426,16.54371254099533,29.669806644601483,-3.9108150005340576,935,14,27,0,,8.04139518737793,OUTBOUND,-16.446413040161133,-0.1794840598944374,
0,21.54172706604004,1.2458305358886719,0.1239890605211258,0.13986894488334656,16.55733700300334,29.657504730437072,-3.9552040100097656,936,14,28,1,NOMINAL_OUTSIDE_CERTIFIED_SET,13.13170337677002,OUTBOUND,-16.6087589263916,-0.21109458969361958,
0,21.352340698242188,1.2462029457092285,0.1656627357006073,0.18956373631954193,16.567777198011754,29.645189553056863,-3.8450114727020264,937,14,29,1,INSUFFICIENT_RECOVERY_RESERVE,13.401963233947754,OUTBOUND,-16.496341705322266,-0.22976542647700218,
0,21.207616806030273,1.2465755939483643,7.115566253662109,6.987447738647461,16.57970700901933,29.632891141394563,-3.9098691940307617,938,14,30,1,NOMINAL_OUTSIDE_CERTIFIED_SET,27.07562255859375,OUTBOUND,-16.352283477783203,-0.2466471876351319,
0,21.150348663330078,1.2469491958618164,3.367746114730835,3.3317089080810547,16.5905321839964,29.620565598813506,-3.9262149333953857,939,14,31,1,INSUFFICIENT_RECOVERY_RESERVE,3.102627754211426,OUTBOUND,-16.274433135986328,-0.2626973303316042,
0,21.423961639404297,1.2473231554031372,0.23674866557121277,0.2752918601036072,16.683152912999503,29.608274557041,-3.9139952659606934,940,14,32,1,INSUFFICIENT_RECOVERY_RESERVE,16.701618194580078,OUTBOUND,-16.516498565673828,-0.24464502442274305,
0,21.466907501220703,1.2476972341537476,0.18311096727848053,0.1940155178308487,16.70261072201538,29.595995550946284,-3.907205104827881,941,14,33,1,NOMINAL_OUTSIDE_CERTIFIED_SET,15.614890098571777,OUTBOUND,-16.54207992553711,-0.25885950213594,
0,21.46446418762207,1.248070240020752,3.4941208362579346,3.4563612937927246,16.719560263998574,29.58369206632741,-3.880211114883423,942,14,34,1,INSUFFICIENT_RECOVERY_RESERVE,1.2907072305679321,OUTBOUND,-16.585166931152344,-0.272446541456882,
0,21.567108154296875,1.2484451532363892,3.7292890548706055,3.688131093978882,16.732900497998344,29.57140326303616,-3.947204113006592,943,14,35,1,NOMINAL_OUTSIDE_CERTIFIED_SET,10.5389404296875,OUTBOUND,-16.629230499267578,-0.2849432056859187,
0,21.488338470458984,1.2488195896148682,0.22801531851291656,0.24798396229743958,16.743722226994578,29.55908963996201,-3.8962323665618896,944,14,36,1,INSUFFICIENT_RECOVERY_RESERVE,15.178988456726074,OUTBOUND,-16.60777473449707,-0.29696220551071756,
0,21.550439834594727,1.2491930723190308,3.5680413246154785,3.542598247528076,16.75880901000346,29.546792915694432,-3.882472276687622,945,14,37,1,NOMINAL_OUTSIDE_CERTIFIED_SET,6.859792232513428,OUTBOUND,-16.67119598388672,-0.30813013131825123,
0,21.65243911743164,1.2495670318603516,3.808934450149536,3.765043258666992,16.77425941999536,29.53447096595716,-3.9121644496917725,946,14,38,1,INSUFFICIENT_RECOVERY_RESERVE,20.868253707885742,OUTBOUND,-16.794721603393555,-0.31892783076362846,
0,21.606998443603516,1.2499412298202515,0.4558661878108978,0.48534098267555237,16.792885571019724,29.522183112145694,-3.9133503437042236,947,14,39,1,INSUFFICIENT_RECOVERY_RESERVE,12.188843727111816,OUTBOUND,-16.691659927368164,-0.2937456226992263,
1,21.646032333374023,1.2503166198730469,3.5137922763824463,3.480104446411133,16.80555342201842,29.50992283426728,-3.9284987449645996,948,14,40,0,,10.026007652282715,OUTBOUND,-16.757850646972656,-0.2740419233816231,
0,21.484567642211914,1.2506922483444214,0.22755078971385956,0.27139317989349365,16.81904792401474,29.49761938781711,-3.915680408477783,949,14,41,1,NOMINAL_OUTSIDE_CERTIFIED_SET,24.018714904785156,OUTBOUND,-16.559070587158203,-0.29551005293728416,
0,21.75921630859375,1.251068115234375,0.17140069603919983,0.1910405308008194,16.82941662799567,29.485303347214483,-3.9108409881591797,950,14,42,1,INSUFFICIENT_RECOVERY_RESERVE,14.920438766479492,OUTBOUND,-16.81068229675293,-0.31176367460700666,
0,21.73863983154297,1.2514411211013794,0.14251276850700378,0.15427328646183014,16.841602374013746,29.473003873362522,-3.8395209312438965,951,14,43,1,NOMINAL_OUTSIDE_CERTIFIED_SET,10.702254295349121,OUTBOUND,-16.849811553955078,-0.3267893071256701,
0,21.95159912109375,1.2518165111541748,0.17301340401172638,0.19445043802261353,16.851873995998176,29.460688130395095,-3.9566752910614014,952,14,44,1,INSUFFICIENT_RECOVERY_RESERVE,5.8261237144470215,OUTBOUND,-16.922269821166992,-0.3408638364487069,
0,21.926916122436523,1.252191185951233,0.15897886455059052,0.18256093561649323,16.863217147998512,29.44840587578961,-3.888437032699585,953,14,45,1,INSUFFICIENT_RECOVERY_RESERVE,2.322913885116577,OUTBOUND,-16.970792770385742,-0.3128727300474777,
0,22.012235641479492,1.2525660991668701,3.68154239654541,3.669250726699829,16.87636365101207,29.43613449512602,-3.9077420234680176,954,14,46,1,NOMINAL_OUTSIDE_CERTIFIED_SET,25.524070739746094,OUTBOUND,-17.11418914794922,-0.3264457309527921,
0,21.909751892089844,1.2529410123825073,10.789728164672852,10.673965454101562,16.88686257301015,29.423840124937765,-3.9044079780578613,955,14,47,1,INSUFFICIENT_RECOVERY_RESERVE,68.40583801269531,OUTBOUND,-17.164291381835938,-0.33918290397796164,
1,21.602405548095703,1.2533159255981445,3.986233949661255,3.939091205596924,16.986988429009216,29.411579998761717,-3.9050791263580322,956,14,48,0,,21.76075553894043,OUTBOUND,-16.9166202545166,-0.32710010565138437,
0,21.525739669799805,1.2536908388137817,0.29997873306274414,0.3417096436023712,17.000583891000133,29.39929786525948,-3.901141881942749,957,14,49,1,NOMINAL_OUTSIDE_CERTIFIED_SET,27.369138717651367,OUTBOUND,-16.743310928344727,-0.3532411062431839,
1,21.638742446899414,1.2540650367736816,0.3494633734226227,0.389130175113678,17.013529584015487,29.38701191557586,-3.8851828575134277,958,14,50,0,,39.36589813232422,OUTBOUND,-16.765565872192383,-0.3682456073892738,
0,21.881549835205078,1.254438877105713,0.2535655200481415,0.26927176117897034,17.027625831018668,29.3747399309387,-3.8925840854644775,959,14,51,1,NOMINAL_OUTSIDE_CERTIFIED_SET,33.701255798339844,OUTBOUND,-16.9316349029541,-0.36862475089958996,
0,21.76914405822754,1.2548129558563232,0.5731045603752136,0.5659818649291992,17.042916953010717,29.362460040019602,-3.9061081409454346,960,14,52,1,NOMINAL_OUTSIDE_CERTIFIED_SET,30.122285842895508,OUTBOUND,-16.741355895996094,-0.3786552222758963,
0,21.886085510253906,1.2551870346069336,3.753342866897583,3.747650623321533,17.057713525020517,29.35017903162314,-3.8988542556762695,961,14,53,1,NOMINAL_OUTSIDE_CERTIFIED_SET,1.1293330192565918,OUTBOUND,-16.861013412475586,-0.3738193329457008,
0,21.9527587890625,1.255561351776123,7.180739402770996,7.111288547515869,17.071432850003475,29.33790459416089,-3.9073030948638916,962,14,54,1,NOMINAL_OUTSIDE_CERTIFIED_SET,20.78182601928711,OUTBOUND,-16.987842559814453,-0.3577580234570858,
0,22.116430282592773,1.2559359073638916,0.1921277493238449,0.19284065067768097,17.084720979997655,29.325643817990056,-3.9056050777435303,963,14,55,1,NOMINAL_OUTSIDE_CERTIFIED_SET,6.684998035430908,OUTBOUND,-17.13631820678711,-0.3336653410001106,
0,21.834627151489258,1.2563103437423706,7.570943832397461,7.54326868057251,17.098224101995584,29.313402387252328,-3.895963668823242,964,14,56,1,NOMINAL_OUTSIDE_CERTIFIED_SET,32.09762191772461,OUTBOUND,-16.94023323059082,-0.30429117310446374,
0,22.012773513793945,1.2566856145858765,7.117786407470703,7.026858329772949,17.111176859994885,29.301184263749782,-3.920750141143799,965,14,57,1,NOMINAL_OUTSIDE_CERTIFIED_SET,33.835140228271484,OUTBOUND,-17.169111251831055,-0.2719422456287373,
1,22.0683650970459,1.2570607662200928,0.2018837332725525,0.21270614862442017,17.12670221400913,29.288985486015903,-3.8971400260925293,966,14,58,0,,10.076433181762695,OUTBOUND,-17.223814010620117,-0.23804522848132761,
0,21.796743392944336,1.257435917854309,0.51002037525177,0.5155831575393677,17.145724703994347,29.276818725974174,-3.9007771015167236,967,14,59,1,NOMINAL_OUTSIDE_CERTIFIED_SET,21.55234146118164,OUTBOUND,-16.86882209777832,-0.2045736875435827,
1,22.067520141601562,1.2578126192092896,0.2952427864074707,0.3257710933685303,17.162077609013068,29.2646825145232,-3.9415009021759033,968,14,60,0,,27.82110023498535,OUTBOUND,-17.04080581665039,-0.20332564588615828,
1,22.210603713989258,1.2581894397735596,0.19892647862434387,0.21577641367912292,17.24810105402139,29.252501686875153,-3.9044995307922363,969,14,61,0,,20.846712112426758,OUTBOUND,-17.17970848083496,-0.21392081544532385,
1,22.098731994628906,1.2585668563842773,0.27242571115493774,0.30102983117103577,17.260665284993593,29.240344193787553,-3.9189908504486084,970,14,62,0,,17.146249771118164,OUTBOUND,-17.019359588623047,-0.20924657565108878,
1,22.31151008605957,1.2589449882507324,3.8339993953704834,3.803790807723999,17.275847965007415,29.228191516635473,-3.924865245819092,971,14,63,0,,17.332578659057617,OUTBOUND,-17.30103302001953,-0.22083247384100652,
0,22.514890670776367,1.2593226432800293,3.8262405395507812,3.786712169647217,17.289297743001953,29.2159951214656,-3.8928568363189697,972,14,64,1,NOMINAL_OUTSIDE_CERTIFIED_SET,26.031047821044922,OUTBOUND,-17.62618064880371,-0.1964987946495551,
0,22.57428550720215,1.2597010135650635,0.14060713350772858,0.15140463411808014,17.3023781600059,29.203862771317713,-3.924826145172119,973,14,65,1,NOMINAL_OUTSIDE_CERTIFIED_SET,8.4286527633667,FAILURE,-17.64046859741211,-0.1309583369563897,
1,22.137178421020508,1.2600784301757812,0.233013316988945,0.25435811281204224,17.31936800299445,29.987982279254524,-3.8810718059539795,974,15,1,0,,16.725706100463867,OUTBOUND,-17.206314086914062,-0.025899644871278202,
0,22.418079376220703,1.2604564428329468,3.759465217590332,3.723665952682495,17.33356657999684,29.97590619147959,-3.920133352279663,975,15,2,1,NOMINAL_OUTSIDE_CERTIFIED_SET,13.218340873718262,OUTBOUND,-17.478424072265625,-0.03713737775091047,
0,22.32684326171875,1.2608330249786377,0.21327537298202515,0.24450239539146423,17.34676908599795,29.96380109396909,-3.8708479404449463,976,15,3,1,NOMINAL_OUTSIDE_CERTIFIED_SET,4.4521918296813965,OUTBOUND,-17.462535858154297,-0.02936042683665559,
0,22.33176612854004,1.2612088918685913,0.21569721400737762,0.23069548606872559,17.359725095011527,29.951665729905105,-3.884830951690674,977,15,4,1,NOMINAL_OUTSIDE_CERTIFIED_SET,5.464678764343262,OUTBOUND,-17.433944702148438,-0.02437401189672852,
1,22.275774002075195,1.2615835666656494,7.533352851867676,7.4314188957214355,17.374129115021788,29.93952638368339,-3.8695952892303467,978,15,5,0,,33.91679382324219,OUTBOUND,-17.430545806884766,-0.036041228748933424,
1,22.294099807739258,1.2619602680206299,3.8556969165802,3.8302364349365234,17.38638316700235,29.92734478665237,-3.9447312355041504,979,15,6,0,,0.9946552515029907,OUTBOUND,-17.367393493652344,-0.025468662208743387,
1,22.101810455322266,1.2623363733291626,11.163174629211426,11.02163028717041,17.475756955012912,29.915203302549283,-3.8860812187194824,980,15,7,0,,37.55374526977539,OUTBOUND,-17.33607292175293,0.008513192769921405,
0,22.02940559387207,1.2627124786376953,3.9515435695648193,3.936507225036621,17.49447077800869,29.903029488514075,-3.9017062187194824,981,15,8,1,NOMINAL_OUTSIDE_CERTIFIED_SET,17.127365112304688,OUTBOUND,-17.194385528564453,0.011674767498750209,
0,22.147403717041016,1.2630884647369385,3.852369785308838,3.834092855453491,17.507622500997968,29.89082973318973,-3.8957600593566895,982,15,9,1,NOMINAL_OUTSIDE_CERTIFIED_SET,16.776498794555664,OUTBOUND,-17.27129364013672,-0.002984029459558956,
0,22.151098251342773,1.2634665966033936,0.5142881870269775,0.5589513778686523,17.519576606020564,29.878602225464654,-3.948603391647339,983,15,10,1,NOMINAL_OUTSIDE_CERTIFIED_SET,50.82345962524414,OUTBOUND,-17.111658096313477,-0.019219759466928155,
0,22.051122665405273,1.263846755027771,4.145292282104492,4.132702827453613,17.53245267699822,29.866345335526052,-3.954925775527954,984,15,11,1,NOMINAL_OUTSIDE_CERTIFIED_SET,33.54232406616211,OUTBOUND,-16.91354751586914,-0.03763806030859286,
0,22.452289581298828,1.2642282247543335,0.3817642033100128,0.3626326322555542,17.545424745010678,29.85405292228519,-3.9396860599517822,985,15,12,1,NOMINAL_OUTSIDE_CERTIFIED_SET,36.48335266113281,OUTBOUND,-17.259716033935547,-0.0588484060655981,
0,22.273174285888672,1.2646093368530273,8.046443939208984,7.9990620613098145,17.560863302001962,29.841736762811205,-3.9007456302642822,986,15,13,1,INSUFFICIENT_RECOVERY_RESERVE,23.987812042236328,OUTBOUND,-17.208221435546875,-0.07310288039956742,
0,22.74209976196289,1.264992117881775,0.2047538310289383,0.19434410333633423,17.5790882470028,29.829438318041728,-3.9526829719543457,987,15,14,1,NOMINAL_OUTSIDE_CERTIFIED_SET,8.779911994934082,OUTBOUND,-17.608448028564453,-0.08732093299644984,
0,22.94727325439453,1.2653735876083374,3.968996286392212,3.9762938022613525,17.59226698600105,29.817115239655887,-3.879582405090332,988,15,15,1,INSUFFICIENT_RECOVERY_RESERVE,32.25638961791992,OUTBOUND,-17.997007369995117,-0.10152774358038079,
0,22.763233184814453,1.2657546997070312,4.025056838989258,4.029253005981445,17.60405363299651,29.804826424342465,-3.9042892456054688,989,15,16,1,INSUFFICIENT_RECOVERY_RESERVE,22.8876895904541,OUTBOUND,-17.847871780395508,-0.10206573446332545,
0,22.76470184326172,1.2661375999450684,0.17329730093479156,0.1854286789894104,17.616977262019645,29.792549873483246,-3.9501261711120605,990,15,17,1,NOMINAL_OUTSIDE_CERTIFIED_SET,1.4576051235198975,OUTBOUND,-17.767044067382812,-0.11465295706957307,
0,22.942733764648438,1.2665218114852905,0.5135395526885986,0.4931492805480957,17.63128634201712,29.78025164992919,-3.9481770992279053,991,15,18,1,INSUFFICIENT_RECOVERY_RESERVE,7.777446269989014,OUTBOUND,-17.969715118408203,-0.12726350547460155,
0,22.462017059326172,1.2669050693511963,15.65180778503418,15.389927864074707,17.650823004019912,29.76796781032973,-3.8903579711914062,992,15,19,1,NOMINAL_OUTSIDE_CERTIFIED_SET,78.67790222167969,OUTBOUND,-17.689014434814453,-0.13986309658344648,
0,22.294227600097656,1.2672878503799438,11.52717399597168,11.345305442810059,17.66548716300167,29.75565925460855,-3.902172803878784,993,15,20,1,INSUFFICIENT_RECOVERY_RESERVE,38.95351791381836,OUTBOUND,-17.6021671295166,-0.15245060231398683,
0,22.035316467285156,1.2676690816879272,7.526129245758057,7.444827556610107,17.67826075301855,29.74336720063788,-3.875960111618042,994,15,21,1,NOMINAL_OUTSIDE_CERTIFIED_SET,7.808727264404297,OUTBOUND,-17.33254051208496,-0.1650045504344409,
0,21.87175750732422,1.268051028251648,7.557919979095459,7.523390293121338,17.688162658014335,29.73104968955576,-3.9247965812683105,995,15,22,1,INSUFFICIENT_RECOVERY_RESERVE,22.964731216430664,OUTBOUND,-17.043703079223633,-0.17750754104004968,
0,21.913373947143555,1.2684322595596313,4.483821868896484,4.542917728424072,17.698420897999313,29.71876583451251,-3.8917033672332764,996,15,23,1,INSUFFICIENT_RECOVERY_RESERVE,62.06281280517578,OUTBOUND,-16.98114776611328,-0.16926127454897955,
0,22.152503967285156,1.2688143253326416,1.0943752527236938,1.1325483322143555,17.78614381601801,29.706493389168593,-3.928395986557007,997,15,24,1,NOMINAL_OUTSIDE_CERTIFIED_SET,84.47237396240234,OUTBOUND,-17.002111434936523,-0.18078022016485626,
0,22.475399017333984,1.269195556640625,0.8760501742362976,0.8210026621818542,17.79661734000547,29.6941986357915,-3.8900630474090576,998,15,25,1,INSUFFICIENT_RECOVERY_RESERVE,70.9705810546875,OUTBOUND,-17.205738067626953,-0.1922414286283884,
0,22.786643981933594,1.2695770263671875,7.585669040679932,7.499555587768555,17.81257519099745,29.681917562027934,-3.9114174842834473,999,15,26,1,NOMINAL_OUTSIDE_CERTIFIED_SET,4.699472904205322,OUTBOUND,-17.531461715698242,-0.2037889311808834,
0,23.13224983215332,1.2699590921401978,4.352108001708984,4.305801868438721,17.825933629996143,29.669613223185458,-3.91974139213562,1000,15,27,1,INSUFFICIENT_RECOVERY_RESERVE,10.728611946105957,OUTBOUND,-17.928564071655273,-0.21523738326637015,
1,23.22175407409668,1.2703416347503662,3.8456029891967773,3.8389909267425537,17.83895012800349,29.657336460141295,-3.9235284328460693,1001,15,28,0,,17.47758674621582,OUTBOUND,-18.096904754638672,-0.18597548292206392,
1,23.092620849609375,1.2707247734069824,11.758081436157227,11.79316234588623,17.852905095001915,29.645070187795092,-3.9230217933654785,1002,15,29,0,,70.84586334228516,OUTBOUND,-18.14760971069336,-0.18622973205122426,
0,23.265851974487305,1.2711080312728882,0.16447652876377106,0.18544448912143707,17.86724966301699,29.63278798812354,-3.9112603664398193,1003,15,30,1,NOMINAL_OUTSIDE_CERTIFIED_SET,10.323874473571777,OUTBOUND,-18.325950622558594,-0.22915987357637355,
0,23.12244415283203,1.2714908123016357,4.105876445770264,4.0826520919799805,17.879542898997897,29.62048545262477,-3.8999907970428467,1004,15,31,1,INSUFFICIENT_RECOVERY_RESERVE,31.421127319335938,OUTBOUND,-18.250837326049805,-0.2415172306449797,
0,23.049821853637695,1.2718719244003296,4.134824752807617,4.06481409072876,17.893893610016676,29.608197954203977,-3.8715555667877197,1005,15,32,1,NOMINAL_OUTSIDE_CERTIFIED_SET,22.755023956298828,OUTBOUND,-18.220727920532227,-0.25367288550474254,
0,22.942380905151367,1.2722535133361816,0.2209654450416565,0.2801685631275177,17.907227596006123,29.59588747696786,-3.9135594367980957,1006,15,33,1,INSUFFICIENT_RECOVERY_RESERVE,18.415462493896484,OUTBOUND,-18.016225814819336,-0.26550041734550295,
1,22.82697296142578,1.2726346254348755,7.985427379608154,7.8520283699035645,17.927118626015726,29.583584111132424,-3.8934998512268066,1007,15,34,0,,20.61679458618164,OUTBOUND,-17.945728302001953,-0.2640273999907014,
0,22.85532569885254,1.273015022277832,0.2466975748538971,0.34798213839530945,17.946761466009775,29.571290715667715,-3.8867926597595215,1008,15,35,1,NOMINAL_OUTSIDE_CERTIFIED_SET,32.10760498046875,OUTBOUND,-17.96072769165039,-0.2862444903818206,
0,22.805217742919922,1.2733945846557617,0.3681563138961792,0.49418723583221436,17.95926674900693,29.558988394576474,-3.8827967643737793,1009,15,36,1,INSUFFICIENT_RECOVERY_RESERVE,36.47819137573242,OUTBOUND,-17.864988327026367,-0.2893063648180556,
0,22.900039672851562,1.273772954940796,0.418918251991272,0.4656444191932678,18.051628340006573,29.546698219366988,-3.8730762004852295,1010,15,37,1,NOMINAL_OUTSIDE_CERTIFIED_SET,21.30534553527832,OUTBOUND,-17.881990432739258,-0.29350313811829015,
0,22.98828125,1.2741514444351196,0.42109033465385437,0.4495491683483124,18.06215168000199,29.534395820762434,-3.8966941833496094,1011,15,38,1,INSUFFICIENT_RECOVERY_RESERVE,26.477108001708984,OUTBOUND,-17.876182556152344,-0.29814773319331184,
0,23.188318252563477,1.2745306491851807,0.36303865909576416,0.34484416246414185,18.07450587701169,29.522107053547554,-3.9140779972076416,1012,15,39,1,NOMINAL_OUTSIDE_CERTIFIED_SET,24.636184692382812,OUTBOUND,-18.008010864257812,-0.3039142998054662,
0,23.505416870117188,1.2749109268188477,0.17180299758911133,0.1820967197418213,18.08780588299851,29.50980265184862,-3.923614978790283,1013,15,40,1,INSUFFICIENT_RECOVERY_RESERVE,6.003252029418945,OUTBOUND,-18.349178314208984,-0.30993340159786353,
1,23.554244995117188,1.275290608406067,0.17815867066383362,0.21389992535114288,18.108069895999506,29.49753685350872,-3.8880436420440674,1014,15,41,0,,9.648303031921387,OUTBOUND,-18.501794815063477,-0.31458224682414987,
0,23.71456527709961,1.2756701707839966,0.2506656050682068,0.316982239484787,18.124245229002554,29.48523005289058,-3.894969940185547,1015,15,42,1,INSUFFICIENT_RECOVERY_RESERVE,20.42514419555664,OUTBOUND,-18.69832420349121,-0.31862584892913154,
0,23.57281494140625,1.276049256324768,0.246856689453125,0.3003152012825012,18.137830056017265,29.472936416776996,-3.8876826763153076,1016,15,43,1,NOMINAL_OUTSIDE_CERTIFIED_SET,19.235158920288086,OUTBOUND,-18.622472763061523,-0.3227774052256042,
0,23.503385543823242,1.2764302492141724,12.655288696289062,12.585500717163086,18.149765878013568,29.46062896017208,-3.9404077529907227,1017,15,44,1,INSUFFICIENT_RECOVERY_RESERVE,86.55365753173828,OUTBOUND,-18.638145446777344,-0.3272917039054108,
1,23.297239303588867,1.2768099308013916,0.1859777718782425,0.20008160173892975,18.166060382995056,29.44836145486702,-3.869239330291748,1018,15,45,0,,4.633445739746094,OUTBOUND,-18.470571517944336,-0.31587335506637426,
1,23.277719497680664,1.277189016342163,4.237417221069336,4.167770862579346,18.181069907994242,29.4360968684524,-3.8840415477752686,1019,15,46,0,,16.790353775024414,OUTBOUND,-18.461166381835938,-0.3299700861354965,
0,22.971817016601562,1.2775659561157227,4.271933555603027,4.242398262023926,18.194466275017476,29.423780689858337,-3.8428945541381836,1020,15,47,1,NOMINAL_OUTSIDE_CERTIFIED_SET,6.875945091247559,OUTBOUND,-18.191123962402344,-0.3568722116890285,
0,23.04203987121582,1.2779446840286255,4.317376613616943,4.313354015350342,18.205760615994222,29.411461388935155,-3.9360857009887695,1021,15,48,1,INSUFFICIENT_RECOVERY_RESERVE,16.040607452392578,OUTBOUND,-18.109092712402344,-0.35682059138627675,
0,23.05536651611328,1.2783234119415283,4.155911922454834,4.17124080657959,18.29981928699999,29.399160977294525,-3.8923892974853516,1022,15,49,1,NOMINAL_OUTSIDE_CERTIFIED_SET,24.06370735168457,OUTBOUND,-18.157939910888672,-0.3573246036889882,
0,23.02019500732422,1.2787020206451416,0.5974171161651611,0.7210822701454163,18.31160277899471,29.386863570100466,-3.892639636993408,1023,15,50,1,NOMINAL_OUTSIDE_CERTIFIED_SET,57.49788284301758,OUTBOUND,-17.9544677734375,-0.38134005884486405,
0,23.21524429321289,1.2790813446044922,4.2981953620910645,4.264986515045166,18.32358314501471,29.374558783691313,-3.9092845916748047,1024,15,51,1,NO_GENERATOR_SET,28.530996322631836,OUTBOUND,-18.08418083190918,-0.388000907586771,
0,23.223346710205078,1.2794601917266846,12.079832077026367,11.973098754882812,18.336101904016687,29.362249291239632,-3.8835742473602295,1025,15,52,1,NO_GENERATOR_SET,27.026241302490234,OUTBOUND,-18.16863441467285,-0.3809035330735733,
0,23.26357650756836,1.2798404693603516,4.405918121337891,4.341304302215576,18.35001941100927,29.349941916165765,-3.9257819652557373,1026,15,53,1,NO_GENERATOR_SET,18.735485076904297,OUTBOUND,-18.137723922729492,-0.36327444600635656,
0,23.530309677124023,1.2802222967147827,4.3001484870910645,4.250792026519775,18.363440131011885,29.33764454213042,-3.937592029571533,1027,15,54,1,NOMINAL_OUTSIDE_CERTIFIED_SET,7.724822044372559,OUTBOUND,-18.42034912109375,-0.33801639297231945,
0,23.515647888183594,1.2806037664413452,4.246951580047607,4.164266109466553,18.376919027010445,29.325365060945067,-3.888286828994751,1028,15,55,1,NOMINAL_OUTSIDE_CERTIFIED_SET,9.1221284866333,OUTBOUND,-18.443031311035156,-0.30769595033096653,
0,23.41727066040039,1.280985951423645,4.344862937927246,4.308481693267822,18.39021855799365,29.313109249181686,-3.9198198318481445,1029,15,56,1,NOMINAL_OUTSIDE_CERTIFIED_SET,4.9370646476745605,OUTBOUND,-18.337711334228516,-0.27451865359606575,
1,23.62339973449707,1.2813645601272583,0.19074584543704987,0.17604713141918182,18.402824970020447,29.300889495849898,-3.8125839233398438,1030,15,57,0,,14.685222625732422,OUTBOUND,-18.66291046142578,-0.2566346816978673,
1,23.75479507446289,1.2817426919937134,4.42698860168457,4.407728672027588,18.414631919993553,29.28864520448268,-3.8788888454437256,1031,15,58,0,,25.187442779541016,OUTBOUND,-18.764629364013672,-0.25357254059861517,
1,23.855060577392578,1.2821210622787476,0.17938293516635895,0.19812096655368805,18.427331826998852,29.276405367141397,-3.895573854446411,1032,15,59,0,,1.480787754058838,OUTBOUND,-18.82254409790039,-0.26105058754718197,
1,23.88936424255371,1.2825006246566772,4.367558002471924,4.28748893737793,18.438854570995318,29.26414404773815,-3.920283794403076,1033,15,60,0,,27.64415740966797,OUTBOUND,-18.903446197509766,-0.28491713799948315,
0,23.758251190185547,1.2828847169876099,8.630615234375,8.475815773010254,18.45266857900424,29.251875947850326,-4.002044200897217,1034,15,61,1,NOMINAL_OUTSIDE_CERTIFIED_SET,36.99065399169922,OUTBOUND,-18.724470138549805,-0.2752654252399408,
0,23.658905029296875,1.2832701206207275,0.24206706881523132,0.3140728175640106,18.465203668019967,29.23965262927412,-3.9332468509674072,1035,15,62,1,NOMINAL_OUTSIDE_CERTIFIED_SET,20.874231338500977,OUTBOUND,-18.655406951904297,-0.22750213869107036,
1,23.430465698242188,1.2836556434631348,4.410019874572754,4.386274337768555,18.477471663994947,29.227504734638174,-3.911673069000244,1036,15,63,0,,7.025495529174805,OUTBOUND,-18.473159790039062,-0.2079077115580225,
0,23.58711814880371,1.284042239189148,4.417450904846191,4.395157337188721,18.489036685001338,29.215351228742392,-3.9312596321105957,1037,15,64,1,INSUFFICIENT_RECOVERY_RESERVE,8.207195281982422,OUTBOUND,-18.562604904174805,-0.20297710317618287,
0,23.742446899414062,1.2844290733337402,4.029212951660156,3.9552321434020996,18.49889244901715,29.20321351385464,-3.9135189056396484,1038,15,65,1,INSUFFICIENT_RECOVERY_RESERVE,2.87113618850708,OUTBOUND,-18.733959197998047,-0.18441924762940182,
0,23.67185401916504,1.2848159074783325,8.653499603271484,8.576922416687012,18.58258319000015,29.191089927194604,-3.909233570098877,1039,15,66,1,INSUFFICIENT_RECOVERY_RESERVE,20.853910446166992,OUTBOUND,-18.696813583374023,-0.16757104816022003,
0,23.436574935913086,1.2852014303207397,4.47534704208374,4.4398298263549805,18.593659855017904,29.178978988159116,-3.8797740936279297,1040,15,67,1,INSUFFICIENT_RECOVERY_RESERVE,18.57269859313965,OUTBOUND,-18.47161865234375,-0.15229150281791135,
0,23.603778839111328,1.2855844497680664,4.278131008148193,4.21373176574707,18.604965453007026,29.166879377083596,-3.843546152114868,1041,15,68,1,INSUFFICIENT_RECOVERY_RESERVE,15.29963493347168,OUTBOUND,-18.657445907592773,-0.13844739450356144,
0,23.47649383544922,1.2859656810760498,0.6103822588920593,0.557084858417511,18.61613652401138,29.15478991670133,-3.8543648719787598,1042,15,69,1,INSUFFICIENT_RECOVERY_RESERVE,52.63291549682617,OUTBOUND,-18.399505615234375,-0.12591389025187458,
0,23.721899032592773,1.2863467931747437,8.653426170349121,8.584671974182129,18.627306114009116,29.14270955592171,-3.8948709964752197,1043,15,70,1,INSUFFICIENT_RECOVERY_RESERVE,9.255876541137695,OUTBOUND,-18.633071899414062,-0.11457476736907357,
0,23.78544807434082,1.2867275476455688,4.5097246170043945,4.475580215454102,18.639205498999218,29.130637355607227,-3.8845162391662598,1044,15,71,1,INSUFFICIENT_RECOVERY_RESERVE,4.8578948974609375,OUTBOUND,-18.708393096923828,-0.10432237833565136,
0,24.015905380249023,1.2871103286743164,0.26266172528266907,0.25346681475639343,18.65534147201106,29.11857247607781,-3.9398796558380127,1045,15,72,1,INSUFFICIENT_RECOVERY_RESERVE,18.864713668823242,OUTBOUND,-18.85858154296875,-0.0950574365269118,
0,24.03182029724121,1.28749418258667,4.484454154968262,4.451263427734375,18.669456941017415,29.106514166111758,-3.921867609024048,1046,15,73,1,INSUFFICIENT_RECOVERY_RESERVE,13.2443265914917,OUTBOUND,-18.92986297607422,-0.08668868284131895,
0,24.17461585998535,1.2878786325454712,4.360398769378662,4.296009540557861,18.68396987701999,29.094461753246758,-3.9176363945007324,1047,15,74,1,INSUFFICIENT_RECOVERY_RESERVE,13.611237525939941,OUTBOUND,-19.08587646484375,-0.07913247711520513,
0,24.23188018798828,1.2882649898529053,0.20490242540836334,0.22686123847961426,18.699461865995545,29.08241463521286,-3.942859411239624,1048,15,75,1,INSUFFICIENT_RECOVERY_RESERVE,3.2006077766418457,OUTBOUND,-19.114105224609375,-0.07231234620242075,
0,24.280506134033203,1.2886505126953125,0.17119064927101135,0.18957330286502838,18.709911256009946,29.07037227235348,-3.886573076248169,1049,15,76,1,INSUFFICIENT_RECOVERY_RESERVE,3.2822790145874023,OUTBOUND,-19.226526260375977,-0.06615851170056399,
0,24.068782806396484,1.2890371084213257,4.558595180511475,4.494227886199951,18.726630921009928,29.058334180910652,-3.9285528659820557,1050,15,77,1,INSUFFICIENT_RECOVERY_RESERVE,19.759363174438477,OUTBOUND,-19.027570724487305,-0.06060741369923111,
0,24.174022674560547,1.2894231081008911,0.24445363879203796,0.27190738916397095,18.835302054998465,29.046299927067903,-3.891619920730591,1051,15,78,1,INSUFFICIENT_RECOVERY_RESERVE,3.667579174041748,OUTBOUND,-19.151823043823242,-0.05560124202328517,
0,24.00004768371582,1.289806604385376,4.593556880950928,4.5499796867370605,18.845927034009947,29.034269121658625,-3.842008590698242,1052,15,79,1,INSUFFICIENT_RECOVERY_RESERVE,14.225191116333008,OUTBOUND,-19.06509780883789,-0.05108748280823126,
0,24.210874557495117,1.2901890277862549,0.1882757842540741,0.20177118480205536,18.857817961019464,29.022241415460122,-3.872007131576538,1053,15,80,1,INSUFFICIENT_RECOVERY_RESERVE,1.5723168849945068,OUTBOUND,-19.265369415283203,-0.047018485556514104,
0,24.2380428314209,1.2905733585357666,4.308667182922363,4.232532501220703,18.87059121200582,29.010216495004048,-3.940194845199585,1054,15,81,1,INSUFFICIENT_RECOVERY_RESERVE,7.165283679962158,OUTBOUND,-19.181827545166016,-0.04335105384463942,
0,24.306419372558594,1.2909588813781738,0.2151113748550415,0.22156284749507904,18.88233912101714,28.998194078842868,-3.9287235736846924,1055,15,82,1,INSUFFICIENT_RECOVERY_RESERVE,16.07414436340332,OUTBOUND,-19.230514526367188,-0.04004606140277219,
0,24.295133590698242,1.2913438081741333,0.30042481422424316,0.297055721282959,18.89822850501514,28.986173914219727,-3.883979082107544,1056,15,83,1,INSUFFICIENT_RECOVERY_RESERVE,28.739736557006836,OUTBOUND,-19.230655670166016,-0.03706809424103109,
0,24.070838928222656,1.291729211807251,8.909533500671387,8.849472999572754,18.915893427998526,28.974155774095657,-3.9132285118103027,1057,15,84,1,INSUFFICIENT_RECOVERY_RESERVE,20.180011749267578,OUTBOUND,-19.02505874633789,-0.034385118747113225,
0,24.191465377807617,1.2921154499053955,4.560068130493164,4.526364326477051,18.932747759012273,28.96213945449377,-3.9179396629333496,1058,15,85,1,INSUFFICIENT_RECOVERY_RESERVE,4.073285102844238,OUTBOUND,-19.140790939331055,-0.0319681751556809,
0,24.234712600708008,1.2925026416778564,0.27521824836730957,0.25521451234817505,18.94804558600299,28.950124772124987,-3.924142599105835,1059,15,86,1,INSUFFICIENT_RECOVERY_RESERVE,27.577388763427734,OUTBOUND,-19.123411178588867,-0.029791095433665586,
0,24.472251892089844,1.2928916215896606,0.20958808064460754,0.21234022080898285,18.96578626500559,28.938111562264144,-3.9483301639556885,1060,15,87,1,INSUFFICIENT_RECOVERY_RESERVE,20.15342903137207,FAILURE,-19.287860870361328,-10.027830244394076,
1,24.411842346191406,1.293282151222229,0.2307259887456894,0.24183079600334167,18.992787555005634,29.98799393193898,-3.9427828788757324,1061,16,1,0,,12.908773422241211,OUTBOUND,-19.24138832092285,-0.0017121143595983618,
0,24.572490692138672,1.29367196559906,4.5171685218811035,4.454720973968506,19.08889243399608,29.975934936869052,-3.8966963291168213,1062,16,2,1,NOMINAL_OUTSIDE_CERTIFIED_SET,25.12881088256836,OUTBOUND,-19.461978912353516,0.004192431786056687,
0,24.49282455444336,1.2940622568130493,0.24721898138523102,0.2733752727508545,19.101912848011125,29.963867164749512,-3.919078826904297,1063,16,3,1,NOMINAL_OUTSIDE_CERTIFIED_SET,1.7644984722137451,OUTBOUND,-19.38845443725586,-0.000523996595894189,
0,24.30413818359375,1.2944527864456177,9.19308853149414,9.082990646362305,19.114418259996455,29.951767132695586,-3.9170618057250977,1064,16,4,1,NOMINAL_OUTSIDE_CERTIFIED_SET,43.731510162353516,OUTBOUND,-19.30406379699707,-0.005088751041401543,
0,24.48578643798828,1.2948434352874756,0.14695236086845398,0.1657099425792694,19.132214954006486,29.939634105666286,-3.9132020473480225,1065,16,5,1,NOMINAL_OUTSIDE_CERTIFIED_SET,9.718485832214355,OUTBOUND,-19.463016510009766,-0.010178564822825935,
1,24.397924423217773,1.2952337265014648,5.185149669647217,5.096805572509766,19.152938468992943,29.927492327656452,-3.9014523029327393,1066,16,6,0,,19.19636344909668,OUTBOUND,-19.422746658325195,-0.02881695446698185,
1,24.424304962158203,1.295624852180481,8.792045593261719,8.645360946655273,19.174542950000614,29.915331154888968,-3.9306423664093018,1067,16,7,0,,30.130033493041992,OUTBOUND,-19.468616485595703,-0.05939912485446571,
0,24.159624099731445,1.2960165739059448,9.139673233032227,9.039546012878418,19.188069922995055,29.903164579932263,-3.925434112548828,1068,16,8,1,NOMINAL_OUTSIDE_CERTIFIED_SET,12.902865409851074,OUTBOUND,-19.17122459411621,-0.06833055610469849,
0,24.1251220703125,1.2964075803756714,0.48232123255729675,0.5132544636726379,19.201826806005556,29.89097207702754,-3.894822835922241,1069,16,9,1,NOMINAL_OUTSIDE_CERTIFIED_SET,51.162437438964844,OUTBOUND,-19.1116943359375,-0.05945065464571833,
0,24.297256469726562,1.296797752380371,0.4777646064758301,0.49455755949020386,19.214865849004127,29.87875179285465,-3.88913631439209,1070,16,10,1,NOMINAL_OUTSIDE_CERTIFIED_SET,48.3666877746582,OUTBOUND,-19.202186584472656,-0.055779318811688156,
1,24.304058074951172,1.297187328338623,4.775387287139893,4.729828357696533,19.228155243006768,29.866506417983956,-3.894233226776123,1071,16,11,0,,25.720657348632812,OUTBOUND,-19.119237899780273,-0.041182172804135435,
0,24.326416015625,1.2975752353668213,9.164623260498047,9.104305267333984,19.241667679016246,29.854275726422113,-3.868671178817749,1072,16,12,1,NOMINAL_OUTSIDE_CERTIFIED_SET,9.375236511230469,OUTBOUND,-19.194738388061523,-0.03237595213350296,
0,24.482398986816406,1.2979638576507568,4.9088850021362305,4.882405757904053,19.254677337012254,29.842012569913113,-3.9167535305023193,1073,16,13,1,NOMINAL_OUTSIDE_CERTIFIED_SET,4.181901931762695,OUTBOUND,-19.293750762939453,-0.04680440650008682,
1,24.612823486328125,1.2983534336090088,4.796168804168701,4.755975246429443,19.269144029996824,29.829730747388638,-3.928579092025757,1074,16,14,0,,3.160900592803955,OUTBOUND,-19.416831970214844,-0.08492808457647695,
0,24.431386947631836,1.298744559288025,9.394438743591309,9.338883399963379,19.279386060021352,29.817426902313347,-3.9396557807922363,1075,16,15,1,INSUFFICIENT_RECOVERY_RESERVE,19.752098083496094,OUTBOUND,-19.28604507446289,-0.11407978970488131,
1,24.53714370727539,1.2991355657577515,0.8364256024360657,0.8121254444122314,19.291409877012484,29.80516666954703,-3.9073047637939453,1076,16,16,0,,14.020330429077148,OUTBOUND,-19.418195724487305,-0.12692340606269858,
0,24.898178100585938,1.2995271682739258,0.22700633108615875,0.24139195680618286,19.381196622998687,29.79286550458986,-3.922992706298828,1077,16,17,1,NOMINAL_OUTSIDE_CERTIFIED_SET,10.872722625732422,OUTBOUND,-19.744937896728516,-0.14173449259166715,
0,25.001392364501953,1.299920916557312,0.3945809304714203,0.40231767296791077,19.392966069019167,29.780557015197886,-3.960972785949707,1078,16,18,1,INSUFFICIENT_RECOVERY_RESERVE,2.369875907897949,OUTBOUND,-19.780384063720703,-0.1413460737705778,
0,24.82999610900879,1.3003137111663818,0.20286357402801514,0.2402779459953308,19.408824322017608,29.76826223730571,-3.892993927001953,1079,16,19,1,NOMINAL_OUTSIDE_CERTIFIED_SET,12.25896167755127,OUTBOUND,-19.70193099975586,-0.14334519404972726,
0,25.266756057739258,1.3007071018218994,0.18130606412887573,0.17185409367084503,19.419394488009857,29.75595314339678,-3.924076795578003,1080,16,20,1,INSUFFICIENT_RECOVERY_RESERVE,16.092580795288086,OUTBOUND,-20.13568878173828,-0.14649778405834818,
0,24.942928314208984,1.3011016845703125,0.31065869331359863,0.3478856086730957,19.432834014995024,29.74365955380292,-3.943073272705078,1081,16,21,1,NOMINAL_OUTSIDE_CERTIFIED_SET,3.144392967224121,OUTBOUND,-19.776336669921875,-0.15183886258174897,
0,25.16253662109375,1.301497459411621,4.887327671051025,4.82997465133667,19.44464414101094,29.731344545320265,-3.9427945613861084,1082,16,22,1,INSUFFICIENT_RECOVERY_RESERVE,34.412322998046875,OUTBOUND,-20.06496238708496,-0.15797068729118913,
0,24.92904281616211,1.3018932342529297,4.930524826049805,4.884106159210205,19.45551756201894,29.71906293423394,-3.916764259338379,1083,16,23,1,INSUFFICIENT_RECOVERY_RESERVE,30.915361404418945,OUTBOUND,-19.95332908630371,-0.15180099240869802,
1,25.079566955566406,1.3022890090942383,0.16914504766464233,0.17626650631427765,19.469804646010743,29.706816498212437,-3.919241428375244,1084,16,24,0,,2.4187393188476562,OUTBOUND,-20.048982620239258,-0.16879946668644574,
0,24.637447357177734,1.3026822805404663,4.789897441864014,4.750613212585449,19.484319051000057,29.694524888169607,-3.8582022190093994,1085,16,25,1,NOMINAL_OUTSIDE_CERTIFIED_SET,4.0305376052856445,OUTBOUND,-19.719467163085938,-0.19550954524042025,
0,24.636878967285156,1.3030767440795898,9.133856773376465,9.009932518005371,19.49759992401232,29.682225515278585,-3.9397835731506348,1086,16,26,1,INSUFFICIENT_RECOVERY_RESERVE,15.661270141601562,OUTBOUND,-19.60157585144043,-0.19678368921130263,
0,24.40498161315918,1.3034684658050537,18.1118221282959,17.879051208496094,19.51866448801593,29.669939007327265,-3.850083589553833,1087,16,27,1,NOMINAL_OUTSIDE_CERTIFIED_SET,58.07366180419922,OUTBOUND,-19.617277145385742,-0.2005668105871455,
0,24.363359451293945,1.3038630485534668,0.7860320806503296,0.8097540736198425,19.534016724996036,29.65763544358439,-3.972687244415283,1088,16,28,1,INSUFFICIENT_RECOVERY_RESERVE,66.6402816772461,OUTBOUND,-19.253131866455078,-0.20516411526897704,
0,24.387451171875,1.3042570352554321,4.778923511505127,4.7341132164001465,19.548767736996524,29.645346912565635,-3.902500867843628,1089,16,29,1,NOMINAL_OUTSIDE_CERTIFIED_SET,45.387428283691406,OUTBOUND,-19.281282424926758,-0.21192603000356744,
0,24.402305603027344,1.3046497106552124,5.309057712554932,5.27769136428833,19.634036717994604,29.633027890264156,-3.8800466060638428,1090,16,30,1,INSUFFICIENT_RECOVERY_RESERVE,52.63671112060547,OUTBOUND,-19.19571876525879,-0.21914741766815074,
0,24.736764907836914,1.305041790008545,5.0210747718811035,4.9367194175720215,19.645269594009733,29.620742656221214,-3.8940465450286865,1091,16,31,1,INSUFFICIENT_RECOVERY_RESERVE,31.439224243164062,OUTBOUND,-19.507495880126953,-0.20573549979037697,
0,25.215496063232422,1.3054332733154297,0.4029059112071991,0.36274734139442444,19.65769948801608,29.60846846889487,-3.8920722007751465,1092,16,32,1,NOMINAL_OUTSIDE_CERTIFIED_SET,42.94019317626953,OUTBOUND,-19.90669822692871,-0.21426772252440096,
0,25.348140716552734,1.3058255910873413,0.2893379330635071,0.26515108346939087,19.667506685014814,29.596168193928577,-3.926143169403076,1093,16,33,1,INSUFFICIENT_RECOVERY_RESERVE,23.955163955688477,OUTBOUND,-19.939802169799805,-0.22295908849025825,
0,25.508420944213867,1.3062183856964111,0.1927357167005539,0.22863426804542542,19.683995650993893,29.583881880899508,-3.9195384979248047,1094,16,34,1,NOMINAL_OUTSIDE_CERTIFIED_SET,6.015811920166016,OUTBOUND,-20.155445098876953,-0.2331111862509382,
0,25.396902084350586,1.306610107421875,5.855365753173828,5.860337257385254,19.696368028002325,29.57156970447485,-3.879063844680786,1095,16,35,1,INSUFFICIENT_RECOVERY_RESERVE,47.7816162109375,OUTBOUND,-20.23004150390625,-0.2432015593449071,
1,25.78115463256836,1.3070024251937866,0.26553764939308167,0.2954767942428589,19.7140469129954,29.559284277285844,-3.920738935470581,1096,16,36,0,,26.27338409423828,OUTBOUND,-20.611980438232422,-0.2190550833430227,
0,25.447580337524414,1.3073935508728027,1.047790288925171,0.9997407793998718,19.726914572005626,29.547015060296726,-3.879592180252075,1097,16,37,1,NOMINAL_OUTSIDE_CERTIFIED_SET,42.78151321411133,OUTBOUND,-20.3980712890625,-0.2244891245759169,
0,25.507556915283203,1.3077847957611084,5.297857284545898,5.1887311935424805,19.740050819993485,29.534709573540347,-3.905144214630127,1098,16,38,1,NOMINAL_OUTSIDE_CERTIFIED_SET,55.718013763427734,OUTBOUND,-20.5157470703125,-0.26888616079618266,
0,24.86985206604004,1.3081773519515991,10.161169052124023,10.004817008972168,19.757962513016537,29.522379058856767,-3.933830976486206,1099,16,39,1,INSUFFICIENT_RECOVERY_RESERVE,44.2906608581543,OUTBOUND,-19.923721313476562,-0.2818655247745977,
0,25.17797088623047,1.3085695505142212,5.064648628234863,5.009592056274414,19.77577603800455,29.51008354843083,-3.8962771892547607,1100,16,40,1,INSUFFICIENT_RECOVERY_RESERVE,14.221529960632324,OUTBOUND,-20.28961944580078,-0.26116406342400883,
0,24.89470100402832,1.3089622259140015,9.429471015930176,9.264379501342773,19.86770660901675,29.497800960009798,-3.916459321975708,1101,16,41,1,NOMINAL_OUTSIDE_CERTIFIED_SET,17.894634246826172,OUTBOUND,-20.01833152770996,-0.27445576618519457,
0,24.89088249206543,1.3093552589416504,0.46588683128356934,0.581641435623169,19.879578899999615,29.48549684097937,-3.9146900177001953,1102,16,42,1,INSUFFICIENT_RECOVERY_RESERVE,56.31797790527344,OUTBOUND,-19.868701934814453,-0.2871305615514365,
0,24.630186080932617,1.3097472190856934,0.8297250270843506,0.962003767490387,19.893305977020646,29.473207647657247,-3.8799610137939453,1103,16,43,1,NOMINAL_OUTSIDE_CERTIFIED_SET,74.36672973632812,OUTBOUND,-19.51759147644043,-0.2999280127832742,
0,24.83077049255371,1.310137391090393,5.273834705352783,5.226063251495361,19.904745178995654,29.460895971680902,-3.8596746921539307,1104,16,44,1,INSUFFICIENT_RECOVERY_RESERVE,43.065853118896484,OUTBOUND,-19.634769439697266,-0.3121129876359105,
0,25.022356033325195,1.3105270862579346,9.890756607055664,9.825162887573242,19.92173943700618,29.448601047719915,-3.8921258449554443,1105,16,45,1,NOMINAL_OUTSIDE_CERTIFIED_SET,9.601694107055664,OUTBOUND,-19.786176681518555,-0.32428852374313644,
0,25.476734161376953,1.3109194040298462,0.5369477272033691,0.41937723755836487,19.936580773006426,29.43628261568727,-3.9542529582977295,1106,16,46,1,INSUFFICIENT_RECOVERY_RESERVE,48.342140197753906,OUTBOUND,-20.07370948791504,-0.33587073926634076,
0,25.81866455078125,1.3113101720809937,0.24955973029136658,0.19306255877017975,19.951645502005704,29.42399792834575,-3.8692753314971924,1107,16,47,1,INSUFFICIENT_RECOVERY_RESERVE,21.216873168945312,OUTBOUND,-20.572540283203125,-0.30834338270290945,
0,26.054553985595703,1.3117035627365112,0.8731698989868164,0.8763148784637451,19.96649484601221,29.41172467685133,-3.959653377532959,1108,16,48,1,NOMINAL_OUTSIDE_CERTIFIED_SET,15.146035194396973,OUTBOUND,-20.71567726135254,-0.3204336738256761,
0,25.881038665771484,1.3120996952056885,0.26539552211761475,0.2919771671295166,19.97880372501095,29.399430625580806,-3.9708666801452637,1109,16,49,1,INSUFFICIENT_RECOVERY_RESERVE,6.085169315338135,OUTBOUND,-20.57880401611328,-0.3318795500130485,
0,26.095611572265625,1.3124958276748657,5.316051483154297,5.36513614654541,19.994571790011832,29.387154943722706,-3.9131827354431152,1110,16,50,1,NOMINAL_OUTSIDE_CERTIFIED_SET,54.28274154663086,OUTBOUND,-20.92552947998047,-0.34146107207404597,
0,25.797718048095703,1.3128907680511475,4.995255470275879,4.933302402496338,20.016965977993095,29.37486941808107,-3.880048990249634,1111,16,51,1,NOMINAL_OUTSIDE_CERTIFIED_SET,47.32440185546875,OUTBOUND,-20.737411499023438,-0.3787000774115917,
0,25.669981002807617,1.3132847547531128,6.1585283279418945,6.005848407745361,20.038807976001408,29.362575521615177,-3.88852596282959,1112,16,52,1,NO_GENERATOR_SET,53.378639221191406,OUTBOUND,-20.731557846069336,-0.3948534350268345,
0,25.777185440063477,1.3136801719665527,0.2545599341392517,0.26125067472457886,20.05929534000461,29.350279448056313,-3.936955451965332,1113,16,53,1,NO_GENERATOR_SET,6.693638324737549,OUTBOUND,-20.70988655090332,-0.39419740975341694,
0,25.553007125854492,1.3140732049942017,0.22046689689159393,0.2886259853839874,20.078900426015025,29.33798845862514,-3.855236530303955,1114,16,54,1,NOMINAL_OUTSIDE_CERTIFIED_SET,18.737436294555664,OUTBOUND,-20.57894515991211,-0.38059905498364077,
0,25.289155960083008,1.314468264579773,10.104269981384277,9.976816177368164,20.094447705021594,29.325710164210417,-3.9487061500549316,1115,16,55,1,NOMINAL_OUTSIDE_CERTIFIED_SET,15.551315307617188,OUTBOUND,-20.242094039916992,-0.35752407950097576,
0,25.315458297729492,1.3148642778396606,5.304645538330078,5.337787628173828,20.107513307011686,29.31345109521573,-3.9287662506103516,1116,16,56,1,NOMINAL_OUTSIDE_CERTIFIED_SET,23.921220779418945,OUTBOUND,-20.224571228027344,-0.3280112285743206,
1,25.331418991088867,1.3152601718902588,10.056314468383789,9.96023941040039,20.2021016520157,29.30122361283091,-3.909052610397339,1117,16,57,0,,7.266960620880127,OUTBOUND,-20.278657913208008,-0.29695556241076215,
1,25.2597713470459,1.3156579732894897,5.0206298828125,4.958051681518555,20.21714615399833,29.288983552912907,-3.950706958770752,1118,16,58,0,,36.59843444824219,OUTBOUND,-20.045787811279297,-0.280366225463427,
0,25.45473861694336,1.316054344177246,1.2300843000411987,1.15529203414917,20.230548306019045,29.276733851383863,-3.881808280944824,1119,16,59,1,NOMINAL_OUTSIDE_CERTIFIED_SET,50.41972732543945,OUTBOUND,-20.22129249572754,-0.25707876296256615,
0,25.665319442749023,1.3164501190185547,0.49166756868362427,0.3889578580856323,20.243747575994348,29.264529515611265,-3.8938565254211426,1120,16,60,1,NOMINAL_OUTSIDE_CERTIFIED_SET,47.39055633544922,OUTBOUND,-20.346099853515625,-0.21425070774038496,
0,25.830970764160156,1.316847801208496,5.85116720199585,5.778520584106445,20.256895608996274,29.252370364660415,-3.952569007873535,1121,16,61,1,NOMINAL_OUTSIDE_CERTIFIED_SET,7.997570037841797,OUTBOUND,-20.468093872070312,-0.17382021889817945,
0,25.942766189575195,1.317241907119751,0.24435915052890778,0.19354650378227234,20.270713453995995,29.240250316885007,-3.826514959335327,1122,16,62,1,NOMINAL_OUTSIDE_CERTIFIED_SET,19.542858123779297,OUTBOUND,-20.716629028320312,-0.13776130318456378,
0,25.87801742553711,1.3176369667053223,11.041594505310059,11.072429656982422,20.285160268016625,29.228160928295605,-3.9270176887512207,1123,16,63,1,NOMINAL_OUTSIDE_CERTIFIED_SET,53.066837310791016,OUTBOUND,-20.70232582092285,-0.10633531760382921,
0,25.5484561920166,1.318033218383789,5.498967170715332,5.514018535614014,20.29937725001946,29.21609598981854,-3.9345273971557617,1124,16,64,1,NOMINAL_OUTSIDE_CERTIFIED_SET,12.783138275146484,FAILURE,-20.359384536743164,-0.07954115837094389,
1,26.02340316772461,1.3184316158294678,5.292294502258301,5.25968599319458,20.31713631300954,29.98797939126112,-3.955496311187744,1125,17,1,0,,33.15420150756836,OUTBOUND,-20.827722549438477,0.012340403263331898,
1,25.964305877685547,1.3188285827636719,0.19990471005439758,0.22245875000953674,20.331106808996992,29.975922569415488,-3.880166530609131,1126,17,2,0,,9.152623176574707,OUTBOUND,-20.819761276245117,0.029309946219547266,
0,25.815872192382812,1.3192243576049805,10.494668006896973,10.333483695983887,20.344427750998875,29.963821860544694,-3.8788974285125732,1127,17,3,1,NOMINAL_OUTSIDE_CERTIFIED_SET,43.425079345703125,OUTBOUND,-20.78144073486328,0.017954768993466885,
1,25.999879837036133,1.3196192979812622,6.062948226928711,5.8999433517456055,20.357735469006002,29.951786242510025,-3.8896703720092773,1128,17,4,0,,29.742422103881836,OUTBOUND,-21.000085830688477,-0.011391714950109951,
1,25.828914642333984,1.320014476776123,5.33363676071167,5.30218505859375,20.37154319701949,29.93975267940517,-3.9064714908599854,1129,17,5,0,,11.125801086425781,OUTBOUND,-20.763736724853516,-0.010863379946609493,
0,25.296810150146484,1.3204114437103271,6.323559284210205,6.364891529083252,20.459610267018434,29.92770190509106,-3.946518898010254,1130,17,6,1,NOMINAL_OUTSIDE_CERTIFIED_SET,24.118247985839844,OUTBOUND,-20.185382843017578,0.008508784133664953,
0,25.607633590698242,1.3208075761795044,0.5358231663703918,0.6591495871543884,20.472625301015796,29.91562462288122,-3.888184070587158,1131,17,7,1,NOMINAL_OUTSIDE_CERTIFIED_SET,59.90952682495117,OUTBOUND,-20.45356559753418,-0.0001874958843259066,
0,25.898107528686523,1.3212056159973145,5.443852424621582,5.422794342041016,20.48584129201481,29.90351550103046,-3.9482831954956055,1132,17,8,1,NOMINAL_OUTSIDE_CERTIFIED_SET,28.093000411987305,OUTBOUND,-20.56451988220215,-0.00780906863544346,
1,25.8544921875,1.3216028213500977,10.429898262023926,10.330178260803223,20.498767039011,29.891398704191463,-3.892439126968384,1133,17,9,0,,3.880510091781616,OUTBOUND,-20.570589065551758,0.002053646001730586,
1,26.01674461364746,1.32200026512146,0.48695704340934753,0.4205799400806427,20.51329765401897,29.879263051145564,-3.9121437072753906,1134,17,10,0,,41.51526641845703,OUTBOUND,-20.675853729248047,0.005910476506825403,
0,26.161178588867188,1.3223984241485596,0.37539342045783997,0.3089721202850342,20.526671664993046,29.867106938545383,-3.924274444580078,1135,17,11,1,NOMINAL_OUTSIDE_CERTIFIED_SET,26.72713851928711,OUTBOUND,-20.766464233398438,-0.010185180984685216,
0,26.251218795776367,1.3227968215942383,10.488348007202148,10.545557022094727,20.54303017500206,29.854923746935892,-3.915093421936035,1136,17,12,1,NOMINAL_OUTSIDE_CERTIFIED_SET,41.73457717895508,OUTBOUND,-20.971885681152344,-0.023346832801485595,
0,26.54134750366211,1.3231940269470215,4.96212100982666,4.938747406005859,20.565517901995918,29.842707545315374,-3.8810853958129883,1137,17,13,1,NOMINAL_OUTSIDE_CERTIFIED_SET,27.1180362701416,OUTBOUND,-21.393762588500977,-0.03706121274708384,
1,26.378355026245117,1.3235889673233032,5.48194694519043,5.483378887176514,20.58605383799295,29.830486985122082,-3.854322910308838,1138,17,14,0,,28.783618927001953,OUTBOUND,-21.315317153930664,-0.041030611600081965,
0,26.26233673095703,1.32398521900177,0.3433024287223816,0.3784317970275879,20.601777624018723,29.818234098450375,-3.930549144744873,1139,17,15,1,NOMINAL_OUTSIDE_CERTIFIED_SET,6.49373197555542,OUTBOUND,-21.0882511138916,-0.04784965895014851,
0,26.273029327392578,1.3243823051452637,5.458916664123535,5.386186599731445,20.616676410019863,29.80594988468907,-3.924302339553833,1140,17,16,1,NOMINAL_OUTSIDE_CERTIFIED_SET,14.904400825500488,OUTBOUND,-21.079219818115234,-0.06993839223775931,
0,26.337398529052734,1.3247815370559692,5.534041881561279,5.458527088165283,20.70414945599623,29.793639805934525,-3.953700304031372,1141,17,17,1,INSUFFICIENT_RECOVERY_RESERVE,17.821012496948242,OUTBOUND,-21.159990310668945,-0.08372837709486793,
0,26.274658203125,1.325181245803833,0.2678317427635193,0.35115891695022583,20.71768995100865,29.78134653614069,-3.9195098876953125,1142,17,18,1,NOMINAL_OUTSIDE_CERTIFIED_SET,20.773326873779297,OUTBOUND,-21.10940170288086,-0.09706219709998004,
0,26.315326690673828,1.3255808353424072,5.366527080535889,5.302694320678711,20.73003200799576,29.769025116906047,-3.9109389781951904,1143,17,19,1,INSUFFICIENT_RECOVERY_RESERVE,8.010103225708008,OUTBOUND,-21.17455291748047,-0.11046181859441685,
0,25.768264770507812,1.325980544090271,6.271454334259033,6.213087558746338,20.741662237007404,29.756737770202875,-3.911391496658325,1144,17,20,1,INSUFFICIENT_RECOVERY_RESERVE,5.7289252281188965,OUTBOUND,-20.643484115600586,-0.10996093926452905,
0,26.3350772857666,1.3263822793960571,0.3979092240333557,0.4477507472038269,20.754908154020086,29.744462343828253,-3.956493377685547,1145,17,21,1,NOMINAL_OUTSIDE_CERTIFIED_SET,34.6995849609375,OUTBOUND,-21.08741569519043,-0.12150955696180754,
0,26.30548095703125,1.3267855644226074,1.1491175889968872,1.1120452880859375,20.770960983005352,29.73216265365137,-3.9525933265686035,1146,17,22,1,INSUFFICIENT_RECOVERY_RESERVE,23.457508087158203,OUTBOUND,-20.998212814331055,-0.13318213313392643,
0,26.67829132080078,1.3271881341934204,0.2196514904499054,0.1960170716047287,20.79091357701691,29.719877319621126,-3.8991754055023193,1147,17,23,1,NOMINAL_OUTSIDE_CERTIFIED_SET,20.29448890686035,OUTBOUND,-21.354793548583984,-0.14472627991841952,
0,26.664371490478516,1.3275905847549438,0.31624579429626465,0.2929703891277313,20.808852979011135,29.707567346361618,-3.9162795543670654,1148,17,24,1,INSUFFICIENT_RECOVERY_RESERVE,19.87289810180664,OUTBOUND,-21.337738037109375,-0.1563661105650093,
0,26.839736938476562,1.3279943466186523,0.2167336344718933,0.22694478929042816,20.822722647018963,29.69527385578987,-3.9452285766601562,1149,17,25,1,NOMINAL_OUTSIDE_CERTIFIED_SET,7.882663249969482,OUTBOUND,-21.525819778442383,-0.1679321042043347,
0,26.533546447753906,1.3283990621566772,11.856451034545898,11.87062931060791,20.839818967011524,29.68295525167182,-3.9405665397644043,1150,17,26,1,INSUFFICIENT_RECOVERY_RESERVE,67.41669464111328,OUTBOUND,-21.333389282226562,-0.17955310083082107,
0,26.8045654296875,1.3288062810897827,5.59439754486084,5.592824459075928,20.8585565930116,29.67067039723934,-3.975269079208374,1151,17,27,1,INSUFFICIENT_RECOVERY_RESERVE,30.689847946166992,OUTBOUND,-21.651308059692383,-0.1710248766889742,
0,26.5938663482666,1.3292129039764404,0.2512863576412201,0.2759420871734619,20.878469852003036,29.658396931041064,-3.9163644313812256,1152,17,28,1,NOMINAL_OUTSIDE_CERTIFIED_SET,5.094301700592041,OUTBOUND,-21.447364807128906,-0.18169094718251702,
0,26.653865814208984,1.3296191692352295,0.18572065234184265,0.20903614163398743,20.88935029800632,29.64610153398738,-3.9120430946350098,1153,17,29,1,INSUFFICIENT_RECOVERY_RESERVE,13.457903861999512,OUTBOUND,-21.488290786743164,-0.1923952666476444,
1,26.597877502441406,1.330024003982544,11.79356861114502,11.593564987182617,20.90290349701536,29.633844931904747,-3.8944592475891113,1154,17,30,0,,49.131351470947266,OUTBOUND,-21.523836135864258,-0.17449350904943078,
0,26.516502380371094,1.3304284811019897,0.25551730394363403,0.32575085759162903,20.915629123017425,29.621553310251908,-3.9083032608032227,1155,17,31,1,NOMINAL_OUTSIDE_CERTIFIED_SET,31.412879943847656,OUTBOUND,-21.372268676757812,-0.1842009823781776,
0,26.180959701538086,1.3308334350585938,16.229787826538086,16.003498077392578,20.92589486000361,29.60924366509394,-3.930724859237671,1156,17,32,1,INSUFFICIENT_RECOVERY_RESERVE,35.81114959716797,OUTBOUND,-21.053178787231445,-0.20102671209913714,
0,26.17637825012207,1.3312371969223022,10.533645629882812,10.413113594055176,20.938493126013782,29.596949818830705,-3.8920528888702393,1157,17,33,1,NOMINAL_OUTSIDE_CERTIFIED_SET,6.29164457321167,OUTBOUND,-21.096435546875,-0.21716560463629475,
0,25.805522918701172,1.331641674041748,16.86836814880371,16.668500900268555,21.02261750100297,29.58463588074391,-3.931321859359741,1158,17,34,1,INSUFFICIENT_RECOVERY_RESERVE,24.365175247192383,OUTBOUND,-20.70463752746582,-0.23262754541674735,
0,26.137468338012695,1.332047462463379,0.8724123239517212,0.957059919834137,21.03930601500906,29.572339327259822,-3.9500930309295654,1159,17,35,1,NOMINAL_OUTSIDE_CERTIFIED_SET,81.08702087402344,OUTBOUND,-20.866134643554688,-0.24738734256562675,
0,26.235246658325195,1.3324514627456665,5.946293830871582,5.894747257232666,21.049496541003464,29.56002072328377,-3.8773715496063232,1160,17,36,1,INSUFFICIENT_RECOVERY_RESERVE,53.04981994628906,OUTBOUND,-20.918746948242188,-0.26155964052389796,
0,26.50497817993164,1.3328537940979004,5.847130298614502,5.758819580078125,21.059234389016638,29.547735936125672,-3.8769891262054443,1161,17,37,1,INSUFFICIENT_RECOVERY_RESERVE,35.245792388916016,OUTBOUND,-21.197193145751953,-0.2435797297269283,
0,26.763858795166016,1.333257794380188,0.6141476631164551,0.47615164518356323,21.071876304020407,29.535462946146808,-3.953388214111328,1162,17,38,1,NOMINAL_OUTSIDE_CERTIFIED_SET,60.42641830444336,OUTBOUND,-21.226560592651367,-0.2568265680786697,
0,26.89501953125,1.3336611986160278,16.30862045288086,16.332233428955078,21.082503911020467,29.5231665466496,-3.8999814987182617,1163,17,39,1,INSUFFICIENT_RECOVERY_RESERVE,65.75482940673828,OUTBOUND,-21.58262062072754,-0.2695579331419798,
0,26.69840431213379,1.3340656757354736,11.048707008361816,11.016788482666016,21.095682350016432,29.510884320331595,-3.9375669956207275,1164,17,40,1,NOMINAL_OUTSIDE_CERTIFIED_SET,31.769237518310547,OUTBOUND,-21.439916610717773,-0.28182920570428827,
0,26.988367080688477,1.3344707489013672,5.5792555809021,5.563608169555664,21.1142627549998,29.498576986491926,-3.9322519302368164,1165,17,41,1,INSUFFICIENT_RECOVERY_RESERVE,20.440881729125977,OUTBOUND,-21.766408920288086,-0.2936486084805806,
0,26.813669204711914,1.3348758220672607,5.764552116394043,5.759209632873535,21.134707331017125,29.486286026742,-3.9129748344421387,1166,17,42,1,NOMINAL_OUTSIDE_CERTIFIED_SET,7.188033580780029,OUTBOUND,-21.600696563720703,-0.30507707364569714,
0,26.943668365478516,1.3352819681167603,5.644575595855713,5.595993518829346,21.14859667600831,29.473969377516678,-3.9443628787994385,1167,17,43,1,INSUFFICIENT_RECOVERY_RESERVE,8.914422988891602,OUTBOUND,-21.742937088012695,-0.31610196757551745,
0,26.78870391845703,1.3356871604919434,11.137548446655273,10.997687339782715,21.1608684870007,29.461686299219835,-3.897411823272705,1168,17,44,1,INSUFFICIENT_RECOVERY_RESERVE,32.19174575805664,OUTBOUND,-21.63461685180664,-0.2911977633231036,
1,26.699058532714844,1.336092233657837,5.864123821258545,5.862669467926025,21.17798077201587,29.449436809518495,-3.9150846004486084,1169,17,45,0,,15.752462387084961,OUTBOUND,-21.520177841186523,-0.2631748370985874,
0,26.525794982910156,1.3364980220794678,5.927492618560791,5.99445915222168,21.1921671150194,29.437179238470218,-3.931382417678833,1170,17,46,1,NOMINAL_OUTSIDE_CERTIFIED_SET,26.1374454498291,OUTBOUND,-21.285917282104492,-0.2729795924597811,
0,26.862035751342773,1.3369027376174927,5.551619052886963,5.525017738342285,21.290859914995963,29.4248891971488,-3.8912856578826904,1171,17,47,1,NOMINAL_OUTSIDE_CERTIFIED_SET,19.65498161315918,OUTBOUND,-21.65129852294922,-0.324978204651476,
0,27.12203025817871,1.3373055458068848,0.25831976532936096,0.2971554696559906,21.30748268699972,29.41257732641848,-3.8730220794677734,1172,17,48,1,INSUFFICIENT_RECOVERY_RESERVE,26.190229415893555,OUTBOUND,-21.908554077148438,-0.33729240944828165,
0,27.035139083862305,1.3377087116241455,11.097262382507324,10.990495681762695,21.323846568004228,29.40029853648571,-3.9172980785369873,1173,17,49,1,INSUFFICIENT_RECOVERY_RESERVE,30.281333923339844,OUTBOUND,-21.7971134185791,-0.3096251873955464,
1,26.753673553466797,1.3381112813949585,0.6128957867622375,0.6212517619132996,21.342956339998636,29.388057113723168,-3.8970656394958496,1174,17,50,0,,45.8452262878418,OUTBOUND,-21.427228927612305,-0.29976198697718365,
0,26.980974197387695,1.3385114669799805,0.49766451120376587,0.48902788758277893,21.356346873013536,29.3757882678464,-3.8532910346984863,1175,17,51,1,NOMINAL_OUTSIDE_CERTIFIED_SET,35.409706115722656,OUTBOUND,-21.643848419189453,-0.3266203232123463,
0,27.282424926757812,1.3389114141464233,11.316145896911621,11.280797004699707,21.36751639400609,29.363500740677157,-3.8989505767822266,1176,17,52,1,INSUFFICIENT_RECOVERY_RESERVE,39.06615447998047,OUTBOUND,-22.022111892700195,-0.3353126109325437,
0,27.143522262573242,1.3393105268478394,5.840768337249756,5.841679573059082,21.38188044601702,29.351224768221172,-3.883979082107544,1177,17,53,1,NOMINAL_OUTSIDE_CERTIFIED_SET,18.73810577392578,OUTBOUND,-21.92920684814453,-0.34413129976450935,
1,27.214561462402344,1.3397101163864136,5.853986740112305,5.819758892059326,21.39562943801866,29.338922985023622,-3.9097132682800293,1178,17,54,0,,12.334524154663086,OUTBOUND,-22.00162124633789,-0.355833623866808,
0,27.18338966369629,1.3401117324829102,11.272879600524902,11.173991203308105,21.41021482500946,29.326656069286255,-3.9468088150024414,1179,17,55,1,NOMINAL_OUTSIDE_CERTIFIED_SET,40.800479888916016,OUTBOUND,-21.965360641479492,-0.3538416033896048,
0,27.286762237548828,1.3405115604400635,5.777488708496094,5.723014831542969,21.423403059015982,29.314384206032518,-3.8638076782226562,1180,17,56,1,NOMINAL_OUTSIDE_CERTIFIED_SET,18.269472122192383,OUTBOUND,-22.18132209777832,-0.3673333616335643,
0,27.012731552124023,1.340911626815796,0.35652241110801697,0.4242933690547943,21.436107896995964,29.302112222373257,-3.9080216884613037,1181,17,57,1,NOMINAL_OUTSIDE_CERTIFIED_SET,34.458011627197266,OUTBOUND,-21.831985473632812,-0.3656288405855511,
1,27.147228240966797,1.3413119316101074,0.4755518436431885,0.5746523141860962,21.45051387901185,29.28983923606383,-3.9062318801879883,1182,17,58,0,,38.721832275390625,OUTBOUND,-21.88788604736328,-0.3818453962134346,
0,27.193607330322266,1.3417118787765503,5.891214847564697,5.864926815032959,21.547334083996248,29.277533714829396,-3.8926713466644287,1183,17,59,1,NOMINAL_OUTSIDE_CERTIFIED_SET,11.249441146850586,OUTBOUND,-21.914350509643555,-0.3807560476654459,
0,27.175254821777344,1.3421103954315186,5.924020290374756,5.8969526290893555,21.56043059800868,29.265259504303586,-3.869499444961548,1184,17,60,1,NOMINAL_OUTSIDE_CERTIFIED_SET,6.681112766265869,OUTBOUND,-21.955703735351562,-0.33720478314482616,
1,27.44884490966797,1.342511773109436,0.4086182713508606,0.44756603240966797,21.57300204099738,29.253023407845813,-3.9587349891662598,1185,17,61,0,,31.0944766998291,OUTBOUND,-22.051000595092773,-0.29914110823277484,
1,27.60000228881836,1.342911720275879,5.936651229858398,5.9036760330200195,21.587590730021475,29.240811510794018,-3.8733527660369873,1186,17,62,0,,14.49831771850586,OUTBOUND,-22.295061111450195,-0.30266139221469246,
0,27.514448165893555,1.3433117866516113,0.36838287115097046,0.39322468638420105,21.601851378014544,29.228551920367618,-3.9025399684906006,1187,17,63,1,NOMINAL_OUTSIDE_CERTIFIED_SET,16.348554611206055,OUTBOUND,-22.183853149414062,-0.2887913210440608,
0,27.407093048095703,1.3437119722366333,6.774741172790527,6.70751428604126,21.619153183011804,29.216349230700867,-3.8986780643463135,1188,17,64,1,NOMINAL_OUTSIDE_CERTIFIED_SET,21.517839431762695,OUTBOUND,-22.140663146972656,-0.22621402458987158,
1,27.80239486694336,1.3441152572631836,0.3535284101963043,0.4002920389175415,21.635217949020443,29.204194233980044,-3.9728715419769287,1189,17,65,0,,4.8483076095581055,OUTBOUND,-22.48000717163086,-0.167377444209287,
0,27.108295440673828,1.3445175886154175,12.05640983581543,12.07713508605957,21.652938625018578,29.192056211002193,-3.88407564163208,1190,17,66,1,NOMINAL_OUTSIDE_CERTIFIED_SET,41.221351623535156,OUTBOUND,-21.97281265258789,-0.1183188336195208,
0,27.735450744628906,1.34492027759552,0.3186948299407959,0.32227540016174316,21.67143270399538,29.17995056413698,-3.9137556552886963,1191,17,67,1,NOMINAL_OUTSIDE_CERTIFIED_SET,10.031782150268555,OUTBOUND,-22.53496551513672,-0.08278017231292567,
0,27.454055786132812,1.3453229665756226,5.976792812347412,5.924911975860596,21.688100743020186,29.167872321872697,-3.9013512134552,1192,17,68,1,NOMINAL_OUTSIDE_CERTIFIED_SET,13.461465835571289,FAILURE,-22.251667022705078,-0.053783719311553596,
0,27.816593170166016,1.3457244634628296,5.923175811767578,5.8714375495910645,21.70766005999758,29.9879676,-3.877984046936035,1193,18,1,1,NOMINAL_OUTSIDE_CERTIFIED_SET,13.560640335083008,OUTBOUND,-22.63460350036621,-0.010144776818907505,
0,27.690893173217773,1.3461263179779053,5.784348011016846,5.7102861404418945,21.721974582993425,29.9758992,-3.910128116607666,1194,18,2,1,NOMINAL_OUTSIDE_CERTIFIED_SET,5.694669723510742,OUTBOUND,-22.563438415527344,-0.010487473575987347,
0,27.335927963256836,1.3465299606323242,5.99664306640625,5.961277484893799,21.73863980101305,29.963794800000002,-3.9407083988189697,1195,18,3,1,NOMINAL_OUTSIDE_CERTIFIED_SET,11.911735534667969,OUTBOUND,-22.128738403320312,-0.011710406835350273,
0,27.239059448242188,1.3469336032867432,17.128944396972656,16.92913818359375,21.75394050401519,29.951654400000002,-3.906705141067505,1196,18,4,1,NOMINAL_OUTSIDE_CERTIFIED_SET,40.60139465332031,OUTBOUND,-22.088550567626953,-0.014399984101813035,
0,26.869970321655273,1.3473379611968994,18.27401351928711,18.0208683013916,21.76628940500086,29.939478,-3.9233648777008057,1197,18,5,1,NOMINAL_OUTSIDE_CERTIFIED_SET,36.73738479614258,OUTBOUND,-21.777278900146484,-0.01914119308193565,
0,26.684341430664062,1.3477421998977661,17.279293060302734,17.119609832763672,21.77954477700405,29.927265600000002,-3.899437427520752,1198,18,6,1,NOMINAL_OUTSIDE_CERTIFIED_SET,4.937894344329834,OUTBOUND,-21.61473846435547,-0.026515450871577688,
1,26.827983856201172,1.3481470346450806,1.4158377647399902,1.4927031993865967,21.87119404200348,29.91504119167021,-3.9237592220306396,1199,18,7,0,,103.98551177978516,OUTBOUND,-21.50733757019043,-0.024838102715046554,
1,27.087684631347656,1.3485519886016846,1.3978196382522583,1.4319185018539429,21.88334283500444,29.902796583179587,-3.905400037765503,1200,18,8,0,,103.7589111328125,OUTBOUND,-21.58283233642578,-0.039217593242280385,
1,27.6695556640625,1.3489584922790527,1.721739411354065,1.6024367809295654,21.895786631008377,29.890607950253724,-3.945979356765747,1201,18,9,0,,63.89070510864258,OUTBOUND,-22.074270248413086,-0.05139926890528906,
0,27.459753036499023,1.349363923072815,16.985366821289062,16.851543426513672,21.90799300200888,29.878406657548595,-3.884384870529175,1202,18,10,1,NOMINAL_OUTSIDE_CERTIFIED_SET,28.25876235961914,OUTBOUND,-21.92496109008789,-0.0481423855593749,
0,27.574512481689453,1.3497697114944458,17.60625457763672,17.60622215270996,21.92002071501338,29.8661707399744,-3.916958808898926,1203,18,11,1,NOMINAL_OUTSIDE_CERTIFIED_SET,55.198280334472656,OUTBOUND,-22.19374656677246,-0.060617169715802374,
0,27.84052276611328,1.350176215171814,11.740429878234863,11.726844787597656,21.932840387016768,29.85389996066283,-3.924482822418213,1204,18,12,1,NOMINAL_OUTSIDE_CERTIFIED_SET,45.09364318847656,OUTBOUND,-22.596399307250977,-0.07674866929402588,
0,27.659408569335938,1.3505833148956299,6.211577892303467,6.189589023590088,21.943447052006377,29.84160800422837,-3.9211463928222656,1205,18,13,1,INSUFFICIENT_RECOVERY_RESERVE,10.55480670928955,OUTBOUND,-22.42835807800293,-0.0872227000069001,
1,27.770065307617188,1.35099196434021,0.46385458111763,0.48867812752723694,21.957438289013226,29.829338282545603,-3.9475133419036865,1206,18,14,0,,35.03055191040039,OUTBOUND,-22.3657169342041,-0.10392083557782192,
0,27.995153427124023,1.3514007329940796,0.3337288796901703,0.3681071996688843,21.97096762000001,29.817061790465843,-3.9180848598480225,1207,18,15,1,NOMINAL_OUTSIDE_CERTIFIED_SET,21.27045249938965,OUTBOUND,-22.624345779418945,-0.12473031775350824,
0,27.96428871154785,1.3518089056015015,5.722179412841797,5.643986701965332,21.983731392014306,29.804757031893544,-3.899080991744995,1208,18,16,1,NOMINAL_OUTSIDE_CERTIFIED_SET,3.4800875186920166,OUTBOUND,-22.58197021484375,-0.1384418407766121,
0,28.09456443786621,1.3522162437438965,6.126818656921387,6.01106071472168,21.99480250600027,29.792434027141095,-3.8919577598571777,1209,18,17,1,INSUFFICIENT_RECOVERY_RESERVE,32.476051330566406,OUTBOUND,-22.83002281188965,-0.14555483460465915,
0,28.106718063354492,1.352623462677002,6.102705001831055,6.027721405029297,22.007232032017782,29.7801452376277,-3.908642292022705,1210,18,18,1,INSUFFICIENT_RECOVERY_RESERVE,15.040862083435059,OUTBOUND,-22.847681045532227,-0.14100977354467548,
0,27.809457778930664,1.3530322313308716,6.301465034484863,6.265532970428467,22.0263830810145,29.767868078262694,-3.9449777603149414,1211,18,19,1,NOMINAL_OUTSIDE_CERTIFIED_SET,11.7803955078125,OUTBOUND,-22.58968734741211,-0.14800293998300054,
0,27.6119441986084,1.3534396886825562,17.227062225341797,16.92836570739746,22.112029859999893,29.75557413163401,-3.8811728954315186,1212,18,20,1,INSUFFICIENT_RECOVERY_RESERVE,59.58016586303711,OUTBOUND,-22.52048110961914,-0.15554577800170744,
0,27.79183578491211,1.3538475036621094,11.352733612060547,11.156122207641602,22.131525858014356,29.743293642825748,-3.92022442817688,1213,18,21,1,NOMINAL_OUTSIDE_CERTIFIED_SET,18.464950561523438,OUTBOUND,-22.634519577026367,-0.1642301186438229,
0,27.37565040588379,1.3542560338974,12.681805610656738,12.491909980773926,22.141538618016057,29.73099199493955,-3.924865961074829,1214,18,22,1,INSUFFICIENT_RECOVERY_RESERVE,9.347102165222168,OUTBOUND,-22.185205459594727,-0.1732630321855107,
1,27.748306274414062,1.3546662330627441,0.7908329963684082,0.7871936559677124,22.15323907000129,29.718710707256108,-3.94987154006958,1215,18,23,0,,70.29890441894531,OUTBOUND,-22.39916229248047,-0.17617525132604345,
0,27.900026321411133,1.3550772666931152,0.7770614624023438,0.7351195812225342,22.16532915600692,29.706437290550117,-3.9332642555236816,1216,18,24,1,NOMINAL_OUTSIDE_CERTIFIED_SET,70.91429901123047,OUTBOUND,-22.49416732788086,-0.1925230367638701,
0,27.807769775390625,1.3554855585098267,0.9044729471206665,0.8731482625007629,22.177834428002825,29.694134502480754,-3.855740785598755,1217,18,25,1,NOMINAL_OUTSIDE_CERTIFIED_SET,62.937957763671875,OUTBOUND,-22.395177841186523,-0.2155051820004534,
0,27.89238739013672,1.3558955192565918,23.141225814819336,23.018478393554688,22.18926600101986,29.681811953734663,-3.9460980892181396,1218,18,26,1,INSUFFICIENT_RECOVERY_RESERVE,64.88916015625,OUTBOUND,-22.49205207824707,-0.22255976445657943,
0,28.147754669189453,1.356306552886963,11.75744915008545,11.643006324768066,22.199971226014895,29.669523616813052,-3.940145969390869,1219,18,27,1,INSUFFICIENT_RECOVERY_RESERVE,19.6510066986084,OUTBOUND,-22.840110778808594,-0.2092384501026993,
1,28.213777542114258,1.3567184209823608,6.150423049926758,6.060345649719238,22.213493896008004,29.657278709726597,-3.9321141242980957,1220,18,28,0,,15.62513542175293,OUTBOUND,-22.879060745239258,-0.21253907944077052,
0,28.40117645263672,1.3571312427520752,0.43606919050216675,0.4170002341270447,22.22781041901908,29.644992215856412,-3.9419755935668945,1221,18,29,1,NOMINAL_OUTSIDE_CERTIFIED_SET,47.05318832397461,OUTBOUND,-22.976470947265625,-0.23630131727526915,
0,28.43567657470703,1.3575429916381836,11.864603996276855,11.721772193908691,22.23974990201532,29.632689354281343,-3.8937244415283203,1222,18,30,1,INSUFFICIENT_RECOVERY_RESERVE,37.10536575317383,OUTBOUND,-23.13138771057129,-0.24216212102726858,
0,28.258686065673828,1.3579541444778442,0.5434631705284119,0.5964380502700806,22.253826747997664,29.62040142742456,-3.9016177654266357,1223,18,31,1,NOMINAL_OUTSIDE_CERTIFIED_SET,36.85871124267578,OUTBOUND,-22.84751319885254,-0.24949183199662409,
0,28.37520980834961,1.3583650588989258,0.4064151346683502,0.4581981599330902,22.340164237015415,29.608090694331622,-3.911705493927002,1224,18,32,1,INSUFFICIENT_RECOVERY_RESERVE,24.45609474182129,OUTBOUND,-22.936674118041992,-0.25709114581432885,
0,28.47781753540039,1.3587769269943237,6.422359943389893,6.378055572509766,22.352231766999466,29.595796922986985,-3.935544729232788,1225,18,33,1,NOMINAL_OUTSIDE_CERTIFIED_SET,18.519638061523438,OUTBOUND,-23.055828094482422,-0.26591577155776575,
0,28.49483299255371,1.3591903448104858,6.506958961486816,6.493460178375244,22.36380368299433,29.58347554772292,-3.9493396282196045,1226,18,34,1,INSUFFICIENT_RECOVERY_RESERVE,16.01239776611328,OUTBOUND,-23.070154190063477,-0.27479775819360436,
0,28.53000259399414,1.3596010208129883,0.43507295846939087,0.4987524747848511,22.374288780993083,29.57118825728554,-3.858945369720459,1227,18,35,1,INSUFFICIENT_RECOVERY_RESERVE,3.6899218559265137,OUTBOUND,-23.236780166625977,-0.25503076858006163,
1,28.808761596679688,1.3600133657455444,0.4566468894481659,0.5055767893791199,22.385786503000418,29.558941830174458,-3.950282335281372,1228,18,36,0,,2.50917911529541,OUTBOUND,-23.35360336303711,-0.25550943210719845,
0,28.6536808013916,1.360425591468811,0.44195884466171265,0.5059295296669006,22.39849011899787,29.54665723360902,-3.9137814044952393,1229,18,37,1,NOMINAL_OUTSIDE_CERTIFIED_SET,2.860344886779785,OUTBOUND,-23.273937225341797,-0.2834948920080804,
0,28.952281951904297,1.3608381748199463,0.3741878271102905,0.39311349391937256,22.408730590017512,29.53435827355965,-3.924323558807373,1230,18,38,1,INSUFFICIENT_RECOVERY_RESERVE,16.71889305114746,OUTBOUND,-23.61216926574707,-0.290064238966434,
1,28.203338623046875,1.3612501621246338,18.8384952545166,18.70598602294922,22.42198069099686,29.522099385623505,-3.903425931930542,1231,18,39,0,,84.8479232788086,OUTBOUND,-22.97464942932129,-0.2647537840630714,
1,28.567123413085938,1.3616597652435303,12.292221069335938,12.169931411743164,22.442112908000126,29.50984642327484,-3.860344409942627,1232,18,40,0,,63.120391845703125,OUTBOUND,-23.595762252807617,-0.2606785659857195,
0,28.216081619262695,1.3620693683624268,6.474499225616455,6.424915313720703,22.46412266601692,29.497553264709623,-3.9081766605377197,1233,18,41,1,NOMINAL_OUTSIDE_CERTIFIED_SET,9.754685401916504,OUTBOUND,-23.062725067138672,-0.29323999499345726,
0,28.481534957885742,1.3624796867370605,5.742013454437256,5.649417877197266,22.478086990013253,29.485240215693175,-3.9261395931243896,1234,18,42,1,INSUFFICIENT_RECOVERY_RESERVE,14.343144416809082,OUTBOUND,-23.318405151367188,-0.3044203076816671,
0,28.326509475708008,1.362889051437378,0.7162238955497742,0.7737742066383362,22.489998517994536,29.47294355183615,-3.8885090351104736,1235,18,43,1,NOMINAL_OUTSIDE_CERTIFIED_SET,72.34949493408203,OUTBOUND,-23.077783584594727,-0.3160300941328462,
0,28.327716827392578,1.363297939300537,6.494627475738525,6.464245796203613,22.50047095300397,29.460625545353295,-3.897700548171997,1236,18,44,1,INSUFFICIENT_RECOVERY_RESERVE,45.16521072387695,OUTBOUND,-22.945676803588867,-0.32713139741386815,
0,28.52792739868164,1.3637081384658813,0.7621283531188965,0.7873143553733826,22.510789688007208,29.44834120595842,-3.935765266418457,1237,18,45,1,INSUFFICIENT_RECOVERY_RESERVE,73.34346008300781,OUTBOUND,-23.009765625,-0.30047483177557177,
0,28.635372161865234,1.3641166687011719,0.7402735352516174,0.7415595650672913,22.523559488006867,29.436067912602986,-3.871657371520996,1238,18,46,1,NOMINAL_OUTSIDE_CERTIFIED_SET,67.13031005859375,OUTBOUND,-23.037248611450195,-0.3124053225208071,
0,28.908475875854492,1.3645254373550415,0.5538152456283569,0.5339816212654114,22.53438580900547,29.423774049368458,-3.9092109203338623,1239,18,47,1,INSUFFICIENT_RECOVERY_RESERVE,42.033203125,OUTBOUND,-23.23532485961914,-0.3237261672932822,
0,29.125713348388672,1.3649346828460693,0.47007060050964355,0.5081088542938232,22.546458491007797,29.411495184581877,-3.9154343605041504,1240,18,48,1,NOMINAL_OUTSIDE_CERTIFIED_SET,10.654229164123535,OUTBOUND,-23.471912384033203,-0.33458098368360084,
0,29.50315284729004,1.3653430938720703,0.39034348726272583,0.46309101581573486,22.6313937070081,29.399204909564034,-3.8889994621276855,1241,18,49,1,NOMINAL_OUTSIDE_CERTIFIED_SET,23.26484489440918,OUTBOUND,-23.96040916442871,-0.37345904247908096,
0,29.227571487426758,1.3657480478286743,7.071145057678223,7.14777135848999,22.644160313007887,29.386904707378346,-3.8256564140319824,1242,18,50,1,NO_GENERATOR_SET,69.9133071899414,OUTBOUND,-23.858997344970703,-0.39112792890878223,
0,29.50898551940918,1.3661530017852783,1.9068306684494019,1.9497002363204956,22.65541376400506,29.374601025292034,-3.8945906162261963,1243,18,51,1,NO_GENERATOR_SET,74.1887435913086,OUTBOUND,-24.24123764038086,-0.39181645098969864,
0,29.3955020904541,1.366560935974121,13.576552391052246,13.424333572387695,22.667568327015033,29.362302122274595,-3.9616951942443848,1244,18,52,1,NO_GENERATOR_SET,117.31800079345703,OUTBOUND,-24.18317222595215,-0.37935944326083804,
1,28.674711227416992,1.3669694662094116,13.242741584777832,13.034174919128418,22.681115612998838,29.350026441837063,-3.918318510055542,1245,18,53,0,,69.95626831054688,OUTBOUND,-23.62297248840332,-0.3760593173611564,
1,28.827354431152344,1.3673783540725708,0.29592567682266235,0.33744269609451294,22.693293350021122,29.337717308096405,-3.909635543823242,1246,18,54,0,,12.683525085449219,OUTBOUND,-23.75701904296875,-0.3545131318864407,
1,28.62538719177246,1.3677890300750732,6.60385799407959,6.571867942810059,22.707267741992837,29.325441613766852,-3.9422526359558105,1247,18,55,0,,10.465211868286133,OUTBOUND,-23.475582122802734,-0.33224898479147397,
0,28.39540672302246,1.3682001829147339,6.8141303062438965,6.858305931091309,22.725524480018066,29.31311670703629,-3.921600341796875,1248,18,56,1,NOMINAL_OUTSIDE_CERTIFIED_SET,34.1920166015625,OUTBOUND,-23.2330265045166,-0.32011370601941735,
0,28.65543556213379,1.3686124086380005,0.6988040804862976,0.8638918995857239,22.7391301850148,29.30083807723268,-3.930476665496826,1249,18,57,1,NOMINAL_OUTSIDE_CERTIFIED_SET,77.61238098144531,OUTBOUND,-23.308799743652344,-0.28256300149826313,
1,28.436267852783203,1.369024634361267,1.1510627269744873,1.3103358745574951,22.75228030301514,29.288610928522537,-3.9082672595977783,1250,18,58,0,,91.46585083007812,OUTBOUND,-22.945642471313477,-0.2571192740205348,
0,28.540382385253906,1.3694350719451904,7.877925395965576,7.786969184875488,22.76516679499764,29.27640530438334,-3.8726372718811035,1251,18,59,1,NOMINAL_OUTSIDE_CERTIFIED_SET,19.541778564453125,OUTBOUND,-23.0300350189209,-0.2262790983207444,
1,29.16759490966797,1.3698464632034302,12.61373233795166,12.513318061828613,22.7819374469982,29.2642487438427,-3.925729274749756,1252,18,60,0,,25.81975746154785,OUTBOUND,-23.693912506103516,-0.1969969089984756,
0,29.21689796447754,1.3702566623687744,1.4570136070251465,1.343492031097412,22.79492090200074,29.252057192668453,-3.8798489570617676,1253,18,61,1,NOMINAL_OUTSIDE_CERTIFIED_SET,24.2540225982666,OUTBOUND,-23.73531723022461,-0.1720075376556627,
0,29.138965606689453,1.370667576789856,6.670534610748291,6.608653545379639,22.88391730200965,29.23990892930144,-3.9230422973632812,1254,18,62,1,NOMINAL_OUTSIDE_CERTIFIED_SET,10.138834953308105,OUTBOUND,-23.61644744873047,-0.12841070855221878,
0,29.144655227661133,1.3710778951644897,0.4532663822174072,0.41813400387763977,22.89587128601852,29.227804298899105,-3.8921144008636475,1255,18,63,1,NOMINAL_OUTSIDE_CERTIFIED_SET,25.74241065979004,FAILURE,-23.64982795715332,-0.083158165600836,
0,29.648754119873047,1.3714900016784668,0.48610085248947144,0.4919046461582184,22.912769968010252,29.9879676,-3.94205379486084,1256,19,1,1,NOMINAL_OUTSIDE_CERTIFIED_SET,12.036067962646484,OUTBOUND,-24.106231689453125,-0.010144776818907505,
0,29.6840763092041,1.3719005584716797,0.31486642360687256,0.3364179730415344,22.92443034600001,29.9758992,-3.8746581077575684,1257,19,2,1,NOMINAL_OUTSIDE_CERTIFIED_SET,13.237730026245117,OUTBOUND,-24.247480392456055,-0.010487473575987347,
1,29.845613479614258,1.3723127841949463,0.3975145220756531,0.4179996848106384,22.937064597994322,29.963811637273274,-3.9415712356567383,1258,19,3,0,,25.85363006591797,OUTBOUND,-24.398935317993164,0.010555076365736032,
0,29.514110565185547,1.3727269172668457,6.617554664611816,6.4728312492370605,22.95090304900077,29.951693424401938,-3.9531960487365723,1259,19,4,1,NOMINAL_OUTSIDE_CERTIFIED_SET,51.463844299316406,OUTBOUND,-24.107624053955078,0.0247586848560161,
1,29.421676635742188,1.373142123222351,1.71234130859375,1.6294591426849365,22.96394391701324,29.93957250885447,-3.9333417415618896,1260,19,5,0,,31.075143814086914,OUTBOUND,-24.065589904785156,0.031778644197154676,
0,29.347442626953125,1.373557686805725,14.934626579284668,14.534698486328125,22.977771386009408,29.92740138780483,-3.9219629764556885,1261,19,6,1,NOMINAL_OUTSIDE_CERTIFIED_SET,94.17550659179688,OUTBOUND,-24.24284553527832,0.033856642809978826,
0,29.40020751953125,1.3739738464355469,6.632726192474365,6.5167436599731445,22.990810693008825,29.915206531887407,-3.928025245666504,1262,19,7,1,NOMINAL_OUTSIDE_CERTIFIED_SET,19.22757911682129,OUTBOUND,-24.239471435546875,0.00962231951757697,
0,29.16316795349121,1.3743882179260254,6.733123779296875,6.671335220336914,23.003508134017466,29.902985521176646,-3.873964309692383,1263,19,8,1,NOMINAL_OUTSIDE_CERTIFIED_SET,9.81277084350586,OUTBOUND,-24.044126510620117,-0.013354652214124942,
0,28.977998733520508,1.374801516532898,0.5657069683074951,0.6817426681518555,23.016914777021157,29.890736225893605,-3.889894723892212,1264,19,9,1,NOMINAL_OUTSIDE_CERTIFIED_SET,64.81028747558594,OUTBOUND,-23.72129249572754,-0.03609522996579519,
0,29.18328857421875,1.375218391418457,12.929079055786133,12.807053565979004,23.112485388002824,29.878456769309008,-3.9863991737365723,1265,19,10,1,NOMINAL_OUTSIDE_CERTIFIED_SET,9.200190544128418,OUTBOUND,-23.810251235961914,-0.05960485870502285,
0,29.027206420898438,1.3756362199783325,6.820254325866699,6.71006965637207,23.12796300201444,29.866150830347884,-3.940643310546875,1266,19,11,1,INSUFFICIENT_RECOVERY_RESERVE,53.03235626220703,OUTBOUND,-23.584352493286133,-0.07430202721174839,
0,29.135387420654297,1.3760548830032349,1.0214180946350098,0.9066567420959473,23.138914551003836,29.853860793526337,-3.9345412254333496,1267,19,12,1,NOMINAL_OUTSIDE_CERTIFIED_SET,89.48714447021484,OUTBOUND,-23.534841537475586,-0.0882337968055999,
0,29.04134750366211,1.3764731884002686,7.977631092071533,7.807440280914307,23.15064453301602,29.841544028720065,-3.911930561065674,1268,19,13,1,INSUFFICIENT_RECOVERY_RESERVE,31.449951171875,OUTBOUND,-23.449525833129883,-0.10218026197232982,
0,29.49864959716797,1.376890778541565,0.7236329317092896,0.597498893737793,23.161495577020105,29.82926082949325,-3.904057502746582,1269,19,14,1,INSUFFICIENT_RECOVERY_RESERVE,54.586578369140625,OUTBOUND,-23.89749526977539,-0.10239466095333613,
0,29.578800201416016,1.3773082494735718,12.732375144958496,12.70641040802002,23.174836934020277,29.816988783174235,-3.911997079849243,1270,19,15,1,NOMINAL_OUTSIDE_CERTIFIED_SET,38.86071014404297,OUTBOUND,-24.061031341552734,-0.11421731301028944,
0,29.633604049682617,1.377726435661316,26.533872604370117,26.620922088623047,23.18684262302122,29.804693112897546,-3.932865619659424,1271,19,16,1,INSUFFICIENT_RECOVERY_RESERVE,129.50375366210938,OUTBOUND,-24.272581100463867,-0.12614568125518058,
0,29.710275650024414,1.3781464099884033,0.3948862850666046,0.4269131124019623,23.19950989499921,29.792411078639766,-3.9584717750549316,1272,19,17,1,NOMINAL_OUTSIDE_CERTIFIED_SET,5.5631232261657715,OUTBOUND,-24.329166412353516,-0.13774415570285733,
0,29.661394119262695,1.3785641193389893,7.352070331573486,7.3216142654418945,23.210562028019922,29.780104815849672,-3.872437000274658,1273,19,18,1,INSUFFICIENT_RECOVERY_RESERVE,36.23488998413086,OUTBOUND,-24.339031219482422,-0.1494462458343333,
1,29.698413848876953,1.3789806365966797,13.636645317077637,13.469338417053223,23.227056575997267,29.76783043889258,-3.8887124061584473,1274,19,19,0,,53.81056213378906,OUTBOUND,-24.454647064208984,-0.13009776118975727,
1,29.324108123779297,1.379399061203003,6.862984657287598,6.818342685699463,23.245138543017674,29.75557511474342,-3.9553744792938232,1275,19,20,0,,13.660737991333008,OUTBOUND,-23.996631622314453,-0.13572270320647556,
0,29.21861457824707,1.379815697669983,6.973358631134033,6.966708660125732,23.260084408015246,29.74329555619693,-3.8763773441314697,1276,19,21,1,NOMINAL_OUTSIDE_CERTIFIED_SET,20.46649742126465,OUTBOUND,-23.918540954589844,-0.1716344123897623,
0,29.427230834960938,1.380232572555542,0.565891683101654,0.7689201235771179,23.27489188601612,29.73099711436225,-3.9166998863220215,1277,19,22,1,INSUFFICIENT_RECOVERY_RESERVE,65.62529754638672,OUTBOUND,-24.00679588317871,-0.18108398762427405,
1,29.63372230529785,1.3806486129760742,1.7407711744308472,1.789570689201355,23.288114112016046,29.718735660926107,-3.898756504058838,1278,19,23,0,,40.41368103027344,OUTBOUND,-24.195180892944336,-0.17352137811204602,
1,30.05502700805664,1.3810639381408691,6.27908182144165,6.159358501434326,23.30046854200191,29.70648950631762,-3.8907060623168945,1279,19,24,0,,6.4520769119262695,OUTBOUND,-24.58907699584961,-0.1908121412672248,
0,30.145240783691406,1.3814806938171387,6.823836326599121,6.761502265930176,23.313132072013104,29.69419081797656,-3.9435408115386963,1280,19,25,1,NOMINAL_OUTSIDE_CERTIFIED_SET,2.58890438079834,OUTBOUND,-24.634536743164062,-0.22026504245318368,
0,29.74634552001953,1.38189697265625,7.174058437347412,7.130791187286377,23.323969195014797,29.681885161680846,-3.902270793914795,1281,19,26,1,INSUFFICIENT_RECOVERY_RESERVE,10.471059799194336,OUTBOUND,-24.263721466064453,-0.22279978947295925,
0,30.021705627441406,1.3823131322860718,0.3923914432525635,0.36793968081474304,23.40933459001826,29.669591656177897,-3.904184103012085,1282,19,27,1,NOMINAL_OUTSIDE_CERTIFIED_SET,24.0743408203125,OUTBOUND,-24.475812911987305,-0.22659773303218925,
0,29.68407440185547,1.3827296495437622,7.185416221618652,7.162882328033447,23.419788936997065,29.657287570261257,-3.921562910079956,1283,19,28,1,INSUFFICIENT_RECOVERY_RESERVE,7.612585067749023,OUTBOUND,-24.161396026611328,-0.23109674613013678,
0,30.014312744140625,1.3831462860107422,7.213696002960205,7.2147393226623535,23.432485372002702,29.644997037686004,-3.911363124847412,1284,19,29,1,NOMINAL_OUTSIDE_CERTIFIED_SET,27.219999313354492,OUTBOUND,-24.57468032836914,-0.23685762899466356,
0,30.258743286132812,1.383564829826355,13.700915336608887,13.682707786560059,23.442744786996627,29.63269236880682,-3.955000638961792,1285,19,30,1,INSUFFICIENT_RECOVERY_RESERVE,82.09895324707031,OUTBOUND,-24.952373504638672,-0.24309217226710025,
0,29.575557708740234,1.383982539176941,20.39928436279297,20.24546241760254,23.455860399000812,29.62040272865967,-3.8960559368133545,1286,19,31,1,NOMINAL_OUTSIDE_CERTIFIED_SET,76.50017547607422,OUTBOUND,-24.426841735839844,-0.2504892028267707,
0,29.905460357666016,1.3843992948532104,6.806692600250244,6.711544990539551,23.466012702992884,29.608092448579313,-3.890817642211914,1287,19,32,1,INSUFFICIENT_RECOVERY_RESERVE,6.687922477722168,OUTBOUND,-24.696455001831055,-0.25814973109943123,
0,29.266693115234375,1.38481605052948,6.636131286621094,6.6244707107543945,23.479023924999638,29.59579901308012,-3.9094932079315186,1288,19,33,1,NOMINAL_OUTSIDE_CERTIFIED_SET,41.17421340942383,OUTBOUND,-23.99342155456543,-0.266814745217196,
0,29.738231658935547,1.3852354288101196,0.7748126983642578,0.9570705890655518,23.491286431002663,29.583478696638497,-3.966932535171509,1289,19,34,1,INSUFFICIENT_RECOVERY_RESERVE,81.53480529785156,OUTBOUND,-24.278085708618164,-0.27555942012394774,
0,29.615863800048828,1.3856539726257324,7.3090033531188965,7.398441791534424,23.502817135013174,29.571192356903374,-3.8987443447113037,1290,19,35,1,INSUFFICIENT_RECOVERY_RESERVE,50.27165985107422,OUTBOUND,-24.14720916748047,-0.25573876552325314,
0,29.723129272460938,1.3860710859298706,13.402350425720215,13.242775917053223,23.515625239000656,29.55891787359867,-3.880814552307129,1291,19,36,1,NOMINAL_OUTSIDE_CERTIFIED_SET,9.61238956451416,OUTBOUND,-24.315433502197266,-0.2652397152134916,
0,30.091724395751953,1.3864887952804565,8.154691696166992,8.04520034790039,23.526613666996127,29.546617972351207,-3.925877571105957,1292,19,37,1,INSUFFICIENT_RECOVERY_RESERVE,5.140695571899414,OUTBOUND,-24.567108154296875,-0.27463665551452027,
0,30.089303970336914,1.386906623840332,0.5912274122238159,0.5785184502601624,23.538903375010705,29.53433251929416,-3.9096505641937256,1293,19,38,1,NOMINAL_OUTSIDE_CERTIFIED_SET,57.555908203125,OUTBOUND,-24.50663948059082,-0.2847750663985289,
0,30.152124404907227,1.3873229026794434,7.182010173797607,7.122538089752197,23.548671146010747,29.522021495567937,-3.8772833347320557,1294,19,39,1,INSUFFICIENT_RECOVERY_RESERVE,4.718294620513916,OUTBOUND,-24.625864028930664,-0.29469483417390857,
0,30.68474769592285,1.3877390623092651,0.31543654203414917,0.3321131467819214,23.635172176000196,29.509727147731045,-3.905275821685791,1295,19,40,1,NOMINAL_OUTSIDE_CERTIFIED_SET,12.785981178283691,OUTBOUND,-25.1475772857666,-0.3051736736833799,
0,30.450679779052734,1.3881583213806152,0.533635139465332,0.5728662610054016,23.645335262001026,29.497406967651887,-3.9759926795959473,1296,19,41,1,INSUFFICIENT_RECOVERY_RESERVE,7.919993877410889,OUTBOUND,-24.855043411254883,-0.3153465129678826,
0,30.774547576904297,1.3885788917541504,0.3281704783439636,0.366402268409729,23.656478251999943,29.48512070457079,-3.9403743743896484,1297,19,42,1,INSUFFICIENT_RECOVERY_RESERVE,9.497559547424316,OUTBOUND,-25.19394302368164,-0.2903567391137114,
1,30.72901153564453,1.388999342918396,0.2673175036907196,0.3171476721763611,23.66956289400696,29.472864658317945,-3.916378974914551,1298,19,43,0,,12.303266525268555,OUTBOUND,-25.31831932067871,-0.2674549446211124,
1,30.88279914855957,1.3894208669662476,0.3727669417858124,0.4059721529483795,23.681043323013,29.46058148950874,-3.93734073638916,1299,19,44,0,,22.497756958007812,OUTBOUND,-25.39510726928711,-0.26167349989018834,
0,30.51658821105957,1.3898406028747559,21.734806060791016,21.491500854492188,23.69369663001271,29.44830049147904,-3.8778297901153564,1300,19,45,1,NOMINAL_OUTSIDE_CERTIFIED_SET,131.03880310058594,OUTBOUND,-25.20231819152832,-0.2925935089201488,
0,30.264427185058594,1.3902592658996582,14.330154418945312,14.098052978515625,23.704003410006408,29.436003452557376,-3.8882856369018555,1301,19,46,1,INSUFFICIENT_RECOVERY_RESERVE,77.11154174804688,OUTBOUND,-25.088783264160156,-0.3064837927105254,
0,30.018163681030273,1.3906768560409546,14.033945083618164,13.779052734375,23.715975910017733,29.423719218771303,-3.8869831562042236,1302,19,47,1,NOMINAL_OUTSIDE_CERTIFIED_SET,45.80459213256836,OUTBOUND,-24.81127166748047,-0.3200820594671505,
0,30.079004287719727,1.3910926580429077,0.44979092478752136,0.6122355461120605,23.727615169016644,29.411417006655306,-3.8711040019989014,1303,19,48,1,INSUFFICIENT_RECOVERY_RESERVE,47.650367736816406,OUTBOUND,-24.893009185791016,-0.3328514701924677,
1,29.957767486572266,1.3915098905563354,0.7874593138694763,1.0350761413574219,23.74517199100228,29.39914694566036,-3.932746648788452,1304,19,49,0,,84.37931060791016,OUTBOUND,-24.568973541259766,-0.3076844386574721,
1,30.309171676635742,1.391929268836975,13.734875679016113,13.582371711730957,23.763114891014993,29.386907175251626,-3.9544548988342285,1305,19,50,0,,7.012052059173584,OUTBOUND,-24.841087341308594,-0.3079602071833473,
0,29.980642318725586,1.3923479318618774,7.402010917663574,7.364367961883545,23.86463070299942,29.37464741795647,-3.895716905593872,1306,19,51,1,NOMINAL_OUTSIDE_CERTIFIED_SET,59.88233184814453,OUTBOUND,-24.50784683227539,-0.3320068790578037,
1,30.288375854492188,1.3927648067474365,0.7094024419784546,0.6690506339073181,23.87648611800978,29.362378961031887,-3.8690805435180664,1307,19,52,0,,71.85155487060547,OUTBOUND,-24.74871826171875,-0.3589941684410391,
1,30.367321014404297,1.393182635307312,7.485929489135742,7.3656206130981445,23.888408491009613,29.350097336653086,-3.9265387058258057,1308,19,53,0,,37.65678024291992,OUTBOUND,-24.690584182739258,-0.3546900652345916,
1,30.82967185974121,1.3936001062393188,6.577155113220215,6.461524963378906,23.900898855994456,29.337822216941877,-3.8987789154052734,1309,19,54,0,,9.417047500610352,OUTBOUND,-25.225040435791016,-0.3077555534134154,
1,30.658864974975586,1.394016981124878,14.053507804870605,14.017573356628418,23.913031856995076,29.32557047599471,-3.8937578201293945,1310,19,55,0,,41.291038513183594,OUTBOUND,-25.142507553100586,-0.24859337331594134,
0,30.87505531311035,1.3944309949874878,1.7071071863174438,1.6646084785461426,23.92535986099392,29.313339006017408,-3.8387274742126465,1311,19,56,1,NOMINAL_OUTSIDE_CERTIFIED_SET,10.364996910095215,OUTBOUND,-25.428983688354492,-0.21917084534743497,
1,31.144222259521484,1.3948479890823364,0.42814019322395325,0.4575424790382385,23.938122471998213,29.301108077559523,-3.962639093399048,1312,19,57,0,,18.195642471313477,OUTBOUND,-25.675378799438477,-0.21111774922223567,
1,30.9644718170166,1.395264744758606,14.296024322509766,14.19213581085205,23.9502707850188,29.288926271088474,-3.899914264678955,1313,19,58,0,,80.82469940185547,OUTBOUND,-25.599918365478516,-0.18305164265417997,
1,30.63538360595703,1.3956809043884277,7.37388801574707,7.310435771942139,23.96613962101401,29.276769271102353,-3.889669179916382,1314,19,59,0,,23.867647171020508,OUTBOUND,-25.301013946533203,-0.15652646549632707,
1,30.511384963989258,1.396096110343933,0.4509564936161041,0.5504991412162781,23.979986760008615,29.264600865061016,-3.8808209896087646,1315,19,60,0,,29.502538681030273,OUTBOUND,-25.118383407592773,-0.13579928733353777,
0,30.911314010620117,1.3965113162994385,0.2867898643016815,0.3537423610687256,23.994788608019007,29.25243214135346,-3.8998892307281494,1316,19,61,1,NOMINAL_OUTSIDE_CERTIFIED_SET,25.190019607543945,OUTBOUND,-25.4415283203125,-0.12112347838159158,
1,30.722305297851562,1.3969262838363647,7.295740127563477,7.239822864532471,24.00920194401988,29.240304905162237,-3.8926258087158203,1317,19,62,0,,8.713993072509766,OUTBOUND,-25.282588958740234,-0.10796777187431841,
1,30.812257766723633,1.3973448276519775,0.5297164916992188,0.6509425044059753,24.022151020995807,29.228147739219274,-3.974332332611084,1318,19,63,0,,45.874237060546875,OUTBOUND,-25.278675079345703,-0.09618864501293145,
0,30.447866439819336,1.3977662324905396,21.11307716369629,20.799442291259766,24.03703220799798,29.215938244950745,-3.9701218605041504,1319,19,64,1,NOMINAL_OUTSIDE_CERTIFIED_SET,60.42250061035156,OUTBOUND,-25.014080047607422,-0.09349155307872307,
0,30.600494384765625,1.3981873989105225,13.978859901428223,13.767890930175781,24.050928511016537,29.203793733398488,-3.9077672958374023,1320,19,65,1,NOMINAL_OUTSIDE_CERTIFIED_SET,23.943429946899414,OUTBOUND,-25.187519073486328,-0.08661766127302926,
0,30.415119171142578,1.3986070156097412,14.100238800048828,13.961161613464355,24.06342214299366,29.19170144612329,-3.8756844997406006,1321,19,66,1,NOMINAL_OUTSIDE_CERTIFIED_SET,13.104023933410645,FAILURE,-25.053977966308594,-0.07835549816705342,
0,30.660051345825195,1.3990252017974854,0.7014750838279724,0.6606138944625854,24.079962354007876,29.9879676,-3.875279664993286,1322,20,1,1,NOMINAL_OUTSIDE_CERTIFIED_SET,64.93744659423828,OUTBOUND,-25.294342041015625,-0.010144776818907505,
0,30.324867248535156,1.399444818496704,27.537242889404297,27.28970718383789,24.165859474014724,29.9758992,-3.9356915950775146,1323,20,2,1,NOMINAL_OUTSIDE_CERTIFIED_SET,71.3993911743164,OUTBOUND,-24.98160171508789,-0.010487473575987347,
1,30.389535903930664,1.3998662233352661,1.3415542840957642,1.280782699584961,24.18385754499468,29.9638212619404,-3.944003105163574,1324,20,3,0,,95.33163452148438,OUTBOUND,-24.82968521118164,-0.025927258010212402,
0,30.42207908630371,1.4002870321273804,7.768956184387207,7.646712779998779,24.20335073201568,29.951698072622733,-3.8977091312408447,1325,20,4,1,NOMINAL_OUTSIDE_CERTIFIED_SET,47.667240142822266,OUTBOUND,-24.86455726623535,-0.03756669143416786,
1,30.758459091186523,1.4007067680358887,13.734875679016113,13.539298057556152,24.22025671301526,29.939569117720318,-3.8862645626068115,1326,20,5,0,,6.264950752258301,OUTBOUND,-25.22508430480957,-0.026609661497850382,
0,30.703685760498047,1.4011269807815552,21.250076293945312,21.07280158996582,24.232676220010035,29.92740727073565,-3.915653705596924,1327,20,6,1,NOMINAL_OUTSIDE_CERTIFIED_SET,46.34845733642578,OUTBOUND,-25.213027954101562,-0.02011107626661075,
0,30.77802848815918,1.4015469551086426,1.9857733249664307,1.9080201387405396,24.24490585300373,29.915212480597663,-3.9019758701324463,1328,20,7,1,NOMINAL_OUTSIDE_CERTIFIED_SET,46.9052848815918,OUTBOUND,-25.186227798461914,-0.024421229442403526,
0,30.505876541137695,1.4019711017608643,1.0453426837921143,1.160851240158081,24.257621135009686,29.902982313729048,-3.9957075119018555,1329,20,8,1,NOMINAL_OUTSIDE_CERTIFIED_SET,72.62133026123047,OUTBOUND,-24.777477264404297,-0.032200021825585054,
0,31.537229537963867,1.4023969173431396,0.46896669268608093,0.4971698224544525,24.27647341400734,29.89071670918331,-3.9539132118225098,1330,20,9,1,NOMINAL_OUTSIDE_CERTIFIED_SET,23.277996063232422,OUTBOUND,-25.799556732177734,-0.04391342975257154,
0,31.466859817504883,1.402822732925415,7.690001964569092,7.6436028480529785,24.28948457801016,29.878429949204374,-3.915315628051758,1331,20,10,1,INSUFFICIENT_RECOVERY_RESERVE,25.78013801574707,OUTBOUND,-25.82661247253418,-0.053900819289681066,
0,31.227128982543945,1.4032480716705322,14.86679458618164,14.690898895263672,24.30250020499807,29.86615546811375,-3.9100141525268555,1332,20,11,1,NOMINAL_OUTSIDE_CERTIFIED_SET,71.62010192871094,OUTBOUND,-25.74555015563965,-0.06456358875397505,
0,31.556713104248047,1.4036736488342285,0.4667057991027832,0.5016544461250305,24.314021630008938,29.853857457040007,-3.9221959114074707,1333,20,12,1,INSUFFICIENT_RECOVERY_RESERVE,9.599761962890625,OUTBOUND,-26.086034774780273,-0.07556997272533915,
1,31.14490509033203,1.404099941253662,7.899019718170166,7.854459285736084,24.332839164009783,29.841588623906762,-3.930781364440918,1334,20,13,0,,24.04446029663086,OUTBOUND,-25.59344482421875,-0.06428184753000032,
1,31.33544921875,1.4045259952545166,0.5130272507667542,0.5584760308265686,24.34547377200215,29.829346095814984,-3.913774251937866,1335,20,14,0,,5.420804023742676,OUTBOUND,-25.875741958618164,-0.05158329808759343,
1,31.032798767089844,1.4049525260925293,21.896331787109375,21.582368850708008,24.431727351999143,29.81708140040364,-3.9280622005462646,1336,20,15,0,,95.99240112304688,OUTBOUND,-25.71193504333496,-0.059136657122113745,
0,31.2573184967041,1.4053784608840942,8.875468254089355,8.695960998535156,24.446337268018397,29.804828906018777,-3.9054300785064697,1337,20,16,1,NOMINAL_OUTSIDE_CERTIFIED_SET,29.415130615234375,OUTBOUND,-25.97035026550293,-0.08008289147179887,
1,30.92444610595703,1.4058045148849487,2.104572296142578,2.1082265377044678,24.459024099021917,29.7925659945459,-3.9207448959350586,1338,20,17,0,,38.40055847167969,OUTBOUND,-25.535493850708008,-0.10515648414835038,
1,30.940860748291016,1.4062294960021973,7.562520503997803,7.520339012145996,24.47111708999728,29.780321644846552,-3.890394687652588,1339,20,18,0,,35.58613967895508,OUTBOUND,-25.5424747467041,-0.1126352576256237,
0,31.186967849731445,1.4066543579101562,0.6378341317176819,0.6683111786842346,24.48614710799302,29.768030628396676,-3.913163185119629,1340,20,19,1,NOMINAL_OUTSIDE_CERTIFIED_SET,64.13455200195312,OUTBOUND,-25.722553253173828,-0.1254885784836727,
0,31.20667839050293,1.4070773124694824,8.82837200164795,8.66659927368164,24.503260989993578,29.75573024390238,-3.870436668395996,1341,20,20,1,INSUFFICIENT_RECOVERY_RESERVE,11.676542282104492,OUTBOUND,-25.713699340820312,-0.13914831039250847,
0,30.952659606933594,1.4075000286102295,7.942363739013672,7.8677215576171875,24.5194397510204,29.74344224439097,-3.9032392501831055,1342,20,21,1,NOMINAL_OUTSIDE_CERTIFIED_SET,42.495643615722656,OUTBOUND,-25.406620025634766,-0.15256050200855237,
0,30.604036331176758,1.4079235792160034,8.109536170959473,8.049637794494629,24.53673405601876,29.731141129862205,-3.927201271057129,1343,20,22,1,INSUFFICIENT_RECOVERY_RESERVE,41.43833923339844,OUTBOUND,-24.984333038330078,-0.16577891795118144,
0,31.617347717285156,1.4083471298217773,0.6193528771400452,0.593314528465271,24.557251712016296,29.718854002809085,-3.910017728805542,1344,20,23,1,NOMINAL_OUTSIDE_CERTIFIED_SET,47.90553283691406,OUTBOUND,-25.86750602722168,-0.17876228237788536,
0,31.394678115844727,1.4087719917297363,0.6768925189971924,0.6881570219993591,24.567422323016217,29.706547475358864,-3.9392905235290527,1345,20,24,1,INSUFFICIENT_RECOVERY_RESERVE,32.29571533203125,OUTBOUND,-25.64793586730957,-0.1915663460443707,
1,32.00448989868164,1.409196376800537,7.620697975158691,7.595850467681885,24.58028263101005,29.69428153979949,-3.9006104469299316,1346,20,25,0,,41.82646560668945,OUTBOUND,-26.398799896240234,-0.17569214681252507,
0,32.207313537597656,1.4096219539642334,0.3922470808029175,0.43349945545196533,24.6669573399995,29.681993838380375,-3.936204433441162,1347,20,26,1,NOMINAL_OUTSIDE_CERTIFIED_SET,18.335477828979492,OUTBOUND,-26.5975341796875,-0.18578644454293441,
0,32.22172164916992,1.4100474119186401,2.044612169265747,1.991719126701355,24.683499360020505,29.66968587208081,-3.9132885932922363,1348,20,27,1,INSUFFICIENT_RECOVERY_RESERVE,56.37950897216797,OUTBOUND,-26.686756134033203,-0.20160096431227828,
0,32.12153625488281,1.4104732275009155,0.483074814081192,0.4955301880836487,24.703708798013395,29.657393326800516,-3.9168736934661865,1349,20,28,1,NOMINAL_OUTSIDE_CERTIFIED_SET,34.88766098022461,OUTBOUND,-26.619213104248047,-0.21676386846117227,
0,32.15447235107422,1.410900354385376,0.593825101852417,0.5947089195251465,24.716910197021207,29.64507906877032,-3.9447085857391357,1350,20,29,1,INSUFFICIENT_RECOVERY_RESERVE,31.348556518554688,OUTBOUND,-26.69794464111328,-0.23136901329708393,
0,31.872413635253906,1.4113283157348633,0.384753555059433,0.4070352613925934,24.736697810993064,29.632782047382857,-3.929790496826172,1351,20,30,1,NOMINAL_OUTSIDE_CERTIFIED_SET,6.978613376617432,OUTBOUND,-26.41337013244629,-0.24534080309631628,
0,32.32565689086914,1.4117549657821655,0.5675828456878662,0.528317928314209,24.751095701009035,29.62045946372009,-3.892878770828247,1352,20,31,1,INSUFFICIENT_RECOVERY_RESERVE,36.159523010253906,OUTBOUND,-26.961524963378906,-0.25882710429518146,
0,31.808435440063477,1.412183165550232,0.3814982771873474,0.44650501012802124,24.762515517009888,29.60817107254711,-3.946727752685547,1353,20,32,1,INSUFFICIENT_RECOVERY_RESERVE,21.806640625,OUTBOUND,-26.291004180908203,-0.24108982191814146,
0,31.295190811157227,1.412610650062561,0.5881302356719971,0.7107667326927185,24.77557426999556,29.595894708656562,-3.9004580974578857,1354,20,33,1,NOMINAL_OUTSIDE_CERTIFIED_SET,41.078372955322266,OUTBOUND,-25.830102920532227,-0.25372731523135666,
0,31.917707443237305,1.4130362272262573,0.419385701417923,0.43955639004707336,24.7867399440147,29.583594204950106,-3.874852180480957,1355,20,34,1,INSUFFICIENT_RECOVERY_RESERVE,32.446990966796875,OUTBOUND,-26.400575637817383,-0.2659314941120025,
0,31.55160903930664,1.41346275806427,29.368947982788086,29.029172897338867,24.798914870014414,29.57130814564779,-3.9309160709381104,1356,20,35,1,NOMINAL_OUTSIDE_CERTIFIED_SET,123.28073120117188,OUTBOUND,-26.11233901977539,-0.27777186108521035,
0,31.978816986083984,1.4138892889022827,7.586913108825684,7.488192081451416,24.80994801199995,29.558997558212944,-3.9124977588653564,1357,20,36,1,INSUFFICIENT_RECOVERY_RESERVE,3.7436439990997314,OUTBOUND,-26.5553035736084,-0.28922436508996346,
0,31.465940475463867,1.4143165349960327,8.07384204864502,7.991668701171875,24.82366318500135,29.546703525640606,-3.9309680461883545,1358,20,37,1,NOMINAL_OUTSIDE_CERTIFIED_SET,27.679405212402344,OUTBOUND,-25.983856201171875,-0.3003765721098754,
0,31.581838607788086,1.414743423461914,22.108924865722656,21.89147186279297,24.835935164999682,29.534384473161897,-3.901700258255005,1359,20,38,1,INSUFFICIENT_RECOVERY_RESERVE,54.066162109375,OUTBOUND,-26.256591796875,-0.31117282415001485,
0,31.03118133544922,1.4151716232299805,8.331879615783691,8.28106689453125,24.849340593005763,29.522099217234906,-3.9452145099639893,1360,20,39,1,INSUFFICIENT_RECOVERY_RESERVE,51.80283737182617,OUTBOUND,-25.57883071899414,-0.2868084025751104,
1,31.062862396240234,1.4155993461608887,15.442829132080078,15.281147003173828,24.862813837011345,29.50984405990067,-3.9024980068206787,1361,20,40,0,,26.70026206970215,OUTBOUND,-25.590585708618164,-0.29789463735855637,
0,31.26276397705078,1.4160276651382446,8.312710762023926,8.275256156921387,24.874878122995142,29.4975408356601,-3.9294400215148926,1362,20,41,1,NOMINAL_OUTSIDE_CERTIFIED_SET,55.478023529052734,OUTBOUND,-25.65607452392578,-0.33801172565581744,
0,31.730085372924805,1.4164570569992065,0.8381205201148987,0.8468772172927856,24.88548951302073,29.485224230249838,-3.935671329498291,1363,20,42,1,INSUFFICIENT_RECOVERY_RESERVE,81.07324981689453,OUTBOUND,-26.026405334472656,-0.34078127024305044,
0,32.23300552368164,1.4168870449066162,7.803592681884766,7.7162861824035645,24.97628079901915,29.472922966561985,-3.930868148803711,1364,20,43,1,NOMINAL_OUTSIDE_CERTIFIED_SET,16.030975341796875,OUTBOUND,-26.48462677001953,-0.3445843411757583,
0,32.371246337890625,1.417317509651184,0.4617609977722168,0.45681947469711304,24.98723203400732,29.46060584414833,-3.927793502807617,1365,20,44,1,INSUFFICIENT_RECOVERY_RESERVE,47.13593673706055,OUTBOUND,-26.556413650512695,-0.3487601279126083,
1,32.39063262939453,1.4177496433258057,0.4555206000804901,0.4962140917778015,24.999514073017053,29.448317107804094,-3.9578850269317627,1366,20,45,0,,20.857770919799805,OUTBOUND,-26.55603790283203,-0.33287360557609447,
0,32.47135543823242,1.418180227279663,0.36800119280815125,0.4097277820110321,25.01230392701109,29.43602454907966,-3.8869950771331787,1367,20,46,1,NOMINAL_OUTSIDE_CERTIFIED_SET,7.138811111450195,OUTBOUND,-26.790630340576172,-0.34822998451766124,
0,32.6278076171875,1.4186089038848877,8.377974510192871,8.35212230682373,25.02339719401789,29.42372375847459,-3.878340482711792,1368,20,47,1,INSUFFICIENT_RECOVERY_RESERVE,65.70020294189453,OUTBOUND,-27.0700740814209,-0.3491299076918516,
0,32.42804718017578,1.4190388917922974,16.23965072631836,16.10266876220703,25.037001196993515,29.411434974479352,-3.9421098232269287,1369,20,48,1,NOMINAL_OUTSIDE_CERTIFIED_SET,117.1760482788086,OUTBOUND,-26.905683517456055,-0.35182146143628645,
0,32.7799072265625,1.4194704294204712,0.5373069643974304,0.543703019618988,25.05139289199724,29.39914089441528,-3.949092149734497,1370,20,49,1,NOMINAL_OUTSIDE_CERTIFIED_SET,38.982757568359375,OUTBOUND,-27.312227249145508,-0.382082861950188,
0,32.37763977050781,1.4199029207229614,0.4280300736427307,0.4500270485877991,25.062491751014022,29.38682231297415,-3.94165301322937,1371,20,50,1,INSUFFICIENT_RECOVERY_RESERVE,8.151413917541504,OUTBOUND,-26.90016746520996,-0.37702993807335106,
0,31.702213287353516,1.4203357696533203,31.756643295288086,31.315637588500977,25.074894893012242,29.37455453169452,-3.9290690422058105,1372,20,51,1,NOMINAL_OUTSIDE_CERTIFIED_SET,126.4759292602539,OUTBOUND,-26.364713668823242,-0.3609634022455801,
1,31.960229873657227,1.4207680225372314,2.0879671573638916,2.077834129333496,25.087497803993756,29.36227641294007,-3.9085640907287598,1373,20,52,0,,14.94482135772705,OUTBOUND,-26.639619827270508,-0.3669362448665977,
0,31.753074645996094,1.4212013483047485,8.22912883758545,8.201992988586426,25.100941292999778,29.349970303731943,-3.945042610168457,1374,20,53,1,NOMINAL_OUTSIDE_CERTIFIED_SET,25.121824264526367,OUTBOUND,-26.39901351928711,-0.3598229135551736,
0,31.819721221923828,1.4216359853744507,14.896913528442383,14.697325706481934,25.115417242021067,29.337681085295678,-3.9506494998931885,1375,20,54,1,NOMINAL_OUTSIDE_CERTIFIED_SET,8.002582550048828,OUTBOUND,-26.34693717956543,-0.33221431159503545,
0,31.74512481689453,1.422070026397705,0.9480128288269043,1.0008920431137085,25.128395359002752,29.325414851036626,-3.9126710891723633,1376,20,55,1,NOMINAL_OUTSIDE_CERTIFIED_SET,87.15180206298828,OUTBOUND,-26.240039825439453,-0.3002569000868611,
1,32.12517166137695,1.4225053787231445,8.215497016906738,8.126012802124023,25.213845410995418,29.313191013012588,-3.953382968902588,1377,20,56,0,,48.92424392700195,OUTBOUND,-26.42881202697754,-0.2880343301221502,
0,31.49863624572754,1.4229408502578735,16.25344467163086,16.123443603515625,25.226100769999903,29.300950216723606,-3.9271810054779053,1378,20,57,1,NOMINAL_OUTSIDE_CERTIFIED_SET,37.87397003173828,OUTBOUND,-25.7518310546875,-0.2689931883158853,
1,32.173038482666016,1.4233757257461548,8.465371131896973,8.323001861572266,25.238327454018872,29.288759430775062,-3.913489580154419,1379,20,58,0,,47.53676223754883,OUTBOUND,-26.386945724487305,-0.24850155510919894,
0,32.39388656616211,1.4238090515136719,15.475494384765625,15.3566255569458,25.253390013007447,29.27655497052296,-3.8934059143066406,1380,20,59,1,NOMINAL_OUTSIDE_CERTIFIED_SET,17.21240997314453,OUTBOUND,-26.73386001586914,-0.22449815849793914,
0,32.37926483154297,1.4242424964904785,9.812124252319336,9.678452491760254,25.271173475019168,29.264397523363645,-3.92263126373291,1381,20,60,1,NOMINAL_OUTSIDE_CERTIFIED_SET,8.711868286132812,OUTBOUND,-26.669654846191406,-0.17370628083619213,
0,32.084468841552734,1.424676537513733,0.7897921800613403,0.7949983477592468,25.292212314001517,29.252280403397023,-3.9347689151763916,1382,20,61,1,NOMINAL_OUTSIDE_CERTIFIED_SET,50.40463638305664,OUTBOUND,-26.43222999572754,-0.1301309837036268,
0,33.227256774902344,1.4251099824905396,0.17665909230709076,0.18010076880455017,25.312045476021012,29.240192767864524,-3.906456470489502,1383,20,62,1,NOMINAL_OUTSIDE_CERTIFIED_SET,5.519951343536377,OUTBOUND,-27.540271759033203,-0.09350481841642655,
1,32.912811279296875,1.4255411624908447,16.095441818237305,15.95352554321289,25.329054136993363,29.228119292570383,-3.8739867210388184,1384,20,63,0,,83.14614868164062,FAILURE,-27.418926239013672,-0.05987936835433473,
1,33.05434036254883,1.4259727001190186,0.3818214237689972,0.4226296544075012,25.345486895006616,29.987987737450478,-3.9239814281463623,1385,21,1,0,,3.8410003185272217,OUTBOUND,-27.450157165527344,-0.022343504040974505,
0,32.991485595703125,1.426404595375061,0.40547314286231995,0.4234282374382019,25.362616765021812,29.975920965087198,-3.922065258026123,1386,21,2,1,NOMINAL_OUTSIDE_CERTIFIED_SET,5.674741744995117,OUTBOUND,-27.375450134277344,-0.031063007891026406,
0,32.763423919677734,1.426837682723999,0.37121039628982544,0.40990519523620605,25.381464016012615,29.96382305098513,-3.9413516521453857,1387,21,3,1,NOMINAL_OUTSIDE_CERTIFIED_SET,7.153072357177734,OUTBOUND,-27.135908126831055,-0.025162000723605353,
0,32.646209716796875,1.4272680282592773,0.4615353047847748,0.5355003476142883,25.485332770011155,29.951693124325267,-3.862539529800415,1388,21,4,1,NOMINAL_OUTSIDE_CERTIFIED_SET,11.065936088562012,OUTBOUND,-27.147314071655273,-0.02166133151399994,
0,32.373878479003906,1.4276957511901855,16.45334815979004,16.205900192260742,25.49885631899815,29.93953039929696,-3.8536934852600098,1389,21,5,1,NOMINAL_OUTSIDE_CERTIFIED_SET,65.79493713378906,OUTBOUND,-26.9611873626709,-0.021018560206393463,
0,32.974937438964844,1.428123950958252,0.34737077355384827,0.3757407069206238,25.51216877400293,29.927334181773663,-3.916553497314453,1390,21,6,1,NOMINAL_OUTSIDE_CERTIFIED_SET,11.344141960144043,OUTBOUND,-27.40450096130371,-0.02368348970709754,
1,32.35995864868164,1.4285523891448975,8.414356231689453,8.36117172241211,25.52587174900691,29.91513389543278,-3.915008783340454,1391,21,7,0,,2.8074491024017334,OUTBOUND,-26.795677185058594,-0.03338688227018571,
0,32.78688049316406,1.4289820194244385,8.225902557373047,8.15490436553955,25.5381922860106,29.90288980298416,-3.9310765266418457,1392,21,8,1,NOMINAL_OUTSIDE_CERTIFIED_SET,8.524588584899902,OUTBOUND,-27.217071533203125,-0.04390501050171382,
0,32.42129898071289,1.4294096231460571,8.494983673095703,8.46030330657959,25.55002984899329,29.890614717880922,-3.865814208984375,1393,21,9,1,NOMINAL_OUTSIDE_CERTIFIED_SET,4.4286580085754395,OUTBOUND,-27.002729415893555,-0.05341934046864642,
0,32.83249282836914,1.429837942123413,8.231510162353516,8.15810489654541,25.567045958014205,29.87832151243296,-3.9220972061157227,1394,21,10,1,INSUFFICIENT_RECOVERY_RESERVE,3.315505266189575,OUTBOUND,-27.271804809570312,-0.0622156853168823,
1,32.8511962890625,1.430267333984375,9.982401847839355,9.84183120727539,25.58416653799941,29.86605202809377,-3.9299933910369873,1395,21,11,0,,11.717108726501465,OUTBOUND,-27.273521423339844,-0.08636761545626316,
1,32.66823959350586,1.4306955337524414,0.6577060222625732,0.6162633895874023,25.597383398009697,29.85377479566437,-3.8815736770629883,1396,21,12,0,,59.85320281982422,OUTBOUND,-27.111316680908203,-0.13098626276429365,
1,32.70214080810547,1.4311258792877197,0.8890642523765564,0.882879376411438,25.60972940301872,29.841503462815126,-3.950822591781616,1397,21,13,0,,67.67742919921875,OUTBOUND,-26.934478759765625,-0.15199720011751894,
0,32.85108184814453,1.4315556287765503,2.304072618484497,2.232208251953125,25.62262800699682,29.829227979276904,-3.897775173187256,1398,21,14,1,NOMINAL_OUTSIDE_CERTIFIED_SET,23.004840850830078,OUTBOUND,-27.157596588134766,-0.14368496555888793,
0,33.31752395629883,1.4319852590560913,8.219863891601562,8.143279075622559,25.636148947000038,29.81693726538859,-3.9069502353668213,1399,21,15,1,NOMINAL_OUTSIDE_CERTIFIED_SET,14.912613868713379,OUTBOUND,-27.560407638549805,-0.13584011150876493,
0,33.37816619873047,1.4324162006378174,8.326699256896973,8.248205184936523,25.646855577011593,29.804640411512985,-3.935727834701538,1400,21,16,1,INSUFFICIENT_RECOVERY_RESERVE,30.28449821472168,OUTBOUND,-27.787946701049805,-0.13287910429848118,
0,32.96137619018555,1.432847023010254,40.880271911621094,40.40953826904297,25.65986894600792,29.792354328304533,-3.9087438583374023,1401,21,17,1,NOMINAL_OUTSIDE_CERTIFIED_SET,187.13497924804688,OUTBOUND,-27.506834030151367,-0.13309393036819978,
0,32.951297760009766,1.433278203010559,7.657408237457275,7.5365891456604,25.671939374005888,29.780056258036787,-3.918567657470703,1402,21,18,1,INSUFFICIENT_RECOVERY_RESERVE,8.794222831726074,OUTBOUND,-27.435989379882812,-0.1346437135356331,
0,32.84370040893555,1.4337117671966553,8.5380220413208,8.497368812561035,25.68441397600691,29.767771268115297,-3.9597723484039307,1403,21,19,1,NOMINAL_OUTSIDE_CERTIFIED_SET,4.466561794281006,OUTBOUND,-27.294036865234375,-0.13903115889358367,
0,33.056236267089844,1.4341461658477783,8.39844799041748,8.331543922424316,25.695204934017966,29.755458315364155,-3.9321417808532715,1404,21,20,1,INSUFFICIENT_RECOVERY_RESERVE,5.444901466369629,OUTBOUND,-27.53144073486328,-0.14431300363062144,
0,32.54410934448242,1.434579610824585,0.7653400301933289,0.8697065114974976,25.78476029401645,29.743161676466784,-3.8988595008850098,1405,21,21,1,NOMINAL_OUTSIDE_CERTIFIED_SET,71.20072937011719,OUTBOUND,-26.96859359741211,-0.15200079107358233,
0,32.61885452270508,1.4350123405456543,8.792891502380371,8.765308380126953,25.795628523017513,29.73083526683802,-3.898486852645874,1406,21,22,1,INSUFFICIENT_RECOVERY_RESERVE,37.39589309692383,OUTBOUND,-26.987228393554688,-0.1602072405340347,
0,32.826927185058594,1.4354444742202759,8.696304321289062,8.62775707244873,25.806670078018215,29.71854340529199,-3.899928092956543,1407,21,23,1,INSUFFICIENT_RECOVERY_RESERVE,28.25146484375,OUTBOUND,-27.133033752441406,-0.15373242187999048,
0,33.277366638183594,1.4358742237091064,8.207504272460938,8.100157737731934,25.819549986015772,29.706263515580424,-3.859006404876709,1408,21,24,1,NOMINAL_OUTSIDE_CERTIFIED_SET,3.7094786167144775,OUTBOUND,-27.594560623168945,-0.16293328980994037,
0,33.40642547607422,1.4363045692443848,8.42286491394043,8.335709571838379,25.831065923004644,29.693958334382135,-3.919590950012207,1409,21,25,1,INSUFFICIENT_RECOVERY_RESERVE,13.887611389160156,OUTBOUND,-27.75367546081543,-0.17237102894953138,
0,33.088478088378906,1.436735987663269,18.24578285217285,18.078004837036133,25.845533062994946,29.681667818341506,-3.9301035404205322,1410,21,26,1,NOMINAL_OUTSIDE_CERTIFIED_SET,55.69803237915039,OUTBOUND,-27.454626083374023,-0.1833641582222018,
0,33.402854919433594,1.4371651411056519,0.2853774428367615,0.27545246481895447,25.855408930015983,29.66935215864177,-3.8597893714904785,1411,21,27,1,INSUFFICIENT_RECOVERY_RESERVE,15.885290145874023,OUTBOUND,-27.945737838745117,-0.19436018114985085,
0,33.40116500854492,1.437595248222351,8.379890441894531,8.276327133178711,25.868722280021757,29.657053383104557,-3.9235587120056152,1412,21,28,1,NOMINAL_OUTSIDE_CERTIFIED_SET,3.453453302383423,OUTBOUND,-27.83305549621582,-0.20651116264526206,
0,33.13555908203125,1.4380265474319458,0.5904461741447449,0.6244238615036011,25.879215496999677,29.644729422581094,-3.9316561222076416,1413,21,29,1,INSUFFICIENT_RECOVERY_RESERVE,40.6917839050293,OUTBOUND,-27.44794464111328,-0.21848535427737503,
0,32.876617431640625,1.4384582042694092,7.973405361175537,7.8990559577941895,25.889109133015154,29.632439733411562,-3.915091037750244,1414,21,30,1,INSUFFICIENT_RECOVERY_RESERVE,20.78243064880371,OUTBOUND,-27.199419021606445,-0.20506763567706732,
0,33.871829986572266,1.4388915300369263,0.2738884389400482,0.2837311327457428,25.902111305011204,29.62016180186842,-3.943223237991333,1415,21,31,1,NOMINAL_OUTSIDE_CERTIFIED_SET,15.555240631103516,OUTBOUND,-28.18430519104004,-0.21739947935565568,
0,33.65991973876953,1.4393227100372314,0.4621172845363617,0.5031898021697998,25.91357729199808,29.607862206165844,-3.8668084144592285,1416,21,32,1,INSUFFICIENT_RECOVERY_RESERVE,19.39340591430664,OUTBOUND,-28.03937339782715,-0.2294205702297468,
0,33.678585052490234,1.4397565126419067,16.711240768432617,16.497100830078125,25.92617023701314,29.595576545866223,-3.961712598800659,1417,21,33,1,NOMINAL_OUTSIDE_CERTIFIED_SET,71.0748291015625,OUTBOUND,-28.017024993896484,-0.24201552779459207,
0,33.48149871826172,1.4401891231536865,10.262392044067383,10.069494247436523,26.015006033994723,29.583268453485868,-3.8852343559265137,1418,21,34,1,INSUFFICIENT_RECOVERY_RESERVE,41.316349029541016,OUTBOUND,-27.977018356323242,-0.2542213889994256,
0,33.04963302612305,1.4406208992004395,8.91618824005127,8.892843246459961,26.028344868012937,29.570976248732297,-3.89340877532959,1419,21,35,1,NOMINAL_OUTSIDE_CERTIFIED_SET,4.387519359588623,OUTBOUND,-27.48663902282715,-0.26678016038720165,
0,33.428287506103516,1.4410539865493774,0.6223181486129761,0.6864855289459229,26.040275873994688,29.558660739901004,-3.9334850311279297,1420,21,36,1,INSUFFICIENT_RECOVERY_RESERVE,47.86863708496094,OUTBOUND,-27.768753051757812,-0.2788994975698866,
1,33.398216247558594,1.4414855241775513,8.429167747497559,8.342011451721191,26.053399338998133,29.54637342165945,-3.8795695304870605,1421,21,37,0,,2.6231019496917725,OUTBOUND,-27.878026962280273,-0.27229708507820705,
0,33.33177185058594,1.4419180154800415,0.6136942505836487,0.6556806564331055,26.06598488902091,29.53409064564768,-3.9232468605041504,1422,21,38,1,NOMINAL_OUTSIDE_CERTIFIED_SET,42.756954193115234,OUTBOUND,-27.6369686126709,-0.2946323307743319,
0,33.62506103515625,1.442351222038269,16.96990203857422,16.814035415649414,26.077313910005614,29.521792103147195,-3.923326253890991,1423,21,39,1,INSUFFICIENT_RECOVERY_RESERVE,46.62571716308594,OUTBOUND,-27.929931640625,-0.30130474245962907,
0,33.169551849365234,1.4427849054336548,25.035655975341797,24.80080223083496,26.090608307014918,29.509507125313345,-3.9206249713897705,1424,21,40,1,NOMINAL_OUTSIDE_CERTIFIED_SET,75.24627685546875,OUTBOUND,-27.601715087890625,-0.3088445562678672,
0,33.34269332885742,1.4432193040847778,8.757102012634277,8.68741512298584,26.101236860005883,29.49720396902187,-3.9231295585632324,1425,21,41,1,INSUFFICIENT_RECOVERY_RESERVE,16.20176124572754,OUTBOUND,-27.76740837097168,-0.31639327256123345,
0,32.75982666015625,1.4436537027359009,9.110568046569824,9.08426570892334,26.114099297003122,29.484916058738495,-3.9114060401916504,1426,21,42,1,NOMINAL_OUTSIDE_CERTIFIED_SET,50.08625030517578,OUTBOUND,-27.102691650390625,-0.32470130003427994,
0,33.563480377197266,1.4440882205963135,0.6399853229522705,0.6944364309310913,26.123794531013118,29.47260722940318,-3.913320541381836,1427,21,43,1,INSUFFICIENT_RECOVERY_RESERVE,66.52820587158203,OUTBOUND,-27.794265747070312,-0.3328947130130864,
0,33.26837921142578,1.4445223808288574,17.20903205871582,17.08014488220215,26.140047848020913,29.46031532406325,-3.9049887657165527,1428,21,44,1,NOMINAL_OUTSIDE_CERTIFIED_SET,11.678680419921875,OUTBOUND,-27.537460327148438,-0.3417159117453419,
0,33.478729248046875,1.4449554681777954,0.7892104983329773,0.8135152459144592,26.152491018001456,29.447997278404962,-3.8856396675109863,1429,21,45,1,INSUFFICIENT_RECOVERY_RESERVE,64.44511413574219,OUTBOUND,-27.747150421142578,-0.3503214398598266,
0,34.152523040771484,1.4453879594802856,0.46864479780197144,0.47838863730430603,26.244161284994334,29.43571298676657,-3.8946802616119385,1430,21,46,1,INSUFFICIENT_RECOVERY_RESERVE,38.207069396972656,OUTBOUND,-28.30860137939453,-0.32123247235963087,
1,33.74542999267578,1.4458190202713013,17.353647232055664,17.22056770324707,26.25830750001478,29.423470468167476,-3.8739612102508545,1431,21,47,0,,58.01203536987305,OUTBOUND,-28.06069564819336,-0.31607600488290244,
0,34.20042419433594,1.446250081062317,10.537219047546387,10.373019218444824,26.280292147013824,29.411196615542707,-3.9028995037078857,1432,21,48,1,NOMINAL_OUTSIDE_CERTIFIED_SET,51.840675354003906,OUTBOUND,-28.561180114746094,-0.34590578794442234,
1,33.609500885009766,1.4466795921325684,17.568862915039062,17.404083251953125,26.29353751000599,29.39890156825409,-3.8681585788726807,1433,21,49,0,,79.24286651611328,OUTBOUND,-28.160194396972656,-0.38038292482447394,
0,33.915584564208984,1.4471116065979004,8.773035049438477,8.693687438964844,26.306464605004294,29.386606444033,-3.9503774642944336,1434,21,50,1,NOMINAL_OUTSIDE_CERTIFIED_SET,12.818361282348633,OUTBOUND,-28.36186408996582,-0.39350276794095657,
1,33.4712028503418,1.447545051574707,8.749218940734863,8.68732738494873,26.31994559802115,29.374312315192654,-3.935375690460205,1435,21,51,0,,19.278066635131836,OUTBOUND,-27.8795223236084,-0.40177623404748336,
0,33.5033073425293,1.4479784965515137,17.314817428588867,17.147798538208008,26.332762294012355,29.36200579891524,-3.90725040435791,1436,21,52,1,NOMINAL_OUTSIDE_CERTIFIED_SET,18.64788246154785,OUTBOUND,-27.96761131286621,-0.3944357349294851,
0,33.53215789794922,1.4484124183654785,8.881525039672852,8.80573558807373,26.345759740012,29.34972195533083,-3.916255474090576,1437,21,53,1,NOMINAL_OUTSIDE_CERTIFIED_SET,32.009979248046875,OUTBOUND,-27.954248428344727,-0.36102209265612906,
0,33.029052734375,1.4488494396209717,9.028182029724121,9.025847434997559,26.358610145020066,29.33746455116096,-3.9697394371032715,1438,21,54,1,NOMINAL_OUTSIDE_CERTIFIED_SET,63.46147918701172,OUTBOUND,-27.323429107666016,-0.3240491130413635,
0,33.79838943481445,1.4492872953414917,8.732637405395508,8.670633316040039,26.37041197801591,29.3252345135142,-3.931506633758545,1439,21,55,1,NOMINAL_OUTSIDE_CERTIFIED_SET,33.7457389831543,OUTBOUND,-28.07168197631836,-0.28555874352897787,
0,33.2170295715332,1.4497226476669312,17.271703720092773,17.10010528564453,26.38289235299453,29.31302560839142,-3.8638200759887695,1440,21,56,1,NOMINAL_OUTSIDE_CERTIFIED_SET,8.013697624206543,OUTBOUND,-27.541589736938477,-0.24719378417409132,
1,34.016632080078125,1.4501594305038452,8.726792335510254,8.623615264892578,26.395572263019858,29.30084745087734,-3.9355411529541016,1441,21,57,0,,31.026124954223633,OUTBOUND,-28.24553871154785,-0.23203646199799746,
0,33.6987190246582,1.4505952596664429,17.220346450805664,17.062667846679688,26.40796657500323,29.288622760548638,-3.8954951763153076,1442,21,58,1,NOMINAL_OUTSIDE_CERTIFIED_SET,21.141216278076172,OUTBOUND,-28.01597785949707,-0.21318271146682738,
0,33.89055633544922,1.4510315656661987,9.075077056884766,9.032669067382812,26.420754715014482,29.27644127389908,-3.9155259132385254,1443,21,59,1,NOMINAL_OUTSIDE_CERTIFIED_SET,8.613724708557129,OUTBOUND,-28.117164611816406,-0.16993689963724248,
1,33.912269592285156,1.4514638185501099,9.005450248718262,8.923656463623047,26.43247371300822,29.264304791927657,-3.826056957244873,1444,21,60,0,,7.867008209228516,OUTBOUND,-28.238792419433594,-0.13238235206710103,
0,34.52070999145508,1.4518959522247314,2.357731342315674,2.268775701522827,26.44491878899862,29.252141379378482,-3.898787260055542,1445,21,61,1,NOMINAL_OUTSIDE_CERTIFIED_SET,6.877974033355713,OUTBOUND,-28.84227752685547,-0.10032508701256605,
0,34.07276916503906,1.4523301124572754,0.8700056672096252,0.9324532747268677,26.45737213100074,29.24002052284438,-3.9434092044830322,1446,21,62,1,NOMINAL_OUTSIDE_CERTIFIED_SET,37.732852935791016,OUTBOUND,-28.24798011779785,-0.07273771326942599,
0,34.538543701171875,1.4527634382247925,0.7480626106262207,0.8001500368118286,26.560016834002454,29.22793503872778,-3.887361526489258,1447,21,63,1,NOMINAL_OUTSIDE_CERTIFIED_SET,6.9891357421875,FAILURE,-28.762033462524414,-0.04987439603531341,
0,34.30961227416992,1.4531968832015991,9.198249816894531,9.125073432922363,26.585700908995932,29.9879676,-3.9025888442993164,1448,22,1,1,NOMINAL_OUTSIDE_CERTIFIED_SET,30.829191207885742,OUTBOUND,-28.63263511657715,-0.010144776818907505,
1,34.90641403198242,1.4536317586898804,8.935287475585938,8.79052448272705,26.60631011199439,29.97592986491095,-3.934986114501953,1449,22,2,0,,49.394840240478516,OUTBOUND,-29.237539291381836,-0.01543166080840471,
0,34.748313903808594,1.4540687799453735,8.955621719360352,8.772814750671387,26.626033861015458,29.963846945125574,-3.950770378112793,1450,22,3,1,NOMINAL_OUTSIDE_CERTIFIED_SET,56.992759704589844,OUTBOUND,-29.121231079101562,-0.019552308703486475,
0,34.5406608581543,1.4545073509216309,0.4936635196208954,0.5432926416397095,26.645228915003827,29.951731016005677,-3.9432616233825684,1451,22,4,1,NOMINAL_OUTSIDE_CERTIFIED_SET,11.093762397766113,OUTBOUND,-28.917518615722656,-0.018338731296836636,
0,34.32777404785156,1.4549494981765747,0.6049036383628845,0.7016042470932007,26.66159682601574,29.93958154461191,-3.9859671592712402,1452,22,5,1,NOMINAL_OUTSIDE_CERTIFIED_SET,31.145240783691406,OUTBOUND,-28.661481857299805,-0.019174363484109523,
0,34.72022247314453,1.4553930759429932,0.43373993039131165,0.47311797738075256,26.673551957006566,29.92739804927826,-3.9513931274414062,1453,22,6,1,NOMINAL_OUTSIDE_CERTIFIED_SET,28.930259704589844,OUTBOUND,-29.095104217529297,-0.022590865695633497,
0,34.48170852661133,1.4558359384536743,0.7373539209365845,0.8209049105644226,26.685681634000503,29.915180103717425,-3.907989740371704,1454,22,7,1,NOMINAL_OUTSIDE_CERTIFIED_SET,41.38040542602539,OUTBOUND,-28.75670623779297,-0.02911330196777475,
0,34.387290954589844,1.4562796354293823,0.5704500079154968,0.6045750975608826,26.69778341500205,29.902927064674667,-3.937175750732422,1455,22,8,1,NOMINAL_OUTSIDE_CERTIFIED_SET,29.0749454498291,OUTBOUND,-28.588972091674805,-0.03925896289168754,
0,34.393760681152344,1.456723928451538,8.988972663879395,8.925275802612305,26.710080224002013,29.890637170485366,-3.936598539352417,1456,22,9,1,NOMINAL_OUTSIDE_CERTIFIED_SET,10.68142318725586,OUTBOUND,-28.630428314208984,-0.05353334675744361,
0,35.28810119628906,1.4571675062179565,0.4428696036338806,0.460744172334671,26.721028275002027,29.878321693660812,-3.9077847003936768,1457,22,10,1,INSUFFICIENT_RECOVERY_RESERVE,6.4245734214782715,OUTBOUND,-29.512882232666016,-0.06529052453709482,
0,34.950801849365234,1.457611322402954,9.247591972351074,9.226611137390137,26.7305129400047,29.866039689472938,-3.927231788635254,1458,22,11,1,INSUFFICIENT_RECOVERY_RESERVE,54.80527114868164,OUTBOUND,-29.272314071655273,-0.06954932654663262,
0,34.51179504394531,1.4580529928207397,13.402408599853516,13.214018821716309,26.835091348999413,29.85376907616056,-3.87587833404541,1459,22,12,1,NOMINAL_OUTSIDE_CERTIFIED_SET,76.46381378173828,OUTBOUND,-29.038745880126953,-0.08007868045786842,
0,34.0330810546875,1.4584933519363403,2.902825355529785,2.882965564727783,26.84898768601124,29.841475877272185,-3.891636371612549,1460,22,13,1,INSUFFICIENT_RECOVERY_RESERVE,13.713666915893555,OUTBOUND,-28.48335075378418,-0.09092478074831017,
0,34.73103713989258,1.4589340686798096,8.281208992004395,8.146659851074219,26.869203100010054,29.829196357214162,-3.9189560413360596,1461,22,14,1,NOMINAL_OUTSIDE_CERTIFIED_SET,16.844383239746094,OUTBOUND,-29.13089942932129,-0.10225872941398893,
0,34.471622467041016,1.459373116493225,2.5601694583892822,2.532463312149048,26.885009150020778,29.816893208896783,-3.8803529739379883,1462,22,15,1,INSUFFICIENT_RECOVERY_RESERVE,20.191741943359375,OUTBOUND,-28.923933029174805,-0.11380782362924198,
1,34.07931900024414,1.459812045097351,11.429128646850586,11.316427230834961,26.89817384601338,29.80460619953898,-3.9077701568603516,1463,22,16,0,,10.438895225524902,OUTBOUND,-28.495635986328125,-0.13502616641629617,
0,33.880149841308594,1.4602497816085815,9.473772048950195,9.44066333770752,26.91156176099321,29.792312351757744,-3.8871243000030518,1464,22,17,1,NOMINAL_OUTSIDE_CERTIFIED_SET,46.90703201293945,OUTBOUND,-28.19083023071289,-0.1616050562074168,
0,34.04322814941406,1.460689663887024,11.629742622375488,11.535781860351562,26.92330293901614,29.780008733056253,-3.9488320350646973,1465,22,18,1,INSUFFICIENT_RECOVERY_RESERVE,21.37021827697754,OUTBOUND,-28.189645767211914,-0.16378388576506941,
1,34.79212951660156,1.4611295461654663,0.6593108773231506,0.6857486963272095,26.936486215010518,29.76771874267612,-3.9156503677368164,1466,22,19,0,,66.57093048095703,OUTBOUND,-28.972593307495117,-0.17064280508401108,
0,34.88199996948242,1.4615683555603027,0.5753739476203918,0.5679553747177124,26.949928190995706,29.755445526483985,-3.886220932006836,1467,22,20,1,NOMINAL_OUTSIDE_CERTIFIED_SET,53.81877517700195,OUTBOUND,-28.990629196166992,-0.1831483647196253,
0,35.02436828613281,1.4620095491409302,17.76357650756836,17.61402130126953,26.963208784000017,29.743147949032036,-3.9584851264953613,1468,22,21,1,NOMINAL_OUTSIDE_CERTIFIED_SET,49.06242370605469,OUTBOUND,-29.167707443237305,-0.19168210663005483,
0,35.20140838623047,1.4624532461166382,2.598881721496582,2.535651445388794,26.974014544015517,29.730837896619047,-3.9684693813323975,1469,22,22,1,INSUFFICIENT_RECOVERY_RESERVE,9.857150077819824,OUTBOUND,-29.398639678955078,-0.19322740957736018,
0,34.98849105834961,1.4628969430923462,9.078479766845703,9.028435707092285,26.986698088003322,29.71854265030882,-3.9167733192443848,1470,22,23,1,NOMINAL_OUTSIDE_CERTIFIED_SET,24.253543853759766,OUTBOUND,-29.237579345703125,-0.1969915867471476,
0,34.79179000854492,1.463338851928711,0.5862675905227661,0.6037598848342896,27.07737119399826,29.706231316283993,-3.882310390472412,1471,22,24,1,INSUFFICIENT_RECOVERY_RESERVE,21.308671951293945,OUTBOUND,-28.97657012939453,-0.2016049315551419,
0,35.21029281616211,1.4637820720672607,0.4621579349040985,0.49094510078430176,27.09563163400162,29.693936480802822,-3.9407103061676025,1472,22,25,1,NOMINAL_OUTSIDE_CERTIFIED_SET,4.663182258605957,OUTBOUND,-29.413211822509766,-0.20817877373997115,
0,35.42332458496094,1.4642257690429688,0.3851003646850586,0.4018581211566925,27.105394219019217,29.68161570412688,-3.927734613418579,1473,22,26,1,INSUFFICIENT_RECOVERY_RESERVE,4.95681619644165,OUTBOUND,-29.66358184814453,-0.21526675132581372,
0,34.83124542236328,1.464667558670044,9.603765487670898,9.547768592834473,27.11536540099769,29.669328948736034,-3.877762794494629,1474,22,27,1,INSUFFICIENT_RECOVERY_RESERVE,31.407352447509766,OUTBOUND,-29.124128341674805,-0.2026520049189091,
0,35.30974578857422,1.4651095867156982,9.496758460998535,9.374818801879883,27.13096535601653,29.657053856137203,-3.917814254760742,1475,22,28,1,NOMINAL_OUTSIDE_CERTIFIED_SET,61.34446334838867,OUTBOUND,-29.765899658203125,-0.21078934748837272,
0,34.961570739746094,1.465549111366272,18.58253288269043,18.300464630126953,27.146742270997493,29.64475294716829,-3.860229253768921,1476,22,29,1,INSUFFICIENT_RECOVERY_RESERVE,80.90502166748047,OUTBOUND,-29.526958465576172,-0.21916319028165537,
0,34.235897064208984,1.465989589691162,9.47954273223877,9.47062873840332,27.167020274995593,29.632466479017648,-3.929377794265747,1477,22,30,1,NOMINAL_OUTSIDE_CERTIFIED_SET,19.914548873901367,OUTBOUND,-28.649450302124023,-0.2289444356879709,
0,34.80474853515625,1.4664314985275269,0.7290767431259155,0.8583457469940186,27.182059862010647,29.620154126099553,-3.937821388244629,1478,22,31,1,INSUFFICIENT_RECOVERY_RESERVE,72.10652160644531,OUTBOUND,-29.053062438964844,-0.23874013149803305,
0,34.90379333496094,1.4668720960617065,9.364664077758789,9.2691068649292,27.201816004002467,29.607858542241967,-3.887836217880249,1479,22,32,1,NOMINAL_OUTSIDE_CERTIFIED_SET,30.24260139465332,OUTBOUND,-29.17831039428711,-0.24961693507457877,
0,34.51004409790039,1.4673147201538086,18.03044891357422,17.861196517944336,27.213121742010117,29.595536914503757,-3.9495012760162354,1480,22,33,1,INSUFFICIENT_RECOVERY_RESERVE,6.866108417510986,OUTBOUND,-28.742935180664062,-0.26033436620495487,
0,34.948204040527344,1.4677587747573853,18.43899154663086,18.278953552246094,27.223441965004895,29.58324934857193,-3.9427714347839355,1481,22,34,1,INSUFFICIENT_RECOVERY_RESERVE,10.271185874938965,OUTBOUND,-29.17896270751953,-0.24203855760265375,
0,34.90237808227539,1.4682024717330933,26.201120376586914,25.906694412231445,27.24007982100011,29.570973509445547,-3.9085469245910645,1482,22,35,1,NOMINAL_OUTSIDE_CERTIFIED_SET,51.74225616455078,OUTBOUND,-29.295503616333008,-0.2534307176433564,
0,34.55782699584961,1.4686470031738281,10.871006965637207,10.626662254333496,27.250159507006174,29.558675129673222,-3.935044765472412,1483,22,36,1,INSUFFICIENT_RECOVERY_RESERVE,34.76357650756836,OUTBOUND,-28.84259605407715,-0.26450731576751796,
1,34.60872268676758,1.4690895080566406,9.798088073730469,9.637317657470703,27.263470737001626,29.546387997796835,-3.8723092079162598,1484,22,37,0,,64.37250518798828,OUTBOUND,-28.877744674682617,-0.2596919396745677,
0,35.15424346923828,1.469531536102295,1.0463061332702637,0.9653295278549194,27.27635052401456,29.53411601936867,-3.9013407230377197,1485,22,38,1,NOMINAL_OUTSIDE_CERTIFIED_SET,100.09398651123047,OUTBOUND,-29.242626190185547,-0.2809575646477584,
0,35.27686309814453,1.4699733257293701,0.909959614276886,0.8696566820144653,27.2923067889933,29.521817558344292,-3.908853530883789,1486,22,39,1,NOMINAL_OUTSIDE_CERTIFIED_SET,80.95791625976562,OUTBOUND,-29.174224853515625,-0.31608062051249136,
0,35.016326904296875,1.4704155921936035,9.681291580200195,9.618340492248535,27.30500644800486,29.509502848625235,-3.917656421661377,1487,22,40,1,INSUFFICIENT_RECOVERY_RESERVE,20.53058433532715,OUTBOUND,-29.058002471923828,-0.3219196667454148,
0,35.63915252685547,1.4708566665649414,27.53105354309082,27.27398681640625,27.401440083020134,29.49720530555879,-3.8861966133117676,1488,22,41,1,NOMINAL_OUTSIDE_CERTIFIED_SET,125.22525024414062,OUTBOUND,-29.783308029174805,-0.3289079333806868,
0,36.01677322387695,1.4712971448898315,0.424216091632843,0.4351176619529724,27.41102743599913,29.484886584867734,-3.8929896354675293,1489,22,42,1,INSUFFICIENT_RECOVERY_RESERVE,9.747329711914062,OUTBOUND,-30.17304039001465,-0.33596007987014437,
0,35.610923767089844,1.4717391729354858,0.479281485080719,0.5192316770553589,27.421122658008244,29.472601685244616,-3.940709352493286,1490,22,43,1,INSUFFICIENT_RECOVERY_RESERVE,7.374337673187256,OUTBOUND,-29.7066650390625,-0.3086703178457061,
0,35.657466888427734,1.472179889678955,0.732501745223999,0.7807484269142151,27.433845046005445,29.460328421205205,-3.8826327323913574,1491,22,44,1,NOMINAL_OUTSIDE_CERTIFIED_SET,26.66031265258789,OUTBOUND,-29.90517807006836,-0.3172337669716075,
0,35.806209564208984,1.4726214408874512,0.6319026947021484,0.653266429901123,27.44354792800732,29.44803163057169,-3.9228594303131104,1492,22,45,1,INSUFFICIENT_RECOVERY_RESERVE,38.46042251586914,OUTBOUND,-30.128307342529297,-0.3256168471845854,
1,36.0313606262207,1.4730627536773682,9.859439849853516,9.699533462524414,27.456448528013425,29.435767278357872,-3.9050323963165283,1493,22,46,0,,76.14183807373047,OUTBOUND,-30.44582176208496,-0.2953019367493206,
0,34.960105895996094,1.473504900932312,21.37613868713379,20.955215454101562,27.47028762102127,29.4234891941357,-3.922675848007202,1494,22,47,1,NOMINAL_OUTSIDE_CERTIFIED_SET,96.52607727050781,OUTBOUND,-29.467451095581055,-0.3041019287918585,
1,35.23835754394531,1.4739488363265991,0.6032981872558594,0.6962634921073914,27.48756764200516,29.41120735356466,-3.945730686187744,1495,22,48,0,,38.59116744995117,OUTBOUND,-29.76861572265625,-0.3328892665923126,
0,34.68770980834961,1.474395990371704,10.16132926940918,10.176663398742676,27.504996428004233,29.39892281307481,-3.9785866737365723,1496,22,49,1,NOMINAL_OUTSIDE_CERTIFIED_SET,46.29078674316406,OUTBOUND,-29.00552749633789,-0.34906779192985793,
0,35.187469482421875,1.47484290599823,0.9655081033706665,1.0260341167449951,27.51715870501357,29.386631792074667,-3.914152145385742,1497,22,50,1,NOMINAL_OUTSIDE_CERTIFIED_SET,90.26681518554688,OUTBOUND,-29.419784545898438,-0.36602612053723677,
0,35.79924011230469,1.4752905368804932,0.6279219388961792,0.622204065322876,27.532344506995287,29.374339866460737,-3.9325146675109863,1498,22,51,1,NOMINAL_OUTSIDE_CERTIFIED_SET,71.78567504882812,OUTBOUND,-29.8331241607666,-0.3670370595278329,
0,35.431121826171875,1.4757370948791504,9.764862060546875,9.642252922058105,27.55070936802076,29.362054318569406,-3.8972363471984863,1499,22,52,1,NOMINAL_OUTSIDE_CERTIFIED_SET,27.109834671020508,OUTBOUND,-29.44348907470703,-0.3557076011191639,
0,35.375850677490234,1.4761821031570435,20.15985870361328,19.911575317382812,27.563786560000153,29.349782289235474,-3.882476329803467,1500,22,53,1,NOMINAL_OUTSIDE_CERTIFIED_SET,55.45535659790039,OUTBOUND,-29.55878257751465,-0.33526831895261705,
0,35.471649169921875,1.4766268730163574,18.715906143188477,18.578529357910156,27.6557125870022,29.337529727164533,-3.9092016220092773,1501,22,54,1,NOMINAL_OUTSIDE_CERTIFIED_SET,31.430522918701172,OUTBOUND,-29.732563018798828,-0.3085597647842498,
1,35.68149185180664,1.4770729541778564,9.648706436157227,9.573892593383789,27.66899777101935,29.325310763818024,-3.9388978481292725,1502,22,55,0,,7.233795642852783,OUTBOUND,-29.85313606262207,-0.28459039980966483,
0,35.62814712524414,1.4775190353393555,0.7689788937568665,0.7704669833183289,27.68170325300889,29.313067729532015,-3.9142587184906006,1503,22,56,1,NOMINAL_OUTSIDE_CERTIFIED_SET,38.392173767089844,OUTBOUND,-29.850772857666016,-0.25715369772023344,
0,35.89616394042969,1.4779669046401978,0.40907689929008484,0.4166284203529358,27.69420165201882,29.300861408676905,-3.952744960784912,1504,22,57,1,NOMINAL_OUTSIDE_CERTIFIED_SET,37.49381637573242,OUTBOUND,-30.037973403930664,-0.22119668206280785,
0,36.04259490966797,1.478415608406067,2.8246514797210693,2.7550337314605713,27.70863088799524,29.28869014249659,-3.933940887451172,1505,22,58,1,NOMINAL_OUTSIDE_CERTIFIED_SET,14.498834609985352,OUTBOUND,-30.074115753173828,-0.1867346045181257,
0,36.272132873535156,1.4788628816604614,9.492063522338867,9.365524291992188,27.721165825001663,29.27655125047502,-3.887869119644165,1506,22,59,1,NOMINAL_OUTSIDE_CERTIFIED_SET,24.855873107910156,OUTBOUND,-30.474699020385742,-0.15467692369107397,
1,35.858985900878906,1.4793094396591187,10.086461067199707,9.974906921386719,27.73349724401487,29.26444886227672,-3.9040470123291016,1507,22,60,0,,29.678176879882812,OUTBOUND,-30.05862808227539,-0.1441602777489163,
0,35.7343635559082,1.4797555208206177,0.5135811567306519,0.5896034836769104,27.74615704701864,29.252326760767904,-3.9032020568847656,1508,22,61,1,NOMINAL_OUTSIDE_CERTIFIED_SET,17.551864624023438,OUTBOUND,-29.981800079345703,-0.13148830781713036,
1,36.38679504394531,1.4802016019821167,9.900842666625977,9.73932933807373,27.758964745007688,29.240229350855937,-3.913269519805908,1509,22,62,0,,52.17448043823242,FAILURE,-30.66752815246582,-0.09845595005995507,
0,35.37438201904297,1.4806479215621948,29.29989242553711,28.877891540527344,27.780184823001036,29.9879676,-3.91519832611084,1510,23,1,1,NOMINAL_OUTSIDE_CERTIFIED_SET,109.276123046875,OUTBOUND,-29.786165237426758,-0.010144776818907505,
1,35.947662353515625,1.481090784072876,9.968474388122559,9.830418586730957,27.792686786997365,29.975917767024566,-3.8446171283721924,1511,23,2,0,,12.926506996154785,OUTBOUND,-30.38675308227539,0.009489799061025312,
0,35.87974548339844,1.4815354347229004,0.5409525036811829,0.6287851333618164,27.882872917019995,29.963813789564316,-3.940390110015869,1512,23,3,1,NOMINAL_OUTSIDE_CERTIFIED_SET,55.10466003417969,OUTBOUND,-30.208581924438477,0.022741678078754414,
1,35.75653076171875,1.481982707977295,19.1007022857666,18.87222671508789,27.89461462700274,29.95169641290083,-3.9638564586639404,1513,23,4,0,,11.151339530944824,OUTBOUND,-30.06471824645996,0.034662563902168306,
1,35.58890151977539,1.482430338859558,1.2362091541290283,1.2568398714065552,27.907615013013128,29.93957824840744,-3.9242217540740967,1514,23,5,0,,110.70901489257812,OUTBOUND,-29.67136001586914,0.06981978415096769,
1,36.034393310546875,1.4828816652297974,0.9596460461616516,0.9003815650939941,27.920476593018975,29.927446984977536,-3.9886980056762695,1515,23,6,0,,87.9880142211914,OUTBOUND,-30.067989349365234,0.06517225040203259,
1,35.88158416748047,1.4833331108093262,10.015565872192383,9.900504112243652,27.93402496399358,29.91532720749481,-3.922621965408325,1516,23,7,0,,26.870359420776367,OUTBOUND,-29.971233367919922,0.02271227284268315,
0,36.6034049987793,1.4837857484817505,19.23526954650879,19.116594314575195,27.950588075007545,29.903241880729322,-3.948436737060547,1517,23,8,1,NOMINAL_OUTSIDE_CERTIFIED_SET,65.71591186523438,OUTBOUND,-30.810373306274414,-0.007031520495744276,
0,36.06584930419922,1.484236478805542,0.8010113835334778,0.7760358452796936,27.963065236021066,29.891129408913365,-3.8858487606048584,1518,23,9,1,NOMINAL_OUTSIDE_CERTIFIED_SET,57.15595626831055,OUTBOUND,-30.150711059570312,-0.0231353726817249,
0,36.489540100097656,1.484682559967041,0.6671500205993652,0.7489157915115356,27.97672167501878,29.878974800389837,-3.821943759918213,1519,23,10,1,NOMINAL_OUTSIDE_CERTIFIED_SET,8.800812721252441,OUTBOUND,-30.596923828125,-0.0372855243285428,
0,36.671566009521484,1.485129475593567,10.151374816894531,10.087254524230957,27.990423203009414,29.866779839821017,-3.926689624786377,1520,23,11,1,NOMINAL_OUTSIDE_CERTIFIED_SET,50.726009368896484,OUTBOUND,-30.824031829833984,-0.050656992704571975,
0,36.372955322265625,1.485574722290039,14.063084602355957,13.70114803314209,28.0030178349989,29.854546025732244,-3.8774423599243164,1521,23,12,1,NOMINAL_OUTSIDE_CERTIFIED_SET,82.79640197753906,OUTBOUND,-30.669809341430664,-0.06436519304662718,
1,36.614559173583984,1.486020803451538,0.6036263704299927,0.6866916418075562,28.0193403820158,29.84228389256356,-3.926137924194336,1522,23,13,0,,13.213050842285156,OUTBOUND,-30.874832153320312,-0.09058595680038582,
0,36.44877624511719,1.4864683151245117,0.6325660347938538,0.7394150495529175,28.038603555993177,29.830013791045094,-3.9379196166992188,1523,23,14,1,NOMINAL_OUTSIDE_CERTIFIED_SET,23.701383590698242,OUTBOUND,-30.69607925415039,-0.1108098884021366,
1,36.44953155517578,1.4869154691696167,0.5282824039459229,0.5953899621963501,28.053889481001534,29.8177402960943,-3.9050402641296387,1524,23,15,0,,29.620115280151367,OUTBOUND,-30.65054702758789,-0.1302520027061847,
0,36.078819274902344,1.4873623847961426,9.925372123718262,9.826536178588867,28.065665002999594,29.805434473694657,-3.9040565490722656,1525,23,16,1,NOMINAL_OUTSIDE_CERTIFIED_SET,12.747368812561035,OUTBOUND,-30.219518661499023,-0.1462060940280186,
0,36.970890045166016,1.4878100156784058,0.3645949363708496,0.3724778890609741,28.077076195011614,29.793119840237953,-3.9271953105926514,1526,23,17,1,INSUFFICIENT_RECOVERY_RESERVE,12.748144149780273,OUTBOUND,-31.118762969970703,-0.14349919885866605,
0,36.45298767089844,1.4882570505142212,10.181857109069824,10.100508689880371,28.089580018015113,29.780818218765422,-3.896327018737793,1527,23,18,1,NOMINAL_OUTSIDE_CERTIFIED_SET,15.933655738830566,OUTBOUND,-30.712188720703125,-0.14259176359807277,
0,36.07941818237305,1.4887062311172485,0.7801539897918701,0.8515228033065796,28.100173187005566,29.76850486416052,-3.9555282592773438,1528,23,19,1,INSUFFICIENT_RECOVERY_RESERVE,51.37778091430664,OUTBOUND,-30.17715072631836,-0.14312339398699428,
1,36.42898178100586,1.4891564846038818,0.5215676426887512,0.529099702835083,28.195773660001578,29.756229449320514,-3.9370625019073486,1529,23,20,0,,32.975276947021484,OUTBOUND,-30.485164642333984,-0.16135222035527033,
0,36.708045959472656,1.4896068572998047,19.78910255432129,19.68955421447754,28.208667321014218,29.74390998958756,-3.9171640872955322,1530,23,21,1,NOMINAL_OUTSIDE_CERTIFIED_SET,94.15284729003906,OUTBOUND,-31.003341674804688,-0.1812545950154148,
0,36.053070068359375,1.4900578260421753,10.417922973632812,10.378768920898438,28.219648755999515,29.73158744182478,-3.9288063049316406,1531,23,22,1,INSUFFICIENT_RECOVERY_RESERVE,8.815924644470215,OUTBOUND,-30.24687957763672,-0.17710829631042915,
0,36.46770095825195,1.490507960319519,10.194738388061523,10.155329704284668,28.232348243996967,29.71927899448344,-3.8980038166046143,1532,23,23,1,NOMINAL_OUTSIDE_CERTIFIED_SET,19.39902114868164,OUTBOUND,-30.656906127929688,-0.17588595295620837,
0,36.701560974121094,1.4909584522247314,0.4804065227508545,0.4810907244682312,28.24327810201794,29.706962072254072,-3.923332452774048,1533,23,24,1,INSUFFICIENT_RECOVERY_RESERVE,29.571474075317383,OUTBOUND,-30.95989227294922,-0.17611544728429301,
0,36.94868087768555,1.4914058446884155,10.061705589294434,9.941843032836914,28.256637946004048,29.69466082254844,-3.85196852684021,1534,23,25,1,NOMINAL_OUTSIDE_CERTIFIED_SET,15.044160842895508,OUTBOUND,-31.25908660888672,-0.17905668267070624,
0,36.74563217163086,1.491853952407837,10.316577911376953,10.220937728881836,28.26658258700627,29.682345886315122,-3.9236514568328857,1535,23,26,1,INSUFFICIENT_RECOVERY_RESERVE,19.338180541992188,OUTBOUND,-31.037384033203125,-0.18299986936508353,
0,36.287559509277344,1.4923046827316284,20.316078186035156,20.12939453125,28.278877706005005,29.67006435367316,-3.9640486240386963,1536,23,27,1,INSUFFICIENT_RECOVERY_RESERVE,22.10737419128418,OUTBOUND,-30.45857048034668,-0.17400700700477142,
0,36.646934509277344,1.492753505706787,0.5775958895683289,0.6816640496253967,28.292004589020507,29.65779308642295,-3.872244119644165,1537,23,28,1,NOMINAL_OUTSIDE_CERTIFIED_SET,59.420372009277344,OUTBOUND,-30.877172470092773,-0.1794924614609348,
0,37.02263259887695,1.4932054281234741,10.031232833862305,9.911639213562012,28.301857006008504,29.645495741003867,-3.9787726402282715,1538,23,29,1,INSUFFICIENT_RECOVERY_RESERVE,7.553381443023682,OUTBOUND,-31.190876007080078,-0.1856057877405471,
0,36.40095520019531,1.4936577081680298,12.757688522338867,12.56747055053711,28.314885722997133,29.633211917832195,-3.92150616645813,1539,23,30,1,NOMINAL_OUTSIDE_CERTIFIED_SET,9.285080909729004,OUTBOUND,-30.5487060546875,-0.19379778236580575,
0,36.350502014160156,1.4941127300262451,29.82052230834961,29.488920211791992,28.32540235100896,29.620901289631778,-3.973217010498047,1540,23,31,1,INSUFFICIENT_RECOVERY_RESERVE,61.32665252685547,OUTBOUND,-30.586164474487305,-0.20229476938920984,
1,35.71120071411133,1.494568943977356,10.909122467041016,10.85506820678711,28.337590711016674,29.608616801888264,-3.9488117694854736,1541,23,32,0,,57.57993698120117,OUTBOUND,-29.895139694213867,-0.1802188965640253,
0,36.35261917114258,1.495020866394043,10.489277839660645,10.392132759094238,28.43047609901987,29.596332728132346,-3.8386149406433105,1542,23,33,1,NOMINAL_OUTSIDE_CERTIFIED_SET,52.851341247558594,OUTBOUND,-30.520309448242188,-0.18265357013731054,
0,36.798362731933594,1.495471477508545,10.422894477844238,10.276826858520508,28.446024795004632,29.58403013566194,-3.8869848251342773,1543,23,34,1,INSUFFICIENT_RECOVERY_RESERVE,35.26804733276367,OUTBOUND,-30.938518524169922,-0.19590829932452516,
1,36.734619140625,1.4959237575531006,0.8685948848724365,0.8425745964050293,28.460238452011254,29.571755123370945,-3.9456353187561035,1544,23,35,0,,69.56031799316406,OUTBOUND,-30.649433135986328,-0.19063548533914387,
1,36.511661529541016,1.4963793754577637,20.834169387817383,20.739492416381836,28.473381338000763,29.559511324059024,-3.9861769676208496,1545,23,36,0,,28.94532012939453,OUTBOUND,-30.457260131835938,-0.20851438968300168,
0,36.41429901123047,1.4968363046646118,30.26105308532715,30.06644630432129,28.487466732010944,29.547239796310922,-3.950737953186035,1546,23,37,1,NOMINAL_OUTSIDE_CERTIFIED_SET,98.26970672607422,OUTBOUND,-30.514066696166992,-0.23760504789824857,
0,37.112667083740234,1.4972922801971436,0.5790375471115112,0.626327395439148,28.500110811000923,29.53494733709764,-3.9044296741485596,1547,23,38,1,NOMINAL_OUTSIDE_CERTIFIED_SET,23.154245376586914,OUTBOUND,-31.28241539001465,-0.26521539352464907,
0,37.139102935791016,1.4977467060089111,3.0632646083831787,2.9853641986846924,28.510251274012262,29.522645474207575,-3.889596939086914,1548,23,39,1,INSUFFICIENT_RECOVERY_RESERVE,2.4179184436798096,OUTBOUND,-31.375179290771484,-0.27044598960961375,
1,37.353309631347656,1.4982001781463623,0.6204314231872559,0.6571494936943054,28.522954362997552,29.51037787107042,-3.9007725715637207,1549,23,40,0,,34.02188491821289,OUTBOUND,-31.47660255432129,-0.24675720730002063,
0,36.989437103271484,1.4986540079116821,20.471004486083984,20.245655059814453,28.535241392004536,29.498113675399587,-3.9261531829833984,1550,23,41,1,NOMINAL_OUTSIDE_CERTIFIED_SET,61.40374755859375,OUTBOUND,-31.245342254638672,-0.25220898984759027,
0,36.957584381103516,1.4991072416305542,3.0502028465270996,2.9684994220733643,28.544899205007823,29.485829881766502,-3.9033868312835693,1551,23,42,1,INSUFFICIENT_RECOVERY_RESERVE,17.30604362487793,OUTBOUND,-31.108556747436523,-0.2611883708911592,
0,36.6596794128418,1.4995635747909546,10.886707305908203,10.873052597045898,28.55740064600832,29.473557033503276,-3.9811794757843018,1552,23,43,1,NOMINAL_OUTSIDE_CERTIFIED_SET,14.29570484161377,OUTBOUND,-30.699792861938477,-0.27129994414054953,
0,37.070858001708984,1.5000193119049072,10.521867752075195,10.42189884185791,28.644494388019666,29.461259032250513,-3.90849232673645,1553,23,44,1,INSUFFICIENT_RECOVERY_RESERVE,3.8290908336639404,OUTBOUND,-31.29210662841797,-0.28118237872493757,
0,37.35537338256836,1.500475287437439,0.5787492990493774,0.6251053214073181,28.657240364002064,29.448974733752028,-3.9265427589416504,1554,23,45,1,NOMINAL_OUTSIDE_CERTIFIED_SET,46.76539611816406,OUTBOUND,-31.47512435913086,-0.2919247959746736,
0,37.331790924072266,1.5009326934814453,10.128841400146484,10.011606216430664,28.66804101699381,29.43666466387199,-3.9506571292877197,1555,23,46,1,INSUFFICIENT_RECOVERY_RESERVE,20.664278030395508,OUTBOUND,-31.409326553344727,-0.3023230223737964,
1,37.547786712646484,1.501389741897583,10.251031875610352,10.149717330932617,28.68093069799943,29.424402506423693,-3.9154815673828125,1556,23,47,0,,18.56195640563965,OUTBOUND,-31.707630157470703,-0.2917836002137118,
1,36.90513610839844,1.501846432685852,10.229105949401855,10.108943939208984,28.695698752009775,29.41211970274248,-3.914670705795288,1557,23,48,0,,7.689233779907227,OUTBOUND,-31.099740982055664,-0.2747584739829018,
0,37.12175750732422,1.5023033618927002,0.638443112373352,0.6484270691871643,28.708199495013105,29.399852061072508,-3.9271750450134277,1558,23,49,1,NOMINAL_OUTSIDE_CERTIFIED_SET,50.92817306518555,OUTBOUND,-31.152545928955078,-0.2807177537715424,
0,37.66868591308594,1.5027605295181274,0.5934443473815918,0.6401709914207458,28.719737053994322,29.387548597051257,-3.927311658859253,1559,23,50,1,NOMINAL_OUTSIDE_CERTIFIED_SET,24.667198181152344,OUTBOUND,-31.78818130493164,-0.3324173101807881,
0,37.77136993408203,1.50321626663208,10.553387641906738,10.474609375,28.73175916701439,29.375220770482827,-3.8915562629699707,1560,23,51,1,INSUFFICIENT_RECOVERY_RESERVE,37.75749206542969,OUTBOUND,-31.914308547973633,-0.34439829005856376,
0,37.23057174682617,1.50367271900177,10.85663890838623,10.79498291015625,28.7422076369985,29.36292765826871,-3.936156988143921,1561,23,52,1,INSUFFICIENT_RECOVERY_RESERVE,10.208563804626465,OUTBOUND,-31.297183990478516,-0.3158830733088474,
0,36.90727615356445,1.5041285753250122,50.87837219238281,50.2213134765625,28.754055296012666,29.350654392810426,-3.904160261154175,1562,23,53,1,NOMINAL_OUTSIDE_CERTIFIED_SET,205.64781188964844,OUTBOUND,-31.220685958862305,-0.325687280174385,
0,37.57745361328125,1.5045865774154663,0.6173641085624695,0.6774340271949768,28.76839052399737,29.338370963723765,-3.964708089828491,1563,23,54,1,NOMINAL_OUTSIDE_CERTIFIED_SET,36.78466033935547,OUTBOUND,-31.727352142333984,-0.36217677780642893,
0,37.03988265991211,1.5050448179244995,30.41705322265625,29.98163604736328,28.779547607002314,29.326079715411286,-3.927333354949951,1564,23,55,1,NO_GENERATOR_SET,78.841064453125,OUTBOUND,-31.297155380249023,-0.37823469293732814,
0,37.062320709228516,1.5055021047592163,10.580635070800781,10.521430969238281,28.791222868021578,29.31378711451242,-3.904998779296875,1565,23,56,1,NO_GENERATOR_SET,40.24471664428711,OUTBOUND,-31.328502655029297,-0.378008870402038,
0,36.646419525146484,1.5059584379196167,10.988396644592285,10.994699478149414,28.805813400016632,29.301500973943842,-3.899787187576294,1566,23,57,1,NOMINAL_OUTSIDE_CERTIFIED_SET,61.74782943725586,OUTBOUND,-30.81401824951172,-0.36524972604506484,
0,37.49428176879883,1.5064159631729126,0.7477286458015442,0.8003461956977844,28.823619772010716,29.289228700208586,-3.942397356033325,1567,23,58,1,NOMINAL_OUTSIDE_CERTIFIED_SET,81.78459930419922,OUTBOUND,-31.452585220336914,-0.34331436353538874,
0,37.77701187133789,1.5068755149841309,0.8296502828598022,0.8680064082145691,28.838148192007793,29.27697632791612,-3.962958812713623,1568,23,59,1,NOMINAL_OUTSIDE_CERTIFIED_SET,77.87999725341797,OUTBOUND,-31.62709617614746,-0.3151420051332271,
1,37.60517120361328,1.5073355436325073,0.8148539662361145,0.8289380073547363,28.849908798001707,29.26475612214527,-3.9332523345947266,1569,23,60,0,,62.584251403808594,OUTBOUND,-31.47848129272461,-0.29503340329859573,
0,37.68821716308594,1.5077950954437256,0.9028174877166748,0.9574449062347412,28.94418558300822,29.252489252784184,-3.916645050048828,1570,23,61,1,NOMINAL_OUTSIDE_CERTIFIED_SET,38.682315826416016,OUTBOUND,-31.484664916992188,-0.27040231055464065,
1,38.465965270996094,1.5082533359527588,21.410350799560547,21.428443908691406,28.958343995996984,29.240271477268518,-3.896296739578247,1571,23,62,0,,128.42898559570312,OUTBOUND,-32.46446990966797,-0.22343709400167752,
0,38.272743225097656,1.5087107419967651,0.4003465175628662,0.4870525896549225,28.97209064499475,29.2280611760291,-3.9051833152770996,1572,23,63,1,NOMINAL_OUTSIDE_CERTIFIED_SET,31.288066864013672,OUTBOUND,-32.2713508605957,-0.1808373316122101,
0,38.2887077331543,1.5091685056686401,0.62766033411026,0.7505303621292114,28.985295359016163,29.215899182616138,-3.9246439933776855,1573,23,64,1,NOMINAL_OUTSIDE_CERTIFIED_SET,43.314971923828125,OUTBOUND,-32.44392395019531,-0.1501808534686937,
1,38.31904602050781,1.509627342224121,0.5223427414894104,0.5758518576622009,28.999300110008335,29.203764765108218,-3.9421780109405518,1574,23,65,0,,34.5703239440918,OUTBOUND,-32.4605712890625,-0.1323471526597409,
0,37.863243103027344,1.5100852251052856,32.07183074951172,31.55493927001953,29.01232621600502,29.191672034157925,-3.902501106262207,1575,23,66,1,NOMINAL_OUTSIDE_CERTIFIED_SET,169.77464294433594,FAILURE,-32.15131759643555,-0.11448503094154933,
1,37.40810012817383,1.5105456113815308,13.83937931060791,13.535748481750488,29.031445233995328,29.987990402380117,-3.970651388168335,1576,24,1,0,,56.75558090209961,OUTBOUND,-31.685049057006836,-0.016342762742019346,
0,37.48701477050781,1.5110058784484863,10.723942756652832,10.611776351928711,29.052552865003236,29.97592699372526,-3.922349452972412,1577,24,2,1,NOMINAL_OUTSIDE_CERTIFIED_SET,12.283003807067871,OUTBOUND,-31.879535675048828,-0.02070618650601504,
0,37.625335693359375,1.5114666223526,0.658550500869751,0.8586599826812744,29.076276041014353,29.963865660545633,-3.9325342178344727,1578,24,3,1,NOMINAL_OUTSIDE_CERTIFIED_SET,71.46620178222656,OUTBOUND,-31.815715789794922,-0.01739444508908919,
1,37.25090408325195,1.511924386024475,9.92496395111084,9.88408374786377,29.095842479000567,29.951791386327212,-3.8630270957946777,1579,24,4,0,,45.94914245605469,OUTBOUND,-31.458513259887695,-0.02370027041166478,
1,37.331363677978516,1.5123815536499023,10.923311233520508,10.918986320495605,29.114975113014225,29.939730928102847,-3.9064459800720215,1580,24,5,0,,41.84073257446289,OUTBOUND,-31.441043853759766,-0.05123654611698762,
0,37.614017486572266,1.5128390789031982,1.275611162185669,1.3679691553115845,29.126931688020704,29.927617457638068,-3.9228334426879883,1581,24,6,1,NOMINAL_OUTSIDE_CERTIFIED_SET,98.48487854003906,OUTBOUND,-31.571142196655273,-0.06185276343932476,
0,37.95648956298828,1.5132991075515747,11.081048011779785,10.954890251159668,29.13995799300028,29.915482017489698,-3.9676003456115723,1582,24,7,1,NOMINAL_OUTSIDE_CERTIFIED_SET,14.117198944091797,OUTBOUND,-31.832592010498047,-0.045669994153466995,
1,37.24956512451172,1.513757348060608,21.691097259521484,21.59575843811035,29.231026413006475,29.903344509668994,-3.884995698928833,1583,24,8,0,,31.7572021484375,OUTBOUND,-31.17742156982422,-0.050122347664036726,
1,37.81085205078125,1.5142135620117188,11.190300941467285,11.129587173461914,29.244231054995907,29.89119633095964,-3.877474546432495,1584,24,9,0,,17.793975830078125,OUTBOUND,-31.86968994140625,-0.08110031126294531,
0,38.66346740722656,1.5146658420562744,10.53173542022705,10.47675609588623,29.256792664993554,29.879045627519126,-3.8337080478668213,1585,24,10,1,NOMINAL_OUTSIDE_CERTIFIED_SET,28.764406204223633,OUTBOUND,-32.87608337402344,-0.08561476707906188,
1,38.14906311035156,1.5151197910308838,20.237018585205078,20.038789749145508,29.271074962016428,29.866902207982193,-3.9387385845184326,1586,24,11,0,,55.1211051940918,OUTBOUND,-32.320552825927734,-0.09279885368719049,
1,38.00788497924805,1.5155736207962036,0.7208649516105652,0.7507268190383911,29.286521467001876,29.85475749007002,-3.9060451984405518,1587,24,12,0,,44.68548583984375,OUTBOUND,-32.13972091674805,-0.12848919967911215,
0,38.02836227416992,1.5160295963287354,10.960127830505371,10.891508102416992,29.29968880402157,29.84254875035022,-3.9525227546691895,1588,24,13,1,NOMINAL_OUTSIDE_CERTIFIED_SET,9.87049388885498,OUTBOUND,-32.11264419555664,-0.11812359274977094,
0,38.362213134765625,1.516486406326294,11.128283500671387,10.998876571655273,29.31190447701374,29.83034124932833,-3.9262728691101074,1589,24,14,1,NOMINAL_OUTSIDE_CERTIFIED_SET,19.82729148864746,OUTBOUND,-32.50297927856445,-0.07717260014231404,
0,37.8481330871582,1.5169429779052734,32.2398567199707,31.702360153198242,29.323684500006493,29.81812628091124,-3.909249782562256,1590,24,15,1,NOMINAL_OUTSIDE_CERTIFIED_SET,95.80998992919922,OUTBOUND,-32.11094665527344,-0.04911668235903842,
1,37.64540481567383,1.5173994302749634,11.124139785766602,11.071891784667969,29.33725561600295,29.80591981067823,-3.9096055030822754,1591,24,16,0,,28.366859436035156,OUTBOUND,-31.87421417236328,-0.05610705366835808,
0,38.12285232543945,1.5178598165512085,0.8212217092514038,1.0364453792572021,29.350672383006895,29.79366865321789,-3.9939260482788086,1592,24,17,1,NOMINAL_OUTSIDE_CERTIFIED_SET,91.41726684570312,OUTBOUND,-32.14622497558594,-0.06406017437974253,
0,37.63943099975586,1.5183242559432983,21.838346481323242,21.70015525817871,29.36451320600463,29.78139690091324,-3.9999136924743652,1593,24,18,1,NOMINAL_OUTSIDE_CERTIFIED_SET,10.481407165527344,OUTBOUND,-31.69316291809082,-0.051504422572607796,
0,38.32048034667969,1.518790602684021,0.9037047624588013,0.9509177803993225,29.45960041601211,29.76909719170903,-3.9671595096588135,1594,24,19,1,INSUFFICIENT_RECOVERY_RESERVE,82.48152160644531,OUTBOUND,-32.26778793334961,-0.051203538006191145,
0,38.33986282348633,1.5192556381225586,21.423568725585938,21.188209533691406,29.472475537011633,29.75680879697737,-3.904003620147705,1595,24,20,1,NOMINAL_OUTSIDE_CERTIFIED_SET,26.613719940185547,OUTBOUND,-32.32072448730469,-0.0551372459995147,
0,38.188236236572266,1.5197207927703857,14.042734146118164,13.854508399963379,29.48379401600687,29.744492921663525,-3.9300122261047363,1596,24,21,1,INSUFFICIENT_RECOVERY_RESERVE,20.479997634887695,OUTBOUND,-32.2192497253418,-0.06009953843830446,
1,38.11211395263672,1.5201871395111084,11.555222511291504,11.488981246948242,29.496003314998234,29.73222068681313,-3.95398211479187,1597,24,22,0,,17.37159538269043,OUTBOUND,-32.134437561035156,-0.0622007588620027,
0,38.3049201965332,1.5206544399261475,11.121214866638184,11.015436172485352,29.508922702021664,29.7199172011703,-3.9520211219787598,1598,24,23,1,NOMINAL_OUTSIDE_CERTIFIED_SET,7.863852024078369,OUTBOUND,-32.38856506347656,-0.07035372258012296,
0,37.974205017089844,1.521121859550476,11.550747871398926,11.519131660461426,29.520524399005808,29.707592652906154,-3.931912660598755,1599,24,24,1,INSUFFICIENT_RECOVERY_RESERVE,13.991025924682617,OUTBOUND,-31.938823699951172,-0.08042483596173079,
0,38.543277740478516,1.521588683128357,21.514387130737305,21.28239631652832,29.54062286100816,29.695284472694514,-3.9207799434661865,1600,24,25,1,NOMINAL_OUTSIDE_CERTIFIED_SET,53.094688415527344,OUTBOUND,-32.65948486328125,-0.09288785674846088,
0,38.35810852050781,1.5220558643341064,11.367624282836914,11.280393600463867,29.551572861004388,29.68295503167596,-3.937833309173584,1601,24,26,1,INSUFFICIENT_RECOVERY_RESERVE,3.71586275100708,OUTBOUND,-32.412593841552734,-0.1054135109380446,
0,38.29044723510742,1.5225234031677246,21.77634048461914,21.485355377197266,29.56316627599881,29.67064370169523,-3.938230037689209,1602,24,27,1,NOMINAL_OUTSIDE_CERTIFIED_SET,38.248138427734375,OUTBOUND,-32.37484359741211,-0.11967241157359729,
0,37.53557586669922,1.5229889154434204,11.856363296508789,11.869110107421875,29.573204852000345,29.658310644838046,-3.891730308532715,1603,24,28,1,INSUFFICIENT_RECOVERY_RESERVE,60.9676399230957,OUTBOUND,-31.565269470214844,-0.13375928840855447,
0,37.89892578125,1.5234522819519043,32.218223571777344,31.72972297668457,29.584066745010205,29.646012769077846,-3.883300542831421,1604,24,29,1,INSUFFICIENT_RECOVERY_RESERVE,63.296302795410156,OUTBOUND,-32.092777252197266,-0.13003821227396983,
1,38.66795349121094,1.5239181518554688,0.9949005842208862,1.1539231538772583,29.59561351800221,29.63375827700055,-3.972115993499756,1605,24,30,0,,70.24237060546875,OUTBOUND,-32.682167053222656,-0.12826697192981446,
1,37.7247428894043,1.5243821144104004,4.110482692718506,4.154507637023926,29.607709466014057,29.621508451643876,-3.891690254211426,1606,24,31,0,,77.89299011230469,OUTBOUND,-31.71535301208496,-0.12496126450765513,
0,38.65336990356445,1.5248452425003052,0.7733352780342102,0.821912944316864,29.62035787900095,29.60922974733374,-3.904909610748291,1607,24,32,1,NOMINAL_OUTSIDE_CERTIFIED_SET,75.71318817138672,OUTBOUND,-32.52333450317383,-0.14071473429977438,
0,38.5159912109375,1.5253081321716309,11.486151695251465,11.413125038146973,29.633206927013816,29.596918770217812,-3.9149744510650635,1608,24,33,1,NOMINAL_OUTSIDE_CERTIFIED_SET,5.294328689575195,OUTBOUND,-32.410400390625,-0.18196415305408464,
0,38.879058837890625,1.5257705450057983,10.849479675292969,10.764791488647461,29.64460911700735,29.584587132531677,-3.913449287414551,1609,24,34,1,INSUFFICIENT_RECOVERY_RESERVE,20.581035614013672,OUTBOUND,-32.79633712768555,-0.19851047990358114,
0,38.80707550048828,1.5262327194213867,0.8021951913833618,0.8760614395141602,29.655702717020176,29.572290545834544,-3.9132368564605713,1610,24,35,1,INSUFFICIENT_RECOVERY_RESERVE,10.848666191101074,OUTBOUND,-32.74009704589844,-0.18751010502736784,
0,39.30292892456055,1.5266960859298706,11.328325271606445,11.325407028198242,29.743103793996852,29.560006237268897,-3.9433541297912598,1611,24,36,1,NOMINAL_OUTSIDE_CERTIFIED_SET,72.69330596923828,OUTBOUND,-33.2628173828125,-0.2032916087442721,
0,39.087493896484375,1.5271590948104858,11.501843452453613,11.46786880493164,29.75384790400858,29.547704021540735,-3.9122509956359863,1612,24,37,1,INSUFFICIENT_RECOVERY_RESERVE,70.62339782714844,OUTBOUND,-33.29856872558594,-0.218402752508519,
0,38.79307556152344,1.5276222229003906,11.78346061706543,11.784587860107422,29.766079463006463,29.53541587638391,-3.923689126968384,1613,24,38,1,NOMINAL_OUTSIDE_CERTIFIED_SET,54.79234313964844,OUTBOUND,-32.99100112915039,-0.23325747445643386,
0,38.99486541748047,1.5280858278274536,22.234691619873047,21.89492416381836,29.777939948020503,29.52310815070082,-3.929182529449463,1614,24,39,1,INSUFFICIENT_RECOVERY_RESERVE,93.5763168334961,OUTBOUND,-33.2418212890625,-0.24748942932983609,
1,38.72391891479492,1.5285476446151733,11.302407264709473,11.19466495513916,29.792434232018422,29.51082876995348,-3.883695125579834,1615,24,40,0,,10.62231159210205,OUTBOUND,-33.10774612426758,-0.25659184110194866,
1,38.50770568847656,1.5290085077285767,1.0370399951934814,1.2810819149017334,29.807668565015774,29.498541102287568,-3.898406744003296,1616,24,41,0,,101.8617935180664,OUTBOUND,-32.6154670715332,-0.25103068239276094,
1,38.7271728515625,1.5294688940048218,1.3164012432098389,1.645391821861267,29.8248893940181,29.486300161625984,-3.902495861053467,1617,24,42,0,,103.73641967773438,OUTBOUND,-32.73210525512695,-0.23207647520682312,
0,38.54998779296875,1.5299278497695923,11.317647933959961,11.339329719543457,29.838425121997716,29.474057262354982,-3.8868510723114014,1618,24,43,1,NOMINAL_OUTSIDE_CERTIFIED_SET,67.84657287597656,OUTBOUND,-32.416385650634766,-0.24964216519924712,
0,38.320091247558594,1.5303877592086792,22.504898071289062,22.29727554321289,29.85264915501466,29.461786889955285,-3.9275336265563965,1619,24,44,1,NOMINAL_OUTSIDE_CERTIFIED_SET,9.070635795593262,OUTBOUND,-32.24941635131836,-0.278890458370421,
0,38.92283248901367,1.5308475494384766,11.45069694519043,11.396514892578125,29.86882523301756,29.449487541485595,-3.9083635807037354,1620,24,45,1,NOMINAL_OUTSIDE_CERTIFIED_SET,19.424762725830078,OUTBOUND,-32.747047424316406,-0.3127194912670539,
0,39.037437438964844,1.531305193901062,11.706517219543457,11.58346939086914,29.881872527999803,29.437169798113448,-3.8686087131500244,1621,24,46,1,INSUFFICIENT_RECOVERY_RESERVE,18.588476181030273,OUTBOUND,-32.934810638427734,-0.3182394579181732,
0,38.92623519897461,1.5317647457122803,11.765816688537598,11.68116283416748,29.892278230021475,29.424885705342348,-3.9460082054138184,1622,24,47,1,INSUFFICIENT_RECOVERY_RESERVE,11.19091796875,OUTBOUND,-32.7950553894043,-0.2929119113968848,
0,38.94147491455078,1.5322225093841553,11.867941856384277,11.825465202331543,29.904202511010226,29.41261241488227,-3.874030590057373,1623,24,48,1,NOMINAL_OUTSIDE_CERTIFIED_SET,15.150382041931152,OUTBOUND,-32.982337951660156,-0.29989590149664985,
0,38.81148147583008,1.5326778888702393,22.72972297668457,22.56771469116211,30.006736773997545,29.400322118654003,-3.8576672077178955,1624,24,49,1,INSUFFICIENT_RECOVERY_RESERVE,68.06961059570312,OUTBOUND,-32.87275314331055,-0.3069473086338989,
0,39.66398620605469,1.533130407333374,0.666697084903717,0.7309053540229797,30.019671898015076,29.38804460664113,-3.8428120613098145,1625,24,50,1,NOMINAL_OUTSIDE_CERTIFIED_SET,10.003901481628418,OUTBOUND,-33.71780776977539,-0.3150293721697943,
0,38.6665153503418,1.5335842370986938,22.28921127319336,22.036392211914062,30.030034110997804,29.375743948921535,-3.921269416809082,1626,24,51,1,INSUFFICIENT_RECOVERY_RESERVE,59.656768798828125,OUTBOUND,-32.74624252319336,-0.3230226335487771,
0,39.116859436035156,1.5340373516082764,11.578910827636719,11.436236381530762,30.043220249994192,29.36345833743891,-3.8827645778656006,1627,24,52,1,NOMINAL_OUTSIDE_CERTIFIED_SET,22.335113525390625,OUTBOUND,-33.32258605957031,-0.33186219370626197,
0,39.438621520996094,1.5344929695129395,0.7013969421386719,0.8344438672065735,30.055552200006787,29.351146770086363,-3.945786476135254,1628,24,53,1,INSUFFICIENT_RECOVERY_RESERVE,37.29332733154297,OUTBOUND,-33.441253662109375,-0.3404867830964515,
0,38.523033142089844,1.5349500179290771,11.749902725219727,11.737643241882324,30.068302289000712,29.338852440484608,-3.930586099624634,1629,24,54,1,NOMINAL_OUTSIDE_CERTIFIED_SET,21.742633819580078,OUTBOUND,-32.57902908325195,-0.3497709864281034,
0,38.86112594604492,1.5354065895080566,11.428184509277344,11.366484642028809,30.07931755000027,29.326531655381334,-3.8919432163238525,1630,24,55,1,INSUFFICIENT_RECOVERY_RESERVE,24.242429733276367,OUTBOUND,-32.84821319580078,-0.3587445082195695,
0,39.2164306640625,1.5358645915985107,3.946463108062744,3.948629379272461,30.0931664390082,29.31425171909295,-3.9320549964904785,1631,24,56,1,NOMINAL_OUTSIDE_CERTIFIED_SET,52.28893280029297,OUTBOUND,-33.105831146240234,-0.35824267577260427,
0,38.87002182006836,1.5363246202468872,25.613805770874023,25.28131866455078,30.10530158202164,29.301960191035782,-3.9426331520080566,1632,24,57,1,NO_GENERATOR_SET,67.53485870361328,OUTBOUND,-32.843833923339844,-0.37935848670140565,
0,39.943077087402344,1.5367860794067383,11.359345436096191,11.221447944641113,30.117621931014583,29.289662611498173,-3.938154697418213,1633,24,58,1,NO_GENERATOR_SET,29.783185958862305,OUTBOUND,-33.9837646484375,-0.38321875462517335,
0,39.44865036010742,1.5372486114501953,10.228692054748535,10.020030975341797,30.129211721010506,29.27736698202247,-3.929914951324463,1634,24,59,1,NO_GENERATOR_SET,16.584932327270508,OUTBOUND,-33.459251403808594,-0.3735885549800989,
0,38.88688278198242,1.5377109050750732,1.3724945783615112,1.3687483072280884,30.14272715599509,29.26508152015161,-3.910627603530884,1635,24,60,1,NOMINAL_OUTSIDE_CERTIFIED_SET,88.35133361816406,OUTBOUND,-32.76325988769531,-0.35386689464334026,
0,39.36176300048828,1.538170337677002,1.0307854413986206,0.948584258556366,30.230343489005463,29.25281333960995,-3.854405641555786,1636,24,61,1,NOMINAL_OUTSIDE_CERTIFIED_SET,81.48867797851562,OUTBOUND,-33.1860466003418,-0.3270710822396215,
0,39.52607727050781,1.5386310815811157,0.8996026515960693,0.8932067155838013,30.24216759201954,29.24056781257689,-3.930290460586548,1637,24,62,1,NOMINAL_OUTSIDE_CERTIFIED_SET,46.776214599609375,OUTBOUND,-33.348121643066406,-0.29580927882572616,
1,40.01442337036133,1.539093017578125,23.010814666748047,22.86534881591797,30.25510544399731,29.228338112690807,-3.9332313537597656,1638,24,63,0,,101.70887756347656,OUTBOUND,-33.98481369018555,-0.27798125975335336,
0,39.6711311340332,1.5395550727844238,11.842888832092285,11.734296798706055,30.268257212010212,29.216128812158466,-3.9110286235809326,1639,24,64,1,NOMINAL_OUTSIDE_CERTIFIED_SET,34.48732376098633,OUTBOUND,-33.634334564208984,-0.25472815903368673,
0,39.94344711303711,1.5400201082229614,0.8610849976539612,0.911645233631134,30.281126773013966,29.20395401937828,-3.970850706100464,1640,24,65,1,NOMINAL_OUTSIDE_CERTIFIED_SET,5.46157169342041,OUTBOUND,-33.92527770996094,-0.21282446494989818,
0,39.52471160888672,1.5404878854751587,12.300941467285156,12.248065948486328,30.29386872900068,29.191811351175147,-3.9711267948150635,1641,24,66,1,NOMINAL_OUTSIDE_CERTIFIED_SET,23.084922790527344,OUTBOUND,-33.437339782714844,-0.17447305076236352,
1,39.50667190551758,1.5409561395645142,0.8396663665771484,0.9848865270614624,30.30550849600695,29.17968120231325,-3.931898355484009,1642,24,67,0,,27.91159439086914,OUTBOUND,-33.50902557373047,-0.1504721359982206,
0,40.358070373535156,1.541426181793213,0.5467237830162048,0.6054201126098633,30.317560707015218,29.167573544358998,-3.9570837020874023,1643,24,68,1,NOMINAL_OUTSIDE_CERTIFIED_SET,12.371512413024902,OUTBOUND,-34.31919860839844,-0.12749164985339426,
0,40.2973518371582,1.5418936014175415,0.6826348304748535,0.7187386155128479,30.330425070016645,29.155493989135604,-3.8717799186706543,1644,24,69,1,NOMINAL_OUTSIDE_CERTIFIED_SET,12.792791366577148,FAILURE,-34.22719192504883,-0.0959022800321238,
0,39.966529846191406,1.5423600673675537,33.154666900634766,32.55606460571289,30.346234942000592,29.9879676,-3.9012467861175537,1645,25,1,1,NOMINAL_OUTSIDE_CERTIFIED_SET,147.14271545410156,OUTBOUND,-34.0203857421875,-0.010144776818907505,
0,39.70667266845703,1.5428296327590942,23.28814125061035,22.960060119628906,30.359908542013727,29.9758992,-3.978635311126709,1646,25,2,1,NOMINAL_OUTSIDE_CERTIFIED_SET,90.52049255371094,OUTBOUND,-33.90070343017578,-0.010487473575987347,
0,38.64408493041992,1.5432989597320557,12.48352336883545,12.505908966064453,30.372060308000073,29.963794800000002,-3.92020845413208,1647,25,3,1,NOMINAL_OUTSIDE_CERTIFIED_SET,29.982803344726562,OUTBOUND,-32.777870178222656,-0.011710406835350273,
0,39.5904541015625,1.5437707901000977,0.9278806447982788,0.9893398284912109,30.388537449005526,29.951654400000002,-3.9705698490142822,1648,25,4,1,NOMINAL_OUTSIDE_CERTIFIED_SET,77.2088851928711,OUTBOUND,-33.5987434387207,-0.014399984101813035,
1,39.238800048828125,1.5442430973052979,14.82667064666748,14.629014015197754,30.407909104018472,29.93950190664289,-3.9376378059387207,1649,25,5,0,,9.111723899841309,OUTBOUND,-33.29604721069336,-0.027491408710218986,
0,39.913875579833984,1.5447161197662354,1.0838871002197266,1.0566188097000122,30.42162853901391,29.927324914897458,-3.943159580230713,1650,25,6,1,NOMINAL_OUTSIDE_CERTIFIED_SET,87.048583984375,OUTBOUND,-33.809844970703125,-0.038244733109763965,
0,39.616729736328125,1.5451909303665161,21.744464874267578,21.451438903808594,30.434348365000915,29.915116473663772,-3.9639692306518555,1651,25,7,1,NOMINAL_OUTSIDE_CERTIFIED_SET,12.093040466308594,OUTBOUND,-33.51177978515625,-0.04005044932162537,
0,39.73686218261719,1.545663595199585,11.74800968170166,11.622705459594727,30.521767132013338,29.902875768974305,-3.8901443481445312,1652,25,8,1,NOMINAL_OUTSIDE_CERTIFIED_SET,11.561820030212402,OUTBOUND,-33.67485427856445,-0.045823527444636664,
0,39.38753890991211,1.5461369752883911,26.412757873535156,26.09199333190918,30.538626107998425,29.890602065913573,-3.9431357383728027,1653,25,9,1,NOMINAL_OUTSIDE_CERTIFIED_SET,50.068275451660156,OUTBOUND,-33.47985076904297,-0.05602383075071163,
0,39.380897521972656,1.5466102361679077,12.149712562561035,12.065704345703125,30.548974250006722,29.878308478796765,-3.9285950660705566,1654,25,10,1,INSUFFICIENT_RECOVERY_RESERVE,39.2259407043457,OUTBOUND,-33.284400939941406,-0.06502411645393291,
0,38.70494842529297,1.5470821857452393,34.555355072021484,34.12202453613281,30.564594199007843,29.866028618015505,-3.8994743824005127,1655,25,11,1,NOMINAL_OUTSIDE_CERTIFIED_SET,51.86227798461914,OUTBOUND,-32.74816131591797,-0.07483246967835894,
0,39.5,1.5475550889968872,23.06916618347168,22.811269760131836,30.578682456020033,29.853726352996933,-3.947639226913452,1656,25,12,1,INSUFFICIENT_RECOVERY_RESERVE,26.215532302856445,OUTBOUND,-33.55791473388672,-0.08507895601679738,
0,39.878841400146484,1.548028826713562,22.750200271606445,22.430843353271484,30.591219088993967,29.841439785265422,-3.9421937465667725,1657,25,13,1,NOMINAL_OUTSIDE_CERTIFIED_SET,18.94581413269043,OUTBOUND,-33.89402389526367,-0.09602296807407605,
0,40.06390380859375,1.5485048294067383,1.0025248527526855,1.1418625116348267,30.60166107301484,29.829127346410413,-3.974729299545288,1658,25,14,1,INSUFFICIENT_RECOVERY_RESERVE,86.15648651123047,OUTBOUND,-33.93027877807617,-0.10726829429628533,
0,39.512733459472656,1.5489813089370728,12.188825607299805,12.11121940612793,30.61122623999836,29.81684804123674,-3.9420886039733887,1659,25,15,1,INSUFFICIENT_RECOVERY_RESERVE,57.05801010131836,OUTBOUND,-33.37321472167969,-0.10681058034505368,
0,40.49931716918945,1.5494564771652222,11.916768074035645,11.81253719329834,30.623233549005818,29.804579563152746,-3.908057689666748,1660,25,16,1,NOMINAL_OUTSIDE_CERTIFIED_SET,16.88303565979004,OUTBOUND,-34.43629837036133,-0.1172385081034876,
0,40.073368072509766,1.5499330759048462,1.1037776470184326,1.1908471584320068,30.63400622899644,29.792288290280602,-3.9599244594573975,1661,25,17,1,INSUFFICIENT_RECOVERY_RESERVE,73.93538665771484,OUTBOUND,-33.7584228515625,-0.12790052942265406,
0,40.62567901611328,1.5504070520401,12.242018699645996,12.1619234085083,30.646035903017037,29.78001023420442,-3.879425048828125,1662,25,18,1,NOMINAL_OUTSIDE_CERTIFIED_SET,18.950071334838867,OUTBOUND,-34.38904571533203,-0.1391354068436402,
0,40.6430549621582,1.5508809089660645,11.952917098999023,11.884857177734375,30.65610489001847,29.767708471674563,-3.929539203643799,1663,25,19,1,INSUFFICIENT_RECOVERY_RESERVE,29.41088104248047,OUTBOUND,-34.560794830322266,-0.15049313727907068,
0,40.56582260131836,1.5513538122177124,11.684664726257324,11.600686073303223,30.669206696009496,29.755422083492892,-3.9062869548797607,1664,25,20,1,NOMINAL_OUTSIDE_CERTIFIED_SET,39.66423416137695,OUTBOUND,-34.528167724609375,-0.16230098575113863,
0,40.54523468017578,1.5518256425857544,0.7249847054481506,0.768476128578186,30.777144549007062,29.74311109907222,-3.904949188232422,1665,25,21,1,INSUFFICIENT_RECOVERY_RESERVE,16.45061492919922,OUTBOUND,-34.566226959228516,-0.1741318624006638,
0,40.567527770996094,1.5522946119308472,0.6254185438156128,0.6481274366378784,30.799059072014643,29.730817437794013,-3.864835739135742,1666,25,22,1,NOMINAL_OUTSIDE_CERTIFIED_SET,7.186426162719727,OUTBOUND,-34.61820602416992,-0.18629606810281374,
0,40.83529281616211,1.552762746810913,12.394432067871094,12.273975372314453,30.816720467002597,29.718498314796886,-3.9005086421966553,1667,25,23,1,INSUFFICIENT_RECOVERY_RESERVE,63.09199523925781,OUTBOUND,-34.81656265258789,-0.19839582718347493,
0,40.77071762084961,1.553230881690979,0.6844967007637024,0.7385911345481873,30.830652497010306,29.706213061354177,-3.917069435119629,1668,25,24,1,INSUFFICIENT_RECOVERY_RESERVE,10.150101661682129,OUTBOUND,-34.73780059814453,-0.18792981964340702,
0,40.77857971191406,1.5536973476409912,0.5362619757652283,0.5826948285102844,30.84336201901897,29.693939787004506,-3.879406690597534,1669,25,25,1,NOMINAL_OUTSIDE_CERTIFIED_SET,16.074121475219727,OUTBOUND,-34.84367752075195,-0.1994557640105261,
0,40.64705276489258,1.554163932800293,0.6227635145187378,0.695778489112854,30.854095915012294,29.681644052263476,-3.9129490852355957,1670,25,26,1,INSUFFICIENT_RECOVERY_RESERVE,22.994537353515625,OUTBOUND,-34.534446716308594,-0.21086963400961267,
1,40.33430480957031,1.5546278953552246,12.425383567810059,12.308432579040527,30.868681468011346,29.669389411652272,-3.8618173599243164,1671,25,27,0,,25.38302230834961,OUTBOUND,-34.2833137512207,-0.19505026554513064,
0,40.901580810546875,1.555093765258789,12.382919311523438,12.241645812988281,30.88118961500004,29.65709169026754,-3.942142963409424,1672,25,28,1,NOMINAL_OUTSIDE_CERTIFIED_SET,38.14551544189453,OUTBOUND,-34.88863754272461,-0.208359170572044,
0,41.058067321777344,1.5555564165115356,0.4884689748287201,0.5291451811790466,30.89102405201993,29.64477713812633,-3.8446450233459473,1673,25,29,1,INSUFFICIENT_RECOVERY_RESERVE,20.947805404663086,OUTBOUND,-35.1562385559082,-0.22422933325730396,
0,39.928497314453125,1.5560194253921509,12.779425621032715,12.707724571228027,30.906532850000076,29.632479015716477,-3.9098424911499023,1674,25,30,1,NOMINAL_OUTSIDE_CERTIFIED_SET,24.072233200073242,OUTBOUND,-33.857452392578125,-0.23964775931901022,
0,40.9968376159668,1.5564831495285034,0.6892011165618896,0.7282799482345581,30.917322163004428,29.62016185681626,-3.9177262783050537,1675,25,31,1,INSUFFICIENT_RECOVERY_RESERVE,10.439387321472168,OUTBOUND,-34.970802307128906,-0.2543881762273021,
0,40.88093566894531,1.5569462776184082,12.419007301330566,12.290778160095215,30.92690592899453,29.607878285505343,-3.891216993331909,1676,25,32,1,INSUFFICIENT_RECOVERY_RESERVE,13.32180404663086,OUTBOUND,-34.82606506347656,-0.23677983004408515,
0,39.78145980834961,1.5574102401733398,46.464515686035156,46.00031280517578,31.032759166002506,29.595605604104502,-3.9196646213531494,1677,25,33,1,NOMINAL_OUTSIDE_CERTIFIED_SET,143.93240356445312,OUTBOUND,-33.870121002197266,-0.2508197944700589,
0,40.184967041015625,1.557876706123352,35.54986572265625,35.21699905395508,31.04485151299741,29.583315468818366,-3.9523935317993164,1678,25,34,1,INSUFFICIENT_RECOVERY_RESERVE,94.11737060546875,OUTBOUND,-34.404747009277344,-0.26423814649957017,
0,40.73201370239258,1.5583432912826538,0.9483852386474609,0.9965389370918274,31.05825198601815,29.571038164781758,-3.912907361984253,1679,25,35,1,NOMINAL_OUTSIDE_CERTIFIED_SET,97.78323364257812,OUTBOUND,-34.85318374633789,-0.27724579766858354,
0,40.714351654052734,1.5588124990463257,1.2519127130508423,1.2903765439987183,31.068242022010963,29.558739188890215,-3.95983624458313,1680,25,36,1,INSUFFICIENT_RECOVERY_RESERVE,125.95365142822266,OUTBOUND,-34.56120300292969,-0.28970168752288905,
0,40.570491790771484,1.5592836141586304,12.571467399597168,12.46060562133789,31.08159220201196,29.54645510575854,-3.9505746364593506,1681,25,37,1,NOMINAL_OUTSIDE_CERTIFIED_SET,66.56053161621094,OUTBOUND,-34.3841552734375,-0.3017746978664235,
0,40.04513931274414,1.5597560405731201,4.766400337219238,4.7675700187683105,31.091828360018553,29.534144675702922,-3.9434828758239746,1682,25,38,1,INSUFFICIENT_RECOVERY_RESERVE,92.42546844482422,OUTBOUND,-33.7448616027832,-0.3133544886661438,
0,41.26089096069336,1.560225248336792,11.945886611938477,11.762195587158203,31.1040002630034,29.521851357798404,-3.854761838912964,1683,25,39,1,NOMINAL_OUTSIDE_CERTIFIED_SET,20.523080825805664,OUTBOUND,-35.06719970703125,-0.3245945155291406,
0,41.282005310058594,1.5606932640075684,0.8048533797264099,0.8132268190383911,31.11467538800207,29.50953131422614,-3.8906021118164062,1684,25,40,1,INSUFFICIENT_RECOVERY_RESERVE,51.47415542602539,OUTBOUND,-34.88302230834961,-0.33538862385385776,
0,41.52406311035156,1.5611612796783447,0.6927359104156494,0.7550985813140869,31.12416747401585,29.497245221044878,-3.9095189571380615,1685,25,41,1,INSUFFICIENT_RECOVERY_RESERVE,6.928234577178955,OUTBOUND,-35.16089630126953,-0.30825110954327933,
0,41.122283935546875,1.5616300106048584,12.690790176391602,12.648488998413086,31.135873373015784,29.48497108794171,-3.9250845909118652,1686,25,42,1,NOMINAL_OUTSIDE_CERTIFIED_SET,56.961238861083984,OUTBOUND,-34.86030578613281,-0.31924972664617407,
0,40.843772888183594,1.5621007680892944,12.886492729187012,12.838788986206055,31.146525487012696,29.472673641874568,-3.9491114616394043,1687,25,43,1,INSUFFICIENT_RECOVERY_RESERVE,67.7824935913086,OUTBOUND,-34.635040283203125,-0.3297695327022822,
0,41.165225982666016,1.5625770092010498,0.9338769316673279,1.0435214042663574,31.159238869993715,29.460390456135976,-4.024356365203857,1688,25,44,1,NOMINAL_OUTSIDE_CERTIFIED_SET,34.29640579223633,OUTBOUND,-35.09666061401367,-0.3401660863586192,
0,41.34321212768555,1.5630524158477783,12.87870979309082,12.731171607971191,31.17396595000173,29.448083184276957,-3.9077298641204834,1689,25,45,1,INSUFFICIENT_RECOVERY_RESERVE,101.29122161865234,OUTBOUND,-35.35625457763672,-0.35011540948183645,
0,41.586517333984375,1.5635253190994263,25.0389404296875,24.594310760498047,31.18618210099521,29.435792233704124,-3.873701810836792,1690,25,46,1,NOMINAL_OUTSIDE_CERTIFIED_SET,145.55709838867188,OUTBOUND,-35.910614013671875,-0.35996857038344726,
0,40.96625518798828,1.5639985799789429,0.6283522248268127,0.7078551054000854,31.196578657021746,29.423476407173844,-3.9248292446136475,1691,25,47,1,INSUFFICIENT_RECOVERY_RESERVE,19.047941207885742,OUTBOUND,-35.155269622802734,-0.3693984271603435,
1,40.8008918762207,1.564473032951355,35.5842399597168,34.907535552978516,31.209325311006978,29.41118574601118,-3.9446024894714355,1692,25,48,0,,116.27665710449219,OUTBOUND,-34.9699592590332,-0.32564137384744907,
0,39.84701156616211,1.5649492740631104,24.58596420288086,24.355195999145508,31.222961646009935,29.398929208502455,-3.9526705741882324,1693,25,49,1,NOMINAL_OUTSIDE_CERTIFIED_SET,24.337770462036133,OUTBOUND,-33.964134216308594,-0.3133493281065062,
0,40.587615966796875,1.5654257535934448,1.3816889524459839,1.6310694217681885,31.320131130021764,29.38666871163374,-3.9299511909484863,1694,25,50,1,NOMINAL_OUTSIDE_CERTIFIED_SET,138.78688049316406,OUTBOUND,-34.639732360839844,-0.3345498006289778,
1,40.413909912109375,1.565903663635254,13.436280250549316,13.455480575561523,31.332178467011545,29.37440968441727,-3.9540045261383057,1695,25,51,0,,109.04637908935547,OUTBOUND,-34.247867584228516,-0.34770945519238544,
0,40.878746032714844,1.5663801431655884,1.7722445726394653,1.799023151397705,31.34519170501153,29.362148404161854,-3.8964006900787354,1696,25,52,1,NOMINAL_OUTSIDE_CERTIFIED_SET,159.36654663085938,OUTBOUND,-34.669090270996094,-0.34586740062392235,
0,41.68782424926758,1.5668561458587646,1.220447301864624,1.0465513467788696,31.35846398799913,29.349899481476058,-3.9159605503082275,1697,25,53,1,NOMINAL_OUTSIDE_CERTIFIED_SET,111.20866394042969,OUTBOUND,-35.28321075439453,-0.32437536929793326,
0,41.54246520996094,1.5673341751098633,4.31682825088501,4.089613437652588,31.37173631999758,29.337668579998596,-3.9602508544921875,1698,25,54,1,NOMINAL_OUTSIDE_CERTIFIED_SET,62.0711555480957,OUTBOUND,-35.07651138305664,-0.29718821883845514,
0,42.04545211791992,1.5678128004074097,0.7989891767501831,0.7037435173988342,31.385148171015317,29.325459647506296,-3.9388980865478516,1699,25,55,1,NOMINAL_OUTSIDE_CERTIFIED_SET,60.37484359741211,OUTBOUND,-35.52812576293945,-0.26666475587764227,
1,42.048118591308594,1.5682886838912964,13.035822868347168,13.05058479309082,31.400961438019294,29.31327173116034,-3.8736510276794434,1700,25,56,0,,46.46113204956055,OUTBOUND,-35.656272888183594,-0.2602989787737421,
1,42.37683868408203,1.56876540184021,0.6410737037658691,0.7606827020645142,31.41383180799312,29.30107299263687,-3.9372270107269287,1701,25,57,0,,41.84449005126953,OUTBOUND,-36.012779235839844,-0.2812139501492421,
1,41.91088104248047,1.5692403316497803,1.4354150295257568,1.5570684671401978,31.427710894000484,29.288864745179662,-3.8872690200805664,1702,25,58,0,,61.91795349121094,OUTBOUND,-35.71604537963867,-0.2860470948827923,
0,42.275882720947266,1.5697144269943237,13.704374313354492,13.533307075500488,31.442134878016077,29.27662427370693,-3.904294013977051,1703,25,59,1,NOMINAL_OUTSIDE_CERTIFIED_SET,126.16439056396484,OUTBOUND,-36.207008361816406,-0.2448059855041106,
0,41.45000457763672,1.5701887607574463,0.9835590720176697,1.065132737159729,31.45714420999866,29.26444808161741,-3.9208016395568848,1704,25,60,1,NOMINAL_OUTSIDE_CERTIFIED_SET,29.13845443725586,OUTBOUND,-35.33624267578125,-0.18088173183878375,
0,41.38008117675781,1.5706617832183838,0.9784641265869141,1.060608148574829,31.468685380998068,29.25232522368245,-3.8912906646728516,1705,25,61,1,NOMINAL_OUTSIDE_CERTIFIED_SET,22.77997589111328,OUTBOUND,-35.39324188232422,-0.12744208446007885,
0,41.42386245727539,1.5711368322372437,16.581743240356445,16.086233139038086,31.48092694900697,29.24024561658219,-3.9530749320983887,1706,25,62,1,NOMINAL_OUTSIDE_CERTIFIED_SET,90.82623291015625,FAILURE,-35.472190856933594,-0.08369929935105881,
0,41.89641189575195,1.57161283493042,12.615198135375977,12.358835220336914,31.574084546999075,29.9879676,-3.9372262954711914,1707,26,1,1,NOMINAL_OUTSIDE_CERTIFIED_SET,37.47461700439453,OUTBOUND,-35.95911407470703,-0.010144776818907505,
0,41.56926727294922,1.5720900297164917,25.128509521484375,24.684097290039062,31.587623817002168,29.9758992,-3.9444165229797363,1708,26,2,1,NOMINAL_OUTSIDE_CERTIFIED_SET,70.8418197631836,OUTBOUND,-35.76799774169922,-0.010487473575987347,
0,41.27406692504883,1.5725654363632202,13.198113441467285,13.145051956176758,31.600365017016884,29.963794800000002,-3.8848981857299805,1709,26,3,1,NOMINAL_OUTSIDE_CERTIFIED_SET,38.180721282958984,OUTBOUND,-35.39688491821289,-0.011710406835350273,
0,41.11051940917969,1.573041319847107,16.28144073486328,16.073936462402344,31.613300294993678,29.951654400000002,-3.927403450012207,1710,26,4,1,NOMINAL_OUTSIDE_CERTIFIED_SET,42.18939971923828,OUTBOUND,-35.20945739746094,-0.014399984101813035,
0,40.60784149169922,1.573515772819519,2.119105577468872,2.074514865875244,31.626013742003124,29.939478,-3.8907718658447266,1711,26,5,1,NOMINAL_OUTSIDE_CERTIFIED_SET,161.26339721679688,OUTBOUND,-34.4559440612793,-0.01914119308193565,
0,40.98086929321289,1.5739917755126953,27.805421829223633,27.412975311279297,31.63858154200716,29.927265600000002,-3.9457759857177734,1712,26,6,1,NOMINAL_OUTSIDE_CERTIFIED_SET,26.765954971313477,OUTBOUND,-34.693607330322266,-0.026515450871577688,
0,40.1510124206543,1.5744688510894775,48.24555587768555,47.85600280761719,31.65192912699422,29.9150172,-3.9407389163970947,1713,26,7,1,NOMINAL_OUTSIDE_CERTIFIED_SET,60.22541809082031,OUTBOUND,-34.03213119506836,-0.03709689376176857,
0,40.74701690673828,1.5749458074569702,14.108297348022461,13.687532424926758,31.66529381700093,29.902732800000003,-3.9169368743896484,1714,26,8,1,NOMINAL_OUTSIDE_CERTIFIED_SET,147.05923461914062,OUTBOUND,-34.48137664794922,-0.0514467184999056,
0,41.382999420166016,1.5754249095916748,13.762091636657715,13.43722915649414,31.675168306013802,29.890424064,-3.9615209102630615,1715,26,9,1,INSUFFICIENT_RECOVERY_RESERVE,107.38916778564453,OUTBOUND,-35.10893630981445,-0.06309531550818258,
0,41.302001953125,1.5759022235870361,2.0186750888824463,1.7750555276870728,31.686335381004028,29.87814806784,-3.887930393218994,1716,26,10,1,INSUFFICIENT_RECOVERY_RESERVE,146.2413787841797,OUTBOUND,-34.90993118286133,-0.06729441950799557,
0,41.66626739501953,1.576381802558899,13.008464813232422,12.7699556350708,31.698765437002294,29.865882387840003,-3.964683771133423,1717,26,11,1,NOMINAL_OUTSIDE_CERTIFIED_SET,59.59600830078125,OUTBOUND,-35.16184616088867,-0.07767763811530756,
0,42.36623764038086,1.5768630504608154,0.8216918706893921,0.8237506151199341,31.78658391701174,29.853594979910405,-3.9553027153015137,1718,26,12,1,INSUFFICIENT_RECOVERY_RESERVE,46.560150146484375,OUTBOUND,-35.779693603515625,-0.0883851237966384,
0,42.17203140258789,1.5773444175720215,13.272186279296875,13.2098388671875,31.799728554004105,29.841320227910405,-3.9300904273986816,1719,26,13,1,NOMINAL_OUTSIDE_CERTIFIED_SET,48.38605880737305,OUTBOUND,-35.80118942260742,-0.09951574324514602,
0,42.619850158691406,1.5778261423110962,0.7084370255470276,0.7491308450698853,31.80979468600708,29.82902250595143,-3.935163736343384,1720,26,14,1,INSUFFICIENT_RECOVERY_RESERVE,30.966514587402344,OUTBOUND,-36.258277893066406,-0.11087893113773993,
1,42.61521530151367,1.5783087015151978,1.031612515449524,1.0798156261444092,31.82249588301056,29.816751727830376,-3.943387508392334,1721,26,15,0,,56.26877975463867,OUTBOUND,-36.31753921508789,-0.0885473933831227,
1,42.92411804199219,1.5787912607192993,0.9927136301994324,0.9442191123962402,31.83615154301515,29.80449023558141,-3.928576946258545,1722,26,16,0,,74.62565612792969,OUTBOUND,-36.69929122924805,-0.07695704097459884,
0,41.972801208496094,1.5792711973190308,5.007288455963135,4.790101051330566,31.849359309009742,29.792188578786387,-3.8755955696105957,1723,26,17,1,NOMINAL_OUTSIDE_CERTIFIED_SET,81.63053894042969,OUTBOUND,-35.9248046875,-0.10708754563198886,
0,42.41004943847656,1.5797513723373413,52.18108367919922,50.97706604003906,31.86190683802124,29.779872982026426,-3.930931806564331,1724,26,18,1,INSUFFICIENT_RECOVERY_RESERVE,285.447265625,OUTBOUND,-36.41054153442383,-0.12639800539169133,
0,42.486785888671875,1.5802322626113892,13.42721176147461,13.133455276489258,31.874838552001165,29.767573436309746,-3.9340415000915527,1725,26,19,1,NOMINAL_OUTSIDE_CERTIFIED_SET,86.86604309082031,OUTBOUND,-36.63138198852539,-0.144785506298477,
0,41.677513122558594,1.5807141065597534,13.529427528381348,13.435037612915039,31.88665341801243,29.755257030302694,-3.944580078125,1726,26,20,1,INSUFFICIENT_RECOVERY_RESERVE,18.83847999572754,OUTBOUND,-35.84343338012695,-0.1624907080049507,
0,41.41079330444336,1.5811957120895386,25.321006774902344,24.9831485748291,31.90335694499663,29.742974128860418,-3.9205992221832275,1727,26,21,1,INSUFFICIENT_RECOVERY_RESERVE,20.898603439331055,OUTBOUND,-35.596797943115234,-0.15572734483025422,
1,40.493499755859375,1.5816774368286133,13.864753723144531,13.927379608154297,31.922008462017402,29.730718225690627,-3.929921865463257,1728,26,22,0,,113.09498596191406,OUTBOUND,-34.5850715637207,-0.13062544924096434,
0,40.53693771362305,1.5821555852890015,38.042236328125,37.645084381103516,31.934246926015476,29.718433696499684,-3.853755235671997,1729,26,23,1,NOMINAL_OUTSIDE_CERTIFIED_SET,22.689477920532227,OUTBOUND,-34.6182975769043,-0.13547751145462528,
0,41.72627258300781,1.582635521888733,2.2549386024475098,2.0537052154541016,31.94636897399323,29.706125211333266,-3.9517288208007812,1730,26,24,1,NOMINAL_OUTSIDE_CERTIFIED_SET,181.74525451660156,OUTBOUND,-35.42450714111328,-0.18761296754306817,
0,42.09431457519531,1.5831153392791748,2.2238101959228516,1.8821635246276855,31.956338935997337,29.693802347507926,-3.9200992584228516,1731,26,25,1,INSUFFICIENT_RECOVERY_RESERVE,176.79859924316406,OUTBOUND,-35.69256591796875,-0.2082346301254799,
0,41.766700744628906,1.583595871925354,2.326775312423706,2.0607028007507324,31.96792335002101,29.68151369023407,-3.9346535205841064,1732,26,26,1,INSUFFICIENT_RECOVERY_RESERVE,150.2098388671875,OUTBOUND,-35.35090637207031,-0.1964484175341495,
0,41.91594696044922,1.5840775966644287,25.12017059326172,24.845434188842773,31.98016010300489,29.669235950215313,-3.94514799118042,1733,26,27,1,NOMINAL_OUTSIDE_CERTIFIED_SET,21.896263122558594,OUTBOUND,-35.5237922668457,-0.21455742336312406,
0,41.973541259765625,1.5845613479614258,1.7109832763671875,1.4563560485839844,31.990200503001688,29.656942166055824,-3.9638001918792725,1734,26,28,1,INSUFFICIENT_RECOVERY_RESERVE,110.9649887084961,OUTBOUND,-35.460960388183594,-0.2317162056030989,
0,42.553062438964844,1.5850433111190796,38.602848052978516,38.58282470703125,32.0793094880064,29.644661483598995,-3.8932383060455322,1735,26,29,1,NOMINAL_OUTSIDE_CERTIFIED_SET,145.25341796875,OUTBOUND,-36.21654510498047,-0.24735964350833345,
0,42.28804016113281,1.585525631904602,0.8616049289703369,0.9012866020202637,32.090445936017204,29.632353415945694,-3.9298715591430664,1736,26,30,1,INSUFFICIENT_RECOVERY_RESERVE,20.305850982666016,OUTBOUND,-35.964195251464844,-0.26227157740387763,
0,43.316932678222656,1.586006999015808,13.585492134094238,13.54033088684082,32.104874117998406,29.62006128521726,-3.9042677879333496,1737,26,31,1,NOMINAL_OUTSIDE_CERTIFIED_SET,82.67729187011719,OUTBOUND,-37.04655838012695,-0.2759012629563588,
0,42.71981430053711,1.5864863395690918,12.047718048095703,11.827042579650879,32.116047627001535,29.607741823210315,-3.884979009628296,1738,26,32,1,INSUFFICIENT_RECOVERY_RESERVE,64.11830139160156,OUTBOUND,-36.51446533203125,-0.28897279924030433,
0,42.336151123046875,1.5869680643081665,13.857315063476562,13.704079627990723,32.12719718500739,29.595456190408672,-3.96258544921875,1739,26,33,1,INSUFFICIENT_RECOVERY_RESERVE,49.4642333984375,OUTBOUND,-36.20729064941406,-0.26740612827195415,
0,42.232666015625,1.5874508619308472,26.743703842163086,26.17076873779297,32.14023462499608,29.583181865562135,-3.9449214935302734,1740,26,34,1,NOMINAL_OUTSIDE_CERTIFIED_SET,102.71292114257812,OUTBOUND,-36.24673843383789,-0.2794674581009984,
0,42.30967712402344,1.5879324674606323,13.412508010864258,13.276408195495605,32.14984294801252,29.570883940654255,-3.8998188972473145,1741,26,35,1,INSUFFICIENT_RECOVERY_RESERVE,18.265975952148438,OUTBOUND,-36.356937408447266,-0.29106989063159244,
0,42.79454040527344,1.5884122848510742,12.949604034423828,12.793645858764648,32.1621229040029,29.558599822207963,-3.8866896629333496,1742,26,36,1,NOMINAL_OUTSIDE_CERTIFIED_SET,22.61968994140625,OUTBOUND,-36.788230895996094,-0.30202987741445986,
0,42.3035774230957,1.588894009590149,37.53896713256836,36.85967254638672,32.17337216300075,29.5462916734114,-3.9541146755218506,1743,26,37,1,INSUFFICIENT_RECOVERY_RESERVE,68.74047088623047,OUTBOUND,-36.37451934814453,-0.3126190562036076,
0,42.32957458496094,1.5893758535385132,13.37820053100586,13.289774894714355,32.18517809701734,29.533999492164025,-3.9245529174804688,1744,26,38,1,NOMINAL_OUTSIDE_CERTIFIED_SET,65.81497955322266,OUTBOUND,-36.28120422363281,-0.32274078063553036,
0,42.13612365722656,1.589858889579773,13.647236824035645,13.524025917053223,32.19850793201476,29.521682758867627,-3.9434328079223633,1745,26,39,1,INSUFFICIENT_RECOVERY_RESERVE,102.35747528076172,OUTBOUND,-35.89134216308594,-0.3325490901323182,
1,42.0172233581543,1.5903410911560059,2.032407760620117,1.7577427625656128,32.2138576740108,29.509395132418238,-3.908128499984741,1746,26,40,0,,173.37159729003906,OUTBOUND,-35.6984748840332,-0.29373209639308057,
1,42.456878662109375,1.590824842453003,13.730985641479492,13.322671890258789,32.225840769999195,29.497138471076656,-3.9519500732421875,1747,26,41,0,,90.53013610839844,OUTBOUND,-36.03987503051758,-0.2667410587590996,
0,42.3789176940918,1.591310739517212,14.038819313049316,13.648500442504883,32.31913540500682,29.484886992483247,-3.9646029472351074,1748,26,42,1,NOMINAL_OUTSIDE_CERTIFIED_SET,81.10212707519531,OUTBOUND,-35.74775314331055,-0.2894312567038215,
0,42.43083190917969,1.5917961597442627,1.6125144958496094,1.4110788106918335,32.33172233100049,29.472598738934646,-3.9178466796875,1749,26,43,1,NOMINAL_OUTSIDE_CERTIFIED_SET,96.68766021728516,OUTBOUND,-35.97842025756836,-0.3402948865401778,
0,43.30669021606445,1.5922822952270508,13.430404663085938,13.438657760620117,32.34413976201904,29.46028605605782,-3.9411535263061523,1750,26,44,1,INSUFFICIENT_RECOVERY_RESERVE,39.22846603393555,OUTBOUND,-36.774497985839844,-0.35100046538692475,
0,42.77713394165039,1.5927703380584717,13.338239669799805,13.355591773986816,32.356484809017275,29.44799063972087,-3.9663755893707275,1751,26,45,1,NOMINAL_OUTSIDE_CERTIFIED_SET,55.43907928466797,OUTBOUND,-36.37659454345703,-0.36129837144873267,
0,43.492774963378906,1.593256950378418,13.992055892944336,13.923091888427734,32.36828774100286,29.435670045076414,-3.901123285293579,1752,26,46,1,INSUFFICIENT_RECOVERY_RESERVE,105.7256088256836,OUTBOUND,-37.21200180053711,-0.3711282554621193,
0,42.95671463012695,1.593741536140442,1.267276644706726,1.3296763896942139,32.38234798799385,29.423384323336208,-3.8907015323638916,1753,26,47,1,NOMINAL_OUTSIDE_CERTIFIED_SET,46.54505920410156,OUTBOUND,-36.85526657104492,-0.3739853898160021,
0,43.41005325317383,1.5942230224609375,1.1737241744995117,1.1641255617141724,32.39271589301643,29.411068514848726,-3.865394115447998,1754,26,48,1,INSUFFICIENT_RECOVERY_RESERVE,59.33863067626953,OUTBOUND,-37.232688903808594,-0.37682160623570105,
1,43.27533721923828,1.5947041511535645,0.9267330765724182,0.9151527881622314,32.40541054401547,29.398789806712227,-3.910092353820801,1755,26,49,0,,40.01213836669922,OUTBOUND,-37.256195068359375,-0.38286329226331045,
1,43.98353958129883,1.595185399055481,13.85351276397705,13.370721817016602,32.417837422020966,29.386487754016322,-3.9170873165130615,1756,26,50,0,,105.6647720336914,OUTBOUND,-37.983238220214844,-0.3953218939247131,
0,43.16657638549805,1.595665454864502,0.7191449999809265,0.8406732082366943,32.42963626200799,29.37419728226429,-3.8957905769348145,1757,26,51,1,NOMINAL_OUTSIDE_CERTIFIED_SET,22.354293823242188,OUTBOUND,-37.169647216796875,-0.3750207626647776,
0,42.92210388183594,1.5961434841156006,0.9116066098213196,1.1162363290786743,32.44250359700527,29.361921966984184,-3.8745362758636475,1758,26,52,1,NOMINAL_OUTSIDE_CERTIFIED_SET,42.84516906738281,OUTBOUND,-36.93165588378906,-0.3517779893610792,
1,42.94715118408203,1.5966217517852783,13.650956153869629,13.515007019042969,32.534073774004355,29.349657677934825,-3.91247820854187,1759,26,53,0,,7.3173933029174805,OUTBOUND,-36.746612548828125,-0.33004990146346097,
0,42.438053131103516,1.597101092338562,49.623199462890625,48.91370391845703,32.54902997901081,29.337406778625574,-3.9340555667877197,1760,26,54,1,NOMINAL_OUTSIDE_CERTIFIED_SET,142.58966064453125,OUTBOUND,-36.421260833740234,-0.3023179206191897,
0,41.68901062011719,1.5975847244262695,25.13912582397461,24.761821746826172,32.56183472799603,29.325188750701578,-3.994225263595581,1761,26,55,1,NOMINAL_OUTSIDE_CERTIFIED_SET,35.799922943115234,OUTBOUND,-35.60474395751953,-0.26381363355513043,
0,43.129119873046875,1.5980693101882935,1.4751315116882324,1.1948870420455933,32.57449890000862,29.313003217346683,-3.935101270675659,1762,26,56,1,NOMINAL_OUTSIDE_CERTIFIED_SET,139.68988037109375,OUTBOUND,-36.9056396484375,-0.22622191867239777,
1,42.47825622558594,1.5985544919967651,26.461122512817383,26.130847930908203,32.5875098319957,29.30083695058254,-3.93575382232666,1763,26,57,0,,37.35736846923828,OUTBOUND,-36.25635528564453,-0.17977781770079468,
0,43.09608840942383,1.5990394353866577,13.597494125366211,13.169424057006836,32.60103340900969,29.288699062159075,-3.917828321456909,1764,26,58,1,NOMINAL_OUTSIDE_CERTIFIED_SET,92.53601837158203,OUTBOUND,-36.84584045410156,-0.13932758396018816,
0,42.837257385253906,1.599523663520813,13.791316032409668,13.44841480255127,32.62125983700389,29.276585497014388,-3.908327102661133,1765,26,59,1,NOMINAL_OUTSIDE_CERTIFIED_SET,76.15155029296875,OUTBOUND,-36.44996643066406,-0.11555456121602299,
0,43.32084274291992,1.6000093221664429,13.630900382995605,13.470515251159668,32.63985697700991,29.264494087578942,-3.947117805480957,1766,26,60,1,NOMINAL_OUTSIDE_CERTIFIED_SET,42.16738510131836,OUTBOUND,-36.879207611083984,-0.09410989866738351,
0,43.062923431396484,1.6004970073699951,4.827730655670166,4.685249328613281,32.65918352900189,29.252420396420526,-3.96050763130188,1767,26,61,1,NOMINAL_OUTSIDE_CERTIFIED_SET,53.938148498535156,FAILURE,-36.487571716308594,-0.07517602384690243,
1,43.065311431884766,1.6009818315505981,17.38856315612793,17.1533145904541,32.68552213499788,29.987990946640142,-3.872471809387207,1768,27,1,0,,37.42428970336914,OUTBOUND,-36.61521911621094,-0.00280019821756079,
0,44.05194091796875,1.6014666557312012,0.7250937819480896,0.7898595333099365,32.7037108479999,29.975927443878856,-3.921625852584839,1769,27,2,1,NOMINAL_OUTSIDE_CERTIFIED_SET,4.196887969970703,OUTBOUND,-37.6959114074707,0.0023428304686734457,
0,43.8902473449707,1.601954460144043,0.9942213296890259,1.121059536933899,32.71610507500009,29.963864019964795,-3.9753551483154297,1770,27,3,1,NOMINAL_OUTSIDE_CERTIFIED_SET,11.177760124206543,OUTBOUND,-37.417293548583984,-0.001718302087080724,
0,44.073387145996094,1.602442979812622,0.9582569599151611,1.0017558336257935,32.72851169400383,29.95176835909343,-3.9389281272888184,1771,27,4,1,NOMINAL_OUTSIDE_CERTIFIED_SET,40.15662384033203,OUTBOUND,-37.70520782470703,-0.00566390961845984,
0,43.57084655761719,1.6029322147369385,14.874322891235352,14.643802642822266,32.74017947202083,29.939639721751714,-3.9419567584991455,1772,27,5,1,NOMINAL_OUTSIDE_CERTIFIED_SET,95.81847381591797,OUTBOUND,-37.40365982055664,-0.01015983641930595,
0,43.66798400878906,1.6034204959869385,27.6568660736084,27.0679988861084,32.75263124401681,29.92747745407487,-3.9099369049072266,1773,27,6,1,NOMINAL_OUTSIDE_CERTIFIED_SET,148.50889587402344,OUTBOUND,-37.63495635986328,-0.015873897100773034,
0,43.7606315612793,1.603910207748413,38.88807678222656,37.93564987182617,32.77067059199908,29.91528057304375,-3.954221248626709,1774,27,7,1,NOMINAL_OUTSIDE_CERTIFIED_SET,188.04141235351562,OUTBOUND,-37.72402572631836,-0.023470133237813648,
1,43.27656936645508,1.6044009923934937,13.95244026184082,13.781603813171387,32.79005906099337,29.903075453363314,-3.945525646209717,1775,27,8,0,,21.088834762573242,OUTBOUND,-37.32826614379883,-0.023925073953157808,
0,43.115535736083984,1.604892611503601,1.4830904006958008,1.6590112447738647,32.892614682001295,29.890824576707285,-3.9484026432037354,1776,27,9,1,NOMINAL_OUTSIDE_CERTIFIED_SET,67.21208190917969,OUTBOUND,-37.08164978027344,-0.028209029788203267,
1,42.73958969116211,1.6053839921951294,26.962528228759766,26.668821334838867,32.91141894800239,29.8785670810141,-3.927717447280884,1777,27,10,0,,9.36605453491211,OUTBOUND,-36.656455993652344,-0.057193371114052254,
0,43.67240905761719,1.6058728694915771,1.0355565547943115,1.021422028541565,32.927174654992996,29.866275880947974,-3.880305767059326,1778,27,11,1,NOMINAL_OUTSIDE_CERTIFIED_SET,120.47447967529297,OUTBOUND,-37.510047912597656,-0.08243943466799182,
0,43.5944709777832,1.6063604354858398,1.3561238050460815,1.2372748851776123,32.93825746400398,29.853970611561934,-3.902174234390259,1779,27,12,1,INSUFFICIENT_RECOVERY_RESERVE,129.00099182128906,OUTBOUND,-37.20844268798828,-0.08940021300882818,
1,43.050048828125,1.6068477630615234,14.78046989440918,14.629997253417969,32.95137903600698,29.841699690520873,-3.9174437522888184,1780,27,13,0,,69.37060546875,OUTBOUND,-36.62015151977539,-0.07394512750005357,
0,43.400108337402344,1.6073344945907593,13.78604507446289,13.607043266296387,32.9645514950098,29.829416744115502,-3.90942120552063,1781,27,14,1,NOMINAL_OUTSIDE_CERTIFIED_SET,33.193031311035156,OUTBOUND,-37.00481033325195,-0.07056475093899003,
0,43.306968688964844,1.6078245639801025,14.681262969970703,14.579052925109863,32.974551919993246,29.817120686321218,-3.986459970474243,1782,27,15,1,INSUFFICIENT_RECOVERY_RESERVE,29.083328247070312,OUTBOUND,-36.80162048339844,-0.08485944061187956,
0,43.89060974121094,1.6083149909973145,0.9140974879264832,0.8683831691741943,32.98824547600816,29.804837396699412,-3.9334983825683594,1783,27,16,1,NOMINAL_OUTSIDE_CERTIFIED_SET,52.81190872192383,OUTBOUND,-37.35724639892578,-0.09910488899813194,
0,43.49269104003906,1.6088043451309204,32.61902618408203,32.49618148803711,33.004425766004715,29.792537968035717,-3.9055027961730957,1784,27,17,1,INSUFFICIENT_RECOVERY_RESERVE,141.02420043945312,OUTBOUND,-37.15476608276367,-0.11322889136439236,
1,43.85043716430664,1.6092945337295532,28.296852111816406,28.142536163330078,33.024493168020854,29.78028269113773,-3.9414896965026855,1785,27,18,0,,142.7118377685547,OUTBOUND,-37.55097961425781,-0.12288301335064664,
1,44.37096405029297,1.6097846031188965,0.6389076113700867,0.6672901511192322,33.03881278602057,29.768017464933727,-3.9243085384368896,1786,27,19,0,,34.030521392822266,OUTBOUND,-38.28321075439453,-0.15416065368329618,
0,44.19146728515625,1.6102739572525024,0.7600728869438171,0.8474966883659363,33.052891750994604,29.755710973541934,-3.9108920097351074,1787,27,20,1,NOMINAL_OUTSIDE_CERTIFIED_SET,11.496851921081543,OUTBOUND,-37.976226806640625,-0.18448323218163326,
0,44.44355773925781,1.6107687950134277,0.8243862390518188,0.9405822157859802,33.06534365701373,29.74338515301638,-4.030169486999512,1788,27,21,1,INSUFFICIENT_RECOVERY_RESERVE,17.644643783569336,OUTBOUND,-38.208553314208984,-0.19016672977638296,
0,43.68396759033203,1.611266016960144,1.1126123666763306,1.3509107828140259,33.16081024799496,29.73109379625866,-3.9794840812683105,1789,27,22,1,INSUFFICIENT_RECOVERY_RESERVE,56.94180679321289,OUTBOUND,-37.251441955566406,-0.18042505001691123,
0,44.03200149536133,1.611761212348938,14.263052940368652,14.074934959411621,33.17443317102152,29.71881384015202,-3.9017162322998047,1790,27,23,1,NOMINAL_OUTSIDE_CERTIFIED_SET,37.89719772338867,OUTBOUND,-37.798309326171875,-0.18615228731193253,
0,44.94438934326172,1.6122580766677856,13.65185832977295,13.428791999816895,33.18533750800998,29.706514412388227,-3.9657256603240967,1791,27,24,1,INSUFFICIENT_RECOVERY_RESERVE,59.274085998535156,OUTBOUND,-38.87602233886719,-0.19247440653551529,
1,44.605308532714844,1.6127510070800781,14.184249877929688,14.013365745544434,33.1991005029995,29.694256374658025,-3.8600544929504395,1792,27,25,0,,29.360471725463867,OUTBOUND,-38.57609558105469,-0.19522288679335484,
0,44.333492279052734,1.6132419109344482,0.8289652466773987,0.8593108654022217,33.21146677900106,29.68196117135386,-3.893883466720581,1793,27,26,1,NOMINAL_OUTSIDE_CERTIFIED_SET,64.79361724853516,OUTBOUND,-38.206886291503906,-0.21434710829491352,
0,43.642818450927734,1.6137335300445557,38.74958038330078,38.18606948852539,33.22683629702078,29.66965198768654,-3.9381103515625,1794,27,27,1,INSUFFICIENT_RECOVERY_RESERVE,92.34150695800781,OUTBOUND,-37.57361602783203,-0.21881893341092226,
0,44.228477478027344,1.6142247915267944,1.2474030256271362,1.2062572240829468,33.24305410400848,29.657357284420492,-3.9180493354797363,1795,27,28,1,NOMINAL_OUTSIDE_CERTIFIED_SET,98.26614379882812,OUTBOUND,-37.94957733154297,-0.22477127098789595,
0,43.29582214355469,1.6147180795669556,1.9121880531311035,1.8723496198654175,33.25386792101199,29.645046048165124,-3.96634840965271,1796,27,29,1,INSUFFICIENT_RECOVERY_RESERVE,140.7488555908203,OUTBOUND,-36.84111022949219,-0.23121263813663226,
1,43.80014419555664,1.6152119636535645,14.456758499145508,14.264110565185547,33.26826177400653,29.632774286179234,-3.940272331237793,1797,27,30,0,,44.0662727355957,OUTBOUND,-37.444297790527344,-0.20804983091011603,
1,43.94687271118164,1.6157068014144897,28.112693786621094,27.914386749267578,33.28026484401198,29.620501994056244,-3.9459424018859863,1798,27,31,0,,42.40683364868164,OUTBOUND,-37.59441375732422,-0.1767996565068421,
0,44.618385314941406,1.6161996126174927,13.80920124053955,13.66127872467041,33.29244683901197,29.608189957842303,-3.895395278930664,1799,27,32,1,NOMINAL_OUTSIDE_CERTIFIED_SET,18.085561752319336,OUTBOUND,-38.407344818115234,-0.18789599274474827,
0,44.634010314941406,1.6166913509368896,14.456830024719238,14.316933631896973,33.37990499101579,29.59586565654389,-3.909067153930664,1800,27,33,1,INSUFFICIENT_RECOVERY_RESERVE,8.969902992248535,OUTBOUND,-38.120609283447266,-0.20894127265063042,
0,44.551666259765625,1.6171798706054688,0.7767239809036255,0.8391208648681641,33.391777583019575,29.583557602562855,-3.8602919578552246,1801,27,34,1,NOMINAL_OUTSIDE_CERTIFIED_SET,62.405517578125,OUTBOUND,-38.103004455566406,-0.22917265794948602,
0,44.94943618774414,1.6176683902740479,14.345657348632812,14.167884826660156,33.40288301502005,29.57123466669648,-3.919672966003418,1802,27,35,1,INSUFFICIENT_RECOVERY_RESERVE,32.5511474609375,OUTBOUND,-38.520484924316406,-0.24813279387633538,
0,44.87028503417969,1.6181572675704956,0.590228796005249,0.6134063601493835,33.41842784101027,29.55892914529778,-3.9260191917419434,1803,27,36,1,NOMINAL_OUTSIDE_CERTIFIED_SET,32.084312438964844,OUTBOUND,-38.41166305541992,-0.26611290913040775,
0,44.9392204284668,1.6186445951461792,0.6886357665061951,0.777539849281311,33.43368355400162,29.54660473638844,-3.889350652694702,1804,27,37,1,INSUFFICIENT_RECOVERY_RESERVE,15.056547164916992,OUTBOUND,-38.65568542480469,-0.2830002886239584,
0,44.74964904785156,1.619134783744812,0.8906279802322388,1.0023691654205322,33.44479501500609,29.53431469743014,-3.971573829650879,1805,27,38,1,INSUFFICIENT_RECOVERY_RESERVE,15.854923248291016,OUTBOUND,-38.32714080810547,-0.2621414886281702,
0,44.763038635253906,1.619627833366394,41.61222839355469,40.94852066040039,33.45674599101767,29.522036326872314,-3.974200963973999,1806,27,39,1,NOMINAL_OUTSIDE_CERTIFIED_SET,166.74208068847656,OUTBOUND,-38.453094482421875,-0.27804110903496204,
0,44.27976989746094,1.6201204061508179,28.293739318847656,27.912425994873047,33.46683898899937,29.509740380257224,-3.916426181793213,1807,27,40,1,INSUFFICIENT_RECOVERY_RESERVE,108.70565032958984,OUTBOUND,-38.17937088012695,-0.29299550380642,
0,44.57782745361328,1.6206135749816895,0.5788742899894714,0.6148383021354675,33.479687434999505,29.4974580771878,-3.93721866607666,1808,27,41,1,NOMINAL_OUTSIDE_CERTIFIED_SET,40.174076080322266,OUTBOUND,-38.375064849853516,-0.3070722824876686,
0,44.7689094543457,1.6211053133010864,14.207757949829102,14.033758163452148,33.48984838600154,29.48515433003321,-3.8966903686523438,1809,27,42,1,INSUFFICIENT_RECOVERY_RESERVE,7.490504264831543,OUTBOUND,-38.490142822265625,-0.32036140039761113,
1,43.354427337646484,1.6215969324111938,41.634681701660156,41.06130599975586,33.502398026001174,29.472885221881388,-3.923490047454834,1810,27,43,0,,79.35803985595703,OUTBOUND,-37.17184066772461,-0.33183394619178236,
0,44.463706970214844,1.6220868825912476,14.409356117248535,14.266194343566895,33.516745616012486,29.46057716386319,-3.8872265815734863,1811,27,44,1,INSUFFICIENT_RECOVERY_RESERVE,48.32401657104492,OUTBOUND,-38.28661346435547,-0.3416188408179431,
0,43.56766128540039,1.6225769519805908,14.53510570526123,14.424956321716309,33.532431619009,29.44828285153952,-3.923478603363037,1812,27,45,1,NOMINAL_OUTSIDE_CERTIFIED_SET,88.8021469116211,OUTBOUND,-37.17070007324219,-0.3471782304609764,
0,44.50788879394531,1.6230658292770386,25.91667366027832,25.46969223022461,33.54570557101397,29.43597153112735,-3.8958308696746826,1813,27,46,1,INSUFFICIENT_RECOVERY_RESERVE,11.478873252868652,OUTBOUND,-38.21432113647461,-0.3528467682854934,
1,44.258460998535156,1.6235514879226685,14.878808975219727,14.691810607910156,33.56467082499876,29.42370141364915,-3.8526341915130615,1814,27,47,0,,75.92845153808594,OUTBOUND,-37.86918258666992,-0.35405337130239434,
0,44.967132568359375,1.6240395307540894,4.91272497177124,4.695527076721191,33.57730818801792,29.411376441991063,-3.956965446472168,1815,27,48,1,NOMINAL_OUTSIDE_CERTIFIED_SET,90.11956787109375,OUTBOUND,-38.44081497192383,-0.3906634428142813,
0,44.90716552734375,1.6245280504226685,1.2289959192276,1.1524204015731812,33.58880521001993,29.399037937464527,-3.9233694076538086,1816,27,49,1,INSUFFICIENT_RECOVERY_RESERVE,102.29034423828125,OUTBOUND,-38.28396224975586,-0.3928733748687708,
1,43.76004409790039,1.6250163316726685,28.665725708007812,28.430435180664062,33.60094930900959,29.386746440113484,-3.910710096359253,1817,27,50,0,,40.6370964050293,OUTBOUND,-37.199127197265625,-0.3830043279844874,
0,44.11338806152344,1.625504493713379,44.43605041503906,43.88207244873047,33.69925353600411,29.37444144462487,-3.9095394611358643,1818,27,51,1,NOMINAL_OUTSIDE_CERTIFIED_SET,163.27938842773438,OUTBOUND,-37.75273513793945,-0.38994561430551977,
0,45.45025634765625,1.6259956359863281,14.80522346496582,14.7225923538208,33.7117797289975,29.362146469025642,-3.9723634719848633,1819,27,52,1,NOMINAL_OUTSIDE_CERTIFIED_SET,44.9146614074707,OUTBOUND,-39.176483154296875,-0.3822282488662981,
0,45.0544548034668,1.6264870166778564,0.9325686693191528,1.0177628993988037,33.72508472800837,29.349865206245386,-3.9226222038269043,1820,27,53,1,NOMINAL_OUTSIDE_CERTIFIED_SET,30.88766098022461,OUTBOUND,-38.749053955078125,-0.36418529044927994,
0,44.919193267822266,1.6269805431365967,14.304431915283203,14.141011238098145,33.73767837500782,29.337602116106357,-3.9573264122009277,1821,27,54,1,NOMINAL_OUTSIDE_CERTIFIED_SET,46.23549270629883,OUTBOUND,-38.74516677856445,-0.33876068593737385,
0,45.27648162841797,1.627474069595337,14.798685073852539,14.646960258483887,33.75200208299793,29.325356772316415,-3.926821708679199,1822,27,55,1,NOMINAL_OUTSIDE_CERTIFIED_SET,24.899734497070312,OUTBOUND,-38.95815658569336,-0.308482900753728,
1,44.73976135253906,1.627968192100525,1.1836152076721191,1.4109700918197632,33.76505623999401,29.31312993624145,-3.9301352500915527,1823,27,56,0,,62.99637222290039,OUTBOUND,-38.43148422241211,-0.2757584609978006,
0,44.53168869018555,1.628461241722107,15.04057788848877,14.957178115844727,33.777050933014834,29.300883798637994,-3.90687894821167,1824,27,57,1,NOMINAL_OUTSIDE_CERTIFIED_SET,11.297505378723145,OUTBOUND,-38.22681427001953,-0.24237798434569002,
0,45.67641830444336,1.6289551258087158,0.8021917343139648,0.9274696707725525,33.78957181001897,29.288673598818377,-3.933253288269043,1825,27,58,1,NOMINAL_OUTSIDE_CERTIFIED_SET,33.24348449707031,OUTBOUND,-39.27445983886719,-0.2089589351300042,
0,45.02656555175781,1.6294481754302979,1.1574152708053589,1.2973963022232056,33.80494037701283,29.276496607365832,-3.9087696075439453,1826,27,59,1,NOMINAL_OUTSIDE_CERTIFIED_SET,44.338157653808594,OUTBOUND,-38.537574768066406,-0.1768366780297474,
0,45.122413635253906,1.629941701889038,28.515165328979492,28.188356399536133,33.82516226900043,29.264347991269958,-3.929642677307129,1827,27,60,1,NOMINAL_OUTSIDE_CERTIFIED_SET,97.35662841796875,OUTBOUND,-38.76749038696289,-0.14686768775228332,
0,44.46643829345703,1.6304339170455933,15.22161865234375,15.17456340789795,33.83742851301213,29.252225874421256,-3.894829511642456,1828,27,61,1,NOMINAL_OUTSIDE_CERTIFIED_SET,10.10888671875,OUTBOUND,-38.206260681152344,-0.11961563536124152,
0,44.56737518310547,1.630925178527832,5.569897174835205,5.574747562408447,33.85045617699507,29.2401277936894,-3.9024972915649414,1829,27,62,1,NOMINAL_OUTSIDE_CERTIFIED_SET,6.622125148773193,OUTBOUND,-38.37419509887695,-0.095398742624174,
0,45.56694030761719,1.6314197778701782,14.771953582763672,14.608991622924805,33.93943890801165,29.228050976895936,-3.977631092071533,1830,27,63,1,NOMINAL_OUTSIDE_CERTIFIED_SET,26.108102798461914,FAILURE,-39.2507438659668,-0.07433748828557488,
0,45.61088562011719,1.6319149732589722,14.829240798950195,14.690731048583984,33.95744251800352,29.9879676,-3.934868335723877,1831,28,1,1,NOMINAL_OUTSIDE_CERTIFIED_SET,18.215213775634766,OUTBOUND,-39.332542419433594,-0.010144776818907505,
0,45.39873123168945,1.6324090957641602,0.9648173451423645,1.0355021953582764,33.97508941401611,29.9758992,-3.9035913944244385,1832,28,2,1,NOMINAL_OUTSIDE_CERTIFIED_SET,58.43533706665039,OUTBOUND,-39.01850509643555,-0.010487473575987347,
1,45.088130950927734,1.6329025030136108,14.032374382019043,13.841408729553223,33.989984918996925,29.96382076729114,-3.9071097373962402,1833,28,3,0,,17.55640411376953,OUTBOUND,-38.74053955078125,0.0004047912193098379,
0,45.29395294189453,1.6333945989608765,14.949723243713379,14.794246673583984,34.0030313070165,29.95171291640982,-3.8948793411254883,1834,28,4,1,NOMINAL_OUTSIDE_CERTIFIED_SET,20.895023345947266,OUTBOUND,-38.8600959777832,0.007462652041932171,
1,44.92634582519531,1.6338855028152466,1.3094958066940308,1.496910810470581,34.01544990800903,29.939599104209808,-3.8926568031311035,1835,28,5,0,,73.66192626953125,OUTBOUND,-38.48389434814453,-0.011997521749905786,
0,45.99945831298828,1.6343759298324585,15.050721168518066,14.940733909606934,34.029591121012345,29.927471013301876,-3.9047560691833496,1836,28,6,1,NOMINAL_OUTSIDE_CERTIFIED_SET,20.78685760498047,OUTBOUND,-39.48412322998047,-0.027429881668648393,
0,46.27531051635742,1.6348668336868286,0.5385469794273376,0.5439305901527405,34.04214825699455,29.915307977877692,-3.922959089279175,1837,28,7,1,NOMINAL_OUTSIDE_CERTIFIED_SET,31.544382095336914,OUTBOUND,-39.780521392822266,-0.029908130917798512,
0,46.22909164428711,1.6353577375411987,5.0299835205078125,4.894634246826172,34.05555824001203,29.90310991502744,-3.913175106048584,1838,28,8,1,NOMINAL_OUTSIDE_CERTIFIED_SET,31.61147117614746,OUTBOUND,-39.78476333618164,-0.034957283509101725,
1,46.055458068847656,1.635848879814148,14.934625625610352,14.771537780761719,34.0686234900204,29.890892905464494,-3.9177863597869873,1839,28,9,0,,71.17923736572266,OUTBOUND,-39.836517333984375,-0.019355823000370448,
0,45.864280700683594,1.636340618133545,4.990686893463135,4.871099948883057,34.08671850000974,29.878658295043817,-3.925236225128174,1840,28,10,1,NOMINAL_OUTSIDE_CERTIFIED_SET,14.656106948852539,OUTBOUND,-39.45986557006836,-0.01100534634478141,
0,45.44268798828125,1.6368327140808105,15.269270896911621,15.140833854675293,34.20183335201,29.866393378125796,-3.9213616847991943,1841,28,11,1,NOMINAL_OUTSIDE_CERTIFIED_SET,42.881019592285156,OUTBOUND,-39.242408752441406,-0.03418518238703477,
0,45.22708511352539,1.637326717376709,28.99212646484375,28.600635528564453,34.215875658002915,29.85409713432846,-3.949321746826172,1842,28,12,1,NOMINAL_OUTSIDE_CERTIFIED_SET,70.88787841796875,OUTBOUND,-38.998992919921875,-0.05931624601374582,
0,45.02421188354492,1.637824535369873,29.26959228515625,28.91468048095703,34.22762906001299,29.841780072989092,-3.9888508319854736,1843,28,13,1,INSUFFICIENT_RECOVERY_RESERVE,40.86603546142578,OUTBOUND,-38.74106979370117,-0.0753602296670114,
0,45.439613342285156,1.6383225917816162,1.37529718875885,1.5375229120254517,34.23844935500529,29.829496622578777,-3.9308021068573,1844,28,14,1,INSUFFICIENT_RECOVERY_RESERVE,122.23551940917969,OUTBOUND,-39.07174301147461,-0.07846901347533122,
0,45.3736572265625,1.6388227939605713,1.520255208015442,1.7075707912445068,34.250713921996066,29.81722434438083,-3.966407060623169,1845,28,15,1,NOMINAL_OUTSIDE_CERTIFIED_SET,143.81771850585938,OUTBOUND,-38.95098114013672,-0.0924883115152969,
0,46.030574798583984,1.6393197774887085,14.774151802062988,14.565610885620117,34.26188150700182,29.804933137004504,-3.8662755489349365,1846,28,16,1,INSUFFICIENT_RECOVERY_RESERVE,44.81135177612305,OUTBOUND,-39.646080017089844,-0.10641861852883504,
0,45.194454193115234,1.6398149728775024,15.51076602935791,15.409868240356445,34.27451373601798,29.792655140223665,-3.8910915851593018,1847,28,17,1,NOMINAL_OUTSIDE_CERTIFIED_SET,55.78145217895508,OUTBOUND,-38.6591911315918,-0.12001434279204201,
0,45.02299118041992,1.640305995941162,33.70685958862305,33.212623596191406,34.28464435500791,29.78035346599632,-3.8391246795654297,1848,28,18,1,INSUFFICIENT_RECOVERY_RESERVE,57.0932502746582,OUTBOUND,-38.685516357421875,-0.1335337277793398,
1,45.681312561035156,1.6407968997955322,1.2513940334320068,1.2381525039672852,34.29779629901168,29.768094893123752,-3.907135486602783,1849,28,19,0,,101.05992126464844,OUTBOUND,-39.26232147216797,-0.13943028488732412,
0,46.36100769042969,1.6412898302078247,15.450726509094238,15.304341316223145,34.30983921099687,29.755812260988264,-3.951798915863037,1850,28,20,1,NOMINAL_OUTSIDE_CERTIFIED_SET,18.84665298461914,OUTBOUND,-39.7314338684082,-0.16001907092507708,
0,45.8626823425293,1.6417802572250366,15.635421752929688,15.586494445800781,34.32548166799825,29.743507971042824,-3.863356828689575,1851,28,21,1,INSUFFICIENT_RECOVERY_RESERVE,19.981781005859375,OUTBOUND,-39.338409423828125,-0.17014102334454295,
1,45.67981719970703,1.6422691345214844,1.0504708290100098,1.0803766250610352,34.338157948019216,29.73123235506703,-3.8823280334472656,1852,28,22,0,,51.20662307739258,OUTBOUND,-39.13258743286133,-0.18543729106261528,
0,46.38890075683594,1.6427586078643799,15.420909881591797,15.26777172088623,34.35140776701155,29.71893792167372,-3.912794589996338,1853,28,23,1,NOMINAL_OUTSIDE_CERTIFIED_SET,65.92718505859375,OUTBOUND,-40.00191879272461,-0.21220961888952355,
0,45.6361083984375,1.6432468891143799,30.347890853881836,30.026029586791992,34.367726971016964,29.706630588905316,-3.887641429901123,1854,28,24,1,INSUFFICIENT_RECOVERY_RESERVE,129.54629516601562,OUTBOUND,-39.41401672363281,-0.21391859045873532,
1,46.51570510864258,1.6437333822250366,0.8913445472717285,0.9883954524993896,34.3878869000182,29.694338585652886,-3.868593692779541,1855,28,25,0,,23.154422760009766,OUTBOUND,-40.34529113769531,-0.21129286760583849,
0,46.28270721435547,1.6442222595214844,0.8715840578079224,1.010081171989441,34.40494620500249,29.682057282199477,-3.945723533630371,1856,28,26,1,NOMINAL_OUTSIDE_CERTIFIED_SET,9.796283721923828,OUTBOUND,-39.9876708984375,-0.22041988866735118,
1,45.61594772338867,1.6447094678878784,15.572820663452148,15.41523551940918,34.41819147701608,29.669787093206608,-3.8730521202087402,1857,28,27,0,,18.06783676147461,OUTBOUND,-39.32072448730469,-0.2301145450684906,
0,45.77619171142578,1.6452031135559082,15.526269912719727,15.365320205688477,34.43022868101252,29.65748615214422,-4.0211501121521,1858,28,28,1,NOMINAL_OUTSIDE_CERTIFIED_SET,13.643852233886719,OUTBOUND,-39.358863830566406,-0.2415646753599829,
0,46.442543029785156,1.6456985473632812,1.031830072402954,1.2293334007263184,34.5163323150191,29.645176934279764,-3.945368766784668,1859,28,29,1,INSUFFICIENT_RECOVERY_RESERVE,57.04460525512695,OUTBOUND,-39.97298812866211,-0.24155521173010028,
0,45.01934814453125,1.6461986303329468,58.5080680847168,57.6287956237793,34.53639042301802,29.63288162202098,-4.00555944442749,1860,28,30,1,NOMINAL_OUTSIDE_CERTIFIED_SET,168.82106018066406,OUTBOUND,-38.7725830078125,-0.24391684733633745,
0,45.01100540161133,1.6467018127441406,29.996171951293945,29.594512939453125,34.55198249901878,29.62057347041883,-3.982008695602417,1861,28,31,1,INSUFFICIENT_RECOVERY_RESERVE,23.05095100402832,OUTBOUND,-38.61665344238281,-0.24715368664876797,
1,46.66675567626953,1.6472070217132568,1.1495050191879272,1.1792575120925903,34.57331238000188,29.608296968959028,-3.9667463302612305,1862,28,32,0,,104.34403228759766,OUTBOUND,-40.143333435058594,-0.22089116206005127,
0,45.46027374267578,1.6477102041244507,6.132148265838623,6.046218395233154,34.5867250339943,29.596022722686676,-3.8968889713287354,1863,28,33,1,NOMINAL_OUTSIDE_CERTIFIED_SET,86.66423034667969,OUTBOUND,-38.89543533325195,-0.22011887875422279,
0,45.91887283325195,1.6482150554656982,29.508140563964844,29.1094970703125,34.59935893799411,29.58372536392316,-3.959305763244629,1864,28,34,1,INSUFFICIENT_RECOVERY_RESERVE,24.202159881591797,OUTBOUND,-39.485294342041016,-0.22973242476237113,
0,46.009403228759766,1.648719072341919,15.94040584564209,15.702552795410156,34.612704838014906,29.571441430130566,-3.9196252822875977,1865,28,35,1,NOMINAL_OUTSIDE_CERTIFIED_SET,61.10115432739258,OUTBOUND,-39.32427215576172,-0.24066497205020962,
0,46.779842376708984,1.649225115776062,1.077831745147705,1.0336432456970215,34.623551213997416,29.55913302314521,-3.966218948364258,1866,28,36,1,INSUFFICIENT_RECOVERY_RESERVE,70.86768341064453,OUTBOUND,-40.247039794921875,-0.25140212674118984,
1,47.011497497558594,1.6497299671173096,15.228119850158691,15.07326889038086,34.637738666002406,29.546870230553246,-3.911712169647217,1867,28,37,0,,24.83140754699707,OUTBOUND,-40.46388244628906,-0.24215062229754156,
0,46.68265151977539,1.6502307653427124,15.689948081970215,15.593564987182617,34.65526219800813,29.534564734822776,-3.855926513671875,1868,28,38,1,NOMINAL_OUTSIDE_CERTIFIED_SET,21.727542877197266,OUTBOUND,-40.22289276123047,-0.2649708374131984,
0,46.04814147949219,1.6507295370101929,20.093311309814453,19.751604080200195,34.665139930002624,29.522239607161683,-3.8877811431884766,1869,28,39,1,INSUFFICIENT_RECOVERY_RESERVE,60.2125244140625,OUTBOUND,-39.67573547363281,-0.27779650838402126,
0,46.70484161376953,1.651229739189148,0.9009746313095093,1.0413330793380737,34.6779551320069,29.509932783186116,-3.9436988830566406,1870,28,40,1,NOMINAL_OUTSIDE_CERTIFIED_SET,20.38958168029785,OUTBOUND,-40.2750129699707,-0.2909753845289686,
0,45.794803619384766,1.6517277956008911,15.948274612426758,15.79310131072998,34.7750466580037,29.497604915594646,-3.8810226917266846,1871,28,41,1,INSUFFICIENT_RECOVERY_RESERVE,11.57396125793457,OUTBOUND,-39.410884857177734,-0.3035597827666641,
0,46.181339263916016,1.652225136756897,15.65694808959961,15.52639102935791,34.789799810008844,29.485311770304378,-3.9064760208129883,1872,28,42,1,INSUFFICIENT_RECOVERY_RESERVE,18.80000114440918,OUTBOUND,-39.80268096923828,-0.28012785499852416,
0,46.767208099365234,1.6527223587036133,0.9116904735565186,1.0504310131072998,34.80343416199321,29.473031059699075,-3.9130988121032715,1873,28,43,1,NOMINAL_OUTSIDE_CERTIFIED_SET,29.775053024291992,OUTBOUND,-40.34749984741211,-0.2931171732603452,
0,46.141441345214844,1.6532196998596191,16.103734970092773,15.97202205657959,34.81495729199378,29.460731206022388,-3.9176440238952637,1874,28,44,1,INSUFFICIENT_RECOVERY_RESERVE,10.830674171447754,OUTBOUND,-39.69641876220703,-0.30545388260382456,
1,46.00407409667969,1.6537162065505981,30.91457176208496,30.622833251953125,34.82802901600371,29.448469639721292,-3.8998095989227295,1875,28,45,0,,86.36631774902344,OUTBOUND,-39.660499572753906,-0.28137497998936634,
0,46.4470100402832,1.6542106866836548,16.005014419555664,15.910296440124512,34.84094900501077,29.436188513040584,-3.8761584758758545,1876,28,46,1,NOMINAL_OUTSIDE_CERTIFIED_SET,22.801679611206055,OUTBOUND,-40.155670166015625,-0.29667657897156957,
0,46.74456024169922,1.6547058820724487,29.634675979614258,29.22779083251953,34.853380045009544,29.423889887267958,-3.9217982292175293,1877,28,47,1,INSUFFICIENT_RECOVERY_RESERVE,115.04448699951172,OUTBOUND,-40.65961456298828,-0.3103594606867805,
0,45.80903625488281,1.6552010774612427,41.592376708984375,40.91185760498047,34.8686372860102,29.41160446081008,-3.9124486446380615,1878,28,48,1,NOMINAL_OUTSIDE_CERTIFIED_SET,83.30957794189453,OUTBOUND,-39.68125534057617,-0.3237719125714562,
0,45.65770721435547,1.6556971073150635,15.686542510986328,15.538475036621094,34.88556082602008,29.39929993636317,-3.924497604370117,1879,28,49,1,INSUFFICIENT_RECOVERY_RESERVE,88.53313446044922,OUTBOUND,-39.45138931274414,-0.33637087434968416,
0,46.10536193847656,1.6561939716339111,2.138714551925659,2.23353910446167,34.90074672902119,29.38702586613689,-3.92789626121521,1880,28,50,1,NOMINAL_OUTSIDE_CERTIFIED_SET,174.5450897216797,OUTBOUND,-39.77272033691406,-0.34214559252386123,
0,45.109867095947266,1.656690239906311,16.88022804260254,16.765369415283203,34.913819135021186,29.374743411507506,-3.901622772216797,1881,28,51,1,NOMINAL_OUTSIDE_CERTIFIED_SET,163.42225646972656,OUTBOUND,-38.614219665527344,-0.3728725643683597,
0,46.81501007080078,1.657184362411499,1.8245060443878174,1.758772611618042,34.925326059019426,29.362455894483663,-3.8710718154907227,1882,28,52,1,NO_GENERATOR_SET,168.080078125,OUTBOUND,-40.1744270324707,-0.3840569291456628,
0,47.06684875488281,1.6576788425445557,1.7636058330535889,1.6767072677612305,35.016236627998296,29.350169189095688,-3.915982961654663,1883,28,53,1,NOMINAL_OUTSIDE_CERTIFIED_SET,153.92672729492188,OUTBOUND,-40.35791778564453,-0.37982733529075086,
0,46.90046310424805,1.658172369003296,1.5482772588729858,1.512182354927063,35.02841294501559,29.337889705812472,-3.8872227668762207,1884,28,54,1,NOMINAL_OUTSIDE_CERTIFIED_SET,107.18199920654297,OUTBOUND,-40.094764709472656,-0.3639029204065405,
1,48.30010223388672,1.658668875694275,0.4599851369857788,0.43617212772369385,35.04151903200545,29.32562823043455,-3.9626688957214355,1885,28,55,0,,21.999113082885742,OUTBOUND,-41.398502349853516,-0.36749622058270487,
0,46.984619140625,1.6591676473617554,16.35781478881836,16.37565040588379,35.0602113410132,29.31332937222855,-3.952397108078003,1886,28,56,1,NOMINAL_OUTSIDE_CERTIFIED_SET,59.507530212402344,OUTBOUND,-40.20481872558594,-0.35729146498293424,
0,47.85732650756836,1.6596688032150269,16.591035842895508,16.649456024169922,35.081223929999396,29.301069877685148,-3.960270881652832,1887,28,57,1,NOMINAL_OUTSIDE_CERTIFIED_SET,119.52700805664062,OUTBOUND,-41.27079391479492,-0.30918117327511024,
0,47.595863342285156,1.6601697206497192,1.2569090127944946,1.4184637069702148,35.09576242099865,29.288849562233196,-3.9132308959960938,1888,28,58,1,NOMINAL_OUTSIDE_CERTIFIED_SET,63.16058349609375,OUTBOUND,-41.09666442871094,-0.26267780766613014,
1,47.475433349609375,1.6606744527816772,16.554115295410156,16.268644332885742,35.10982588000479,29.276677744268145,-3.987273693084717,1889,28,59,0,,151.54296875,OUTBOUND,-40.98904800415039,-0.2268295838343011,
0,47.69921112060547,1.6611801385879517,1.3123666048049927,1.2956591844558716,35.122862557007466,29.264487889680243,-3.9446237087249756,1890,28,60,1,NOMINAL_OUTSIDE_CERTIFIED_SET,67.68821716308594,OUTBOUND,-41.34098815917969,-0.19273007440904938,
0,47.4339485168457,1.661683201789856,16.7183780670166,16.27424430847168,35.13528412001324,29.25233866515675,-3.8790555000305176,1891,28,61,1,NOMINAL_OUTSIDE_CERTIFIED_SET,112.05360412597656,OUTBOUND,-41.368309020996094,-0.15297231163793634,
0,46.73777770996094,1.6621841192245483,31.24879264831543,30.548030853271484,35.14796811301494,29.240224119385253,-3.881101131439209,1892,28,62,1,NOMINAL_OUTSIDE_CERTIFIED_SET,104.14326477050781,OUTBOUND,-40.65317153930664,-0.1182058630268629,
1,47.01719665527344,1.6626880168914795,15.372085571289062,15.174116134643555,35.161872989992844,29.22813572936975,-3.9737462997436523,1893,28,63,0,,22.197107315063477,OUTBOUND,-40.876670837402344,-0.12343392951432679,
0,47.056610107421875,1.663195013999939,1.220957636833191,1.5234239101409912,35.175578579015564,29.216020348998278,-3.979534864425659,1894,28,64,1,NOMINAL_OUTSIDE_CERTIFIED_SET,128.3847198486328,OUTBOUND,-40.66398620605469,-0.12311972174230615,
0,46.884544372558594,1.6637016534805298,16.470111846923828,16.405948638916016,35.19060396400164,29.20394287330559,-3.9192702770233154,1895,28,65,1,NOMINAL_OUTSIDE_CERTIFIED_SET,124.51963806152344,FAILURE,-40.43514633178711,-0.08376034537711886,
1,46.6387939453125,1.6642082929611206,2.1976187229156494,2.200289249420166,35.20957175001968,29.98799603205229,-3.929227590560913,1896,29,1,0,,178.95193481445312,OUTBOUND,-39.95642852783203,-0.010422967412317434,
0,46.793209075927734,1.664717674255371,2.52958345413208,2.2813944816589355,35.22324213999673,29.975946542624413,-3.975897789001465,1897,29,2,1,NOMINAL_OUTSIDE_CERTIFIED_SET,185.18795776367188,OUTBOUND,-40.042049407958984,-0.010725034036180622,
0,47.145729064941406,1.6652294397354126,2.1242663860321045,1.780473232269287,35.23616195100476,29.963862743063746,-3.976703643798828,1898,29,3,1,NOMINAL_OUTSIDE_CERTIFIED_SET,145.69387817382812,OUTBOUND,-40.37730407714844,-0.011142417201542042,
0,46.23252868652344,1.6657392978668213,31.09992027282715,30.768003463745117,35.32315437300713,29.951744332209838,-3.9008073806762695,1899,29,4,1,NOMINAL_OUTSIDE_CERTIFIED_SET,26.706615447998047,OUTBOUND,-39.61138153076172,-0.012654775854371553,
1,47.67264175415039,1.666251540184021,16.28171157836914,16.172807693481445,35.33761334401788,29.939605068902164,-3.9778518676757812,1900,29,5,0,,28.31976318359375,OUTBOUND,-40.929134368896484,-0.03611970913220182,
1,47.9836540222168,1.666764497756958,1.1836243867874146,1.187911868095398,35.3585778340057,29.927423784991543,-3.9454126358032227,1901,29,6,0,,40.88962173461914,OUTBOUND,-41.32913589477539,-0.03714796407764013,
1,47.48712921142578,1.6672760248184204,16.488039016723633,16.501604080200195,35.378368047997355,29.915285426396483,-3.9147257804870605,1902,29,7,0,,72.57945251464844,OUTBOUND,-40.969879150390625,-0.00968675188215882,
0,48.790523529052734,1.6677870750427246,0.5982481241226196,0.6317033767700195,35.39849925501039,29.90311300657177,-3.923840045928955,1903,29,8,1,NOMINAL_OUTSIDE_CERTIFIED_SET,62.32970428466797,OUTBOUND,-42.33006286621094,-0.008994035346583997,
0,46.77870178222656,1.6682969331741333,14.569914817810059,14.255450248718262,35.412836063012946,29.89090566561069,-3.910132884979248,1904,29,9,1,NOMINAL_OUTSIDE_CERTIFIED_SET,76.10551452636719,OUTBOUND,-40.18524932861328,-0.02081743967333072,
0,48.028465270996094,1.668808937072754,16.34501838684082,15.868687629699707,35.42533126901253,29.87866341260135,-3.9716830253601074,1905,29,10,1,NOMINAL_OUTSIDE_CERTIFIED_SET,99.74793243408203,OUTBOUND,-41.650779724121094,-0.03512233345625564,
1,47.4351692199707,1.669318675994873,1.152907371520996,1.3967695236206055,35.43793762300629,29.866410126757284,-3.8919155597686768,1906,29,11,0,,37.49022674560547,OUTBOUND,-41.13459396362305,-0.03331151567275793,
0,47.432273864746094,1.6698269844055176,0.8496407270431519,1.0866445302963257,35.45281299101771,29.854130554084676,-3.902381658554077,1907,29,12,1,NOMINAL_OUTSIDE_CERTIFIED_SET,44.297264099121094,OUTBOUND,-41.21067810058594,-0.03647447607897618,
0,47.36973190307617,1.6703327894210815,1.1130238771438599,1.3734039068222046,35.4648128960107,29.841836494455784,-3.883303642272949,1908,29,13,1,INSUFFICIENT_RECOVERY_RESERVE,66.28939056396484,OUTBOUND,-40.818153381347656,-0.053059070561403236,
1,48.216712951660156,1.6708369255065918,5.693579196929932,5.554133415222168,35.4775300520123,29.82957643702225,-3.888655424118042,1909,29,14,0,,33.25994110107422,OUTBOUND,-41.89141082763672,-0.047013532098429296,
1,48.51272964477539,1.6713420152664185,0.5638597011566162,0.5686473250389099,35.49074942301377,29.817282049962767,-3.936753273010254,1910,29,15,0,,24.473796844482422,OUTBOUND,-41.943782806396484,-0.06660013310589258,
0,48.40876388549805,1.6718473434448242,0.5223830342292786,0.46292248368263245,35.50093887699768,29.804996259855987,-3.9260783195495605,1911,29,16,1,INSUFFICIENT_RECOVERY_RESERVE,32.559452056884766,OUTBOUND,-41.77680587768555,-0.09453450182394481,
0,47.17402267456055,1.6723525524139404,61.957576751708984,61.759490966796875,35.59827407202101,29.79272156518887,-3.919322967529297,1912,29,17,1,NOMINAL_OUTSIDE_CERTIFIED_SET,214.6233673095703,OUTBOUND,-40.72133255004883,-0.10947555523006391,
0,48.05699157714844,1.6728545427322388,16.07415008544922,15.984193801879883,35.61557694801013,29.78043057956349,-3.8580265045166016,1913,29,18,1,INSUFFICIENT_RECOVERY_RESERVE,34.101234436035156,OUTBOUND,-41.72385025024414,-0.1241803709306421,
0,47.531593322753906,1.673359751701355,16.79709815979004,16.579463958740234,35.63257325900486,29.768152573673902,-3.973236560821533,1914,29,19,1,NOMINAL_OUTSIDE_CERTIFIED_SET,36.639060974121094,OUTBOUND,-41.23812484741211,-0.1382678083942006,
0,46.92741394042969,1.6738651990890503,31.710796356201172,31.442625045776367,35.644917860015994,29.75585029553327,-3.924051284790039,1915,29,20,1,INSUFFICIENT_RECOVERY_RESERVE,25.757644653320312,OUTBOUND,-40.61111068725586,-0.15217264549740694,
0,47.136024475097656,1.674370527267456,16.681596755981445,16.47461700439453,35.65827196399914,29.743563348281807,-3.9165172576904297,1916,29,21,1,NOMINAL_OUTSIDE_CERTIFIED_SET,55.929996490478516,OUTBOUND,-40.854591369628906,-0.16553443700481668,
0,47.28529357910156,1.6748771667480469,16.739154815673828,16.663726806640625,35.67046894002124,29.731249446230567,-3.944148063659668,1917,29,22,1,INSUFFICIENT_RECOVERY_RESERVE,58.09623718261719,OUTBOUND,-40.761871337890625,-0.17874689649066675,
0,47.12648391723633,1.6753848791122437,1.590649127960205,1.8874765634536743,35.6822415550123,29.71896879886025,-3.9390673637390137,1918,29,23,1,INSUFFICIENT_RECOVERY_RESERVE,127.51725006103516,OUTBOUND,-40.507057189941406,-0.17020239506221854,
0,47.08441925048828,1.6758935451507568,31.48679542541504,31.127742767333984,35.69806076900568,29.706698871187648,-3.9416754245758057,1919,29,24,1,NOMINAL_OUTSIDE_CERTIFIED_SET,24.255348205566406,OUTBOUND,-40.51824188232422,-0.18205423306345267,
0,47.03776550292969,1.6764062643051147,32.086334228515625,31.716947555541992,35.71316246999777,29.69440538740193,-3.998887300491333,1920,29,25,1,INSUFFICIENT_RECOVERY_RESERVE,45.169647216796875,OUTBOUND,-40.40118408203125,-0.19380309618365332,
1,48.31826400756836,1.676923155784607,0.710209846496582,0.8134379982948303,35.72842927702004,29.682153728515203,-4.010419845581055,1921,29,26,0,,54.85599899291992,OUTBOUND,-41.578857421875,-0.19050451040177535,
0,48.814056396484375,1.6774414777755737,0.5890476107597351,0.6294679045677185,35.74522427600459,29.66987363348903,-3.9624695777893066,1922,29,27,1,NOMINAL_OUTSIDE_CERTIFIED_SET,37.790428161621094,OUTBOUND,-42.19610595703125,-0.2094482276109676,
0,48.292137145996094,1.6779597997665405,48.39621353149414,47.80337905883789,35.759530392009765,29.65757393965093,-3.943747043609619,1923,29,28,1,INSUFFICIENT_RECOVERY_RESERVE,184.8751220703125,OUTBOUND,-41.808921813964844,-0.2195115124294323,
0,48.73738098144531,1.6784790754318237,6.0516862869262695,5.935625076293945,35.85159378699609,29.645287974662857,-3.9580788612365723,1924,29,29,1,NOMINAL_OUTSIDE_CERTIFIED_SET,38.387596130371094,OUTBOUND,-42.27997970581055,-0.22965069060894167,
0,47.63098907470703,1.6789964437484741,16.561763763427734,16.375368118286133,35.86553751901374,29.63298121199413,-3.90838885307312,1925,29,30,1,INSUFFICIENT_RECOVERY_RESERVE,23.691312789916992,OUTBOUND,-41.35491943359375,-0.23976456150810121,
0,48.13050842285156,1.6795144081115723,0.9297675490379333,0.9064293503761292,35.884528104012134,29.620690013481624,-3.9486091136932373,1926,29,31,1,NOMINAL_OUTSIDE_CERTIFIED_SET,84.30301666259766,OUTBOUND,-41.540077209472656,-0.24999229639130896,
0,48.738407135009766,1.6800295114517212,0.6622561812400818,0.6745118498802185,35.90148098699865,29.608376746453093,-3.88576078414917,1927,29,32,1,INSUFFICIENT_RECOVERY_RESERVE,36.767330169677734,OUTBOUND,-42.23619842529297,-0.2601460626482053,
1,48.27079772949219,1.680540680885315,31.476449966430664,31.067476272583008,35.91558624300524,29.596110770486153,-3.8644306659698486,1928,29,33,0,,88.3479995727539,OUTBOUND,-41.89774703979492,-0.25824053469961095,
0,48.11721420288086,1.6810526847839355,16.88732147216797,16.719341278076172,35.92558303900296,29.58382251863344,-3.9422857761383057,1929,29,34,1,INSUFFICIENT_RECOVERY_RESERVE,11.694082260131836,OUTBOUND,-41.68962097167969,-0.25637562316831325,
0,47.96250915527344,1.6815651655197144,20.580278396606445,20.14994239807129,35.938017581996974,29.57154667452405,-3.935922384262085,1930,29,35,1,NOMINAL_OUTSIDE_CERTIFIED_SET,22.969058990478516,OUTBOUND,-41.47730255126953,-0.26650288298765634,
0,48.6778678894043,1.682076096534729,0.8034285306930542,0.9159872531890869,35.94824271000107,29.559248555634767,-3.899531126022339,1931,29,36,1,INSUFFICIENT_RECOVERY_RESERVE,75.90423583984375,OUTBOUND,-42.27638244628906,-0.27646479156301507,
1,48.557350158691406,1.6825871467590332,1.144115924835205,1.3196114301681519,35.962191975006135,29.546980581272976,-3.9274277687072754,1932,29,37,0,,85.7108154296875,OUTBOUND,-41.861244201660156,-0.27441548084025513,
0,48.45782470703125,1.6830966472625732,16.65568733215332,16.449926376342773,35.974321795016294,29.534691164643764,-3.8973333835601807,1933,29,38,1,NOMINAL_OUTSIDE_CERTIFIED_SET,3.2575511932373047,OUTBOUND,-41.722442626953125,-0.29906588375499515,
0,48.22780227661133,1.6836029291152954,1.0078181028366089,1.0465888977050781,35.98412720300257,29.522389353868537,-3.8621373176574707,1934,29,39,1,INSUFFICIENT_RECOVERY_RESERVE,104.7574234008789,OUTBOUND,-41.50989532470703,-0.3031057781552522,
0,48.61968994140625,1.684109091758728,16.289716720581055,16.125722885131836,36.00339681201149,29.510100650927704,-3.916541337966919,1935,29,40,1,NOMINAL_OUTSIDE_CERTIFIED_SET,32.68359375,OUTBOUND,-41.93266296386719,-0.3082751821811318,
0,49.34862518310547,1.684614658355713,0.7274742126464844,0.8070879578590393,36.014303458010545,29.497796661929932,-3.901888132095337,1936,29,41,1,INSUFFICIENT_RECOVERY_RESERVE,10.17007064819336,OUTBOUND,-42.584312438964844,-0.3137427877748334,
1,48.92818832397461,1.6851199865341187,17.51245880126953,17.46949577331543,36.02802227900247,29.48550300238315,-3.910329818725586,1937,29,42,0,,83.62386322021484,OUTBOUND,-42.31636047363281,-0.30027003053271084,
0,49.4661865234375,1.685624122619629,0.6391441226005554,0.6956278085708618,36.04190467699664,29.473221861790552,-3.8918051719665527,1938,29,43,1,NOMINAL_OUTSIDE_CERTIFIED_SET,20.030136108398438,OUTBOUND,-42.96052169799805,-0.3138876991212958,
0,48.9662971496582,1.6861319541931152,0.9307412505149841,1.0559797286987305,36.06266513001174,29.460916114535912,-3.9776830673217773,1939,29,44,1,NOMINAL_OUTSIDE_CERTIFIED_SET,18.83697509765625,OUTBOUND,-42.53403091430664,-0.34556559369207873,
0,48.533241271972656,1.6866402626037598,17.0927677154541,16.925710678100586,36.073735750018386,29.448596156009916,-3.927722930908203,1940,29,45,1,INSUFFICIENT_RECOVERY_RESERVE,59.44218826293945,OUTBOUND,-42.05152130126953,-0.34817637040355764,
1,49.0016975402832,1.6871516704559326,1.073140263557434,1.226379632949829,36.16118796900264,29.436322958223926,-3.9756109714508057,1941,29,46,0,,22.52243423461914,OUTBOUND,-42.419097900390625,-0.3407503066215337,
0,48.86253356933594,1.6876624822616577,0.9397493600845337,1.0483062267303467,36.17369130300358,29.424010814777795,-3.9123024940490723,1942,29,47,1,NOMINAL_OUTSIDE_CERTIFIED_SET,36.31886672973633,OUTBOUND,-42.331932067871094,-0.3657039244403451,
0,49.13445281982422,1.688178539276123,0.7858728170394897,0.9014232754707336,36.18340655401698,29.41168700444163,-4.016219139099121,1943,29,48,1,INSUFFICIENT_RECOVERY_RESERVE,52.15407943725586,OUTBOUND,-42.4617919921875,-0.3673839280642404,
0,48.24705123901367,1.6886979341506958,33.02910614013672,32.54671096801758,36.19572877002065,29.399390262962175,-3.9946815967559814,1944,29,49,1,NOMINAL_OUTSIDE_CERTIFIED_SET,94.65384674072266,OUTBOUND,-41.672996520996094,-0.36740915873691826,
0,49.033409118652344,1.6892175674438477,17.105573654174805,16.921140670776367,36.20651187299518,29.387073235541607,-3.942094564437866,1945,29,50,1,INSUFFICIENT_RECOVERY_RESERVE,42.305301666259766,OUTBOUND,-42.65691375732422,-0.36799810889096135,
0,49.064125061035156,1.689740777015686,5.926809310913086,5.771149158477783,36.21877469701576,29.37480401606078,-4.000975131988525,1946,29,51,1,NOMINAL_OUTSIDE_CERTIFIED_SET,15.271822929382324,OUTBOUND,-42.5707893371582,-0.35664694424880067,
1,48.537109375,1.6902598142623901,30.397319793701172,29.89010238647461,36.23268216502038,29.36251149964171,-3.869577407836914,1947,29,52,0,,49.02505111694336,OUTBOUND,-42.36347198486328,-0.34479864838313307,
0,49.27961730957031,1.6907799243927002,0.8801376819610596,0.8369327187538147,36.24719494799501,29.350238356517554,-3.955596446990967,1948,29,53,1,NOMINAL_OUTSIDE_CERTIFIED_SET,108.0201416015625,OUTBOUND,-42.73727798461914,-0.32489751080776474,
0,48.92021560668945,1.6912989616394043,1.4375659227371216,1.5061781406402588,36.263874779018806,29.337967306043538,-3.916043281555176,1949,29,54,1,NOMINAL_OUTSIDE_CERTIFIED_SET,120.45147705078125,OUTBOUND,-42.29010772705078,-0.31471335994774635,
0,48.3849983215332,1.6918164491653442,1.5355583429336548,1.580049753189087,36.27682301099412,29.325706122438316,-3.908353090286255,1950,29,55,1,NOMINAL_OUTSIDE_CERTIFIED_SET,116.45378875732422,OUTBOUND,-41.658164978027344,-0.2966485262033427,
0,48.81467819213867,1.6923348903656006,16.924013137817383,16.747373580932617,36.28923219800345,29.313461257185555,-3.9487977027893066,1951,29,56,1,NOMINAL_OUTSIDE_CERTIFIED_SET,7.944850444793701,OUTBOUND,-41.928955078125,-0.27314057709079365,
0,50.0811882019043,1.6928550004959106,0.5732384324073792,0.5262876749038696,36.30285691100289,29.30123744467505,-3.9654700756073,1952,29,57,1,NOMINAL_OUTSIDE_CERTIFIED_SET,33.377254486083984,OUTBOUND,-43.23131561279297,-0.24628395947815265,
0,48.707271575927734,1.693374514579773,17.21955680847168,17.10303497314453,36.31508419002057,29.289037652743815,-3.9239158630371094,1953,29,58,1,NOMINAL_OUTSIDE_CERTIFIED_SET,24.528928756713867,OUTBOUND,-41.904029846191406,-0.21782367358022636,
0,49.82268524169922,1.6938925981521606,0.715859055519104,0.764113187789917,36.41398668999318,29.276863243805025,-3.9123897552490234,1954,29,59,1,NOMINAL_OUTSIDE_CERTIFIED_SET,10.65943717956543,OUTBOUND,-43.07489776611328,-0.18916178736757927,
1,48.806400299072266,1.6944113969802856,66.885986328125,66.065673828125,36.433801197999856,29.264708276522335,-3.9429123401641846,1955,29,60,0,,294.98614501953125,OUTBOUND,-42.220699310302734,-0.16712252530980526,
0,49.25,1.6949301958084106,31.536890029907227,30.906726837158203,36.448957971006166,29.252593348856877,-3.9332010746002197,1956,29,61,1,NOMINAL_OUTSIDE_CERTIFIED_SET,138.45603942871094,OUTBOUND,-42.71664810180664,-0.14494549480356395,
0,48.179447174072266,1.695446252822876,17.290971755981445,17.108562469482422,36.46256143701612,29.24050063031108,-3.8850595951080322,1957,29,62,1,NOMINAL_OUTSIDE_CERTIFIED_SET,42.083831787109375,OUTBOUND,-41.89120101928711,-0.11784571361043661,
0,49.20958709716797,1.6959623098373413,0.7850452661514282,0.9685202836990356,36.483268651005346,29.228425253753613,-3.9273681640625,1958,29,63,1,NOMINAL_OUTSIDE_CERTIFIED_SET,40.3965950012207,OUTBOUND,-42.819427490234375,-0.0938886052649114,
0,48.161720275878906,1.6964752674102783,34.00835418701172,33.54047393798828,36.497295475011924,29.216365413057893,-3.870089530944824,1959,29,64,1,NOMINAL_OUTSIDE_CERTIFIED_SET,69.8494644165039,FAILURE,-41.9728889465332,-0.07312988886799297,
0,48.62519836425781,1.6969914436340332,17.458576202392578,17.315000534057617,36.514443477994064,29.9879676,-3.9807393550872803,1960,30,1,1,NOMINAL_OUTSIDE_CERTIFIED_SET,13.799509048461914,OUTBOUND,-42.170860290527344,-0.010144776818907505,
0,48.62803268432617,1.6975077390670776,34.13938903808594,33.7538948059082,36.52639627299504,29.9758992,-3.929356813430786,1961,30,2,1,NOMINAL_OUTSIDE_CERTIFIED_SET,32.46219253540039,OUTBOUND,-42.313316345214844,-0.010487473575987347,
0,49.15193176269531,1.6980247497558594,17.46320915222168,17.318012237548828,36.53893666001386,29.963794800000002,-3.9402852058410645,1962,30,3,1,NOMINAL_OUTSIDE_CERTIFIED_SET,76.73208618164062,OUTBOUND,-42.58671951293945,-0.011710406835350273,
0,48.240257263183594,1.6985423564910889,17.84500503540039,17.625146865844727,36.550918242021,29.951654400000002,-3.937858819961548,1963,30,4,1,NOMINAL_OUTSIDE_CERTIFIED_SET,101.8757095336914,OUTBOUND,-41.56838607788086,-0.014399984101813035,
1,49.60374450683594,1.6990596055984497,1.4789810180664062,1.2992808818817139,36.56368774900329,29.93950749974283,-3.924577236175537,1964,30,5,0,,151.43106079101562,OUTBOUND,-42.82719802856445,-0.010067832849608232,
0,49.10102462768555,1.6995803117752075,17.312246322631836,16.960947036743164,36.65330513200024,29.927313278950045,-3.988157033920288,1965,30,6,1,NOMINAL_OUTSIDE_CERTIFIED_SET,76.41150665283203,OUTBOUND,-42.120811462402344,-0.00956261868226385,
0,49.31560516357422,1.7001008987426758,1.443495273590088,1.2802140712738037,36.665398437995464,29.915086483327926,-3.933696746826172,1966,30,7,1,NOMINAL_OUTSIDE_CERTIFIED_SET,118.7960205078125,OUTBOUND,-42.291587829589844,-0.022521801486111062,
1,49.9705810546875,1.7006208896636963,1.2244236469268799,1.2711113691329956,36.67854452400934,29.9028421468417,-3.9229965209960938,1967,30,8,0,,36.61883544921875,OUTBOUND,-43.015018463134766,-0.04385414463304043,
0,48.97976303100586,1.701135516166687,17.85498809814453,17.79178810119629,36.69081874200492,29.890588545529475,-3.833854913711548,1968,30,9,1,NOMINAL_OUTSIDE_CERTIFIED_SET,33.113922119140625,OUTBOUND,-42.02610397338867,-0.06204735346289111,
0,49.728755950927734,1.7016512155532837,67.9143295288086,67.37957000732422,36.703519885020796,29.87830446752752,-3.943946123123169,1969,30,10,1,NOMINAL_OUTSIDE_CERTIFIED_SET,309.37835693359375,OUTBOUND,-43.077274322509766,-0.07376584090456871,
0,49.87236404418945,1.7021689414978027,15.357260704040527,15.129243850708008,36.71338438100065,29.866002845722807,-3.9584507942199707,1970,30,11,1,INSUFFICIENT_RECOVERY_RESERVE,106.26709747314453,OUTBOUND,-43.39399719238281,-0.08246706630509915,
0,50.10654067993164,1.7026870250701904,18.194210052490234,17.978450775146484,36.724912826000946,29.85371563392454,-3.9346489906311035,1971,30,12,1,NOMINAL_OUTSIDE_CERTIFIED_SET,125.68131256103516,OUTBOUND,-43.58501434326172,-0.09180407677597334,
0,49.91592025756836,1.7032036781311035,6.421061992645264,6.162098407745361,36.73567997801001,29.841408820295683,-3.9025321006774902,1972,30,13,1,INSUFFICIENT_RECOVERY_RESERVE,61.24590301513672,OUTBOUND,-43.472110748291016,-0.10159898708250632,
0,48.854251861572266,1.703718900680542,50.588626861572266,49.43859100341797,36.74896483600605,29.829118080627673,-3.8972108364105225,1973,30,14,1,NOMINAL_OUTSIDE_CERTIFIED_SET,170.43954467773438,OUTBOUND,-42.54192352294922,-0.11198607342392075,
0,49.138404846191406,1.7042348384857178,34.26841735839844,33.640045166015625,36.75952175099519,29.816805511572817,-3.935563087463379,1974,30,15,1,INSUFFICIENT_RECOVERY_RESERVE,66.26579284667969,OUTBOUND,-43.0133056640625,-0.12270212506771719,
0,48.30906677246094,1.7047507762908936,1.8565229177474976,2.5212295055389404,36.77119416301139,29.804526090110407,-3.9236297607421875,1975,30,16,1,INSUFFICIENT_RECOVERY_RESERVE,154.93531799316406,OUTBOUND,-41.96079635620117,-0.12056982780968656,
0,48.78219223022461,1.7052662372589111,17.770994186401367,17.889131546020508,36.784624666004675,29.792257460584942,-3.9141950607299805,1976,30,17,1,NOMINAL_OUTSIDE_CERTIFIED_SET,110.757080078125,OUTBOUND,-42.43074035644531,-0.13049733549385706,
0,48.52638244628906,1.705777883529663,18.33853530883789,18.315340042114258,36.796111831004964,29.779966549036587,-3.8512799739837646,1977,30,18,1,INSUFFICIENT_RECOVERY_RESERVE,127.25289154052734,OUTBOUND,-41.99261474609375,-0.1406845461762745,
1,49.690025329589844,1.7062909603118896,2.1866745948791504,2.1435770988464355,36.809409406996565,29.76771698804678,-3.9399967193603516,1978,30,19,0,,178.8095703125,OUTBOUND,-42.937618255615234,-0.1437280371467945,
0,49.259361267089844,1.7068066596984863,18.04362678527832,17.786352157592773,36.82108248199802,29.755426032280713,-3.9648032188415527,1979,30,20,1,NOMINAL_OUTSIDE_CERTIFIED_SET,96.22879028320312,OUTBOUND,-42.3671989440918,-0.1645206219785735,
0,50.35369110107422,1.707324743270874,17.141706466674805,16.82318115234375,36.831127312005265,29.743108837001685,-3.965843915939331,1980,30,21,1,INSUFFICIENT_RECOVERY_RESERVE,49.70771789550781,OUTBOUND,-43.37770462036133,-0.1766536712995434,
0,49.06194305419922,1.7078421115875244,48.04643630981445,47.66141891479492,36.84217786701629,29.73082528702192,-3.9117679595947266,1981,30,22,1,INSUFFICIENT_RECOVERY_RESERVE,97.39937591552734,OUTBOUND,-42.31903839111328,-0.1685586009514765,
0,49.787139892578125,1.7083591222763062,1.3902417421340942,1.385676383972168,36.92974224599311,29.7185532748584,-3.9170103073120117,1982,30,23,1,NOMINAL_OUTSIDE_CERTIFIED_SET,57.490455627441406,OUTBOUND,-43.07843017578125,-0.18003647146504864,
0,50.04264450073242,1.7088756561279297,14.905497550964355,14.675163269042969,36.94099735200871,29.706258262727758,-3.9142491817474365,1983,30,24,1,INSUFFICIENT_RECOVERY_RESERVE,42.18579864501953,OUTBOUND,-43.290077209472656,-0.1914624873289585,
0,49.27294158935547,1.709390640258789,56.24747848510742,55.43418884277344,36.95354576400132,29.693977111255784,-3.8939743041992188,1984,30,25,1,NOMINAL_OUTSIDE_CERTIFIED_SET,208.50669860839844,OUTBOUND,-42.7838249206543,-0.2031984275517326,
0,49.911354064941406,1.7099061012268066,1.0820024013519287,1.2348418235778809,36.96353808400454,29.681672093893244,-3.924936294555664,1985,30,26,1,INSUFFICIENT_RECOVERY_RESERVE,42.54933547973633,OUTBOUND,-43.20582580566406,-0.21481352667160275,
1,50.71636962890625,1.7104209661483765,0.7438231706619263,0.841816782951355,36.976121465995675,29.6693998379092,-3.9090309143066406,1986,30,27,0,,18.20345115661621,OUTBOUND,-44.16536331176758,-0.20917532255093907,
0,50.72226333618164,1.7109382152557373,1.0126115083694458,1.1451267004013062,36.99373746701167,29.65712849428033,-3.961697816848755,1987,30,28,1,NOMINAL_OUTSIDE_CERTIFIED_SET,21.52458953857422,OUTBOUND,-44.16485595703125,-0.22610047853806675,
0,50.58781051635742,1.7114524841308594,0.7901365756988525,0.9355204105377197,37.00629664599546,29.644839601232658,-3.868180274963379,1988,30,29,1,INSUFFICIENT_RECOVERY_RESERVE,28.970226287841797,OUTBOUND,-43.97419357299805,-0.23466455874447242,
0,50.34824752807617,1.711966633796692,52.77560043334961,51.552005767822266,37.01911826300784,29.632563025513807,-3.913325548171997,1989,30,30,1,NOMINAL_OUTSIDE_CERTIFIED_SET,220.9250030517578,OUTBOUND,-43.81739807128906,-0.24384327082250867,
0,51.24611282348633,1.712484359741211,0.6588578224182129,0.7041422128677368,37.02956270199502,29.620265928443633,-3.981229305267334,1990,30,31,1,INSUFFICIENT_RECOVERY_RESERVE,19.747709274291992,OUTBOUND,-44.728065490722656,-0.25304841422711605,
1,50.53460693359375,1.7130026817321777,33.547752380371094,32.9416618347168,37.04921882599592,29.607992032791532,-3.9312186241149902,1991,30,32,0,,109.81391906738281,OUTBOUND,-43.98328399658203,-0.24362842027822057,
1,49.94880676269531,1.7135199308395386,17.124706268310547,16.914081573486328,37.068154833017616,29.595735448063976,-3.9038305282592773,1992,30,33,0,,9.255684852600098,OUTBOUND,-43.630733489990234,-0.22921276124714474,
0,49.78886413574219,1.7140378952026367,1.3652037382125854,1.3561577796936035,37.083212883007945,29.583499247616754,-3.9338443279266357,1993,30,34,1,NOMINAL_OUTSIDE_CERTIFIED_SET,115.4239501953125,OUTBOUND,-43.279170989990234,-0.2307395949380254,
1,49.42755889892578,1.7145586013793945,2.000908136367798,2.094971179962158,37.09549795501516,29.571230987693294,-3.969790458679199,1994,30,35,0,,130.9954376220703,OUTBOUND,-42.68354415893555,-0.24335832731977874,
0,50.08016586303711,1.7150797843933105,17.824663162231445,17.485919952392578,37.18803288802155,29.558975866432604,-3.9348745346069336,1995,30,36,1,NOMINAL_OUTSIDE_CERTIFIED_SET,55.35765838623047,OUTBOUND,-43.351341247558594,-0.25330883765292694,
0,49.41381072998047,1.7156009674072266,35.20734405517578,34.78355407714844,37.20154059201013,29.546695623485704,-3.9280405044555664,1996,30,37,1,NOMINAL_OUTSIDE_CERTIFIED_SET,18.559326171875,OUTBOUND,-42.70208740234375,-0.28394542414553786,
0,50.931827545166016,1.7161240577697754,0.9824431538581848,0.8983744382858276,37.21340742101893,29.5344030221864,-3.958369731903076,1997,30,38,1,INSUFFICIENT_RECOVERY_RESERVE,75.90420532226562,OUTBOUND,-44.231590270996094,-0.28909595977837255,
1,51.23103332519531,1.7166471481323242,0.8254095911979675,0.8344640135765076,37.2263441850082,29.522128687753483,-3.9305055141448975,1998,30,39,0,,56.30620193481445,OUTBOUND,-44.22732925415039,-0.251499400065482,
0,50.43695068359375,1.7171757221221924,35.142215728759766,34.75551223754883,37.24075755800004,29.509871322050177,-4.030951976776123,1999,30,40,1,NOMINAL_OUTSIDE_CERTIFIED_SET,103.26542663574219,OUTBOUND,-43.659217834472656,-0.24745657447109537,
0,51.281639099121094,1.717703938484192,17.784656524658203,17.574792861938477,37.254820884001674,29.497580075190623,-3.9296910762786865,2000,30,41,1,NOMINAL_OUTSIDE_CERTIFIED_SET,57.850189208984375,OUTBOUND,-44.65646743774414,-0.29288823391364427,
